  39.769   17.158    7.203
  39.488   15.843    7.321
  38.239   15.668    7.549
  37.560   16.743    7.612
  38.717   17.909    7.348
  37.817   18.421    7.479
  39.311   18.795    7.197
  37.838   14.738    7.669
  37.456   16.256    7.656
  20.179   25.640   11.290
  20.158   24.298   11.437
  21.348   23.823   11.400
  22.259   24.697   11.239
  21.383   26.109   11.151
  22.385   26.384   11.047
  20.999   27.112   11.070
  21.532   22.824   11.495
  22.251   24.200   11.293
   2.571   40.089   37.005
   1.938   39.772   35.856
   0.668   39.764   36.030
   0.296   40.048   37.214
   1.748   40.304   37.988
   1.006   40.456   38.707
   2.570   40.506   38.653
   0.022   39.545   35.272
   0.062   39.931   36.788
   6.550   17.229   19.374
   6.302   17.571   18.092
   7.016   16.868   17.293
   7.779   16.028   17.869
   7.439   16.285   19.477
   8.157   15.529   19.452
   7.357   16.304   20.551
   6.965   16.986   16.281
   7.687   16.154   17.394
  31.396    3.464   28.741
  30.247    4.036   29.158
  30.492    5.108   29.817
  31.729    5.386   29.929
  32.449    4.132   29.106
  33.228    4.738   29.447
  33.091    3.414   28.624
  29.745    5.679   30.213
  31.303    5.598   30.084
  48.037   20.574   38.161
  49.048   21.285   37.617
  49.214   20.963   36.388
  48.412   20.070   35.965
  47.492   19.752   37.314
  47.125   19.128   36.562
  46.799   19.412   38.066
  49.935   21.396   35.811
  48.787   20.333   35.763
  45.792   11.912   16.333
  46.344   12.722   17.261
  47.606   12.835   17.067
  48.047   12.177   16.070
  46.666   11.455   15.485
  47.441   11.144   14.859
  45.897   10.907   14.966
  48.195   13.408   17.671
  48.251   12.477   16.414
  22.032    2.238   20.298
  22.137    2.987   19.180
  23.362    3.079   18.814
  24.184    2.462   19.564
  23.183    1.803   20.719
  24.151    1.505   20.973
  22.708    1.301   21.545
  23.638    3.607   17.986
  24.223    2.739   19.150
   9.440   21.146   23.873
   9.698   21.433   25.167
   9.181   22.561   25.488
   8.557   23.143   24.544
   8.741   22.071   23.285
   8.182   22.866   22.906
   8.751   21.513   22.363
   9.272   22.946   26.428
   8.652   23.250   25.023
  49.112   30.762   31.113
  49.139   31.591   30.048
  49.621   30.991   29.023
  49.957   29.781   29.231
  49.574   29.578   30.838
  49.961   28.664   30.516
  49.396   29.256   31.850
  49.720   31.459   28.123
  49.967   30.088   28.836
   7.550   34.686   38.738
   6.276   34.296   38.516
   6.158   33.030   38.682
   7.236   32.439   39.010
   8.327   33.695   39.060
   8.865   32.836   39.310
   9.168   34.362   39.144
   5.266   32.552   38.558
   6.765   32.295   38.928
  34.995   28.800   18.794
  34.220   29.643   19.507
  33.129   29.890   18.882
  33.021   29.301   17.758
  34.450   28.453   17.665
  33.929   28.237   16.787
  35.302   27.840   17.425
  32.415   30.508   19.267
  32.734   29.614   18.022
  42.763   46.658   13.332
  42.784   45.313   13.442
  41.602   44.833   13.314
  40.698   45.706   13.117
  41.567   47.125   13.126
  40.573   47.397   12.964
  41.948   48.132   13.100
  41.420   43.831   13.368
  40.705   45.207   13.157
  21.290   11.804   23.122
  20.558   10.915   22.417
  19.700   11.521   21.682
  19.728   12.790   21.777
  20.947   13.035   22.883
  20.599   13.984   22.623
  21.694   13.393   23.571
  19.055   11.013   21.077
  19.457   12.461   21.516
   2.900   35.493   46.559
   1.677   36.055   46.465
   1.259   36.026   45.254
   2.068   35.489   44.431
   3.344   35.068   45.413
   3.608   34.763   44.450
   4.254   34.724   45.875
   0.351   36.407   44.988
   1.615   35.698   44.396
  43.958   45.637   29.946
  44.768   45.862   31.003
  45.984   45.591   30.704
  46.154   45.183   29.510
  44.605   45.209   28.903
  45.214   44.871   28.125
  43.690   45.158   28.337
  46.741   45.699   31.378
  46.454   45.266   29.902
  23.191    7.356   11.335
  22.312    7.777   12.269
  21.944    8.982   12.031
  22.475    9.499   10.996
  23.442    8.264   10.440
  23.576    9.057    9.774
  24.118    7.597    9.931
  21.281    9.471   12.631
  22.149    9.655   11.342
  19.183   45.024   34.274
  20.269   44.670   34.993
  20.230   43.422   35.282
  19.206   42.811   34.839
  18.380   44.025   34.056
  17.804   43.162   33.938
  17.708   44.664   33.507
  20.968   42.972   35.822
  19.608   42.680   35.105
  35.922    2.229   11.565
  34.576    2.332   11.579
  34.218    3.563   11.582
  35.184    4.392   11.572
  36.511    3.388   11.559
  36.887    4.362   11.554
  37.478    2.913   11.549
  33.236    3.838   11.592
  34.685    4.430   11.577
  26.866   41.654    7.271
  28.145   42.055    7.431
  28.192   43.298    7.738
  27.055   43.864    7.822
  26.013   42.616    7.466
  25.413   43.452    7.642
  25.192   41.949    7.263
  29.077   43.780    7.899
  27.529   44.012    7.881
  11.949   16.660   42.245
  13.051   15.890   42.116
  14.084   16.506   42.558
  13.850   17.673   43.008
  12.208   17.817   42.778
  12.518   18.715   43.211
  11.170   18.097   42.712
  15.011   16.081   42.544
  14.258   17.388   42.960
   8.863   13.128   14.396
   8.472   14.308   13.868
   7.210   14.305   13.644
   6.622   13.221   13.960
   7.876   12.295   14.544
   7.019   11.703   14.621
   8.542   11.553   14.951
   6.733   15.112   13.245
   6.477   13.658   13.765
  36.919   33.016   19.432
  38.199   32.588   19.405
  38.992   33.557   19.133
  38.414   34.677   18.954
  36.811   34.287   19.180
  36.832   35.308   18.967
  35.741   34.233   19.288
  40.001   33.425   19.069
  38.888   34.518   18.944
  21.425   17.962   22.570
  21.309   17.736   21.244
  22.461   17.534   20.720
  23.431   17.590   21.542
  22.659   17.919   22.979
  23.676   17.864   23.205
  22.348   18.129   23.988
  22.574   17.346   19.724
  23.388   17.506   21.051
  15.574   29.717   18.881
  16.229   30.898   18.882
  17.496   30.709   18.882
  17.847   29.486   18.882
  16.381   28.698   18.881
  17.110   27.951   18.882
  15.546   28.017   18.881
  18.156   31.487   18.882
  18.090   29.923   18.882
   3.481    6.898   33.142
   3.279    7.122   31.827
   4.188    6.550   31.127
   5.055    5.916   31.809
   4.533    6.168   33.369
   5.391    5.579   33.444
   4.357    6.217   34.430
   4.201    6.609   30.109
   4.980    5.999   31.322
  16.474   43.462   21.036
  16.760   44.321   22.037
  15.919   44.192   22.996
  15.026   43.307   22.797
  15.432   42.727   21.290
  14.588   42.189   21.589
  15.532   42.229   20.341
  15.975   44.759   23.841
  15.132   43.625   23.168
  37.787   40.221    6.189
  36.952   39.463    5.446
  37.014   38.236    5.811
  37.825   38.010    6.765
  38.436   39.527    7.076
  38.905   38.883    7.751
  38.941   40.413    7.423
  36.452   37.512    5.362
  37.516   37.729    6.490
   7.458   34.511   14.161
   6.426   34.547   15.031
   6.815   34.204   16.204
   8.051   33.915   16.285
   8.572   34.143   14.721
   9.411   33.840   15.263
   9.092   34.235   13.782
   6.173   34.172   16.995
   7.669   33.928   16.607
  24.285   35.359   24.397
  24.700   36.386   23.626
  24.875   37.439   24.335
  24.627   37.286   25.574
  24.169   35.688   25.649
  24.108   36.051   26.626
  23.850   34.690   25.898
  25.188   38.319   23.926
  24.780   37.667   25.289
   6.785    7.701    4.219
   6.800    6.711    5.136
   7.353    5.660    4.654
   7.755    5.780    3.452
   7.328    7.348    3.092
   7.781    6.967    2.232
   7.134    8.322    2.675
   7.456    4.806    5.202
   7.760    5.413    3.792
  11.358   29.629   16.331
  10.232   29.531   17.068
   9.960   30.653   17.625
  10.788   31.584   17.367
  11.879   30.820   16.369
  12.215   31.803   16.464
  12.679   30.508   15.719
   9.142   30.772   18.224
  10.371   31.547   17.640
  45.454   32.949   14.287
  44.493   32.002   14.325
  43.330   32.542   14.345
  43.340   33.815   14.325
  44.969   34.155   14.280
  44.481   35.078   14.278
  45.962   34.571   14.250
  42.478   31.984   14.374
  42.984   33.464   14.339
  14.915   27.255    8.131
  16.078   27.940    8.161
  15.908   29.092    8.698
  14.715   29.327    9.073
  13.927   27.925    8.647
  13.204   28.542    9.080
  13.251   27.110    8.450
  16.677   29.753    8.807
  15.146   29.581    9.084
   2.227   26.784   28.195
   2.092   25.739   27.351
   0.854   25.447   27.192
   0.050   26.185   27.846
   1.085   27.227   28.630
   0.121   27.506   28.919
   1.583   27.982   29.215
   0.555   24.683   26.587
  -0.000   25.799   27.533
  14.067   25.532   10.671
  15.275   24.958   10.857
  15.187   23.984   11.686
  14.015   23.780   12.138
  13.130   24.962   11.370
  12.453   24.438   11.967
  12.398   25.648   10.976
  16.000   23.429   11.952
  14.462   23.568   12.206
   0.668   41.952   28.587
   0.632   41.370   29.805
   1.801   41.348   30.328
   2.712   41.864   29.604
   1.863   42.339   28.253
   2.856   42.611   28.080
   1.496   42.712   27.312
   1.972   40.945   31.249
   2.699   41.648   30.055
   3.667    9.571   24.746
   3.053    8.393   24.987
   3.841    7.415   24.734
   4.995    7.761   24.323
   4.887    9.422   24.323
   5.851    9.195   23.991
   5.011   10.489   24.255
   3.552    6.445   24.857
   4.768    7.324   24.413
   4.179   24.446   27.695
   3.803   25.061   28.837
   4.720   24.956   29.727
   5.751   24.314   29.348
   5.360   23.909   27.782
   6.311   23.514   27.953
   5.291   23.557   26.766
   4.615   25.360   30.657
   5.612   24.542   29.771
  45.179   34.306   30.726
  43.997   34.172   31.364
  43.157   33.544   30.628
  43.610   33.197   29.490
  45.171   33.773   29.541
  45.061   33.318   28.608
  46.195   34.067   29.385
  42.207   33.347   30.942
  43.172   33.147   29.727
  22.997   42.229   43.744
  23.235   42.485   42.441
  22.741   43.619   42.107
  22.152   44.235   43.052
  22.335   43.183   44.329
  21.804   44.000   44.703
  22.350   42.643   45.261
  22.821   43.983   41.158
  22.240   44.330   42.569
   3.185   14.827   15.036
   3.277   15.787   14.091
   3.973   15.375   13.097
   4.411   14.186   13.218
   3.816   13.740   14.707
   4.351   12.916   14.352
   3.526   13.273   15.634
   4.152   15.964   12.284
   4.445   14.541   12.868
  24.843   43.425   43.702
  24.873   44.766   43.854
  25.656   45.300   42.991
  26.215   44.471   42.204
  25.604   43.015   42.731
  26.242   42.789   41.936
  25.324   41.993   42.923
  25.807   46.307   42.952
  26.227   44.967   42.261
  47.599   38.278   32.232
  48.242   39.460   32.341
  47.412   40.401   32.602
  46.200   40.024   32.698
  46.316   38.387   32.417
  45.303   38.581   32.580
  46.188   37.329   32.261
  47.714   41.368   32.720
  46.438   40.461   32.739
  15.922   43.754   48.713
  16.527   44.936   48.467
  17.746   44.909   48.861
  18.106   43.805   49.383
  16.716   42.895   49.281
  17.430   42.282   49.732
  15.929   42.161   49.304
  18.363   45.714   48.758
  18.330   44.243   49.291
  24.242    7.363   20.406
  25.191    7.120   21.336
  25.844    8.190   21.603
  25.465    9.215   20.950
  24.229    8.604   20.019
  24.299    9.617   19.776
  23.414    8.401   19.344
  26.603    8.202   22.284
  25.816    9.125   21.295
  30.414   12.917   43.165
  29.165   12.411   43.094
  28.297   13.355   43.079
  28.792   14.526   43.133
  30.426   14.216   43.200
  30.328   15.256   43.224
  31.502   14.220   43.250
  27.297   13.165   43.028
  28.330   14.339   43.107
  46.530    8.624    8.410
  47.559    8.452    7.554
  47.126    8.162    6.383
  45.858    8.102    6.290
  45.373    8.454    7.842
  44.498    8.298    7.294
  44.869    8.659    8.772
  47.760    7.996    5.601
  46.240    8.038    5.972
  10.924   33.485   12.173
  12.038   33.551   12.932
  12.588   34.704   12.825
  11.978   35.508   12.049
  10.689   34.591   11.532
  10.590   35.519   11.064
   9.804   34.165   11.090
  13.443   34.941   13.328
  12.391   35.532   12.330
  12.510   29.472   24.156
  12.351   28.998   22.902
  11.944   29.927   22.118
  11.785   31.058   22.679
  12.216   30.735   24.254
  11.956   31.745   24.228
  12.452   30.723   25.305
  11.767   29.757   21.128
  11.726   30.882   22.215
  30.664   23.198    6.368
  31.065   22.159    7.131
  30.713   22.334    8.351
  30.080   23.417    8.566
  30.029   24.104    7.051
  29.534   24.769    7.686
  29.894   24.700    6.164
  30.929   21.651    9.077
  30.229   23.033    8.849
  17.037    3.918   31.738
  16.513    2.801   31.191
  17.441    2.049   30.728
  18.618    2.509   30.882
  18.334    3.952   31.660
  19.370    3.884   31.547
  18.355    4.907   32.159
  17.236    1.158   30.276
  18.423    2.095   30.679
  25.884    9.182   37.095
  25.601    8.884   38.381
  24.781    9.739   38.871
  24.426   10.653   38.059
  25.263   10.246   36.680
  24.722   11.107   36.445
  25.715   10.148   35.707
  24.450    9.678   39.834
  24.321   10.543   38.535
  32.434   29.460   28.734
  33.053   30.533   29.273
  34.118   30.814   28.618
  34.350   30.041   27.634
  33.064   28.987   27.701
  33.643   28.685   26.886
  32.320   28.218   27.580
  34.719   31.596   28.878
  34.579   30.439   27.833
  14.045    7.156    4.081
  13.399    8.341    4.054
  12.130    8.161    4.025
  11.771    6.940    4.029
  13.231    6.142    4.072
  12.497    5.400    4.062
  14.061    5.456    4.099
  11.476    8.943    4.002
  11.532    7.379    4.019
  19.634   22.606   12.890
  20.660   21.799   13.235
  20.673   20.749   12.500
  19.743   20.701   11.633
  18.926   22.124   11.912
  18.424   21.652   11.128
  18.275   22.982   11.940
  21.378   20.021   12.614
  20.122   20.402   11.761
   3.769   35.601   13.689
   2.421   35.540   13.638
   1.902   36.476   14.343
   2.748   37.234   14.917
   4.198   36.581   14.428
   4.439   37.391   15.040
   5.220   36.307   14.225
   0.892   36.590   14.426
   2.249   37.212   14.899
  35.616   39.748   33.019
  36.582   39.175   32.270
  37.510   38.702   33.017
  37.320   38.873   34.264
  35.864   39.678   34.294
  36.154   39.570   35.291
  34.947   40.196   34.516
  38.326   38.231   32.628
  37.678   38.660   33.986
  15.883   31.931    1.174
  17.079   31.477    1.604
  17.961   32.405    1.541
  17.526   33.516    1.099
  15.923   33.177    0.807
  16.060   34.177    0.539
  14.876   33.154    0.557
  18.928   32.248    1.826
  17.970   33.348    1.258
  46.361   30.019   35.060
  47.689   30.254   34.994
  48.054   30.435   33.779
  47.111   30.355   32.928
  45.792   30.035   33.891
  45.433   30.069   32.911
  44.834   29.827   34.338
  49.025   30.625   33.531
  47.603   30.442   32.904
  30.330   39.490   26.649
  29.121   39.373   27.238
  28.693   38.168   27.149
  29.480   37.373   26.543
  30.752   38.369   26.146
  31.000   37.424   25.777
  31.657   38.844   25.804
  27.793   37.887   27.538
  29.032   37.329   26.761
  15.239   15.612   12.788
  16.094   16.320   13.557
  16.793   17.117   12.838
  16.535   17.066   11.593
  15.338   15.911   11.526
  15.494   16.222   10.542
  14.567   15.200   11.281
  17.495   17.734   13.245
  16.852   17.328   11.878
   7.699   12.392   39.096
   8.440   12.462   40.222
   8.742   13.679   40.487
   8.289   14.528   39.654
   7.479   13.560   38.569
   7.360   14.539   38.227
   6.912   13.110   37.772
   9.301   13.930   41.303
   8.564   14.554   40.071
  17.891   34.789    8.216
  19.047   34.955    8.893
  20.048   34.641    8.157
  19.739   34.253    6.984
  18.078   34.358    7.004
  18.334   34.014    6.052
  17.016   34.358    6.823
  21.007   34.702    8.497
  20.167   34.315    7.235
  12.936   24.390   31.700
  13.238   23.115   31.375
  13.950   23.079   30.310
  14.206   24.220   29.808
  13.435   25.251   30.863
  13.877   25.858   30.137
  13.008   26.066   31.422
  14.275   22.199   29.910
  14.318   23.748   29.688
  10.935   34.562   48.025
  10.315   33.753   47.140
  10.271   34.301   45.982
  10.806   35.455   45.926
  11.327   35.681   47.490
  11.599   36.543   46.968
  11.732   36.007   48.433
   9.839   33.838   45.183
  10.576   35.155   45.598
  48.050    7.971   42.623
  47.999    8.233   41.300
  46.824    8.617   40.962
  45.989    8.664   41.921
  46.911    8.170   43.216
  45.957    8.358   43.596
  47.334    7.876   44.162
  46.594    8.861   39.999
  45.971    8.761   41.431
  24.509   39.379   11.562
  24.387   40.342   12.499
  24.624   39.868   13.666
  24.914   38.629   13.682
  24.833   38.226   12.069
  25.091   37.349   12.573
  24.831   37.777   11.090
  24.580   40.449   14.503
  24.869   38.986   14.029
  21.009   10.694   32.507
  20.068   11.555   32.950
  18.964   10.942   33.169
  18.998    9.693   32.926
  20.567    9.475   32.413
  20.117    8.534   32.374
  21.527    9.138   32.062
  18.136   11.430   33.509
  18.650   10.012   33.090
  45.247   12.208    8.471
  46.005   12.696    7.467
  45.811   12.028    6.391
  44.970   11.079    6.504
  44.519   11.196    8.102
  43.978   10.395    7.708
  44.106   11.112    9.093
  46.298   12.251    5.523
  45.251   11.260    6.132
  30.535   48.911   47.884
  29.614   48.506   46.984
  28.982   47.479   47.418
  29.353   47.079   48.568
  30.552   48.169   48.951
  30.487   47.515   49.762
  31.343   48.766   49.373
  28.246   47.030   46.874
  29.012   46.929   48.235
  39.778   16.602   17.842
  39.439   15.303   17.696
  40.431   14.626   17.249
  41.486   15.309   17.048
  41.009   16.838   17.498
  42.006   16.923   17.198
  40.892   17.881   17.739
  40.363   13.624   17.075
  41.360   14.828   16.994
  42.371   40.407   39.193
  43.674   40.760   39.165
  44.246   40.458   40.272
  43.481   39.907   41.127
  42.026   39.856   40.319
  41.852   39.428   41.255
  41.015   39.734   39.968
  45.234   40.649   40.437
  43.963   40.038   41.117
  45.606   24.097   23.253
  46.782   24.369   22.648
  47.202   25.532   22.986
  46.440   26.154   23.793
  45.199   25.067   24.016
  44.961   25.900   24.599
  44.319   24.508   24.284
  48.078   25.913   22.628
  46.875   26.255   23.569
  30.721    7.373   39.709
  30.477    6.884   38.475
  29.536    6.014   38.514
  29.055    5.811   39.674
  29.953    6.848   40.617
  29.291    6.368   41.266
  30.420    7.446   41.381
  29.212    5.534   37.675
  28.964    5.629   39.217
  38.096    3.309   29.647
  37.760    3.333   28.340
  38.550    2.587   27.659
  39.450    2.006   28.347
  39.122    2.547   29.887
  39.948    1.914   29.973
  39.070    2.781   30.937
  38.451    2.478   26.650
  39.325    2.015   27.863
  25.110    1.046    5.171
  25.996    1.218    4.167
  27.169    0.859    4.537
  27.237    0.433    5.734
  25.659    0.566    6.247
  26.194    0.182    7.057
  24.710    0.578    6.755
  27.972    0.917    3.911
  27.565    0.496    5.362
   5.120   36.223   38.286
   4.793   35.396   37.270
   5.814   35.168   36.529
   6.879   35.755   36.905
   6.371   36.576   38.260
   7.385   36.800   38.151
   6.237   37.173   39.147
   5.760   34.564   35.710
   6.758   35.449   36.529
  48.217   36.126   19.325
  47.218   35.719   20.135
  46.774   36.699   20.831
  47.358   37.808   20.610
  48.478   37.394   19.450
  48.608   38.415   19.625
  49.255   37.324   18.708
  46.015   36.583   21.502
  46.988   37.657   20.910
  47.536   26.863   29.354
  46.281   27.360   29.403
  45.423   26.409   29.443
  45.929   25.241   29.429
  47.560   25.564   29.360
  47.472   24.523   29.370
  48.636   25.568   29.316
  44.420   26.591   29.483
  45.464   25.425   29.447
  18.652    0.141   17.555
  19.934    0.507   17.343
  20.089    1.758   17.573
  19.030    2.361   17.941
  17.905    1.134   17.935
  17.393    1.994   18.234
  17.046    0.487   17.992
  20.993    2.217   17.466
  19.505    2.496   17.862
   4.750   16.719   24.691
   5.332   15.503   24.631
   4.443   14.580   24.594
   3.243   15.003   24.622
   3.451   16.653   24.696
   2.420   16.492   24.696
   3.381   17.726   24.746
   4.694   13.593   24.547
   3.458   14.553   24.600
  34.022   43.250    4.735
  33.755   44.479    5.227
  32.524   44.780    5.041
  31.845   43.880    4.451
  32.978   42.687    4.203
  32.085   42.324    3.802
  33.557   41.813    3.955
  32.136   45.672    5.348
  31.746   44.335    4.633
  22.483   14.639   20.071
  21.479   15.033   20.883
  20.663   15.794   20.253
  20.971   16.005   19.036
  22.373   15.123   18.869
  22.195   15.561   17.939
  23.277   14.621   18.568
  19.839   16.191   20.705
  20.600   16.150   19.337
   8.438   47.127   16.564
   7.770   48.300   16.608
   6.506   48.096   16.672
   6.170   46.868   16.680
   7.643   46.098   16.598
   6.924   45.342   16.629
   8.485   45.428   16.549
   5.838   48.866   16.712
   5.923   47.303   16.696
  33.515   38.519    3.608
  33.644   39.776    3.130
  33.112   39.873    1.969
  32.594   38.794    1.535
  32.892   37.732    2.782
  32.384   37.185    2.052
  32.988   36.909    3.470
  33.111   40.749    1.448
  32.642   39.259    1.358
  34.609    9.960   37.988
  34.340    8.695   38.376
  33.080    8.465   38.318
  32.382    9.452   37.920
  33.539   10.620   37.658
  32.624   11.061   37.416
  34.128   11.493   37.433
  32.686    7.560   38.574
  32.283    8.984   38.063
  41.703   10.855    9.499
  41.944    9.583    9.117
  40.853    8.914    9.065
  39.812    9.578    9.376
  40.441   11.081    9.716
  39.411   11.159    9.863
  40.653   12.105    9.973
  40.836    7.931    8.794
  39.902    9.107    9.234
  10.068   43.771   13.652
  10.681   42.612   13.975
   9.864   41.629   13.877
   8.690   41.954   13.508
   8.821   43.604   13.327
   7.834   43.364   13.083
   8.708   44.661   13.156
  10.147   40.671   14.083
   8.917   41.525   13.627
  44.577   10.625   39.639
  43.589    9.705   39.658
  42.442   10.276   39.619
  42.487   11.547   39.572
  44.125   11.843   39.586
  43.663   12.778   39.544
  45.129   12.231   39.587
  41.574    9.740   39.625
  42.121   11.206   39.579
  46.793   21.260    9.545
  45.599   21.114    8.930
  45.762   20.771    7.706
  46.978   20.647    7.352
  47.795   21.020    8.753
  48.528   20.806    8.040
  48.492   21.226    9.548
  44.972   20.614    7.082
  46.536   20.593    7.124
  42.892   28.382    6.315
  41.762   28.987    6.740
  41.954   30.246    6.886
  43.133   30.635    6.605
  43.878   29.215    6.161
  44.602   29.961    6.069
  44.525   28.414    5.844
  41.212   30.870    7.202
  42.714   30.859    6.763
  31.669   25.686   49.136
  30.848   26.753   49.025
  30.411   26.862   47.825
  30.836   25.966   47.027
  31.809   25.045   48.014
  31.855   24.603   47.069
  32.471   24.337   48.484
  29.777   27.611   47.550
  30.532   26.361   46.986
  24.637   24.548   25.642
  23.925   23.626   24.960
  22.669   23.856   25.069
  22.380   24.874   25.776
  23.882   25.427   26.231
  23.191   26.080   26.664
  24.749   25.931   26.625
  21.972   23.262   24.620
  22.116   24.532   25.524
  44.423    1.121   40.866
  45.539    0.362   40.873
  46.578    1.090   41.052
  46.335    2.332   41.181
  44.677    2.384   41.041
  44.985    3.371   41.188
  43.628    2.620   40.977
  47.516    0.691   41.087
  46.748    2.051   41.184
   1.028   14.732   12.517
   1.061   16.052   12.235
   1.086   16.741   13.315
   1.075   16.049   14.383
   1.030   14.493   13.794
   1.035   14.407   14.835
   1.001   13.432   13.612
   1.113   17.761   13.302
   1.087   16.538   14.279
   2.293   26.040   23.663
   3.028   27.117   24.011
   2.372   28.198   23.799
   1.206   28.021   23.321
   1.119   26.363   23.206
   0.205   26.724   22.855
   0.875   25.324   23.057
   2.767   29.116   24.002
   1.478   28.420   23.450
  42.117   34.348   12.430
  42.291   35.481   11.715
  41.265   35.713   10.983
  40.336   34.849   11.089
  40.969   33.784   12.200
  40.027   33.411   11.947
  41.201   32.994   12.894
  41.213   36.527   10.371
  40.401   35.268   10.824
  37.925    3.256   42.329
  37.918    4.512   42.823
  39.034    5.095   42.584
  39.877    4.381   41.953
  39.045    2.955   41.743
  39.979    2.813   41.297
  38.678    1.969   41.512
  39.215    6.054   42.883
  39.874    4.847   42.136
   3.752   45.530   35.983
   2.483   45.440   36.436
   2.468   45.037   37.653
   3.619   44.817   38.150
   4.629   45.190   36.881
   5.250   44.900   37.668
   5.433   45.381   36.190
   1.596   44.908   38.166
   3.149   44.784   38.318
  18.501   17.076   48.316
  18.915   16.816   47.057
  19.888   15.982   47.066
  20.238   15.594   48.227
  19.183   16.424   49.211
  19.787   15.859   49.847
  18.598   16.866   50.000
  20.333   15.665   46.206
  20.391   15.498   47.761
  48.272   31.132   16.087
  47.058   30.544   16.045
  46.133   31.405   16.255
  46.552   32.591   16.452
  48.201   32.408   16.327
  48.038   33.420   16.523
  49.274   32.491   16.283
  45.146   31.146   16.262
  46.102   32.373   16.436
  37.931   20.281   25.631
  36.591   20.354   25.484
  36.092   19.184   25.324
  36.946   18.241   25.339
  38.375   19.061   25.574
  38.629   18.050   25.514
  39.385   19.405   25.720
  35.090   19.039   25.197
  36.449   18.268   25.285
  38.012   35.949   32.744
  38.225   36.197   34.054
  39.382   35.775   34.410
  40.054   35.232   33.476
  39.019   35.353   32.178
  39.877   34.877   31.820
  38.499   35.337   31.235
  39.720   35.875   35.367
  40.133   35.323   33.961
   4.411   18.887   22.160
   4.138   19.654   23.237
   5.217   19.953   23.861
   6.276   19.474   23.342
   5.681   18.646   22.026
   6.717   18.512   22.008
   5.494   18.064   21.140
   5.210   20.528   24.703
   6.175   19.758   23.741
  42.471   26.559   12.210
  41.651   27.029   11.246
  40.466   27.197   11.706
  40.330   26.893   12.934
  41.864   26.397   13.348
  41.287   26.302   14.213
  42.775   26.045   13.802
  39.707   27.547   11.122
  40.026   27.067   12.577
   7.362    4.802   15.342
   7.929    5.966   14.958
   7.125    6.637   14.219
   6.001    6.073   14.017
   6.158    4.654   14.873
   5.204    4.632   14.449
   6.069    3.698   15.360
   7.379    7.546   13.834
   6.211    6.504   13.875
  17.936   39.931   49.567
  16.685   39.435   49.663
  16.612   38.286   49.100
  17.705   37.879   48.590
  18.744   39.132   48.936
  19.309   38.423   48.419
  19.557   39.827   49.064
  15.742   37.754   49.072
  17.241   37.695   48.625
   6.850    9.732   33.124
   7.888    8.870   33.098
   7.485    7.689   32.804
   6.231    7.595   32.607
   5.717    9.159   32.848
   4.862    8.606   32.616
   5.197   10.096   32.963
   8.129    6.902   32.737
   6.616    7.275   32.598
  22.477   23.317   16.390
  22.599   22.620   17.540
  23.835   22.414   17.813
  24.649   22.898   16.963
  23.627   23.601   15.854
  24.595   23.778   15.506
  23.138   24.109   15.039
  24.124   21.902   18.646
  24.694   22.640   17.389
  19.564   49.390   47.141
  18.457   49.063   46.441
  17.580   48.529   47.209
  17.938   48.428   48.426
  19.467   49.085   48.401
  19.290   48.804   49.391
  20.456   49.469   48.586
  16.675   48.216   46.857
  17.528   48.307   48.167
   2.140   14.376   42.398
   3.077   13.407   42.472
   4.000   13.735   43.298
   3.834   14.870   43.851
   2.404   15.386   43.173
   2.705   16.144   43.826
   1.506   15.887   42.852
   4.796   13.126   43.486
   4.181   14.511   43.878
  44.176   17.340   21.163
  44.552   18.627   21.319
  44.135   19.340   20.339
  43.477   18.694   19.461
  43.494   17.147   20.073
  42.958   17.097   19.178
  43.397   16.099   20.301
  44.323   20.340   20.282
  43.616   19.171   19.519
  25.440   40.069   41.215
  25.513   38.730   41.368
  24.357   38.197   41.224
  23.423   39.024   40.976
  24.232   40.478   40.964
  23.232   40.704   40.767
  24.572   41.499   40.916
  24.214   37.190   41.304
  23.450   38.528   41.032
  18.985   38.777   30.269
  19.289   37.842   31.194
  19.796   36.806   30.636
  19.898   36.885   29.370
  19.278   38.398   29.060
  19.548   38.002   28.133
  18.917   39.333   28.664
  20.089   35.992   31.177
  20.010   36.539   29.713
  25.878   30.421   45.163
  25.579   31.728   45.313
  24.312   31.891   45.420
  23.637   30.813   45.363
  24.822   29.663   45.164
  23.916   29.144   45.178
  25.433   28.785   45.034
  23.896   32.814   45.541
  23.526   31.298   45.418
  38.042   20.838   14.089
  36.720   21.108   14.056
  36.489   22.134   13.324
  37.527   22.656   12.805
  38.741   21.674   13.381
  39.210   22.394   12.787
  39.651   21.162   13.646
  35.544   22.490   13.179
  37.037   22.756   12.793
  22.980   10.062   42.647
  23.189   10.884   41.596
  22.485   10.517   40.591
  21.764    9.489   40.800
  22.127    9.118   42.381
  21.435    8.401   42.068
  22.230    8.723   43.377
  22.511   11.019   39.703
  21.841    9.793   40.411
  49.501   18.197   15.115
  48.592   17.571   14.338
  47.507   17.368   14.989
  47.527   17.789   16.190
  49.056   18.434   16.314
  48.606   18.577   17.245
  49.990   18.896   16.586
  46.703   16.905   14.564
  47.190   17.557   15.902
   7.344    4.043   27.090
   6.205    4.023   27.813
   6.319    4.763   28.853
   7.449    5.336   28.970
   8.261    4.797   27.620
   8.926    5.424   28.125
   8.940    4.563   26.818
   5.557    4.873   29.522
   7.027    5.329   29.238
   9.763   23.633    4.736
  10.904   23.957    4.091
  11.912   23.844    4.875
  11.622   23.463    6.054
   9.968   23.293    5.974
  10.237   23.037    6.950
   8.914   23.127    6.119
  12.861   24.047    4.564
  12.044   23.583    5.816
  42.273   25.108   33.630
  41.616   23.938   33.479
  40.672   24.059   32.621
  40.565   25.223   32.116
  41.790   26.052   32.878
  41.331   26.739   32.239
  42.518   26.749   33.259
  40.064   23.278   32.374
  40.322   24.789   32.060
  28.513   42.608    5.334
  27.494   43.349    4.849
  26.524   42.596    4.484
  26.729   41.352    4.655
  28.259   41.334    5.311
  27.959   40.335    5.250
  29.224   41.118    5.738
  25.664   42.979    4.090
  26.352   41.627    4.475
   9.912   48.590   47.307
   9.453   47.346   47.559
  10.161   46.472   46.945
  11.113   46.957   46.254
  10.943   48.592   46.516
  11.763   48.486   45.878
  10.996   49.667   46.562
   9.965   45.474   47.016
  10.943   46.496   46.347
  10.243    2.990   20.805
  11.550    2.655   20.757
  12.283    3.705   20.717
  11.635    4.800   20.730
  10.057    4.277   20.798
  10.014    5.320   20.788
   8.989    4.138   20.841
  13.300    3.650   20.677
  12.119    4.676   20.712
  47.986   18.817   32.409
  47.583   19.879   33.138
  48.420   20.843   33.029
  49.418   20.593   32.280
  49.107   19.033   31.788
  50.007   19.306   31.333
  49.082   18.043   31.365
  48.283   21.732   33.511
  49.268   20.986   32.550
  31.752   37.593   32.411
  31.928   38.930   32.332
  30.797   39.533   32.326
  29.788   38.761   32.395
  30.497   37.257   32.461
  29.467   37.092   32.496
  30.763   36.214   32.512
  30.730   40.549   32.271
  29.853   39.256   32.366
  27.894   35.335   10.796
  28.195   34.020   10.819
  29.431   33.846   11.109
  30.083   34.922   11.306
  28.919   36.088   11.070
  29.798   36.601   11.300
  28.317   36.974   10.958
  29.844   32.915   11.174
  30.194   34.434   11.314
  17.009   12.284   28.946
  17.655   11.825   30.039
  18.856   12.271   30.072
  19.165   13.026   29.096
  17.756   13.053   28.210
  18.434   13.654   27.692
  16.949   13.194   27.511
  19.499   12.030   30.827
  19.404   12.856   29.501
   9.552   48.674    3.683
   8.475   47.886    3.880
   8.768   46.658    3.655
   9.976   46.461    3.306
  10.604   48.002    3.319
  11.388   47.374    3.034
  11.185   48.908    3.270
   8.078   45.913    3.753
   9.577   46.169    3.379
  13.051   18.149   24.234
  14.255   18.541   23.767
  15.173   18.295   24.627
  14.757   17.752   25.700
  13.121   17.627   25.422
  13.283   17.227   26.373
  12.056   17.462   25.429
  16.151   18.523   24.451
  15.203   17.897   25.528
  39.754    6.975    5.998
  41.067    7.117    6.276
  41.763    6.284    5.595
  41.082    5.529    4.830
  39.526    6.042    5.122
  39.449    5.277    4.416
  38.467    6.231    5.174
  42.780    6.242    5.672
  41.568    5.581    4.933
  23.445   47.132   28.800
  22.611   46.898   27.765
  23.225   46.286   26.822
  24.450   46.041   27.063
  24.646   46.684   28.585
  25.575   46.290   28.316
  24.967   47.035   29.551
  22.755   46.024   25.955
  24.141   45.954   26.679
  12.908   41.763   44.022
  13.704   40.814   43.485
  14.609   41.348   42.752
  14.558   42.618   42.694
  13.253   42.964   43.667
  13.609   43.884   43.324
  12.449   43.384   44.249
  15.306   40.787   42.262
  14.853   42.267   42.496
   2.906   22.837    0.110
   3.910   23.730   -0.012
   5.002   23.248    0.455
   4.899   22.066    0.918
   3.290   21.725    0.664
   3.697   20.876    1.114
   2.294   21.323    0.585
   5.872   23.779    0.449
   5.271   22.397    0.872
   3.956   49.423   13.704
   4.268   48.430   14.565
   3.992   47.288   14.054
   3.499   47.341   12.881
   3.461   48.979   12.587
   3.075   48.523   11.731
   3.357   49.984   12.216
   4.159   46.418   14.558
   3.614   46.974   13.200
  33.892   28.198   35.234
  33.974   28.962   34.124
  33.750   30.192   34.408
  33.507   30.413   35.637
  33.611   28.889   36.298
  33.383   29.531   37.089
  33.634   27.998   36.902
  33.769   30.921   33.695
  33.537   30.696   35.226
  39.188    3.562   48.460
  37.915    3.135   48.601
  37.710    2.089   47.890
  38.723    1.696   47.227
  39.878    2.817   47.649
  40.344    2.159   46.985
  40.748    3.435   47.797
  36.804    1.622   47.868
  38.251    1.538   47.279
  36.002   36.890    9.868
  34.696   37.218    9.975
  33.975   36.165   10.087
  34.631   35.074   10.073
  36.199   35.606    9.905
  36.251   34.564    9.945
  37.261   35.751    9.801
  32.961   36.214   10.178
  34.147   35.196   10.112
  12.314   12.114   36.528
  13.003   11.150   37.174
  14.220   11.512   37.355
  14.499   12.667   36.899
  13.044   13.154   36.255
  13.713   13.937   36.083
  12.204   13.641   35.788
  14.895   10.911   37.828
  14.755   12.310   37.138
  34.779   18.911   27.586
  34.676   20.147   27.052
  35.374   20.987   27.723
  35.992   20.484   28.716
  35.550   18.881   28.632
  36.183   18.963   29.458
  35.382   17.824   28.745
  35.419   21.974   27.469
  35.953   20.942   28.518
  27.555   20.940    1.972
  27.076   20.252    0.913
  27.727   19.160    0.755
  28.654   18.971    1.606
  28.542   20.332    2.558
  29.324   19.765    2.956
  28.627   21.129    3.277
  27.507   18.506    0.003
  28.476   18.716    1.214
  27.667    0.400   25.635
  28.581   -0.003   24.727
  29.665    0.671   24.851
  29.639    1.545   25.775
  28.106    1.357   26.397
  28.552    2.120   26.953
  27.169    1.387   26.927
  30.472    0.507   24.250
  29.977    1.396   25.439
  14.130   35.183   19.249
  12.929   34.587   19.407
  12.741   33.705   18.496
  13.701   33.590   17.668
  14.787   34.721   18.226
  15.230   34.284   17.388
  15.605   35.391   18.430
  11.887   33.149   18.453
  13.256   33.369   17.727
  45.880   29.733   12.056
  44.633   30.237   12.165
  43.764   29.295   12.157
  44.257   28.126   12.052
  45.890   28.436   11.971
  45.790   27.398   11.910
  46.965   28.432   11.905
  42.765   29.483   12.231
  43.795   28.312   12.092
  13.083   34.771   37.705
  12.103   35.525   38.246
  12.596   36.407   39.035
  13.865   36.377   39.130
  14.267   35.122   38.112
  15.168   35.480   38.499
  14.720   34.354   37.509
  12.007   37.070   39.537
  13.502   36.656   39.330
  31.864    8.268   10.749
  30.674    8.905   10.763
  29.711    8.059   10.776
  30.080    6.841   10.772
  31.739    6.974   10.751
  31.531    5.951   10.754
  32.809    6.855   10.737
  28.735    8.355   10.788
  29.639    7.077   10.777
  26.533   21.883   47.273
  27.555   21.322   47.953
  28.253   22.223   48.540
  27.839   23.413   48.357
  26.511   23.178   47.381
  26.581   24.209   47.530
  25.634   23.231   46.758
  29.070   21.990   49.104
  28.218   23.205   48.609
  17.042    5.341   29.151
  17.469    6.396   29.877
  18.702    6.252   30.198
  19.235    5.177   29.773
  17.974    4.455   28.960
  18.788    3.808   28.864
  17.295    3.839   28.396
  19.200    6.951   30.749
  19.393    5.568   30.042
  49.040   29.065   43.750
  49.892   30.104   43.884
  49.248   31.212   43.918
  47.985   31.090   43.822
  47.797   29.442   43.691
  46.835   29.845   43.653
  47.476   28.418   43.595
  49.724   32.108   44.016
  48.300   31.475   43.871
  31.406   25.034   23.969
  30.679   26.109   24.342
  30.946   27.115   23.593
  31.813   26.883   22.690
  32.184   25.283   22.958
  32.770   25.584   22.147
  32.553   24.271   22.972
  30.493   28.019   23.724
  31.543   27.282   22.828
  25.962   14.441   16.355
  26.224   13.251   16.937
  26.142   12.303   16.078
  25.839   12.683   14.902
  25.694   14.330   15.088
  25.494   14.135   14.082
  25.557   15.395   15.008
  26.308   11.330   16.333
  25.936   12.242   15.117
  43.381   28.885   19.367
  42.711   30.025   19.094
  41.514   29.963   19.549
  41.231   28.872   20.140
  42.656   28.021   20.014
  41.994   27.400   20.530
  43.477   27.324   20.034
  40.855   30.733   19.438
  40.983   29.294   20.039
  48.334   40.393   21.156
  48.315   40.587   19.820
  49.212   41.435   19.475
  49.902   41.893   20.442
  49.244   41.105   21.751
  50.001   41.715   22.132
  48.957   40.700   22.707
  49.349   41.709   18.503
  49.895   41.965   19.947
  11.966   47.505   20.513
  12.049   46.315   21.146
  11.260   45.462   20.606
  10.591   45.913   19.621
  11.118   47.489   19.528
  10.418   47.373   18.762
  11.328   48.522   19.310
  11.186   44.504   20.949
  10.622   45.472   19.855
  48.137   30.739    7.195
  48.049   31.048    5.884
  48.997   31.840    5.543
  49.789   32.151    6.490
  49.148   31.314    7.777
  49.982   31.820    8.149
  48.887   30.856    8.717
  49.095   32.183    4.588
  49.757   32.265    6.004
  27.287   27.521   43.115
  28.470   28.170   43.157
  28.294   29.435   43.043
  27.077   29.788   42.918
  26.278   28.329   42.971
  25.540   29.058   42.854
  25.592   27.499   42.982
  29.075   30.090   43.053
  27.515   30.028   42.934
  23.509   22.484   48.392
  24.778   22.065   48.587
  25.361   22.791   49.468
  24.636   23.719   49.950
  23.200   23.504   49.136
  23.052   24.318   49.773
  22.207   23.526   48.720
  26.328   22.625   49.748
  25.106   23.564   50.022
  29.160   16.845    5.612
  29.086   15.963    6.631
  30.126   16.046    7.375
  30.975   16.917    6.998
  30.253   17.549    5.638
  31.157   18.059    5.748
  29.952   18.077    4.749
  30.249   15.455    8.197
  30.947   16.590    7.376
  43.049   23.277    3.477
  44.122   24.053    3.219
  44.438   23.987    1.979
  43.690   23.226    1.285
  42.609   22.664    2.419
  42.335   22.221    1.514
  41.827   22.197    2.995
  45.226   24.508    1.595
  44.088   23.513    1.190
  48.246   36.307   41.162
  47.188   37.059   40.790
  46.604   37.554   41.818
  47.136   37.236   42.929
  48.407   36.273   42.451
  48.449   36.310   43.494
  49.267   35.635   42.343
  45.782   38.151   41.734
  46.744   37.514   42.792
   9.360   30.559   29.838
   8.776   29.800   28.886
   7.515   30.022   28.845
   7.104   30.884   29.686
   8.509   31.315   30.466
   7.750   31.880   30.907
   9.298   31.719   31.079
   6.904   29.539   28.186
   6.888   30.603   29.333
  45.519   10.163   21.550
  44.466    9.888   20.752
  44.794   10.002   19.519
  46.006   10.340   19.325
  46.589   10.470   20.878
  47.389   10.703   20.249
  47.143   10.605   21.792
  44.127    9.833   18.766
  45.616   10.238   19.029
   9.366   38.392    2.751
   8.046   38.110    2.718
   7.694   37.744    1.541
   8.640   37.729    0.689
   9.943   38.225    1.598
  10.309   38.061    0.634
  10.891   38.524    2.011
   6.731   37.490    1.322
   8.151   37.624    0.677
  34.193   37.817   19.051
  32.929   37.560   19.450
  32.403   36.648   18.718
  33.167   36.200   17.805
  34.556   37.086   18.039
  34.750   36.455   17.231
  35.527   37.552   18.032
  31.449   36.320   18.870
  32.699   36.105   17.952
  17.451   21.338    4.370
  18.513   22.145    4.575
  19.300   21.640    5.451
  18.917   20.520    5.920
  17.491   20.264    5.101
  17.615   19.439    5.729
  16.560   19.924    4.680
  20.159   22.109    5.738
  19.310   20.819    5.996
  27.977    6.587   46.651
  27.133    7.602   46.369
  27.788    8.664   46.076
  29.053    8.529   46.114
  29.226    6.934   46.556
  30.194    7.311   46.453
  29.539    5.941   46.831
  27.319    9.536   45.834
  28.740    8.905   46.010
  11.539   47.100   26.158
  12.872   47.272   26.277
  13.489   46.694   25.313
  12.728   46.103   24.481
  11.216   46.401   25.110
  11.063   45.833   24.247
  10.171   46.485   25.356
  14.505   46.716   25.234
  13.222   46.167   24.525
  49.201   45.640    8.368
  48.660   46.537    9.219
  47.981   47.415    8.577
  47.968   47.249    7.315
  48.902   45.885    7.127
  48.607   46.167    6.166
  49.469   45.028    6.805
  47.498   48.176    9.053
  47.767   47.582    7.630
  38.600   39.038   14.716
  38.999   38.121   15.622
  39.944   38.589   16.350
  40.288   39.781   16.065
  39.265   40.152   14.806
  39.853   41.000   14.959
  38.699   40.573   13.992
  40.375   38.038   17.093
  40.435   39.441   16.401
  41.418   49.126    1.810
  40.433   48.235    1.567
  39.971   47.764    2.666
  40.528   48.228    3.713
  41.649   49.282    3.079
  41.757   49.336    4.116
  42.423   50.000    2.866
  39.220   47.076    2.683
  40.163   47.898    3.623
  34.746   13.899   19.144
  35.084   14.398   20.352
  34.174   15.190   20.783
  33.180   15.326   19.999
  33.597   14.340   18.725
  32.668   14.750   18.480
  33.687   13.762   17.821
  34.254   15.664   21.682
  33.306   15.511   20.446
  45.544   29.559   39.944
  46.383   28.553   39.618
  45.741   27.450   39.507
  44.490   27.544   39.722
  44.311   29.164   40.062
  43.356   28.748   40.132
  43.997   30.165   40.304
  46.208   26.576   39.265
  44.800   27.172   39.601
  13.563   44.726   39.327
  12.823   45.846   39.472
  13.561   46.889   39.365
  14.791   46.644   39.151
  14.820   44.980   39.117
  15.804   45.289   38.955
  15.040   43.927   39.062
  13.177   47.830   39.446
  14.518   47.059   39.205
  21.193   40.374    9.205
  22.095   40.298    8.204
  23.287   40.270    8.673
  23.355   40.319    9.943
  21.751   40.400   10.379
  22.293   40.415   11.271
  20.785   40.457   10.853
  24.104   40.213    8.065
  23.689   40.291    9.572
  16.502    8.841    7.509
  17.691    9.426    7.250
  18.648    8.586    7.395
  18.276    7.419    7.742
  16.623    7.588    7.837
  16.826    6.595    8.088
  15.556    7.500    7.952
  19.621    8.847    7.241
  18.716    7.636    7.646
  38.752   47.298   44.958
  39.417   48.349   44.433
  39.802   49.146   45.360
  39.480   48.781   46.536
  38.668   47.356   46.254
  38.656   47.494   47.288
  38.121   46.428   46.275
  40.322   49.999   45.155
  39.727   49.170   46.342
  11.541    8.889   13.730
  11.176    7.678   13.260
  11.610    7.510   12.065
  12.270    8.494   11.602
  12.232    9.574   12.868
  12.776   10.039   12.108
  12.317   10.393   13.562
  11.432    6.652   11.544
  12.135    8.046   11.427
  28.270   24.034   24.961
  29.050   24.138   23.865
  29.957   23.233   23.870
  29.922   22.458   24.880
  28.628   23.056   25.739
  28.993   22.249   26.291
  27.834   23.292   26.427
  30.643   23.153   23.120
  30.211   22.497   24.474
   8.288   25.431   42.219
   8.335   24.147   41.804
   9.526   23.685   41.905
  10.376   24.515   42.362
   9.446   25.872   42.612
  10.415   26.129   42.904
   9.019   26.834   42.840
   9.757   22.728   41.638
  10.394   24.039   42.208
  25.505   27.254   18.317
  26.013   26.551   19.352
  26.546   27.338   20.212
  26.479   28.572   19.909
  25.680   28.535   18.450
  25.870   29.543   18.649
  25.182   28.716   17.512
  26.983   26.987   21.064
  26.668   28.312   20.292
   8.255   10.404   43.410
   7.597   11.013   44.420
   8.313   11.020   45.483
   9.452   10.468   45.355
   9.433    9.984   43.763
  10.358    9.685   44.144
   9.609    9.598   42.773
   7.981   11.438   46.352
   9.209   10.693   45.729
  18.495    2.512   13.510
  18.676    1.465   12.676
  19.477    1.780   11.727
  19.912    2.975   11.779
  19.168    3.563   13.147
  19.745    4.348   12.772
  18.787    4.116   13.988
  19.735    1.116   10.997
  19.979    2.588   11.470
  10.198   24.147   32.210
  10.954   23.538   31.272
  10.679   22.288   31.214
   9.780   21.908   32.031
   9.391   23.325   32.813
   8.784   22.587   33.234
   9.007   24.125   33.423
  11.151   21.662   30.561
  10.059   21.683   31.683
  16.547    9.402   47.510
  15.356    9.963   47.212
  14.475    9.059   46.991
  14.906    7.866   47.099
  16.504    8.103   47.499
  16.365    7.068   47.464
  17.547    8.051   47.760
  13.512    9.293   46.750
  14.465    8.074   46.989
  34.457   42.128   21.305
  35.632   41.788   21.877
  36.443   42.780   21.862
  35.975   43.835   21.327
  34.442   43.360   20.888
  34.531   44.356   20.590
  33.431   43.243   20.534
  37.384   42.712   22.251
  36.410   43.709   21.538
  39.034   25.540   44.108
  40.170   25.244   44.776
  41.158   25.150   43.965
  40.858   25.351   42.745
  39.224   25.655   42.827
  39.479   25.724   41.817
  38.180   25.872   42.677
  42.100   24.932   44.288
  41.278   25.242   42.992
  48.230   18.983    6.177
  47.179   18.504    6.877
  47.181   17.222    6.871
  48.145   16.700    6.225
  48.971   18.038    5.679
  49.498   17.209    5.324
  49.632   18.767    5.240
  46.461   16.681    7.349
  47.756   16.523    6.484
  26.397   16.099   39.679
  26.761   15.900   40.963
  25.911   15.149   41.561
  24.939   14.769   40.831
  25.291   15.489   39.372
  24.400   14.963   39.227
  25.345   15.864   38.364
  26.018   14.888   42.541
  25.074   14.696   41.307
  37.003   36.283   41.629
  37.251   34.978   41.388
  36.154   34.329   41.254
  35.104   35.038   41.374
  35.732   36.552   41.664
  34.694   36.664   41.673
  35.942   37.590   41.861
  36.141   33.327   41.066
  35.196   34.555   41.285
  22.572   26.193   24.026
  23.905   25.976   24.026
  24.542   27.088   24.040
  23.798   28.121   24.050
  22.271   27.457   24.040
  22.136   28.492   24.051
  21.220   27.223   24.035
  25.561   27.125   24.043
  24.291   28.040   24.051
  23.136   36.642   46.629
  24.276   37.365   46.669
  24.085   38.470   47.290
  22.898   38.636   47.717
  22.144   37.238   47.220
  21.416   37.797   47.716
  21.490   36.414   46.988
  24.834   39.150   47.421
  23.320   38.904   47.732
  19.786   24.884   29.138
  20.686   25.619   29.824
  21.345   26.380   29.030
  21.013   26.276   27.806
  19.810   25.127   27.861
  19.909   25.393   26.857
  19.024   24.410   27.694
  22.071   27.011   29.368
  21.346   26.549   28.060
  18.173   28.976   23.140
  18.094   29.885   24.135
  16.952   29.821   24.713
  16.168   28.940   24.234
  17.087   28.272   23.018
  16.175   27.764   23.002
  17.518   27.721   22.199
  16.707   30.433   25.491
  16.139   29.276   24.603
  46.021   32.304   37.238
  46.914   31.329   37.510
  48.099   31.812   37.579
  48.169   33.067   37.381
  46.577   33.472   37.115
  47.119   34.362   37.036
  45.620   33.926   36.921
  48.909   31.224   37.777
  48.500   32.706   37.482
  11.384   23.065   16.083
  11.165   21.742   15.927
  11.177   21.426   14.685
  11.388   22.402   13.896
  11.551   23.680   14.950
  11.671   24.079   13.992
  11.685   24.618   15.462
  11.029   20.467   14.372
  11.307   21.912   13.839
  41.721   38.941   30.314
  42.112   39.375   31.532
  41.587   40.514   31.794
  40.834   40.971   30.874
  40.921   39.775   29.720
  40.287   40.508   29.330
  40.850   39.123   28.866
  41.767   41.001   32.671
  40.979   41.132   31.325
  16.992    2.950   36.320
  17.002    3.871   37.307
  15.839    3.980   37.833
  14.957    3.217   37.323
  15.821    2.411   36.151
  14.847    2.041   36.096
  16.203    1.795   35.354
  15.652    4.629   38.597
  14.961    3.558   37.688
  41.149   14.182   23.550
  41.630   13.222   24.369
  41.645   13.632   25.583
  41.217   14.820   25.743
  40.827   15.268   24.189
  40.600   16.090   24.791
  40.519   15.736   23.268
  41.977   13.043   26.346
  41.395   14.465   26.046
   2.640   21.806   32.847
   1.741   20.890   33.265
   2.173   19.703   33.047
   3.322   19.653   32.501
   3.705   21.264   32.335
   4.515   20.733   31.945
   4.127   22.236   32.145
   1.629   18.877   33.297
   2.989   19.313   32.655
  29.460   49.423   25.347
  28.311   48.739   25.531
  28.556   47.511   25.802
  29.794   47.217   25.837
  30.515   48.676   25.489
  31.294   47.994   25.623
  31.156   49.516   25.282
  27.810   46.838   25.974
  29.368   46.963   25.905
  18.025   32.887   17.016
  16.749   32.649   17.386
  16.002   32.502   16.355
  16.611   32.610   15.243
  18.176   32.908   15.725
  18.191   32.905   14.681
  19.229   33.108   15.836
  15.003   32.314   16.437
  16.139   32.522   15.380
  29.756   45.639   43.741
  30.760   44.745   43.614
  31.895   45.342   43.604
  31.825   46.608   43.714
  30.184   46.864   43.821
  30.627   47.807   43.877
  29.173   47.227   43.904
  32.772   44.829   43.516
  32.197   46.277   43.667
  49.012   27.561   11.486
  48.689   26.658   10.535
  48.772   27.183    9.369
  49.131   28.404    9.366
  49.323   28.721   10.988
  49.554   29.610   10.492
  49.499   29.114   11.976
  48.565   26.652    8.524
  49.011   28.070    9.014
  26.598   18.208   36.346
  25.627   18.944   35.765
  24.680   18.188   35.346
  24.860   16.948   35.565
  26.335   16.935   36.336
  26.032   15.938   36.277
  27.262   16.724   36.842
  23.856   18.566   34.878
  24.501   17.220   35.349
  10.169   27.440   33.972
   9.766   26.304   33.365
   8.689   26.507   32.700
   8.250   27.700   32.760
   9.375   28.442   33.736
   8.679   29.179   33.486
   9.988   29.090   34.340
   8.233   25.762   32.173
   8.101   27.279   32.534
  32.791   13.758   34.627
  31.662   13.017   34.619
  30.628   13.773   34.601
  30.886   15.019   34.594
  32.550   15.036   34.613
  32.252   16.036   34.601
  33.606   15.250   34.624
  29.682   13.391   34.593
  30.468   14.745   34.591
  33.827   28.959   40.443
  32.642   29.413   39.983
  32.104   30.207   40.833
  32.786   30.386   41.892
  34.123   29.434   41.617
  34.267   29.868   42.555
  35.049   28.883   41.623
  31.202   30.650   40.660
  32.347   30.554   41.722
  23.137   10.740   14.014
  24.335   10.700   13.392
  25.225   10.192   14.162
  24.795    9.849   15.310
  23.185   10.261   15.222
  23.327    9.858   16.174
  22.134   10.455   15.356
  26.194   10.080   13.864
  25.238    9.834   15.079
  14.198   37.209    8.363
  13.046   37.876    8.586
  12.226   37.694    7.618
  12.668   36.946    6.687
  14.190   36.558    7.238
  14.083   36.073    6.319
  15.189   36.199    7.420
  11.300   38.120    7.609
  12.241   37.193    6.770
  17.645   34.078   34.472
  17.162   33.235   35.408
  16.684   32.179   34.860
  16.770   32.160   33.591
  17.508   33.616   33.264
  17.352   33.157   32.339
  17.971   34.498   32.857
  16.274   31.425   35.411
  16.591   31.848   33.938
  45.195   22.919   26.013
  45.327   21.706   25.437
  44.181   21.236   25.107
  43.200   21.997   25.389
  43.955   23.304   26.089
  42.934   23.520   26.102
  44.254   24.225   26.561
  44.080   20.326   24.658
  43.249   21.547   25.175
  43.736   50.001   20.503
  45.012   49.991   20.943
  45.240   48.938   21.637
  44.242   48.158   21.754
  43.066   48.955   20.887
  42.618   48.083   21.245
  42.186   49.313   20.379
  46.153   48.756   22.054
  44.715   48.154   21.917
   6.650   23.284   39.993
   7.984   23.330   39.792
   8.449   22.154   39.582
   7.574   21.230   39.610
   6.176   22.075   39.926
   5.896   21.072   39.852
   5.181   22.438   40.122
   9.440   21.990   39.409
   8.068   21.247   39.535
  21.386    1.136    6.074
  21.195    1.693    4.859
  20.148    2.433    4.863
  19.539    2.477    5.979
  20.474    1.484    6.933
  19.698    1.823    7.543
  20.944    0.887    7.696
  19.843    2.937    4.031
  19.468    2.683    5.529
   4.635   12.105   38.387
   4.730   13.361   37.901
   4.389   14.215   38.794
   4.046   13.705   39.908
   4.227   12.076   39.621
   3.895   12.160   40.608
   4.280   11.000   39.630
   4.398   15.218   38.609
   4.082   14.171   39.728
  28.327   13.085   27.900
  28.138   14.420   27.950
  28.878   15.012   27.087
  29.605   14.231   26.393
  29.199   12.736   27.002
  29.910   12.561   26.257
  29.072   11.698   27.258
  28.871   16.026   26.977
  29.535   14.726   26.412
  24.819    4.742   49.766
  25.980    4.104   49.506
  25.756    2.901   49.122
  24.525    2.584   49.073
  23.778    3.988   49.565
  23.012    3.305   49.376
  23.122    4.790   49.857
  26.515    2.264   48.880
  24.955    2.348   48.976
  33.987   42.019   43.720
  34.492   41.211   42.764
  34.253   39.982   43.041
  33.610   39.802   44.125
  33.392   41.360   44.670
  32.941   40.740   45.379
  33.154   42.278   45.179
  34.559   39.224   42.432
  33.798   39.503   43.771
  29.046    3.115   17.832
  29.537    3.491   16.632
  28.851    2.971   15.682
  27.887    2.236   16.070
  28.015    2.331   17.727
  27.198    1.709   17.536
  27.934    2.267   18.799
  29.073    3.142   14.702
  28.068    2.376   15.626
  15.207    2.788   29.421
  15.307    1.506   29.010
  15.242    1.436   27.732
  15.102    2.559   27.150
  15.072    3.621   28.431
  14.968    4.204   27.572
  15.031    4.451   29.116
  15.300    0.546   27.238
  15.139    2.085   26.998
   1.539   41.922   33.976
   2.769   41.365   33.973
   3.339   41.528   35.109
   2.640   42.160   35.964
   1.244   42.476   35.115
   1.104   42.890   36.063
   0.279   42.773   34.738
   4.277   41.174   35.297
   3.095   41.954   35.963
  27.942   20.869   24.939
  26.898   21.564   25.438
  25.795   21.134   24.947
  25.925   20.174   24.121
  27.574   19.950   24.097
  27.177   19.243   23.438
  28.599   19.655   23.946
  24.896   21.539   25.207
  25.538   20.432   24.306
  22.914   38.934   31.168
  22.986   38.856   29.822
  23.324   39.987   29.323
  23.511   40.907   30.182
  23.200   40.120   31.616
  23.445   41.102   31.873
  23.042   39.793   32.630
  23.430   40.121   28.318
  23.538   40.878   29.684
  17.542   47.532   16.126
  17.379   46.891   17.303
  17.932   47.549   18.254
  18.495   48.630   17.888
  18.208   48.641   16.249
  18.750   49.510   16.453
  18.127   48.825   15.191
  17.912   47.220   19.219
  18.435   48.393   18.324
  16.205   26.986   27.794
  14.857   27.056   27.810
  14.448   27.605   28.894
  15.377   27.952   29.692
  16.744   27.485   28.867
  17.077   27.907   29.762
  17.730   27.258   28.496
  13.456   27.745   29.085
  14.877   27.978   29.698
  24.152   45.888   21.380
  25.259   46.645   21.226
  25.247   47.232   20.087
  24.223   46.979   19.374
  23.361   45.943   20.350
  22.797   46.054   19.478
  22.667   45.270   20.827
  26.004   47.848   19.791
  24.633   47.259   19.317
  15.191    6.008   13.922
  14.876    5.262   12.842
  15.711    4.301   12.699
  16.627    4.263   13.583
  16.248    5.571   14.540
  17.102    5.142   14.961
  16.168    6.361   15.268
  15.634    3.629   11.935
  16.510    3.987   13.182
   2.843    5.261   22.772
   3.290    5.871   21.654
   2.725    7.012   21.506
   1.891    7.309   22.421
   1.963    5.973   23.411
   1.268    6.619   23.848
   1.869    5.209   24.164
   2.938    7.620   20.716
   2.057    7.535   22.007
  42.698   46.483   19.738
  42.634   46.804   18.428
  43.810   46.876   17.924
  44.751   46.635   18.746
  43.920   46.328   20.155
  44.932   46.227   20.389
  43.569   46.101   21.148
  43.961   47.109   16.943
  44.727   46.754   18.261
  48.930   18.713    9.640
  49.554   19.272   10.698
  49.445   18.522   11.732
  48.792   17.448   11.537
  48.382   17.570    9.929
  47.979   16.666   10.261
  48.025   17.468    8.918
  49.855   18.780   12.629
  49.023   17.655   11.929
  21.164   17.425   49.147
  20.346   18.263   48.476
  20.943   18.749   47.451
  22.140   18.345   47.298
  22.336   17.321   48.595
  23.242   17.306   48.077
  22.652   16.631   49.360
  20.483   19.404   46.820
  21.838   18.655   47.049
   5.789   47.671   27.300
   5.233   48.628   26.527
   5.929   48.809   25.466
   6.961   48.069   25.380
   6.876   47.179   26.784
   7.734   46.852   26.287
   6.993   46.516   27.625
   5.665   49.495   24.760
   6.755   48.423   25.094
   9.827    4.676    7.325
   9.975    3.428    6.834
  10.535    3.461    5.682
  10.820    4.630    5.268
  10.283    5.588    6.519
  10.676    6.240    5.804
  10.003    6.363    7.212
  10.730    2.610    5.154
  10.875    4.167    5.087
  49.139   36.939   45.486
  50.001   37.815   44.928
  49.378   38.852   44.505
  48.121   38.826   44.698
  47.909   37.359   45.454
  46.959   37.785   45.380
  47.574   36.462   45.947
  49.866   39.625   44.052
  48.440   39.151   44.492
  28.591    9.939    1.433
  28.440    9.080    2.463
  29.282    8.118    2.374
  30.052    8.184    1.363
  29.539    9.582    0.619
  30.316    9.209    0.029
  29.354   10.443   -0.000
  29.319    7.369    3.065
  29.996    7.866    1.744
  24.229   15.943    1.118
  25.493   16.105    1.563
  25.775   17.351    1.673
  24.827   18.136    1.348
  23.621   17.074    0.916
  23.224   18.031    0.785
  22.731   16.557    0.599
  26.688   17.670    1.996
  25.296   18.196    1.513
  19.939    4.921   36.144
  18.605    5.064   36.296
  17.993    4.757   35.213
  18.757    4.396   34.260
  20.265    4.514   34.954
  20.422    4.187   33.975
  21.309    4.526   35.219
  16.977    4.804   35.136
  18.263    4.449   34.317
  30.998   13.877   39.879
  30.117   12.889   40.142
  29.058   13.363   40.685
  29.070   14.624   40.851
  30.558   15.047   40.236
  30.115   15.937   40.557
  31.466   15.512   39.890
  28.278   12.764   40.956
  28.744   14.258   40.948
  18.636   48.243   33.390
  19.378   49.052   32.604
  20.624   48.925   32.876
  20.878   48.089   33.800
  19.360   47.547   34.215
  20.028   47.037   34.835
  18.478   47.079   34.619
  21.339   49.459   32.383
  21.153   48.388   33.509
  25.740   16.640   26.358
  26.858   16.908   27.066
  27.536   17.838   26.501
  27.020   18.289   25.429
  25.632   17.381   25.295
  25.637   18.022   24.471
  24.702   16.902   25.038
  28.415   18.176   26.892
  27.434   18.388   25.691
  43.311    3.902   34.388
  42.101    3.452   34.782
  41.482    4.352   35.453
  42.128    5.440   35.595
  43.544    5.119   34.782
  43.634    6.094   35.144
  44.512    5.103   34.310
  40.550    4.193   35.834
  41.679    5.273   35.741
  45.702   25.635   35.060
  46.977   25.306   34.760
  47.008   24.287   33.984
  45.863   23.824   33.676
  44.836   24.848   34.494
  44.225   24.163   33.997
  44.024   25.395   34.942
  47.886   23.892   33.649
  46.335   23.702   33.565
  17.798   40.406   43.614
  17.497   40.471   42.300
  17.341   41.689   41.933
  17.499   42.543   42.863
  17.853   41.579   44.173
  17.873   42.562   44.524
  18.095   41.133   45.123
  17.108   41.936   40.971
  17.387   42.567   42.376
  25.870   33.674   21.578
  25.634   34.140   20.333
  24.937   33.299   19.662
  24.631   32.241   20.300
  25.339   32.505   21.783
  24.877   31.571   21.846
  25.720   32.491   22.790
  24.659   33.479   18.698
  24.543   32.414   19.839
  43.764    5.490   44.554
  44.339    6.364   45.407
  43.649    6.464   46.483
  42.604    5.737   46.507
  42.670    4.974   45.029
  41.807    4.620   45.498
  42.538    4.391   44.133
  43.928    7.079   47.246
  42.817    6.061   46.823
  43.622   22.125   33.428
  43.042   21.898   34.626
  41.784   21.700   34.487
  41.371   21.760   33.285
  42.771   22.088   32.446
  42.011   22.036   31.731
  43.555   22.297   31.738
  41.177   21.511   35.285
  41.156   21.676   33.728
  45.992   29.018    0.646
  46.227   30.059    1.474
  47.274   29.844    2.182
  47.843   28.728    1.954
  46.874   28.070    0.772
  47.628   27.371    0.949
  46.377   27.487    0.015
  47.609   30.521    2.866
  47.930   29.114    2.261
  39.755   19.047   11.955
  39.614   20.343   11.604
  38.432   20.564   11.162
  37.674   19.542   11.153
  38.671   18.356   11.760
  37.755   17.892   11.568
  39.153   17.466   12.129
  38.139   21.489   10.848
  37.622   20.022   11.023
  40.160    3.247    5.300
  39.227    3.845    6.071
  38.791    3.032    6.961
  39.320    1.875    6.922
  40.381    2.014    5.647
  40.484    1.038    6.003
  41.113    1.908    4.865
  38.080    3.306    7.638
  38.974    2.096    7.207
  39.853   14.131   46.455
  39.139   13.135   47.021
  39.454   12.006   46.504
  40.344   12.071   45.597
  40.670   13.703   45.540
  41.289   13.259   44.825
  41.015   14.706   45.355
  39.017   11.135   46.806
  40.080   11.703   45.807
   1.652   12.317   17.486
   2.805   12.987   17.696
   2.661   14.229   17.416
   1.496   14.547   17.014
   0.696   13.088   17.058
  -0.000   13.789   16.720
   0.018   12.253   17.020
   3.427   14.895   17.513
   1.923   14.795   17.091
  22.070   39.101   18.649
  22.025   40.451   18.645
  22.403   40.917   19.777
  22.727   40.030   20.631
  22.479   38.618   19.785
  22.816   38.332   20.731
  22.381   37.613   19.410
  22.435   41.919   19.963
  22.710   40.530   20.629
  20.600   46.169   22.746
  21.845   45.656   22.831
  21.801   44.422   23.176
  20.626   43.968   23.356
  19.679   45.297   23.030
  19.019   44.525   23.275
  18.909   46.031   22.861
  22.647   43.865   23.292
  21.087   43.778   23.388
   5.582   30.888    4.986
   4.520   31.051    4.168
   4.437   30.078    3.338
   5.348   29.198    3.466
   6.246   29.799    4.732
   6.707   28.906    4.450
   6.942   30.021    5.524
   3.696   30.028    2.640
   4.955   29.258    3.163
  15.221   32.466   23.631
  15.261   33.190   22.492
  14.777   32.518   21.514
  14.377   31.351   21.825
  14.709   31.284   23.454
  14.285   30.362   23.208
  14.845   31.052   24.497
  14.723   32.903   20.571
  14.392   31.619   21.403
  33.266   42.410   31.995
  32.586   42.860   33.071
  31.511   43.455   32.707
  31.328   43.490   31.448
  32.670   42.689   30.874
  32.114   42.960   30.033
  33.456   42.207   30.318
  30.866   43.863   33.384
  31.076   43.656   31.847
  33.030   19.077    2.195
  34.258   19.594    2.409
  34.175   20.696    3.059
  32.987   21.048    3.350
  32.083   19.814    2.694
  31.399   20.474    3.129
  31.337   19.121    2.343
  35.003   21.234    3.314
  33.442   21.240    3.429
  22.915   17.808   43.360
  21.779   17.244   42.897
  21.971   16.734   41.737
  23.155   16.868   41.292
  23.905   17.695   42.526
  24.633   17.552   41.791
  24.557   18.220   43.204
  21.224   16.262   41.226
  22.735   16.659   41.120
  10.852   14.623   44.737
  11.275   15.853   44.374
  12.352   16.159   44.997
  12.773   15.262   45.796
  11.631   14.064   45.614
  12.318   13.705   46.314
  11.006   13.188   45.635
  12.822   17.053   44.852
  12.929   15.718   45.661
  17.825   29.335   37.315
  18.996   30.006   37.295
  19.983   29.190   37.253
  19.650   27.961   37.240
  17.988   28.045   37.287
  18.225   27.029   37.262
  16.922   27.894   37.314
  20.950   29.514   37.232
  20.083   28.210   37.232
  31.004   13.024    3.862
  30.627   13.441    2.634
  29.813   12.604    2.106
  29.548   11.594    2.835
  30.455   11.894    4.197
  29.966   10.989    4.370
  30.964   11.911    5.146
  29.418   12.750    1.177
  29.408   11.749    2.380
  28.064   16.974   47.424
  28.540   18.209   47.688
  29.757   18.148   48.083
  30.234   16.969   48.138
  28.946   16.043   47.634
  29.723   15.374   47.831
  28.241   15.285   47.336
  30.286   18.984   48.330
  30.410   17.426   48.235
  32.515   17.511   26.994
  33.261   18.227   26.127
  32.765   18.163   24.947
  31.709   17.459   24.857
  31.494   16.943   26.425
  30.707   16.532   25.875
  31.189   16.514   27.364
  33.194   18.643   24.156
  31.985   17.724   24.536
  13.807   47.837   43.088
  14.698   47.706   44.093
  15.495   46.728   43.864
  15.275   46.115   42.771
  13.976   46.951   42.151
  14.194   46.202   41.458
  13.149   47.360   41.595
  16.238   46.476   44.515
  15.605   46.067   43.143
  27.654   34.779    6.298
  27.028   35.393    7.323
  27.392   36.619    7.404
  28.240   36.976    6.523
  28.460   35.572    5.656
  29.077   36.287    5.210
  28.733   34.777    4.984
  27.023   37.245    8.120
  28.008   37.203    6.903
   2.270    3.666   44.508
   2.726    2.413   44.292
   3.997    2.418   44.133
   4.533    3.570   44.213
   3.221    4.552   44.502
   4.053    5.182   44.478
   2.510    5.339   44.691
   4.521    1.561   43.959
   4.702    3.106   44.133
  25.897   35.310   12.754
  26.012   34.522   11.663
  25.452   33.388   11.866
  24.926   33.259   13.017
  25.255   34.729   13.724
  24.730   34.177   14.438
  25.369   35.603   14.343
  25.438   32.659   11.152
  24.969   32.967   12.614
   9.625   16.293   13.395
   9.303   16.274   14.706
   9.852   15.273   15.290
  10.559   14.541   14.526
  10.401   15.306   13.056
  11.019   14.482   12.887
  10.421   15.652   12.036
   9.723   15.093   16.285
  10.439   14.534   15.011
   4.320   14.750   29.488
   5.387   15.449   29.931
   6.459   15.048   29.354
   6.285   14.107   28.516
   4.642   13.857   28.600
   5.002   13.173   27.897
   3.613   13.551   28.513
   7.368   15.460   29.562
   6.680   14.365   28.680
  48.677   33.228   12.242
  47.575   33.805   12.766
  46.706   34.028   11.851
  47.064   33.666   10.685
  48.583   33.045   10.958
  48.410   32.942    9.934
  49.567   32.607   10.933
  45.805   34.460   12.058
  46.656   33.880   10.879
  45.846    6.374   11.886
  44.605    5.974   12.236
  43.780    6.952   12.164
  44.298    8.052   11.789
  45.894    7.634   11.568
  45.827    8.649   11.333
  46.950    7.560   11.371
  42.792    6.840   12.392
  43.839    7.904   11.919
   9.566    9.548   19.858
  10.015    8.356   20.304
   9.454    8.050   21.415
   8.621    8.914   21.840
   8.689   10.082   20.655
   7.996   10.423   21.358
   8.593   10.934   20.004
   9.669    7.183   21.906
   8.788    8.473   22.005
  12.520   35.166   42.760
  11.811   36.209   43.241
  12.415   36.743   44.237
  13.519   36.187   44.543
  13.623   34.965   43.417
  14.481   34.888   44.007
  13.868   34.131   42.782
  12.030   37.547   44.733
  13.256   36.573   44.721
  46.669   24.252   19.507
  47.922   23.807   19.271
  47.985   22.536   19.428
  46.884   21.991   19.762
  45.851   23.294   19.830
  45.277   22.458   20.078
  45.041   23.998   19.925
  48.854   22.019   19.293
  47.348   21.827   19.675
  16.920   20.982   50.004
  17.183   22.306   49.966
  16.418   22.893   49.121
  15.604   22.119   48.522
  15.971   20.637   49.185
  15.203   20.464   48.500
  16.061   19.608   49.491
  16.471   23.897   48.954
  15.702   22.609   48.508
  25.178   17.908    7.171
  24.736   17.733    5.908
  23.954   18.690    5.568
  23.772   19.568    6.471
  24.706   18.988    7.720
  24.275   19.873    8.069
  25.245   18.780    8.629
  23.521   18.729    4.645
  23.609   19.503    6.003
  10.965   34.229   16.771
  11.023   35.072   17.824
  12.084   35.788   17.769
  12.827   35.553   16.763
  11.985   34.353   15.975
  12.841   34.529   15.403
  11.595   33.584   15.330
  12.300   36.485   18.482
  12.848   35.865   17.153
   7.226    5.170   45.580
   6.634    6.340   45.902
   6.947    6.690   47.094
   7.725    5.880   47.694
   7.956    4.696   46.546
   8.513    4.403   47.379
   8.224    3.843   45.946
   6.594    7.550   47.513
   7.505    6.313   47.813
  16.637   25.426    3.887
  15.641   26.233    4.310
  14.841   25.594    5.081
  15.154   24.375    5.272
  16.538   24.219    4.361
  16.369   23.283    4.791
  17.432   23.924    3.837
  14.025   26.041    5.499
  14.785   24.674    5.428
  38.701   30.604   38.312
  38.976   29.312   38.593
  40.207   29.177   38.926
  40.877   30.259   38.918
  39.737   31.377   38.447
  40.625   31.909   38.583
  39.154   32.235   38.159
  40.600   28.269   39.174
  40.979   29.780   39.022
  10.076   34.432   33.099
   8.798   34.254   33.494
   8.730   34.159   34.770
   9.851   34.251   35.365
  10.908   34.462   34.098
  11.491   34.471   34.964
  11.736   34.605   33.424
   7.842   34.022   35.253
   9.377   34.185   35.512
   4.608   27.354   38.370
   5.866   26.931   38.618
   5.912   25.651   38.648
   4.794   25.078   38.444
   3.769   26.372   38.226
   3.179   25.517   38.127
   2.962   27.065   38.060
   6.782   25.147   38.823
   5.260   24.922   38.536
  23.666   22.033   41.066
  23.877   20.747   41.418
  25.133   20.501   41.492
  25.881   21.495   41.224
  24.774   22.692   40.892
  25.714   23.130   40.777
  24.222   23.584   40.645
  25.487   19.579   41.746
  25.959   21.019   41.355
  12.725   45.107   36.565
  11.860   46.143   36.537
  12.488   47.250   36.388
  13.753   47.131   36.302
  13.963   45.486   36.435
  14.919   45.890   36.325
  14.298   44.464   36.503
  12.000   48.145   36.344
  13.432   47.515   36.291
  32.741   14.030   27.416
  31.440   14.340   27.602
  31.002   13.812   28.684
  31.865   13.132   29.326
  33.218   13.284   28.368
  33.503   12.689   29.177
  34.183   13.265   27.890
  30.037   13.936   28.992
  31.384   13.246   29.395
  18.705   40.080   -0.012
  19.176   41.345   -0.000
  18.209   42.185    0.029
  17.051   41.655    0.041
  17.406   40.029    0.010
  16.365   40.097    0.029
  17.433   38.953   -0.007
  18.370   43.192    0.042
  17.226   42.124    0.045
  19.253   21.546   49.984
  19.277   22.817   49.530
  18.932   22.861   48.297
  18.652   21.729   47.787
  18.891   20.696   49.069
  18.592   20.097   48.268
  18.991   19.880   49.766
  18.892   23.740   47.780
  18.661   22.200   47.619
  10.592   35.106   41.072
  10.962   34.014   40.370
  10.447   32.956   40.879
   9.723   33.164   41.905
   9.818   34.817   42.076
   9.205   34.482   42.851
   9.757   35.857   42.348
  10.615   32.031   40.483
   9.860   32.760   41.645
  29.421   38.441   18.164
  29.539   39.179   17.039
  29.661   38.419   16.014
  29.643   37.174   16.276
  29.459   37.163   17.930
  29.501   36.162   17.638
  29.345   36.952   18.980
  29.762   38.798   15.072
  29.687   37.447   15.859
  36.546    5.193   41.204
  36.657    6.174   42.125
  36.120    5.815   43.232
  35.617    4.646   43.219
  35.932    4.143   41.664
  35.429    3.353   42.126
  36.041    3.645   40.715
  36.107    6.428   44.047
  35.658    5.010   43.560
  45.838   17.738   19.770
  46.461   17.595   20.959
  47.538   16.913   20.823
  47.774   16.533   19.631
  46.475   17.157   18.798
  47.061   16.661   18.090
  45.724   17.474   18.095
  48.145   16.702   21.615
  48.005   16.481   20.071
  17.628   40.916    8.270
  17.448   39.681    8.784
  16.930   38.900    7.909
  16.708   39.447    6.781
  17.238   41.005    7.033
  16.897   40.972    6.046
  17.524   42.042    7.001
  16.720   37.924    8.115
  16.641   38.990    6.971
   2.351   26.813   10.754
   2.864   25.602   11.058
   4.121   25.571   10.810
   4.593   26.658   10.346
   3.246   27.634   10.293
   4.037   28.214    9.934
   2.504   28.407   10.184
   4.683   24.737   10.977
   4.783   26.210   10.459
  26.216   11.644   39.336
  26.628   10.944   38.258
  27.426   11.647   37.543
  27.647   12.816   37.995
  26.724   12.840   39.380
  27.182   13.776   39.323
  26.198   13.046   40.297
  27.842   11.285   36.685
  27.799   12.557   37.596
  13.940    8.534   15.339
  13.279    7.392   15.626
  13.025    6.738   14.553
  13.440    7.295   13.486
  14.150    8.684   14.065
  14.269    8.710   13.028
  14.651    9.621   14.243
  12.530    5.847   14.570
  13.195    6.872   13.592
  35.010    3.764   45.253
  33.883    4.026   44.558
  33.567    3.028   43.818
  34.364    2.039   43.901
  35.487    2.581   45.003
  35.788    1.618   44.734
  36.302    2.748   45.687
  32.742    3.041   43.219
  33.946    2.136   43.644
   6.299   38.601   21.184
   4.969   38.563   20.956
   4.475   37.451   21.359
   5.324   36.653   21.871
   6.741   37.516   21.748
   6.994   36.609   22.197
   7.743   37.911   21.757
   3.481   37.240   21.270
   4.831   36.638   21.786
  11.786   20.435   35.455
  11.250   21.625   35.802
  12.168   22.451   36.142
  13.349   21.980   36.079
  13.083   20.425   35.551
  14.117   20.519   35.660
  13.114   19.401   35.219
  11.954   23.403   36.437
  13.151   22.421   36.207
  29.542   44.373   15.251
  30.870   44.576   15.384
  31.101   45.739   15.869
  30.057   46.426   16.111
  28.838   45.394   15.642
  28.367   46.263   15.980
  27.925   44.879   15.397
  32.050   46.072   16.041
  30.549   46.501   16.160
   4.344   19.523   28.804
   5.225   18.954   29.654
   4.610   18.361   30.609
   3.341   18.438   30.546
   3.109   19.331   29.161
   2.156   19.122   29.532
   2.760   19.887   28.308
   5.111   17.872   31.350
   3.667   18.227   30.861
  10.674   45.752    9.624
   9.946   46.117   10.701
   8.724   45.756   10.562
   8.475   45.150    9.471
   9.964   45.133    8.728
   9.310   44.649    8.073
  10.830   45.024    8.096
   8.022   45.945   11.277
   8.205   45.285    9.870
  13.055    1.994   23.021
  13.740    2.946   23.690
  13.453    2.914   24.938
  12.609    2.018   25.262
  12.286    1.292   23.800
  11.704    0.790   24.506
  11.950    0.703   22.962
  13.874    3.562   25.605
  12.863    2.370   25.510
  43.259    9.376   44.168
  43.470   10.537   44.823
  42.471   11.138   45.625
  42.689   12.342   46.304
  43.915   12.989   46.207
  43.048    8.215   43.512
  44.048    7.614   42.711
  43.842   13.029   47.395
  43.245   13.944   45.965
  44.939   13.542   46.133
  44.718    6.658   42.952
  44.121    7.574   41.522
  43.489    7.079   42.602
  28.158   43.189   14.007
  27.885   43.901   12.893
  28.256   43.448   11.605
  27.972   44.186   10.449
  27.309   45.403   10.541
  28.431   42.478   15.122
  28.061   42.931   16.410
  26.615   44.941    9.689
  28.195   45.790    9.844
  26.753   46.426   10.603
  27.175   42.544   17.107
  28.755   43.393   17.262
  28.400   42.261   16.627
   6.027   39.456   46.512
   6.312   39.355   45.196
   5.637   40.127   44.221
   5.933   40.023   42.857
   6.915   39.144   42.419
   5.741   39.556   47.828
   6.417   38.784   48.802
   7.312   40.092   41.817
   6.076   38.795   41.648
   7.737   38.409   42.037
   7.256   39.132   49.574
   6.019   37.836   49.404
   5.942   39.174   49.286
  17.193   10.074   17.878
  17.093   10.074   16.532
  17.395   11.220   15.758
  17.292   11.221   14.362
  16.882   10.076   13.690
  17.293   10.073   19.224
  16.990    8.927   19.998
  17.843   10.284   13.017
  16.130   10.823   13.144
  16.539    9.122   13.113
  17.742    8.181   20.544
  16.029    8.719   20.671
  17.184    9.404   20.586
  23.117   19.608   45.474
  24.192   18.807   45.312
  24.070   17.403   45.188
  25.185   16.573   45.020
  26.462   17.118   44.971
  22.042   20.408   45.636
  22.164   21.812   45.761
  26.569   16.448   43.991
  26.710   16.277   45.777
  27.539   17.562   44.927
  21.916   22.653   44.954
  22.057   22.483   46.740
  21.387   21.768   45.818
  45.679   41.092   29.601
  44.531   41.804   29.581
  43.274   41.193   29.360
  42.084   41.930   29.340
  42.109   43.305   29.540
  46.826   40.381   29.621
  48.083   40.992   29.842
  41.247   43.075   30.329
  41.435   43.329   28.557
  42.116   44.459   29.706
  48.757   40.968   30.824
  48.945   41.222   29.052
  48.335   40.257   29.763
   2.948    4.736   28.162
   3.900    3.782   28.239
   3.578    2.404   28.292
   4.566    1.415   28.372
   5.909    1.767   28.401
   1.996    5.690   28.085
   2.317    7.067   28.031
   6.009    0.948   27.542
   5.947    1.032   29.339
   7.040    2.049   28.427
   2.279    7.802   27.094
   2.217    7.886   28.891
   1.540    7.138   28.001
  19.042    4.170   19.795
  19.192    4.946   18.701
  18.152    5.124   17.759
  18.308    5.929   16.624
  19.511    6.584   16.391
  18.891    3.393   20.889
  19.931    3.215   21.832
  18.812    7.536   16.229
  19.407    6.112   15.302
  20.515    7.140   16.183
  20.035    3.687   22.921
  20.630    2.264   21.994
  19.396    2.765   22.179
  37.517   17.128   28.274
  38.352   18.178   28.121
  37.895   19.515   28.193
  38.761   20.604   28.034
  40.113   20.394   27.796
  36.682   16.078   28.428
  37.139   14.740   28.355
  40.258   21.180   28.680
  39.944   21.170   26.908
  41.251   20.232   27.596
  37.308   13.964   29.244
  36.994   13.954   27.471
  36.384   14.588   28.489
   9.476   39.865   45.865
   8.474   38.995   45.619
   8.162   38.561   44.309
   7.122   37.658   44.054
   6.357   37.158   45.100
  10.478   40.735   46.111
  10.790   41.169   47.422
   6.588   36.105   44.593
   5.440   37.479   44.411
   5.707   36.730   45.969
  11.708   40.848   48.111
  10.559   42.222   47.929
  11.338   41.576   47.042
  41.197   23.257   13.171
  40.519   24.314   13.668
  39.140   24.243   13.978
  38.438   25.338   14.494
  39.090   26.545   14.718
  41.874   22.200   12.674
  43.253   22.272   12.364
  38.573   26.476   15.789
  38.169   27.004   14.116
  39.624   27.563   14.911
  44.173   21.812   12.965
  43.770   22.341   11.292
  43.136   21.528   12.157
  17.945   21.222   36.971
  19.228   21.082   36.574
  19.669   19.952   35.846
  20.999   19.806   35.435
  21.937   20.785   35.738
  16.663   21.363   37.367
  16.222   22.493   38.095
  22.202   20.707   34.579
  22.585   19.862   36.121
  22.734   21.600   35.986
  15.574   23.416   37.712
  15.957   22.571   39.255
  15.538   22.117   38.059
  33.915   33.064   42.273
  33.092   33.922   41.633
  33.269   34.254   40.268
  32.415   35.143   39.605
  31.355   35.732   40.281
  34.738   32.207   42.913
  34.562   31.875   44.277
  30.721   35.366   39.341
  31.785   36.740   39.812
  30.461   36.234   40.838
  34.132   30.868   44.746
  35.196   32.241   45.218
  35.192   31.434   44.141
  10.845   11.681   18.803
  12.056   11.701   19.400
  12.622   12.895   19.908
  13.878   12.916   20.526
  14.613   11.744   20.658
   9.634   11.660   18.207
   9.068   10.467   17.699
  14.717   12.092   21.793
  15.496   12.400   20.200
  15.240   10.768   20.776
   8.185    9.811   18.157
   8.964   10.119   16.564
   8.485   10.950   17.508
  28.001   49.247   22.792
  26.690   49.172   22.481
  25.691   49.760   23.294
  24.331   49.681   22.972
  23.921   49.012   21.825
  29.313   49.323   23.103
  30.311   48.734   22.291
  23.293   50.005   21.627
  23.158   48.477   22.568
  23.563   48.454   20.866
  31.074   49.270   21.548
  30.939   47.741   22.489
  30.782   49.031   22.839
  13.742   45.259   34.241
  13.307   46.537   34.231
  14.194   47.630   34.090
  13.743   48.955   34.080
  12.388   49.235   34.210
  14.177   43.981   34.251
  13.289   42.888   34.391
  12.571   49.924   33.255
  12.759   50.001   35.044
  11.254   49.483   34.318
  12.918   42.121   33.558
  13.106   42.199   35.346
  13.953   42.479   34.339
  10.248   46.714   13.188
   9.301   47.311   12.433
   8.323   48.166   12.994
   7.342   48.786   12.211
   7.303   48.572   10.839
  11.194   46.117   13.942
  12.172   45.262   13.381
   7.239   49.761   10.787
   6.149   48.350   11.037
   7.259   48.402    9.686
  13.326   45.484   13.183
  12.236   44.073   13.433
  12.404   45.215   14.125
  15.780   40.945    9.462
  15.348   40.433    8.290
  14.110   39.757    8.178
  13.662   39.226    6.962
  14.437   39.351    5.816
  16.212   41.457   10.634
  17.450   42.132   10.747
  13.421   39.740    5.329
  14.236   38.181    5.710
  15.077   39.449    4.846
  17.651   43.302   10.853
  18.466   41.743   11.234
  17.226   42.197   11.492
  32.552   28.752   24.248
  31.808   28.930   25.360
  30.967   27.913   25.870
  30.195   28.097   27.023
  30.237   29.304   27.709
  33.296   28.575   23.136
  34.138   29.592   22.626
  30.407   28.609   28.661
  29.049   29.228   27.655
  30.264   30.313   28.294
  35.326   29.668   22.680
  33.968   30.288   21.673
  34.290   29.048   22.086
  39.547    3.632   45.109
  40.013    2.784   44.167
  41.394    2.515   44.018
  41.877    1.636   43.041
  40.996    0.995   42.179
  39.081    4.480   46.051
  37.700    4.749   46.201
  41.601    0.018   42.497
  41.741    1.386   41.335
  40.268    0.450   41.449
  36.955    4.357   47.044
  37.096    5.725   45.883
  37.961    5.209   46.775
  12.197    5.733    1.894
  12.620    7.011    1.792
  13.984    7.337    1.605
  14.422    8.662    1.499
  13.512    9.709    1.576
  11.774    4.455    1.997
  10.410    4.128    2.184
  14.056   10.083    0.584
  14.285   10.150    2.369
  12.758   10.597    1.640
   9.637    3.687    1.392
   9.866    3.754    3.176
  10.693    3.400    2.175
  25.923   37.986   38.892
  24.606   38.246   39.039
  23.610   37.333   38.620
  22.245   37.603   38.772
  21.827   38.796   39.348
  27.239   37.726   38.746
  28.236   38.639   39.165
  21.145   38.083   40.017
  21.118   38.858   38.392
  21.462   39.793   39.830
  28.945   38.577   40.120
  28.917   39.352   38.496
  28.710   38.083   38.891
   1.992   36.576   29.971
   3.087   35.932   30.427
   3.008   34.941   31.434
   4.143   34.272   31.908
   5.398   34.571   31.392
   0.897   37.221   29.514
   0.976   38.212   28.507
   5.490   33.389   31.277
   5.707   34.653   32.540
   6.457   34.813   30.967
   0.667   38.130   27.359
   0.885   39.395   28.622
   0.203   38.235   28.618
  35.503    5.069   26.134
  34.765    4.119   25.523
  34.685    2.796   26.020
  33.919    1.810   25.386
  33.205    2.112   24.233
  36.242    6.020   26.745
  36.322    7.342   26.248
  32.303    1.590   24.810
  33.726    1.127   23.809
  32.602    2.352   23.264
  35.801    8.327   26.672
  37.224    7.864   25.671
  36.788    7.433   26.868
  28.004   32.743   48.235
  29.113   33.455   47.940
  29.050   34.810   47.537
  30.200   35.547   47.232
  31.454   34.957   47.319
  26.895   32.032   48.529
  26.959   30.677   48.932
  31.726   35.931   47.948
  31.601   35.414   46.228
  32.513   34.473   47.388
  26.811   30.219   50.023
  26.687   29.702   48.303
  26.183   30.760   48.963
  21.347    4.246   46.407
  21.821    3.210   47.131
  21.103    2.668   48.224
  21.595    1.593   48.975
  22.821    1.022   48.660
  20.873    5.282   45.683
  21.591    5.824   44.591
  22.212   -0.001   48.713
  23.034    1.152   49.825
  23.850    0.533   48.406
  21.379    5.695   43.426
  22.200    6.847   44.537
  20.972    6.299   44.557
  27.352   16.861   18.498
  27.943   17.682   17.604
  27.616   19.056   17.518
  28.228   19.908   16.591
  29.191   19.417   15.718
  26.761   16.040   19.392
  27.089   14.666   19.478
  29.822   20.355   16.092
  28.537   19.973   14.891
  30.000   19.017   14.979
  27.742   14.109   20.305
  26.457   13.727   19.104
  26.553   14.683   20.046
  19.160    8.891    4.398
  18.844    9.748    5.391
  19.665   10.854    5.717
  19.338   11.743    6.748
  18.177   11.558    7.489
  19.476    8.033    3.404
  18.655    6.928    3.078
  17.997   12.712    7.251
  18.907   11.691    8.422
  17.206   11.415    8.119
  17.926    6.795    2.145
  18.836    5.774    3.316
  19.211    6.809    2.542
  10.638   47.499   22.875
   9.353   47.126   23.054
   8.990   45.783   23.311
   7.657   45.397   23.497
   6.639   46.341   23.433
  11.923   47.871   22.695
  12.286   49.215   22.439
   6.295   45.848   24.462
   6.134   45.554   22.694
   5.776   47.122   23.382
  12.792   50.001   23.178
  12.630   49.707   21.410
  13.003   48.906   22.425
  30.455   15.716   45.699
  29.767   14.554   45.724
  28.420   14.471   45.301
  27.707   13.266   45.326
  28.317   12.101   45.776
  31.142   16.878   45.675
  32.490   16.961   46.098
  27.883   11.640   44.766
  27.335   11.999   46.443
  28.816   11.117   46.150
  33.472   17.063   45.431
  32.923   17.423   47.107
  32.393   17.711   45.905
  13.256   44.482   22.149
  14.193   44.541   21.179
  14.738   45.770   20.737
  15.709   45.832   19.731
  16.170   44.668   19.130
  12.319   44.422   23.119
  11.774   43.193   23.561
  17.245   45.128   19.361
  15.949   45.257   18.118
  16.566   43.698   18.618
  11.995   42.604   24.573
  10.700   42.732   23.330
  11.368   43.665   24.033
  13.280   34.415   46.322
  13.068   33.696   45.199
  11.901   33.857   44.416
  11.681   33.112   43.251
  12.621   32.180   42.828
  13.492   35.133   47.445
  14.659   34.973   48.229
  12.502   32.729   41.778
  11.676   31.457   42.747
  13.401   31.394   42.462
  15.604   35.695   48.310
  14.778   34.423   49.280
  14.316   35.525   48.662
  35.245   23.089   20.749
  36.532   22.772   20.492
  37.458   22.498   21.526
  38.793   22.170   21.259
  39.249   22.104   19.948
  33.958   23.405   21.007
  33.032   23.679   19.973
  39.688   21.051   20.291
  40.130   22.794   20.357
  39.644   22.045   18.853
  32.151   22.988   19.564
  32.593   24.732   19.629
  32.548   23.779   20.578
   5.751   26.499    3.303
   4.544   27.103    3.325
   3.869   27.385    4.537
   2.617   28.012    4.560
   1.996   28.380    3.373
   6.958   25.894    3.280
   7.633   25.613    2.069
   1.861   29.429    3.921
   1.054   27.822    3.845
   1.463   28.693    2.384
   8.574   26.170    1.597
   7.768   24.563    1.521
   8.167   25.321    2.558
  11.002   17.816    7.018
  10.093   17.028    7.631
   9.014   17.565    8.374
   8.072   16.749    9.010
   8.173   15.366    8.925
  11.911   18.603    6.405
  12.989   18.066    5.663
   7.022   15.430    8.622
   8.038   15.414   10.108
   8.247   14.204    8.863
  13.124   18.018    4.480
  14.140   18.002    5.966
  13.155   18.822    5.558
   7.651   21.932   18.404
   8.513   22.694   19.111
   8.149   23.296   20.339
   9.042   24.085   21.072
  10.333   24.300   20.604
   6.789   21.171   17.697
   7.153   20.569   16.470
  10.647   23.983   21.709
  10.082   25.445   20.824
  11.419   24.489   20.223
   7.404   19.425   16.250
   6.839   20.887   15.365
   6.419   20.305   16.503
  26.464   10.128   32.395
  26.583   11.393   31.939
  26.841   11.679   30.577
  26.965   12.991   30.105
  26.834   14.064   30.977
  26.345    8.863   32.850
  26.086    8.577   34.212
  26.082   14.477   30.149
  27.852   14.428   30.475
  26.726   14.974   31.698
  25.068    8.213   34.713
  26.837    8.164   35.039
  26.113    7.841   33.953
   3.400   10.629   18.833
   4.239   11.681   18.946
   5.641   11.514   19.043
   6.511   12.605   19.160
   6.011   13.900   19.184
   2.561    9.578   18.721
   1.159    9.744   18.623
   6.841   14.098   18.352
   6.706   14.012   20.145
   5.604   14.993   19.206
   0.463    9.632   17.662
   0.329    9.547   19.455
   1.176    8.964   18.588
   7.261   29.860   31.629
   8.180   29.068   31.038
   9.537   29.063   31.441
  10.490   28.241   30.828
  10.122   27.395   29.790
   6.341   30.652   32.219
   4.985   30.657   31.816
  10.704   26.573   30.427
  11.062   27.876   29.238
   9.826   26.680   28.918
   4.045   30.176   32.368
   4.403   31.479   31.179
   4.929   31.191   32.383
  46.794   37.088   38.277
  45.618   37.539   37.793
  45.173   38.864   38.017
  43.953   39.332   37.515
  43.134   38.492   36.771
  47.971   36.637   38.761
  48.416   35.312   38.537
  43.110   39.406   36.007
  42.286   38.874   37.516
  42.437   37.798   36.145
  49.264   34.930   37.793
  48.439   34.398   39.301
  49.026   35.559   38.958
  42.133   48.253   31.896
  41.151   48.057   30.990
  39.814   47.803   31.376
  38.796   47.600   30.437
  39.079   47.643   29.078
  43.114   48.449   32.802
  44.452   48.702   32.415
  38.143   48.379   29.039
  38.482   46.612   29.053
  39.303   47.677   27.934
  45.048   49.734   32.440
  45.388   47.966   32.454
  44.558   48.729   33.188
  34.459   47.859    2.059
  33.237   48.255    2.475
  33.002   49.555    2.981
  31.735   49.966    3.412
  30.658   49.090    3.353
  35.681   47.464    1.643
  35.917   46.164    1.138
  30.110   50.005    2.822
  30.489   49.427    4.484
  29.745   48.365    3.309
  36.086   45.826    0.007
  36.465   45.249    1.669
  36.645   46.438    1.067
  35.254   16.073   44.274
  36.462   16.420   44.768
  37.334   15.471   45.353
  38.586   15.830   45.864
  39.012   17.151   45.809
  34.046   15.727   43.781
  33.175   16.675   43.196
  40.005   16.676   45.353
  39.260   16.984   46.962
  39.382   18.256   45.769
  32.927   16.843   42.042
  32.182   17.151   43.651
  32.721   16.046   43.106
  11.366   25.829    7.794
  11.224   27.158    7.598
  10.290   27.684    6.674
  10.143   29.061    6.470
  10.924   29.961    7.184
  11.507   24.501    7.990
  12.441   23.975    8.914
   9.881   30.492    7.404
  11.130   30.435    6.110
  11.574   30.728    7.776
  12.236   23.502    9.989
  13.485   23.444    8.694
  12.148   23.297    8.662
  40.933   23.104   22.382
  41.248   21.805   22.575
  42.590   21.358   22.618
  42.917   20.011   22.818
  41.913   19.064   22.982
  40.618   24.402   22.188
  39.276   24.850   22.145
  42.556   18.738   23.931
  42.523   18.465   22.152
  41.081   18.259   23.122
  38.666   25.449   22.975
  38.633   25.176   21.197
  39.622   25.541   22.033
  25.308   23.612   19.364
  24.154   23.940   19.984
  23.956   25.209   20.576
  22.759   25.550   21.219
  21.719   24.633   21.291
  26.462   23.283   18.745
  26.660   22.014   18.152
  21.061   25.543   20.893
  21.719   24.920   22.448
  20.837   23.872   21.360
  26.660   21.726   16.996
  27.317   21.103   18.551
  27.357   22.321   17.981
  16.651   19.986   41.787
  17.952   20.106   42.127
  18.441   19.680   43.385
  19.790   19.804   43.738
  20.699   20.359   42.845
  15.350   19.867   41.447
  14.862   20.293   40.189
  21.343   19.390   43.101
  21.015   21.024   43.782
  21.472   20.823   42.106
  14.545   19.628   39.252
  14.217   21.262   39.933
  14.186   20.034   40.484
  12.158   40.534   23.846
  13.462   40.679   23.528
  14.449   40.938   24.508
  15.801   41.089   24.179
  16.215   40.985   22.857
  10.854   40.389   24.164
   9.867   40.130   23.183
  17.028   40.240   23.305
  16.779   42.009   23.089
  16.576   40.901   21.751
   9.303   39.106   22.950
   9.054   40.876   22.734
   9.397   40.140   23.806
  20.876   31.679    0.361
  19.959   30.706    0.549
  18.628   30.830    0.086
  17.677   29.821    0.280
  18.024   28.651    0.945
  21.793   32.652    0.173
  23.124   32.527    0.636
  17.512   28.121    0.009
  17.037   28.870    1.575
  18.302   27.664    1.501
  24.111   32.308    0.006
  23.637   33.057    1.572
  23.189   33.237    0.317
  30.917   38.609   37.698
  31.200   39.462   38.705
  31.795   39.026   39.913
  32.089   39.911   40.957
  31.796   41.263   40.831
  30.634   37.755   36.691
  30.038   38.191   35.484
  32.921   41.407   41.198
  31.289   41.120   41.900
  31.556   42.401   40.739
  30.546   38.334   34.415
  28.914   38.047   35.117
  30.095   37.433   35.306
  28.425    1.440   13.467
  29.752    1.240   13.325
  30.534    2.002   12.426
  31.911    1.795   12.279
  32.555    0.817   13.027
  27.097    1.640   13.608
  26.315    0.877   14.507
  33.324    1.694   13.272
  33.004    0.490   11.973
  33.108   -0.000   13.649
  25.867    1.204   15.562
  25.547   -0.000   14.263
  25.744    1.330   14.228
  31.041   32.848   38.111
  30.191   33.807   37.686
  29.012   33.500   36.965
  28.131   34.494   36.525
  28.397   35.832   36.789
  31.891   31.889   38.536
  33.069   32.197   39.257
  27.268   35.846   37.171
  28.181   35.970   35.625
  28.607   36.958   37.004
  33.284   32.059   40.420
  34.197   32.183   38.874
  33.152   31.421   39.244
  45.272   10.463   46.084
  44.279   10.924   46.873
  43.291   10.067   47.413
  42.261   10.545   48.232
  42.182   11.897   48.540
  46.266   10.002   45.294
  47.254   10.860   44.755
  42.073   11.503   49.659
  41.044   11.774   48.207
  42.104   13.030   48.807
  48.391   10.983   45.088
  47.363   11.254   43.635
  47.513   10.191   44.446
  46.786   14.796    8.540
  45.544   14.358    8.833
  44.413   14.748    8.077
  43.124   14.293    8.381
  42.920   13.432    9.452
  48.029   15.235    8.246
  49.160   14.845    9.003
  42.305   12.795    8.655
  42.064   14.208    9.744
  42.735   12.710   10.348
  50.016   14.070    8.711
  49.775   15.482    9.800
  49.529   15.304    8.489
  45.231    5.732   32.328
  44.238    4.990   31.793
  43.917    3.702   32.282
  42.887    2.933   31.727
  42.141    3.425   30.664
  46.224    6.473   32.864
  46.545    7.762   32.375
  41.211    3.096   31.332
  42.380    2.365   30.175
  41.507    3.826   29.770
  46.306    8.822   32.863
  47.475    8.091   31.706
  47.083    7.726   32.940
  43.751   31.072    9.072
  42.477   30.633    8.989
  41.906   29.796    9.978
  40.585   29.341    9.891
  39.788   29.705    8.813
  45.025   31.511    9.156
  45.596   32.347    8.167
  38.999   29.989    9.659
  39.559   28.537    8.755
  39.108   30.003    7.913
  45.825   33.515    8.225
  46.385   32.063    7.321
  46.219   32.296    8.635
  12.331   29.313   33.488
  12.112   28.485   34.532
  11.645   28.960   35.781
  11.418   28.101   36.863
  11.649   26.737   36.735
  12.550   30.141   32.445
  13.017   29.667   31.196
  10.558   26.640   37.205
  12.257   26.877   37.750
  11.839   25.591   36.641
  12.408   29.527   30.181
  14.107   29.764   30.726
  12.970   30.424   31.011
  31.836    6.248   36.867
  31.579    5.027   37.382
  31.993    4.660   38.684
  31.726    3.393   39.218
  31.036    2.449   38.469
  32.094    7.469   36.352
  31.680    7.836   35.049
  30.375    2.340   39.455
  31.933    1.731   38.788
  30.458    1.646   37.851
  30.783    8.553   34.730
  32.341    7.944   34.064
  32.026    8.508   35.244
  41.848   46.160    7.179
  43.106   45.713    7.380
  43.986   46.337    8.296
  45.290   45.873    8.504
  45.761   44.769    7.805
  40.590   46.607    6.978
  39.710   45.984    6.062
  46.099   44.392    8.884
  46.693   45.475    7.575
  46.169   43.844    7.224
  38.778   45.277    6.292
  39.372   46.360    4.983
  39.226   46.546    6.307
  34.500   48.155   14.652
  35.601   48.382   13.906
  35.793   47.769   12.645
  36.936   48.005   11.871
  37.927   48.863   12.330
  33.398   47.927   15.398
  33.206   48.541   16.659
  37.828   49.348   11.246
  38.655   47.963   12.046
  38.767   49.581   12.703
  32.478   49.440   16.944
  33.306   48.056   17.743
  32.542   48.131   16.638
  30.264   20.733   29.273
  29.824   19.475   29.485
  30.713   18.386   29.649
  30.257   17.081   29.869
  28.894   16.818   29.931
  30.704   21.992   29.062
  29.815   23.080   28.898
  29.184   16.241   30.933
  29.158   15.951   29.156
  27.753   16.582   29.986
  29.550   23.946   29.672
  29.525   23.656   27.896
  30.483   23.477   28.823
  11.496   39.705   35.394
  10.189   39.389   35.510
   9.332   39.320   34.386
   7.976   38.992   34.506
   7.429   38.722   35.754
  12.803   40.021   35.279
  13.660   40.090   36.403
   6.995   37.755   35.210
   6.591   39.497   35.410
   6.956   38.493   36.795
  14.498   39.315   36.746
  14.094   41.058   36.947
  14.187   40.275   35.856
  35.432   41.929   35.791
  35.010   40.926   36.591
  35.830   40.382   37.607
  35.393   39.343   38.437
  34.119   38.811   38.280
  35.854   42.931   34.991
  35.033   43.475   33.974
  34.047   38.973   39.458
  34.696   37.768   38.289
  33.053   38.354   38.158
  34.457   44.518   33.964
  35.106   43.312   32.796
  35.660   43.926   33.857
  37.099   32.709    0.753
  35.857   33.112    1.094
  35.307   34.328    0.623
  34.019   34.746    0.977
  33.234   33.963    1.815
  38.342   32.306    0.412
  38.892   31.090    0.883
  32.404   34.126    0.975
  33.076   34.985    2.407
  32.565   33.315    2.517
  39.049   30.068    0.290
  39.721   30.927    1.722
  39.502   31.324    0.456
  12.270   15.923   15.595
  12.707   14.949   14.769
  14.085   14.708   14.555
  14.537   13.698   13.698
  13.628   12.893   13.024
  11.834   16.897   16.422
  10.456   17.138   16.635
  14.300   12.004   13.446
  14.290   13.166   12.071
  12.876   12.210   12.451
   9.793   16.865   17.587
   9.784   18.027   16.213
  10.735   17.696   17.105
  12.794   48.564   48.842
  11.448   48.640   48.914
  10.770   49.881   48.963
   9.374   49.961   49.037
   8.607   48.803   49.066
  14.140   48.487   48.770
  14.819   47.246   48.721
   7.990   49.345   48.203
   8.085   49.326   50.000
   7.951   47.838   49.090
  15.341   46.722   47.786
  15.436   46.703   49.583
  15.446   47.711   48.692
   3.228    4.440   42.242
   4.021    3.378   41.985
   3.495    2.080   41.786
   4.317    0.979   41.520
   5.695    1.136   41.443
   2.435    5.502   42.498
   2.962    6.801   42.697
   5.577    0.532   40.423
   5.713    0.207   42.188
   6.853    1.255   41.376
   2.944    7.731   41.952
   3.080    7.405   43.717
   2.207    6.978   42.788
  20.270   27.692   30.431
  19.688   28.006   29.255
  18.808   29.107   29.123
  18.204   29.432   27.903
  18.459   28.669   26.770
  20.852   27.378   31.608
  21.732   26.278   31.739
  18.664   29.728   26.263
  17.271   28.662   26.667
  18.664   28.037   25.812
  22.920   26.285   31.842
  21.527   25.220   32.247
  21.759   26.524   32.480
  37.093   14.463   18.319
  36.892   13.187   18.709
  37.339   12.707   19.963
  37.130   11.383   20.369
  36.467   10.492   19.534
  37.295   15.740   17.928
  36.848   16.220   16.674
  35.825   10.258   20.511
  37.395    9.783   19.770
  35.912    9.734   18.844
  35.919   16.929   16.438
  37.490   16.454   15.697
  37.170   16.882   16.932
  27.942   44.218   40.322
  27.188   44.290   39.205
  27.692   44.820   37.993
  26.910   44.895   36.834
  25.596   44.443   36.846
  28.696   44.146   41.440
  28.193   43.617   42.651
  25.926   43.859   35.861
  25.365   45.499   36.345
  24.492   44.067   36.842
  28.424   42.560   43.152
  27.863   44.201   43.636
  28.912   43.788   42.902
   7.463   20.280    2.862
   6.721   20.880    3.818
   5.771   20.166    4.587
   5.002   20.788    5.578
   5.155   22.144    5.835
   8.206   19.681    1.907
   9.156   20.394    1.138
   5.235   21.788    6.969
   3.966   22.162    5.748
   5.273   23.282    6.061
  10.344   20.376    1.224
   9.075   20.751    0.004
   9.261   19.692    0.813
  25.688   11.692   19.428
  24.962   12.256   18.439
  24.331   11.483   17.436
  23.578   12.069   16.411
  23.430   13.449   16.353
  26.413   11.127   20.416
  27.045   11.900   21.419
  22.273   13.189   16.234
  23.752   13.305   15.215
  23.298   14.606   16.292
  26.723   12.044   22.557
  28.202   12.160   21.538
  27.272   11.196   21.669
  36.504    9.449    1.934
  35.709   10.346    2.555
  36.138   11.667    2.827
  35.313   12.597    3.471
  34.030   12.240    3.865
  37.300    8.552    1.314
  36.871    7.231    1.042
  33.719   13.250    3.313
  34.359   12.713    4.908
  32.951   11.954    4.201
  36.542    6.758   -0.001
  37.181    6.222    1.594
  37.587    7.175    0.736
  38.511   38.204   29.570
  39.118   37.242   28.843
  38.410   36.126   28.338
  39.039   35.128   27.584
  40.398   35.210   27.309
  37.905   39.167   30.297
  38.613   40.283   30.803
  40.052   34.996   26.189
  40.413   34.084   27.698
  41.538   35.267   27.071
  38.598   41.409   30.413
  38.959   40.497   31.923
  37.908   40.469   31.083
  30.955   36.520    9.166
  31.236   35.203    9.260
  31.768   34.471    8.171
  32.061   33.105    8.268
  31.831   32.423    9.456
  30.673   37.837    9.073
  30.141   38.569   10.161
  32.947   32.035    9.297
  31.279   31.639    8.748
  31.644   31.837   10.447
  30.693   39.352   10.869
  29.025   38.956   10.320
  30.172   39.154    9.645
  28.985   37.318   49.222
  29.478   38.574   49.188
  30.865   38.839   49.284
  31.377   40.141   49.248
  30.519   41.226   49.117
  28.492   36.062   49.256
  27.105   35.798   49.161
  31.273   41.552   48.253
  31.131   41.656   50.045
  29.811   42.146   49.006
  26.494   35.368   48.233
  26.351   35.472   50.024
  27.350   35.059   49.224
   4.870   39.016   25.571
   4.259   37.817   25.682
   3.627   37.406   26.879
   2.994   36.163   26.994
   2.969   35.287   25.916
   5.481   40.215   25.460
   6.113   40.627   24.263
   1.804   35.227   26.157
   3.348   34.493   26.720
   2.942   34.542   25.019
   5.735   41.421   23.459
   7.279   40.686   24.022
   6.263   41.265   24.687
  35.145   47.772    7.258
  33.828   47.499    7.383
  33.341   46.173    7.457
  31.976   45.890    7.586
  31.050   46.923    7.647
  36.461   48.045    7.133
  36.948   49.372    7.060
  30.648   46.332    8.601
  30.485   46.292    6.808
  30.261   47.781    7.699
  37.512   50.002    7.898
  37.350   49.963    6.106
  37.635   49.003    7.006
   5.954    6.713   42.704
   5.091    7.734   42.887
   5.452    8.903   43.599
   4.556    9.962   43.789
   3.268    9.890   43.275
   6.818    5.691   42.520
   6.457    4.523   41.808
   3.519   10.973   42.845
   2.950   10.216   44.376
   2.184    9.843   42.848
   6.775    4.197   40.707
   6.206    3.440   42.238
   7.191    4.319   41.981
  19.384   38.224   16.910
  19.829   37.417   15.923
  18.961   36.555   15.212
  19.422   35.718   14.188
  20.767   35.713   13.840
  18.940   39.031   17.897
  19.807   39.893   18.608
  20.346   35.833   12.732
  20.654   34.531   13.935
  21.893   35.700   13.538
  19.920   41.076   18.513
  20.228   39.773   19.717
  19.145   40.079   18.979
  26.293   18.138    4.407
  26.866   19.236    4.946
  28.258   19.475    4.858
  28.852   20.613    5.416
  28.075   21.553    6.082
  25.720   17.041    3.869
  24.328   16.802    3.957
  28.652   22.331    5.388
  28.902   21.442    6.933
  27.435   22.349    6.644
  23.501   16.912    3.106
  23.751   16.024    4.652
  24.521   16.159    3.556
   9.773    3.358   39.318
   8.772    4.256   39.443
   9.012    5.650   39.439
   7.974    6.582   39.568
   6.661    6.152   39.705
  10.773    2.460   39.194
  10.533    1.065   39.198
   6.449    6.938   38.835
   6.645    6.910   40.624
   5.553    5.804   39.821
  10.548    0.307   38.279
  10.745    0.278   40.068
  11.309    1.039   39.112
  12.936   21.459   49.067
  12.770   22.799   49.079
  13.868   23.691   49.066
  13.695   25.081   49.078
  12.418   25.627   49.103
  13.103   20.120   49.056
  12.005   19.227   49.068
  12.825   26.290   48.201
  12.855   26.278   50.001
  11.352   26.099   49.124
  11.568   18.576   48.171
  11.598   18.564   49.971
  12.575   18.694   49.055
  37.624   15.369   42.399
  37.278   14.065   42.462
  37.843   13.097   41.599
  37.484   11.745   41.664
  36.548   11.314   42.595
  37.971   16.672   42.336
  37.406   17.640   43.200
  37.368   10.486   42.844
  36.050   10.779   41.654
  35.763   10.938   43.372
  37.904   18.175   44.141
  36.585   18.468   42.952
  37.875   18.118   42.798
  35.844    6.045   31.399
  35.032    5.767   32.441
  33.731    5.242   32.259
  32.889    4.954   33.340
  33.319    5.180   34.642
  36.655    6.323   30.356
  37.957    6.847   30.538
  32.936    4.067   34.824
  32.272    5.738   34.752
  33.667    5.365   35.739
  39.004    6.289   30.428
  38.340    7.961   30.356
  37.963    6.816   29.758
  24.074   22.901    7.598
  23.294   21.799    7.567
  22.214   21.671    6.661
  21.405   20.529    6.628
  21.647   19.475    7.500
  24.854   24.002    7.630
  25.934   24.130    8.535
  21.582   18.813    6.511
  20.479   19.560    7.721
  21.839   18.582    8.226
  27.102   24.045    8.314
  25.998   24.792    9.524
  26.011   24.821    8.179
  33.334   22.900   11.095
  32.017   22.605   11.125
  31.547   21.270   11.153
  30.182   20.965   11.184
  29.236   21.983   11.187
  34.651   23.194   11.066
  35.120   24.529   11.038
  28.778   21.376   12.105
  28.743   21.351   10.306
  28.432   22.827   11.191
  35.614   25.161   11.919
  35.579   25.135   10.120
  35.815   24.172   11.029
  48.993   37.409   36.653
  48.989   36.213   36.027
  49.446   36.062   34.696
  49.441   34.822   34.047
  48.979   33.689   34.704
  48.998   38.605   37.280
  48.540   38.756   38.610
  50.000   33.209   34.321
  48.338   33.534   33.712
  48.594   32.730   35.245
  49.182   38.912   39.602
  47.519   39.237   38.994
  48.734   39.502   38.479
  40.938    9.644   15.944
  41.708   10.707   15.628
  41.284   12.037   15.861
  42.083   13.139   15.533
  43.334   12.950   14.961
  40.168    8.581   16.260
  40.592    7.252   16.027
  43.693   13.706   15.810
  42.950   13.756   14.171
  44.387   12.807   14.479
  40.976    6.446   16.817
  40.234    6.497   15.178
  39.895    7.088   16.338
  15.038   46.245    3.684
  16.097   46.161    4.518
  16.840   47.302    4.903
  17.938   47.216    5.768
  18.331   45.986    6.279
  13.980   46.328    2.851
  13.236   45.187    2.466
  18.320   46.562    7.322
  19.412   46.325    5.911
  18.672   44.959    6.715
  12.155   44.847    2.834
  13.248   44.611    1.423
  12.831   45.719    2.063
  14.863   46.832   14.144
  13.873   47.573   13.603
  13.802   48.975   13.782
  12.775   49.744   13.222
  11.782   49.138   12.462
  15.853   46.091   14.685
  15.924   44.689   14.505
  12.037   50.000   11.679
  11.047   49.760   13.163
  10.943   48.643   11.821
  16.659   44.067   13.804
  15.669   43.827   15.288
  16.564   44.772   14.945
   9.211   43.537   21.017
   8.904   44.850   21.080
   7.566   45.310   21.042
   7.248   46.672   21.107
   8.256   47.622   21.213
   9.518   42.224   20.954
  10.856   41.764   20.992
   7.589   48.040   22.108
   7.677   48.146   20.313
   9.092   48.430   21.301
  11.435   41.239   21.892
  11.523   41.346   20.097
  10.506   41.068   20.934
  15.273    0.280   23.356
  16.351    0.524   24.130
  16.469   -0.003   25.438
  17.588    0.250   26.242
  18.627    1.039   25.766
  14.195    0.036   22.581
  14.077    0.562   21.273
  19.310    0.139   26.145
  18.502    1.604   26.808
  19.507    1.700   25.380
  14.202   -0.003   20.231
  13.394    1.463   20.894
  13.397    0.178   21.294
  30.326   13.436   20.298
  30.957   12.787   21.300
  30.321   11.772   22.053
  30.974   11.099   23.092
  32.287   11.418   23.416
  29.696   14.084   19.295
  30.332   15.100   18.542
  32.450   10.239   23.359
  31.862   11.475   24.528
  33.389   11.676   23.699
  30.758   15.043   17.431
  30.169   16.279   18.600
  29.641   15.115   18.178
  34.204   21.659   25.526
  33.062   20.991   25.793
  32.409   21.094   27.044
  31.224   20.402   27.322
  30.651   19.581   26.358
  35.346   22.327   25.258
  36.000   22.224   24.007
  29.656   20.179   26.629
  30.615   18.785   27.244
  30.159   18.889   25.559
  36.036   23.020   23.121
  36.995   21.627   23.736
  36.500   22.719   24.347
  16.239    5.504    3.798
  16.508    4.354    4.453
  16.174    3.089    3.915
  16.453    1.897    4.594
  17.076    1.927    5.835
  15.970    6.654    3.143
  16.304    7.919    3.681
  17.798    1.114    5.348
  16.190    1.197    6.153
  17.598    1.939    6.877
  17.190    8.650    3.364
  15.583    8.732    4.169
  15.983    8.169    3.015
  40.399   10.673   43.889
  41.697   10.841   43.557
  42.162   12.017   42.922
  43.508   12.192   42.578
  44.436   11.196   42.856
  39.101   10.505   44.221
  38.636    9.330   44.856
  45.064   12.094   43.325
  44.749   11.350   41.716
  45.226   10.369   43.084
  38.323    9.175   45.995
  38.008    8.432   44.387
  37.953    9.706   44.816
  19.873   31.801   40.889
  20.738   30.831   40.527
  22.139   30.996   40.637
  23.037   29.989   40.261
  22.565   28.781   39.762
  19.007   32.772   41.252
  17.606   32.607   41.142
  23.307   28.309   40.566
  23.359   28.978   38.896
  22.183   27.763   39.342
  16.812   32.410   42.008
  16.864   33.080   40.338
  17.605   33.332   41.433
  42.956   23.020    5.839
  42.344   24.037    6.483
  42.874   25.349    6.487
  42.240   26.404    7.155
  41.054   26.183    7.843
  43.567   22.004    5.195
  43.038   20.691    5.192
  40.676   27.137    7.237
  41.612   26.756    8.727
  40.058   26.012    8.425
  42.479   20.119    4.308
  43.415   19.737    5.798
  43.672   20.551    4.757
  27.486   15.117   10.415
  28.258   14.012   10.485
  29.279   13.749    9.541
  30.078   12.602    9.613
  29.886   11.677   10.632
  26.715   16.223   10.346
  25.694   16.486   11.290
  31.066   11.776   10.767
  29.886   10.888    9.739
  29.736   10.893   11.482
  25.695   17.275   12.183
  24.515   16.387   11.154
  25.598   17.124   10.850
  39.639   25.768   34.150
  40.520   25.141   34.958
  40.100   24.341   36.048
  41.013   23.691   36.887
  42.379   23.818   36.666
  38.759   26.394   33.341
  39.179   27.194   32.251
  42.371   22.630   36.755
  42.411   24.073   37.830
  43.528   23.916   36.493
  39.147   26.939   31.088
  39.186   28.383   32.163
  38.409   27.285   32.158
  39.168   32.211   16.216
  40.217   33.060   16.262
  40.046   34.465   16.238
  41.134   35.345   16.286
  42.430   34.853   16.360
  38.119   31.362   16.169
  38.290   29.958   16.193
  42.535   35.628   17.258
  42.630   35.609   15.461
  43.524   34.453   16.422
  38.090   29.202   17.092
  38.185   29.182   15.295
  37.510   29.969   16.152
  27.969    4.407   46.980
  27.613    4.382   45.678
  26.944    5.467   45.063
  26.575    5.441   43.713
  26.862    4.330   42.930
  28.325    4.432   48.282
  28.994    3.347   48.898
  27.300    5.139   42.172
  25.714    4.415   42.620
  27.096    3.404   42.261
  30.141    3.263   49.208
  28.555    2.538   49.655
  28.955    3.816   49.522
  24.228   40.119   49.666
  24.032   41.441   49.474
  22.876   42.105   49.950
  22.672   43.475   49.751
  23.618   44.232   49.069
  24.424   38.798   49.858
  25.580   38.134   49.383
  23.514   44.965   50.002
  22.674   44.614   48.449
  24.403   44.878   48.498
  26.524   37.751   50.002
  25.684   37.401   48.449
  25.231   37.517   49.711
  46.952    6.464   37.403
  46.087    5.427   37.386
  44.685    5.620   37.366
  43.789    4.545   37.348
  44.261    3.239   37.349
  47.817    7.500   37.421
  49.218    7.307   37.441
  43.507    3.102   36.437
  43.480    3.095   38.237
  44.645    2.138   37.350
  50.000    7.451   36.553
  49.973    7.444   38.353
  49.219    8.088   37.444
  36.777    7.596   46.996
  36.032    7.654   45.872
  35.954    8.827   45.084
  35.181    8.888   43.918
  34.459    7.778   43.498
  37.521    7.537   48.121
  37.599    6.364   48.908
  34.975    8.002   42.448
  33.561    8.556   43.413
  33.848    6.853   43.134
  38.498    5.586   48.993
  37.083    6.140   49.959
  38.070    6.814   49.340
  39.320   11.166   33.611
  38.429   11.846   34.363
  38.423   13.260   34.425
  37.499   13.965   35.205
  36.548   13.282   35.953
  40.210   10.486   32.858
  40.216    9.073   32.796
  35.788   14.043   35.441
  36.924   13.988   36.836
  35.745   12.721   36.585
  39.840    8.367   31.913
  40.976    8.311   33.308
  40.816    9.202   32.313
  17.817   21.899    7.517
  16.975   20.911    7.887
  17.420   19.583    8.093
  16.547   18.559    8.477
  15.197   18.825    8.668
  18.659   22.887    7.146
  18.214   24.214    6.940
  15.363   18.249    9.699
  15.043   17.874    7.968
  14.061   19.035    8.833
  18.368   25.165    7.641
  18.048   24.789    5.910
  18.969   24.329    6.776
  27.460   37.294   16.039
  27.700   36.174   15.325
  28.726   35.266   15.677
  28.975   34.104   14.936
  28.207   33.810   13.817
  27.219   38.415   16.753
  26.193   39.323   16.401
  28.106   32.738   14.329
  29.265   33.647   13.294
  27.570   33.550   12.876
  25.135   39.486   16.924
  26.293   40.394   15.889
  26.458   39.701   17.031
  15.525   17.029   19.152
  15.186   18.329   19.281
  15.964   19.235   20.040
  15.612   20.584   20.174
  14.469   21.074   19.555
  15.865   15.729   19.022
  15.086   14.822   18.263
  15.204   21.927   19.166
  14.239   21.529   20.632
  13.512   21.498   19.041
  15.316   14.367   17.187
  14.352   13.969   18.653
  15.640   14.321   18.492
   9.615   38.565   20.694
   8.828   39.647   20.871
   7.851   40.028   19.921
   7.035   41.150   20.105
   7.167   41.932   21.246
  10.402   37.482   20.516
  11.379   37.101   21.467
   5.983   41.810   21.308
   7.201   42.833   20.467
   7.266   42.597   22.199
  11.344   36.200   22.246
  12.563   37.224   21.404
  11.504   36.528   20.951
  48.180   45.172   11.020
  47.654   44.089   10.409
  47.969   42.771   10.817
  47.423   41.648   10.184
  46.544   41.803    9.119
  48.706   46.254   11.631
  48.392   47.572   11.223
  45.870   41.036    9.733
  47.256   41.011    8.585
  45.805   41.919    8.225
  47.680   48.365   11.758
  49.066   48.340   10.609
  48.878   47.755   11.806
  35.128   46.138   40.368
  33.798   45.904   40.385
  33.201   45.035   41.329
  31.823   44.793   41.346
  30.991   45.411   40.421
  36.457   46.371   40.351
  37.054   47.241   39.408
  30.345   45.691   41.383
  30.574   44.308   40.253
  30.282   45.924   39.650
  37.472   48.344   39.576
  37.700   46.961   38.446
  37.704   47.036   39.789
  45.719   39.504    5.463
  45.083   40.694    5.438
  45.789   41.920    5.397
  45.129   43.155    5.372
  43.741   43.208    5.386
  46.354   38.313    5.488
  45.649   37.087    5.529
  43.890   43.949    4.464
  43.910   43.997    6.263
  42.577   43.267    5.397
  45.480   36.298    4.651
  45.500   36.347    6.451
  46.372   36.793    5.529
  39.364   43.142   14.835
  38.457   42.822   13.888
  37.739   43.811   13.173
  36.798   43.480   12.191
  36.541   42.148   11.888
  40.272   43.461   15.782
  40.989   42.472   16.497
  36.695   42.510   10.763
  35.402   42.475   12.014
  36.316   41.035   11.624
  42.128   42.146   16.370
  40.835   42.111   17.622
  41.304   43.100   16.839
   2.595   12.549   24.316
   2.122   12.569   23.052
   1.659   13.759   22.442
   1.168   13.779   21.131
   1.123   12.610   20.383
   3.068   12.530   25.580
   3.531   11.339   26.190
   1.659   13.275   19.552
  -0.000   12.945   20.168
   1.079   11.635   19.744
   4.654   11.004   26.405
   2.995   10.675   27.021
   3.658   11.822   26.790
   8.110    6.016   25.365
   8.798    6.875   26.146
  10.142    6.636   26.521
  10.856    7.527   27.331
  10.252    8.688   27.796
   7.421    5.157   24.583
   6.078    5.396   24.209
  11.241    9.212   27.386
  10.676    8.331   28.851
   9.757    9.667   28.193
   5.654    5.753   23.154
   5.089    4.873   24.619
   6.172    4.716   23.837
  26.533   32.020   34.690
  26.849   32.432   35.936
  26.955   31.529   37.020
  27.283   31.957   38.313
  27.516   33.303   38.567
  26.216   31.608   33.444
  26.110   32.511   32.360
  28.501   32.897   39.101
  26.755   33.131   39.467
  27.715   34.429   38.794
  26.872   32.682   31.460
  25.125   32.917   31.825
  25.941   31.856   31.969
  24.704   44.163    5.677
  25.613   45.047    6.140
  25.522   46.432    5.861
  26.463   47.349    6.342
  27.530   46.915    7.119
  23.796   43.278    5.213
  23.887   41.894    5.492
  27.192   47.798    7.845
  28.179   47.563    6.358
  28.430   46.564    7.772
  23.238   41.246    6.253
  24.225   41.011    4.766
  23.235   41.873    5.063
  47.456   36.945   34.379
  46.983   35.681   34.352
  45.596   35.400   34.337
  45.105   34.089   34.309
  45.983   33.013   34.295
  47.930   38.209   34.406
  49.317   38.490   34.421
  45.310   32.644   33.383
  45.298   32.610   35.183
  46.709   32.100   34.282
  50.002   38.893   33.533
  49.989   38.859   35.333
  49.059   39.227   34.433
  46.806   16.806   12.234
  46.892   15.530   11.800
  46.853   14.431   12.690
  46.941   13.108   12.240
  47.072   12.838   10.883
  46.721   18.081   12.668
  46.760   19.181   11.778
  46.178   12.075   11.082
  47.970   12.141   11.241
  47.182   12.597    9.748
  45.862   19.877   11.420
  47.653   19.943   11.579
  46.686   19.585   12.442
   5.939    2.724    8.060
   6.799    2.183    8.950
   7.986    2.845    9.343
   8.878    2.284   10.265
   8.614    1.041   10.827
   5.079    3.265    7.171
   3.892    2.603    6.778
   8.846    1.601   11.853
   9.737    0.804   10.507
   8.405   -0.001   11.306
   2.769    2.841    7.098
   3.659    2.043    5.752
   3.805    3.244    6.341
   8.525   10.976   26.926
   7.649    9.956   27.055
   6.510    9.836   26.225
   5.602    8.779   26.359
   5.801    7.804   27.328
   9.400   11.995   26.796
  10.540   12.115   27.626
   5.618    7.051   26.423
   4.661    8.023   27.597
   5.956    6.979   28.138
  11.680   11.896   27.358
  10.722   12.868   28.532
  10.657   12.754   27.193
  22.335   33.253   41.654
  21.713   33.212   42.852
  20.845   32.153   43.209
  20.200   32.109   44.451
  20.399   33.124   45.379
  22.958   33.295   40.457
  23.825   34.354   40.099
  20.601   32.220   46.129
  19.209   33.127   45.437
  20.558   33.968   46.167
  25.016   34.350   40.041
  23.624   35.257   39.349
  23.885   33.941   39.439
  23.706   20.167   47.920
  24.879   20.246   47.257
  25.642   19.097   46.941
  26.859   19.179   46.254
  27.357   20.414   45.858
  22.532   20.087   48.582
  21.770   21.237   48.898
  27.487   19.877   44.802
  28.361   20.027   46.368
  27.786   21.445   45.520
  20.765   21.624   48.388
  21.640   21.774   49.954
  21.294   20.704   49.214
  10.090   29.791   25.059
  10.235   28.464   25.260
  11.270   27.722   24.644
  11.422   26.346   24.853
  10.543   25.663   25.685
   9.944   31.118   24.857
   8.909   31.861   25.473
  11.543   25.237   26.174
  10.468   24.905   24.769
   9.813   25.078   26.381
   8.984   32.619   26.390
   7.909   32.288   24.984
   9.242   32.448   25.081
   3.847   15.042    7.217
   2.892   15.729    7.880
   2.901   17.142    7.954
   1.910   17.855    8.641
   0.876   17.180    9.277
   4.802   14.355    6.555
   4.794   12.942    6.481
   0.185   17.958    8.697
   1.168   17.872   10.202
   0.003   16.626    9.816
   4.502   12.249    5.556
   5.485   12.164    7.062
   5.443   13.066    6.064
   4.311   46.489   25.190
   4.565   45.285   25.748
   5.676   45.071   26.597
   5.939   43.824   27.175
   5.099   42.745   26.925
   4.058   47.692   24.633
   2.947   47.906   23.784
   5.115   42.625   28.110
   6.118   42.175   26.685
   4.403   41.832   26.723
   1.928   48.476   24.024
   2.931   48.026   22.598
   3.238   48.630   23.761
  10.280   26.288   14.593
  11.201   26.867   13.793
  12.393   26.203   13.418
  13.348   26.804   12.589
  13.145   28.090   12.106
   9.359   25.709   15.392
   8.167   26.373   15.767
  13.422   27.599   11.056
  14.253   28.274   12.503
  12.987   29.170   11.693
   7.059   26.189   15.370
   7.890   26.864   16.817
   8.042   25.705   16.151
  14.257    5.795   32.721
  14.212    6.778   33.645
  15.360    7.180   34.369
  15.314    8.200   35.327
  14.119    8.854   35.595
  14.301    4.811   31.797
  13.153    4.410   31.074
  14.777    9.838   35.457
  14.398    8.624   36.731
  13.122    9.412   35.831
  12.873    4.640   29.939
  12.495    3.426   31.213
  13.661    3.912   30.751
  11.675    8.841   21.894
  12.421    9.065   20.791
  11.834    9.320   19.529
  12.607    9.552   18.384
  13.994    9.536   18.462
  10.930    8.618   22.997
  11.517    8.362   24.260
  13.908   10.573   17.879
  13.908    8.808   17.522
  15.159    9.526   18.512
  11.603    9.090   25.199
  11.603    7.326   24.842
  10.769    8.318   24.479
  29.999   14.526   12.814
  30.407   15.803   12.659
  29.623   16.763   11.975
  30.047   18.087   11.814
  31.268   18.500   12.330
  29.591   13.248   12.970
  30.375   12.289   13.654
  30.627   19.394   12.786
  31.431   18.949   11.239
  32.292   18.859   12.759
  30.213   11.839   14.745
  31.017   11.394   13.198
  29.773   11.825   13.474
  18.343   18.471   39.874
  18.905   17.243   39.876
  18.125   16.062   39.877
  18.708   14.789   39.879
  20.090   14.651   39.880
  17.782   19.698   39.872
  18.561   20.879   39.871
  19.886   13.896   38.981
  19.884   13.899   40.781
  21.249   14.521   39.882
  18.767   21.632   38.970
  18.766   21.634   40.770
  17.857   21.217   39.870
  24.952   11.450   42.785
  24.145   12.474   43.137
  22.737   12.337   43.185
  21.901   13.399   43.549
  22.442   14.635   43.879
  25.758   10.426   42.434
  27.166   10.562   42.386
  21.738   14.543   44.835
  21.630   15.050   43.111
  22.884   15.678   44.157
  27.978   10.148   43.153
  27.870   10.655   41.429
  27.125    9.813   42.168
  31.448   10.166   45.122
  31.979   11.387   45.347
  31.224   12.441   45.913
  31.774   13.707   46.146
  33.100   13.964   45.821
  30.917    8.945   44.897
  31.673    7.891   44.331
  33.151   14.401   46.929
  32.647   14.924   45.282
  34.212   14.193   45.554
  32.127    6.931   44.871
  31.623    7.454   43.224
  30.999    7.506   44.415
  26.455   31.608   18.058
  27.426   32.041   18.890
  27.138   32.542   20.181
  28.145   32.992   21.044
  29.476   32.956   20.646
  25.485   31.175   17.225
  25.773   30.674   15.934
  29.641   32.427   21.701
  29.483   34.086   21.022
  30.596   32.931   20.325
  25.765   29.543   15.558
  25.607   31.202   14.879
  24.996   30.590   15.909
  39.256   31.726   13.132
  40.085   31.612   14.192
  40.649   30.371   14.572
  41.509   30.253   15.671
  41.834   31.372   16.429
  38.427   31.839   12.073
  37.862   33.080   11.692
  42.952   30.988   16.277
  41.540   30.674   17.348
  42.116   32.302   17.073
  38.157   33.778   10.772
  36.745   33.464   11.843
  37.538   32.640   11.134
  17.920   16.062    2.419
  16.724   15.608    1.988
  16.515   14.250    1.649
  15.274   13.780    1.202
  14.199   14.651    1.079
  19.117   16.515    2.850
  19.326   17.873    3.189
  13.617   13.813    1.695
  14.096   14.164   -0.004
  13.288   15.371    0.970
  19.429   18.360    4.272
  19.908   18.710    2.573
  20.048   17.614    3.339
  19.083   35.162   17.492
  18.114   35.038   16.561
  16.880   35.723   16.668
  15.874   35.594   15.702
  16.067   34.777   14.596
  20.053   35.285   18.424
  21.287   34.600   18.317
  15.693   35.732   13.988
  14.999   34.340   14.895
  16.215   34.094   13.662
  22.354   35.037   18.017
  21.661   33.646   18.924
  21.428   34.969   18.991
  26.728    4.761   22.366
  26.352    3.535   22.787
  25.200    3.337   23.585
  24.810    2.066   24.022
  25.558    0.947   23.677
  27.104    5.987   21.944
  28.256    6.186   21.146
  24.501    0.500   23.356
  25.495    0.706   24.842
  26.176   -0.001   23.394
  28.318    6.426   19.981
  29.313    6.632   21.467
  28.030    6.932   21.194
  21.707   30.018   47.014
  20.615   30.022   46.220
  19.310   30.183   46.742
  18.177   30.187   45.919
  18.309   30.030   44.545
  22.800   30.015   47.807
  24.105   29.854   47.285
  17.605   30.990   44.499
  17.461   29.206   44.689
  18.406   29.899   43.391
  24.954   30.678   47.142
  24.810   28.894   47.332
  24.299   29.918   48.039
  26.993   20.060    8.250
  26.481   20.379    7.042
  25.439   21.325    6.896
  24.908   21.656    5.643
  25.400   21.052    4.493
  27.506   19.742    9.458
  28.547   18.795    9.605
  25.466   22.171    4.090
  24.248   20.857    4.259
  25.803   20.552    3.519
  29.700   18.990    9.838
  28.482   17.676   10.008
  28.460   18.974   10.360
  15.424    5.647   36.459
  14.310    5.280   35.789
  14.138    3.971   35.281
  12.984    3.590   34.586
  11.961    4.506   34.374
  16.537    6.014   37.129
  16.709    7.323   37.637
  11.268    3.632   34.794
  12.036    4.132   33.245
  11.094    5.264   34.189
  16.634    7.697   38.766
  17.402    8.197   37.217
  17.390    7.025   37.878
  33.504   15.228   40.665
  33.324   14.053   41.306
  34.356   13.091   41.414
  34.169   11.873   42.078
  32.943   11.573   42.658
  33.685   16.402   40.025
  32.652   17.364   39.917
  33.606   11.301   43.610
  33.063   10.544   42.069
  31.919   11.309   43.149
  32.532   18.393   40.505
  31.989   17.636   38.965
  33.205   17.757   39.529
  20.044    9.567   36.537
  20.970    8.589   36.634
  22.340    8.872   36.846
  23.300    7.858   36.947
  22.925    6.525   36.839
  19.118   10.544   36.440
  17.748   10.261   36.228
  23.562    6.400   37.838
  23.823    6.470   36.058
  22.623    5.402   36.750
  16.849   10.316   37.009
  17.110   10.387   35.229
  17.693   11.040   36.251
  14.957   21.619   25.328
  15.513   21.448   26.546
  15.395   20.233   27.261
  15.972   20.056   28.524
  16.689   21.088   29.117
  14.400   21.790   24.110
  14.518   23.005   23.395
  17.513   20.243   29.288
  16.004   20.846   30.062
  17.293   21.945   29.627
  15.204   23.246   22.451
  13.695   23.849   23.225
  14.093   22.614   22.870
  35.960    6.584   13.136
  36.073    6.391   11.805
  34.986    6.597   10.922
  35.103    6.397    9.541
  36.311    5.984    8.994
  35.847    6.776   14.467
  36.934    6.570   15.350
  36.130    6.888    8.239
  35.635    5.170    8.446
  37.319    5.637    8.521
  37.610    7.384   15.898
  37.115    5.666   16.105
  36.405    6.786   15.882
  30.315   42.535   18.560
  29.725   43.337   19.472
  30.123   43.347   20.830
  29.512   44.179   21.776
  28.481   45.030   21.397
  30.904   41.733   17.648
  30.506   41.722   16.290
  29.121   45.851   21.977
  27.921   44.558   22.338
  27.614   45.749   21.093
  31.066   42.194   15.349
  29.866   40.901   15.710
  31.070   41.185   16.239
   4.685   28.486   30.238
   3.507   29.031   29.867
   2.610   29.591   30.808
   1.388   30.156   30.423
   1.019   30.181   29.084
   5.863   27.942   30.609
   6.760   27.382   29.668
   0.795   31.331   29.302
  -0.005   29.730   29.492
   0.698   30.209   27.963
   7.785   27.833   29.260
   6.984   26.232   29.450
   7.183   27.247   30.311
  21.845   18.065   34.044
  22.351   18.488   32.866
  23.581   19.184   32.785
  24.105   19.623   31.563
  23.420   19.381   30.380
  21.339   17.642   35.222
  20.110   16.945   35.303
  24.476   18.979   30.002
  23.603   20.542   30.188
  22.855   19.184   29.379
  19.927   15.784   35.495
  19.053   17.347   35.681
  20.280   16.950   36.066
   6.079   25.983    5.463
   4.914   25.319    5.307
   3.732   25.710    5.977
   2.524   25.021    5.815
   2.456   23.916    4.976
   7.244   26.648    5.619
   8.427   26.256    4.949
   1.501   24.474    4.532
   1.928   23.401    5.913
   2.385   22.986    4.276
   8.954   26.771    4.012
   9.381   25.698    5.393
   8.721   26.869    5.334
  18.509   40.089   21.085
  18.937   41.356   20.902
  18.442   42.172   19.858
  18.887   43.486   19.668
  19.843   44.031   20.517
  18.080   38.822   21.267
  18.575   38.006   22.312
  19.076   44.940   20.586
  20.380   44.341   19.500
  20.645   44.500   21.221
  18.038   37.695   23.329
  19.342   37.096   22.242
  18.079   37.489   22.000
  43.064   17.086    7.627
  43.255   16.468    8.811
  44.476   16.565    9.520
  44.675   15.924   10.748
  43.659   15.162   11.312
  42.873   17.705    6.442
  41.652   17.608    5.734
  43.901   15.800   12.290
  44.515   14.343   11.430
  42.814   14.520   11.797
  40.795   18.428    5.616
  41.410   16.971    4.756
  42.032   18.066    5.228
  47.053   29.373    8.864
  47.310   29.709   10.146
  47.235   31.047   10.601
  47.501   31.395   11.931
  47.851   30.417   12.853
  46.797   29.038    7.582
  46.871   27.700    7.127
  47.006   30.928   13.520
  48.743   31.163   13.112
  48.145   29.606   13.638
  45.979   26.953    6.869
  47.716   27.188    6.461
  46.667   28.031    6.450
   3.292   35.114   17.245
   2.595   36.267   17.331
   3.185   37.523   17.054
   2.462   38.719   17.142
   1.123   38.701   17.511
   3.989   33.961   17.160
   3.398   32.706   17.436
   0.984   39.391   16.549
   1.457   39.549   18.278
  -0.002   38.701   17.819
   3.064   31.858   16.669
   3.538   32.016   18.398
   4.116   32.450   17.263
  21.750   39.802   42.853
  21.972   38.504   43.150
  23.272   37.944   43.146
  23.501   36.598   43.453
  22.439   35.763   43.776
  21.529   41.100   42.556
  20.229   41.659   42.560
  23.123   35.468   44.706
  22.933   35.039   42.969
  21.556   35.051   44.048
  19.735   42.384   43.367
  19.546   41.954   41.630
  20.621   42.304   42.358
  32.266    7.599   47.178
  32.754    6.367   47.439
  32.882    5.383   46.430
  33.388    4.106   46.700
  33.784    3.767   47.988
  31.778    8.830   46.918
  31.650    9.815   47.927
  34.774    3.387   47.443
  33.110    2.803   47.802
  34.121    3.470   49.064
  32.325   10.779   48.112
  30.660   10.195   48.471
  31.373   10.237   47.331
  30.558    7.883   27.952
  29.628    7.061   28.481
  29.326    5.803   27.908
  28.361    4.950   28.457
  27.663    5.325   29.598
  31.489    8.706   27.422
  31.790    9.964   27.995
  27.971    4.240   29.985
  26.708    5.010   28.959
  27.070    5.627   30.555
  32.746   10.279   28.634
  31.482   11.049   27.608
  32.294    9.996   27.399
  11.234   34.214    8.387
  10.113   33.482    8.218
   8.863   34.080    7.928
   7.700   33.321    7.752
   7.745   31.937    7.860
  12.356   34.946    8.557
  13.605   34.347    8.846
   7.159   31.967    6.822
   6.811   32.093    8.584
   7.768   30.774    7.947
  14.539   34.191    8.122
  14.190   34.317    9.884
  13.843   35.091    8.840
  17.927   33.327    9.860
  17.469   34.496   10.356
  17.496   34.785   11.741
  17.021   35.998   12.255
  16.503   36.965   11.403
  18.384   32.158    9.364
  18.358   31.869    7.979
  17.237   37.694   11.995
  15.597   36.975   12.176
  16.066   37.785   10.698
  19.264   31.859    7.205
  17.624   31.140    7.386
  18.678   31.199    8.221
  35.512   44.827   28.961
  34.510   45.721   29.097
  34.751   47.114   29.166
  33.711   48.040   29.307
  32.393   47.608   29.384
  36.515   43.933   28.824
  36.273   42.540   28.756
  32.209   48.435   28.546
  32.351   48.322   30.337
  31.282   47.258   29.450
  36.315   41.826   27.802
  36.458   41.713   29.593
  37.052   42.517   28.692
   7.866    2.320   32.395
   6.752    2.334   33.158
   6.808    2.234   34.569
   5.653    2.249   35.360
   4.401    2.364   34.769
   8.979    2.305   31.632
   8.923    2.405   30.222
   4.241    3.222   35.581
   4.133    1.429   35.458
   3.344    2.461   34.286
   9.191    3.340   29.533
   9.084    1.548   29.410
   9.699    2.354   30.294
  46.047   27.437   46.207
  44.932   28.199   46.238
  44.987   29.611   46.175
  43.831   30.401   46.207
  42.579   29.805   46.303
  47.161   26.676   46.177
  47.107   25.264   46.240
  42.314   30.518   45.385
  42.415   30.594   47.181
  41.522   29.319   46.384
  47.270   24.475   45.362
  47.372   24.551   47.157
  47.883   25.338   46.193
  13.404   12.314   34.115
  12.114   11.986   34.341
  11.402   11.111   33.487
  10.064   10.770   33.721
   9.391   11.293   34.819
  14.693   12.642   33.889
  15.405   13.517   34.743
   9.085   10.157   35.008
   8.554   11.560   34.014
   8.814   11.724   35.736
  16.243   13.250   35.548
  15.711   14.654   34.553
  15.981   13.375   34.234
  40.706   47.426   16.809
  41.927   47.914   16.503
  42.167   49.301   16.364
  43.434   49.807   16.046
  44.505   48.943   15.857
  39.485   46.938   17.115
  39.245   45.551   17.255
  45.063   49.679   16.610
  44.667   49.571   14.858
  45.413   48.229   15.696
  39.083   44.922   18.254
  38.687   44.815   16.501
  38.520   45.799   17.403
  14.646    6.628   23.968
  13.342    6.278   23.996
  12.930    4.935   24.169
  11.578    4.572   24.197
  10.590    5.539   24.055
  15.949    6.978   23.940
  16.362    8.321   23.768
  10.128    5.023   25.025
  10.154    4.786   23.241
   9.751    6.340   23.937
  16.798    9.073   24.582
  16.824    8.836   22.798
  17.071    7.998   23.821
  22.587   31.135   19.551
  22.450   30.957   18.219
  22.672   29.703   17.603
  22.530   29.519   16.222
  22.161   30.584   15.409
  22.724   31.312   20.882
  22.502   32.566   21.498
  21.358   29.812   14.986
  23.092   30.234   14.751
  21.853   31.468   14.714
  21.572   32.916   22.156
  23.306   33.337   21.922
  22.687   32.163   22.142
  16.442   31.748   10.313
  15.747   31.716    9.156
  16.042   32.585    8.079
  15.320   32.552    6.880
  14.278   31.649    6.714
  17.138   31.779   11.469
  16.843   30.910   12.546
  14.830   31.399    5.689
  13.675   32.610    6.350
  13.401   30.895    6.562
  17.446   29.949   12.910
  16.290   31.160   13.572
  17.436   31.294   12.879
  18.098   44.824    9.328
  19.305   44.357    9.713
  19.635   42.983    9.641
  20.887   42.499   10.040
  21.853   43.372   10.524
  16.891   45.290    8.944
  16.560   46.664    9.015
  22.560   42.818    9.741
  21.936   42.581   11.412
  22.673   44.093   10.933
  16.478   47.455    8.128
  15.854   47.218    9.799
  15.882   46.407    8.726
  11.968   30.938    1.656
  12.685   29.808    1.482
  14.095   29.826    1.357
  14.838   28.653    1.177
  14.199   27.422    1.114
  11.251   32.069    1.830
   9.841   32.051    1.954
  15.019   27.101    1.917
  14.859   27.275    0.133
  13.675   26.381    1.060
   9.181   32.198    2.936
   9.021   32.371    1.151
   9.944   32.823    2.020
  11.654   24.945    1.543
  12.443   23.935    1.969
  11.962   22.610    2.095
  12.779   21.563    2.537
  14.107   21.804    2.870
  10.866   25.954    1.116
  11.347   27.280    0.991
  14.318   20.868    2.164
  13.830   21.206    3.863
  15.222   21.992    3.153
  11.623   27.878   -0.002
  11.135   28.215    1.697
  10.614   27.410    0.754
  36.678   43.248    7.492
  36.494   41.984    7.929
  37.295   41.419    8.949
  37.104   40.108    9.402
  36.105   39.316    8.851
  36.862   44.512    7.055
  36.061   45.077    6.034
  35.820   39.110    9.989
  36.979   38.512    8.749
  35.271   38.639    8.396
  35.187   45.880    6.136
  36.346   45.283    4.896
  36.519   45.696    6.164
  46.061   33.370   21.258
  45.393   34.478   21.645
  44.040   34.433   22.057
  43.348   35.581   22.459
  43.984   36.817   22.462
  46.728   32.262   20.871
  48.081   32.307   20.458
  43.542   36.896   23.565
  43.015   37.172   21.867
  44.506   37.859   22.469
  49.050   31.952   21.053
  48.523   32.228   19.354
  47.968   31.539   20.368
  28.217   20.241   32.422
  29.182   21.145   32.150
  29.404   22.276   32.970
  30.405   23.213   32.688
  31.221   23.052   31.575
  27.251   19.338   32.694
  27.030   18.206   31.874
  32.101   23.242   32.354
  30.935   24.189   31.363
  31.912   22.929   30.644
  27.315   17.069   32.086
  26.149   18.016   31.094
  26.470   18.067   32.400
  23.327   18.499   39.422
  24.673   18.587   39.479
  25.503   18.057   38.463
  26.899   18.149   38.523
  27.514   18.774   39.600
  21.981   18.410   39.365
  21.151   18.940   40.381
  28.114   19.358   38.752
  28.180   17.786   39.626
  28.043   19.296   40.498
  20.485   19.928   40.355
  20.551   18.356   41.229
  20.587   18.660   39.919
  19.114   23.497   31.291
  20.412   23.274   31.590
  20.805   22.310   32.549
  22.150   22.078   32.860
  23.150   22.803   32.223
  17.817   23.720   30.991
  17.424   24.684   30.033
  23.632   21.728   32.041
  23.549   22.979   33.333
  24.000   23.403   31.697
  17.026   24.508   28.923
  16.942   25.759   30.215
  16.711   24.433   30.229
   4.630   30.414   42.010
   5.738   30.032   41.338
   6.054   30.546   40.059
   7.202   30.150   39.363
   8.076   29.226   39.922
   3.523   30.795   42.681
   3.207   30.281   43.961
   8.906   30.029   39.629
   7.980   28.689   38.862
   8.817   28.451   40.379
   3.303   30.818   45.020
   2.376   29.479   44.253
   2.590   30.753   43.881
  27.020   31.945   24.760
  25.683   31.792   24.876
  24.798   32.896   24.863
  23.412   32.737   24.984
  22.862   31.469   25.121
  28.356   32.099   24.644
  29.241   30.995   24.656
  22.139   31.830   24.246
  22.279   31.962   26.035
  22.388   30.410   25.236
  29.824   30.501   23.742
  29.965   30.634   25.531
  29.775   31.558   24.572
  18.427   19.089   24.675
  18.769   19.134   23.370
  19.030   20.356   22.705
  19.385   20.403   21.352
  19.490   19.230   20.614
  18.086   19.044   25.981
  17.824   17.822   26.645
  20.541   19.685   20.285
  18.803   19.812   19.834
  19.582   18.253   19.984
  18.512   17.240   27.425
  16.773   17.367   26.975
  17.702   18.300   27.251
   8.555   26.947   10.452
   8.114   25.779    9.939
   6.739   25.527    9.720
   6.282   24.316    9.188
   7.184   23.312    8.857
   8.996   28.116   10.964
  10.371   28.367   11.184
   6.588   23.296    7.825
   6.446   22.621    9.488
   7.929   22.461    8.575
  11.109   29.058   10.553
  10.967   28.383   12.216
  10.097   29.052   11.439
  16.880    1.950   11.252
  16.489    1.624   12.503
  16.428    0.281   12.944
  16.023   -0.056   14.241
  15.664    0.937   15.143
  17.271    2.275   10.002
  17.331    3.619    9.560
  16.409    0.362   15.873
  14.702    0.255   15.312
  15.359    1.762   15.910
  18.293    4.301    9.391
  16.586    4.194    8.829
  17.570    3.279    8.899
  46.905   24.987   10.763
  46.149   25.984   10.257
  44.914   25.736    9.613
  44.130   26.771    9.088
  44.553   28.090    9.188
  47.661   23.989   11.269
  48.897   24.237   11.913
  43.451   28.276    9.601
  44.304   28.122    8.024
  44.897   29.202    9.265
  49.146   24.205   13.077
  49.999   24.051   11.500
  48.893   23.460   11.987
  10.677    1.234    6.911
  11.867    1.448    7.511
  13.089    1.057    6.913
  14.324    1.279    7.535
  14.381    1.899    8.777
   9.486    1.020    6.312
   8.265    1.410    6.910
  15.202    2.585    8.252
  15.084    0.980    9.058
  14.443    2.419    9.819
   7.561    2.329    6.628
   7.443    0.724    7.435
   7.969    1.103    6.255
  27.545   37.592   33.456
  27.797   38.917   33.408
  26.792   39.882   33.656
  27.054   41.256   33.606
  28.331   41.715   33.307
  27.292   36.267   33.504
  28.297   35.302   33.257
  28.174   42.391   34.276
  27.758   42.407   32.524
  29.398   42.114   33.057
  28.871   34.610   34.039
  28.454   34.626   32.288
  27.708   34.808   33.392
  10.424   18.696    3.825
   9.870   19.827    3.337
  10.526   21.078    3.417
   9.951   22.250    2.911
   8.701   22.213    2.307
  10.978   17.566    4.313
  10.322   16.315    4.234
   9.246   22.822    1.440
   8.467   23.128    3.034
   7.652   22.196    1.798
  10.556   15.399    3.507
   9.777   15.706    5.101
  10.970   16.072    4.597
   7.478   35.646    4.756
   6.706   35.103    5.721
   6.346   35.822    6.886
   5.545   35.259    7.887
   5.076   33.958    7.759
   8.250   36.188    3.790
   8.609   35.469    2.625
   4.025   34.449    8.034
   5.498   33.835    8.867
   4.675   32.867    7.665
   8.187   35.592    1.518
   9.660   34.979    2.351
   8.981   36.135    2.458
   1.525   23.206   29.217
   1.369   24.178   30.142
   2.449   24.988   30.568
   2.287   25.995   31.526
   1.040   26.229   32.093
   1.681   22.235   28.293
   0.602   21.425   27.867
   1.271   27.364   31.814
   1.642   26.182   33.120
  -0.001   26.436   32.576
  -0.001   21.472   26.840
   0.371   20.289   28.145
   1.157   21.106   27.420
  38.488   46.118   41.872
  37.522   47.013   42.166
  37.787   48.185   42.913
  36.785   49.114   43.218
  35.481   48.903   42.788
  39.455   45.223   41.578
  39.189   44.051   40.831
  35.566   50.027   42.400
  35.206   49.138   43.923
  34.383   48.739   42.432
  39.464   43.816   39.695
  39.104   42.927   41.218
  39.953   43.934   40.943
  36.592    8.469   36.979
  37.390    9.553   37.078
  36.867   10.860   37.216
  37.695   11.984   37.318
  39.076   11.841   37.286
  35.793    7.385   36.880
  36.317    6.078   36.742
  39.039   12.527   38.260
  39.017   12.707   36.470
  40.237   11.736   37.261
  36.376    5.212   37.558
  36.354    5.392   35.767
  35.559    5.890   36.732
  28.582   36.039   30.104
  27.810   37.103   30.411
  27.984   38.361   29.787
  27.183   39.464   30.106
  26.180   39.349   31.059
  29.354   34.975   29.797
  29.180   33.717   30.421
  25.505   39.862   30.222
  26.671   40.337   31.508
  25.333   39.266   31.857
  28.688   32.728   29.973
  29.855   33.203   31.258
  29.774   33.522   29.954
  44.914   26.437   32.350
  45.998   26.644   33.128
  46.369   27.937   33.567
  47.493   28.152   34.374
  48.286   27.082   34.770
  43.831   26.229   31.572
  43.459   24.937   31.132
  48.163   27.561   35.854
  49.179   27.769   34.383
  48.960   26.193   35.109
  42.566   24.249   31.519
  43.582   24.458   30.048
  42.882   25.335   30.790
  46.997   27.673   31.459
  46.177   28.735   31.311
  44.768   28.598   31.290
  43.918   29.699   31.136
  44.445   30.977   30.999
  47.817   26.611   31.608
  49.225   26.748   31.629
  43.660   31.252   31.852
  43.708   31.040   30.065
  44.875   32.055   30.882
  49.963   26.685   32.563
  50.011   26.473   30.776
  49.193   25.973   31.720
  34.513   40.946    6.941
  34.895   41.386    5.724
  35.173   40.497    4.658
  35.569   40.953    3.395
  35.701   42.314    3.153
  34.131   40.506    8.159
  33.853   41.395    9.224
  35.037   42.076    2.193
  36.760   42.000    2.706
  35.816   43.454    2.935
  32.794   41.709    9.671
  34.517   41.634   10.184
  33.711   40.727    9.604
   3.237   35.446   33.711
   4.159   36.163   33.032
   5.390   36.545   33.616
   6.345   37.288   32.913
   6.104   37.675   31.601
   2.315   34.730   34.389
   1.085   34.347   33.805
   7.190   37.224   31.406
   6.437   38.750   31.994
   5.915   38.006   30.499
   0.752   33.273   33.412
  -0.001   34.798   34.000
   0.975   34.023   34.506
  45.860    5.146   40.137
  44.581    5.564   40.031
  43.487    4.701   40.279
  42.160    5.135   40.169
  41.880    6.446   39.807
  47.140    4.729   40.243
  48.233    5.591   39.995
  41.159    6.417   40.755
  41.145    5.935   39.020
  41.631    7.545   39.504
  48.968    6.103   40.782
  48.955    5.621   39.047
  48.642    4.949   40.170
   5.272   19.506   26.651
   3.994   19.072   26.679
   3.620   17.886   27.355
   2.295   17.435   27.385
   1.296   18.154   26.740
   6.550   19.941   26.622
   6.923   21.127   25.946
   0.724   18.041   27.779
   1.013   17.094   26.276
   0.448   18.748   26.203
   7.207   22.187   26.411
   7.495   21.240   24.907
   7.631   20.927   26.208
  44.342   19.818   32.986
  44.807   20.496   31.915
  45.634   21.637   32.051
  46.116   22.340   30.940
  45.788   21.929   29.655
  43.877   19.140   34.056
  43.050   17.999   33.920
  46.961   22.021   29.466
  45.502   23.075   29.501
  45.520   21.594   28.570
  43.336   16.853   34.075
  41.878   17.907   34.109
  43.081   18.016   34.701
  16.783   42.937   46.471
  17.581   44.022   46.389
  17.060   45.338   46.371
  17.888   46.463   46.286
  19.267   46.313   46.216
  15.984   41.851   46.552
  16.506   40.536   46.570
  19.269   47.124   47.089
  19.171   47.061   45.293
  20.427   46.202   46.157
  16.602   39.789   47.494
  16.504   39.725   45.697
  15.749   40.351   46.618
  26.298   29.994   27.102
  26.646   30.043   25.798
  26.276   29.027   24.885
  26.637   29.078   23.533
  27.381   30.145   23.047
  25.949   29.945   28.405
  26.320   30.960   29.319
  26.541   30.178   22.202
  28.061   29.288   22.575
  28.006   31.036   22.625
  25.640   31.818   29.791
  27.159   30.928   30.163
  25.930   30.504   29.819
   9.161   33.954   19.225
   8.398   34.834   18.541
   8.917   35.604   17.473
   8.127   36.515   16.763
   6.789   36.689   17.095
   9.923   33.075   19.910
   9.404   32.305   20.978
   6.614   36.548   15.925
   7.072   37.847   17.084
   5.665   36.846   17.364
   9.121   31.148   20.989
   9.579   32.447   22.148
  10.135   32.032   20.995
  34.485   43.772   46.241
  34.982   43.492   45.017
  34.939   44.428   43.958
  35.454   44.138   42.689
  36.031   42.900   42.434
  33.988   44.052   47.464
  34.031   43.116   48.524
  36.920   43.552   41.984
  35.317   42.909   41.480
  36.517   41.865   42.207
  34.745   43.107   49.478
  33.141   42.463   48.974
  33.677   43.695   48.910
  33.155    2.845   21.193
  33.603    4.018   21.687
  34.965    4.394   21.610
  35.429    5.612   22.122
  34.548    6.496   22.731
  32.708    1.671   20.698
  31.346    1.295   20.776
  35.057    7.296   22.009
  35.365    6.509   23.599
  33.819    7.248   23.245
  30.529    1.282   19.908
  30.837    0.495   21.498
  31.611    0.658   20.410
  39.357   21.154   44.028
  38.847   22.045   44.905
  38.117   23.180   44.481
  37.588   24.104   45.390
  37.771   23.925   46.756
  39.867   20.263   43.151
  40.598   19.127   43.575
  36.595   24.112   46.806
  38.120   25.064   46.726
  37.917   23.788   47.904
  40.248   17.989   43.605
  41.774   18.941   43.525
  40.638   18.998   42.806
  30.652   36.538   21.391
  31.428   35.441   21.516
  31.885   34.714   20.391
  32.691   33.576   20.520
  33.068   33.125   21.779
  29.875   37.635   21.266
  29.418   38.362   22.391
  34.160   33.105   21.301
  32.688   32.071   21.372
  33.393   32.736   22.829
  29.798   39.416   22.798
  28.327   38.382   22.869
  29.083   38.801   21.838
  23.082   40.577   26.158
  23.905   41.579   25.780
  24.810   42.187   26.682
  25.664   43.225   26.289
  25.642   43.692   24.981
  22.259   39.576   26.537
  21.354   38.968   25.635
  26.824   43.556   25.050
  25.565   44.761   25.502
  25.634   44.094   23.886
  21.431   37.899   25.115
  20.172   39.104   25.566
  21.175   38.545   26.267
  22.636   37.257    4.611
  21.317   37.541    4.647
  20.765   38.630    3.932
  19.397   38.925    3.969
  18.532   38.140    4.722
  23.956   36.973    4.575
  24.508   35.883    5.290
  17.886   38.120    3.720
  18.155   39.189    5.143
  17.795   37.490    5.349
  24.885   34.834    4.868
  25.153   35.903    6.291
  25.170   36.145    4.968
  28.239   24.996   33.123
  27.646   23.838   33.483
  26.240   23.684   33.487
  25.626   22.483   33.861
  26.396   21.392   34.244
  28.831   26.155   32.763
  30.238   26.309   32.759
  25.712   20.801   33.467
  25.656   21.362   35.177
  27.031   20.469   34.567
  30.978   26.339   31.826
  30.922   26.900   33.536
  30.052   27.028   32.517
  40.179   12.593    3.044
  40.892   11.551    3.520
  42.183   11.717    4.075
  42.923   10.636    4.570
  42.398    9.350    4.526
  39.465   13.635    2.568
  38.174   13.469    2.012
  42.723    9.319    5.672
  43.454    9.075    4.045
  41.970    8.266    4.496
  37.119   13.744    2.493
  37.850   13.500    0.866
  38.230   14.243    1.922
  22.634   25.359   39.885
  23.674   26.217   39.819
  24.188   26.680   38.584
  25.266   27.570   38.516
  25.869   28.029   39.680
  21.594   24.501   39.950
  21.080   24.038   41.185
  25.733   29.100   39.174
  26.877   27.710   39.130
  26.385   28.423   40.650
  20.073   24.357   41.736
  21.217   22.968   41.691
  20.591   23.651   40.715
   5.682   43.384   24.452
   4.394   43.072   24.193
   3.476   44.027   23.698
   2.140   43.703   23.429
   1.676   42.412   23.646
   6.969   43.697   24.712
   7.888   42.741   25.207
   1.243   42.521   22.542
   0.796   42.966   24.227
   1.273   41.332   23.824
   8.768   42.187   24.626
   8.321   42.632   26.312
   8.375   43.351   25.176
  40.486   40.130   35.751
  41.042   41.092   34.984
  42.321   41.629   35.264
  42.897   42.627   34.470
  42.215   43.125   33.367
  39.931   39.167   36.517
  38.651   38.631   36.237
  43.244   42.922   32.801
  42.488   44.184   33.839
  41.653   43.551   32.438
  38.378   37.572   35.765
  37.622   38.834   36.802
  38.809   38.204   36.872
  24.260   30.466    6.837
  23.495   29.353    6.835
  23.684   28.315    5.892
  22.891   27.161    5.890
  21.880   27.005    6.830
  25.025   31.578    6.839
  24.835   32.616    7.782
  22.378   25.934    6.995
  21.215   26.736    5.878
  21.029   26.860    7.613
  25.501   32.885    8.733
  24.338   33.687    7.617
  25.431   32.936    7.391
  18.266    4.877   23.463
  17.589    4.549   22.342
  17.325    5.494   21.322
  16.622    5.154   20.159
  16.160    3.857   19.975
  18.944    5.205   24.583
  19.208    4.260   25.603
  16.679    3.962   18.908
  15.131    4.400   19.715
  15.766    2.772   19.808
  20.237    3.718   25.863
  18.689    4.155   26.670
  19.556    4.876   25.936
  12.009   38.765   31.615
  13.089   39.565   31.742
  14.405   39.047   31.788
  15.525   39.876   31.919
  15.369   41.254   32.010
  10.929   37.965   31.488
   9.613   38.484   31.442
  16.204   41.273   31.160
  16.090   41.143   32.952
  15.252   42.411   32.087
   8.891   38.595   30.500
   8.777   38.464   32.291
   9.431   37.727   31.375
   8.454   30.242   10.171
   9.716   30.702   10.034
  10.008   32.085    9.981
  11.317   32.562    9.838
  12.380   31.673    9.743
   7.193   29.782   10.308
   6.901   28.398   10.361
  12.862   32.362   10.587
  12.678   32.333    8.797
  13.281   30.937    9.663
   6.602   27.738   11.308
   6.418   27.709    9.517
   6.169   28.663   10.432
   6.742   12.753   23.115
   5.754   11.916   22.733
   6.016   10.594   22.301
   4.992    9.726   21.905
   3.669   10.149   21.926
   7.730   13.590   23.497
   7.467   14.912   23.928
   3.488    9.127   22.512
   3.648    9.712   20.818
   2.554   10.491   21.939
   7.488   15.349   25.037
   7.648   15.934   23.342
   8.244   14.927   24.007
  10.473   20.888   18.636
  11.530   21.523   18.086
  11.777   22.899   18.310
  12.873   23.558   17.740
  13.760   22.866   16.925
   9.417   20.252   19.185
   9.170   18.877   18.962
  14.587   23.367   17.621
  13.589   23.781   16.182
  14.512   22.297   16.239
   9.341   17.961   19.705
   8.342   18.375   18.266
   8.559   19.020   19.426
   9.487   20.666   12.132
   9.268   21.265   13.322
   8.582   22.498   13.426
   8.355   23.119   14.660
   8.806   22.530   15.834
   9.706   20.067   10.942
  10.393   18.834   10.838
   7.693   22.730   16.209
   9.254   23.613   16.052
   9.180   22.046   16.827
   9.945   17.751   10.620
  11.506   18.634   10.463
  10.255   18.943   10.077
  28.880   12.351   31.365
  28.264   12.694   32.517
  28.242   14.029   32.987
  27.604   14.385   34.181
  26.965   13.418   34.948
  29.496   12.008   30.214
  29.518   10.674   29.744
  26.060   14.194   34.937
  27.589   13.901   35.841
  26.425   12.617   35.601
  28.894   10.191   28.851
  30.422    9.898   29.755
  29.925   10.998   29.161
  39.331   33.340   40.066
  40.221   32.694   40.849
  39.871   32.188   42.123
  40.795   31.519   42.935
  42.101   31.332   42.501
  38.440   33.986   39.284
  38.790   34.492   38.009
  41.908   30.201   42.823
  42.382   31.766   43.575
  43.201   31.168   42.150
  38.509   34.058   36.936
  38.983   35.623   37.688
  38.042   34.717   38.011
  47.130   46.130   20.423
  46.904   46.737   21.607
  45.991   46.216   22.555
  45.758   46.846   23.783
  46.428   48.019   24.108
  47.355   45.523   19.238
  48.268   46.043   18.291
  46.662   47.449   25.128
  45.338   48.413   24.382
  46.984   49.003   24.393
  49.359   45.649   18.017
  48.035   46.613   17.270
  48.040   45.416   17.885
  21.546   10.387    9.210
  21.334    9.062    9.060
  20.160    8.432    9.536
  19.939    7.058    9.380
  20.885    6.266    8.742
  21.759   11.711    9.361
  22.932   12.342    8.884
  19.947    5.875    8.119
  20.754    5.567    9.698
  21.671    5.589    8.208
  23.063   13.041    7.928
  23.870   12.732    9.507
  22.587   12.974    9.185
  36.679   20.330    8.828
  38.026   20.320    8.743
  38.804   19.269    9.285
  40.201   19.259    9.197
  40.870   20.299    8.566
  35.331   20.340    8.912
  34.554   21.391    8.371
  41.429   19.418    7.991
  41.533   20.301    9.556
  41.445   21.166    8.038
  33.890   21.389    7.381
  33.995   22.272    8.946
  33.967   20.959    8.653
  41.159   35.389   39.857
  40.788   35.017   41.101
  39.443   35.091   41.536
  39.059   34.706   42.826
  40.005   34.232   43.726
  41.530   35.761   38.613
  42.874   35.687   38.178
  39.224   33.345   43.879
  39.506   35.023   44.465
  40.788   33.833   44.492
  43.372   34.896   37.439
  43.654   36.574   38.025
  42.565   35.969   37.519
  19.292   44.728   16.659
  19.944   45.821   17.111
  19.781   47.093   16.512
  20.457   48.226   16.980
  21.320   48.127   18.064
  18.640   43.636   16.208
  18.803   42.364   16.807
  20.708   49.066   18.470
  22.074   48.714   17.351
  22.047   48.059   18.973
  18.050   41.778   17.520
  19.415   41.426   16.401
  18.295   42.156   16.252
  24.470    6.852   45.086
  24.781    7.790   46.006
  25.017    9.139   45.651
  25.340   10.112   46.605
  25.439    9.770   47.947
  24.158    5.914   44.166
  23.922    4.565   44.521
  24.729   10.714   48.106
  26.478   10.350   47.885
  25.525    9.496   49.078
  22.883    3.985   44.584
  24.632    3.621   44.362
  23.810    4.493   43.751
  24.602   31.372   27.352
  23.587   30.525   27.077
  23.396   29.324   27.800
  22.344   28.445   27.514
  21.446   28.737   26.495
  25.616   32.219   27.628
  25.807   33.420   26.905
  20.626   28.493   27.325
  21.674   27.619   26.151
  20.685   28.969   25.643
  25.579   34.538   27.249
  26.627   33.664   26.075
  26.413   33.493   27.392
  11.175   41.228   42.491
  12.182   40.766   41.720
  12.015   39.665   40.848
  13.060   39.186   40.048
  14.309   39.792   40.092
  10.167   41.689   43.262
  10.334   42.791   44.134
  14.206   39.795   38.905
  14.702   38.675   40.224
  15.363   40.292   40.120
   9.941   43.908   44.003
  10.437   42.788   45.322
   9.583   42.643   44.292
  28.587   29.649   40.781
  29.551   28.836   41.260
  30.704   28.513   40.505
  31.704   27.669   41.003
  31.588   27.120   42.274
  27.622   30.462   40.301
  26.469   30.786   41.056
  32.701   27.524   42.408
  31.847   26.100   41.714
  31.504   26.651   43.338
  26.211   31.806   41.615
  25.356   30.382   40.921
  26.297   31.201   40.417
  46.697   15.101   24.774
  46.521   14.603   23.531
  46.854   13.267   23.205
  46.671   12.750   21.917
  46.150   13.552   20.908
  46.873   15.599   26.016
  46.540   16.935   26.343
  45.419   12.628   20.730
  47.083   13.150   20.285
  45.714   14.213   20.053
  45.607   17.337   26.966
  47.271   17.860   26.521
  46.797   16.715   27.046
  33.339    8.529   17.348
  32.036    8.680   17.029
  31.560    9.820   16.340
  30.209    9.977   16.010
  29.285    8.999   16.357
  34.642    8.377   17.667
  35.118    7.237   18.356
  28.953    9.092   15.216
  28.665    9.922   16.788
  28.499    8.186   16.642
  35.738    6.315   17.925
  35.450    7.144   19.496
  35.801    7.610   18.284
  41.892    5.320   27.072
  43.080    5.960   27.038
  44.298    5.269   26.831
  45.530    5.933   26.796
  45.589    7.310   26.965
  40.704    4.681   27.106
  39.486    5.371   27.312
  46.263    7.272   25.983
  46.436    7.046   27.761
  45.653    8.466   27.106
  38.639    5.636   26.517
  38.812    5.410   28.294
  39.190    4.651   27.250
  11.148   44.466   16.121
  11.517   45.764   16.135
  10.569   46.814   16.117
  10.952   48.161   16.131
  12.297   48.505   16.164
  10.779   43.167   16.107
  11.727   42.118   16.125
  11.960   49.216   17.059
  12.002   49.223   15.260
  13.423   48.809   16.192
  12.023   41.400   17.030
  12.065   41.407   15.230
  11.082   41.677   16.108
  37.722   28.489   44.577
  37.217   27.598   43.698
  36.602   26.395   44.119
  36.078   25.471   43.207
  36.150   25.717   41.841
  38.227   29.380   45.457
  38.842   30.583   45.036
  34.991   25.444   41.863
  36.583   24.607   41.796
  36.204   25.911   40.692
  38.409   31.692   45.081
  40.002   30.856   45.014
  38.927   30.684   45.806
  25.378   25.462   43.829
  25.176   25.755   45.131
  23.965   25.440   45.792
  23.756   25.744   47.142
  24.751   26.373   47.880
  25.579   25.170   42.526
  26.790   25.485   41.865
  24.539   25.502   48.665
  23.867   27.106   48.201
  25.577   26.902   48.511
  27.673   24.752   41.545
  27.002   26.356   41.080
  26.422   25.156   41.260
   0.829   37.362   22.866
   0.879   36.035   23.109
   0.546   35.491   24.372
   0.598   34.115   24.624
   0.984   33.234   23.622
   0.780   38.689   22.623
   1.113   39.234   21.359
  -0.001   32.645   23.939
   1.714   32.804   24.460
   1.307   32.483   22.789
   0.383   39.663   20.521
   2.098   39.823   21.042
   0.940   39.904   21.721
  28.634    9.029   20.539
  27.657    8.749   19.651
  27.385    9.588   18.545
  26.372    9.298   17.624
  25.594    8.157   17.776
  29.611    9.309   21.427
  29.883    8.470   22.534
  25.859    7.980   16.628
  24.686    8.913   17.624
  24.933    7.203   17.892
  30.791    7.713   22.685
  29.618    8.646   23.682
  30.430    9.009   22.673
  37.297   11.975   39.484
  37.476   10.637   39.464
  36.393    9.733   39.576
  36.579    8.346   39.556
  37.855    7.813   39.422
  37.117   13.313   39.504
  38.200   14.217   39.392
  37.349    7.152   38.570
  37.535    7.150   40.360
  38.921    7.352   39.311
  38.520   14.879   38.455
  38.706   14.877   40.245
  37.628   14.744   39.452
  16.275   47.259   30.575
  16.836   46.787   29.441
  16.535   45.501   28.934
  17.117   45.012   27.758
  18.021   45.792   27.048
  15.713   47.730   31.709
  16.015   49.016   32.216
  17.338   45.504   26.115
  18.693   44.808   27.075
  18.782   46.436   26.442
  15.344   50.001   32.189
  16.698   49.305   33.149
  15.510   48.799   32.771
  22.650    1.592   36.245
  22.030    1.409   37.430
  22.750    1.174   38.625
  22.107    0.984   39.854
  20.721    1.022   39.932
  23.270    1.776   35.060
  22.550    2.011   33.865
  20.922    1.771   40.837
  20.856   -0.001   40.528
  19.558    1.051   40.012
  22.415    3.034   33.269
  22.348    1.262   32.960
  23.269    2.037   33.562
  23.877   23.292   27.707
  24.919   24.129   27.899
  26.252   23.661   27.977
  27.332   24.528   28.176
  27.118   25.895   28.305
  22.835   22.456   27.515
  21.501   22.924   27.438
  27.982   25.976   27.488
  27.810   25.780   29.269
  26.953   27.044   28.416
  20.810   23.039   26.474
  20.638   22.843   28.255
  21.353   22.163   27.340
  11.263   11.489   24.689
  12.108   12.377   25.254
  13.512   12.267   25.120
  14.388   13.188   25.706
  13.891   14.253   26.448
  10.418   10.600   24.124
   9.014   10.710   24.258
  14.624   14.900   25.767
  14.688   13.892   27.257
  13.487   15.151   27.072
   8.217   11.071   23.449
   8.280   10.063   24.939
   9.028   10.064   23.820
  49.493   40.464   10.281
  49.092   40.991   11.457
  50.014   41.365   12.464
  49.599   41.912   13.684
  48.247   42.105   13.941
  49.893   39.936    9.105
  48.971   39.562    8.098
  48.596   43.199   14.258
  48.495   41.547   14.964
  47.116   42.272   14.170
  48.723   40.120    7.075
  48.622   38.468    7.781
  49.626   39.361    7.722
  41.377    5.291    2.663
  42.435    4.539    3.035
  42.332    3.540    4.032
  43.429    2.760    4.417
  44.669    2.952    3.820
  40.319    6.042    2.292
  40.423    7.041    1.295
  44.641    1.768    3.684
  45.061    2.983    4.945
  45.715    3.103    3.327
  40.030    7.011    0.170
  40.450    8.225    1.431
  39.664    7.133    1.459
   2.682   27.971   15.196
   3.148   26.704   15.157
   4.533   26.414   15.152
   5.016   25.101   15.111
   4.131   24.031   15.074
   2.216   29.237   15.235
   0.831   29.527   15.239
   4.804   23.611   15.963
   4.810   23.669   14.164
   3.399   23.123   15.042
   0.152   29.889   16.149
   0.158   29.947   14.350
   1.093   30.262   15.264
   8.570   37.046   19.380
   8.263   36.240   20.419
   7.149   35.368   20.388
   6.830   34.533   21.465
   7.614   34.539   22.612
   8.877   37.851   18.341
   9.991   38.723   18.372
   7.602   33.356   22.470
   6.568   34.653   23.170
   8.264   34.535   23.580
  11.038   38.610   17.814
  10.004   39.906   18.514
   9.735   38.905   17.657
  32.642   27.793   14.755
  31.308   27.986   14.833
  30.391   26.908   14.806
  29.008   27.108   14.887
  28.492   28.393   14.997
  33.976   27.600   14.678
  34.892   28.677   14.705
  27.870   27.925   15.899
  27.782   28.044   14.105
  28.045   29.466   15.090
  35.602   29.026   15.596
  35.515   29.145   13.802
  35.412   28.098   14.641
  30.845    4.080    4.420
  29.515    4.122    4.648
  28.890    5.243    5.245
  27.511    5.286    5.481
  26.707    4.210    5.127
  32.175    4.039    4.193
  32.799    2.918    3.595
  26.036    5.048    4.611
  26.291    4.322    6.239
  26.020    3.313    4.836
  33.214    2.806    2.484
  33.470    2.080    4.112
  33.438    3.357    3.691
  16.634   21.879   31.899
  17.441   20.856   32.257
  17.638   19.730   31.423
  18.474   18.670   31.794
  19.142   18.698   33.012
  15.828   22.901   31.542
  15.631   24.027   32.376
  20.093   18.424   32.348
  18.699   17.599   33.132
  19.709   18.709   34.031
  16.074   25.126   32.255
  14.679   24.301   33.039
  15.168   24.249   31.787
  32.014   32.434   12.641
  32.593   31.251   12.343
  31.851   30.047   12.282
  32.451   28.821   11.973
  33.814   28.753   11.716
  31.436   33.617   12.938
  32.178   34.820   12.999
  33.470   28.142   10.752
  33.787   27.858   12.501
  34.958   28.683   11.497
  32.206   35.716   12.214
  32.522   35.431   13.963
  31.478   35.118   13.175
   9.437   31.311   45.627
  10.441   31.652   46.464
  10.301   31.583   47.870
  11.342   31.937   48.738
  12.559   32.372   48.229
   8.434   30.971   44.791
   8.574   31.040   43.385
  13.013   31.567   48.981
  12.416   33.265   49.006
  13.586   32.739   47.816
   8.717   30.147   42.608
   8.120   31.845   42.633
   7.837   30.781   43.405
  21.823    9.310   34.739
  21.485   10.614   34.653
  21.074   11.359   35.784
  20.723   12.711   35.695
  20.771   13.367   34.471
  22.161    8.006   34.825
  22.572    7.261   33.694
  21.383   14.187   35.082
  19.673   13.723   34.766
  20.806   13.930   33.450
  23.671    6.906   33.399
  21.960    6.441   33.083
  22.630    6.690   34.223
  21.837   22.555   30.077
  21.467   21.275   29.858
  20.410   20.667   30.576
  20.027   19.339   30.349
  20.687   18.573   29.397
  22.207   23.835   30.295
  23.264   24.443   29.578
  19.584   18.323   29.022
  20.752   17.771   30.276
  21.233   17.918   28.601
  23.199   25.244   28.699
  24.367   24.693   29.953
  23.073   25.054   30.025
   3.946   23.064    2.643
   3.689   24.276    2.107
   4.722   25.189    1.787
   4.455   26.446    1.231
   3.146   26.835    0.975
   4.203   21.852    3.179
   3.170   20.939    3.499
   3.578   27.120   -0.098
   3.465   27.827    1.553
   2.052   27.174    0.755
   2.852   19.947    2.920
   2.738   20.654    4.572
   3.775   20.500    3.728
  39.598   39.252   41.776
  40.332   38.276   42.352
  41.092   38.502   43.524
  41.853   37.489   44.121
  41.880   36.215   43.568
  38.864   40.228   41.201
  38.104   40.003   40.029
  41.646   35.867   44.683
  43.061   36.336   43.674
  41.912   35.142   43.114
  36.923   39.883   39.923
  38.338   40.351   38.914
  37.925   40.757   40.128
  12.873   45.171    7.295
  12.945   46.516    7.395
  14.182   47.193    7.514
  14.257   48.588    7.617
  13.098   49.354    7.605
  12.801   43.827    7.195
  11.564   43.149    7.076
  13.680   49.986    6.780
  13.577   49.859    8.572
  12.133   50.009    7.596
  11.085   42.644    6.109
  10.982   42.517    7.901
  12.031   42.523    7.058
  27.906    1.529   43.077
  28.872    1.940   43.926
  30.145    1.324   43.969
  31.147    1.750   44.849
  30.911    2.808   45.718
  26.940    1.117   42.228
  25.667    1.734   42.185
  31.947    3.216   45.295
  31.347    2.061   46.538
  30.726    3.695   46.453
  25.231    2.480   41.365
  24.631    1.325   42.608
  25.545    1.199   41.629
   9.445   40.991    9.113
   9.475   39.679    8.796
   8.617   39.123    7.818
   8.649   37.763    7.489
   9.539   36.909    8.128
   9.415   42.303    9.429
  10.272   42.858   10.408
   9.804   36.565    7.018
   8.572   36.231    8.288
  10.281   36.181    8.657
  11.239   43.536   10.249
  10.008   43.202   11.518
   9.895   43.513   10.214
  47.413   11.596   34.495
  46.747   10.754   35.313
  46.610   11.006   36.699
  45.919   10.133   37.548
  45.340    8.976   37.041
  48.079   12.438   33.677
  48.216   12.185   32.291
  44.379    9.352   37.635
  45.905    8.451   37.950
  44.850    8.001   36.629
  47.652   12.710   31.382
  49.178   11.809   31.697
  48.609   12.860   32.315
   6.366   33.051    5.005
   7.716   33.077    5.006
   8.489   31.892    5.019
   9.888   31.919    5.021
  10.565   33.132    5.009
   5.016   33.025    5.004
   4.243   34.210    4.991
  11.176   32.634    4.115
  11.174   32.653    5.915
  11.146   34.143    4.999
   3.635   34.689    4.085
   3.633   34.708    5.885
   3.653   33.699    4.995
  16.414   31.383    4.162
  17.049   30.447    4.899
  18.429   30.539    5.200
  19.088   29.569    5.965
  18.391   28.472    6.456
  15.779   32.318    3.425
  14.399   32.226    3.123
  18.907   28.770    7.488
  19.295   27.853    5.989
  17.818   27.546    6.874
  13.495   32.846    3.590
  13.883   31.928    2.091
  14.545   32.897    2.750
  43.560   16.206   44.075
  43.692   16.025   45.406
  44.639   16.746   46.171
  44.776   16.557   47.552
  43.970   15.641   48.217
  43.428   16.388   42.744
  42.481   15.667   41.979
  43.782   16.548   48.967
  45.003   15.259   48.671
  43.300   14.876   48.787
  41.448   16.049   41.525
  42.669   14.760   41.228
  42.787   16.090   41.398
  31.809   30.672    2.743
  30.770   31.531    2.676
  30.687   32.533    1.680
  29.609   33.424    1.611
  28.576   33.345    2.536
  32.848   29.813    2.809
  32.930   28.811    3.805
  27.882   33.373    1.567
  28.759   34.517    2.645
  27.701   33.290    3.305
  32.748   27.639    3.696
  33.625   28.783    4.773
  33.598   28.648    3.435
  32.378   24.924    9.387
  31.721   24.707   10.547
  32.140   25.290   11.766
  31.459   25.064   12.969
  30.335   24.248   12.994
  33.035   25.142    8.228
  32.617   24.559    7.008
  29.847   25.159   13.587
  30.892   23.730   13.911
  29.390   23.565   13.029
  32.060   25.077    6.091
  33.105   23.648    6.415
  33.235   24.949    6.733
  29.714   10.474   34.653
  30.436   11.347   35.387
  29.848   12.142   36.400
  30.597   13.047   37.161
  31.960   13.190   36.937
  28.992    9.601   33.919
  29.580    8.807   32.906
  32.036   13.061   38.119
  31.702   14.353   36.912
  33.106   13.320   36.760
  29.838    7.644   32.931
  29.504    8.936   31.724
  28.847    8.548   32.832
  43.036   41.207    3.577
  42.134   40.273    3.945
  42.396   39.343    4.979
  41.460   38.374    5.360
  40.229   38.300    4.720
  43.939   42.142    3.210
  43.677   43.071    2.176
  39.798   38.286    5.832
  40.493   37.142    4.628
  39.192   38.227    4.192
  43.413   44.230    2.268
  44.107   43.086    1.064
  44.396   43.315    2.358
  10.135   37.741   10.696
   8.984   37.902   10.011
   7.719   37.823   10.641
   6.524   37.990    9.930
   6.552   38.241    8.564
  11.287   37.581   11.382
  12.552   37.659   10.752
   5.806   39.127    8.843
   5.753   37.358    8.517
   6.561   38.452    7.417
  13.351   38.543   10.799
  13.298   36.773   10.473
  12.804   37.518   11.478
  44.071    8.011   25.374
  43.937    6.687   25.146
  45.006    5.897   24.660
  44.866    4.524   24.424
  43.653    3.892   24.665
  44.205    9.335   25.601
  43.136   10.124   26.087
  44.328    3.110   25.259
  43.812    3.452   23.569
  42.641    3.349   24.864
  42.977   10.564   27.183
  42.461   10.906   25.493
  43.672   10.690   26.039
  38.254   38.179   17.698
  37.891   36.906   17.436
  36.836   36.595   16.546
  36.459   35.274   16.275
  37.124   34.217   16.884
  38.618   39.453   17.960
  39.673   39.764   18.850
  37.192   33.790   15.773
  36.022   33.843   17.141
  37.673   33.321   17.388
  40.775   40.138   18.593
  39.605   40.191   19.960
  39.479   40.495   18.656
  27.162    4.739   37.460
  27.353    4.776   36.124
  26.769    5.775   35.311
  26.967    5.814   33.925
  27.757    4.854   33.304
  26.970    4.702   38.796
  27.554    3.702   39.610
  28.279    5.798   32.799
  26.829    4.759   32.562
  28.417    4.054   32.770
  28.482    3.797   40.352
  27.032    2.758   40.115
  27.182    4.093   40.174
  39.775   39.226    0.286
  38.482   38.902    0.499
  37.914   37.710   -0.010
  36.573   37.374    0.211
  35.752   38.218    0.948
  41.068   39.550    0.074
  41.637   40.742    0.583
  35.472   37.220    1.535
  35.008   38.085    0.027
  35.052   38.917    1.565
  42.381   40.875    1.504
  41.916   41.740   -0.004
  42.274   40.464    0.227
  25.285   29.903    8.910
  24.547   30.496    9.873
  23.884   29.749   10.876
  23.120   30.364   11.875
  22.991   31.747   11.906
  26.022   29.310    7.947
  26.685   30.056    6.944
  23.287   31.618   13.053
  21.828   31.506   12.005
  22.874   32.907   11.944
  27.848   30.297    6.845
  26.389   30.185    5.797
  26.908   29.345    6.711
  29.543    8.458   36.674
  29.662    7.173   36.277
  29.489    6.785   34.927
  29.613    5.453   34.517
  29.913    4.460   35.441
  29.424    9.743   37.070
  29.596   10.131   38.420
  30.745    4.152   34.646
  28.988    3.898   34.943
  30.164    3.617   36.207
  30.521   10.693   38.918
  28.764   10.439   39.215
  29.444   10.838   38.125
  24.390   39.034    2.378
  23.551   40.001    1.948
  23.236   41.128    2.743
  22.366   42.131    2.297
  21.781   42.041    1.041
  25.229   38.068    2.808
  25.544   36.940    2.013
  22.167   43.163    0.924
  20.775   42.271    1.636
  21.283   41.979   -0.012
  26.550   36.710    1.418
  25.158   35.819    2.130
  25.980   36.757    2.635
  33.753   12.472   39.367
  32.815   11.739   40.003
  32.769   10.328   39.900
  31.796    9.567   40.560
  30.834   10.190   41.346
  34.691   13.206   38.731
  34.737   14.616   38.835
  31.156    9.376   42.155
  30.075    9.516   40.722
  30.022   10.700   42.009
  35.497   15.290   39.458
  34.416   15.430   38.026
  35.352   14.524   38.362
  28.549   45.877   31.881
  27.982   46.838   32.641
  27.120   46.528   33.720
  26.532   47.524   34.509
  26.783   48.865   34.246
  29.117   44.917   31.120
  29.978   45.227   30.041
  27.010   48.917   35.415
  25.597   48.964   34.301
  26.985   49.994   34.036
  31.165   45.128   29.986
  29.752   45.174   28.872
  30.003   44.449   29.977
  22.019    8.489   17.293
  21.248    9.593   17.389
  21.806   10.888   17.512
  21.007   12.033   17.612
  19.622   11.925   17.593
  22.789    7.384   17.196
  22.231    6.089   17.074
  19.696   12.782   16.769
  19.685   12.617   18.561
  18.459   11.848   17.579
  22.169    5.397   16.106
  22.157    5.232   17.898
  22.984    5.882   17.059
  45.020   18.172    6.616
  45.061   17.771    5.327
  46.230   17.221    4.750
  46.273   16.805    3.414
  45.148   16.924    2.608
  44.979   18.574    7.904
  43.810   19.124    8.481
  45.379   15.786    2.341
  45.909   17.433    1.845
  44.211   17.018    1.920
  43.049   18.615    9.244
  43.579   20.262    8.748
  44.269   19.166    9.112
  32.399    1.519   34.530
  31.050    1.504   34.475
  30.295    0.376   34.876
  28.897    0.361   34.818
  28.203    1.473   34.357
  33.748    1.533   34.586
  34.503    2.661   34.184
  27.563    1.324   35.351
  27.639    0.676   33.674
  27.608    2.399   33.973
  35.067    3.458   34.868
  35.143    2.810   33.190
  35.100    2.201   34.389
  42.084   44.279   11.240
  43.156   45.099   11.242
  43.136   46.361   10.602
  44.248   47.212   10.603
  45.420   46.832   11.245
  41.013   43.458   11.238
  41.033   42.196   11.878
  45.346   47.913   11.740
  45.932   47.151   10.218
  46.409   46.525   11.780
  40.520   41.877   12.906
  41.106   41.115   11.384
  40.300   42.167   11.611
  17.753   42.293   36.575
  18.032   42.987   37.700
  18.250   44.385   37.684
  18.540   45.103   38.850
  18.622   44.450   40.073
  17.474   41.600   35.451
  17.256   40.202   35.467
  17.893   45.319   40.439
  19.651   45.041   40.173
  18.693   43.914   41.106
  16.226   39.611   35.367
  17.985   39.333   35.101
  17.158   40.316   34.700
  38.672   31.450   33.517
  39.461   32.232   34.284
  39.614   32.011   35.673
  40.432   32.823   36.468
  41.126   33.885   35.902
  37.884   30.667   32.750
  37.731   30.888   31.361
  42.056   33.416   36.481
  40.660   34.503   36.807
  41.715   34.779   35.440
  38.198   30.270   30.456
  36.801   31.357   30.782
  37.261   30.267   31.422
  30.319    9.308   25.659
  29.169    9.527   26.330
  28.136   10.339   25.803
  26.943   10.566   26.499
  26.739    9.989   27.747
  31.470    9.089   24.988
  32.503    8.277   25.515
  25.697    9.653   27.277
  26.431   11.096   28.063
  26.556    9.512   28.795
  32.811    7.171   25.198
  33.545    8.614   25.985
  32.850    8.468   24.842
  35.823   46.492    9.281
  37.115   46.883    9.257
  37.485   48.249    9.226
  38.825   48.654    9.201
  39.842   47.708    9.206
  34.531   46.101    9.306
  34.161   44.736    9.337
  40.283   48.378   10.087
  40.260   48.343    8.288
  40.706   46.925    9.209
  33.744   44.101   10.255
  33.720   44.066    8.455
  33.442   45.041    9.340
  39.801    5.397   11.654
  40.362    4.958   10.508
  40.688    3.596   10.306
  41.270    3.140    9.118
  41.548    4.030    8.088
  39.239    5.837   12.801
  38.914    7.199   13.002
  40.985    3.225    7.414
  42.622    3.513    8.106
  41.787    4.767    7.216
  37.840    7.716   12.985
  39.477    8.004   13.676
  38.669    6.928   13.693
  14.989   14.651   38.288
  15.745   13.586   38.632
  17.147   13.682   38.793
  17.930   12.578   39.149
  17.339   11.338   39.357
  14.234   15.716   37.945
  12.832   15.621   37.783
  17.970   11.351   40.367
  18.198   10.951   38.627
  16.855   10.292   39.534
  11.973   16.007   38.513
  12.200   15.608   36.773
  12.906   16.380   37.619
  27.771   23.251   44.225
  26.473   23.474   43.927
  25.423   22.814   44.608
  24.077   23.045   44.300
  23.733   23.945   43.299
  29.068   23.028   44.522
  30.118   23.688   43.841
  22.995   24.382   44.125
  23.044   23.052   42.913
  23.431   24.697   42.461
  30.807   24.580   44.227
  30.857   23.251   43.014
  30.558   23.262   44.326
   5.945   13.770   34.422
   5.232   12.756   34.957
   5.843   11.724   35.708
   5.103   10.673   36.263
   3.726   10.616   36.086
   6.659   14.784   33.887
   6.048   15.816   33.136
   3.713   10.449   37.266
   3.945    9.491   35.760
   2.570   10.556   35.946
   5.829   16.941   33.462
   6.061   15.983   31.956
   6.784   16.071   33.087
  26.779   17.819   15.663
  25.686   18.594   15.826
  25.676   19.703   16.705
  24.543   20.507   16.873
  23.378   20.230   16.168
  27.872   17.043   15.501
  27.882   15.934   14.622
  23.420   21.390   15.900
  22.862   20.324   17.239
  22.393   20.009   15.583
  28.397   15.840   13.551
  27.840   14.774   14.890
  28.617   15.873   14.878
  24.075   46.576    3.260
  24.369   45.390    2.687
  25.694   44.896    2.622
  25.999   43.666    2.027
  24.990   42.885    1.477
  23.782   47.763    3.833
  22.457   48.256    3.898
  25.490   42.015    2.120
  25.718   42.838    0.535
  24.153   42.220    1.011
  21.728   48.304    4.840
  21.957   49.126    3.255
  22.810   48.853    4.259
   7.196   38.963    5.217
   8.384   38.423    4.869
   9.545   38.593    5.660
  10.776   38.033    5.299
  10.891   37.283    4.135
   6.009   39.502    5.564
   4.847   39.333    4.774
  11.423   36.493    4.851
  11.832   37.985    3.930
  11.001   36.652    3.161
   3.906   38.631    4.979
   4.315   40.123    4.058
   4.529   39.768    5.338
   4.542   40.218   32.370
   4.515   39.643   33.591
   4.026   38.331   33.792
   3.997   37.736   35.059
   4.457   38.431   36.170
   4.569   40.792   31.148
   5.059   42.104   30.947
   5.074   37.433   36.378
   3.421   38.091   36.650
   4.840   39.004   37.111
   6.095   42.444   30.467
   4.442   43.102   30.739
   4.873   41.945   30.205
   5.800   24.551   21.509
   6.197   25.628   20.799
   7.358   26.363   21.138
   7.770   27.480   20.401
   7.036   27.903   19.300
   5.402   23.473   22.218
   4.241   22.739   21.880
   8.097   27.906   18.758
   7.112   28.971   19.823
   6.429   28.268   18.374
   4.165   21.671   21.357
   3.181   22.736   22.423
   4.457   22.317   22.501
  19.972   33.876   37.343
  20.203   33.653   36.032
  19.431   32.735   35.280
  19.670   32.504   33.920
  20.689   33.182   33.263
  19.742   34.099   38.654
  20.514   35.017   39.406
  19.841   33.411   32.458
  20.992   32.094   32.884
  21.541   33.745   32.699
  20.210   36.105   39.785
  21.362   34.789   40.211
  20.036   34.785   39.979
  30.129   47.122   10.939
  30.225   45.799   10.693
  31.467   45.170   10.439
  31.566   43.797   10.183
  30.426   43.004   10.172
  30.034   48.446   11.186
  28.792   49.074   11.440
  31.064   42.303   10.894
  30.863   42.617    9.133
  29.477   42.326   10.159
  28.354   49.461   12.478
  28.153   49.775   10.717
  29.245   49.707   11.501
  17.713    5.975   10.907
  18.975    5.529   11.084
  19.979    6.336   11.668
  21.288    5.875   11.852
  21.639    4.589   11.459
  16.451    6.420   10.729
  15.446    5.613   10.145
  22.102    4.520   12.555
  22.550    5.141   10.926
  21.946    3.512   11.134
  14.534    5.061   10.679
  14.982    5.681    9.050
  15.011    6.250   10.269
  13.875   12.897   40.435
  14.282   14.180   40.325
  13.378   15.232   40.043
  13.799   16.562   39.929
  15.139   16.888   40.093
  13.469   11.615   40.544
  14.373   10.563   40.826
  14.712   17.718   40.833
  14.986   17.481   39.070
  16.261   17.176   40.228
  14.526    9.971   41.849
  14.800    9.733   40.086
  13.722   10.134   40.783
  37.081   28.370   48.778
  36.490   27.172   48.976
  35.194   26.885   48.486
  34.582   25.643   48.691
  35.243   24.643   49.394
  37.672   29.567   48.580
  38.968   29.854   49.070
  34.935   23.966   48.463
  34.220   24.572   50.000
  35.788   23.796   49.981
  39.991   29.926   48.464
  39.276   30.532   50.000
  38.827   30.544   48.732
  22.010   39.404   14.074
  22.429   40.339   14.952
  21.595   40.821   15.989
  22.030   41.791   16.900
  23.313   42.314   16.807
  21.591   38.468   13.195
  22.424   37.986   12.158
  23.359   42.065   17.972
  22.752   43.362   16.881
  24.388   42.761   16.740
  22.986   36.938   12.084
  22.379   38.235   10.994
  21.794   37.555   11.996
  46.590   43.924   20.768
  45.266   44.024   21.015
  44.298   43.437   20.165
  42.926   43.540   20.421
  42.472   44.234   21.536
  47.913   43.824   20.521
  48.881   44.411   21.371
  41.820   43.254   21.720
  41.754   44.768   20.750
  42.077   44.814   22.468
  49.599   43.877   22.157
  49.532   45.392   21.187
  49.372   44.099   20.850
  41.442   28.384   41.674
  42.639   27.912   42.083
  43.748   28.764   42.296
  44.989   28.275   42.721
  45.165   26.915   42.947
  40.245   28.856   41.264
  39.136   28.003   41.051
  45.633   27.280   43.981
  46.132   27.060   42.265
  45.327   25.777   43.140
  38.169   27.859   41.732
  38.669   27.638   40.017
  38.790   28.677   40.863
  14.953    8.103   27.278
  14.085    8.729   28.101
  13.876   10.128   28.047
  12.976   10.777   28.901
  12.252   10.050   29.838
  15.821    7.477   26.455
  16.029    6.079   26.508
  11.322   10.646   29.389
  12.638   10.887   30.593
  11.638    9.453   30.629
  15.643    5.242   25.753
  16.959    5.483   26.957
  16.529    6.238   25.929
  45.100   44.891   37.098
  45.958   44.188   37.867
  45.619   43.763   39.173
  46.509   43.033   39.971
  47.770   42.702   39.490
  44.242   45.595   36.329
  44.581   46.020   35.023
  47.482   41.608   39.863
  48.140   43.143   40.533
  48.831   42.418   39.099
  44.210   45.579   33.980
  44.868   47.114   34.650
  43.859   46.318   35.047
  15.365   23.795   14.199
  16.186   22.727   14.125
  15.736   21.465   13.669
  16.588   20.357   13.592
  17.920   20.470   13.970
  14.543   24.864   14.273
  14.993   26.126   14.730
  18.127   19.944   12.921
  17.688   19.490   14.606
  19.041   20.552   14.283
  15.225   27.106   14.093
  14.786   26.652   15.779
  14.251   26.323   14.589
   3.306   21.497   26.881
   2.726   20.745   25.921
   2.683   21.158   24.569
   2.082   20.378   23.573
   1.503   19.157   23.895
   3.885   22.249   27.841
   3.929   21.836   29.194
   2.147   18.757   22.976
   0.576   19.582   23.278
   1.013   18.131   24.152
   4.856   21.411   29.810
   3.285   22.236   30.113
   4.302   22.516   29.279
  17.787   28.451   47.212
  18.736   27.651   46.681
  18.709   27.254   45.323
  19.693   26.425   44.772
  20.740   25.963   45.560
  16.838   29.250   47.743
  16.865   29.647   49.101
  21.417   26.351   44.660
  20.444   24.903   45.102
  21.624   25.567   46.210
  17.160   30.707   49.559
  16.188   29.258   50.001
  16.212   30.022   48.894
  30.946   15.741   32.449
  30.982   14.392   32.476
  32.202   13.675   32.507
  32.240   12.276   32.534
  31.060   11.543   32.531
  30.909   17.090   32.423
  29.689   17.807   32.392
  31.563   10.975   33.449
  31.589   10.940   31.650
  30.077   10.916   32.529
  29.160   18.410   33.273
  29.186   18.376   31.474
  30.172   18.420   32.387
  30.301   29.806   49.715
  29.747   28.591   49.518
  28.467   28.260   50.023
  27.892   27.000   49.819
  28.576   26.026   49.102
  30.856   31.021   49.913
  32.135   31.352   49.408
  27.548   25.925   48.509
  28.302   25.334   50.032
  29.140   25.200   48.503
  32.410   32.045   48.478
  33.164   31.454   50.002
  31.977   32.036   49.751
   8.017   43.670    2.692
   8.221   42.979    3.834
   8.101   41.570    3.889
   8.312   40.853    5.073
   8.650   41.520    6.244
   7.814   44.361    1.550
   7.934   45.769    1.494
   9.516   40.703    6.305
   7.771   40.868    6.716
   8.935   42.067    7.234
   8.813   46.421    1.023
   7.069   46.586    1.433
   7.747   45.649    0.746
   9.998    5.530   10.274
  10.098    6.776    9.765
   9.076    7.346    8.970
   9.180    8.638    8.441
  10.310    9.407    8.690
   9.898    4.284   10.784
  10.920    3.714   11.579
   9.516   10.243    8.989
  10.295    9.576    7.510
  11.253   10.063    8.891
  10.935    3.545   12.759
  11.714    2.878   11.280
  10.426    3.109   11.592
  16.329   30.119   28.826
  15.374   29.484   28.113
  15.027   29.885   26.801
  14.037   29.227   26.061
  13.359   28.145   26.608
  17.284   30.753   29.539
  17.631   30.353   30.851
  13.632   27.618   25.574
  12.390   28.735   26.244
  12.782   27.235   27.054
  18.600   29.762   31.215
  17.357   30.879   31.884
  18.131   30.949   30.786
  47.370   39.177   22.715
  46.256   39.899   22.468
  46.243   40.961   21.533
  45.088   41.710   21.278
  43.905   41.424   21.948
  48.483   38.454   22.961
  48.497   37.393   23.896
  43.432   41.444   20.855
  43.893   42.597   22.158
  42.906   41.195   22.504
  48.509   36.220   23.687
  48.970   37.373   24.990
  49.244   37.347   23.673
  34.553   45.026   26.745
  34.529   43.699   26.498
  33.341   42.938   26.609
  33.316   41.561   26.353
  34.477   40.897   25.979
  34.578   46.353   26.991
  35.765   47.115   26.880
  33.792   40.461   25.107
  34.162   40.134   26.838
  35.444   40.328   25.664
  36.080   47.879   26.022
  36.451   47.551   27.752
  35.287   47.695   27.093
  20.171   11.895   46.188
  21.089   12.877   46.310
  22.415   12.615   46.730
  23.368   13.632   46.857
  23.029   14.949   46.570
  19.252   10.914   46.065
  17.926   11.176   45.646
  24.024   14.925   45.914
  23.531   15.172   47.627
  22.758   16.058   46.332
  17.424   10.953   44.588
  16.931   11.200   46.302
  17.857   10.403   45.737
  15.105    4.961   22.608
  14.375    5.362   21.546
  14.119    6.729   21.284
  13.362    7.145   20.183
  12.832    6.208   19.304
  15.836    4.560   23.670
  16.091    3.193   23.932
  13.319    6.908   18.471
  11.822    6.819   19.467
  12.382    5.433   18.558
  17.102    2.582   23.769
  15.605    2.493   24.765
  16.479    3.491   24.541
  35.385   22.007   35.605
  35.541   20.950   36.431
  35.729   19.636   35.940
  35.890   18.540   36.796
  35.869   18.720   38.174
  35.229   23.063   34.779
  35.041   24.377   35.269
  36.872   18.076   38.142
  35.090   17.818   38.149
  35.854   18.856   39.332
  35.820   25.278   35.295
  34.038   25.021   35.301
  35.014   24.544   34.507
  30.752    4.362   25.592
  30.943    3.260   26.347
  32.236    2.801   26.692
  32.434    1.657   27.475
  31.345    0.931   27.940
  30.561    5.465   24.837
  29.268    5.924   24.493
  31.906    1.011   28.989
  31.944   -0.001   27.501
  30.440    0.312   28.338
  28.669    6.856   24.932
  28.707    5.844   23.444
  29.678    6.478   24.126
  11.581   45.595   43.400
  11.154   45.693   42.123
   9.927   45.132   41.697
   9.484   45.234   40.373
  10.253   45.901   39.427
  12.008   45.496   44.677
  13.236   46.058   45.103
   9.229   46.457   39.178
  10.072   44.918   38.778
  10.888   46.458   38.623
  13.416   47.040   45.752
  14.259   45.501   45.352
  13.013   45.757   45.788
  17.803   26.854   33.332
  18.744   25.990   33.768
  20.096   26.373   33.931
  21.072   25.477   34.384
  20.730   24.165   34.689
  16.862   27.718   32.895
  15.510   27.335   32.732
  21.323   24.383   35.700
  21.665   23.898   34.000
  20.457   23.062   34.949
  14.574   27.602   33.421
  14.917   27.117   31.721
  15.437   28.079   32.505
  23.848   39.452   22.433
  24.996   40.021   22.009
  26.255   39.658   22.544
  27.446   40.247   22.104
  27.421   41.221   21.114
  22.699   38.884   22.857
  21.440   39.247   22.323
  28.273   40.553   20.617
  28.107   41.829   21.876
  27.414   42.040   20.283
  20.754   38.639   21.561
  20.588   39.915   22.820
  21.188   38.711   22.832
  25.722   41.648   23.421
  25.787   41.182   24.686
  26.296   39.896   24.986
  26.365   39.412   26.298
  25.926   40.197   27.357
  25.656   42.115   22.156
  25.147   43.401   21.856
  26.979   39.909   27.836
  25.326   39.215   27.666
  25.562   40.846   28.255
  25.747   44.382   21.546
  24.094   43.689   21.377
  25.314   43.180   21.126
  28.861   21.427   40.154
  28.691   21.828   38.876
  29.786   22.147   38.038
  29.611   22.562   36.713
  28.333   22.674   36.178
  29.031   21.027   41.432
  27.936   20.708   42.269
  28.793   22.036   35.283
  28.714   23.749   35.831
  27.267   22.773   35.716
  27.555   19.634   42.617
  27.476   21.346   43.164
  28.506   20.570   42.784
  45.331   11.417   28.826
  46.544   10.924   29.155
  46.785    9.533   29.259
  48.043    9.022   29.600
  49.104    9.883   29.849
  44.118   11.910   28.497
  43.877   13.300   28.392
  49.688    9.172   29.091
  49.238    9.225   30.833
  50.004   10.594   30.060
  43.743   13.958   27.408
  43.293   14.011   29.150
  43.157   13.054   28.214
  29.844   42.178   37.730
  28.535   41.922   37.936
  27.516   42.697   37.335
  26.158   42.431   37.548
  25.771   41.381   38.370
  31.154   42.434   37.525
  32.173   41.659   38.126
  25.064   41.095   37.454
  25.070   42.203   38.873
  25.432   40.502   39.058
  32.874   40.836   37.624
  32.880   41.945   39.042
  32.634   42.155   37.737
  13.033   12.182    3.141
  14.273   12.008    3.646
  15.417   12.581    3.041
  16.702   12.401    3.565
  16.890   11.641    4.713
  11.794   12.356    2.635
  10.650   11.782    3.240
  17.528   12.580    5.074
  17.733   11.105    4.063
  17.062   11.005    5.675
   9.807   12.318    3.890
  10.012   10.843    2.879
  10.289   12.139    2.646
  27.143   14.201   22.670
  28.414   14.237   23.124
  29.146   13.057   23.398
  30.464   13.094   23.868
  31.097   14.312   24.083
  25.872   14.165   22.216
  25.140   15.345   21.943
  31.976   13.819   23.446
  31.370   13.836   25.141
  31.640   15.327   24.267
  24.868   15.821   20.885
  24.262   15.838   22.580
  24.586   14.830   21.750
  47.730    4.107   33.599
  48.138    5.389   33.714
  49.379    5.830   33.196
  49.802    7.160   33.315
  48.999    8.095   33.956
  47.323    2.825   33.484
  46.082    2.384   34.002
  49.206    8.748   32.981
  50.000    8.355   34.548
  48.335    8.890   34.491
  45.081    2.123   33.410
  45.875    1.731   34.977
  46.323    1.701   33.709
  22.226   31.027   35.138
  22.505   29.736   35.418
  21.539   28.712   35.270
  21.827   27.373   35.561
  23.092   27.010   36.008
  21.948   32.318   34.858
  22.914   33.342   35.005
  23.013   26.181   35.156
  22.484   26.436   36.857
  24.149   26.692   36.385
  23.522   33.916   34.156
  22.992   34.171   35.857
  22.324   33.788   34.755
   5.183   13.014    3.549
   4.886   11.731    3.252
   3.724   11.378    2.525
   3.417   10.048    2.217
   4.260    9.022    2.625
   5.479   14.297    3.846
   6.641   14.649    4.573
   4.173    8.674    1.489
   3.253    8.530    3.029
   4.959    8.151    2.962
   7.648   15.141    4.169
   6.728   14.997    5.709
   6.357   15.370    4.471
  42.852   13.933   33.726
  43.667   14.714   34.467
  43.230   15.333   35.662
  44.075   16.143   36.431
  45.388   16.361   36.032
  42.037   13.153   32.985
  42.475   12.534   31.790
  45.642   16.064   37.158
  45.117   17.506   36.218
  46.492   16.552   35.710
  42.746   11.388   31.605
  42.221   12.830   30.665
  41.741   12.264   31.787
  20.018   46.743   28.237
  20.763   45.693   27.832
  20.766   45.249   26.489
  21.539   44.160   26.069
  22.337   43.476   26.978
  19.272   47.794   28.641
  19.269   48.238   29.985
  23.181   43.622   26.150
  21.813   42.511   26.514
  23.010   42.893   27.731
  19.793   49.202   30.449
  18.424   48.091   30.813
  18.766   48.763   29.698
  38.619   12.562   43.606
  37.564   12.168   44.350
  37.305   12.711   45.631
  36.210   12.302   46.402
  35.336   11.336   45.920
  39.674   12.956   42.862
  39.933   12.413   41.581
  34.498   12.122   46.238
  35.508   10.834   46.988
  34.594   10.526   45.528
  39.761   12.914   40.514
  40.771   11.627   41.264
  40.539   12.906   41.612
  45.917   20.216   15.492
  45.314   19.754   14.376
  45.118   18.372   14.147
  44.493   17.893   12.989
  44.043   18.779   12.019
  46.519   20.678   16.609
  46.715   22.060   16.838
  43.034   18.150   12.098
  44.631   18.060   11.273
  43.660   19.512   11.197
  46.127   22.780   17.583
  47.724   22.690   16.759
  47.041   21.796   17.497
  14.121   13.574   29.629
  14.238   12.304   30.070
  15.071   11.360   29.424
  15.193   10.042   29.881
  14.486    9.621   31.001
  14.004   14.845   29.188
  13.171   15.789   29.835
  15.546    9.203   31.351
  14.171    8.711   30.299
  13.899    9.255   31.939
  13.486   16.699   30.536
  12.111   16.207   29.484
  13.438   16.254   29.268
  36.244   14.036   23.064
  36.119   13.145   24.070
  34.885   12.920   24.725
  34.756   11.996   25.768
  35.857   11.263   26.194
  36.368   14.928   22.058
  37.602   15.153   21.403
  35.118   10.335   26.086
  35.515   11.625   27.277
  36.773   10.642   26.562
  37.945   14.792   20.320
  38.341   16.081   21.512
  37.172   15.662   20.996
  46.141   25.772    4.628
  44.797   25.689    4.529
  43.982   26.839    4.407
  42.588   26.754    4.305
  41.960   25.515    4.322
  47.485   25.854    4.726
  48.300   24.704    4.849
  41.402   25.930    3.354
  41.265   26.024    5.146
  41.419   24.482    4.334
  48.994   24.195    4.024
  48.857   24.289    5.817
  48.868   25.239    4.864
   2.304   16.658   18.198
   3.035   16.260   19.260
   2.643   15.171   20.075
   3.401   14.758   21.177
   4.579   15.418   21.503
   1.573   17.057   17.135
   1.965   18.145   16.320
   5.033   14.317   21.540
   4.109   15.443   22.598
   5.570   15.963   21.788
   2.435   18.120   15.225
   1.512   19.246   16.283
   1.308   17.961   15.942
   6.596   25.079   46.189
   5.269   24.953   46.404
   4.542   23.822   45.962
   3.166   23.691   46.185
   2.469   24.686   46.859
   7.923   25.205   45.974
   8.650   26.336   46.416
   2.049   23.775   47.502
   1.717   24.601   45.938
   1.871   25.514   47.423
   9.402   26.421   47.336
   9.070   27.247   45.772
   9.244   25.950   46.086
  41.570    4.929   21.179
  40.493    5.443   21.810
  40.008    6.742   21.527
  38.892    7.276   22.182
  38.220    6.530   23.142
  42.646    4.414   20.547
  43.131    3.115   20.830
  37.252    6.842   22.521
  38.325    7.520   23.797
  37.647    5.914   23.950
  43.027    2.125   20.175
  44.099    2.803   21.451
  43.657    3.308   20.285
   4.261    5.402    7.050
   5.091    5.421    8.115
   6.413    4.919    8.045
   7.274    4.939    9.148
   6.844    5.461   10.362
   3.431    5.383    5.986
   2.110    5.884    6.056
   7.867    6.070   10.315
   7.275    4.442   10.805
   6.496    5.895   11.387
   1.678    6.903    5.614
   1.087    5.275    6.104
   2.099    5.662    5.307
  15.123   11.953   42.673
  16.427   11.609   42.740
  17.462   12.545   42.506
  18.814   12.188   42.576
  19.179   10.883   42.882
  13.819   12.297   42.606
  12.784   11.362   42.841
  19.898   11.408   43.674
  19.878   10.991   41.923
  19.499    9.791   43.138
  12.085   11.253   43.800
  12.065   10.837   42.049
  12.334   11.984   42.698
  38.937   26.537   27.910
  39.019   25.556   26.986
  37.903   24.758   26.638
  37.987   23.742   25.680
  39.191   23.487   25.034
  38.855   27.517   28.835
  39.971   28.315   29.182
  38.522   23.534   24.048
  38.964   22.357   25.336
  40.195   23.262   24.484
  40.198   29.445   28.880
  40.639   28.268   30.168
  39.451   28.645   29.662
  40.429   23.207    7.177
  40.061   23.193    5.878
  38.720   22.981    5.480
  38.338   22.966    4.133
  39.285   23.161    3.135
  40.796   23.222    8.476
  42.138   23.434    8.873
  38.499   23.957    2.725
  38.797   22.183    2.661
  40.070   23.324    2.288
  42.625   24.412    9.348
  42.924   22.638    9.283
  41.827   23.356    9.585
  37.688   36.157   47.086
  38.560   35.138   47.238
  39.792   35.299   47.916
  40.696   34.242   48.074
  40.401   32.986   47.559
  36.816   37.176   46.934
  35.585   37.015   46.256
  40.703   32.612   48.650
  41.498   33.060   47.098
  40.166   31.926   47.132
  34.488   36.940   46.717
  35.283   37.389   45.166
  35.508   37.771   46.436
  31.462   13.869    6.017
  32.703   13.426    6.311
  33.821   14.292    6.343
  35.108   13.833    6.647
  35.323   12.490    6.932
  30.222   14.312    5.724
  29.103   13.445    5.692
  35.904   12.918    7.880
  36.202   12.596    6.134
  35.517   11.366    7.172
  28.224   13.339    6.490
  28.523   13.017    4.744
  28.731   14.105    5.507
  10.158   20.884   34.041
   9.049   20.997   34.803
   8.712   22.203   35.462
   7.562   22.320   36.252
   6.708   21.236   36.410
  11.267   20.770   33.280
  11.604   19.564   32.621
   5.862   22.026   36.125
   6.800   21.499   37.569
   5.982   20.334   36.552
  11.512   19.301   31.462
  12.450   18.774   32.906
  12.213   19.990   32.381
  44.236    4.371   49.015
  44.821    5.391   48.353
  46.130    5.833   48.661
  46.737    6.891   47.974
  46.058    7.545   46.954
  43.650    3.351   49.678
  42.341    2.910   49.369
  47.065    7.364   46.343
  46.390    8.528   47.539
  45.499    8.102   46.096
  42.009    1.926   48.784
  41.334    3.090   49.980
  42.491    2.404   49.946
  27.973   24.763   19.351
  27.329   24.369   20.471
  26.120   24.971   20.892
  25.453   24.562   22.053
  25.971   23.537   22.834
  28.616   25.157   18.232
  29.826   24.555   17.810
  24.864   23.102   22.768
  25.797   24.305   23.728
  26.395   22.677   23.498
  30.000   23.787   16.916
  30.933   24.990   17.876
  29.757   25.072   17.229
  23.446   37.792    8.134
  22.268   37.892    8.785
  21.697   36.796    9.475
  20.475   36.900   10.151
  19.780   38.102   10.160
  24.624   37.692    7.483
  25.195   38.788    6.793
  19.726   37.912   11.335
  18.857   37.422    9.837
  19.187   39.106   10.176
  26.118   39.468    7.116
  25.249   38.978    5.618
  25.754   38.264    6.640
  44.227   23.888   17.514
  44.411   24.979   16.740
  45.702   25.432   16.379
  45.894   26.564   15.577
  44.801   27.282   15.107
  44.042   22.797   18.287
  42.752   22.344   18.649
  45.354   27.186   14.056
  45.403   28.221   15.528
  43.893   27.894   14.707
  42.150   21.405   18.228
  42.199   22.440   19.700
  43.165   21.795   19.021
  43.136   28.245   25.706
  44.191   27.454   25.994
  45.508   27.785   25.593
  46.602   26.965   25.891
  46.420   25.786   26.602
  42.080   29.035   25.418
  40.764   28.705   25.820
  47.317   26.201   27.268
  47.070   25.309   25.724
  46.282   24.793   27.198
  40.114   29.181   26.698
  39.867   28.289   25.154
  40.599   29.377   25.458
  33.748    3.406   40.097
  32.868    3.727   41.069
  32.595    5.071   41.421
  31.683    5.403   42.429
  31.010    4.404   43.122
  34.628    3.086   39.124
  34.900    1.742   38.773
  30.046    5.057   42.867
  31.373    5.008   44.083
  30.439    3.576   43.711
  34.538    1.139   37.811
  35.864    1.090   39.028
  35.381    2.085   38.262
  37.554   15.736   10.900
  38.233   15.430   12.026
  39.269   14.466   12.038
  39.974   14.149   13.205
  39.668   14.784   14.402
  36.874   16.043    9.774
  35.838   17.007    9.762
  40.845   14.961   14.459
  39.643   13.674   14.835
  39.421   15.310   15.414
  35.863   18.117    9.330
  34.661   16.830    9.706
  35.811   16.812    9.007
  45.175   20.051   26.879
  46.491   20.348   26.929
  46.960   21.683   26.909
  48.325   21.990   26.962
  49.269   20.974   27.037
  43.859   19.755   26.828
  43.390   18.420   26.848
  49.704   21.622   27.938
  49.786   21.566   26.141
  50.072   20.131   27.100
  42.873   17.828   27.744
  42.955   17.772   25.947
  42.696   18.775   26.805
  38.411   44.113   37.106
  38.759   45.152   36.318
  39.959   45.155   35.567
  40.321   46.233   34.750
  39.496   47.346   34.654
  38.062   43.074   37.894
  36.862   43.072   38.644
  39.638   47.189   33.481
  40.502   47.948   34.866
  38.813   48.287   34.565
  35.856   42.470   38.433
  36.720   43.229   39.817
  37.126   42.370   38.864
  15.260   19.387   43.592
  16.325   18.564   43.494
  16.278   17.220   43.935
  17.383   16.366   43.833
  18.575   16.826   43.286
  14.194   20.210   43.691
  14.241   21.553   43.249
  18.507   15.832   42.632
  19.057   16.350   44.266
  19.581   17.199   42.829
  13.758   22.030   42.270
  14.309   22.547   43.903
  13.501   21.550   43.500
  44.351   36.949   15.748
  43.985   37.459   14.553
  42.685   37.275   14.025
  42.306   37.803   12.786
  43.213   38.535   12.029
  44.717   36.439   16.943
  46.017   36.623   17.471
  42.322   39.323   11.960
  42.865   37.810   11.149
  43.965   39.150   11.384
  46.365   37.348   18.351
  46.908   35.835   17.540
  45.723   36.202   18.059
  35.309    9.703   16.043
  36.488   10.000   16.630
  36.805   11.312   17.054
  38.028   11.620   17.663
  38.976   10.626   17.870
  34.130    9.406   15.455
  33.813    8.094   15.031
  39.002   11.062   18.979
  39.718   11.411   17.365
  39.782    9.802   18.049
  33.072    7.310   15.536
  33.788    7.659   13.922
  33.148    8.440   14.811
  21.492   13.579   49.481
  22.735   13.510   48.960
  23.893   13.606   49.768
  25.183   13.534   49.228
  25.361   13.363   47.861
  20.248   13.649   50.002
  19.090   13.553   49.194
  26.105   12.495   48.198
  26.111   14.281   47.975
  25.524   13.219   46.715
  18.340   12.634   49.079
  18.346   14.420   48.857
  18.732   13.640   49.882
   2.373   10.581   11.017
   3.611   11.103   11.142
   4.021   11.791   12.309
   5.305   12.333   12.439
   6.226   12.207   11.406
   1.134   10.058   10.891
   0.725    9.371    9.724
   6.951   11.830   12.273
   6.369   13.379   11.565
   7.008   12.108   10.547
   0.581    8.199    9.565
  -0.001    9.748    8.857
   0.058    9.304   10.126
  21.608   39.808   46.119
  22.620   40.692   46.241
  22.773   41.504   47.390
  23.823   42.421   47.516
  24.757   42.560   46.497
  20.595   38.923   45.997
  20.442   38.111   44.848
  25.546   42.451   47.383
  24.526   43.723   46.621
  25.548   42.687   45.650
  20.673   36.949   44.725
  19.653   38.221   43.962
  19.822   37.851   45.245
   3.056   13.628   33.126
   2.547   12.385   33.260
   3.375   11.247   33.404
   2.847    9.957   33.543
   1.472    9.760   33.542
   3.565   14.871   32.993
   2.736   16.009   32.849
   1.694    9.123   34.525
   1.723    8.919   32.737
   0.320    9.581   33.544
   2.485   16.851   33.655
   2.514   16.646   31.866
   3.426   16.375   32.818
  14.124   27.406   46.820
  15.291   27.140   47.442
  15.512   27.476   48.799
  16.723   27.199   49.444
  17.757   26.577   48.756
  12.956   27.673   46.197
  12.735   27.337   44.840
  17.780   25.856   49.705
  18.415   27.464   49.203
  18.633   26.055   48.190
  12.077   26.449   44.393
  12.712   28.057   43.892
  12.038   27.657   44.985
  35.298   28.939   24.756
  34.500   29.901   25.266
  33.767   30.784   24.438
  32.939   31.781   24.967
  32.815   31.931   26.343
  36.097   27.977   24.245
  36.830   27.094   25.073
  31.647   31.929   26.107
  33.032   33.079   26.106
  32.702   32.068   27.495
  36.614   25.947   25.310
  37.998   27.096   25.309
  37.064   26.812   24.383
   7.885    8.384   41.754
   9.067    7.732   41.741
   9.145    6.320   41.786
  10.371    5.643   41.772
  11.563    6.355   41.713
   6.703    9.036   41.768
   6.625   10.448   41.723
  11.820    5.598   40.830
  11.874    5.658   42.628
  12.570    6.940   41.663
   6.314   11.145   40.807
   6.368   11.206   42.606
   5.859   10.300   41.750
  32.221    6.234    2.007
  33.372    6.562    2.633
  33.970    7.835    2.485
  35.164    8.175    3.134
  35.801    7.252    3.954
  31.071    5.907    1.381
  30.473    4.634    1.529
  35.826    8.155    4.731
  36.765    7.550    3.320
  36.347    6.487    4.645
  29.508    4.336    2.163
  30.448    3.731    0.752
  29.944    4.943    1.045
  38.979   20.620   16.169
  40.327   20.632   16.099
  41.064   21.837   16.024
  42.462   21.849   15.952
  43.173   20.656   15.952
  37.630   20.609   16.238
  36.893   19.403   16.313
  43.813   21.188   16.805
  43.721   21.133   15.008
  43.782   19.661   15.951
  36.345   18.926   17.257
  36.253   18.871   15.460
  36.289   19.898   16.329
  30.922   25.631   20.815
  30.495   24.380   21.090
  29.201   24.124   21.601
  28.759   22.827   21.886
  29.596   21.739   21.672
  31.348   26.882   20.540
  32.643   27.138   20.030
  28.650   21.289   21.103
  29.281   21.443   22.782
  30.288   20.817   21.496
  32.958   27.434   18.919
  33.588   27.588   20.598
  32.391   27.877   20.056
   9.450   10.920   12.696
   9.727   10.133   13.758
   9.345    8.771   13.802
   9.632    7.956   14.903
  10.310    8.473   15.999
   9.174   11.707   11.634
   9.555   13.069   11.591
  10.995    7.506   15.868
   9.426    7.969   16.620
  10.879    8.894   16.926
  10.439   13.572   10.970
   8.871   14.035   11.722
   9.209   13.033   10.891
  23.323    3.341   22.439
  24.095    3.690   21.387
  24.338    5.043   21.051
  25.138    5.404   19.960
  25.724    4.425   19.168
  22.551    2.993   23.490
  22.309    1.640   23.827
  26.715    5.066   19.336
  25.264    5.061   18.270
  26.222    3.614   18.494
  22.768    1.005   24.724
  21.318    1.000   23.658
  21.888    1.968   24.397
   4.717   16.452    0.894
   3.522   17.079    0.895
   3.415   18.490    0.896
   2.175   19.140    0.897
   0.998   18.403    0.897
   5.913   15.825    0.893
   6.020   14.414    0.893
   0.698   19.125   -0.002
   0.699   19.124    1.798
   0.002   17.796    0.898
   6.318   13.693   -0.008
   6.320   13.692    1.792
   6.783   14.578    0.892
  16.517   11.622   10.417
  17.710   11.995   10.926
  18.747   11.062   11.168
  19.984   11.449   11.696
  20.230   12.782   12.001
  15.323   11.249    9.908
  14.287   12.181    9.666
  21.230   12.605   11.377
  20.602   12.340   13.043
  20.449   13.897   12.261
  13.915   12.623    8.624
  13.287   12.358   10.290
  13.912   11.541    9.423
  25.427    7.192   11.800
  25.786    8.479   11.607
  24.836    9.527   11.580
  25.209   10.862   11.380
  26.545   11.195   11.199
  25.067    5.905   11.994
  26.017    4.857   12.021
  26.319   12.014   12.035
  26.133   11.799   10.258
  27.663   11.489   11.046
  26.430    4.254   12.962
  26.243    4.039   11.184
  25.378    4.424   12.140
  35.600   25.484   17.351
  36.868   25.933   17.470
  37.866   25.191   18.144
  39.181   25.657   18.267
  39.543   26.882   17.721
  34.333   25.035   17.232
  33.334   25.777   16.559
  40.447   26.260   17.255
  40.012   27.077   18.799
  39.861   27.908   17.268
  32.865   25.582   15.481
  32.431   26.399   17.025
  32.893   25.164   16.759
  24.215    5.594   26.047
  23.092    6.319   25.857
  23.132    7.658   25.400
  21.968    8.410   25.203
  20.722    7.850   25.457
  25.338    4.869   26.237
  25.298    3.530   26.694
  20.456    8.273   24.375
  20.542    8.851   26.077
  19.670    7.392   25.666
  25.477    2.529   26.074
  25.563    3.108   27.776
  26.073    3.598   26.632
   5.183   34.507    2.118
   5.584   33.284    1.712
   6.691   32.625    2.299
   7.107   31.356    1.878
   6.431   30.700    0.856
   4.782   35.731    2.523
   3.675   36.390    1.937
   6.431   29.785    1.620
   7.525   30.545    0.409
   5.873   30.139   -0.000
   2.582   36.545    2.384
   3.676   37.305    1.173
   3.865   36.942    2.455
  13.090    3.558    6.040
  12.921    2.967    4.838
  14.002    2.743    3.953
  13.826    2.130    2.707
  12.562    1.719    2.301
  13.260    4.149    7.242
  12.179    4.373    8.127
  13.118    0.695    2.052
  12.835    2.305    1.300
  11.507    1.369    1.948
  11.906    3.787    9.128
  11.623    5.398    8.375
  12.744    4.679    8.570
   6.164   34.083   25.741
   6.777   35.140   26.314
   7.695   35.950   25.604
   8.330   37.047   26.198
   8.071   37.373   27.523
   5.551   33.025   25.168
   4.633   32.215   25.878
   7.909   38.470   27.086
   9.259   37.402   27.613
   7.862   37.658   28.635
   3.445   32.187   25.788
   4.795   31.119   26.316
   4.601   31.838   25.195
  22.130   46.180    5.250
  22.858   46.309    6.380
  22.253   46.411    7.655
  23.008   46.545    8.826
  24.395   46.582    8.764
  21.402   46.051    4.120
  22.008   45.949    2.845
  24.326   45.756    9.621
  24.270   47.548    9.451
  25.560   46.615    8.727
  22.133   44.984    2.158
  22.078   46.775    1.989
  21.264   45.904    2.613
  42.419   19.435   37.423
  41.342   19.860   36.729
  40.742   19.070   35.719
  39.625   19.510   34.999
  39.069   20.756   35.262
  43.496   19.011   38.118
  44.096   19.800   39.127
  38.047   20.145   35.307
  39.132   20.889   34.080
  38.592   21.799   35.473
  44.033   19.666   40.310
  45.119   20.411   39.082
  44.574   19.184   39.176
   6.016   42.369    2.495
   5.395   43.546    2.720
   6.115   44.735    2.986
   5.471   45.956    3.220
   4.084   46.031    3.196
   6.637   41.191    2.269
   5.917   40.002    2.003
   4.277   46.959    2.474
   4.227   46.595    4.236
   2.921   46.109    3.180
   5.775   39.438    0.963
   5.725   39.074    2.725
   6.637   39.702    1.961
   8.987    7.236   12.169
   9.245    6.519   13.283
  10.307    5.585   13.344
  10.575    4.841   14.499
   9.791    5.004   15.634
   8.728    7.954   11.055
   7.666    8.887   10.994
  10.841    5.110   16.186
   9.735    3.814   15.608
   9.140    5.130   16.594
   7.722   10.077   11.020
   6.616    8.781   10.442
   7.934    8.983   10.266
  19.939   14.417   25.587
  20.789   13.537   26.158
  20.443   12.805   27.319
  21.325   11.892   27.910
  22.583   11.679   27.362
  19.089   15.297   25.017
  19.434   16.028   23.856
  22.285   10.529   27.453
  22.956   11.844   28.482
  23.643   11.490   26.912
  19.061   15.863   22.736
  19.733   17.178   23.765
  18.716   16.318   23.954
  29.371   14.071   49.697
  28.335   14.915   49.503
  27.038   14.636   49.995
  25.964   15.511   49.793
  26.148   16.696   49.092
  30.406   13.227   49.891
  31.703   13.506   49.399
  25.588   17.183   50.025
  25.187   16.337   48.488
  26.289   17.695   48.506
  32.665   13.866   50.004
  32.264   13.020   48.467
  31.863   12.820   49.735
   3.463   46.344   44.851
   3.805   46.138   46.141
   4.222   44.871   46.613
   4.577   44.657   47.950
   4.527   45.703   48.863
   3.121   46.551   43.561
   2.704   47.818   43.089
   5.628   45.340   49.141
   3.920   44.922   49.527
   4.490   46.572   49.640
   3.311   48.599   42.425
   1.604   48.181   42.811
   2.647   47.429   42.414
  43.092   28.163   28.708
  44.266   28.808   28.876
  44.546   30.037   28.233
  45.763   30.706   28.408
  46.744   30.169   29.233
  41.918   27.518   28.539
  41.638   26.289   29.182
  46.765   31.264   29.702
  47.457   30.373   28.299
  47.576   29.730   29.922
  40.926   26.086   30.115
  41.617   25.194   28.713
  40.961   26.365   28.800
   7.543   29.510   23.019
   6.383   30.179   22.850
   6.331   31.593   22.811
   5.128   32.287   22.636
   3.933   31.592   22.493
   8.703   28.841   23.187
   8.755   27.428   23.226
   3.783   32.304   21.549
   3.546   32.343   23.333
   2.924   31.021   22.371
   9.142   26.676   22.386
   8.905   26.716   24.170
   9.518   27.564   23.324
   7.114   42.055   11.469
   8.401   41.666   11.346
   8.767   40.303   11.243
  10.102   39.901   11.115
  11.118   40.847   11.086
   5.827   42.443   11.592
   5.461   43.806   11.695
  11.474   40.244   10.121
  11.616   40.148   11.913
  11.981   41.631   11.059
   4.964   44.505   10.868
   5.106   44.408   12.660
   4.744   43.500   11.735
  14.315   25.243    2.861
  15.113   24.238    2.441
  16.405   24.475    1.917
  17.232   23.433    1.482
  16.796   22.116    1.555
  13.518   26.248    3.281
  12.225   26.011    3.805
  17.853   21.931    2.075
  17.157   22.070    0.420
  16.442   21.006    1.611
  11.864   26.057    4.940
  11.168   26.196    3.286
  12.225   26.789    3.870
  36.541   15.477   25.950
  37.711   15.989   26.389
  38.740   15.169   26.910
  39.953   15.700   27.365
  40.180   17.069   27.315
  35.372   14.965   25.511
  34.343   15.784   24.990
  41.206   16.749   26.800
  40.510   16.924   28.451
  40.383   18.217   27.279
  34.013   15.929   23.854
  33.317   16.105   25.505
  33.981   15.097   24.910
  23.969   36.706   18.188
  24.857   36.466   19.177
  24.895   37.248   20.356
  25.816   36.999   21.381
  26.730   35.960   21.264
  23.082   36.946   17.199
  23.043   36.164   16.020
  26.349   35.675   22.356
  27.522   36.795   21.575
  27.504   35.092   21.178
  22.252   35.329   15.709
  23.424   36.450   14.928
  22.459   36.652   15.843
  35.871   13.847   15.172
  36.423   12.626   15.010
  37.815   12.451   14.819
  38.387   11.185   14.651
  37.589   10.048   14.667
  35.319   15.068   15.334
  33.928   15.243   15.525
  38.400    9.648   15.443
  38.173    9.782   13.663
  36.931    9.085   14.679
  33.344   15.509   16.529
  33.117   15.642   14.748
  34.134   15.995   15.555
  23.149   24.826    0.984
  22.400   23.757    1.329
  22.205   22.664    0.451
  21.427   21.556    0.808
  20.817   21.501    2.055
  23.899   25.895    0.640
  24.094   26.988    1.517
  21.306   20.416    2.103
  19.847   21.221    1.424
  20.300   21.443    3.099
  25.065   27.269    2.149
  23.605   28.074    1.470
  24.519   27.255    0.919
  11.840   16.807   33.708
  11.345   17.459   34.782
  10.469   18.562   34.651
   9.955   19.238   35.765
  10.300   18.834   37.049
  12.335   16.155   32.634
  13.211   15.052   32.765
   9.124   18.874   37.237
  10.535   19.991   37.209
  10.581   18.506   38.132
  12.976   13.895   32.604
  14.387   15.012   32.577
  13.180   15.071   31.985
  22.728   46.771   40.297
  21.615   47.494   40.053
  20.344   47.098   40.533
  19.189   47.848   40.281
  19.264   49.021   39.540
  23.842   46.047   40.540
  25.113   46.443   40.060
  18.636   49.479   40.443
  18.358   48.541   38.932
  19.313   50.007   38.919
  26.019   46.922   40.668
  25.740   45.985   39.157
  25.336   45.789   40.425
  28.059   38.581   25.043
  28.795   39.713   25.089
  28.197   40.995   25.127
  28.959   42.168   25.175
  30.347   42.101   25.187
  27.324   37.450   24.997
  27.922   36.168   24.960
  30.245   42.845   26.112
  30.264   42.907   24.313
  31.512   42.059   25.198
  28.005   35.362   25.834
  28.024   35.424   24.035
  27.176   35.938   24.944
  42.750    7.239   14.555
  43.103    8.385   13.936
  43.559    9.516   14.654
  43.925   10.705   14.012
  43.849   10.805   12.628
  42.396    6.092   15.174
  41.941    4.962   14.456
  44.961   11.222   12.727
  43.268   11.818   12.864
  43.790   10.903   11.468
  42.522    3.948   14.220
  40.829    4.544   14.357
  41.892    4.658   15.174
  46.419   22.237   37.375
  46.000   22.897   38.475
  46.907   23.431   39.421
  46.472   24.115   40.562
  45.115   24.291   40.799
  46.838   21.577   36.274
  45.930   21.044   35.328
  45.424   25.429   40.970
  45.383   23.878   41.884
  43.978   24.445   41.009
  45.662   21.456   34.243
  45.621   19.906   35.157
  46.592   20.820   34.979
  39.048   29.413   43.085
  40.236   28.969   43.549
  40.392   27.672   44.093
  41.623   27.212   44.574
  42.743   28.033   44.528
  37.861   29.857   42.622
  37.705   31.153   42.077
  43.261   27.079   44.036
  42.861   27.717   45.671
  43.692   28.711   44.495
  37.587   31.469   40.934
  37.187   32.107   42.569
  36.967   30.913   41.990
  31.532   35.966   30.269
  31.514   37.241   29.826
  30.840   38.270   30.526
  30.822   39.592   30.067
  31.477   39.933   28.890
  31.549   34.691   30.712
  32.223   33.663   30.011
  31.942   40.806   29.555
  30.443   40.460   28.620
  32.023   40.233   27.904
  33.257   33.136   30.281
  31.759   32.790   29.346
  31.954   33.230   30.603
  30.527    7.128    8.618
  31.173    8.313    8.655
  32.585    8.396    8.674
  33.255    9.625    8.713
  32.536   10.814    8.734
  29.881    5.943    8.580
  28.468    5.859    8.561
  33.273   11.124    7.850
  33.252   11.079    9.649
  31.945   11.819    8.752
  27.753    5.594    7.646
  27.731    5.549    9.445
  28.620    5.093    8.544
   8.256   40.424   15.687
   9.108   39.388   15.538
   8.652   38.070   15.298
   9.536   36.995   15.143
  10.907   37.200   15.223
   7.404   41.460   15.836
   7.860   42.778   16.076
  10.928   36.582   14.204
  10.870   36.279   15.978
  12.061   37.358   15.287
   7.897   43.699   15.321
   7.840   43.397   17.094
   7.094   42.930   16.077
  15.919   13.069   15.516
  14.615   12.766   15.690
  14.053   12.578   16.975
  12.701   12.263   17.155
  11.862   12.125   16.056
  17.222   13.373   15.342
  17.784   13.561   14.057
  11.152   12.859   16.670
  11.549   11.105   16.588
  11.147   12.006   15.143
  18.097   14.581   13.526
  18.494   12.827   13.443
  18.431   13.688   14.475
   0.519   30.263    5.452
   0.688   31.274    4.573
   0.341   32.609    4.890
   0.517   33.657    3.979
   1.045   33.409    2.719
   0.349   29.252    6.330
   0.696   27.917    6.013
   1.766   34.320    2.984
   0.107   34.041    2.344
   1.488   33.214    1.658
   1.634   27.285    6.388
  -0.025   27.006    5.748
   0.437   27.790    6.739
  18.934   13.943    3.660
  18.696   14.850    4.631
  19.674   15.187    5.597
  19.427   16.127    6.605
  18.195   16.763    6.683
  19.172   13.037    2.688
  18.194   12.699    1.722
  18.855   17.752    6.755
  18.247   16.442    7.829
  17.164   17.304    6.759
  18.142   13.020    0.576
  17.534   11.710    1.649
  18.762   12.227    1.467
  44.379   34.983   19.622
  43.796   36.180   19.846
  44.555   37.357   20.049
  43.952   38.598   20.282
  42.567   38.707   20.319
  44.961   33.786   19.398
  44.202   32.609   19.195
  42.748   39.613   19.566
  42.770   39.293   21.337
  41.406   38.813   20.352
  43.998   32.024   18.177
  44.021   31.703   19.948
  44.912   32.290   19.128
  44.213    9.437   49.308
  43.163    8.604   49.144
  43.202    7.254   49.568
  42.114    6.391   49.397
  40.947    6.845   48.795
  45.262   10.269   49.473
  45.223   11.619   49.048
  40.420    6.350   49.742
  41.061    5.862   48.132
  39.962    7.214   48.292
  45.110   12.602   49.711
  45.751   12.114   48.102
  45.949   11.619   49.337
  22.935   46.256   12.191
  23.732   47.187   11.624
  25.091   47.332   11.989
  25.918   48.298   11.401
  25.414   49.153   10.429
  22.138   45.324   12.757
  20.779   45.179   12.392
  26.384   48.823    9.821
  25.916   50.001   11.099
  25.004   49.876    9.612
  20.277   44.331   11.722
  19.808   45.509   13.000
  20.807   44.610   12.927
   5.964    1.441   20.623
   6.596    1.592   19.440
   7.353    0.549   18.856
   8.008    0.706   17.628
   7.928    1.910   16.941
   5.333    1.290   21.807
   4.575    2.333   22.391
   7.644    1.214   16.016
   9.113    1.801   16.874
   7.870    2.916   16.353
   3.391    2.442   22.457
   4.860    3.029   23.316
   4.464    1.797   22.948
  26.064   24.513    2.620
  24.887   24.039    3.081
  23.850   24.900    3.512
  22.629   24.409    3.991
  22.402   23.040    4.055
  27.241   24.986    2.158
  28.278   24.125    1.727
  21.385   23.314    3.498
  22.053   23.282    5.169
  22.198   21.893    4.114
  28.627   23.884    0.614
  29.295   23.851    2.285
  28.642   24.804    1.595
  40.742   23.029   44.375
  40.985   23.156   45.697
  42.300   23.195   46.217
  42.553   23.327   47.588
  41.498   23.424   48.487
  40.498   22.902   43.053
  39.183   22.863   42.533
  42.106   24.363   48.898
  42.090   22.572   49.073
  40.623   23.507   49.253
  38.591   23.716   41.947
  38.575   21.924   42.122
  39.567   22.794   41.856
   6.617   30.094   12.407
   7.917   30.284   12.717
   8.698   31.285   12.092
  10.047   31.482   12.413
  10.662   30.685   13.371
   5.317   29.904   12.097
   4.535   28.903   12.722
  11.026   31.728   13.817
  11.502   30.557   12.536
  11.190   30.023   14.173
   3.694   29.032   13.556
   4.171   27.860   12.276
   3.982   29.192   12.252
  15.761   21.066   46.459
  14.849   22.002   46.119
  14.020   22.625   47.082
  13.074   23.595   46.730
  12.924   23.977   45.402
  16.673   20.131   46.799
  17.502   19.507   45.836
  13.002   25.080   45.846
  11.766   23.792   45.616
  12.787   24.306   44.292
  18.660   19.692   45.622
  17.424   18.404   45.392
  17.774   19.135   46.467
   6.232   38.474   23.661
   7.493   38.382   24.133
   8.348   37.309   23.784
   9.656   37.213   24.273
  10.157   38.187   25.128
   4.970   38.566   23.190
   4.115   39.638   23.539
  11.080   38.189   24.375
  10.483   37.252   25.791
  10.589   38.998   25.847
   3.789   40.573   22.876
   3.192   39.637   24.292
   3.619   39.254   23.075
  21.487    3.858   40.436
  22.464    3.502   39.575
  23.096    4.442   38.726
  24.109    4.073   37.834
  24.527    2.750   37.757
  20.510    4.214   41.296
  19.878    3.274   42.145
  25.616    3.224   37.856
  24.381    2.907   36.585
  24.887    1.643   37.683
  20.025    3.117   43.317
  18.790    2.800   42.046
  19.481    3.907   42.373
  34.281   45.748   11.653
  35.603   45.591   11.426
  36.096   44.666   10.476
  37.467   44.503   10.242
  38.393   45.260   10.948
  32.959   45.905   11.879
  32.466   46.830   12.829
  38.846   45.476    9.868
  38.913   44.206   11.141
  39.181   45.889   11.534
  31.945   47.885   12.636
  32.012   46.614   13.909
  31.778   46.551   12.586
  33.336   37.136   33.957
  32.742   38.302   34.289
  32.431   38.630   35.630
  31.814   39.839   35.974
  31.487   40.763   34.989
  33.931   35.970   33.625
  34.242   35.642   32.285
  32.039   41.533   35.712
  30.423   40.763   35.526
  31.207   41.547   34.173
  35.306   35.642   31.748
  33.690   34.871   31.562
  34.514   34.991   32.619
   5.604   43.279   40.906
   4.853   42.455   41.667
   3.989   42.944   42.675
   3.209   42.090   43.464
   3.266   40.715   43.272
   6.356   44.103   40.146
   7.220   43.613   39.138
   2.078   40.799   43.254
   3.414   40.687   44.454
   3.304   39.559   43.122
   7.072   43.641   37.956
   8.409   43.529   39.156
   7.368   44.374   39.044
  35.372   22.359   17.821
  35.103   21.761   19.001
  33.778   21.512   19.431
  33.499   20.892   20.654
  34.535   20.498   21.492
  35.641   22.957   16.641
  36.966   23.206   16.211
  33.946   19.463   21.519
  33.905   21.072   22.325
  35.395   20.163   22.204
  37.595   22.633   15.377
  37.555   24.242   16.184
  36.595   23.507   15.592
  36.903   17.792   46.976
  36.608   18.918   46.291
  35.977   18.882   45.025
  35.671   20.049   44.315
  35.986   21.293   44.845
  37.198   16.667   47.661
  37.829   16.703   48.927
  34.855   21.551   44.572
  36.465   21.485   43.771
  36.244   22.345   45.278
  37.350   16.511   50.001
  38.961   16.446   49.199
  37.766   15.927   48.862
  24.312   20.745   28.116
  25.234   21.377   28.873
  24.908   22.504   29.665
  25.864   23.159   30.450
  27.179   22.712   30.472
  23.391   20.112   27.358
  23.716   18.986   26.566
  27.044   22.774   31.654
  27.435   23.859   30.272
  28.286   22.347   30.499
  23.460   17.839   26.766
  23.851   18.924   25.384
  22.958   19.028   26.384
   8.136   22.109   11.065
   7.055   21.716   11.772
   6.914   20.394   12.255
   5.792   19.987   12.988
   4.772   20.888   13.265
   9.217   22.501   10.358
   9.358   23.824    9.876
   4.898   20.488   14.380
   4.069   20.019   12.853
   3.909   21.635   13.504
  10.061   24.693   10.288
   9.232   24.224    8.760
  10.030   23.538    9.599
   3.200   37.095   40.745
   4.408   36.585   41.068
   4.979   35.501   40.360
   6.231   34.973   40.695
   6.957   35.510   41.751
   1.992   37.604   40.422
   1.422   38.688   41.131
   7.847   35.528   40.959
   7.057   34.372   42.090
   7.578   35.951   42.634
   1.322   39.826   40.791
   0.531   38.670   41.923
   0.843   38.581   40.617
  28.762   26.176   44.039
  28.995   26.065   42.714
  29.917   25.127   42.191
  30.159   25.012   40.817
  29.487   25.830   39.917
  28.529   26.288   45.364
  27.607   27.226   45.887
  29.263   24.804   39.352
  30.579   26.026   39.481
  28.931   26.510   39.150
  26.515   27.029   46.323
  27.831   28.251   46.452
  27.833   26.910   46.565
  31.189   44.044   46.215
  31.899   44.732   47.134
  31.637   46.094   47.417
  32.373   46.808   48.370
  33.396   46.185   49.075
  30.479   43.355   45.295
  30.740   41.993   45.012
  32.852   46.654   50.025
  34.026   47.144   48.752
  34.258   45.675   49.673
  30.111   41.035   45.335
  31.285   41.524   44.062
  30.152   42.096   44.509
  21.846    8.394   22.513
  22.516    9.564   22.447
  23.923    9.632   22.585
  24.617   10.845   22.517
  23.930   12.034   22.307
  21.176    7.224   22.580
  19.769    7.156   22.441
  24.752   12.208   21.461
  24.567   12.415   23.240
  23.366   13.040   22.131
  19.133    6.776   21.509
  18.948    6.982   23.287
  19.902    6.394   22.544
   4.730    9.309   29.846
   3.738   10.225   29.885
   2.373    9.852   29.895
   1.345   10.801   29.936
   1.645   12.157   29.969
   5.721    8.394   29.806
   7.086    8.767   29.797
   0.878   12.172   30.881
   0.852   12.221   29.082
   1.883   13.298   29.997
   7.879    8.703   30.684
   7.853    8.752   28.885
   7.188    7.993   29.774
  48.494   12.931   28.598
  48.620   11.800   27.871
  49.869   11.160   27.690
  50.000    9.988   26.937
  48.886    9.413   26.337
  48.368   14.062   29.325
  47.119   14.702   29.506
  49.289    8.414   26.847
  49.578    9.398   25.367
  47.960    8.921   25.829
  46.427   14.717   30.476
  46.716   15.701   28.997
  47.554   15.199   29.922
   7.903   14.632   45.235
   7.295   15.795   45.553
   6.814   16.057   46.858
   6.184   17.263   47.188
   6.012   18.249   46.225
   8.511   13.469   44.917
   8.992   13.207   43.612
   6.479   18.962   47.058
   4.886   18.251   46.614
   5.862   19.086   45.426
  10.118   13.205   43.223
   8.525   12.494   42.779
   9.202   12.530   43.941
   9.573    8.198    3.146
   8.760    8.664    4.119
   9.034    8.451    5.491
   8.191    8.934    6.499
   7.045    9.648    6.171
  10.386    7.732    2.174
  10.112    7.945    0.802
   7.456   10.425    6.975
   6.516    8.892    6.924
   6.080   10.249    5.910
  10.642    8.702    0.049
   9.701    7.168   -0.002
  10.775    7.541    0.717
  23.873   13.237   35.418
  23.272   14.152   36.208
  23.960   15.289   36.695
  23.336   16.238   37.515
  22.004   16.084   37.875
  24.474   12.322   34.628
  23.787   11.185   34.140
  21.911   17.217   37.518
  22.413   16.288   38.976
  20.886   15.967   38.186
  23.378   10.981   33.040
  23.880   10.053   34.498
  24.480   11.041   33.810
  47.761   33.896   42.403
  46.847   34.067   43.382
  46.507   35.349   43.875
  45.559   35.526   44.890
  44.918   34.427   45.448
  48.675   33.726   41.424
  49.015   32.444   40.931
  43.931   35.063   45.243
  45.232   34.932   46.481
  44.372   33.513   45.925
  48.701   31.939   39.898
  50.002   31.808   41.135
  49.491   32.863   40.474
  16.240   18.449   22.254
  16.639   17.210   21.897
  15.758   16.103   21.920
  16.172   14.817   21.550
  17.482   14.593   21.144
  15.841   19.688   22.611
  16.722   20.796   22.588
  16.964   14.038   20.225
  17.435   13.699   21.929
  18.578   14.392   20.801
  16.769   21.690   21.803
  17.240   21.351   23.507
  16.086   21.172   22.839
  32.610   38.376   10.409
  32.810   38.463    9.076
  33.067   37.321    8.280
  33.274   37.411    6.899
  33.231   38.646    6.263
  32.411   38.289   11.741
  32.154   39.430   12.537
  32.497   38.087    5.509
  34.264   38.291    5.787
  33.197   39.676    5.718
  31.121   39.785   13.013
  32.887   39.990   13.291
  32.126   38.896   13.106
  33.543   23.197   15.727
  32.584   22.805   16.593
  32.235   21.443   16.759
  31.241   21.037   17.657
  30.559   21.977   18.420
  34.502   23.589   14.862
  34.851   24.950   14.695
  30.828   21.247   19.323
  29.592   21.405   18.024
  29.980   22.755   19.066
  35.819   25.522   15.091
  34.582   25.680   13.792
  35.354   24.648   14.180
   2.515   24.237   25.054
   3.754   24.622   25.426
   4.000   25.876   26.033
   5.285   26.275   26.419
   6.370   25.433   26.213
   1.276   23.853   24.681
   1.030   22.598   24.074
   6.606   25.671   27.357
   6.867   26.404   25.734
   7.291   24.736   26.046
   0.534   21.627   24.554
   0.794   22.360   22.931
   0.295   22.861   24.075
  35.796   35.117   14.183
  37.052   35.531   13.914
  37.351   36.885   13.629
  38.654   37.314   13.350
  39.705   36.405   13.345
  34.540   34.703   14.452
  34.241   33.349   14.736
  40.234   37.211   14.046
  39.960   36.904   12.293
  40.596   35.653   13.338
  33.986   32.851   15.788
  33.711   32.544   14.036
  33.516   33.634   14.800
   1.185   19.196    7.055
   1.180   18.072    6.306
   0.002   17.319    6.092
  -0.003   16.153    5.316
   1.170   15.700    4.726
   1.190   20.319    7.803
   2.368   21.073    8.017
   0.498   15.637    3.744
   0.858   14.658    5.211
   2.148   15.309    4.225
   2.680   22.116    7.532
   3.040   21.137    8.999
   1.880   21.518    8.434
   7.666   44.432   19.027
   9.006   44.291   18.944
   9.613   43.039   18.687
  11.003   42.892   18.601
  11.834   43.992   18.769
   6.326   44.574   19.111
   5.718   45.826   19.368
  12.335   43.603   17.760
  12.410   43.277   19.528
  12.544   44.907   18.908
   5.142   46.541   18.608
   5.217   46.214   20.377
   5.066   45.400   19.317
  24.838   20.530   21.524
  25.507   19.409   21.868
  26.753   19.071   21.287
  27.447   17.909   21.643
  26.921   17.043   22.593
  24.168   21.650   21.181
  22.923   21.988   21.762
  28.009   17.117   23.074
  27.156   16.210   21.774
  26.491   16.307   23.389
  22.687   22.821   22.581
  21.835   21.913   21.281
  22.989   22.605   21.288
  39.627   36.338    7.221
  40.439   37.307    7.695
  41.810   37.372    7.349
  42.652   38.377    7.841
  42.153   39.352    8.695
  38.815   35.369    6.747
  37.444   35.304    7.093
  42.694   40.102    7.944
  43.100   39.069    9.360
  41.748   40.177    9.413
  36.497   35.588    6.427
  36.903   34.554    7.844
  37.466   34.677    6.628
  46.484   36.916   13.761
  46.124   36.840   12.462
  44.829   36.431   12.065
  44.455   36.353   10.718
  45.365   36.680    9.720
  46.843   36.992   15.060
  48.139   37.400   15.457
  44.470   37.349    9.305
  45.026   35.638    9.251
  46.118   36.952    8.872
  48.477   38.442   15.926
  49.033   36.731   15.872
  47.842   37.281   16.170
  14.814   29.907   34.214
  14.429   30.886   33.368
  15.233   31.293   32.277
  14.834   32.308   31.399
  13.617   32.953   31.582
  15.199   28.928   35.060
  14.396   28.521   36.152
  13.467   32.720   30.423
  14.272   33.942   31.471
  12.598   33.502   31.724
  13.741   27.532   36.263
  14.545   28.754   37.311
  14.991   28.029   36.269
  37.036    2.396   19.921
  36.011    1.888   19.204
  35.700    0.508   19.215
  34.637   -0.019   18.472
  33.847    0.816   17.691
  38.062    2.904   20.638
  38.373    4.285   20.626
  32.946    0.263   18.241
  34.052    0.003   16.845
  33.176    1.506   17.032
  38.169    5.098   21.473
  39.274    4.838   20.076
  38.936    4.053   21.116
  45.599   25.106   37.722
  44.462   24.995   38.442
  43.433   25.964   38.372
  42.254   25.850   39.118
  42.061   24.762   39.960
  46.736   25.216   37.003
  47.765   24.247   37.073
  41.007   24.687   39.408
  41.773   25.597   40.759
  41.887   23.854   40.671
  48.053   23.412   36.274
  48.818   24.322   37.624
  48.105   24.726   36.558
  38.602   37.824   19.841
  37.429   38.052   20.470
  36.556   39.093   20.074
  35.340   39.329   20.726
  34.953   38.532   21.796
  39.775   37.596   19.213
  40.647   36.555   19.608
  33.926   38.453   21.197
  34.753   39.577   22.334
  34.616   37.871   22.696
  40.847   35.510   19.070
  41.674   36.635   20.207
  41.077   36.835   19.018
  44.684    7.118   30.012
  45.215    6.088   29.319
  45.079    4.746   29.749
  45.629    3.678   29.031
  46.335    3.913   27.858
  44.153    8.148   30.704
  44.289    9.490   30.274
  45.630    3.060   27.416
  47.153    3.209   28.363
  46.930    4.096   26.872
  43.471   10.194   29.769
  44.995   10.343   30.716
  43.874    9.627   30.921
  37.991    4.483   18.317
  38.412    3.352   17.712
  37.695    2.137   17.810
  38.132    0.964   17.183
  39.302    0.965   16.434
  37.570    5.614   18.922
  38.288    6.830   18.823
  38.622    0.436   15.611
  39.563   -0.001   17.082
  40.282    0.952   15.803
  38.027    7.795   18.176
  38.968    7.359   19.647
  37.704    7.087   19.273
  39.006   20.908   46.794
  40.165   20.216   46.777
  41.112   20.367   45.736
  42.315   19.650   45.718
  42.612   18.756   46.739
  37.847   21.600   46.812
  36.899   21.449   47.853
  43.655   19.332   46.763
  42.853   18.011   45.840
  42.875   18.003   47.589
  36.659   22.194   48.751
  35.856   20.873   47.829
  36.510   21.979   47.431
  31.885   22.601   38.530
  31.713   23.900   38.204
  32.796   24.727   37.823
  32.619   26.073   37.485
  31.351   26.642   37.516
  32.056   21.302   38.856
  30.973   20.475   39.238
  31.640   27.030   36.428
  31.892   27.495   38.148
  30.293   27.131   37.539
  30.432   19.622   38.606
  30.684   20.087   40.327
  31.540   19.942   39.299
   8.136   29.180   35.681
   8.253   27.842   35.817
   7.132   27.011   36.052
   7.253   25.624   36.193
   8.500   25.018   36.104
   8.018   30.518   35.545
   9.139   31.349   35.309
   7.946   24.286   35.343
   8.171   24.486   37.118
   9.541   24.496   36.031
   9.469   31.880   34.295
   9.694   32.080   36.069
   8.593   31.907   35.315
  10.077    4.895   18.608
  10.396    3.586   18.530
  11.736    3.146   18.417
  12.067    1.788   18.336
  11.069    0.821   18.366
   9.758    6.205   18.686
   8.418    6.645   18.799
  11.759    0.322   19.200
  11.632    0.397   17.406
  10.242    0.000   18.391
   7.856    7.070   19.760
   7.728    7.145   17.966
   8.761    7.347   18.805
  16.481   33.788   44.439
  15.405   33.021   44.715
  15.518   31.786   45.395
  14.402   30.990   45.680
  13.132   31.402   45.295
  17.557   34.555   44.164
  17.444   35.791   43.484
  12.850   31.148   46.425
  13.052   30.300   44.850
  12.061   31.736   44.978
  17.525   36.893   43.930
  17.727   36.045   42.355
  18.219   35.795   43.582
  18.525   21.897   16.179
  18.622   20.576   16.443
  18.287   20.038   17.708
  18.387   18.669   17.981
  18.826   17.789   17.000
  18.429   23.217   15.915
  18.763   23.756   14.650
  17.858   17.166   17.308
  19.556   17.400   17.858
  19.193   17.040   16.185
  18.033   24.144   13.792
  19.731   24.378   14.341
  18.559   24.424   14.999
  13.711   24.142   25.436
  13.378   22.979   26.034
  12.257   22.871   26.891
  11.911   21.665   27.512
  12.674   20.523   27.298
  14.045   25.305   24.837
  15.166   25.413   23.980
  11.618   20.017   27.079
  12.654   20.445   28.487
  13.305   19.558   27.127
  15.186   25.492   22.791
  16.222   25.920   24.200
  14.924   26.154   23.932
  22.228   32.760   16.977
  23.539   33.029   16.798
  24.037   34.353   16.777
  25.397   34.632   16.592
  26.307   33.596   16.420
  20.918   32.492   17.156
  20.419   31.167   17.177
  26.922   34.171   17.264
  26.665   34.240   15.483
  27.081   32.736   16.275
  20.061   30.524   18.114
  19.804   30.593   16.334
  19.741   31.538   17.289
  35.287   45.087   15.795
  35.640   45.954   16.768
  35.141   47.277   16.811
  35.507   48.176   17.820
  36.386   47.784   18.821
  34.934   44.220   14.822
  35.434   42.897   14.779
  35.559   48.242   19.547
  36.948   48.799   18.546
  37.123   47.468   19.668
  34.872   41.883   15.054
  36.261   42.440   14.054
  34.987   42.863   14.140
  35.371   22.743   30.673
  36.527   22.052   30.750
  36.552   20.639   30.837
  37.752   19.922   30.917
  38.969   20.591   30.912
  34.214   23.435   30.596
  34.189   24.847   30.508
  39.253   19.800   30.067
  39.199   19.911   31.863
  39.998   21.140   30.909
  33.959   25.528   29.557
  33.905   25.638   31.353
  33.417   24.726   30.493
   3.059   25.265   19.932
   3.861   25.457   21.001
   3.565   24.905   22.269
   4.396   25.104   23.378
   5.554   25.862   23.258
   2.257   25.074   18.863
   2.553   25.626   17.594
   6.064   24.932   23.799
   5.138   26.414   24.228
   6.528   26.497   23.170
   2.969   25.075   16.623
   2.043   26.557   17.053
   1.888   25.266   17.400
  41.400   26.728   37.290
  40.411   25.864   37.605
  39.349   26.222   38.469
  38.324   25.326   38.795
  38.324   24.040   38.268
  42.388   27.592   36.976
  43.450   27.234   36.112
  37.194   24.294   37.989
  38.148   23.716   39.402
  38.312   22.958   37.834
  43.626   27.558   34.979
  44.581   26.980   36.391
  43.676   27.967   36.260
  36.389   31.725    7.136
  35.298   30.953    7.328
  34.295   30.813    6.340
  33.164   30.013    6.538
  32.996   29.323    7.732
  37.480   32.497    6.945
  38.483   32.636    7.933
  32.784   28.395    7.015
  31.907   29.806    7.707
  32.842   28.738    8.730
  39.572   32.153    7.958
  38.695   33.564    8.650
  38.802   33.100    7.392
   2.695   44.396   18.021
   2.697   45.716   17.736
   2.805   46.195   16.409
   2.808   47.564   16.113
   2.703   48.501   17.133
   2.692   43.077   18.307
   2.584   42.597   19.634
   1.853   48.967   16.441
   3.645   48.997   16.598
   2.616   49.298   17.979
   1.641   42.101   20.169
   3.434   42.131   20.326
   2.627   41.905   19.274
  46.540   29.443   17.877
  45.356   28.828   17.665
  44.166   29.556   17.424
  42.939   28.919   17.204
  42.858   27.532   17.217
  47.723   30.057   18.090
  48.913   29.330   18.331
  42.279   27.686   16.187
  41.943   27.722   17.955
  42.776   26.368   17.225
  49.828   29.140   17.593
  49.492   29.176   19.361
  49.217   30.048   18.374
  44.068   42.949   37.122
  44.594   43.096   35.887
  45.366   42.080   35.275
  45.912   42.233   33.995
  45.705   43.407   33.281
  43.541   42.801   38.356
  42.769   43.817   38.968
  45.392   42.665   32.403
  46.885   43.366   33.123
  45.539   44.387   32.671
  41.589   43.858   39.126
  43.082   44.559   39.846
  42.735   43.294   39.547
   2.017   38.414   12.135
   1.656   37.119   12.253
   0.358   36.669   11.914
  -0.017   35.326   12.036
   0.892   34.385   12.503
   2.379   39.710   12.017
   3.677   40.160   12.357
   0.548   33.768   11.543
   0.000   34.075   13.230
   1.646   33.585   12.893
   4.569   40.470   11.630
   4.020   40.777   13.316
   3.380   40.848   12.135
  39.896   41.775   38.294
  39.991   41.681   39.637
  41.212   41.899   40.320
  41.311   41.802   41.713
  40.192   41.485   42.474
  39.801   41.868   36.951
  38.581   41.650   36.268
  40.524   42.430   43.119
  40.919   40.681   42.969
  39.262   41.219   43.124
  37.854   42.454   35.773
  38.249   40.705   35.623
  39.025   41.804   35.645
   6.149   17.879    4.644
   6.216   18.375    3.390
   6.153   17.541    2.249
   6.222   18.056    0.949
   6.357   19.423    0.743
   6.082   17.383    5.898
   6.144   18.218    7.039
   5.449   19.267   -0.013
   7.241   19.095    0.015
   6.470   20.569    0.557
   5.260   18.546    7.767
   7.052   18.374    7.795
   6.073   17.535    7.411
  38.920   44.347   21.824
  38.855   45.077   22.957
  37.621   45.422   23.558
  37.554   46.179   24.733
  38.719   46.619   25.350
  38.985   43.616   20.690
  40.219   43.271   20.090
  38.218   46.163   26.330
  38.164   47.674   25.353
  39.689   46.995   25.878
  40.773   42.216   20.086
  40.720   43.727   19.110
  39.748   42.921   19.574
  26.760   15.210    4.552
  25.754   15.474    5.412
  25.256   14.496    6.306
  24.212   14.769    7.199
  23.630   16.030    7.229
  27.766   14.947    3.691
  28.264   15.924    2.798
  23.806   15.940    8.404
  22.610   15.417    7.165
  23.131   17.084    7.265
  29.284   16.537    2.862
  28.088   16.014    1.623
  28.737   15.339    2.588
  26.001    7.432   48.485
  27.302    7.209   48.771
  28.327    8.078   48.327
  29.676    7.846   48.623
  30.048    6.738   49.373
  24.701    7.655   48.200
  23.676    6.786   48.644
  30.669    7.536   50.004
  30.834    6.569   48.494
  30.373    5.811   50.002
  22.889    6.955   49.523
  23.055    5.988   48.013
  23.224    7.299   48.266
   8.608   20.383    9.062
   7.557   19.663    9.506
   6.223   20.107    9.348
   5.132   19.360    9.808
   5.336   18.141   10.442
   9.660   21.104    8.618
  10.994   20.659    8.776
   4.510   17.752    9.677
   4.603   18.594   11.265
   5.494   17.116   10.977
  11.728   20.207    7.953
  11.820   21.049    9.541
  11.149   21.332    8.410
  37.452   18.556   13.643
  38.752   18.536   14.008
  39.247   17.622   14.968
  40.594   17.601   15.347
  41.495   18.494   14.780
  36.153   18.576   13.278
  35.658   19.491   12.318
  42.153   17.516   14.603
  41.803   18.701   15.912
  42.261   19.238   14.311
  35.349   19.284   11.185
  35.000   20.468   12.495
  34.986   19.123   12.471
   9.247   18.660   43.633
   9.927   19.443   44.497
  10.283   20.776   44.181
  10.988   21.588   45.077
  11.361   21.098   46.322
   8.568   17.876   42.769
   8.212   16.544   43.086
  10.877   22.110   46.722
  12.432   21.529   46.026
  11.681   20.699   47.370
   7.141   16.112   43.382
   8.696   15.531   42.686
   7.901   16.569   42.370
  18.036   35.311   24.624
  19.153   35.425   23.875
  20.153   36.384   24.160
  21.311   36.502   23.382
  21.510   35.665   22.292
  16.919   35.197   25.374
  15.919   34.237   25.089
  22.583   35.496   22.783
  21.747   36.683   21.719
  21.691   34.968   21.374
  15.682   33.220   25.662
  14.846   34.406   24.598
  15.580   34.560   25.714
  49.278   11.778   23.661
  48.612   10.627   23.429
  49.286    9.406   23.186
  48.596    8.212   22.946
  47.207    8.196   22.941
  49.943   12.930   23.892
  49.269   14.150   24.136
  47.345    7.266   23.673
  47.348    7.619   21.908
  46.041    8.168   22.933
  49.129   14.727   25.169
  49.131   15.080   23.404
  50.000   14.420   24.191
   9.650   37.190   45.174
   9.303   36.970   46.460
   8.854   35.706   46.910
   8.494   35.478   48.244
   8.570   36.506   49.175
   9.997   37.410   43.888
  10.445   38.674   43.437
   9.158   35.699   49.825
   7.461   36.166   49.447
   8.629   37.360   49.966
  11.554   39.014   43.165
   9.857   39.481   42.787
  10.493   38.296   42.756
  38.729   18.905   36.995
  39.403   19.786   37.764
  39.612   21.127   37.361
  40.311   22.041   38.159
  40.825   21.647   39.388
  38.055   18.024   36.225
  37.846   16.683   36.628
  40.286   22.633   39.784
  41.826   22.153   38.985
  41.262   21.330   40.422
  36.845   16.177   37.031
  38.385   15.697   36.233
  37.478   16.646   35.940
  15.826   46.768   12.135
  15.402   45.527   12.457
  15.731   44.396   11.673
  15.291   43.109   12.006
  14.508   42.908   13.136
  16.250   48.009   11.814
  15.921   49.140   12.597
  15.297   42.046   13.370
  13.812   42.298   12.385
  13.849   42.725   14.081
  16.617   49.750   13.348
  15.132   50.002   12.363
  16.345   49.507   12.053
   9.817   10.202   31.611
   9.916   11.522   31.344
   9.519   12.507   32.279
   9.622   13.876   32.003
  10.125   14.308   30.782
   9.718    8.882   31.877
  10.115    7.897   30.942
  10.812   15.007   31.459
   9.149   14.992   30.769
  10.545   14.684   29.761
  11.090    7.212   30.954
   9.428    7.197   30.265
   9.883    7.415   31.512
  33.600   30.613   31.402
  34.370   29.594   30.967
  35.434   29.794   30.056
  36.233   28.737   29.605
  35.998   27.442   30.049
  32.829   31.633   31.837
  31.765   31.433   32.749
  37.170   27.441   30.265
  36.040   27.175   28.888
  35.810   26.350   30.414
  31.722   31.700   33.909
  30.593   31.433   32.533
  31.687   32.205   32.663
  10.832    9.484   36.164
  10.899   10.509   37.041
   9.740   11.075   37.622
   9.810   12.138   38.532
  11.041   12.671   38.891
  10.765    8.460   35.287
  11.924    7.894   34.705
  10.628   12.539   40.001
  10.517   13.712   38.640
  12.068   13.129   39.202
  12.448    6.853   34.957
  12.337    8.026   33.595
  11.395    7.437   34.355
  21.994    5.137   23.034
  21.859    5.242   24.373
  22.422    4.294   25.260
  22.282    4.402   26.648
  21.574    5.463   27.200
  22.129    5.032   21.694
  21.566    5.980   20.808
  22.537    5.575   27.893
  21.023    4.605   27.816
  20.983    6.348   27.676
  22.117    6.838   20.191
  20.603    5.868   20.115
  21.891    5.514   20.272
  33.352   26.294   44.955
  33.393   27.079   46.053
  33.073   28.456   46.002
  33.116   29.270   47.140
  33.481   28.736   48.369
  33.310   25.509   43.858
  33.630   24.131   43.908
  32.494   29.283   48.753
  34.218   29.671   48.411
  33.785   28.301   49.408
  32.893   23.196   43.867
  34.617   23.584   43.524
  33.469   24.174   43.145
  19.094    8.435   18.827
  19.932    9.427   19.195
  21.279    9.178   19.550
  22.149   10.207   19.931
  21.703   11.522   19.971
  18.255    7.443   18.460
  16.908    7.693   18.105
  22.689   11.739   19.338
  22.196   11.519   21.056
  21.341   12.630   20.009
  16.415    7.695   17.020
  15.922    7.476   18.738
  16.902    6.918   18.004
  36.088   24.860    5.239
  36.621   23.643    5.480
  36.635   23.073    6.775
  37.188   21.811    7.024
  37.747   21.074    5.987
  35.555   26.076    4.998
  35.542   26.647    3.703
  37.067   20.196    6.418
  38.665   20.959    6.738
  38.220   20.446    5.126
  34.623   26.762    2.953
  36.222   27.525    3.272
  35.187   27.231    4.080
  10.927   38.589   13.304
   9.584   38.690   13.212
   8.748   37.549   13.163
   7.355   37.654   13.068
   6.749   38.903   13.018
  12.270   38.488   13.396
  13.107   39.629   13.445
   6.054   38.455   13.876
   6.175   38.443   12.080
   6.227   39.945   12.976
  13.680   40.088   14.383
  13.802   40.077   12.587
  13.666   39.085   13.486
  11.574   19.159   12.668
  12.547   19.833   12.020
  13.777   19.226   11.673
  14.786   19.926   11.000
  14.601   21.258   10.651
  10.601   18.484   13.317
   9.370   19.091   13.664
  14.972   20.893    9.579
  15.670   21.404   11.158
  14.459   22.376   10.352
   8.302   18.945   13.157
   8.999   19.456   14.735
   9.225   18.382   13.957
  12.927   15.675   17.983
  13.652   16.764   17.653
  14.935   16.661   17.064
  15.687   17.790   16.722
  15.184   19.064   16.955
  12.201   14.585   18.314
  10.918   14.689   18.902
  15.498   19.254   15.821
  16.248   19.251   17.458
  14.773   20.139   17.145
   9.854   14.502   18.400
  10.604   14.498   20.036
  10.962   13.909   18.880
  41.987    8.051   10.741
  41.634    9.218   11.321
  40.833    9.264   12.487
  40.467   10.474   13.088
  40.890   11.681   12.546
  42.339    6.884   10.161
  43.140    6.838    8.995
  41.222   11.919   13.665
  39.740   11.979   12.645
  41.238   12.702   12.101
  44.290    6.540    8.897
  42.808    6.600    7.876
  43.045    6.068    9.089
  17.480   35.314   22.250
  16.260   35.574   22.766
  16.001   36.736   23.531
  14.736   37.005   24.067
  13.684   36.121   23.857
  18.700   35.055   21.733
  18.959   33.893   20.968
  13.093   37.105   23.536
  13.540   36.217   25.036
  12.793   35.388   23.689
  19.103   33.798   19.789
  19.550   32.909   21.290
  19.675   34.202   20.938
  15.052   39.576    2.010
  14.510   38.341    2.059
  15.217   37.232    2.582
  14.655   35.951    2.633
  13.367   35.732    2.161
  15.594   40.812    1.961
  14.887   41.921    1.437
  13.217   35.184    3.209
  13.876   34.831    1.571
  12.287   35.535    1.769
  14.379   42.822    2.027
  15.037   42.469    0.390
  15.548   42.294    1.623
  47.804   29.901   41.539
  48.216   28.626   41.374
  49.523   28.311   40.934
  49.950   26.989   40.762
  49.085   25.934   41.025
  47.392   31.176   41.705
  46.085   31.491   42.145
  50.000   25.512   41.660
  49.434   25.551   39.952
  48.369   25.040   41.241
  45.735   31.874   43.218
  45.169   31.913   41.510
  46.351   32.221   42.074
  18.396    3.170   38.859
  17.577    4.042   39.485
  17.351    3.989   40.881
  16.503    4.893   41.530
  15.850    5.883   40.807
  19.214    2.298   38.232
  19.440    2.352   36.836
  16.276    6.603   41.656
  14.886    5.491   41.388
  15.295    6.719   40.212
  20.404    2.745   36.255
  19.014    1.633   35.987
  19.899    1.740   36.994
  38.754   42.126   25.302
  39.893   41.435   25.085
  40.946   41.409   26.030
  42.127   40.692   25.806
  42.298   39.975   24.628
  37.615   42.818   25.518
  36.562   42.844   24.573
  42.613   39.092   25.364
  43.345   40.541   24.588
  42.454   39.369   23.644
  35.515   42.277   24.614
  36.247   43.727   23.837
  36.231   43.301   25.113
  19.919   48.459    6.084
  20.227   48.021    7.323
  20.364   48.905    8.419
  20.684   48.451    9.704
  20.879   47.095    9.939
  19.610   48.897    4.845
  19.473   48.013    3.749
  20.126   47.277   10.844
  21.877   47.464   10.474
  21.045   45.960   10.149
  18.475   47.644    3.213
  20.227   47.831    2.843
  19.322   48.677    3.368
   8.499   13.309    2.130
   9.200   14.417    1.810
   9.310   14.875    0.476
  10.038   16.024    0.143
  10.682   16.756    1.133
   7.797   12.201    2.451
   7.687   11.743    3.785
  10.137   17.683    0.620
  11.617   16.682    0.398
  11.227   17.379    1.954
   6.752   11.817    4.520
   8.232   10.816    4.298
   7.259   11.185    3.446
  45.917   39.055   25.904
  45.232   40.183   26.189
  45.779   41.208   26.998
  45.069   42.378   27.294
  43.787   42.565   26.791
  46.601   37.927   25.619
  46.055   36.903   24.811
  44.213   43.626   26.457
  43.524   42.838   27.921
  42.711   42.735   26.376
  46.318   36.629   23.681
  45.629   35.841   25.145
  46.745   36.567   24.955
   3.948   30.889    8.664
   4.850   31.552    9.419
   4.483   32.221   10.611
   5.418   32.908   11.394
   6.754   32.951   11.014
   3.047   30.226    7.909
   3.414   29.557    6.717
   6.951   32.620   12.141
   6.634   34.122   11.201
   7.877   32.995   10.705
   3.533   28.386    6.530
   3.216   29.888    5.590
   2.651   29.388    6.704
   9.202    5.127   44.216
   9.426    6.053   45.173
   9.703    7.404   44.859
   9.935    8.364   45.851
   9.899    8.006   47.193
   8.977    4.202   43.260
   8.700    2.850   43.574
   9.182    8.953   47.292
  10.943    8.580   47.240
   9.872    7.720   48.323
   7.657    2.276   43.527
   9.417    1.903   43.475
   8.664    2.787   42.796
  10.913   14.199   24.942
   9.661   13.822   25.276
   9.058   14.218   26.493
   7.759   13.827   26.840
   7.017   13.025   25.982
  12.166   14.576   24.607
  12.768   14.180   23.390
   6.170   13.845   26.158
   6.828   12.375   26.963
   6.383   12.353   25.271
  12.958   14.830   22.409
  13.615   13.360   23.214
  13.364   14.600   23.671
  33.454   47.123    4.349
  33.226   46.138    3.454
  34.276   45.359    2.913
  34.039   44.337    1.985
  32.744   44.059    1.565
  33.682   48.108    5.244
  32.632   48.887    5.785
  33.042   42.934    1.822
  33.224   44.115    0.476
  31.663   43.814    1.205
  32.153   48.831    6.875
  32.334   50.011    5.528
  33.224   49.228    6.164
  38.210   14.670   24.700
  38.248   15.936   24.232
  37.242   16.452   23.381
  37.282   17.765   22.896
  38.329   18.608   23.245
  38.171   13.405   25.168
  39.177   12.889   26.020
  37.454   19.372   23.508
  38.383   18.813   22.072
  39.202   19.327   23.530
  39.123   12.684   27.192
  40.053   12.125   25.756
  38.732   12.248   25.981
  29.981    5.419   18.807
  29.567    5.533   17.528
  30.006    6.584   16.688
  29.576    6.703   15.361
  28.691    5.775   14.826
  30.396    5.305   20.087
  29.957    4.254   20.927
  29.480    5.731   13.934
  28.092    6.742   14.474
  27.949    5.002   14.365
  30.556    3.286   21.279
  29.168    4.297   21.819
  30.420    4.614   21.442
  42.775   37.264   31.648
  43.993   37.307   31.066
  44.434   36.301   30.174
  45.697   36.346   29.570
  46.563   37.399   29.837
  41.558   37.220   32.230
  41.117   38.226   33.122
  46.659   37.450   28.651
  47.353   36.529   30.033
  47.300   38.277   30.053
  40.327   39.096   32.926
  41.020   38.175   34.308
  40.478   37.777   33.143
  16.800    3.403   16.274
  17.990    3.054   15.740
  18.525    1.752   15.889
  19.759    1.390   15.335
  20.502    2.316   14.614
  15.610    3.752   16.807
  15.075    5.054   16.659
  20.564    1.443   13.806
  21.393    1.956   15.319
  21.136    3.084   14.006
  14.184    5.414   15.954
  15.013    5.927   17.467
  14.494    4.748   17.081
  34.554   35.826   12.205
  34.863   34.514   12.284
  34.146   33.530   11.563
  34.466   32.169   11.645
  35.514   31.744   12.451
  34.245   37.138   12.126
  34.962   38.122   12.848
  35.850   31.147   11.476
  34.712   30.963   12.859
  36.392   31.374   13.124
  35.764   38.903   12.440
  34.626   38.719   13.823
  34.455   38.598   12.494
   5.662   44.344   14.787
   4.721   43.435   15.120
   5.057   42.165   15.646
   4.081   41.223   15.990
   2.734   41.516   15.822
   6.603   45.253   14.455
   6.266   46.523   13.929
   2.643   41.131   16.946
   2.705   40.456   15.278
   1.600   41.750   15.685
   6.296   47.583   14.473
   6.357   46.909   12.805
   7.043   46.608   13.923
  33.626    8.537    5.681
  34.131    8.691    6.924
  35.482    9.047    7.146
  36.005    9.206    8.435
  35.196    9.014    9.548
  33.121    8.384    4.439
  31.770    8.028    4.217
  35.640   10.066    9.889
  36.094    8.325    9.920
  34.528    8.857   10.490
  30.872    8.717    3.845
  31.326    6.976    3.875
  31.992    8.073    3.469
  32.616   35.118   28.408
  33.848   34.656   28.709
  34.770   35.417   29.465
  36.049   34.938   29.776
  36.450   33.681   29.342
  31.383   35.579   28.108
  30.461   34.818   27.352
  36.776   33.536   30.479
  37.418   34.264   28.963
  36.800   32.628   28.984
  29.493   34.235   27.730
  30.135   34.964   26.215
  30.012   35.447   27.464
  22.204   10.675    6.224
  21.649   11.665    6.955
  21.189   12.866    6.364
  20.614   13.893    7.121
  20.477   13.756    8.497
  22.759    9.685    5.494
  23.218    8.484    6.085
  19.355   14.099    8.288
  20.980   14.836    8.524
  20.356   13.654    9.652
  22.715    7.404    6.058
  24.340    8.141    6.293
  23.402    8.315    5.345
  38.234   30.459    3.850
  37.234   31.314    4.150
  37.022   32.506    3.417
  35.985   33.394    3.727
  35.123   33.121    4.782
  39.234   29.603    3.550
  39.446   28.411    4.283
  34.274   33.358    3.979
  35.368   34.243    5.102
  34.392   32.905    5.665
  39.201   27.289    3.964
  40.295   28.175    5.086
  40.034   28.329    3.775
  33.201   41.681   16.471
  33.144   42.810   17.208
  33.563   44.061   16.697
  33.504   45.233   17.462
  33.024   45.194   18.765
  33.258   40.551   15.733
  32.839   39.300   16.244
  32.353   46.111   18.407
  34.020   45.801   19.011
  32.624   45.176   19.861
  31.843   38.693   15.998
  33.510   38.383   16.602
  33.052   39.058   15.533
  16.905   33.147   20.714
  16.480   34.412   20.510
  17.297   35.387   19.891
  16.857   36.699   19.680
  15.583   37.083   20.080
  17.330   31.882   20.917
  16.512   30.907   21.537
  15.508   37.520   18.974
  16.158   37.997   20.584
  14.516   37.418   20.412
  15.937   29.992   21.033
  16.587   30.470   22.643
  17.140   30.458   21.416
  42.009   19.945   29.816
  41.802   18.618   29.953
  41.543   18.026   31.212
  41.329   16.650   31.355
  41.365   15.817   30.244
  42.216   21.272   29.678
  42.474   21.864   28.420
  40.330   15.413   30.675
  42.096   15.163   30.920
  41.393   15.106   29.319
  41.743   22.519   27.743
  43.509   22.269   27.988
  42.507   22.515   28.851
  11.017   28.892    4.459
  12.323   28.788    4.783
  12.755   28.659    6.125
  14.110   28.553    6.461
  15.081   28.571    5.468
   9.711   28.995    4.134
   9.279   29.124    2.793
  15.486   27.599    6.027
  15.593   29.391    6.165
  15.907   28.585    4.645
   8.767   28.304    2.096
   8.874   30.095    2.233
   8.576   29.140    3.132
  12.150   43.619   31.891
  12.153   42.730   30.875
  13.354   42.217   30.330
  13.356   41.296   29.276
  12.158   40.853   28.730
  12.148   44.508   32.907
  10.947   45.020   33.453
  12.639   39.773   28.879
  12.679   41.128   27.694
  11.159   40.474   28.263
  10.426   44.746   34.489
  10.466   46.100   33.304
  11.446   45.407   33.912
  40.365   39.395   12.964
  41.120   39.225   14.070
  41.902   40.272   14.613
  42.684   40.096   15.761
  42.712   38.866   16.407
  39.611   39.564   11.857
  38.829   38.517   11.314
  42.503   39.520   17.381
  43.893   39.013   16.356
  42.745   37.839   16.959
  37.648   38.370   11.365
  39.038   37.864   10.340
  38.645   39.068   10.792
  34.270   21.004   38.814
  34.143   20.048   37.870
  33.009   19.203   37.806
  32.877   18.211   36.827
  33.874   18.029   35.876
  34.398   21.961   39.759
  35.531   22.806   39.822
  32.965   18.064   35.107
  33.784   16.884   36.191
  34.702   17.866   35.072
  35.621   23.952   39.507
  36.440   22.772   40.592
  35.145   23.100   40.434
  28.535   46.578    3.733
  27.584   47.386    4.248
  27.766   48.785    4.354
  26.779   49.623    4.888
  25.576   49.092    5.335
  29.486   45.770    3.219
  29.304   44.370    3.112
  25.097   49.955    4.667
  25.802   49.739    6.310
  24.561   48.659    5.713
  29.078   43.723    2.137
  29.783   43.507    3.779
  30.023   44.407    2.809
  34.387   26.597   24.135
  34.706   26.362   22.844
  35.538   27.236   22.106
  35.869   26.992   20.767
  35.379   25.865   20.120
  34.068   26.832   25.425
  33.236   25.957   26.164
  36.518   25.714   19.801
  35.070   26.645   19.273
  34.976   24.922   19.564
  33.546   25.177   27.010
  32.098   26.108   26.482
  33.367   26.481   26.728
  21.942   20.100   22.522
  22.802   19.698   21.562
  22.700   20.153   20.225
  23.591   19.735   19.229
  24.615   18.848   19.534
  21.083   20.503   23.482
  21.185   20.048   24.818
  25.297   19.644   18.967
  24.214   18.260   18.578
  25.480   18.104   19.776
  21.586   20.636   25.774
  20.503   19.252   25.385
  20.562   20.509   24.911
  14.029   41.822    4.964
  14.089   42.342    6.208
  15.303   42.426    6.929
  15.365   42.964    8.220
  14.213   43.438    8.836
  13.970   41.303    3.719
  12.756   41.219    2.998
  14.882   44.400    9.054
  14.582   42.767    9.749
  13.254   43.839    9.365
  12.387   41.890    2.085
  12.087   40.257    2.780
  13.222   40.903    2.457
  31.334    2.640   18.178
  31.565    3.909   18.577
  32.512    4.219   19.581
  32.752    5.536   19.994
  32.053    6.588   19.417
  31.103    1.371   17.780
  30.155    1.061   16.776
  33.136    7.069   19.293
  31.857    6.907   20.549
  31.473    7.481   18.942
  30.351    0.742   15.644
  29.072    0.581   16.901
  30.394    0.332   16.925
   0.554   31.651   31.913
   1.043   30.740   32.781
   0.571   29.406   32.813
   1.078   28.461   33.713
   2.074   28.816   34.614
   0.065   32.562   31.046
   0.537   33.896   31.014
   2.609   27.830   34.211
   1.355   28.302   35.413
   2.911   29.100   35.375
   1.256   34.410   30.215
   0.002   34.882   31.417
   0.010   33.956   30.440
  47.273   18.343   23.729
  46.297   17.522   24.171
  45.640   16.607   23.314
  44.628   15.756   23.773
  44.237   15.788   25.106
  48.249   19.164   23.286
  48.906   20.078   24.143
  44.372   14.606   25.039
  43.140   15.858   24.647
  43.899   15.804   26.222
  50.003   20.008   24.602
  48.771   21.261   24.211
  49.292   20.253   23.487
  36.683   13.373   31.268
  35.608   14.100   30.896
  34.288   13.604   31.017
  33.174   14.358   30.631
  33.339   15.635   30.110
  37.758   12.646   31.640
  39.077   13.142   31.519
  32.507   15.929   30.911
  32.614   15.238   29.252
  33.463   16.708   29.671
  39.803   13.540   32.376
  39.910   12.848   30.718
  39.254   12.444   31.821
  40.105    8.254   42.265
  40.166    8.373   40.921
  39.470    9.390   40.226
  39.534    9.514   38.833
  40.296    8.625   38.085
  40.044    8.134   43.608
  40.740    7.117   44.303
  40.732    9.617   37.591
  39.306    8.531   37.429
  40.932    7.886   37.446
  41.730    7.212   44.960
  40.304    6.125   44.798
  40.408    7.461   44.922
  42.280   34.085   33.298
  42.222   32.743   33.164
  41.039   32.081   32.758
  40.978   30.689   32.619
  42.098   29.910   32.881
  42.339   35.427   33.432
  43.522   36.090   33.838
  41.846   29.423   31.823
  41.340   29.273   33.544
  43.031   29.244   33.097
  44.280   36.726   33.175
  43.774   36.576   34.896
  43.068   36.721   33.760
  12.706    2.380   36.652
  12.585    3.672   37.027
  11.980    4.043   38.252
  11.855    5.382   38.641
  12.329    6.397   37.819
  12.828    1.089   36.277
  13.432    0.718   35.052
  12.852    6.784   38.818
  11.250    6.870   38.001
  12.722    7.259   37.139
  14.511    0.245   34.871
  12.909    0.331   34.054
  13.263   -0.000   35.309
  21.487   24.431   18.680
  20.228   23.950   18.758
  19.907   22.812   19.536
  18.601   22.313   19.617
  17.571   22.934   18.923
  22.746   24.912   18.602
  23.067   26.050   17.824
  17.010   22.888   19.973
  17.327   21.827   18.554
  16.696   23.445   18.345
  23.311   27.156   18.193
  23.628   26.096   16.774
  23.784   25.901   18.096
   4.248    6.019   12.690
   4.413    4.730   12.326
   5.677    4.095   12.368
   5.848    2.757   11.992
   4.762    2.007   11.559
   4.082    7.309   13.053
   2.818    7.944   13.011
   5.166    1.209   12.347
   5.482    1.727   10.652
   3.859    1.366   11.195
   2.098    8.224   13.918
   2.415    8.742   12.223
   3.233    8.551   13.274
  25.142   34.334   43.234
  26.034   35.328   43.032
  25.876   36.606   43.617
  26.801   37.637   43.409
  27.916   37.425   42.608
  24.251   33.340   43.435
  24.408   32.062   42.850
  28.506   37.897   43.529
  27.575   38.442   42.088
  28.856   37.261   41.938
  24.750   31.045   43.369
  23.818   31.589   41.929
  23.740   31.923   43.229
  10.587   43.313   29.182
  11.224   44.497   29.301
  11.336   45.401   28.218
  11.996   46.629   28.341
  12.568   46.998   29.553
   9.951   42.129   29.063
   9.839   41.225   30.147
  11.977   48.017   29.372
  13.523   47.236   28.881
  13.052   47.320   30.563
   8.884   40.987   30.819
  10.429   40.206   30.327
   9.455   40.801   29.615
  24.066   33.882   29.219
  23.139   32.910   29.090
  21.813   33.187   28.679
  20.851   32.179   28.546
  21.180   30.857   28.819
  24.994   34.854   29.347
  26.319   34.577   29.759
  20.672   30.648   27.762
  20.188   30.883   29.479
  21.442   29.744   29.046
  27.311   34.551   29.099
  26.827   34.786   30.817
  26.394   35.350   29.674
  19.579   26.187   22.634
  19.690   27.524   22.483
  20.893   28.133   22.053
  21.008   29.520   21.897
  19.924   30.347   22.165
  19.469   24.850   22.785
  18.266   24.241   23.215
  20.181   30.811   21.098
  20.718   30.959   22.809
  19.023   31.052   22.386
  17.473   23.628   22.571
  18.009   23.777   24.282
  18.692   23.591   23.138
  36.271   12.705   48.625
  37.287   11.839   48.827
  37.360   10.598   48.151
  38.414    9.700   48.361
  39.431   10.010   49.254
  35.256   13.571   48.422
  35.182   14.812   49.099
  40.143    9.699   48.351
  39.213    8.919   49.680
  40.291   10.258   50.002
  35.400   15.903   48.673
  34.470   15.123   50.002
  34.526   14.880   48.680
  46.322   29.135   37.322
  45.052   29.497   37.046
  44.745   30.709   36.383
  43.427   31.085   36.096
  42.369   30.262   36.462
  47.593   28.773   37.599
  47.900   27.562   38.262
  42.023   30.423   35.333
  41.917   31.265   36.920
  41.472   29.580   36.763
  48.352   26.559   37.804
  48.246   27.400   39.391
  48.631   27.822   38.173
   8.629   46.614    7.355
   7.583   45.882    6.915
   7.718   44.519    6.561
   6.634   43.760    6.105
   5.376   44.338    5.987
   9.675   47.346    7.795
   9.540   48.709    8.150
   5.020   43.375    6.592
   5.398   43.853    4.899
   4.314   44.810    5.883
   9.518   49.194    9.238
   9.896   49.672    7.544
  10.303   48.636    8.299
  31.527   31.618   44.691
  32.489   32.556   44.558
  32.219   33.935   44.722
  33.216   34.908   44.583
  34.519   34.536   44.275
  30.566   30.680   44.825
  30.836   29.300   44.661
  34.799   35.243   45.193
  34.423   35.379   43.438
  35.616   34.238   44.017
  30.932   28.458   45.498
  30.555   28.594   43.743
  30.073   29.241   44.820
   4.341   35.271   28.717
   4.507   36.611   28.733
   5.725   37.220   28.350
   5.897   38.610   28.366
   4.856   39.439   28.766
   4.175   33.931   28.701
   2.957   33.322   29.084
   5.109   40.024   27.759
   5.690   39.933   29.460
   3.991   40.147   29.099
   2.124   32.828   28.390
   2.705   32.737   30.091
   3.353   32.670   28.914
  29.883   30.706   17.438
  29.594   30.641   16.120
  30.484   31.124   15.132
  30.184   31.057   13.767
  28.983   30.504   13.340
  30.172   30.771   18.755
  29.282   30.288   19.743
  29.681   29.881   12.602
  28.903   31.502   12.693
  27.978   30.043   12.968
  29.361   29.290   20.389
  28.584   30.911   20.480
  29.848   30.533   20.221
  42.518    9.511   21.702
  42.710   10.843   21.806
  42.707   11.692   20.674
  42.906   13.074   20.783
  43.117   13.655   22.027
  42.325    8.179   21.597
  42.329    7.329   22.729
  42.269   14.414   21.671
  44.043   14.172   21.484
  43.295   14.156   23.065
  41.402    6.813   23.272
  43.176    6.571   23.085
  42.197    6.783   22.187
  43.617   41.811   11.282
  44.298   41.229   12.292
  43.649   40.465   13.291
  44.355   39.862   14.339
  45.735   40.001   14.425
  42.937   42.393   10.272
  43.585   43.157    9.273
  45.716   38.817   14.558
  45.503   40.300   15.555
  46.893   40.110   14.510
  43.817   42.858    8.143
  43.605   44.341    9.140
  42.855   43.232    9.006
  44.261    3.090   15.259
  45.131    4.110   15.419
  45.082    4.968   16.542
  45.984    6.026   16.709
  46.968    6.262   15.757
  43.391    2.070   15.098
  43.441    1.212   13.975
  47.693    6.289   16.703
  46.573    7.385   15.816
  47.799    6.472   14.966
  43.836    0.089   13.916
  42.716    1.184   13.029
  42.832    0.880   14.335
  13.467    9.981    7.664
  14.603    9.747    8.354
  14.648    8.841    9.441
  15.826    8.599   10.157
  17.002    9.253    9.812
  12.331   10.215    6.974
  12.286   11.120    5.887
  17.469    8.158    9.846
  17.056    9.495   10.978
  17.996    9.796    9.533
  12.232   10.879    4.722
  11.819   12.216    5.854
  11.537   10.901    5.873
  23.175   25.906    9.049
  22.394   24.804    9.045
  21.138   24.778    8.396
  20.328   23.636    8.392
  20.747   22.479    9.038
  23.956   27.007    9.053
  25.212   27.033    9.703
  20.454   21.954    8.008
  19.659   22.513    9.524
  21.086   21.501    9.576
  26.300   27.000    9.216
  25.505   27.558   10.732
  25.216   27.767    9.434
  25.537   43.358   18.518
  25.818   42.062   18.770
  24.859   41.180   19.324
  25.150   39.836   19.584
  26.411   39.325   19.300
  25.257   44.654   18.267
  26.215   45.536   17.713
  25.795   38.461   18.756
  26.347   38.902   20.412
  27.464   38.883   19.066
  26.279   45.959   16.601
  26.831   46.399   18.257
  25.626   46.045   17.774
  34.889   25.397   46.248
  33.913   24.466   46.306
  34.200   23.080   46.318
  33.188   22.114   46.378
  31.854   22.499   46.428
  35.864   26.329   46.190
  35.578   27.715   46.177
  31.804   21.739   47.345
  31.728   21.707   45.547
  30.731   22.809   46.470
  35.704   28.507   47.059
  35.628   28.474   45.261
  36.356   27.767   46.143
  29.010   30.509    8.801
  28.861   29.337    9.454
  29.960   28.651   10.024
  29.805   27.436   10.702
  28.547   26.863   10.834
  29.159   31.680    8.147
  28.060   32.366    7.577
  28.851   26.774   11.983
  29.094   25.882   10.439
  27.496   26.372   10.953
  27.512   33.348    7.973
  27.755   32.456    6.429
  28.619   32.873    7.373
   4.419   19.902   20.067
   3.349   19.098   20.245
   2.339   18.966   19.263
   1.230   18.132   19.448
   1.091   17.401   20.621
   5.489   20.706   19.889
   6.499   20.838   20.871
   0.893   16.491   19.878
  -0.010   17.859   20.622
   0.962   16.783   21.601
   7.600   20.381   20.869
   6.697   21.749   21.614
   6.802   21.326   20.341
  41.273   11.010   35.461
  40.744    9.771   35.373
  41.548    8.607   35.411
  41.000    7.322   35.320
  39.627    7.155   35.188
  41.801   12.249   35.549
  40.997   13.412   35.511
  39.767    6.378   36.081
  39.933    6.434   34.289
  38.477    7.000   35.076
  40.691   14.133   36.409
  40.857   14.189   34.618
  41.689   13.765   35.586
  32.002   21.248   23.883
  31.594   20.013   23.521
  31.867   19.478   22.239
  31.444   18.197   21.864
  30.731   17.406   22.757
  32.411   22.482   24.245
  32.137   23.017   25.526
  31.530   16.575   22.455
  29.987   17.266   21.837
  30.133   16.731   23.496
  32.882   23.157   26.446
  31.339   23.849   25.828
  32.527   23.629   25.237
  28.640   40.064   46.651
  28.319   41.367   46.800
  29.306   42.378   46.879
  28.974   43.730   47.034
  27.642   44.118   47.114
  28.961   38.762   46.502
  27.974   37.751   46.423
  27.959   44.912   46.284
  28.011   44.721   48.073
  26.529   44.458   47.183
  27.605   37.148   45.464
  27.657   36.956   47.253
  28.602   37.291   46.356
  21.170    7.647   14.145
  22.353    7.030   14.352
  23.515    7.744   14.732
  24.741    7.105   14.947
  24.851    5.729   14.789
  19.987    8.264   13.938
  18.826    7.550   13.558
  25.374    5.778   15.859
  25.799    6.011   14.125
  24.956    4.574   14.661
  17.878    7.268   14.222
  18.303    7.500   12.488
  18.510    8.264   13.576
  20.037   41.674    7.373
  20.099   40.329    7.279
  18.936   39.530    7.171
  19.001   38.135    7.073
  20.230   37.489    7.079
  19.975   43.019    7.468
  21.138   43.818    7.576
  19.798   36.934    6.117
  19.720   36.804    7.911
  21.256   36.934    7.083
  21.648   44.502    6.744
  21.571   44.372    8.538
  20.611   44.394    7.595
  12.828   19.181   16.773
  12.969   18.932   18.092
  11.986   18.234   18.833
  12.132   17.976   20.201
  13.266   18.406   20.877
  12.687   19.430   15.453
  13.671   20.128   14.713
  13.296   17.284   21.276
  12.478   18.841   21.657
  14.214   18.762   21.457
  14.460   19.693   13.932
  13.642   21.250   14.314
  13.166   20.006   14.129
  47.202   39.901   11.736
  46.439   40.751   12.455
  46.303   42.116   12.105
  45.511   42.997   12.851
  44.828   42.546   13.973
  47.965   39.051   11.016
  48.102   37.687   11.366
  43.898   43.093   13.467
  45.319   43.498   14.495
  44.249   42.180   14.917
  47.611   36.734   10.844
  49.031   37.140   11.873
  48.561   37.680   10.734
  45.239   29.384   21.368
  44.099   29.784   21.971
  42.865   29.840   21.281
  41.684   30.255   21.906
  41.694   30.629   23.244
  46.379   28.984   20.765
  47.613   28.928   21.455
  40.765   29.887   23.324
  41.109   31.588   22.846
  41.688   30.946   24.367
  48.198   27.969   21.854
  48.542   29.670   21.375
  47.869   28.681   20.760
  33.769   19.258   19.206
  32.435   19.160   19.392
  31.542   18.942   18.316
  30.159   18.840   18.509
  29.620   18.954   19.785
  35.102   19.356   19.020
  35.995   19.574   20.096
  29.045   17.953   19.489
  28.883   19.731   19.263
  29.154   19.047   20.850
  36.732   18.797   20.618
  36.570   20.575   20.391
  36.524   19.549   19.522
  25.845   17.662   28.866
  24.746   16.907   28.651
  24.796   15.493   28.651
  23.657   14.711   28.428
  22.427   15.315   28.195
  26.943   18.417   29.082
  26.894   19.831   29.081
  22.044   14.559   29.033
  22.384   14.570   27.266
  21.389   15.808   27.999
  26.937   20.575   30.011
  27.277   20.586   28.243
  27.657   19.751   29.227
  24.920   48.225   36.576
  25.877   48.124   37.523
  27.132   47.526   37.261
  28.124   47.422   38.243
  27.896   47.911   39.523
  23.963   48.326   35.629
  22.708   48.923   35.892
  28.952   48.441   39.368
  28.294   46.841   39.863
  27.718   48.318   40.601
  22.310   49.994   35.552
  21.652   48.394   36.047
  22.584   48.742   35.142
  20.920   32.672   30.688
  19.649   32.925   30.309
  19.024   34.169   30.562
  17.706   34.430   30.168
  16.966   33.457   29.508
  22.190   32.420   31.068
  22.816   31.176   30.815
  16.733   34.340   28.742
  16.137   33.719   30.323
  16.334   32.649   28.953
  23.645   30.914   30.000
  23.049   30.294   31.581
  23.414   31.524   31.177
  18.832   15.879   11.909
  17.957   15.516   10.947
  17.354   14.236   10.927
  16.447   13.859    9.929
  16.110   14.749    8.917
  19.707   16.242   12.871
  20.310   17.522   12.892
  14.993   14.451    9.204
  16.353   13.827    8.203
  15.819   15.487    8.062
  20.068   18.445   13.606
  21.427   17.821   12.605
  20.650   17.234   13.533
  32.899   33.203   36.889
  32.225   32.151   36.377
  30.888   32.264   35.927
  30.189   31.173   35.397
  30.802   29.930   35.298
  33.573   34.255   37.400
  34.910   34.141   37.851
  30.396   29.965   34.177
  29.806   29.542   35.824
  31.304   28.882   35.209
  35.906   34.529   37.324
  35.315   34.107   38.971
  34.809   34.900   38.009
  36.244   29.454   34.457
  36.505   30.778   34.461
  36.991   31.444   35.611
  37.261   32.817   35.615
  37.056   33.574   34.469
  35.983   28.129   34.453
  35.497   27.463   33.303
  38.159   33.968   34.688
  36.469   34.299   35.210
  36.888   34.222   33.513
  36.085   26.738   32.562
  34.394   27.070   33.084
  35.523   26.845   33.780
  28.458   39.637    8.307
  27.611   40.459    8.961
  27.232   40.230   10.305
  26.354   41.083   10.984
  25.823   42.195   10.344
  29.305   38.814    7.652
  29.684   39.044    6.308
  26.182   42.769   11.324
  24.787   41.780   10.762
  25.370   43.132    9.818
  30.720   39.459    5.889
  29.325   38.469    5.327
  30.099   38.392    6.425
   7.407   24.791   18.661
   8.238   25.743   19.136
   9.572   25.869   18.681
  10.434   26.856   19.173
   9.992   27.752   20.139
   6.576   23.839   18.185
   5.242   23.713   18.640
  10.451   28.570   19.403
  10.999   27.445   20.698
   9.635   28.511   20.949
   4.235   24.020   18.081
   4.783   22.896   19.376
   5.236   23.122   18.130
  15.089   30.073   11.515
  15.980   29.159   11.076
  15.574   27.913   10.542
  16.498   26.965   10.087
  17.861   27.229   10.149
  14.198   30.988   11.954
  14.603   32.234   12.487
  17.849   26.878    9.010
  17.914   26.152   10.656
  19.007   27.438   10.196
  14.550   33.311   11.980
  14.615   32.585   13.626
  13.832   32.333   12.562
  27.102   16.670   34.241
  26.167   15.943   33.593
  24.875   16.453   33.322
  23.906   15.699   32.649
  24.194   14.408   32.223
  28.036   17.397   34.890
  29.328   16.887   35.161
  23.750   14.791   31.186
  23.164   14.141   32.759
  24.423   13.324   31.860
  30.359   17.154   34.625
  29.773   16.505   36.198
  29.422   17.591   35.486
  16.890   48.247   41.849
  16.787   48.289   40.503
  16.865   47.121   39.708
  16.758   47.165   38.313
  16.568   48.378   37.663
  16.994   48.205   43.194
  16.916   49.373   43.989
  15.687   47.796   37.111
  17.470   48.004   36.980
  16.409   49.389   37.105
  16.014   49.747   44.672
  17.797   49.955   44.541
  17.018   48.858   44.567
  41.585   46.905   23.727
  41.050   47.231   22.531
  39.687   46.996   22.231
  39.132   47.333   20.990
  39.920   47.917   20.006
  42.121   46.580   24.923
  43.484   46.815   25.223
  39.028   48.705   19.942
  39.448   47.072   19.311
  40.569   48.408   19.171
  43.955   47.660   25.919
  44.376   46.028   25.287
  43.278   46.498   25.906
  40.757   38.325   26.324
  41.705   37.422   26.651
  42.621   36.917   25.697
  43.605   35.981   26.035
  43.708   35.515   27.340
  39.808   39.228   25.997
  38.892   39.732   26.951
  44.861   35.781   27.206
  43.721   34.443   26.818
  43.805   35.115   28.431
  38.879   40.804   27.473
  37.739   39.466   27.085
  38.633   40.133   26.333
  44.372   22.604   22.079
  43.486   23.249   21.290
  43.015   24.548   21.597
  42.097   25.217   20.779
  41.617   24.611   19.624
  45.257   21.959   22.867
  45.728   20.661   22.560
  41.911   25.647   19.115
  40.553   24.932   20.054
  41.206   24.114   18.652
  46.793   20.340   22.130
  45.434   19.624   23.070
  46.131   20.766   23.221
  21.041   18.706   16.728
  21.659   17.930   15.811
  21.263   16.593   15.571
  21.904   15.789   14.621
  22.963   16.294   13.877
  20.423   19.481   17.644
  20.818   20.818   17.884
  22.353   15.855   12.952
  23.507   15.288   14.211
  23.853   16.705   13.245
  20.274   21.824   17.550
  21.429   21.256   18.809
  20.236   20.785   18.404
  11.932   13.656   48.480
  13.046   14.419   48.492
  14.342   13.854   48.521
  15.497   14.645   48.534
  15.396   16.031   48.519
  10.819   12.893   48.467
   9.522   13.459   48.438
  16.190   15.949   47.634
  16.158   15.966   49.433
  15.326   17.195   48.506
   8.760   13.523   47.524
   8.728   13.541   49.323
   9.309   12.707   48.442
   5.124   28.427   23.342
   4.797   28.549   24.646
   5.732   28.304   25.680
   5.393   28.430   27.032
   4.107   28.807   27.399
   5.451   28.305   22.038
   4.516   28.551   21.004
   4.675   29.595   28.089
   4.178   27.866   28.126
   3.031   29.123   27.721
   4.445   29.492   20.277
   3.948   27.762   20.314
   5.127   28.366   20.553
  47.814   32.298   27.296
  47.483   31.628   26.172
  46.772   30.405   26.210
  46.428   29.710   25.044
  46.783   30.214   23.798
  48.146   32.967   28.420
  48.856   34.191   28.383
  45.638   30.012   23.536
  47.194   29.111   23.614
  47.074   30.625   22.747
  48.445   35.294   28.567
  50.001   34.392   28.646
  48.784   34.134   29.158
  37.943   29.209   24.613
  37.878   29.220   23.265
  38.984   28.861   22.458
  38.917   28.873   21.060
  37.742   29.244   20.418
  38.008   29.197   25.962
  36.902   29.556   26.769
  37.914   28.240   19.801
  38.462   29.954   19.789
  36.761   29.553   19.867
  36.182   28.846   27.398
  36.730   30.561   27.386
  37.407   29.399   27.344
  10.817   32.262   28.708
   9.494   32.510   28.599
   8.806   33.331   29.524
   7.435   33.588   29.411
   6.702   33.034   28.369
  12.139   32.014   28.817
  12.827   31.194   27.892
   6.311   34.150   28.223
   5.957   32.707   29.239
   6.076   32.575   27.499
  13.573   31.520   27.022
  13.219   30.078   28.038
  13.435   31.368   28.351
  27.068   34.005   45.960
  25.886   34.012   46.612
  25.345   32.842   47.196
  24.119   32.849   47.872
  23.391   34.026   47.989
  28.250   33.999   45.307
  28.791   35.169   44.723
  23.340   33.727   49.141
  22.487   33.353   47.601
  22.769   35.007   48.094
  29.694   35.842   45.111
  28.842   35.468   43.571
  29.364   34.677   44.526
   5.902   24.572   33.239
   5.847   25.861   33.638
   5.744   26.928   32.715
   5.687   28.264   33.129
   5.731   28.581   34.481
   5.956   23.284   32.840
   6.059   22.216   33.763
   4.779   29.249   34.223
   6.574   29.351   34.140
   5.767   28.860   35.613
   5.216   21.446   34.104
   7.012   21.548   34.021
   6.053   21.790   33.108
  25.594   26.868    4.517
  24.289   26.949    4.182
  23.712   28.146    3.696
  22.358   28.230    3.348
  21.533   27.119    3.475
  26.899   26.788    4.852
  27.476   25.591    5.339
  21.216   27.389    2.359
  20.814   27.881    4.043
  20.829   26.195    3.577
  28.195   24.829    4.771
  27.793   25.321    6.456
  28.118   26.035    5.363
  41.429   14.240   19.171
  41.152   15.542   19.398
  39.948   15.957   20.014
  39.661   17.307   20.249
  40.569   18.290   19.876
  41.705   12.938   18.945
  42.909   12.523   18.329
  40.402   18.683   20.989
  39.615   18.797   19.374
  41.322   19.126   19.569
  43.863   12.016   18.832
  43.077   12.130   17.217
  42.594   11.816   18.432
  15.875   35.993   31.902
  15.934   37.077   31.100
  16.958   37.243   30.137
  17.019   38.367   29.305
  16.059   39.366   29.406
  15.816   34.909   32.704
  14.792   34.744   33.667
  15.992   39.241   28.223
  17.005   40.090   29.445
  15.260   40.212   29.480
  13.847   34.019   33.628
  14.859   34.868   34.850
  15.179   34.080   33.808
  36.410   44.890   45.936
  35.499   45.866   45.735
  34.916   46.581   46.808
  33.971   47.593   46.599
  33.575   47.926   45.310
  37.321   43.915   46.137
  37.903   43.200   45.064
  33.800   49.040   45.668
  32.477   47.823   45.761
  33.234   48.215   44.233
  39.002   43.302   44.613
  37.678   42.086   44.705
  38.276   42.838   45.647
   7.021   29.026   14.286
   7.120   27.759   13.830
   5.979   26.990   13.499
   6.082   25.676   13.027
   7.329   25.084   12.869
   6.923   30.293   14.741
   8.063   31.062   15.073
   6.913   24.800   11.789
   6.836   24.187   13.479
   8.369   24.575   12.732
   8.556   31.959   14.463
   8.479   31.345   16.153
   7.521   31.598   15.243
  11.817    4.052   27.044
  10.757    3.265   26.761
  10.858    1.853   26.732
   9.759    1.037   26.439
   8.521    1.603   26.164
  12.876    4.839   27.327
  12.776    6.250   27.356
   8.128    0.814   26.967
   8.546    0.880   25.217
   7.475    2.064   25.932
  12.750    6.973   28.303
  13.168    7.039   26.554
  13.534    6.195   27.535
   5.520   45.342    7.939
   5.505   46.513    7.268
   4.341   47.312    7.179
   4.326   48.527    6.483
   5.475   48.986    5.851
   5.534   44.171    8.610
   6.698   43.371    8.699
   5.227   50.002    6.422
   4.747   49.135    4.919
   6.433   49.382    5.316
   7.426   43.222    9.631
   6.946   42.355    8.128
   6.223   42.913    9.116
  24.841    7.399   39.815
  23.535    7.681   39.626
  22.513    6.761   39.960
  21.158    7.053   39.763
  20.776    8.276   39.226
  26.148    7.117   40.005
  27.170    8.037   39.671
  20.028    8.303   40.153
  20.117    7.603   38.497
  20.442    9.299   38.776
  27.829    8.711   40.400
  27.918    8.011   38.744
  27.627    7.463   39.938
  45.477   26.600   21.434
  46.260   26.587   20.334
  47.576   26.069   20.356
  48.388   26.055   19.215
  47.911   26.559   18.011
  44.695   26.614   22.534
  43.378   27.132   22.512
  48.310   25.526   17.571
  48.943   27.155   18.002
  47.524   26.979   16.994
  42.346   26.536   22.522
  42.980   28.165   22.952
  43.398   26.925   23.265
  14.252   24.308   27.562
  15.345   23.552   27.323
  16.471   24.058   26.632
  17.604   23.274   26.385
  17.652   21.955   26.821
  13.160   25.064   27.800
  12.034   24.558   28.491
  18.711   22.276   27.262
  17.996   21.734   25.702
  17.705   20.847   27.181
  11.689   24.779   29.610
  10.974   24.238   28.050
  11.764   25.280   28.364
  21.936   47.608   43.676
  23.045   47.340   44.397
  23.263   46.077   44.997
  24.413   45.800   45.746
  25.386   46.776   45.922
  20.827   47.876   42.954
  20.609   49.139   42.354
  26.130   45.910   45.579
  25.295   46.474   47.071
  26.211   47.585   46.077
  20.700   49.440   41.204
  19.865   50.004   42.696
  19.950   48.793   42.116
  13.395   22.572   33.693
  13.741   21.462   33.007
  14.744   20.577   33.470
  15.103   19.426   32.758
  14.472   19.119   31.559
  13.049   23.682   34.379
  12.046   24.567   33.917
  14.341   18.043   32.054
  15.586   18.985   31.158
  13.951   18.849   30.552
  10.932   24.701   34.319
  12.177   25.643   33.422
  12.230   24.949   34.573
  28.395   32.497   43.303
  28.803   31.991   44.486
  28.293   30.775   44.998
  28.717   30.250   46.225
  29.665   30.924   46.985
  27.987   33.002   42.119
  28.497   34.219   41.608
  30.195   29.859   47.031
  28.883   30.761   47.869
  30.460   31.480   47.632
  29.279   34.382   40.723
  27.966   35.285   41.561
  28.009   34.054   41.021
  23.061   10.318   25.144
  21.761   10.577   24.885
  20.953   11.321   25.776
  19.605   11.590   25.508
  19.018   11.123   24.338
  24.360   10.059   25.403
  25.169    9.314   24.512
  18.640   12.248   24.233
  18.169   10.729   25.076
  18.513   10.738   23.361
  26.018    9.708   23.775
  25.547    8.189   24.617
  25.710    9.449   25.059
  48.933    7.152   48.288
  48.648    5.833   48.240
  49.662    4.847   48.206
  49.366    3.479   48.156
  48.046    3.049   48.139
  49.218    8.470   48.336
  48.204    9.456   48.370
  48.407    2.325   49.014
  48.408    2.390   47.215
  46.941    2.674   48.125
  47.841   10.115   49.294
  47.842   10.180   47.495
  48.819    9.937   48.388
  19.958   19.469   37.972
  19.277   18.337   37.696
  17.925   18.358   37.276
  17.219   17.184   36.990
  17.838   15.947   37.114
  20.640   20.601   38.248
  21.991   20.580   38.669
  17.397   15.763   36.022
  16.862   15.667   37.738
  18.345   14.902   37.214
  22.966   20.860   38.045
  22.431   20.764   39.760
  21.888   21.354   38.680
  39.898   41.088    4.743
  39.890   41.725    5.934
  41.065   41.891    6.704
  41.057   42.551    7.938
  39.872   43.069    8.447
  39.907   40.451    3.553
  38.731   40.285    2.783
  40.522   44.055    8.605
  40.197   42.493    9.438
  38.885   43.508    8.885
  38.405   40.862    1.792
  38.081   39.299    2.625
  39.227   39.924    2.299
  16.916   44.459   43.955
  15.952   44.185   44.859
  15.153   43.020   44.774
  14.153   42.736   45.712
  13.918   43.606   46.769
  17.879   44.734   43.050
  18.679   45.898   43.135
  13.978   42.614   47.428
  12.781   43.509   46.425
  13.709   44.327   47.662
  19.815   45.994   43.480
  18.619   46.889   42.477
  18.997   45.598   42.488
   0.664   12.964   43.214
   1.288   13.086   44.405
   0.633   12.805   45.627
   1.280   12.931   46.862
   2.605   13.344   46.919
   0.040   12.842   42.023
   0.695   13.123   40.800
   2.734   12.395   47.628
   2.196   14.110   47.735
   3.717   13.689   46.981
   1.104   12.357   39.984
   0.566   14.072   40.091
   0.000   12.924   40.505
   7.508   41.909   33.096
   6.424   42.713   33.140
   5.107   42.195   33.150
   3.983   43.029   33.196
   4.136   44.409   33.234
   8.591   41.105   33.051
   9.909   41.622   33.041
   3.373   44.338   34.147
   3.339   44.392   32.349
   4.250   45.569   33.267
  10.705   41.640   33.927
  10.671   41.693   32.128
  10.092   40.864   33.015
   4.400   37.331   19.164
   4.904   36.085   19.292
   4.077   34.938   19.292
   4.600   33.646   19.425
   5.969   33.456   19.562
   3.896   38.577   19.036
   4.723   39.725   19.036
   5.813   32.653   18.695
   5.650   32.771   20.484
   7.116   33.282   19.678
   5.042   40.409   18.114
   4.879   40.527   19.902
   4.038   40.088   18.949
  33.463    7.583    0.359
  33.488    8.920    0.544
  32.446    9.760    0.085
  32.471   11.147    0.277
  33.540   11.743    0.934
  33.438    6.246    0.174
  34.481    5.406    0.633
  32.684   12.277    1.568
  33.538   12.478   -0.003
  34.431   12.256    1.484
  34.483    4.670    1.571
  35.337    4.872   -0.001
  34.029    4.852    0.317
  34.773   15.953   32.777
  34.976   14.640   33.015
  36.262   14.118   33.294
  36.472   12.757   33.541
  35.405   11.868   33.517
  34.570   17.266   32.539
  33.284   17.788   32.260
  35.849   11.509   34.563
  36.119   11.232   32.805
  34.518   11.111   33.500
  32.570   18.423   32.972
  32.840   18.147   31.214
  33.682   18.458   32.216
  41.714   26.413   47.021
  42.683   25.474   47.053
  44.055   25.815   47.113
  45.061   24.842   47.146
  44.730   23.493   47.122
  40.744   27.352   46.988
  39.372   27.011   46.929
  45.471   23.427   48.053
  45.545   23.442   46.254
  44.466   22.357   47.102
  38.557   27.062   47.797
  38.631   27.076   45.998
  39.288   27.788   46.932
  16.025    6.015    6.122
  17.343    6.226    5.919
  18.222    5.178    5.558
  19.589    5.396    5.347
  20.125    6.670    5.491
  14.707    5.805    6.325
  13.827    6.853    6.687
  20.612    6.444    4.427
  20.933    6.113    6.167
  20.588    7.734    5.608
  13.019    7.410    6.011
  13.340    7.079    7.751
  13.303    6.274    6.673
  22.143   29.094   33.186
  23.122   28.220   32.869
  24.367   28.646   32.348
  25.382   27.740   32.019
  25.190   26.376   32.200
  21.163   29.967   33.503
  19.918   29.541   34.025
  26.245   26.432   32.751
  25.589   26.303   31.079
  25.041   25.229   32.347
  19.519   29.614   35.145
  18.863   29.485   33.474
  19.775   30.309   34.022
  28.656    8.310    5.011
  29.676    7.551    5.465
  30.767    8.108    6.174
  31.825    7.321    6.644
  31.830    5.949    6.423
  27.636    9.069    4.558
  26.544    8.513    3.849
  32.063    5.893    7.590
  32.940    6.146    6.039
  31.846    4.797    6.244
  25.433    8.317    4.233
  26.311    8.570    2.682
  26.310    9.258    3.838
  21.586    5.524   29.876
  21.193    6.815   29.828
  22.033    7.837   29.325
  21.625    9.175   29.275
  20.362    9.539   29.725
  21.980    4.234   29.925
  21.140    3.212   30.427
  20.295   10.107   28.680
  20.961   10.372   30.331
  19.305    9.858   30.100
  20.541    2.379   29.821
  21.206    2.644   31.473
  21.756    2.765   30.251
  34.868   38.472   48.763
  34.963   37.129   48.857
  33.818   36.299   48.928
  33.917   34.906   49.025
  35.163   34.292   49.055
  34.773   39.815   48.670
  35.917   40.645   48.599
  34.696   33.597   48.207
  34.716   33.724   50.002
  36.203   33.765   49.080
  36.364   41.213   47.651
  36.384   41.340   49.447
  35.376   41.207   48.565
  32.855   11.555   15.950
  33.017   11.738   17.278
  31.960   12.179   18.109
  32.128   12.369   19.486
  33.359   12.123   20.081
  32.694   11.373   14.622
  33.751   10.931   13.792
  32.711   11.491   20.857
  33.195   13.200   20.563
  34.387   11.920   20.594
  33.915    9.854   13.310
  34.398   11.562   13.016
  33.201   10.992   13.240
  35.035   37.906   31.353
  35.051   37.650   32.678
  36.127   36.971   33.298
  36.144   36.704   34.672
  35.085   37.108   35.476
  35.018   38.163   30.028
  33.942   38.842   29.408
  35.949   37.557   36.164
  35.125   35.983   35.869
  34.203   37.440   36.163
  33.902   39.966   29.016
  33.079   38.393   28.721
  34.380   38.733   28.771
  21.967   23.971   37.848
  22.986   23.085   37.881
  24.240   23.406   38.453
  25.296   22.488   38.486
  25.136   21.216   37.950
  20.948   24.856   37.815
  19.694   24.536   37.244
  25.588   20.860   38.993
  26.162   21.462   37.397
  25.015   20.146   37.503
  18.668   24.290   37.797
  19.242   24.891   36.200
  19.528   25.268   37.460
  14.739   37.167   37.152
  13.395   37.055   37.091
  12.550   38.189   37.047
  11.156   38.074   36.983
  10.558   36.820   36.960
  16.083   37.278   37.214
  16.928   36.144   37.258
   9.961   37.265   36.030
   9.878   37.272   37.828
  10.043   35.774   36.941
  17.608   35.691   36.390
  17.525   35.699   38.188
  17.485   36.692   37.281
  16.357   35.190   46.263
  15.791   36.022   45.363
  15.879   37.429   45.483
  15.293   38.292   44.549
  14.598   37.778   43.462
  16.922   34.358   47.164
  16.834   32.951   47.043
  15.274   38.535   42.838
  13.754   38.548   43.803
  14.012   37.360   42.544
  17.678   32.181   46.702
  16.158   32.193   47.667
  17.253   32.975   47.702
  25.342   37.345   34.109
  24.543   37.022   33.070
  24.723   35.831   32.328
  23.895   35.496   31.250
  22.857   36.340   30.876
  26.141   37.668   35.148
  25.961   38.859   35.891
  22.207   35.341   30.906
  23.316   36.208   29.784
  21.982   37.039   30.551
  25.501   38.991   36.982
  26.610   39.858   35.860
  26.575   38.581   36.284
  40.033   14.447    8.932
  40.079   13.302    8.219
  39.081   12.966    7.274
  39.129   11.778    6.535
  40.177   10.884    6.713
  39.987   15.592    9.645
  40.986   15.929   10.590
  40.239   10.920    5.524
  39.303   10.080    6.812
  41.051   10.125    6.854
  41.860   16.732   10.491
  40.924   15.893   11.779
  40.538   16.563   10.678
  16.859    7.664    0.429
  18.008    8.353    0.595
  18.141    9.701    0.184
  19.332   10.415    0.357
  20.434    9.808    0.945
  15.710    6.975    0.263
  15.578    5.627    0.674
  20.452   10.790    1.619
  21.015   10.242   -0.000
  21.366    9.310    1.438
  14.997    5.193    1.619
  15.560    4.645   -0.000
  14.857    5.723    0.391
  37.082   21.269   33.201
  37.390   19.958   33.112
  36.393   18.959   33.009
  36.711   17.599   32.916
  38.039   17.189   32.924
  36.775   22.581   33.291
  37.772   23.580   33.394
  37.715   16.561   31.965
  37.663   16.427   33.759
  39.149   16.831   32.929
  38.148   24.342   32.559
  38.096   24.208   34.353
  37.149   24.050   33.411
  13.136   31.730   19.600
  13.999   31.240   18.684
  13.600   30.299   17.705
  14.495   29.791   16.756
  15.820   30.207   16.751
  12.274   32.219   20.515
  12.673   33.160   21.494
  15.625   30.382   15.588
  16.050   29.038   16.708
  16.936   30.547   16.735
  12.443   34.329   21.537
  12.868   32.985   22.656
  11.923   33.099   21.705
  26.256   46.640   31.290
  26.941   47.433   30.439
  28.312   47.223   30.157
  29.021   48.046   29.274
  28.386   49.106   28.641
  25.572   45.847   32.142
  24.201   46.056   32.424
  28.879   48.647   27.659
  29.326   49.730   29.025
  27.864   50.000   28.103
  23.261   45.433   32.039
  23.707   46.516   33.406
  24.309   45.433   32.882
  45.637   39.694   46.415
  46.253   39.863   45.226
  46.413   41.140   44.638
  47.052   41.315   43.405
  47.555   40.219   42.715
  45.020   39.526   47.604
  44.861   38.248   48.191
  48.542   40.883   42.640
  46.964   40.691   41.795
  47.982   39.307   42.126
  45.452   37.777   49.112
  43.874   37.584   48.267
  44.510   38.667   48.750
  22.308   33.145    6.908
  22.111   33.711    5.699
  22.075   32.945    4.509
  21.871   33.532    3.255
  21.695   34.906    3.145
  22.504   32.579    8.118
  22.540   33.345    9.308
  20.749   34.601    2.486
  22.527   34.813    2.296
  21.546   36.057    3.038
  21.708   33.438   10.156
  23.485   33.650    9.966
  22.658   32.644    9.630
  18.411   39.500    2.089
  17.868   40.582    2.688
  18.121   41.897    2.231
  17.558   43.019    2.852
  16.724   42.866    3.952
  18.953   38.419    1.491
  18.701   37.103    1.947
  16.001   43.590    3.341
  17.426   43.698    4.436
  16.022   42.751    4.876
  17.999   36.271    1.463
  19.423   36.379    2.558
  19.172   36.920    1.352
  14.994   42.610   28.302
  14.868   41.417   27.682
  15.730   41.023   26.632
  15.599   39.787   25.989
  14.601   38.900   26.373
  15.120   43.802   28.922
  14.258   44.196   29.973
  15.494   38.111   26.402
  14.373   38.853   25.204
  13.768   38.146   26.686
  14.486   44.244   31.142
  13.365   44.985   29.944
  14.702   44.838   29.954
  16.193   16.130   31.103
  16.300   16.992   32.137
  16.109   16.581   33.478
  16.220   17.474   34.550
  16.524   18.810   34.320
  16.087   15.269   30.069
  16.277   15.680   28.728
  17.345   18.633   35.166
  15.590   19.011   35.032
  16.780   19.934   34.141
  17.211   15.479   28.016
  15.456   15.856   27.882
  16.126   14.927   28.588
  24.605   48.779   27.915
  24.804   48.184   26.720
  23.897   48.339   25.645
  24.104   47.722   24.405
  25.225   46.929   24.196
  24.405   49.374   29.111
  25.312   49.219   30.186
  25.348   47.588   23.211
  24.432   46.145   23.776
  26.162   46.261   24.007
  26.105   50.003   30.606
  25.190   48.560   31.171
  24.799   49.685   30.546
  34.682    2.186   30.478
  33.398    2.277   30.886
  32.815    3.512   31.256
  31.483    3.606   31.678
  30.688    2.469   31.747
  35.966    2.095   30.071
  36.550    0.860   29.701
  29.911    3.134   31.136
  30.433    2.872   32.839
  30.010    1.522   31.809
  36.805    0.457   28.609
  37.327    0.195   30.312
  37.174    1.313   29.580
  33.339   47.875   36.833
  34.635   48.253   36.816
  35.019   49.615   36.836
  36.363   50.007   36.819
  37.371   49.052   36.780
  32.043   47.497   36.849
  31.659   46.135   36.829
  37.824   49.681   37.685
  37.790   49.718   35.886
  38.226   48.260   36.748
  31.240   45.469   37.723
  31.206   45.506   35.924
  30.944   46.447   36.849
  20.024   44.430   30.425
  21.337   44.254   30.163
  22.231   45.345   30.047
  23.592   45.164   29.774
  24.108   43.885   29.608
  18.712   44.605   30.688
  17.818   43.514   30.804
  24.930   44.256   30.386
  24.589   44.348   28.621
  24.554   42.817   29.466
  17.337   43.051   31.791
  16.996   43.142   30.026
  17.303   44.087   30.933
  20.504    0.475   19.788
  21.506    0.626   18.896
  22.838    0.254   19.195
  23.878    0.410   18.271
  23.622    0.945   17.014
  19.502    0.324   20.680
  18.169    0.697   20.381
  24.231   -0.004   16.630
  24.550    1.648   17.268
  23.422    1.392   15.956
  17.242   -0.007   20.127
  17.560    1.646   20.765
  18.047    0.439   21.108
  11.140   11.785   21.767
  12.014   11.235   22.637
  13.184   10.568   22.203
  14.090    9.998   23.105
  13.858   10.075   24.473
  10.266   12.335   20.897
   9.096   13.002   21.331
  14.987   10.455   24.511
  14.077    8.904   24.444
  13.676   10.132   25.624
   8.877   14.173   21.359
   7.967   12.622   21.293
   8.993   13.096   20.562
  22.401   41.831   37.396
  22.464   43.179   37.422
  22.195   43.920   38.598
  22.261   45.318   38.625
  22.598   46.026   37.478
  22.337   40.483   37.369
  22.606   39.742   36.194
  23.369   46.576   38.202
  21.630   46.667   37.746
  22.880   46.632   36.523
  23.575   39.101   35.926
  21.836   39.192   35.470
  22.451   39.140   36.665
  31.218   10.114   20.013
  30.517   10.904   19.172
  29.106   10.846   19.090
  28.379   11.665   18.218
  29.038   12.571   17.396
  31.919    9.324   20.854
  33.330    9.382   20.936
  28.238   13.343   17.825
  28.363   12.088   16.541
  29.578   13.336   16.701
  34.005    9.865   21.791
  34.130    8.610   20.507
  33.216    8.824   21.470
   3.554   26.930    8.215
   4.855   27.247    8.041
   5.282   28.583    7.848
   6.631   28.912    7.669
   7.601   27.917    7.676
   2.254   26.613    8.388
   1.827   25.277    8.581
   8.150   28.640    8.448
   7.961   28.443    6.669
   8.425   27.093    7.679
   1.466   24.752    9.588
   1.277   24.555    7.809
   1.125   25.619    8.618
  35.289   34.307   25.883
  36.357   33.694   25.330
  37.115   32.728   26.033
  38.223   32.092   25.460
  38.612   32.400   24.162
  34.221   34.919   26.436
  33.463   35.885   25.732
  38.619   31.217   24.022
  39.692   32.518   24.653
  38.950   32.649   23.074
  32.383   35.768   25.241
  33.456   37.069   25.872
  33.056   35.897   26.399
  32.584   23.671   40.880
  32.579   22.558   41.645
  31.492   21.652   41.644
  31.488   20.498   42.437
  32.569   20.210   43.260
  32.588   24.783   40.115
  33.675   25.690   40.117
  32.502   19.134   42.753
  31.729   20.057   44.092
  33.470   19.956   43.955
  34.515   25.843   39.285
  33.742   26.766   40.624
  33.225   26.064   39.599
  30.423   39.109   44.302
  29.865   39.697   43.222
  28.507   40.094   43.202
  27.928   40.703   42.082
  28.687   40.937   40.942
  30.981   38.522   45.382
  32.339   38.124   45.402
  28.234   42.036   41.024
  27.771   40.419   40.384
  29.313   41.139   39.979
  33.255   38.642   45.960
  32.792   37.025   45.320
  32.150   37.893   46.123
   3.744   15.674   27.576
   5.026   16.090   27.508
   5.501   17.184   28.270
   6.831   17.616   28.200
   7.734   16.970   27.365
   2.462   15.257   27.644
   1.987   14.163   26.882
   8.422   16.953   28.337
   7.987   18.075   26.999
   8.502   16.437   26.668
   1.734   13.058   27.248
   1.299   14.180   25.909
   1.318   14.337   27.245
   7.537   20.999   46.963
   7.691   20.909   45.625
   8.323   21.928   44.873
   8.484   21.835   43.485
   8.018   20.719   42.800
   7.382   21.089   48.301
   6.750   20.071   49.053
   9.109   20.719   42.321
   7.519   21.530   42.083
   7.632   19.789   42.213
   7.249   19.260   49.771
   5.659   20.071   49.533
   6.909   20.556   49.644
   9.574   21.022   48.121
   9.743   19.733   47.759
   8.660   18.922   47.344
   8.835   17.585   46.968
  10.100   17.011   46.993
   9.404   22.312   48.484
  10.487   23.123   48.898
   9.819   16.656   45.891
   9.552   16.142   47.595
  11.156   16.517   47.010
  11.036   23.992   48.296
  10.769   23.478   50.000
   9.922   23.656   48.970
   5.955   11.996   16.527
   5.391   10.780   16.689
   6.169    9.607   16.843
   5.584    8.346   17.012
   4.202    8.213   17.032
   6.519   13.212   16.364
   5.741   14.384   16.211
   4.407    7.584   18.023
   4.403    7.347   16.239
   3.042    8.087   17.051
   5.539   15.250   17.004
   5.536   15.013   15.220
   6.446   14.718   16.165
  40.149   45.910   15.255
  41.193   45.449   15.975
  42.149   44.561   15.428
  43.232   44.082   16.175
  43.398   44.476   17.497
  39.104   46.371   14.534
  38.149   47.259   15.082
  44.514   44.708   17.151
  43.522   43.307   17.693
  43.549   44.798   18.608
  38.024   48.428   14.886
  37.032   47.027   15.428
  37.841   47.201   14.367
   3.853   45.429   40.880
   5.010   46.097   41.071
   5.035   47.461   41.447
   6.235   48.155   41.645
   7.453   47.509   41.474
   2.696   44.760   40.689
   2.671   43.396   40.313
   7.705   47.980   42.539
   7.715   48.459   40.804
   8.482   46.979   41.334
   2.409   42.447   40.983
   2.419   42.925   39.248
   1.899   43.513   40.340
  15.560   25.989   40.255
  16.879   26.269   40.188
  17.382   27.321   39.387
  18.750   27.611   39.317
  19.663   26.860   40.047
  14.241   25.709   40.322
  13.737   24.657   41.124
  20.068   27.926   40.391
  20.239   26.789   39.006
  20.440   26.237   40.653
  13.161   24.727   42.164
  13.332   23.591   40.779
  13.055   24.906   40.835
  41.436   35.494   24.360
  42.291   34.495   24.052
  42.767   33.589   25.029
  43.653   32.553   24.710
  44.094   32.386   23.403
  40.582   36.494   24.667
  40.106   37.400   23.690
  43.777   31.250   23.580
  45.171   32.340   23.910
  44.472   32.234   22.311
  39.028   37.446   23.183
  40.422   38.535   23.514
  39.727   37.698   24.305
  12.152    7.124   45.853
  11.857    6.014   46.563
  11.710    6.041   47.971
  11.404    4.890   48.707
  11.235    3.671   48.062
  12.447    8.233   45.143
  12.594    8.206   43.736
  10.233    3.618   48.705
  11.989    3.274   48.895
  11.091    2.641   47.534
  11.840    8.604   42.904
  13.596    8.259   43.094
  12.732    8.968   43.843
  12.463   33.061   39.074
  13.415   33.815   39.663
  13.096   34.848   40.576
  14.083   35.630   41.187
  15.425   35.407   40.906
  11.510   32.307   38.485
  11.830   31.274   37.572
  15.540   35.411   42.092
  15.450   36.586   40.732
  16.556   35.231   40.680
  11.805   30.095   37.747
  11.716   31.270   36.386
  11.053   31.194   37.555
  24.259   46.798   16.224
  24.305   45.874   15.241
  23.989   44.515   15.474
  24.037   43.557   14.454
  24.403   43.924   13.165
  24.213   47.722   17.208
  24.529   49.081   16.975
  23.419   43.328   12.855
  25.143   42.994   13.250
  24.709   44.218   12.079
  23.789   50.012   16.890
  25.513   49.678   17.285
  24.366   49.139   17.737
  45.305   43.867   24.235
  43.957   43.931   24.275
  43.148   42.771   24.221
  41.750   42.839   24.262
  41.111   44.069   24.360
  46.652   43.802   24.195
  47.461   44.962   24.249
  40.511   43.540   25.244
  40.463   43.658   23.448
  40.562   45.094   24.442
  48.109   45.372   25.161
  48.061   45.490   23.366
  48.035   44.434   24.199
  36.404   11.966   12.208
  36.048   13.263   12.316
  34.976   13.681   13.140
  34.608   15.027   13.253
  35.297   16.003   12.544
  36.759   10.668   12.099
  37.831   10.250   11.275
  35.344   16.552   13.601
  34.205   16.355   12.221
  35.867   16.833   11.955
  38.923    9.898   11.598
  37.784    9.701   10.218
  37.625    9.547   11.545
  41.715   24.690   11.331
  42.856   24.404   11.994
  44.114   24.888   11.564
  45.297   24.591   12.251
  45.264   23.800   13.393
  40.574   24.976   10.668
  39.315   24.492   11.098
  45.921   24.676   13.861
  46.141   23.205   12.848
  45.251   23.137   14.352
  38.438   25.087   11.643
  38.658   23.615   10.629
  39.069   24.887   10.471
  34.965   32.023   36.246
  35.294   30.919   36.949
  36.347   30.917   37.894
  36.688   29.772   38.623
  35.988   28.587   38.434
  34.637   33.127   35.542
  33.583   33.129   34.597
  35.918   28.590   39.623
  37.076   28.112   38.331
  35.409   27.586   38.285
  32.495   33.604   34.700
  33.654   33.126   33.408
  33.800   33.875   34.516
  44.260   32.310   26.824
  45.366   32.561   26.091
  46.269   33.598   26.425
  47.415   33.858   25.665
  47.700   33.091   24.543
  43.155   32.060   27.557
  42.252   31.022   27.222
  48.781   33.003   25.038
  47.843   34.149   24.015
  47.951   32.454   23.599
  42.110   29.964   27.750
  41.172   31.110   26.727
  41.881   31.285   27.857
   8.525   16.673   36.012
   8.755   17.052   34.737
   8.900   16.112   33.690
   9.138   16.505   32.367
   9.240   17.852   32.045
   8.296   16.294   37.287
   8.151   17.235   38.335
   8.462   17.572   31.187
  10.236   17.510   31.487
   9.328   18.980   31.761
   7.156   17.577   38.893
   8.929   17.514   39.193
   8.056   16.587   38.760
  21.773   19.067   10.370
  22.717   20.021   10.232
  24.099   19.718   10.256
  25.079   20.708   10.113
  24.712   22.037    9.941
  20.828   18.112   10.508
  19.446   18.416   10.485
  25.478   21.995    9.029
  25.499   22.232   10.814
  24.417   23.156    9.796
  18.659   18.221    9.612
  18.680   18.457   11.396
  19.384   17.644   10.588
   7.065   14.729   36.055
   5.976   15.499   36.261
   4.674   14.951   36.339
   3.544   15.749   36.553
   3.676   17.125   36.697
   8.155   13.958   35.848
   9.457   14.507   35.770
   2.998   16.958   37.663
   2.805   17.163   35.885
   3.773   18.281   36.820
  10.328   14.469   36.583
  10.135   14.673   34.805
   9.651   13.758   35.663
  34.614    7.865   31.275
  34.524    8.305   32.548
  35.351    7.798   33.578
  35.257    8.255   34.897
  34.332    9.236   35.235
  34.705    7.424   30.002
  33.877    7.931   28.972
  35.269    9.755   35.758
  34.047    8.481   36.112
  33.561   10.058   35.531
  34.162    8.685   28.095
  32.941    7.411   28.449
  34.283    7.422   28.541
  40.829   30.522   11.814
  41.584   31.519   11.307
  42.998   31.477   11.332
  43.781   32.511   10.805
  43.177   33.625   10.235
  40.074   29.524   12.322
  38.660   29.567   12.297
  43.929   33.411    9.336
  43.925   34.229   10.939
  42.684   34.566    9.754
  37.912   28.963   11.593
  37.908   29.781   13.196
  38.739   28.875   12.650
  32.068   20.629   34.011
  32.339   20.593   32.689
  33.392   21.346   32.119
  33.673   21.308   30.748
  32.911   20.517   29.898
  31.797   20.665   35.333
  30.743   19.912   35.904
  33.972   20.135   29.513
  32.843   21.511   29.244
  32.279   19.856   29.174
  30.811   18.918   36.557
  29.682   20.293   36.288
  30.999   20.250   36.559
  19.018   36.056   27.136
  17.713   35.782   27.341
  16.788   36.781   27.726
  15.433   36.496   27.939
  14.956   35.202   27.773
  20.324   36.331   26.931
  21.249   35.332   26.545
  14.120   35.735   27.111
  14.465   35.385   28.843
  14.542   34.121   27.637
  21.740   35.149   25.475
  22.085   34.799   27.207
  21.746   35.934   26.567
   9.418   20.011   27.108
   9.013   20.984   27.952
   8.830   20.749   29.336
   8.410   21.758   30.211
   8.157   23.038   29.733
   9.823   19.039   26.265
  10.006   19.274   24.881
   8.853   23.373   30.641
   7.137   22.921   30.338
   7.942   24.117   29.346
  11.027   19.390   24.277
   9.311   18.939   23.973
  10.204   18.518   24.887
  15.917   43.831   25.974
  16.949   43.103   25.496
  18.220   43.674   25.250
  19.289   42.920   24.754
  19.126   41.566   24.485
  14.886   44.558   26.453
  13.615   43.987   26.699
  20.126   41.452   25.123
  19.624   41.847   23.440
  19.003   40.430   24.256
  13.117   43.707   27.745
  12.614   44.101   26.062
  13.447   44.717   26.920
  37.198   35.683   21.104
  38.390   35.050   21.122
  39.588   35.718   21.470
  40.825   35.062   21.489
  40.907   33.714   21.161
  36.005   36.316   21.085
  34.807   35.649   20.738
  41.531   33.640   22.173
  41.789   34.076   20.446
  40.990   32.583   20.888
  33.925   35.287   21.452
  34.183   35.723   19.725
  34.501   36.355   20.870
   2.887   20.707   17.956
   3.478   19.925   17.027
   4.676   19.220   17.292
   5.289   18.409   16.329
   4.726   18.275   15.066
   2.297   21.488   18.884
   1.099   22.193   18.619
   4.872   17.110   15.268
   5.830   18.520   14.690
   4.264   18.154   14.002
  -0.005   21.949   18.995
   0.953   23.359   18.418
   1.199   22.428   19.357
  27.554    4.790   25.524
  27.714    3.980   24.456
  28.104    2.627   24.593
  28.271    1.787   23.485
  28.054    2.270   22.201
  27.393    5.600   26.592
  27.003    6.953   26.455
  27.386    1.290   22.086
  29.115    1.777   21.976
  27.874    2.663   21.118
  25.942    7.446   26.680
  27.671    7.933   26.570
  27.057    6.937   27.234
  12.729   21.533    6.224
  13.630   22.384    6.759
  15.002   22.337    6.417
  15.936   23.220    6.972
  15.530   24.183    7.888
  11.829   20.681    5.689
  10.456   20.728    6.030
  16.146   24.923    7.187
  16.442   23.765    8.533
  15.204   24.995    8.659
   9.545   21.145    5.386
   9.840   19.988    6.732
  10.420   20.133    5.526
  46.231   15.193   33.047
  47.189   15.831   33.752
  47.286   17.243   33.778
  48.280   17.905   34.509
  49.212   17.179   35.240
  45.273   14.555   32.342
  45.176   13.143   32.316
  48.913   17.927   36.118
  50.000   17.879   34.684
  50.001   16.582   35.857
  44.388   12.443   32.872
  45.475   12.395   31.438
  44.569   13.300   31.850
  12.273   36.150   31.952
  13.417   36.528   32.562
  13.509   37.729   33.305
  14.695   38.121   33.937
  15.831   37.327   33.849
  11.130   35.771   31.342
  11.038   34.570   30.599
  15.862   37.467   35.032
  16.363   38.348   33.545
  16.792   36.669   33.784
  10.505   33.549   30.904
  11.007   34.430   29.417
  10.303   34.815   30.497
  47.035   45.674   36.403
  46.152   46.695   36.407
  46.569   48.048   36.403
  45.653   49.107   36.407
  44.287   48.851   36.415
  47.918   44.653   36.399
  47.500   43.301   36.403
  44.268   49.631   35.514
  44.278   49.633   37.314
  43.139   48.651   36.421
  47.510   42.519   35.503
  47.520   42.521   37.303
  48.271   43.174   36.399
  41.417   37.574   39.863
  40.102   37.362   39.642
  39.261   38.363   39.101
  37.897   38.143   38.873
  37.326   36.914   39.178
  42.732   37.786   40.083
  43.572   36.785   40.624
  36.882   36.993   38.075
  36.509   37.579   39.736
  36.833   35.887   39.429
  44.389   36.120   40.066
  44.017   36.705   41.727
  44.111   37.345   40.548
   7.389    4.680   35.064
   6.468    4.211   35.932
   5.972    4.998   36.998
   5.017    4.511   37.898
   4.524    3.219   37.765
   8.310    5.150   34.195
   8.806    4.363   33.130
   3.463    3.753   37.861
   4.779    3.141   38.926
   4.102    2.136   37.665
   8.551    4.440   31.968
   9.867    3.829   33.033
   9.222    5.008   32.987
  20.614   39.858   31.691
  21.035   38.731   32.303
  20.625   38.391   33.614
  21.062   37.222   34.249
  21.924   36.351   33.596
  20.193   40.985   31.079
  20.603   41.324   29.768
  21.138   35.524   33.936
  22.549   36.416   34.609
  22.648   35.611   33.059
  19.978   41.259   28.755
  21.389   42.152   29.427
  20.147   41.944   29.900
  17.477    8.478   30.587
  17.760    8.178   31.872
  16.950    8.624   32.943
  17.244    8.313   34.276
  18.359    7.544   34.586
  17.193    8.779   29.302
  18.004    8.332   28.231
  17.584    6.919   35.240
  18.578    8.413   35.370
  19.291    6.900   34.860
  17.784    7.463   27.446
  18.778    8.958   27.576
  17.474    8.721   27.808
  12.594   16.173   11.245
  12.096   15.183   10.474
  12.073   15.271    9.062
  11.556   14.244    8.263
  11.044   13.093    8.847
  13.093   17.164   12.015
  13.116   17.076   13.427
  11.742   12.538    8.058
  10.114   13.300    8.132
  10.610   12.122    9.325
  14.045   16.869   14.143
  12.417   17.631   14.217
  13.443   17.782   13.360
  34.306    3.735   13.911
  35.302    2.884   13.588
  36.207    2.386   14.556
  37.240    1.503   14.222
  37.407    1.087   12.907
  33.309    4.586   14.234
  32.405    5.084   13.266
  37.449   -0.000   13.393
  38.543    1.396   13.089
  37.558    0.730   11.807
  31.269    4.775   13.083
  32.363    6.171   12.780
  32.108    5.452   13.888
  30.284   25.586   35.181
  29.106   26.236   35.069
  29.031   27.648   35.018
  27.809   28.322   34.903
  26.619   27.608   34.835
  31.462   24.936   35.292
  31.538   23.524   35.343
  26.406   28.306   33.893
  26.268   28.364   35.687
  25.613   27.021   34.777
  31.889   22.768   34.492
  31.751   22.826   36.285
  32.302   23.673   35.397
  27.843    8.916    7.045
  27.089    7.925    7.567
  26.238    7.129    6.764
  25.456    6.101    7.305
  25.497    5.833    8.667
  28.597    9.907    6.524
  29.448   10.704    7.326
  25.655    4.707    8.309
  24.309    5.872    8.579
  25.522    5.597    9.809
  30.635   10.664    7.415
  29.290   11.829    7.685
  29.603   11.042    6.639
  33.651   34.788   23.577
  34.974   34.939   23.799
  35.694   36.054   23.310
  37.066   36.211   23.540
  37.767   35.258   24.268
  32.328   34.637   23.355
  31.607   33.522   23.845
  38.170   36.204   24.871
  38.527   35.306   23.352
  38.367   34.466   24.878
  30.847   33.474   24.761
  31.204   32.576   23.243
  31.013   33.885   23.491
  34.768   39.726   17.811
  33.588   39.915   18.438
  33.509   40.163   19.829
  32.286   40.359   20.480
  31.096   40.313   19.764
  35.948   39.537   17.183
  36.026   39.289   15.792
  30.871   41.341   20.322
  30.753   39.572   20.632
  30.091   40.277   19.175
  36.369   40.030   14.924
  36.251   38.260   15.233
  36.791   39.265   15.947
   0.450   28.752   10.891
   0.809   29.809   10.132
  -0.003   30.285    9.076
   0.370   31.381    8.289
   1.569   32.041    8.530
   0.090   27.696   11.650
   0.902   27.220   12.706
   0.887   33.018    8.500
   1.727   31.910    7.356
   2.572   32.603    8.722
   0.745   27.350   13.880
   1.584   26.242   12.736
   0.321   26.703   12.779
  25.215   48.062   14.060
  26.533   48.333   14.173
  27.511   47.309   14.184
  28.877   47.590   14.301
  29.315   48.903   14.411
  23.898   47.792   13.947
  22.920   48.815   13.936
  30.069   48.588   13.544
  29.937   48.481   15.336
  29.697   50.001   14.504
  22.298   49.237   13.011
  22.167   49.131   14.803
  22.437   48.206   13.865
  43.352   36.849    4.569
  42.894   35.871    5.380
  43.315   35.754    6.726
  42.840   34.740    7.566
  41.927   33.807    7.091
  43.810   37.826    3.759
  43.389   37.944    2.413
  41.327   34.082    8.083
  42.684   33.018    7.565
  41.161   33.017    6.705
  42.633   38.733    1.938
  43.989   37.669    1.421
  43.874   38.556    2.426
  16.246   26.055   18.176
  16.636   26.251   16.898
  17.605   27.223   16.551
  18.010   27.427   15.227
  17.460   26.666   14.202
  15.856   25.858   19.453
  14.887   24.887   19.800
  18.598   26.501   13.890
  17.296   27.725   13.680
  17.007   26.035   13.332
  15.052   23.828   20.322
  13.749   25.052   20.112
  15.027   25.158   20.519
  32.737   19.215   15.749
  33.459   18.543   16.670
  32.912   17.474   17.419
  33.662   16.776   18.374
  34.985   17.123   18.614
  32.014   19.888   14.829
  32.562   20.957   14.080
  35.178   15.954   18.488
  34.644   17.115   19.756
  36.097   17.403   18.826
  32.903   20.965   12.938
  32.369   22.126   14.206
  31.845   20.966   13.770
  11.000   42.490   39.120
  10.191   42.580   38.043
  10.104   41.545   37.082
   9.264   41.639   35.965
   8.482   42.770   35.771
  11.810   42.400   40.196
  11.897   43.434   41.158
   7.606   41.977   35.610
   8.940   42.738   34.671
   7.819   43.713   35.595
  11.439   43.466   42.258
  12.772   44.227   41.318
  12.408   42.943   41.485
  34.656   31.901   19.528
  33.646   32.386   18.775
  33.196   31.724   17.608
  32.149   32.228   16.827
  31.515   33.410   17.185
  35.666   31.415   20.282
  36.115   32.077   21.449
  30.521   32.772   17.030
  31.704   33.704   16.045
  30.973   34.402   17.474
  35.926   31.783   22.588
  37.109   32.716   21.603
  36.610   31.473   21.472
  29.166   27.002   20.792
  28.929   27.112   22.116
  28.466   26.021   22.889
  28.220   26.136   24.262
  28.428   27.347   24.912
  29.403   26.891   19.467
  29.866   27.982   18.694
  29.035   26.677   25.688
  27.334   27.154   25.344
  28.599   28.356   25.470
  30.960   28.174   18.263
  29.259   28.652   17.918
  29.833   27.452   18.121
   4.337    6.859    4.630
   5.064    5.861    4.085
   4.858    5.421    2.756
   5.612    4.385    2.192
   6.599    3.752    2.936
   3.610    7.858    5.174
   3.817    8.298    6.503
   7.272    3.956    1.974
   6.064    2.757    2.558
   7.431    3.213    3.549
   4.353    9.293    6.880
   3.144    8.094    7.465
   3.240    8.790    6.317
  10.809   43.813    4.249
  10.413   42.969    3.272
  10.265   41.580    3.496
   9.855   40.705    2.483
   9.578   41.188    1.210
  11.204   44.656    5.226
  11.352   46.046    5.003
   8.574   40.559    1.331
  10.291   40.300    0.859
   9.343   41.580    0.137
  10.639   46.934    5.353
  12.357   46.675    4.882
  11.558   46.037    5.756
   7.559   44.804   31.732
   7.970   44.822   30.446
   7.767   43.722   29.579
   8.194   43.741   28.246
   8.838   44.859   27.732
   7.148   44.786   33.018
   7.351   45.886   33.885
   8.048   44.748   26.848
   9.635   44.062   27.346
   9.381   45.791   27.288
   6.554   46.683   34.272
   8.142   45.997   34.770
   6.988   45.416   34.393
  23.637   10.269   30.975
  23.849    8.937   31.026
  25.151    8.385   31.056
  25.370    7.003   31.110
  24.295    6.124   31.134
  23.426   11.601   30.923
  22.123   12.153   30.893
  24.876    5.644   32.057
  24.889    5.577   30.259
  23.401    5.375   31.156
  21.529   12.701   31.769
  21.542   12.634   29.970
  22.523   12.824   30.871
   2.684   28.262   18.585
   3.817   28.915   18.249
   4.163   29.172   16.901
   5.338   29.849   16.553
   6.209   30.293   17.540
   1.551   27.609   18.920
   1.205   27.353   20.268
   6.153   31.323   16.943
   7.035   29.756   16.871
   6.948   30.672   18.359
   0.378   27.890   20.937
   1.260   26.323   20.865
   0.583   27.018   19.934
  41.891   36.397   29.040
  41.354   35.199   29.357
  39.974   35.043   29.628
  39.418   33.801   29.957
  40.223   32.670   30.025
  42.427   37.595   28.724
  43.807   37.751   28.452
  39.380   32.189   29.333
  39.687   32.512   31.077
  40.886   31.713   30.085
  44.342   37.909   27.400
  44.649   38.233   29.144
  43.594   38.496   28.352
  44.587   46.394   38.620
  43.239   46.457   38.674
  42.452   46.680   37.519
  41.055   46.746   37.575
  40.395   46.590   38.787
  45.934   46.331   38.567
  46.721   46.108   39.722
  39.733   45.809   38.178
  39.827   47.584   38.457
  39.828   46.462   39.798
  47.289   45.114   40.052
  47.383   46.889   40.331
  47.304   46.158   39.204
  30.035   42.225   13.326
  29.340   41.068   13.341
  27.934   41.036   13.191
  27.213   39.836   13.206
  27.873   38.625   13.372
  30.731   43.382   13.312
  32.137   43.414   13.461
  27.235   38.296   12.420
  27.042   38.434   14.204
  28.414   37.601   13.509
  32.968   43.604   12.628
  32.775   43.743   14.413
  32.021   44.183   13.389
  18.107   30.362   39.855
  18.856   29.720   40.777
  18.333   28.669   41.568
  19.109   28.003   42.524
  20.436   28.364   42.723
  17.359   31.005   38.933
  17.882   32.055   38.142
  20.633   27.193   42.625
  20.122   28.386   43.872
  21.551   28.657   42.900
  18.196   32.033   36.993
  17.684   33.226   38.240
  17.158   32.051   37.849
  17.440   25.306   42.902
  16.770   26.462   43.096
  16.566   27.395   42.052
  15.871   28.594   42.254
  15.356   28.902   43.506
  18.110   24.150   42.708
  18.314   23.217   43.752
  14.357   29.126   42.896
  15.899   29.947   43.329
  14.918   29.173   44.553
  17.771   22.171   43.929
  19.313   22.993   44.362
  18.682   22.825   43.185
  39.579    0.350   44.680
  40.801    0.699   45.135
  41.337    0.168   46.332
  42.604    0.531   46.803
  43.382    1.438   46.094
  38.357   -0.000   44.226
  37.822    0.531   43.029
  44.232    0.613   46.225
  43.498    1.969   47.154
  44.045    2.198   45.508
  37.705    0.000   41.968
  36.972    1.356   42.898
  37.219    0.073   43.220
  18.886   32.719    3.974
  20.120   32.188    3.843
  20.357   30.799    3.977
  21.637   30.249    3.841
  22.725   31.067    3.567
  17.651   33.250    4.105
  17.414   34.639    3.971
  22.946   30.266    2.712
  23.228   30.484    4.477
  23.648   31.742    3.336
  16.912   35.221    3.061
  17.193   35.439    4.826
  16.679   34.419    4.116
  41.027   31.464    5.092
  40.016   30.614    5.370
  38.787   31.060    5.912
  37.739   30.179    6.200
  37.882   28.818    5.958
  42.038   32.314    4.813
  43.266   31.867    4.271
  36.830   28.938    5.411
  37.480   28.709    7.074
  37.988   27.674    5.759
  43.668   31.977    3.155
  44.318   31.748    4.818
  43.437   32.628    4.309
  31.920   40.433   22.717
  31.840   41.740   23.046
  31.936   42.765   22.075
  31.853   44.120   22.416
  31.670   44.499   23.740
  32.001   39.126   22.388
  31.904   38.101   23.359
  30.801   45.179   23.289
  32.585   45.230   23.522
  31.516   44.831   24.847
  30.989   37.370   23.578
  32.773   37.422   23.810
  31.999   37.645   22.733
  26.096   42.445   31.083
  25.100   42.720   31.952
  24.959   42.025   33.176
  23.926   42.311   34.077
  22.997   43.302   33.786
  27.092   42.170   30.215
  27.233   42.865   28.990
  23.249   43.680   34.887
  22.203   42.461   34.075
  22.210   44.131   33.554
  28.027   43.706   28.702
  26.981   42.487   27.889
  27.847   42.389   28.914
  14.384   44.002   17.064
  14.812   42.841   17.602
  14.358   41.585   17.134
  14.803   40.380   17.691
  15.717   40.388   18.737
  13.955   45.164   16.527
  14.409   46.420   16.995
  16.297   39.593   18.064
  14.942   39.642   19.249
  16.485   40.380   19.615
  15.185   47.166   16.483
  13.830   47.215   17.668
  13.931   46.682   16.436
  36.927   17.605    5.639
  35.806   17.744    6.380
  35.226   19.010    6.631
  34.064   19.154    7.399
  33.441   18.037    7.943
  38.047   17.467    4.899
  38.628   16.201    4.647
  32.460   18.512    7.462
  33.462   18.677    8.948
  32.909   17.109    8.405
  38.607   15.562    3.642
  39.609   15.726    5.128
  39.143   16.634    4.252
  17.145   38.818   15.740
  17.891   39.744   15.101
  19.304   39.678   15.070
  20.077   40.638   14.407
  19.465   41.700   13.753
  16.399   37.891   16.379
  14.986   37.958   16.411
  20.173   41.381   12.849
  20.253   42.358   14.358
  18.964   42.596   13.199
  14.198   37.300   15.805
  14.278   38.277   17.315
  15.071   37.304   16.829
  48.159   20.397   30.341
  47.046   19.656   30.528
  47.073   18.242   30.492
  45.919   17.473   30.686
  44.697   18.092   30.922
  49.272   21.139   30.154
  49.246   22.553   30.190
  44.633   17.325   31.833
  44.310   17.364   30.062
  43.666   18.598   31.122
  49.633   23.281   31.050
  49.310   23.319   29.279
  50.009   22.465   30.048
  43.826   29.756    4.011
  37.798   27.115   21.817
  33.433   18.056   11.058
  25.126   23.237   36.377
   1.820    4.950   47.260
  28.772   48.188    9.325
  43.493   30.037   14.232
   7.740    8.259   45.763
  34.935    2.103    9.421
   0.944    6.099   20.106
  20.408   47.707   25.598
  45.115   41.142    1.311
  35.084   40.170   30.927
  20.825    5.292    2.510
  45.305    5.629    4.600
  33.412   20.217   10.649
  45.724   50.000   18.861
  28.528   32.439   32.888
  44.465   46.794    4.261
  12.553    1.920   45.973
  36.373   39.664   28.798
  16.777    6.977   49.941
  47.121   48.389   19.944
  28.495   18.146   13.631
  44.320   16.800   15.482
  27.480    1.766   11.445
  41.546   16.578   21.392
  38.099   45.562   20.171
  18.662   25.482    1.650
   7.809   48.404   44.696
   6.655   40.061   10.660
  33.614    8.558   45.613
  48.668   15.124   27.283
  49.129    7.031   30.715
  34.035   16.061   27.647
  27.730    9.667   30.649
  35.596   20.735   50.009
  27.914    5.642    0.564
  22.696    7.534    8.254
  46.377   18.757    9.598
  29.947    7.627   12.920
   4.944   41.386    7.565
  13.650   27.495   21.116
  27.387    6.491    3.645
   2.770   34.084    0.006
  35.916   21.424   10.738
   8.199   46.538   18.680
  30.936   15.526   20.614
  16.429   10.994   22.632
  36.902   14.642    5.664
  20.975   36.781   37.174
  26.656   19.448   13.879
  27.667   27.120   17.936
  17.452   46.450   32.248
  49.614   40.886   49.315
  21.028   48.734   38.257
   2.666   40.901    2.809
  43.624   49.923   47.453
   8.629   14.942    6.815
  39.531   32.159   10.197
  11.806    6.697   22.371
  26.042   26.588    6.869
  14.117   11.485   32.109
   9.113   48.415    5.917
  34.488   19.958   46.233
   9.468   48.487   24.779
  16.107   43.454   35.363
  47.030   10.740   41.522
  34.587   50.000    1.522
  37.130    0.334    5.330
   7.000   17.506   25.116
  35.189   24.967   37.383
  20.025    9.059   21.364
   8.930   12.742   29.802
  21.410   17.382   26.109
  41.266   25.763   25.351
  41.595   27.087   24.515
  40.937   24.440   26.188
  40.888   26.660   26.621
  41.644   24.867   24.081
  42.786   25.700   25.848
  39.747   25.827   24.854
  16.584   24.566   45.701
  16.209   26.056   45.254
  16.960   23.077   46.148
  15.069   24.320   46.153
  18.099   24.813   45.250
  16.936   25.096   47.170
  16.233   24.037   44.233
  24.099   20.889   13.050
  25.456   20.513   12.289
  22.742   21.265   13.810
  24.697   22.330   13.406
  23.501   19.448   12.694
  24.700   20.303   14.412
  23.498   21.475   11.688
  14.419   30.453   39.583
  15.654   29.617   39.004
  13.185   31.290   40.162
  14.948   30.203   41.072
  13.891   30.703   38.093
  13.550   29.113   39.666
  15.289   31.794   39.499
  39.772   43.750    3.467
  41.014   42.741    3.464
  38.531   44.759    3.470
  40.782   44.991    3.472
  38.763   42.508    3.462
  39.772   43.744    5.067
  39.773   43.756    1.867
  20.470   43.003    4.431
  21.832   43.602    3.843
  19.107   42.404    5.019
  20.784   41.599    3.731
  20.155   44.407    5.131
  19.692   43.484    3.118
  21.247   42.522    5.744
   2.249   31.742   36.572
   1.921   30.679   37.722
   2.577   32.805   35.421
   1.524   30.804   35.498
   2.974   32.681   37.646
   3.637   31.001   36.282
   0.861   32.483   36.861
  39.503   12.580   22.062
  39.507   10.980   22.028
  39.498   14.179   22.096
  37.903   12.575   22.086
  41.103   12.585   22.039
  39.479   12.614   20.463
  39.526   12.546   23.662
  45.893   20.601    3.074
  44.867   21.788    3.386
  46.919   19.413    2.762
  47.103   21.647    3.072
  44.682   19.555    3.077
  45.687   20.836    1.505
  46.099   20.366    4.643
  14.138   14.252    5.655
  13.970   12.663    5.724
  14.307   15.842    5.586
  15.723   14.090    5.805
  12.554   14.414    5.504
  13.996   14.337    7.246
  14.281   14.168    4.063
  11.569   21.415   21.672
  11.119   22.240   22.967
  12.019   20.590   20.377
  10.301   21.977   20.873
  12.836   20.853   22.471
  10.702   20.165   22.167
  12.436   22.665   21.177
  26.060   40.098   44.851
  26.845   41.419   44.405
  25.274   38.778   45.298
  27.447   39.310   44.964
  24.672   40.886   44.739
  25.932   39.656   43.319
  26.187   40.541   46.384
  19.978   42.807   47.482
  20.461   41.282   47.535
  19.496   44.331   47.428
  21.480   43.271   47.181
  18.477   42.342   47.782
  20.249   42.948   49.052
  19.708   42.666   45.911
  40.468    9.228   24.532
  40.717   10.764   24.160
  40.218    7.693   24.904
  42.005    8.905   24.229
  38.930    9.552   24.835
  40.102    8.918   23.006
  40.834    9.539   26.058
  35.610   45.630   36.493
  34.546   46.182   37.553
  36.674   45.077   35.434
  34.791   44.259   36.386
  36.430   47.000   36.601
  36.480   45.015   37.688
  34.741   46.244   35.299
  23.395   27.199   13.452
  24.719   28.071   13.676
  22.072   26.328   13.228
  23.874   26.181   14.589
  22.917   28.218   12.315
  24.157   26.326   12.349
  22.634   28.073   14.555
  24.841    1.711   10.179
  23.454    1.044   10.615
  26.228    2.377    9.742
  24.187    3.164   10.320
  25.495    0.257   10.038
  24.386    1.655    8.646
  25.296    1.767   11.712
  38.717   18.790   40.257
  37.856   19.768   39.328
  39.579   17.813   41.185
  38.934   17.803   39.016
  38.501   19.778   41.497
  37.387   17.997   40.656
  40.048   19.584   39.857
   0.979   24.677    1.744
  -0.043   24.549    2.968
   2.002   24.804    0.520
   0.251   26.023    1.276
   1.707   23.331    2.211
  -0.013   23.821    0.825
   1.972   25.532    2.662
  26.892   25.221   37.424
  28.488   25.315   37.359
  25.296   25.128   37.489
  26.789   26.791   37.133
  26.996   23.651   37.714
  26.939   25.516   38.996
  26.845   24.927   35.852
  37.993   40.110   22.698
  38.539   39.536   24.088
  37.447   40.683   21.307
  36.886   40.958   23.482
  39.100   39.261   21.913
  36.974   38.880   22.591
  39.011   41.339   22.805
   2.629   48.379   37.973
   2.101   49.242   39.213
   3.156   47.516   36.733
   3.330   49.682   37.365
   1.927   47.076   38.581
   1.291   48.722   37.166
   3.967   48.036   38.781
   7.014    8.080   36.111
   5.852    8.294   37.189
   8.177    7.865   35.034
   7.691    9.456   36.567
   6.338    6.703   35.656
   6.148    8.866   35.020
   7.881    7.293   37.203
  10.535   16.397   22.629
  10.475   14.808   22.807
  10.595   17.986   22.452
   9.697   16.580   23.980
  11.373   16.214   21.279
   9.173   16.355   21.790
  11.896   16.439   23.469
  42.093   28.632    1.599
  42.102   27.032    1.568
  42.085   30.231    1.629
  43.693   28.641    1.553
  40.494   28.623    1.644
  42.139   28.601    3.198
  42.048   28.662   -0.001
   4.307   32.646   13.951
   3.169   33.638   14.479
   5.446   31.655   13.422
   3.517   32.474   12.571
   5.098   32.819   15.331
   3.509   31.403   14.564
   5.106   33.890   13.338
  18.631   14.855   31.924
  18.013   14.237   30.584
  19.249   15.473   33.265
  18.368   16.331   31.365
  18.894   13.379   32.484
  20.084   14.859   31.253
  17.179   14.851   32.596
  36.094   37.027   27.198
  35.628   36.724   25.698
  36.561   37.329   28.699
  34.608   36.743   27.718
  37.581   37.310   26.679
  35.730   38.572   27.000
  36.458   35.481   27.397
  27.004   46.852    1.297
  26.117   47.074    2.610
  27.890   46.630   -0.017
  28.149   47.785    1.912
  25.859   45.919    0.681
  26.323   48.133    0.621
  27.684   45.571    1.972
  45.765   30.913   48.515
  45.822   30.321   50.001
  45.708   31.505   47.030
  44.257   30.398   48.368
  47.273   31.428   48.663
  46.298   29.519   47.939
  45.232   32.307   49.092
  32.988   19.650   48.624
  33.697   21.026   48.219
  32.278   18.275   49.029
  32.345   19.552   47.162
  33.631   19.749   50.085
  31.706   20.461   49.133
  34.270   18.839   48.115
  34.497    8.319   48.860
  33.087    7.654   49.219
  35.908    8.983   48.501
  35.200    7.446   50.002
  33.795    9.191   47.718
  34.218    9.483   49.921
  34.776    7.154   47.799
  39.565   10.190   29.453
  38.862   11.610   29.232
  40.269    8.770   29.674
  38.830   10.046   30.867
  40.301   10.334   28.039
  40.800   10.913   30.169
  38.331    9.467   28.737
   1.855    4.099   32.502
   0.448    3.820   31.794
   3.263    4.378   33.210
   1.205    3.769   33.926
   2.506    4.429   31.078
   1.461    5.639   32.679
   2.250    2.558   32.325
  38.184   38.022   44.611
  38.748   37.809   46.093
  37.620   38.234   43.128
  39.409   37.176   44.023
  36.959   38.867   45.198
  39.045   39.363   44.475
  37.323   36.680   44.746
  47.756   43.501   27.534
  48.866   43.389   28.682
  46.647   43.613   26.387
  47.634   45.073   27.806
  47.879   41.929   27.263
  46.610   43.225   28.616
  48.903   43.777   26.453
  25.849   13.795   25.658
  25.353   14.599   24.367
  26.346   12.991   26.950
  24.707   12.701   25.416
  26.992   14.889   25.901
  24.845   14.642   26.572
  26.854   12.948   24.745
  26.944    1.774   45.937
  27.571    0.584   45.070
  26.318    2.964   46.803
  27.115    0.897   47.264
  26.774    2.651   44.609
  25.482    1.162   45.720
  28.407    2.386   46.153
  30.266   48.147   34.414
  31.208   49.426   34.219
  29.324   46.869   34.609
  30.297   47.884   32.836
  30.235   48.411   35.992
  28.973   49.072   34.235
  31.559   47.222   34.594
  19.356   32.617   25.786
  18.137   32.012   24.944
  20.575   33.221   26.628
  18.441   33.854   26.222
  20.272   31.379   25.349
  19.843   33.431   24.497
  18.870   31.802   27.074
  43.705   21.685   43.756
  43.918   20.124   43.477
  43.492   23.246   44.035
  42.122   21.494   43.616
  45.287   21.876   43.896
  43.808   21.980   42.187
  43.602   21.390   45.325
  29.663   28.306    4.960
  28.594   28.045    6.121
  30.731   28.567    3.798
  30.248   26.831    5.166
  29.078   29.781    4.753
  30.700   28.868    6.040
  28.625   27.743    3.879
  43.774   39.797   44.051
  44.286   40.863   45.129
  43.261   38.732   42.973
  44.463   38.620   44.888
  43.085   40.974   43.215
  45.124   39.993   43.216
  42.424   39.601   44.887
  20.862   30.007    9.474
  20.708   30.361    7.921
  21.016   29.653   11.027
  20.424   31.497    9.857
  21.300   28.517    9.090
  22.393   30.469    9.428
  19.331   29.545    9.520
   3.712   36.581   10.126
   2.238   37.202   10.133
   5.187   35.961   10.119
   3.092   35.106   10.144
   4.333   38.056   10.109
   3.726   36.594   11.726
   3.699   36.568    8.526
  38.939   28.327   35.558
  38.283   26.870   35.485
  39.596   29.784   35.631
  40.243   27.777   34.811
  37.636   28.877   36.305
  39.594   27.961   36.971
  38.285   28.694   34.145
  44.036    7.081    1.859
  44.659    7.261    0.396
  43.413    6.901    3.321
  43.684    8.642    1.901
  44.388    5.521    1.817
  45.467    7.386    2.506
  42.605    6.776    1.212
  48.662   21.079   14.570
  47.320   21.937   14.726
  50.003   20.221   14.414
  48.666   20.798   16.145
  48.657   21.359   12.995
  49.534   22.400   14.803
  47.789   19.758   14.337
  24.049   31.736   37.655
  25.094   30.525   37.625
  23.003   32.947   37.685
  22.837   30.692   37.599
  25.260   32.780   37.712
  24.072   31.795   36.057
  24.025   31.677   39.254
  43.173   48.682    6.599
  42.646   48.051    7.972
  43.700   49.312    5.227
  42.219   49.948    6.815
  44.127   47.415    6.384
  42.002   47.935    5.806
  44.344   49.429    7.393
  45.953   23.939    7.471
  47.116   22.842    7.410
  44.789   25.036    7.532
  47.050   25.103    7.461
  44.856   22.774    7.481
  46.004   23.904    9.070
  45.901   23.973    5.872
  15.484   14.025   44.830
  15.126   15.584   44.850
  15.843   12.466   44.811
  13.925   13.667   44.813
  17.044   14.384   44.848
  15.472   14.002   46.430
  15.497   14.048   43.230
  43.605   32.746   39.078
  43.335   32.776   40.654
  43.876   32.717   37.501
  42.762   31.392   38.958
  44.449   34.100   39.197
  44.938   31.895   39.322
  42.273   33.597   38.833
   1.528   15.284    1.138
   1.468   14.111    2.225
   1.587   16.458    0.052
   1.989   16.313    2.274
   1.067   14.256    0.003
  -0.003   15.640    1.438
   3.059   14.929    0.839
  36.486   42.239   18.392
  35.974   43.726   18.098
  36.998   40.751   18.687
  37.820   42.532   17.559
  35.152   41.945   19.226
  35.765   41.726   17.059
  37.207   42.751   19.726
   1.735   11.864    4.682
   0.528   11.004    5.285
   2.942   12.724    4.080
   0.685   12.844    3.978
   2.786   10.884    5.386
   1.745   10.937    3.378
   1.726   12.791    5.986
  43.948   10.136   34.323
  44.722   11.450   34.806
  43.174    8.822   33.840
  42.731   11.041   33.814
  45.165    9.231   34.832
  43.257   10.015   35.761
  44.639   10.257   32.885
  27.191   24.675   15.296
  28.521   23.785   15.288
  25.862   25.565   15.304
  26.465   23.599   14.360
  27.917   25.751   16.232
  27.706   25.456   13.998
  26.676   23.894   16.594
   1.147   36.346   36.884
  -0.000   36.672   35.818
   2.295   36.020   37.950
   1.299   37.908   37.198
   0.996   34.784   36.570
   2.252   36.470   35.733
   0.042   36.222   38.035
  20.552   26.575   16.594
  19.690   27.923   16.556
  21.413   25.227   16.631
  21.900   27.434   16.528
  19.203   25.715   16.659
  20.517   26.508   14.995
  20.586   26.641   18.192
  28.612   28.988   31.338
  28.336   30.437   31.956
  28.888   27.538   30.719
  28.936   29.654   29.920
  28.288   28.321   32.756
  27.070   28.868   30.929
  30.155   29.107   31.746
  13.463    2.093   13.454
  13.765    2.393   11.911
  13.162    1.793   14.996
  11.979    1.632   13.074
  14.948    2.554   13.833
  12.948    3.595   13.645
  13.979    0.590   13.262
  37.953   23.992   29.490
  38.949   23.716   28.269
  36.956   24.267   30.711
  37.343   25.248   28.709
  38.563   22.736   30.271
  39.046   24.944   30.167
  36.860   23.040   28.813
  34.401    3.897   17.225
  34.144    2.889   18.442
  34.657    4.905   16.009
  32.901    3.665   16.717
  35.900    4.129   17.734
  34.897    2.676   16.318
  33.904    5.118   18.133
  34.056   13.888    9.733
  32.921   13.074   10.513
  35.191   14.702    8.952
  33.057   15.128    9.574
  35.054   12.648    9.891
  33.531   13.288    8.345
  34.580   14.487   11.120
   1.263   31.189   19.604
   1.136   30.713   21.126
   1.389   31.665   18.082
   0.361   29.951   19.142
   2.164   32.427   20.066
   2.578   30.295   19.433
  -0.053   32.083   19.774
   2.605   42.609    9.838
   1.101   43.154    9.840
   4.110   42.065    9.837
   3.146   44.101    9.627
   2.065   41.118   10.050
   2.532   42.411    8.252
   2.679   42.808   11.424
  25.464   11.197    6.554
  24.954   12.400    5.630
  25.975    9.995    7.477
  24.052   11.176    7.306
  26.876   11.219    5.801
  26.018   12.252    7.622
  24.911   10.142    5.486
  43.649   14.022    5.348
  43.504   14.964    4.063
  43.793   13.081    6.634
  45.186   14.445    5.485
  42.112   13.599    5.211
  44.069   12.800    4.405
  43.228   15.245    6.291
  37.676   35.795    2.872
  38.169   34.275    2.787
  37.184   37.314    2.956
  39.190   36.274    3.073
  36.163   35.315    2.671
  37.511   35.653    4.457
  37.842   35.936    1.287
  12.709   26.688   17.597
  11.596   27.837   17.584
  13.822   25.538   17.609
  12.834   26.825   19.186
  12.584   26.550   16.007
  13.852   27.792   17.412
  11.566   25.583   17.782
   5.923   12.258   31.397
   7.356   12.966   31.323
   4.490   11.550   31.471
   5.229   13.686   31.597
   6.618   10.831   31.197
   6.078   12.111   32.983
   5.768   12.405   29.811
  23.841   28.744   21.212
  23.401   29.800   22.330
  24.282   27.688   20.094
  22.529   29.092   20.366
  25.154   28.396   22.058
  23.039   27.594   21.983
  24.643   29.894   20.441
   2.363   22.470   11.339
   1.849   21.833   12.714
   2.877   23.107    9.964
   1.329   23.679   11.512
   3.397   21.262   11.167
   1.256   21.637   10.540
   3.470   23.303   12.139
  16.304   24.810   35.338
  17.162   23.804   36.240
  15.447   25.817   34.437
  17.426   25.936   35.528
  15.183   23.685   35.149
  15.551   25.341   36.646
  17.058   24.280   34.030
