  13.104   23.754   18.008
  14.032   24.673   18.348
  14.602   24.352   19.450
  14.178   23.268   19.965
  13.020   22.786   18.871
  13.031   22.058   19.619
  12.246   22.314   18.289
  15.333   24.928   19.866
  14.522   23.608   20.091
  23.559    3.140   34.749
  24.596    2.698   35.491
  24.830    1.462   35.248
  24.054    0.940   34.384
  23.063    2.215   33.982
  22.739    1.405   33.408
  22.332    2.905   33.596
  25.579    0.953   35.716
  24.438    0.776   34.659
  13.707   29.570   47.270
  14.676   30.492   47.447
  15.720   29.955   47.960
  15.615   28.706   48.183
  14.068   28.383   47.658
  14.454   27.474   47.997
  13.110   27.982   47.376
  16.559   30.497   48.167
  15.974   29.048   48.248
  18.578   42.600   31.506
  19.076   43.844   31.345
  20.353   43.835   31.454
  20.854   42.687   31.682
  19.504   41.715   31.727
  20.319   41.085   31.898
  18.764   40.935   31.792
  20.908   44.685   31.362
  21.039   43.148   31.623
  18.494   42.979   12.057
  19.239   44.105   12.035
  20.415   43.858   11.589
  20.614   42.641   11.275
  19.146   41.940   11.627
  19.754   41.172   11.266
  18.285   41.314   11.789
  21.121   44.589   11.500
  20.890   43.058   11.267
   5.365   22.217   33.048
   6.622   21.823   33.342
   7.350   21.818   32.287
   6.743   22.176   31.227
   5.208   22.490   31.787
   5.186   22.683   30.761
   4.174   22.740   31.954
   8.333   21.547   32.312
   7.209   22.030   31.335
  41.560   40.638   23.937
  42.824   40.163   23.937
  42.823   38.881   23.936
  41.664   38.355   23.936
  40.670   39.690   23.937
  40.037   38.860   23.937
  39.874   40.416   23.938
  43.689   38.342   23.936
  42.132   38.180   23.936
   4.951   10.246    5.565
   5.913    9.549    4.923
   6.993    9.533    5.613
   6.922   10.160    6.718
   5.355   10.721    6.706
   5.774   11.056    7.602
   4.389   11.165    6.881
   7.832    9.053    5.288
   7.278    9.902    6.480
   5.823   13.052   35.248
   6.309   13.729   36.310
   5.378   14.399   36.881
   4.233   14.280   36.336
   4.550   13.245   35.072
   3.530   13.464   35.017
   4.554   12.595   34.213
   5.555   14.974   37.704
   4.413   14.531   36.730
  39.220   40.335   19.822
  39.414   41.388   20.644
  38.897   41.162   21.794
  38.331   40.028   21.904
  38.566   39.368   20.394
  38.038   38.653   20.942
  38.616   38.780   19.493
  38.944   41.847   22.549
  38.403   40.418   22.208
  32.553    5.712   21.091
  31.489    6.433   20.675
  31.692    7.684   20.862
  32.819    7.963   21.383
  33.504    6.457   21.571
  34.205    7.140   21.935
  34.106    5.587   21.771
  30.998    8.386   20.607
  32.426    8.229   21.229
  10.723   37.996    7.211
   9.650   38.795    7.026
   8.567   38.110    7.065
   8.738   36.865    7.263
  10.395   36.749    7.380
  10.028   35.779    7.504
  11.431   36.474    7.483
   7.652   38.544    6.945
   8.341   37.161    7.195
  25.189   12.791   43.670
  23.938   12.284   43.676
  23.070   13.227   43.677
  23.566   14.399   43.672
  25.201   14.091   43.666
  25.103   15.131   43.663
  26.278   14.096   43.662
  22.068   13.036   43.682
  23.102   14.211   43.674
   3.836    4.384   44.222
   3.010    5.019   43.363
   3.028    6.283   43.573
   3.798    6.650   44.517
   4.435    5.202   45.036
   4.862    5.939   45.641
   4.949    4.382   45.508
   2.465    6.928   43.019
   3.492    6.885   44.199
  43.140   12.332   11.869
  44.121   11.406   11.811
  45.177   11.832   12.398
  45.071   13.000   12.892
  43.507   13.409   12.497
  43.897   14.227   13.015
  42.537   13.850   12.337
  46.025   11.268   12.457
  45.434   12.657   12.870
  31.065   38.403   11.984
  30.442   37.235   12.251
  31.284   36.269   12.268
  32.487   36.615   12.036
  32.346   38.258   11.813
  33.359   38.037   11.694
  32.457   39.315   11.640
  30.998   35.308   12.454
  32.256   36.183   12.135
  31.111   46.910   46.004
  30.671   48.161   46.259
  29.930   48.581   45.301
  29.776   47.749   44.350
  30.679   46.450   44.868
  30.280   46.174   43.943
  31.203   45.522   45.027
  29.505   49.508   45.316
  29.613   48.212   44.445
  23.944   11.543   16.826
  23.399   12.677   16.338
  22.172   12.486   16.019
  21.752   11.303   16.227
  23.102   10.553   16.850
  22.353    9.826   16.828
  23.854    9.903   17.263
  21.594   13.232   15.632
  21.550   11.723   16.047
  42.346    7.512   41.427
  43.418    8.226   41.833
  43.956    7.683   42.862
  43.377    6.622   43.262
  42.130    6.467   42.170
  42.043    5.659   42.825
  41.276    6.199   41.572
  44.780    8.082   43.312
  43.774    6.886   43.412
  33.726   48.592   29.476
  32.412   48.548   29.169
  32.051   47.347   28.905
  32.985   46.486   28.987
  34.290   47.421   29.427
  34.647   46.442   29.359
  35.238   47.849   29.708
  31.091   47.117   28.650
  32.499   46.470   28.873
  18.487    7.654    6.871
  18.400    7.818    8.208
  19.568    7.858    8.734
  20.524    7.738    7.902
  19.717    7.578    6.456
  20.734    7.530    6.225
  19.383    7.462    5.438
  19.703    7.977    9.738
  20.492    7.798    8.398
  18.174   37.249   38.459
  19.311   36.523   38.404
  19.712   36.226   39.584
  18.971   36.668   40.520
  17.776   37.463   39.678
  17.542   37.578   40.689
  16.926   38.019   39.319
  20.558   35.679   39.743
  19.392   36.399   40.499
  33.776   48.930   10.224
  34.635   49.336   11.183
  34.454   48.667   12.262
  33.532   47.794   12.191
  32.991   47.976   10.628
  32.411   47.216   11.047
  32.510   47.943    9.665
  35.013   48.834   13.099
  33.850   47.944   12.547
  41.982   25.642   45.383
  43.172   25.708   44.750
  43.814   24.607   44.882
  43.204   23.720   45.562
  41.786   24.495   45.961
  41.725   23.544   46.388
  40.822   24.820   46.316
  44.737   24.468   44.471
  43.645   23.745   45.328
   2.952   24.222   24.466
   3.298   25.526   24.504
   4.573   25.652   24.532
   5.212   24.551   24.518
   3.983   23.430   24.467
   4.872   22.883   24.472
   3.340   22.567   24.434
   5.023   26.567   24.563
   5.340   25.034   24.532
  16.088   18.313   23.593
  17.396   18.050   23.797
  17.778   18.520   24.927
  16.866   19.114   25.586
  15.550   18.968   24.578
  15.214   19.491   25.417
  14.598   18.977   24.073
  18.739   18.418   25.255
  17.350   19.016   25.662
  35.363   37.262   14.465
  34.116   36.805   14.710
  34.116   36.017   15.721
  35.258   35.845   16.255
  36.240   36.795   15.304
  36.863   36.367   16.025
  37.025   37.346   14.814
  33.262   35.573   16.057
  34.797   35.676   16.345
  48.325    1.765   30.410
  47.193    2.164   31.028
  47.363    3.305   31.587
  48.529    3.795   31.440
  49.292    2.625   30.534
  50.000    3.376   30.691
  49.948    1.994   29.958
  46.616    3.768   32.104
  48.110    3.942   31.668
  11.193   21.307    1.576
  10.428   22.091    2.365
  10.724   23.326    2.195
  11.647   23.534    1.344
  12.027   21.991    0.851
  12.657   22.628    0.314
  12.410   21.085    0.411
  10.249   24.069    2.707
  11.364   23.825    1.636
  32.896   13.526   48.674
  33.653   12.538   48.151
  33.227   11.392   48.535
  32.213   11.439   49.303
  31.937   13.075   49.426
  31.203   12.614   50.008
  31.602   14.079   49.628
  33.675   10.525   48.241
  32.493   11.073   49.109
  41.881   22.494    3.377
  42.917   21.648    3.558
  43.982   22.297    3.854
  43.830   23.560    3.910
  42.216   23.739    3.546
  42.585   24.703    3.702
  41.209   24.055    3.333
  44.869   21.826    4.027
  44.214   23.246    3.977
  33.305   11.210    6.987
  32.367   11.988    6.406
  31.959   12.887    7.223
  32.513   12.850    8.368
  33.557   11.563    8.213
  33.687   11.924    9.184
  34.284   10.774    8.307
  31.248   13.570    6.960
  32.165   13.137    8.153
  22.960   31.217   21.093
  22.055   31.438   22.070
  21.038   32.066   21.608
  21.104   32.334   20.365
  22.580   31.690   19.943
  22.184   32.102   19.069
  23.488   31.341   19.482
  20.248   32.321   22.200
  20.769   32.416   20.727
  40.989    4.095   12.762
  40.661    4.035   11.454
  41.672    4.329   10.723
  42.731    4.604   11.374
  42.230    4.430   12.952
  43.236    4.705   12.997
  42.099    4.370   14.019
  41.616    4.337    9.704
  42.609    4.582   10.889
  26.556   37.335   13.825
  26.845   38.474   13.160
  27.106   39.421   13.982
  27.037   39.089   15.209
  26.614   37.482   15.116
  26.687   37.702   16.134
  26.345   36.449   15.261
  27.347   40.359   13.663
  27.144   39.510   14.962
  17.186   47.665    3.715
  15.888   47.296    3.700
  15.127   48.327    3.661
  15.747   49.438    3.645
  17.339   48.956    3.685
  17.355   50.000    3.660
  18.410   48.845    3.707
  14.111   48.245    3.645
  15.266   49.302    3.639
  30.609   28.983   22.521
  29.950   28.870   23.694
  28.975   28.044   23.584
  28.849   27.529   22.427
  30.099   28.238   21.586
  29.617   27.607   20.909
  30.839   28.585   20.885
  28.361   27.829   24.369
  28.605   27.487   22.861
  48.189   30.609   40.234
  49.266   30.635   41.048
  49.108   29.825   42.029
  48.002   29.194   42.018
  47.274   29.781   40.641
  46.604   29.094   41.051
  46.649   30.035   39.802
  49.819   29.708   42.750
  48.401   29.204   42.319
  36.820   48.874   41.451
  37.291   47.609   41.444
  36.325   46.769   41.390
  35.168   47.298   41.356
  35.522   48.924   41.402
  34.481   48.856   41.360
  35.547   50.000   41.425
  36.487   45.762   41.376
  35.343   46.830   41.353
  40.074   48.288   28.514
  38.776   48.654   28.448
  38.016   47.622   28.443
  38.636   46.512   28.500
  40.227   46.998   28.556
  40.243   45.954   28.585
  41.297   47.111   28.599
  37.001   47.701   28.397
  38.156   46.648   28.476
   5.730   16.061   43.086
   6.864   16.658   43.509
   7.097   17.717   42.826
   6.232   17.964   41.926
   5.164   16.700   42.105
   4.791   17.284   41.324
   4.372   15.971   42.067
   7.913   18.303   43.002
   6.652   18.185   42.082
   2.535   41.774   23.092
   2.300   41.819   21.763
   3.261   41.271   21.117
   4.198   40.820   21.851
   3.662   41.195   23.381
   4.581   40.716   23.507
   3.490   41.349   24.433
   3.261   41.211   20.099
   4.111   40.836   21.359
  24.244   33.364   12.788
  25.530   33.342   13.196
  25.928   34.523   13.496
  25.046   35.429   13.347
  23.735   34.561   12.801
  23.423   35.556   12.847
  22.793   34.181   12.444
  26.875   34.705   13.825
  25.523   35.421   13.498
  18.357   48.457   16.125
  17.505   48.868   17.088
  16.578   49.597   16.586
  16.664   49.767   15.328
  18.030   48.897   14.946
  17.684   49.299   14.047
  18.876   48.395   14.507
  15.840   50.001   17.162
  16.348   49.920   15.684
  16.992   41.442    2.366
  16.314   40.281    2.485
  15.668   40.024    1.408
  15.806   40.897    0.491
  16.823   42.003    1.206
  16.624   42.370    0.249
  17.465   42.820    1.490
  15.096   39.186    1.310
  15.554   40.467    0.535
  21.322    1.807   45.036
  20.436    2.826   45.061
  21.046    3.953   45.042
  22.315    3.865   45.005
  22.555    2.218   44.999
  23.506    2.648   44.971
  22.910    1.201   44.990
  20.540    4.838   45.056
  21.987    4.242   45.014
  10.899   28.023   13.804
   9.749   28.722   13.910
   8.936   28.134   14.708
   9.381   27.052   15.210
  10.896   26.943   14.528
  10.794   26.103   15.140
  11.891   26.699   14.195
   8.013   28.515   14.914
   8.955   27.311   15.249
  47.072    8.453    3.977
  46.195    8.580    2.959
  46.256    9.758    2.457
  47.106   10.524    3.014
  47.751    9.540    4.191
  48.241   10.458    4.282
  48.283    9.067    5.000
  45.665   10.042    1.676
  46.781   10.571    2.637
  45.625   31.681   16.966
  44.277   31.635   17.029
  43.788   32.819   17.059
  44.657   33.749   17.023
  46.084   32.897   16.951
  46.350   33.906   16.945
  47.096   32.530   16.902
  42.783   32.986   17.107
  44.157   33.732   17.047
  37.236   29.337    2.407
  36.061   29.444    1.750
  36.214   30.104    0.661
  37.404   30.501    0.448
  38.214   29.922    1.782
  38.928   30.418    1.204
  38.903   29.634    2.558
  35.434   30.287    0.029
  36.969   30.540    0.204
  31.061    3.341   12.858
  31.871    3.421   13.935
  32.284    2.257   14.276
  31.851    1.310   13.543
  30.904    2.120   12.440
  30.843    1.109   12.185
  30.256    2.458   11.649
  32.907    2.117   15.070
  32.151    1.339   13.942
   8.642   13.303   15.678
   7.938   13.089   16.810
   6.797   13.669   16.746
   6.586   14.300   15.661
   7.996   14.033   14.818
   7.397   14.623   14.199
   8.820   13.975   14.126
   6.124   13.619   17.511
   6.326   14.220   16.080
  40.548   31.786   29.100
  40.756   30.453   29.050
  39.640   29.825   28.998
  38.612   30.575   29.004
  39.285   32.096   29.082
  38.251   32.238   29.063
  39.526   33.144   29.130
  39.597   28.807   28.955
  38.690   30.082   28.985
  24.790   40.846   34.622
  23.718   40.148   34.188
  22.880   40.925   33.608
  23.234   42.147   33.571
  24.706   42.114   34.347
  24.543   43.110   34.081
  25.660   42.294   34.814
  22.007   40.577   33.215
  22.837   41.889   33.410
  36.925   23.924   12.963
  36.304   22.730   13.067
  37.144   21.810   13.368
  38.343   22.215   13.500
  38.202   23.845   13.192
  39.213   23.676   13.392
  38.313   24.903   13.027
  36.858   20.839   13.490
  38.113   21.773   13.538
  42.583   10.327   21.411
  42.476   11.332   20.516
  43.615   11.587   19.987
  44.568   10.857   20.411
  43.798    9.875   21.512
  44.801    9.585   21.518
  43.485    9.157   22.252
  43.731   12.318   19.286
  44.528   11.229   20.079
  35.387   26.160    9.101
  34.612   27.247    9.298
  34.122   27.659    8.187
  34.466   26.971    7.173
  35.443   25.806    7.851
  35.423   25.606    6.827
  36.095   24.985    8.097
  33.509   28.472    8.138
  34.179   27.373    7.247
  34.791   44.649   12.582
  34.760   44.118   11.342
  34.967   42.854   11.388
  35.151   42.393   12.560
  35.020   43.759   13.502
  35.208   42.972   14.161
  34.970   44.515   14.268
  34.980   42.279   10.546
  35.139   42.196   12.101
  45.452   35.749   35.709
  46.449   34.877   35.450
  46.092   33.683   35.748
  44.909   33.586   36.209
  44.392   35.168   36.189
  43.596   34.609   36.567
  43.884   36.115   36.253
  46.716   32.886   35.620
  45.279   33.263   36.113
  15.556   46.064   25.259
  16.056   45.951   26.508
  15.164   46.250   27.378
  14.037   46.578   26.886
  14.312   46.442   25.250
  13.319   46.748   25.351
  14.295   46.414   24.174
  15.358   46.223   28.379
  14.222   46.536   27.349
   8.213    2.513   49.897
   7.266    3.314   49.363
   7.438    3.432   48.099
   8.435    2.787   47.640
   9.051    2.068   49.009
   9.667    1.767   48.222
   9.590    1.525   49.767
   6.818    4.000   47.522
   8.084    3.084   47.442
   6.814    0.406   16.413
   7.087    1.044   17.571
   8.060    1.863   17.415
   8.541    1.891   16.237
   7.595    0.775   15.443
   8.270    1.138   14.734
   7.099    0.101   14.766
   8.410    2.436   18.183
   8.642    2.128   16.666
  46.436   25.308   28.334
  47.560   24.560   28.327
  47.270   23.312   28.325
  46.022   23.061   28.331
  45.355   24.586   28.338
  44.551   23.920   28.340
  44.744   25.473   28.343
  47.991   22.591   28.320
  46.438   22.784   28.328
  38.968   19.442   16.044
  38.106   18.431   16.280
  38.517   17.707   17.255
  39.616   18.091   17.769
  39.987   19.430   16.852
  40.761   19.332   17.546
  40.392   20.308   16.379
  37.995   16.893   17.579
  39.297   17.716   17.856
  20.390   18.088   33.174
  21.113   17.916   32.048
  22.127   17.166   32.274
  22.224   16.761   33.477
  20.894   17.459   34.194
  21.377   16.920   34.946
  20.101   17.818   34.827
  22.792   16.923   31.540
  22.492   16.697   33.060
  37.619   30.603   20.110
  36.749   29.570   20.107
  35.542   29.998   20.072
  35.433   31.266   20.049
  37.023   31.758   20.078
  36.451   32.631   20.051
  37.972   32.266   20.092
  34.745   29.362   20.064
  35.111   30.883   20.048
  23.271   11.433   11.941
  22.944   10.141   12.158
  22.165   10.038   13.170
  21.879   11.145   13.729
  22.721   12.239   12.799
  22.234   12.799   13.534
  23.186   13.086   12.325
  21.811    9.136   13.488
  21.758   10.667   13.810
  24.523   28.204   14.210
  23.363   27.748   13.690
  23.460   27.621   12.418
  24.595   27.943   11.941
  25.435   28.398   13.304
  26.095   28.520   12.504
  26.133   28.728   14.055
  22.681   27.287   11.850
  24.165   27.774   11.748
  25.908   22.795   35.822
  26.380   21.530   35.809
  25.421   20.690   35.941
  24.269   21.220   36.052
  24.617   22.845   35.963
  23.582   22.778   36.080
  24.640   23.922   35.927
  25.584   19.684   35.954
  24.443   20.752   36.047
  19.339   31.134   16.885
  18.665   32.303   16.866
  18.711   32.868   18.015
  19.365   32.221   18.894
  19.861   30.877   18.048
  20.238   30.764   19.015
  20.270   29.952   17.677
  18.257   33.764   18.193
  19.115   32.654   18.887
  28.155   43.973   39.914
  29.435   43.872   39.497
  30.243   44.071   40.472
  29.675   44.313   41.586
  28.062   44.243   41.182
  28.095   44.459   42.203
  26.986   44.241   41.120
  31.254   44.035   40.349
  30.149   44.275   41.431
  49.192   16.152   25.968
  49.213   15.107   26.822
  49.576   15.488   27.991
  49.829   16.732   28.085
  49.540   17.269   26.536
  49.832   18.109   27.083
  49.407   17.800   25.609
  49.650   14.835   28.771
  49.836   16.345   28.401
  12.051   10.958   40.936
  10.930   11.709   40.939
  11.213   12.940   41.155
  12.454   13.175   41.315
  13.124   11.660   41.150
  13.921   12.311   41.329
  13.736   10.777   41.076
  10.492   13.660   41.193
  12.038   13.453   41.316
  14.074   19.900   48.873
  14.555   20.952   48.177
  13.631   21.480   47.462
  12.497   20.911   47.564
  12.811   19.688   48.648
  11.801   19.601   48.400
  12.816   18.850   49.324
  13.807   22.288   46.866
  12.675   21.301   47.306
  37.412   10.409   39.345
  37.316    9.269   38.630
  36.298    8.586   39.006
  35.624    9.120   39.944
  36.463   10.530   40.225
  35.663   10.532   40.896
  36.863   11.476   40.549
  36.063    7.691   38.579
  35.588    8.698   39.679
  11.722    5.413   41.244
  11.401    4.127   40.990
  10.861    4.017   39.832
  10.752    5.115   39.197
  11.409    6.209   40.265
  11.120    6.761   39.427
  11.791    7.055   40.810
  10.551    3.118   39.466
  10.633    4.638   39.103
   7.864   38.322   23.917
   6.528   38.305   23.727
   6.115   37.107   23.537
   7.031   36.224   23.569
   8.392   37.136   23.861
   8.717   36.146   23.799
   9.371   37.546   24.045
   5.131   36.895   23.375
   6.536   36.217   23.499
   0.956    8.240   40.613
   1.533    7.020   40.616
   2.789    7.117   40.851
   3.202    8.308   41.026
   1.805    9.196   40.847
   2.563    9.887   41.042
   1.023    9.932   40.767
   3.395    6.297   40.892
   3.416    7.856   41.026
  27.119   47.420    5.860
  26.144   46.561    5.494
  24.991   47.046    5.771
  25.019   48.196    6.315
  26.652   48.509    6.395
  26.179   49.342    6.809
  27.651   48.888    6.533
  24.130   46.538    5.567
  24.658   47.878    6.179
  44.459   12.096   40.886
  44.883   12.022   42.166
  43.886   12.018   42.971
  42.749   12.083   42.402
  43.163   12.145   40.791
  42.120   12.179   40.822
  43.228   12.193   39.717
  44.010   11.966   43.982
  42.906   12.055   42.876
  33.700    3.168   31.970
  34.201    1.939   32.217
  33.308    1.185   32.741
  32.177    1.746   32.908
  32.453    3.279   32.321
  31.457    3.264   32.634
  32.435    4.304   31.991
  33.502    0.218   32.997
  32.363    1.291   32.999
  31.967   21.251   45.284
  31.428   20.091   44.851
  30.166   20.072   45.072
  29.713   21.120   45.635
  31.084   22.047   45.810
  30.302   22.610   46.211
  31.844   22.784   46.009
  29.586   19.274   44.812
  29.514   20.690   45.475
   3.437   11.803   31.969
   3.038   10.543   31.691
   1.816   10.533   31.306
   1.265   11.680   31.272
   2.496   12.679   31.780
   1.676   13.300   31.598
   3.154   13.475   32.084
   1.339    9.669   31.051
   1.117   11.214   31.169
  23.789   43.277   42.172
  23.136   42.938   43.303
  22.209   43.785   43.559
  22.113   44.731   42.714
  23.322   44.363   41.631
  22.876   45.239   41.279
  24.042   44.295   40.833
  21.607   43.693   44.377
  21.871   44.606   43.133
  30.876   29.174    5.866
  30.976   27.904    5.419
  32.206   27.565    5.298
  33.037   28.475    5.617
  32.036   29.729    6.059
  33.011   30.081    6.182
  31.563   30.641    6.381
  32.479   26.638    4.972
  33.074   28.004    5.452
  34.039   19.776   39.407
  34.135   21.112   39.577
  34.807   21.640   38.623
  35.223   20.812   37.750
  34.644   19.365   38.332
  35.156   19.137   37.451
  34.359   18.347   38.543
  34.985   22.644   38.581
  35.259   21.307   37.813
  35.840   13.476   21.190
  34.648   13.778   20.633
  34.561   15.038   20.411
  35.589   15.705   20.756
  36.592   14.523   21.360
  37.116   15.421   21.454
  37.371   13.913   21.785
  33.730   15.455   19.992
  35.147   15.817   20.549
  48.349   39.516    3.128
  47.010   39.667    3.050
  46.713   40.841    2.632
  47.718   41.584    2.390
  48.994   40.584    2.765
  49.417   41.487    2.455
  49.937   40.097    2.953
  45.746   41.140    2.509
  47.222   41.640    2.361
   8.386   43.676   36.829
   9.624   43.533   36.309
  10.240   42.564   36.878
   9.568   41.968   37.780
   8.132   42.808   37.762
   8.026   42.073   38.496
   7.147   43.222   37.900
  11.191   42.304   36.617
  10.027   41.915   37.588
  42.308   36.746   29.116
  42.895   36.498   27.926
  42.585   35.328   27.506
  41.813   34.678   28.282
  41.583   35.751   29.533
  41.031   34.899   29.778
  41.317   36.297   30.422
  42.936   34.963   26.621
  42.031   34.586   27.841
  15.231    5.561   37.203
  14.370    6.598   37.275
  15.003    7.712   37.250
  16.268    7.596   37.165
  16.471    5.945   37.127
  17.429    6.355   37.070
  16.802    4.921   37.090
  14.518    8.608   37.295
  15.949    7.980   37.192
  32.009    4.191    4.623
  30.801    3.666    4.919
  30.914    2.433    5.247
  32.106    1.988    5.222
  32.972    3.326    4.743
  33.671    2.560    4.868
  33.695    4.068    4.447
  30.105    1.868    5.505
  31.659    1.794    5.332
  19.195   32.120   37.793
  19.799   31.127   38.480
  20.796   31.582   39.144
  20.990   32.833   39.013
  19.766   33.273   37.974
  20.295   34.149   38.184
  19.053   33.747   37.320
  21.377   30.978   39.726
  21.214   32.466   39.268
  18.439    0.132   41.408
  17.451    0.854   41.979
  17.577    2.097   41.691
  18.577    2.367   40.951
  19.260    0.867   40.717
  19.858    1.542   40.192
  19.839   -0.002   40.454
  16.922    2.798   42.035
  18.211    2.634   41.163
  42.956    4.396   28.565
  42.465    5.471   29.218
  41.670    5.104   30.154
  41.523    3.844   30.257
  42.506    3.273   29.041
  42.088    2.430   29.495
  43.080    2.718   28.319
  41.201    5.780   30.757
  41.341    4.242   30.499
  39.132   48.247   46.203
  38.441   47.092   46.092
  39.138   46.207   45.481
  40.294   46.602   45.124
  40.315   48.174   45.669
  41.242   48.014   45.215
  40.518   49.196   45.942
  38.781   45.269   45.303
  40.039   46.175   45.083
  43.661   34.226   12.883
  44.102   34.255   11.607
  44.865   35.267   11.417
  45.033   36.000   12.444
  44.114   35.218   13.590
  44.529   36.047   14.070
  43.582   34.863   14.457
  45.294   35.456   10.511
  45.196   36.011   11.972
  10.429   28.985   49.917
   9.216   28.396   49.854
   9.335   27.120   49.853
  10.536   26.703   49.909
  11.402   28.124   49.960
  12.107   27.355   49.990
  12.126   28.920   50.000
   8.523   26.504   49.809
  10.087   26.485   49.886
   6.448   16.784   35.388
   5.301   16.405   34.785
   5.536   15.980   33.599
   6.764   16.009   33.262
   7.490   16.626   34.627
   8.259   16.462   33.940
   8.133   17.007   35.402
   4.790   15.649   32.987
   6.339   15.869   33.039
  10.477   39.716   32.047
  11.150   38.688   32.607
  11.871   38.092   31.731
  11.795   38.587   30.561
  10.725   39.843   30.777
  10.990   39.860   29.767
  10.062   40.689   30.717
  12.451   37.288   31.969
  12.044   38.206   30.768
  35.009    3.536   48.037
  35.167    4.866   47.865
  34.032    5.461   47.889
  33.036    4.688   48.066
  33.763    3.195   48.183
  32.738    3.026   48.289
  34.042    2.160   48.283
  33.951    6.471   47.776
  33.094    5.180   48.002
  11.809   30.585    4.030
  10.765   31.430    3.888
  11.163   32.567    3.450
  12.417   32.645    3.252
  12.941   31.128    3.692
  13.794   31.653    3.398
  13.465   30.217    3.928
  10.514   33.335    3.280
  12.031   32.958    3.199
   6.152   10.896   21.986
   5.951   12.229   21.925
   7.071   12.853   21.919
   8.094   12.098   21.970
   7.412   10.581   22.023
   8.446   10.434   22.049
   7.165    9.533   22.064
   7.120   13.871   21.876
   8.020   12.592   21.948
  38.282   42.043   26.536
  38.066   40.855   27.139
  39.103   40.107   27.044
  40.078   40.636   26.420
  39.470   42.132   26.016
  40.442   42.103   25.636
  39.261   43.129   25.669
  39.128   39.168   27.441
  39.998   40.196   26.643
   6.452    5.596    6.627
   6.376    5.851    5.304
   6.356    4.757    4.635
   6.411    3.704    5.347
   6.486    4.323    6.890
   6.508    3.285    6.995
   6.541    4.527    7.946
   6.300    4.750    3.617
   6.382    3.798    4.857
  38.859   13.957   25.439
  39.333   12.817   25.986
  40.434   13.039   26.603
  40.825   14.250   26.564
  39.626   14.980   25.670
  40.307   15.734   25.910
  38.961   15.623   25.119
  40.942   12.296   27.082
  41.001   13.828   26.767
  20.180   45.035   45.377
  20.972   45.747   46.206
  20.347   46.770   46.660
  19.150   46.884   46.240
  18.996   45.557   45.247
  18.078   46.053   45.211
  18.705   44.768   44.574
  20.785   47.428   47.303
  19.444   47.148   46.547
  -0.000   37.140   22.070
   0.014   36.631   23.320
   0.607   37.432   24.126
   1.039   38.499   23.585
   0.583   38.300   21.996
   1.070   39.222   22.043
   0.377   38.354   20.941
   0.715   37.216   25.117
   1.044   38.311   24.048
  28.539   37.209   41.416
  27.415   36.472   41.541
  27.260   36.090   42.754
  28.174   36.478   43.550
  29.175   37.345   42.542
  29.608   37.394   43.490
  29.935   37.936   42.059
  26.463   35.521   43.042
  27.758   36.205   43.596
  14.488   20.203    3.282
  15.260   20.263    4.388
  16.437   20.674    4.092
  16.612   20.928    2.857
  15.121   20.572    2.209
  15.716   20.885    1.410
  14.242   20.397    1.611
  17.163   20.784    4.800
  16.898   20.950    3.266
  45.980   32.020   23.539
  45.247   33.145   23.402
  44.335   32.982   22.515
  44.324   31.829   21.977
  45.585   31.066   22.750
  45.193   30.368   22.080
  46.351   30.412   23.132
  43.681   33.726   22.273
  44.053   32.246   21.926
   0.830   41.597    1.473
   0.161   40.734    2.267
   0.971   39.904    2.813
   2.192   40.073    2.495
   2.111   41.375    1.460
   3.120   41.115    1.518
   2.262   42.195    0.779
   0.648   39.174    3.448
   1.944   39.753    2.789
  19.419   49.043   20.067
  18.569   48.425   19.220
  18.675   47.152   19.324
  19.534   46.764   20.179
  20.123   48.205   20.768
  20.637   47.453   21.279
  20.623   49.018   21.267
  18.111   46.517   18.761
  19.220   46.535   19.865
  35.408   35.596   27.772
  36.532   35.796   27.052
  37.100   34.679   26.784
  36.494   33.658   27.242
  35.184   34.338   28.010
  35.094   33.307   28.145
  34.286   34.584   28.552
  37.965   34.630   26.246
  36.911   33.732   26.975
  28.393   26.866    0.714
  27.647   25.741    0.720
  26.398   26.029    0.720
  26.146   27.276    0.715
  27.669   27.946    0.710
  27.002   28.748    0.707
  28.555   28.558    0.706
  25.679   25.306    0.725
  25.869   26.860    0.717
  26.406   28.079   47.233
  26.591   28.533   48.490
  27.575   27.929   49.047
  28.143   27.060   48.311
  27.259   27.155   46.904
  27.987   26.425   46.739
  26.815   27.070   45.927
  27.866   28.140   50.001
  28.212   27.228   48.777
  18.229   15.275    4.008
  17.064   15.626    4.594
  17.051   16.881    4.852
  18.108   17.501    4.509
  19.035   16.284    3.854
  19.605   17.155    3.776
  19.773   15.645    3.399
  16.250   17.331    5.297
  17.676   17.631    4.726
  35.913   18.918   12.986
  34.817   18.650   13.728
  35.147   18.082   14.829
  36.399   17.902   14.973
  37.013   18.538   13.564
  37.836   18.199   14.109
  37.593   18.896   12.729
  34.452   17.804   15.521
  35.993   17.803   15.248
  26.796   32.067    9.083
  27.490   31.561   10.125
  26.895   30.532   10.605
  25.813   30.225   10.011
  25.713   31.394    8.831
  24.870   30.790    8.711
  25.474   32.056    8.015
  27.272   30.014   11.399
  26.070   30.037   10.397
  43.202   38.859   17.216
  42.879   37.583   17.513
  43.795   37.040   18.226
  44.779   37.804   18.489
  44.346   39.215   17.720
  45.272   39.402   18.166
  44.244   40.200   17.296
  43.727   36.075   18.548
  44.660   37.331   18.598
  45.790   38.046   49.759
  46.172   36.774   50.000
  47.350   36.563   49.541
  47.883   37.571   48.975
  46.698   38.730   49.131
  47.488   39.191   48.627
  46.065   39.602   49.132
  47.808   35.656   49.629
  48.024   37.100   49.065
  11.169   19.572   27.315
  12.314   20.226   27.606
  13.121   19.459   28.241
  12.677   18.285   28.451
  11.170   18.345   27.746
  11.270   17.380   28.130
  10.180   18.189   27.351
  14.040   19.779   28.546
  13.101   18.527   28.558
   8.948   28.360   39.632
   8.132   27.693   38.787
   7.774   26.574   39.298
   8.253   26.345   40.455
   9.164   27.710   40.737
   9.273   27.110   41.584
   9.797   28.503   41.098
   7.155   25.930   38.805
   7.951   26.098   40.142
  15.351   29.892   11.095
  14.778   30.938   11.729
  15.425   32.018   11.489
  16.435   31.870   10.729
  16.401   30.237   10.410
  17.226   30.614    9.894
  16.546   29.218   10.091
  15.140   32.914   11.883
  16.223   32.257   10.964
  38.584   32.988   46.564
  38.239   34.281   46.741
  39.011   35.050   46.066
  39.906   34.441   45.397
  39.599   32.847   45.764
  40.415   32.841   45.113
  39.559   31.777   45.878
  38.903   36.064   46.074
  39.778   34.920   45.462
  46.180    5.302   26.372
  45.381    4.214   26.389
  44.149    4.562   26.452
  43.957    5.820   26.483
  45.511    6.415   26.423
  44.884    7.249   26.467
  46.424    6.984   26.391
  43.396    3.874   26.474
  43.661    5.417   26.489
   0.670    3.440   49.351
   0.213    2.342   48.713
   1.189    1.593   48.350
   2.339    2.039   48.664
   1.967    3.465   49.438
   3.008    3.390   49.455
   1.929    4.406   49.961
   1.038    0.716   47.853
   2.170    1.632   48.428
  10.767    5.056   11.019
   9.675    5.850   10.998
  10.014    7.076   10.844
  11.268    7.269   10.748
  11.874    5.724   10.881
  12.702    6.349   10.763
  12.449    4.815   10.946
   9.322    7.824   10.803
  10.864    7.562   10.740
  19.158   23.149   36.270
  17.942   22.775   35.820
  18.040   21.749   35.058
  19.229   21.323   34.900
  20.112   22.387   35.825
  20.802   21.719   35.415
  20.845   22.965   36.362
  17.223   21.321   34.623
  18.778   21.184   34.733
  23.465   31.709   28.488
  24.214   32.831   28.549
  24.107   33.503   27.464
  23.340   32.979   26.593
  22.831   31.592   27.359
  22.367   31.592   26.424
  22.395   30.662   27.682
  24.602   34.384   27.325
  23.617   33.395   26.616
  39.972   46.581   39.500
  39.745   47.857   39.879
  40.493   48.172   40.871
  41.261   47.238   41.268
  40.879   45.998   40.226
  41.616   45.623   40.864
  40.773   45.090   39.657
  40.462   49.099   41.296
  41.177   47.711   41.408
  47.483   46.120   42.712
  46.509   46.713   43.434
  46.983   47.189   44.525
  48.233   47.003   44.681
  48.644   46.179   43.295
  49.526   46.279   43.843
  49.099   45.647   42.476
  46.395   47.674   45.201
  47.872   47.222   44.948
  38.681   19.595   48.885
  38.988   18.289   49.035
  38.229   17.561   48.303
  37.378   18.212   47.616
  37.706   19.786   48.047
  36.920   19.833   47.361
  37.766   20.851   48.197
  38.313   16.545   48.283
  37.492   17.729   47.671
  12.323   42.917   40.866
  11.100   43.474   40.737
  10.798   43.615   39.499
  11.693   43.211   38.690
  12.882   42.667   39.720
  13.242   42.507   38.753
  13.752   42.270   40.213
   9.910   44.020   39.205
  11.240   43.417   38.642
  30.320   45.713   11.925
  30.096   44.962   10.826
  29.121   45.441   10.145
  28.596   46.488   10.642
  29.504   46.720   12.018
  28.803   47.494   12.001
  29.970   47.033   12.937
  28.805   45.006    9.279
  28.513   46.210   10.235
  11.605   35.768   42.242
  10.696   36.760   42.358
  11.257   37.838   42.765
  12.510   37.737   42.964
  12.805   36.148   42.568
  13.726   36.551   42.849
  13.190   35.164   42.360
  10.728   38.697   42.911
  12.174   38.105   43.007
  38.815   38.101   37.646
  37.732   37.675   36.962
  38.003   36.606   36.310
  39.200   36.195   36.448
  39.848   37.332   37.476
  40.617   36.654   37.274
  40.440   37.957   38.124
  37.307   36.136   35.733
  38.799   36.037   36.195
  25.535   27.888   23.738
  25.101   28.214   24.974
  25.757   29.216   25.431
  26.647   29.667   24.642
  26.497   28.659   23.326
  27.261   29.330   23.089
  26.551   28.119   22.395
  25.569   29.606   26.354
  26.487   29.788   25.099
   7.759   48.826    5.156
   8.884   49.550    5.332
   9.416   49.286    6.467
   8.784   48.423    7.157
   7.499   48.052    6.167
   7.380   47.469    7.025
   6.613   47.684    5.677
  10.276   49.738    6.778
   9.201   48.691    7.223
  26.917   40.210   39.745
  28.199   40.256   40.165
  29.000   40.024   39.191
  28.425   39.808   38.077
  26.815   39.946   38.476
  26.841   39.730   37.455
  25.741   39.995   38.537
  30.012   40.017   39.317
  28.900   39.825   38.232
  26.390   24.258   18.133
  27.520   24.888   18.518
  28.330   24.062   19.071
  27.901   22.866   19.132
  26.405   22.989   18.415
  26.514   21.986   18.683
  25.423   22.867   17.988
  29.239   24.357   19.427
  28.320   23.099   19.275
  35.008   24.212    3.663
  35.325   24.458    4.952
  36.513   24.052    5.209
  37.114   23.521    4.220
  35.973   23.632    3.013
  36.804   23.170    2.583
  35.378   23.612    2.116
  36.928   24.153    6.135
  37.231   23.612    4.698
  15.873    2.871    8.531
  15.894    1.542    8.767
  14.801    0.999    8.374
  13.963    1.810    7.865
  14.766    3.263    7.974
  13.846    3.475    7.530
  15.118    4.281    7.957
  14.633   -0.003    8.470
  13.970    1.317    7.952
  39.295    9.071    0.959
  38.627    9.825    0.060
  37.493   10.189    0.534
  37.255    9.771    1.712
  38.632    8.904    2.064
  38.021    8.830    2.908
  39.431    8.308    2.472
  36.846   10.767   -0.003
  37.008   10.050    1.379
  14.956   22.230   35.409
  15.218   23.543   35.240
  15.033   23.886   34.019
  14.654   22.939   33.258
  14.586   21.648   34.307
  14.301   21.277   33.374
  14.483   20.707   34.820
  15.182   24.843   33.700
  14.751   23.425   33.195
  22.301   24.054   37.601
  23.144   24.997   37.129
  23.881   25.454   38.073
  23.661   24.933   39.213
  22.444   23.848   38.876
  22.637   23.758   39.899
  21.667   23.102   38.859
  24.582   26.176   37.907
  23.973   25.282   39.038
  41.586   23.216    9.740
  41.956   21.918    9.692
  40.932   21.164    9.536
  39.825   21.787    9.464
  40.301   23.374    9.618
  39.263   23.394    9.513
  40.409   24.442    9.700
  41.015   20.149    9.477
  39.962   21.306    9.446
  47.790   20.884   30.819
  47.281   20.121   31.810
  47.984   20.237   32.875
  48.979   21.024   32.766
  48.852   21.538   31.188
  49.693   22.016   31.580
  48.938   21.980   30.209
  47.753   19.734   33.731
  48.790   20.742   33.132
  44.587    1.486   24.319
  43.498    0.730   24.571
  42.470    1.472   24.762
  42.698    2.721   24.675
  44.327    2.760   24.333
  44.015    3.755   24.366
  45.355    2.988   24.110
  41.552    1.077   24.967
  42.295    2.441   24.768
  46.338   20.703   17.320
  45.891   21.888   16.854
  46.852   22.732   16.774
  47.983   22.278   17.141
  47.615   20.713   17.568
  48.639   20.823   17.734
  47.576   19.685   17.888
  46.705   23.685   16.441
  47.817   22.717   16.968
  31.377   45.052   15.462
  31.056   45.973   14.529
  32.015   46.810   14.376
  33.028   46.593   15.115
  32.561   45.240   15.965
  33.520   45.476   16.303
  32.443   44.380   16.603
  31.955   47.581   13.711
  32.909   46.934   14.770
  24.535   14.474   17.563
  24.458   15.520   16.712
  24.779   16.608   17.307
  25.091   16.467   18.533
  24.911   14.827   18.756
  25.218   15.212   19.677
  24.853   13.806   19.094
  24.780   17.506   16.824
  25.063   16.854   18.218
  10.363   42.581   20.698
  11.662   42.393   21.011
  11.967   41.150   20.940
  11.004   40.391   20.600
   9.753   41.471   20.407
   9.356   40.530   20.191
   8.833   42.004   20.234
  12.908   40.814   21.143
  11.485   40.321   20.716
  19.071    5.945   12.959
  19.680    6.714   12.031
  20.912    6.894   12.335
  21.277    6.325   13.414
  19.873    5.585   13.916
  20.595    5.352   14.633
  19.079    5.042   14.399
  21.535    7.450   11.750
  21.503    6.609   13.070
  41.744   25.634   23.150
  40.436   25.540   23.471
  39.931   24.466   22.988
  40.751   23.746   22.333
  42.159   24.626   22.443
  42.392   23.778   21.880
  43.151   25.044   22.402
  38.950   24.222   23.127
  40.267   23.711   22.451
  47.711   44.989   40.627
  46.403   44.868   40.315
  46.199   43.798   39.639
  47.245   43.108   39.417
  48.427   44.006   40.170
  48.912   43.175   39.762
  49.319   44.439   40.591
  45.269   43.536   39.313
  46.761   43.062   39.302
  12.573   30.774   28.584
  13.825   31.272   28.669
  14.429   31.165   27.544
  13.735   30.629   26.622
  12.296   30.317   27.399
  12.174   29.979   26.419
  11.307   30.039   27.720
  15.388   31.489   27.415
  14.199   30.813   26.654
  35.383    5.552   29.765
  34.510    6.523   29.420
  33.337    6.035   29.253
  33.257    4.779   29.443
  34.824    4.381   29.840
  34.282    3.489   29.873
  35.764    3.933   30.114
  32.544    6.618   28.988
  32.934    5.138   29.315
  47.639   30.654   15.710
  47.762   31.764   14.950
  48.966   31.889   14.528
  49.756   30.966   14.908
  48.757   29.999   15.822
  49.698   29.548   15.850
  48.278   29.258   16.440
  49.251   32.670   13.938
  49.801   31.377   14.627
   5.993   36.196   10.451
   6.193   35.471   11.572
   7.443   35.253   11.750
   8.198   35.754   10.856
   7.103   36.489    9.840
   8.045   36.670    9.428
   6.561   37.019    9.075
   7.789   34.719   12.547
   8.272   35.486   11.271
  32.833   31.328   14.946
  32.362   32.406   14.284
  33.228   33.351   14.290
  34.309   33.071   14.900
  34.030   31.514   15.418
  34.987   31.762   15.753
  34.037   30.520   15.833
  33.049   34.247   13.837
  34.134   33.470   14.655
  43.744    7.550    1.227
  44.803    7.114    1.942
  44.668    5.873    2.235
  43.597    5.342    1.799
  42.864    6.616    1.016
  42.223    5.800    0.902
  42.243    7.304    0.468
  45.371    5.368    2.774
  43.989    5.181    2.064
  21.543   45.729    4.536
  22.044   46.969    4.347
  23.118   46.918    3.651
  23.465   45.745    3.301
  22.265   44.807    3.972
  22.910   44.145    3.486
  21.591   44.043    4.323
  23.641   47.759    3.405
  23.651   46.203    3.231
  17.821    4.235   18.997
  17.802    4.453   20.329
  17.145    3.529   20.926
  16.670    2.636   20.153
  17.178    3.158   18.657
  16.640    2.279   18.489
  17.409    3.329   17.619
  17.023    3.524   21.939
  16.663    2.717   20.647
  26.175    7.903   22.250
  26.886    8.539   21.294
  27.702    9.375   21.821
  27.662    9.420   23.092
  26.491    8.293   23.449
  26.815    8.672   24.366
  25.771    7.614   23.875
  28.325    9.950   21.254
  27.925    9.656   22.738
  15.035    8.063   30.830
  14.567    8.832   29.825
  14.499   10.059   30.190
  14.877   10.273   31.386
  15.296    8.748   31.904
  15.474    9.385   32.711
  15.614    7.855   32.415
  14.167   10.790   29.562
  14.704   10.558   31.014
  42.909   20.509   12.794
  43.327   19.235   12.632
  44.603   19.192   12.517
  45.177   20.326   12.578
  43.891   21.361   12.793
  44.745   21.962   12.777
  43.202   22.177   12.933
  45.102   18.312   12.386
  45.331   19.855   12.518
  12.003   22.683   10.211
  10.935   23.484   10.411
  11.147   24.647    9.917
  12.284   24.785    9.363
  12.966   23.282    9.576
  13.677   23.851    9.065
  13.568   22.390    9.615
  10.450   25.390    9.971
  11.889   25.082    9.437
   4.239   33.866   18.154
   3.541   34.173   17.040
   3.422   35.444   16.920
   3.972   36.115   17.851
   4.611   34.920   18.818
   4.860   35.825   19.275
   5.090   34.303   19.559
   2.924   35.866   16.136
   3.714   36.228   17.438
  33.352   30.996   36.902
  32.313   31.492   37.607
  31.589   32.250   36.869
  31.999   32.363   35.670
  33.359   31.405   35.668
  33.276   31.788   34.701
  34.255   30.840   35.470
  30.756   32.716   37.229
  31.614   32.547   35.931
   0.643   44.662   42.701
   0.810   43.535   41.977
   1.549   43.763   40.955
   1.950   44.966   40.853
   1.265   45.682   42.189
   1.797   46.435   41.700
   0.913   46.316   42.986
   1.786   43.028   40.288
   2.012   44.549   40.584
  41.170   11.766   22.340
  40.156   11.210   23.037
  39.381   12.118   23.504
  39.729   13.308   23.215
  41.108   13.064   22.316
  40.969   14.098   22.357
  42.005   13.111   21.721
  38.557   11.888   24.060
  39.353   13.102   23.473
  16.260   47.455   34.864
  16.736   48.411   34.039
  17.944   48.153   33.700
  18.415   47.082   34.202
  17.134   46.523   35.106
  17.903   45.830   35.236
  16.432   46.007   35.739
  18.472   48.765   33.078
  18.591   47.437   33.896
  11.043   49.573   12.738
  11.926   48.665   13.205
  11.419   47.488   13.176
  10.229   47.438   12.728
   9.914   49.036   12.382
   9.050   48.510   12.125
   9.527   50.000   12.098
  11.939   46.670   13.491
  10.556   47.102   12.900
   3.887   47.317    2.198
   3.385   48.461    2.709
   2.317   48.225    3.377
   1.976   46.999    3.410
   3.173   46.275    2.507
   2.534   45.506    2.809
   3.846   45.633    1.963
   1.794   48.969    3.838
   1.790   47.423    3.599
  30.713   28.146    1.835
  31.469   28.402    2.924
  32.715   28.314    2.636
  32.956   28.014    1.423
  31.426   27.878    0.782
  32.086   27.677   -0.002
  30.535   27.746    0.192
  33.441   28.475    3.334
  33.236   28.109    1.826
  20.436   10.547   32.276
  20.410    9.201   32.172
  19.206    8.768   32.244
  18.327    9.676   32.393
  19.251   11.060   32.420
  18.261   11.372   32.532
  19.669   12.052   32.462
  18.987    7.773   32.185
  18.317    9.178   32.355
  46.705   14.584   31.179
  46.226   15.381   32.158
  46.563   16.600   31.951
  47.255   16.783   30.899
  47.378   15.242   30.283
  47.899   15.859   29.621
  47.567   14.334   29.736
  46.292   17.349   32.588
  47.078   17.078   31.261
  12.158   42.181   15.103
  11.657   40.928   15.106
  10.375   40.956   15.107
   9.874   42.126   15.105
  11.230   43.091   15.101
  10.413   43.741   15.101
  11.973   43.871   15.099
   9.818   40.102   15.110
   9.688   41.662   15.106
  47.805   35.206   31.871
  47.987   36.484   32.265
  46.880   37.127   32.234
  45.881   36.438   31.848
  46.568   34.950   31.562
  45.553   34.847   31.338
  46.822   33.931   31.324
  46.820   38.110   32.499
  45.949   36.912   31.994
  41.130   33.576   10.768
  42.304   33.059   11.189
  42.177   32.546   12.356
  41.005   32.636   12.846
  40.177   33.427   11.639
  39.484   33.259   12.401
  39.480   33.924   10.985
  42.960   32.106   12.839
  41.440   32.444   13.002
  30.104   36.011   33.923
  29.168   36.332   33.005
  29.368   37.514   32.552
  30.376   38.107   33.056
  30.963   36.968   34.118
  31.597   37.793   34.200
  31.485   36.372   34.847
  28.760   37.931   31.848
  30.029   38.226   32.715
  39.955   26.696   17.063
  39.143   25.628   16.917
  39.831   24.555   16.782
  41.091   24.730   16.813
  41.215   26.375   17.030
  42.194   26.015   16.989
  41.497   27.406   17.167
  39.389   23.644   16.659
  40.790   24.334   16.759
  36.517   31.863    1.950
  36.819   33.016    1.316
  36.796   34.000    2.136
  36.502   33.681    3.333
  36.281   32.036    3.217
  36.110   32.280    4.217
  36.098   30.982    3.342
  37.000   34.954    1.839
  36.614   34.108    3.098
  13.476    5.618   27.500
  14.761    5.238   27.330
  15.509    6.260   27.132
  14.892    7.373   27.138
  13.320    6.906   27.420
  13.301    7.946   27.339
  12.262    6.804   27.593
  16.514    6.170   26.982
  15.368    7.233   27.075
   6.320   29.242   23.393
   6.408   28.264   22.466
   7.521   27.640   22.575
   8.276   28.067   23.507
   7.372   29.305   24.154
   8.256   29.273   24.709
   6.945   30.129   24.701
   7.767   26.866   21.958
   8.309   27.705   23.163
  12.336   36.560   20.507
  12.523   36.460   21.840
  11.566   37.031   22.473
  10.677   37.551   21.725
  11.247   37.201   20.202
  10.356   37.728   20.062
  11.449   37.074   19.151
  11.534   37.058   23.492
  10.746   37.514   22.219
   8.088   27.790   44.109
   7.226   28.828   44.104
   6.146   28.519   44.720
   6.125   27.335   45.186
   7.614   26.749   44.728
   7.145   25.972   45.243
   8.517   26.198   44.525
   5.375   29.180   44.819
   5.806   27.720   45.184
  49.001   44.509   21.536
  49.191   45.846   21.566
  48.095   46.462   21.318
  47.099   45.699   21.105
  47.771   44.185   21.267
  46.763   44.031   21.046
  48.017   43.139   21.331
  48.043   47.480   21.297
  47.169   46.194   21.116
  24.595    1.216   32.166
  24.218    2.512   32.128
  25.221    3.279   32.347
  26.319    2.667   32.545
  25.864    1.072   32.411
  26.888    1.063   32.612
  25.767   -0.000   32.362
  25.130    4.295   32.357
  26.179    3.147   32.531
  10.019   20.189   47.215
  10.876   20.352   46.185
  10.362   21.108   45.287
   9.191   21.527   45.558
   8.902   20.832   47.043
   8.045   21.381   46.810
   8.533   20.477   47.991
  10.864   21.345   44.432
   9.508   21.587   45.177
  36.377   29.399    9.750
  37.130   28.926   10.766
  37.587   27.762   10.484
  37.239   27.323    9.341
  36.304   28.568    8.753
  36.308   27.834    8.010
  35.678   29.253    8.207
  38.179   27.245   11.133
  37.518   27.148    9.718
  39.971   35.086   21.592
  40.963   36.001   21.599
  42.032   35.510   21.090
  41.924   34.302   20.703
  40.341   33.951   21.079
  40.736   33.083   20.652
  39.360   33.538   21.244
  42.890   36.055   21.010
  42.292   34.641   20.705
  49.278    4.458    8.765
  48.618    5.635    8.726
  47.364    5.443    8.542
  47.029    4.220    8.440
  48.488    3.437    8.608
  47.773    2.688    8.475
  49.321    2.760    8.694
  46.704    6.218    8.485
  46.784    4.656    8.425
  43.896   32.654   43.236
  43.278   32.896   42.061
  43.142   31.811   41.392
  43.606   30.775   41.969
  44.195   31.398   43.395
  44.390   30.373   43.426
  44.629   31.608   44.358
  42.696   31.796   40.475
  43.377   30.865   41.533
   8.479   29.834   11.166
   7.600   28.956   10.636
   7.121   29.408    9.536
   7.568   30.550    9.196
   8.618   30.902   10.438
   8.659   31.717    9.787
   9.331   31.304   11.139
   6.440   28.882    8.989
   7.242   30.225    9.000
  25.179   33.489   31.154
  26.488   33.620   30.850
  26.807   34.857   30.756
  25.846   35.666   30.963
  24.577   34.635   31.273
  24.188   35.601   31.347
  23.646   34.140   31.496
  27.756   35.153   30.532
  26.331   35.714   30.851
  43.856   35.481   34.079
  42.552   35.250   34.342
  42.239   34.044   34.042
  43.199   33.351   33.575
  44.460   34.437   33.593
  44.851   33.548   33.211
  45.385   34.985   33.527
  41.293   33.685   34.172
  42.716   33.266   33.673
  25.169   23.733   23.900
  24.140   22.971   24.326
  23.072   23.673   24.429
  23.216   24.898   24.115
  24.827   24.971   23.702
  24.452   25.937   23.574
  25.831   25.217   23.400
  22.189   23.268   24.738
  22.834   24.616   24.273
  40.855   33.558    5.264
  40.407   33.614    3.992
  39.320   34.290    3.927
  38.916   34.747    5.045
  40.084   34.195    6.094
  39.403   34.731    6.676
  40.729   33.934    6.917
  38.832   34.441    3.045
  38.750   34.767    4.573
   4.288   17.800   30.806
   4.548   18.950   31.463
   3.458   19.543   31.781
   2.401   18.935   31.417
   3.014   17.584   30.661
   1.975   17.504   30.598
   3.213   16.662   30.141
   3.455   20.430   32.284
   2.498   19.360   31.661
  33.936   17.832   44.297
  34.337   19.119   44.368
  35.617   19.193   44.351
  36.208   18.068   44.274
  34.932   17.000   44.231
  35.798   16.418   44.182
  34.253   16.166   44.192
  36.105   20.087   44.397
  36.357   18.545   44.300
  17.699   48.480   39.092
  16.681   47.619   39.304
  17.077   46.616   39.996
  18.307   46.652   40.322
  18.812   48.082   39.636
  19.650   47.677   40.107
  19.321   48.959   39.271
  16.446   45.858   40.257
  17.930   46.334   40.400
  47.767    4.537   13.522
  47.700    3.191   13.585
  48.874    2.679   13.554
  49.817    3.530   13.472
  48.989    4.974   13.446
  50.002    5.221   13.389
  48.640    5.992   13.417
  49.024    1.671   13.592
  49.792    3.031   13.496
   6.080   38.764   26.776
   5.561   37.697   26.132
   4.408   37.981   25.647
   4.021   39.172   25.875
   5.293   39.798   26.745
   4.593   40.568   26.664
   6.004   40.375   27.313
   3.861   37.298   25.125
   3.828   38.777   25.636
   3.576   38.091   14.495
   4.332   37.331   13.674
   3.839   37.317   12.491
   2.776   38.004   12.356
   2.551   38.613   13.889
   1.762   38.982   13.313
   2.239   39.096   14.800
   4.275   36.794   11.732
   3.056   37.723   12.052
  19.680   30.410    2.642
  20.373   30.439    3.800
  21.533   29.918    3.644
  21.769   29.501    2.465
  20.353   29.868    1.670
  20.974   29.420    0.961
  19.530   30.024    0.993
  22.202   29.851    4.411
  22.025   29.512    2.893
   4.881   38.131   32.281
   6.130   37.679   32.040
   6.095   36.491   31.560
   4.923   36.014   31.421
   3.966   37.261   31.970
   3.312   36.497   31.691
   3.192   37.941   32.282
   6.945   35.984   31.315
   5.385   35.847   31.332
   1.682   46.657   19.450
   2.943   46.722   18.973
   3.787   46.431   19.893
   3.264   46.153   21.019
   1.638   46.320   20.705
   1.711   46.045   21.709
   0.563   46.376   20.698
   4.792   46.427   19.719
   3.731   46.177   20.843
  10.914   25.417   23.554
  10.114   26.449   23.211
  10.798   27.524   23.079
  12.045   27.385   23.293
  12.162   25.766   23.662
  13.132   26.146   23.723
  12.437   24.758   23.922
  10.364   28.411   22.822
  11.749   27.767   23.166
  10.768   38.446   10.856
  11.011   38.128   12.145
  11.158   39.188   12.850
  11.046   40.275   12.196
  10.744   39.730   10.653
  10.746   40.772   10.595
  10.542   39.576    9.606
  11.349   39.147   13.851
  11.136   40.157   12.674
  32.273   21.066   12.223
  31.883   21.731   11.115
  32.860   22.398   10.623
  33.950   22.290   11.270
  33.525   21.266   12.511
  34.534   21.490   12.656
  33.445   20.625   13.373
  32.755   22.965    9.782
  33.806   22.536   10.860
   1.866   34.507   38.542
   2.796   34.528   39.520
   3.064   33.338   39.912
   2.413   32.426   39.309
   1.480   33.302   38.245
   1.239   32.299   38.082
   0.805   33.685   37.498
   3.746   33.154   40.647
   2.758   32.434   39.671
  18.270    1.988   34.827
  18.213    0.960   35.701
  19.364    0.749   36.223
  20.280    1.532   35.813
  19.461    2.499   34.734
  20.449    2.837   34.731
  19.113    3.217   34.010
  19.517    0.010   36.909
  20.259    1.152   36.137
  43.473   28.233   20.478
  42.235   28.498   20.948
  42.027   29.762   20.981
  43.005   30.468   20.574
  44.135   29.311   20.180
  44.580   30.232   19.971
  44.984   28.723   19.873
  41.144   30.154   21.308
  42.547   30.566   20.748
  26.780   31.097    5.476
  25.966   30.199    6.071
  24.817   30.718    6.302
  24.701   31.930    5.931
  26.203   32.247    5.289
  25.653   33.128    5.184
  27.099   32.640    4.837
  24.068   30.189    6.748
  24.400   31.597    6.151
  34.968   25.688   37.436
  35.725   24.701   36.911
  35.005   23.677   36.638
  33.770   23.813   36.916
  33.715   25.358   37.534
  32.735   24.998   37.570
  33.478   26.320   37.955
  35.403   22.831   36.233
  34.050   23.448   36.721
   4.886    9.442   41.873
   5.807    8.464   42.013
   6.975    8.966   42.173
   7.007   10.239   42.165
   5.407   10.631   41.935
   5.920   11.538   41.999
   4.437   11.079   41.793
   7.801    8.380   42.296
   7.349    9.877   42.217
   5.653   31.039   14.222
   6.829   30.456   13.909
   6.639   29.431   13.164
   5.418   29.197   12.892
   4.634   30.425   13.697
   3.888   29.862   13.233
   3.957   31.134   14.143
   7.413   28.860   12.825
   5.853   28.981   12.776
  16.702   17.393   30.638
  15.451   17.816   30.357
  14.666   16.817   30.190
  15.223   15.681   30.322
  16.797   16.097   30.669
  16.768   15.053   30.671
  17.846   16.164   30.902
  13.678   16.940   29.969
  14.760   15.837   30.218
  19.390   34.245   26.017
  19.895   35.030   25.043
  19.295   36.163   25.021
  18.382   36.292   25.898
  18.434   34.824   26.681
  17.681   35.375   27.150
  18.315   33.952   27.302
  19.542   36.889   24.350
  18.569   36.583   25.537
  32.997   22.532   15.115
  32.334   22.436   13.943
  31.172   21.926   14.125
  30.909   21.632   15.335
  32.303   22.090   16.121
  31.666   21.714   16.858
  33.108   22.321   16.798
  30.523   21.775   13.352
  30.663   21.597   14.901
  20.778   48.317   29.505
  22.024   48.081   29.040
  22.340   46.850   29.205
  21.436   46.144   29.756
  20.219   47.253   29.998
  19.860   46.345   30.368
  19.329   47.811   30.235
  23.246   46.484   28.914
  21.897   46.056   29.584
   4.464   13.583   43.474
   4.544   13.410   44.810
   5.749   13.570   45.214
   6.581   13.848   44.292
   5.614   13.865   42.937
   6.579   14.084   42.605
   5.162   13.921   41.961
   6.005   13.477   46.197
   6.610   13.784   44.787
  43.305   18.001   37.905
  44.075   17.058   37.322
  43.417   16.439   36.413
  42.218   16.839   36.266
  42.105   18.046   37.407
  41.172   18.001   36.941
  41.839   18.846   38.077
  43.835   15.690   35.861
  42.503   16.490   36.050
  30.186   25.426    4.867
  29.862   24.456    5.749
  30.347   23.330    5.377
  31.008   23.374    4.290
  30.899   24.982    3.875
  31.465   24.528    3.124
  30.941   25.968    3.443
  30.206   22.478    5.919
  30.888   23.015    4.616
  13.084   17.619   -0.000
  12.779   16.304   -0.000
  13.847   15.594   -0.000
  14.927   16.268   -0.000
  14.366   17.835   -0.000
  15.408   17.902   -0.000
  14.202   18.900   -0.000
  13.816   14.575   -0.000
  14.814   15.781   -0.000
   8.438   39.899   49.872
   8.311   41.233   49.708
   7.078   41.554   49.574
   6.269   40.572   49.623
   7.295   39.281   49.852
   6.330   38.882   49.822
   7.786   38.334   50.000
   6.785   42.522   49.440
   6.222   41.066   49.563
  22.036    3.010   38.412
  20.735    2.667   38.517
  20.030    3.679   38.866
  20.694    4.752   39.031
  22.247    4.262   38.687
  22.311    5.277   38.925
  23.302    4.141   38.504
  19.021    3.612   38.996
  20.212    4.625   39.070
   9.153   39.702    1.086
  10.181   40.514    0.759
  10.064   41.647    1.346
   9.034   41.753    2.086
   8.313   40.264    1.903
   7.701   40.803    2.556
   7.705   39.376    1.913
  10.749   42.392    1.220
   9.415   42.054    1.965
  30.470   29.903   43.598
  31.139   30.274   42.485
  30.733   29.603   41.471
  29.814   28.761   41.731
  29.593   28.972   43.367
  28.920   28.228   43.078
  29.307   28.963   44.405
  31.123   29.745   40.540
  30.062   28.898   41.319
  16.286   25.781   31.402
  17.516   26.337   31.426
  17.432   27.615   31.446
  16.241   28.065   31.438
  15.336   26.668   31.405
  14.651   27.456   31.410
  14.590   25.892   31.384
  18.261   28.209   31.465
  16.697   28.271   31.447
  43.421   18.150   47.319
  42.285   17.420   47.304
  42.485   16.289   46.735
  43.675   16.110   46.323
  44.419   17.532   46.761
  45.153   16.954   46.295
  45.068   18.369   46.960
  41.740   15.600   46.630
  43.255   15.839   46.317
   6.646   26.903   30.535
   6.187   27.093   31.790
   7.104   26.835   32.648
   8.212   26.468   32.141
   7.886   26.511   30.510
   8.879   26.202   30.597
   7.869   26.477   29.433
   6.942   26.923   33.652
   8.042   26.538   32.606
  46.187   37.216    7.428
  47.040   36.709    8.344
  47.930   37.576    8.659
  47.816   38.691    8.056
  46.477   38.439    7.099
  46.793   39.415    6.903
  45.644   38.470    6.417
  48.662   37.373    9.339
  48.131   38.503    8.395
  31.132   25.721   28.674
  30.601   25.146   29.775
  30.734   23.872   29.724
  31.319   23.444   28.678
  31.637   24.852   27.850
  32.012   24.078   27.258
  31.927   25.639   27.174
  30.392   23.265   30.470
  31.123   23.231   29.086
  46.874   42.317   37.235
  47.357   43.577   37.196
  48.638   43.569   37.234
  49.156   42.408   37.299
  47.814   41.422   37.301
  48.640   40.785   37.353
  47.083   40.632   37.313
  49.183   44.430   37.213
  49.335   42.874   37.284
  12.816   18.741   38.214
  12.531   19.858   37.511
  13.528   20.663   37.522
  14.537   20.243   38.176
  14.013   18.761   38.721
  14.986   18.873   39.082
  13.859   17.789   39.160
  13.500   21.562   37.042
  14.431   20.657   37.915
  24.108   12.586   32.797
  22.770   12.412   32.832
  22.170   13.543   32.881
  22.946   14.551   32.887
  24.450   13.840   32.822
  24.619   14.870   32.846
  25.493   13.573   32.784
  21.153   13.612   32.913
  22.451   14.487   32.900
   5.638   19.830   40.395
   5.642   20.950   41.149
   6.837   21.249   41.504
   7.729   20.447   41.079
   6.830   19.342   40.219
   7.823   19.031   40.138
   6.429   18.537   39.626
   7.039   22.067   42.080
   7.731   20.862   41.358
  10.160   41.229   25.801
   9.798   41.454   24.520
  10.694   42.141   23.914
  11.697   42.451   24.634
  11.310   41.758   26.097
  12.237   42.218   26.233
  11.238   41.387   27.106
  10.596   42.410   22.935
  11.564   42.534   24.160
  47.869   23.267   43.647
  46.574   23.345   44.023
  46.173   22.221   44.490
  47.058   21.307   44.497
  48.378   22.088   43.851
  48.691   21.113   44.053
  49.327   22.414   43.459
  45.219   22.087   44.826
  46.579   21.336   44.636
  13.802    8.614    3.224
  13.616    9.354    4.338
  12.961    8.689    5.216
  12.641    7.511    4.854
  13.278    7.428    3.319
  12.825    6.504    3.494
  13.613    7.184    2.325
  12.725    9.085    6.126
  12.572    7.785    5.266
  26.369   40.457   30.492
  25.439   41.101   29.756
  24.353   41.237   30.423
  24.391   40.748   31.597
  25.938   40.139   31.676
  25.498   39.929   32.599
  26.886   39.688   31.917
  23.534   41.701   30.030
  24.046   40.987   31.324
  38.419   10.433   16.296
  38.984   11.355   17.105
  38.601   11.186   18.316
  37.795   10.215   18.483
  37.639    9.616   16.938
  37.037    9.014   17.543
  37.411    9.091   16.025
  38.924   11.790   19.072
  38.005   10.556   18.782
  18.054   15.742    9.686
  18.814   15.130    8.752
  18.768   13.857    8.899
  18.037   13.464    9.864
  17.474   14.900   10.489
  17.056   14.146   11.077
  17.011   15.710   11.028
  19.280   13.226    8.284
  18.318   13.237    9.518
  27.586    8.047    3.613
  27.886    8.898    2.608
  26.819    9.414    2.122
  25.743    9.021    2.678
  26.308    7.965    3.834
  25.268    7.970    3.931
  26.475    7.258    4.628
  26.847   10.082    1.352
  25.854    9.336    2.306
  15.122   18.187   17.368
  15.426   16.872   17.369
  14.359   16.163   17.359
  13.279   16.837   17.351
  13.840   18.404   17.358
  12.798   18.470   17.350
  14.004   19.468   17.361
  14.389   15.144   17.358
  13.392   16.350   17.352
  28.182   25.145   36.822
  29.087   26.147   36.835
  30.279   25.677   36.831
  30.343   24.405   36.817
  28.737   23.970   36.809
  29.278   23.077   36.800
  27.770   23.496   36.802
  31.097   26.284   36.840
  30.678   24.776   36.822
  46.590   12.746   48.492
  47.720   13.404   48.158
  48.735   12.878   48.737
  48.460   11.880   49.479
  46.809   11.757   49.307
  47.090   10.990   49.957
  45.759   11.518   49.325
  49.679   13.241   48.605
  48.879   12.124   49.355
  49.204    6.773   17.515
  49.357    8.093   17.280
  48.224    8.642   17.040
  47.234    7.843   17.074
  47.963    6.392   17.440
  46.942    6.189   17.357
  48.244    5.378   17.668
  48.140    9.638   16.839
  47.291    8.332   16.987
   2.754   45.097   50.000
   1.440   44.928   49.741
   1.266   43.978   48.899
   2.340   43.420   48.505
   3.505   44.266   49.341
   4.017   43.558   48.769
   4.390   44.689   49.785
   0.337   43.703   48.581
   1.854   43.357   48.409
  10.325    6.370   34.210
  11.335    6.963   33.538
  12.462    6.457   33.881
  12.381    5.534   34.755
  10.741    5.448   35.026
  11.175    4.730   35.648
   9.729    5.243   35.335
  13.342    6.778   33.478
  12.755    5.754   34.506
  31.379   28.070   44.917
  32.060   29.146   45.363
  33.113   28.781   45.996
  33.278   27.521   46.062
  31.952   26.947   45.236
  32.489   26.105   45.540
  31.172   26.391   44.743
  33.756   29.458   46.407
  33.531   27.920   46.227
  25.328   23.220   32.446
  24.476   22.919   33.449
  23.382   22.442   32.982
  23.343   22.360   31.712
  24.834   22.955   31.273
  24.348   22.708   30.382
  25.735   23.303   30.797
  22.616   22.157   33.591
  23.027   22.249   32.084
  26.773   33.591   47.791
  27.159   32.383   48.255
  28.385   32.414   48.625
  28.952   33.544   48.477
  27.729   34.472   47.834
  28.558   35.101   47.910
  27.077   35.222   47.418
  28.854   31.592   49.006
  29.094   33.097   48.649
  19.212   12.050   26.989
  19.787   12.041   28.211
  20.209   10.866   28.500
  19.999    9.994   27.598
  19.229   10.882   26.420
  19.294    9.908   26.050
  18.726   11.279   25.554
  20.674   10.664   29.385
  20.212    9.990   28.050
   5.514   33.208   27.223
   6.377   33.954   27.943
   7.557   33.881   27.448
   7.650   33.142   26.415
   6.085   32.610   26.220
   6.637   32.176   25.447
   5.148   32.164   25.931
   8.346   34.381   27.859
   7.970   33.419   26.682
  21.133   36.970    5.586
  22.365   36.509    5.888
  23.080   37.440    6.402
  22.487   38.561    6.510
  20.981   38.226    5.887
  20.961   39.232    6.164
  19.967   38.206    5.525
  24.044   37.280    6.694
  22.944   38.390    6.622
   2.428    5.340   14.520
   1.828    6.378   15.141
   2.137    7.483   14.569
   2.917    7.359   13.571
   3.158    5.714   13.512
   3.714    6.115   12.725
   3.432    4.692   13.312
   1.777    8.379   14.898
   2.695    7.744   13.801
  33.298    8.990   18.769
  33.870    8.484   17.656
  34.693    9.326   17.151
  34.786   10.421   17.792
  33.718   10.188   19.047
  34.119   11.143   19.183
  33.084   10.226   19.916
  35.222    9.119   16.304
  34.998   10.234   17.380
   9.355   10.252   33.373
  10.545    9.955   32.808
  11.320   10.975   32.831
  10.812   12.012   33.366
   9.293   11.480   33.794
   9.345   12.478   34.095
   8.286   11.327   34.142
  12.265   10.942   32.448
  11.252   11.902   33.157
  47.091    4.953   40.863
  46.329    5.649   39.992
  45.988    4.910   39.002
  46.430    3.718   39.058
  47.286    3.724   40.486
  47.383    2.761   40.096
  47.879    3.533   41.364
  45.409    5.263   38.241
  46.148    3.975   38.736
  40.930    1.506    0.453
  39.716    1.954    0.838
  39.807    2.617    1.931
  40.988    2.704    2.398
  41.876    1.854    1.275
  42.558    2.183    1.993
  42.609    1.350    0.668
  38.991    3.035    2.377
  40.539    2.870    2.540
  16.853   33.444   16.242
  16.467   32.265   16.774
  15.251   32.328   17.174
  14.693   33.456   16.985
  15.909   34.337   16.266
  15.089   34.979   16.333
  16.558   35.058   15.798
  14.784   31.531   17.605
  14.550   33.020   17.182
  31.556   20.467   48.030
  30.409   20.975   48.528
  30.512   22.242   48.693
  31.641   22.727   48.360
  32.467   21.377   47.844
  33.126   22.178   47.732
  33.155   20.635   47.475
  29.744   22.801   49.062
  31.216   22.915   48.545
  31.003   18.027   28.939
  29.997   17.750   28.083
  29.078   18.639   28.167
  29.310   19.559   29.015
  30.791   19.110   29.626
  30.528   19.989   30.125
  31.731   18.988   30.138
  28.235   18.598   27.593
  28.937   19.456   28.698
   7.776   20.065   17.905
   8.892   20.318   17.188
   8.590   20.670   15.993
   7.340   20.702   15.754
   6.689   20.239   17.214
   5.879   20.406   16.577
   6.087   19.963   18.064
   9.304   20.902   15.303
   7.753   20.796   15.489
  26.768   11.617   47.757
  26.288   10.391   47.463
  27.232    9.525   47.465
  28.382    9.999   47.737
  28.051   11.614   47.967
  29.079   11.506   48.115
  28.039   12.675   48.151
  27.060    8.540   47.264
  28.203    9.545   47.628
  31.498   34.621    2.077
  31.464   33.273    2.134
  30.670   32.882    3.061
  30.107   33.824    3.705
  30.729   35.179    2.965
  30.085   35.527    3.710
  31.015   36.158    2.621
  30.515   31.892    3.254
  30.094   33.325    3.726
  20.231   20.465   44.876
  19.612   20.866   43.745
  18.969   21.957   43.946
  19.055   22.407   45.133
  20.023   21.273   45.872
  19.797   21.982   46.605
  20.627   20.657   46.517
  18.438   22.413   43.204
  18.826   22.556   44.714
  14.252   22.006   16.138
  14.886   23.111   15.692
  14.039   24.023   15.385
  12.823   23.693   15.564
  12.959   22.140   16.144
  11.936   22.347   16.112
  12.842   21.140   16.527
  14.333   24.932   15.029
  13.058   24.103   15.399
   6.280   42.166   19.048
   7.503   42.395   18.525
   7.954   43.529   18.914
   7.171   44.171   19.686
   5.870   43.140   19.805
   5.634   43.971   20.391
   4.949   42.617   20.005
   8.867   43.875   18.621
   7.624   44.256   19.492
  23.483   22.167   43.135
  24.180   21.059   42.805
  23.402   20.169   42.310
  22.180   20.517   42.241
  22.215   22.057   42.872
  21.218   21.869   42.625
  22.035   23.051   43.245
  23.750   19.261   42.001
  22.438   20.106   42.119
  22.494    4.874    9.663
  22.657    4.941   11.002
  22.702    3.765   11.509
  22.587    2.822   10.662
  22.425    3.651    9.229
  22.382    2.638    8.982
  22.308    4.001    8.217
  22.821    3.615   12.511
  22.648    2.847   11.158
  18.590   41.437    8.635
  17.829   40.481    8.060
  18.529   39.436    7.815
  19.751   39.528    8.158
  19.825   41.064    8.794
  20.789   40.671    8.877
  20.071   42.014    9.238
  18.124   38.607    7.381
  19.469   39.174    7.945
  16.227   17.891   40.609
  16.409   17.052   39.567
  17.233   17.555   38.724
  17.685   18.700   39.047
  16.923   18.983   40.500
  17.519   19.821   40.319
  16.533   19.343   41.437
  17.496   17.065   37.869
  17.752   18.390   38.661
  40.468   16.442   16.382
  39.505   15.552   16.703
  39.787   14.394   16.229
  40.880   14.343   15.580
  41.427   15.911   15.682
  42.142   15.392   15.127
  41.939   16.858   15.638
  39.174   13.591   16.370
  40.524   14.013   15.699
  22.874   44.701    7.485
  24.212   44.575    7.363
  24.622   43.518    7.962
  23.702   42.841    8.522
  22.341   43.732    8.169
  22.013   42.914    8.729
  21.362   44.163    8.046
  25.607   43.256    7.978
  24.197   42.794    8.477
  15.513   34.122   38.692
  14.529   35.038   38.568
  15.013   36.177   38.235
  16.279   36.192   38.100
  16.690   34.617   38.447
  17.586   35.108   38.232
  17.149   33.661   38.636
  14.420   36.994   38.094
  15.914   36.531   38.053
  28.702    5.254    8.912
  29.955    5.587    8.535
  30.268    6.745    8.985
  29.354    7.309    9.668
  28.133    6.179    9.627
  27.768    6.978   10.191
  27.240    5.583    9.715
  31.178    7.166    8.802
  29.818    7.432    9.529
  30.825   21.909   33.887
  30.493   22.200   35.163
  31.539   22.244   35.902
  32.628   22.010   35.287
  32.105   21.749   33.728
  33.144   21.640   33.706
  31.966   21.551   32.679
  31.485   22.451   36.899
  32.505   22.118   35.759
  25.151    0.052   20.476
  23.875    0.027   20.916
  23.565    1.145   21.462
  24.503    2.006   21.468
  25.739    1.187   20.713
  26.119    2.131   20.948
  26.646    0.831   20.254
  22.639    1.314   21.854
  24.030    1.996   21.631
  22.710   29.913   42.933
  22.652   29.515   44.222
  21.933   28.460   44.335
  21.448   28.033   43.238
  22.032   29.138   42.139
  21.463   28.458   41.589
  22.308   29.741   41.290
  21.774   28.011   45.237
  21.426   27.886   43.715
  17.789    5.891   49.067
  17.912    4.765   48.333
  19.119    4.622   47.926
  19.911    5.547   48.293
  18.910    6.541   49.176
  19.854    6.986   49.203
  18.430    7.298   49.773
  19.404    3.826   47.356
  19.957    5.130   48.022
  31.742   15.126   39.559
  30.679   15.305   40.372
  29.805   14.388   40.178
  30.123   13.537   39.287
  31.615   14.083   38.793
  31.418   13.230   38.224
  32.576   14.276   38.345
  28.931   14.358   40.703
  29.729   13.603   39.588
  10.187   36.615    5.108
   9.242   35.714    5.450
   8.574   35.349    4.419
   8.940   35.901    3.332
  10.184   36.884    3.836
  10.100   37.030    2.805
  11.002   37.573    3.964
   7.816   34.670    4.482
   8.590   35.567    3.459
  27.139   28.022   17.351
  28.092   28.180   18.294
  29.039   27.333   18.124
  28.876   26.554   17.132
  27.416   27.064   16.516
  27.730   26.279   15.903
  26.501   27.246   15.979
  29.849   27.301   18.743
  29.229   26.612   17.481
  23.596   17.249   44.137
  24.122   18.446   44.475
  23.211   19.347   44.496
  22.046   18.926   44.203
  22.316   17.308   43.921
  21.294   17.461   43.770
  22.289   16.254   43.702
  23.419   20.318   44.731
  22.241   19.369   44.328
  20.795    2.881    1.626
  21.971    2.794    2.283
  21.965    1.796    3.087
  20.882    1.127    3.088
  19.961    1.944    1.968
  19.368    1.156    2.309
  19.223    2.332    1.286
  22.770    1.570    3.671
  21.318    1.095    3.331
  14.661   12.430   37.605
  14.771   12.603   36.270
  15.343   11.590   35.732
  15.671   10.673   36.551
  15.155   11.297   38.005
  15.576   10.367   38.224
  14.895   11.526   39.025
  15.515   11.539   34.728
  15.712   10.736   36.057
  42.000   39.372   39.522
  42.675   39.550   40.678
  43.141   40.742   40.748
  42.871   41.473   39.742
  41.990   40.439   38.780
  42.041   41.343   38.261
  41.410   39.930   38.029
  43.681   41.062   41.551
  43.121   41.539   40.170
  18.583   24.780   22.975
  19.146   24.254   24.083
  19.037   25.063   25.071
  18.438   26.152   24.796
  18.077   25.960   23.183
  17.704   26.897   23.452
  17.759   26.022   22.156
  19.404   24.836   25.995
  18.647   25.957   25.207
  44.097   43.477    5.590
  44.320   42.712    4.500
  43.211   42.308    3.999
  42.176   42.707    4.623
  42.832   43.612    5.856
  41.797   43.658    5.984
  43.061   44.228    6.709
  43.179   41.717    3.169
  42.258   42.423    4.219
   3.054   11.681   16.167
   1.754   11.539   15.834
   1.012   11.602   16.877
   1.648   11.780   17.965
   3.228   11.845   17.445
   3.260   11.969   18.481
   4.294   11.914   17.307
  -0.002   11.514   16.823
   1.167   11.727   17.842
   1.011   23.285   49.293
   0.717   24.595   49.148
   1.733   25.319   49.437
   2.766   24.662   49.787
   2.235   23.088   49.685
   3.229   23.038   49.998
   2.081   22.022   49.680
   1.701   26.337   49.386
   2.657   25.147   49.733
  12.854   33.559   49.697
  11.523   33.757   49.583
  10.898   32.639   49.608
  11.649   31.618   49.731
  13.165   32.301   49.802
  13.309   31.270   49.880
  14.211   32.549   49.866
   9.882   32.588   49.535
  11.156   31.692   49.689
  10.461   17.288   30.645
  11.387   18.233   30.909
  12.324   17.753   31.641
  12.177   16.526   31.947
  10.745   16.142   31.190
  11.062   15.270   31.667
   9.849   15.707   30.780
  13.115   18.321   31.944
  12.520   16.876   32.045
   6.085    7.373   18.281
   5.298    6.296   18.486
   6.009    5.268   18.772
   7.262    5.485   18.799
   7.349    7.104   18.423
   8.334    6.786   18.558
   7.608    8.125   18.198
   5.588    4.358   18.961
   6.971    5.086   18.875
   2.037   31.711   27.803
   1.093   31.122   28.567
   0.719   30.013   28.044
   1.304   29.721   26.952
   2.327   31.017   26.742
   2.488   30.388   25.925
   3.046   31.758   26.435
   0.010   29.424   28.481
   0.955   29.503   27.235
   8.931   44.881   45.317
  10.185   45.065   45.783
  10.364   46.287   46.124
   9.349   47.036   45.954
   8.228   45.974   45.331
   7.750   46.901   45.382
   7.379   45.452   44.923
  11.253   46.617   46.501
   9.813   47.104   46.126
  14.509   44.329   15.216
  13.715   44.977   14.337
  13.634   44.324   13.237
  14.300   43.240   13.218
  14.986   43.219   14.735
  15.314   42.351   14.257
  15.513   43.028   15.654
  13.076   44.660   12.452
  14.006   43.480   12.893
  16.564   29.476   41.320
  16.802   28.980   42.553
  16.728   27.701   42.545
  16.454   27.196   41.409
  16.322   28.546   40.445
  16.141   27.728   39.822
  16.197   29.285   39.671
  16.879   27.148   43.388
  16.542   27.012   41.866
   7.624   27.921   20.034
   6.441   28.559   20.157
   5.213   27.857   20.214
   3.986   28.518   20.341
   3.942   29.905   20.416
   8.808   27.284   19.911
  10.036   27.986   19.854
   3.247   29.702   21.362
   3.110   29.794   19.570
   3.891   31.068   20.480
  10.867   28.096   20.701
  10.731   28.189   18.908
  10.324   27.262   19.795
  38.470   10.500   25.984
  39.021    9.910   24.902
  38.257    9.131   24.001
  38.828    8.519   22.879
  40.185    8.665   22.618
  37.918   11.089   27.066
  38.683   11.868   27.967
  39.811    8.950   21.523
  40.157    7.479   22.501
  41.322    8.779   22.386
  38.711   13.054   28.083
  39.057   11.583   29.061
  37.992   11.942   28.323
  10.763   22.179   20.100
  10.189   22.673   18.982
   9.002   22.122   18.443
   8.407   22.633   17.283
   8.977   23.714   16.622
  11.337   21.686   21.218
  12.523   22.237   21.758
   7.870   24.154   16.660
   8.850   23.025   15.659
   9.445   24.621   16.058
  12.650   22.926   22.722
  13.630   21.797   21.720
  12.417   21.674   22.289
  27.321   46.464   32.939
  26.041   46.158   32.639
  25.543   44.837   32.737
  24.215   44.521   32.426
  23.338   45.513   32.006
  28.602   46.769   33.239
  29.100   48.090   33.141
  22.621   45.050   32.837
  23.094   44.745   31.128
  22.592   46.337   31.652
  29.344   48.858   34.019
  29.817   48.553   32.310
  29.758   47.746   33.385
  14.900    8.016   16.571
  13.996    7.170   16.032
  12.757    7.623   15.520
  11.820    6.746   14.962
  12.088    5.384   14.896
  15.804    8.862   17.109
  17.043    8.409   17.621
  11.755    5.506   13.758
  11.003    5.280   15.378
  12.300    4.239   14.835
  18.128    8.513   17.140
  17.375    8.287   18.759
  17.138    9.169   17.772
   8.579   40.437   28.416
   8.468   41.324   27.404
   9.092   42.594   27.448
   8.978   43.513   26.398
   8.235   43.197   25.268
   8.690   39.551   29.428
   8.066   38.281   29.384
   9.206   43.566   24.685
   7.736   44.262   25.456
   7.614   42.944   24.314
   8.564   37.215   29.196
   7.094   37.912   29.967
   8.401   38.211   30.086
  37.883    8.922    7.610
  36.552    8.701    7.553
  35.722    8.827    8.691
  34.342    8.599    8.632
  33.743    8.236    7.432
  39.214    9.142    7.667
  40.045    9.016    6.529
  32.978    9.110    7.699
  33.249    7.374    8.089
  33.228    7.931    6.431
  40.539    9.878    5.872
  40.810    8.142    6.262
  40.598    9.217    7.042
  37.069   10.707   46.478
  36.614    9.549   45.954
  36.392    8.401   46.751
  35.921    7.200   46.207
  35.655    7.104   44.847
  37.523   11.866   47.002
  37.745   13.013   46.205
  34.619    6.645   45.214
  36.313    6.113   44.921
  35.428    7.010   43.707
  37.087   14.004   46.131
  38.781   13.473   45.838
  37.959   13.318   46.891
  17.640   32.920   12.926
  16.622   32.131   13.331
  16.721   30.720   13.333
  15.665   29.902   13.754
  14.473   30.467   14.188
  18.658   33.708   12.520
  18.559   35.120   12.518
  14.615   29.735   15.117
  13.980   29.688   13.434
  13.467   30.929   14.555
  19.052   35.899   13.273
  18.417   35.852   11.589
  19.289   35.064   12.244
  28.793   29.245   31.290
  28.386   30.282   32.052
  27.018   30.608   32.207
  26.596   31.684   32.997
  27.527   32.472   33.661
  29.200   28.207   30.529
  30.569   27.881   30.374
  26.821   32.285   34.602
  26.919   33.373   33.172
  28.298   33.142   34.223
  31.177   26.980   30.863
  31.275   28.069   29.433
  30.274   27.316   29.924
   7.820   24.723   21.462
   9.138   24.910   21.233
  10.080   23.864   21.381
  11.446   24.058   21.144
  11.919   25.304   20.751
   6.503   24.537   21.690
   5.561   25.582   21.543
  12.475   24.681   19.901
  12.709   25.135   21.627
  12.329   26.344   20.421
   4.770   25.751   20.667
   5.005   26.205   22.393
   5.063   25.020   21.759
  18.525    7.147   14.720
  17.267    6.875   14.310
  16.942    5.676   13.633
  15.638    5.394   13.208
  14.613    6.302   13.445
  19.782    7.418   15.129
  20.108    8.617   15.806
  14.039    5.346   13.864
  14.380    6.143   12.287
  13.744    7.055   13.637
  20.341    8.776   16.964
  20.682    9.574   15.387
  20.822    8.301   15.801
  46.714    4.620   11.592
  45.644    3.807   11.715
  45.771    2.455   12.114
  44.660    1.612   12.242
  43.384    2.090   11.975
  47.785    5.433   11.469
  47.658    6.785   11.070
  43.121    1.600   13.029
  43.296    1.108   11.306
  42.306    2.479   11.755
  47.746    7.767   11.739
  47.921    7.275   10.016
  48.435    6.771   11.153
  13.911   42.366   10.817
  14.688   43.471   10.801
  14.183   44.737   10.419
  14.988   45.882   10.403
  16.326   45.803   10.768
  13.135   41.262   10.832
  13.640   39.996   11.214
  16.058   46.734   11.461
  16.505   46.396    9.751
  17.451   45.750   11.072
  13.461   39.402   12.231
  13.908   39.065   10.521
  12.905   39.777   11.065
  26.790    4.665   12.516
  27.031    5.975   12.295
  28.345    6.499   12.259
  28.596    7.857   12.030
  27.542    8.739   11.827
  26.548    3.355   12.737
  25.234    2.831   12.773
  28.179    9.080   10.880
  28.102    9.394   12.651
  26.666    9.490   11.656
  24.674    2.176   11.949
  24.597    2.490   13.720
  25.618    2.164   12.908
  12.079   31.185   23.052
  11.660   30.155   23.817
  10.689   30.323   24.833
  10.254   29.254   25.627
  10.774   27.981   25.433
  12.498   32.216   22.286
  13.469   32.048   21.270
   9.628   27.655   25.425
  10.933   28.007   26.613
  11.203   26.907   25.280
  13.310   32.022   20.090
  14.615   32.374   21.278
  13.348   32.814   21.176
  34.840   35.712   25.650
  35.312   36.935   25.327
  36.675   37.156   25.018
  37.164   38.424   24.683
  36.308   39.517   24.647
  34.368   34.489   25.972
  33.004   34.269   26.282
  36.805   39.707   23.581
  37.147   40.032   25.318
  35.600   40.444   24.612
  32.165   33.754   25.611
  32.507   34.080   27.348
  33.253   33.534   26.371
  20.917    1.852   42.095
  20.138    2.761   42.720
  18.993    2.384   43.460
  18.185    3.326   44.109
  18.495    4.679   44.040
  21.696    0.944   41.470
  22.841    1.321   40.729
  18.356    4.638   45.223
  17.347    4.793   43.740
  18.743    5.817   43.990
  23.989    1.206   41.029
  22.980    1.362   39.546
  22.890    0.549   40.615
  21.444   10.884   23.665
  20.914    9.788   24.249
  20.233    8.796   23.504
  19.683    7.660   24.109
  19.794    7.475   25.482
  21.975   11.979   23.081
  22.655   12.971   23.826
  20.173    6.388   25.173
  18.622    7.269   25.418
  19.880    7.308   26.633
  23.827   13.177   23.890
  22.277   14.058   24.135
  22.730   13.298   23.121
  40.794   18.483    7.262
  41.458   19.656    7.178
  42.599   19.930    7.968
  43.288   21.146    7.881
  42.858   22.131    7.001
  40.130   17.310    7.346
  38.989   17.037    6.556
  44.003   22.151    6.669
  42.948   22.840    7.955
  42.509   22.967    6.267
  38.899   16.329    5.602
  37.844   17.017    6.888
  39.016   16.358    6.942
   2.645    9.370   46.583
   3.748    9.224   47.348
   3.828    9.752   48.658
   4.972    9.600   49.451
   6.077    8.914   48.961
   1.542    9.517   45.819
   1.461    8.988   44.509
   6.014    8.334   50.000
   6.676    9.872   49.339
   7.011    8.341   48.563
   0.862    8.031   44.131
   1.524    9.568   43.470
   0.749    9.308   44.538
  41.548   48.153   10.817
  40.203   48.158   10.697
  39.476   46.991   10.365
  38.081   46.996   10.240
  37.365   48.169   10.444
  42.893   48.148   10.937
  43.620   49.315   11.270
  36.696   47.484   11.154
  36.854   47.883    9.406
  36.751   49.146   10.612
  44.131   49.601   12.308
  44.289   50.001   10.560
  44.226   48.826   11.212
  37.159   29.580   43.276
  37.149   28.978   44.484
  36.903   29.696   45.679
  36.894   29.072   46.931
  37.130   27.706   47.035
  37.168   30.182   42.068
  37.414   29.464   40.874
  36.143   27.718   47.704
  37.907   28.036   47.876
  37.326   26.561   47.136
  36.637   29.134   40.033
  38.401   29.452   40.205
  37.318   30.171   40.555
   4.806   34.644   21.802
   3.477   34.410   21.804
   2.530   35.462   21.812
   1.151   35.219   21.814
   0.670   33.916   21.809
   6.136   34.878   21.800
   7.082   33.827   21.792
  -0.010   34.310   20.912
  -0.005   34.300   22.712
   0.252   32.827   21.804
   7.758   33.443   20.888
   7.762   33.433   22.688
   7.587   34.423   21.794
  29.953   44.096   19.175
  29.721   43.178   18.212
  30.182   41.845   18.321
  29.941   40.893   17.322
  29.231   41.241   16.180
  30.184   45.014   20.137
  29.724   46.347   20.029
  28.606   40.258   16.427
  30.143   40.723   15.613
  28.637   41.520   15.216
  28.813   46.866   20.596
  30.349   47.331   19.782
  30.072   46.412   20.725
   6.709   45.875   36.918
   6.562   44.737   36.206
   5.548   43.795   36.501
   5.395   42.615   35.763
   6.251   42.335   34.705
   6.857   47.013   37.629
   7.870   47.955   37.335
   5.238   42.125   34.112
   6.355   41.275   35.239
   6.962   42.088   33.814
   7.766   49.015   36.800
   8.883   48.165   37.927
   7.548   48.332   37.938
  24.843   39.543   27.374
  25.782   40.406   26.931
  26.938   39.968   26.243
  27.912   40.863   25.784
  27.765   42.228   25.998
  23.904   38.680   27.816
  22.748   39.118   28.505
  28.009   42.304   24.834
  28.884   42.154   26.399
  27.654   43.376   26.170
  21.628   39.192   28.103
  22.504   39.041   29.669
  22.595   38.352   28.517
  33.937   31.830    4.803
  33.495   31.575    3.553
  34.024   30.520    2.772
  33.566   30.255    1.476
  32.563   31.035    0.914
  34.378   32.086    6.053
  33.849   33.140    6.834
  32.068   29.983    0.656
  33.311   31.101   -0.011
  31.722   31.682    0.431
  33.101   33.075    7.760
  34.344   34.193    7.092
  34.368   32.873    7.354
   8.535   37.113   42.153
   8.463   37.605   40.898
   9.497   38.396   40.342
   9.423   38.906   39.041
   8.312   38.645   38.249
   8.606   36.620   43.408
   7.572   35.830   43.964
   9.126   38.336   37.435
   8.328   39.822   38.064
   7.385   38.434   37.573
   7.556   34.653   44.148
   6.758   36.139   44.777
   8.052   35.827   44.580
  47.396    4.682    2.234
  46.755    3.507    2.414
  47.115    2.607    3.445
  46.450    1.389    3.632
  45.402    1.028    2.795
  48.037    5.856    2.054
  47.678    6.756    1.023
  44.832    0.806    3.818
  45.998   -0.000    2.707
  44.521    0.713    2.099
  47.082    7.785    1.110
  48.247    6.978   -0.000
  48.261    7.175    1.331
  22.143    2.653   29.691
  23.163    3.326   29.118
  23.107    3.774   27.777
  24.165    4.472   27.183
  25.317    4.747   27.909
  21.122    1.980   30.264
  21.178    1.532   31.605
  25.152    5.855   27.503
  25.870    4.299   26.953
  26.290    4.985   28.507
  20.626    1.981   32.561
  21.343    0.424   32.011
  20.465    1.264   31.434
   8.065   20.152   27.971
   6.815   20.245   27.469
   6.334   19.349   26.485
   5.038   19.445   25.964
   4.177   20.440   26.409
   9.315   20.060   28.473
   9.796   20.956   29.458
   3.410   19.537   26.539
   4.011   20.636   25.245
   3.444   21.270   26.774
   9.962   20.760   30.621
  10.563   21.858   29.328
  10.440   20.520   29.387
   4.315   20.480   14.218
   4.743   21.617   13.629
   3.935   22.340   12.720
   4.379   23.519   12.108
   5.647   24.016   12.385
   3.886   19.343   14.808
   4.694   18.620   15.717
   5.064   25.040   12.562
   5.739   24.079   11.198
   6.708   24.444   12.608
   4.602   18.557   16.903
   5.277   17.596   15.539
   4.068   18.153   15.736
  23.337   43.367   35.914
  23.505   42.057   36.190
  22.407   41.185   36.385
  22.581   39.826   36.672
  23.859   39.289   36.773
  23.169   44.678   35.638
  24.267   45.550   35.443
  23.429   38.461   36.032
  23.446   38.833   37.793
  24.926   38.826   36.860
  24.680   46.006   34.422
  24.697   46.379   36.183
  23.696   46.073   35.338
  38.133   31.592   15.428
  38.570   30.386   15.007
  38.954   29.370   15.913
  39.407   28.119   15.477
  39.491   27.840   14.119
  37.696   32.799   15.849
  37.312   33.815   14.943
  38.900   26.850   14.418
  40.590   27.469   14.396
  39.567   27.593   12.981
  36.214   34.186   14.666
  37.904   34.805   14.644
  37.177   34.207   15.605
  33.500   13.940    0.780
  32.793   15.087    0.866
  31.714   15.370   -0.006
  30.980   16.558    0.084
  31.298   17.507    1.048
  34.208   12.794    0.694
  35.287   12.511    1.565
  30.130   17.474    1.279
  31.267   18.263    0.128
  31.555   18.311    1.853
  35.318   11.755    2.485
  36.455   12.543    1.335
  35.316   11.854    1.144
  23.437   16.259    3.442
  22.542   15.420    4.005
  21.461   15.891    4.788
  20.533   15.021    5.372
  20.652   13.649    5.194
  24.332   17.098    2.878
  25.412   16.626    2.096
  19.499   13.717    4.902
  20.523   13.616    6.379
  20.740   12.494    5.054
  25.541   16.659    0.912
  26.566   16.558    2.388
  25.567   17.390    2.041
   6.686   20.848   37.917
   5.474   20.943   38.503
   4.710   22.133   38.458
   3.453   22.231   39.066
   2.914   21.143   39.741
   7.899   20.754   37.331
   8.663   19.564   37.376
   1.948   21.380   39.085
   2.728   21.938   40.608
   2.451   20.237   40.310
   8.849   18.768   36.509
   9.629   19.327   38.032
   9.164   19.995   36.961
  17.311   30.652    7.689
  18.600   30.962    7.437
  19.523   30.001    6.960
  20.861   30.323    6.699
  21.322   31.617    6.906
  16.021   30.341    7.940
  15.098   31.302    8.417
  21.765   31.495    5.806
  22.198   31.071    7.501
  21.723   32.699    7.075
  14.222   31.848    7.822
  14.655   31.423    9.516
  14.611   30.692    8.388
  43.442   29.585    3.854
  43.631   30.824    4.356
  44.823   31.551    4.130
  45.019   32.836    4.650
  44.030   33.439    5.415
  43.253   28.346    3.352
  42.060   27.619    3.579
  44.208   34.363    4.683
  44.925   33.650    6.173
  43.207   33.958    6.059
  41.164   27.408    2.822
  41.882   26.696    4.311
  42.430   27.084    3.145
  28.335   35.068    0.898
  29.518   35.719    0.898
  29.597   37.132    0.898
  30.823   37.806    0.898
  32.015   37.092    0.898
  27.152   34.417    0.899
  27.073   33.005    0.899
  32.300   37.819    1.798
  32.300   37.819   -0.002
  33.023   36.505    0.898
  26.789   32.277    1.799
  26.788   32.277   -0.001
  26.307   33.153    0.899
  10.988   17.131   21.149
  10.851   15.976   21.834
   9.612   15.297   21.920
   9.470   14.099   22.630
  10.562   13.537   23.280
  11.124   18.287   20.465
  12.363   18.966   20.379
  10.220   12.543   22.718
   9.814   13.473   24.205
  11.470   13.054   23.830
  13.111   19.030   19.454
  12.705   19.959   20.941
  11.939   19.464   19.952
  43.010    9.567   11.322
  43.933    9.362   10.359
  45.058   10.207   10.207
  46.016    9.995    9.208
  45.883    8.930    8.326
  42.086    9.772   12.285
  40.961    8.927   12.437
  47.018    8.715    8.619
  46.079    9.763    7.496
  45.784    8.040    7.579
  40.765    8.094   13.267
  39.826    9.142   12.144
  40.806    9.417   13.025
  10.132    9.701   37.212
   8.904    9.773   37.767
   8.258    8.637   38.310
   6.984    8.713   38.885
   6.310    9.927   38.938
  11.361    9.628   36.657
  12.007   10.764   36.114
   6.151    9.640   40.084
   5.407    9.297   38.481
   5.734   10.939   38.990
  12.910   11.394   36.571
  12.165   11.051   34.968
  12.568   10.242   35.965
  12.541   45.102   32.693
  12.844   46.418   32.676
  14.146   46.884   32.381
  14.460   48.249   32.364
  13.481   49.195   32.641
  12.239   43.786   32.709
  10.937   43.320   33.004
  13.877   49.707   31.641
  14.300   49.632   33.389
  12.670   50.000   32.872
  10.118   42.882   32.256
  10.541   42.807   34.005
  11.275   42.625   32.892
  29.213   41.864    9.314
  29.807   43.056    9.095
  30.637   43.286    7.972
  31.253   44.523    7.745
  31.061   45.574    8.634
  28.619   40.671    9.532
  27.790   40.441   10.655
  30.817   46.193    7.646
  32.249   45.654    8.593
  30.908   46.464    9.371
  26.601   40.361   10.696
  28.034   39.821   11.643
  27.734   39.731   10.335
  41.888   10.956   25.603
  40.921   10.099   25.994
  41.193    8.738   26.270
  40.190    7.849   26.675
  38.880    8.289   26.819
  42.855   11.814   25.213
  42.583   13.175   24.937
  38.952    7.746   27.877
  38.623    7.332   26.157
  37.777    8.645   26.944
  42.840   14.132   25.599
  42.512   13.718   23.878
  43.350   13.187   24.788
  40.583   15.779   35.243
  40.192   14.955   36.238
  41.094   14.076   36.883
  40.688   13.222   37.915
  39.365   13.215   38.338
  40.975   16.603   34.248
  40.073   17.482   33.603
  39.848   13.313   39.423
  39.468   12.034   38.215
  38.258   13.199   38.703
  39.970   18.663   33.727
  39.590   17.384   32.518
  40.713   17.673   33.199
   4.795   28.841   18.242
   3.882   27.847   18.249
   4.258   26.483   18.243
   3.311   25.452   18.251
   1.954   25.748   18.266
   5.708   29.836   18.234
   5.332   31.200   18.240
   1.926   24.966   19.165
   1.907   24.970   17.365
   0.812   25.983   18.278
   5.379   31.978   19.141
   5.360   31.981   17.342
   6.106   31.303   18.233
  37.754   27.885    4.124
  38.495   27.529    3.053
  38.869   26.186    2.812
  39.637   25.818    1.701
  40.058   26.779    0.791
  37.014   28.240    5.196
  36.640   29.583    5.437
  39.620   26.021   -0.016
  41.124   26.267    0.942
  40.419   27.576    0.020
  35.575   30.096    5.287
  37.079   30.342    6.245
  36.295   29.264    6.061
  23.329   24.820   21.821
  23.574   23.578   22.289
  23.083   22.421   21.637
  23.336   21.133   22.122
  24.089   20.954   23.275
  23.085   26.063   21.354
  23.576   27.219   22.006
  24.687   20.169   22.608
  23.186   20.247   23.599
  24.719   20.790   24.243
  24.479   27.927   21.682
  22.978   28.005   22.673
  23.207   27.578   21.418
  37.515   32.932   18.045
  36.176   32.884   17.883
  35.399   34.054   17.708
  34.010   34.004   17.540
  33.348   32.783   17.540
  38.854   32.980   18.207
  39.631   31.810   18.382
  32.849   33.200   16.542
  32.629   33.320   18.324
  32.780   31.764   17.538
  40.350   31.273   17.598
  40.130   31.393   19.380
  40.213   32.330   18.418
  39.881    3.193    4.615
  41.226    3.299    4.640
  42.067    2.162    4.696
  43.463    2.272    4.721
  44.067    3.522    4.691
  38.535    3.087    4.591
  37.694    4.224    4.535
  44.723    3.040    3.821
  44.685    3.102    5.619
  44.588    4.565    4.667
  37.076    4.644    3.607
  37.039    4.705    5.405
  37.135    3.678    4.541
  17.287   34.545   23.275
  18.285   35.402   22.972
  18.179   36.332   21.911
  19.215   37.221   21.597
  20.393   37.210   22.333
  16.288   33.689   23.578
  16.394   32.759   24.640
  20.213   38.387   22.392
  20.910   37.174   21.259
  21.387   37.213   22.942
  15.878   32.795   25.713
  16.574   31.582   24.580
  15.675   32.567   24.402
  20.183   15.469   33.584
  20.307   15.886   32.306
  21.043   15.152   31.346
  21.171   15.584   30.021
  20.569   16.766   29.608
  20.059   15.052   34.862
  19.323   15.786   35.823
  20.158   16.093   28.715
  21.645   17.005   29.157
  20.068   17.756   29.249
  18.247   15.547   36.274
  19.734   16.459   36.716
  19.546   15.198   36.286
  41.625   28.293   23.052
  42.658   28.780   23.773
  42.467   29.713   24.820
  43.537   30.218   25.568
  44.836   29.809   25.295
  40.593   27.806   22.331
  40.784   26.873   21.284
  44.887   29.624   26.472
  45.067   30.978   25.299
  45.932   29.474   25.077
  40.554   25.704   21.280
  40.734   27.058   20.108
  40.007   26.933   21.233
   4.968   40.655   43.229
   4.989   41.994   43.052
   4.031   42.845   43.652
   4.053   44.233   43.468
   5.034   44.819   42.678
   4.947   39.317   43.406
   5.904   38.466   42.806
   5.169   45.546   43.612
   4.109   45.371   42.168
   5.851   45.323   42.016
   6.829   37.914   43.316
   5.769   37.739   41.872
   5.491   37.916   43.176
   7.281   37.900   12.909
   8.420   37.281   12.534
   9.059   36.323   13.356
  10.241   35.681   12.966
  10.825   35.974   11.741
   6.142   38.520   13.285
   5.503   39.478   12.462
  10.851   34.789   11.617
  11.817   36.096   12.390
  11.327   36.210   10.715
   4.511   39.356   11.813
   5.477   40.663   12.587
   4.999   39.497   13.059
  29.734   30.956   38.960
  28.937   29.919   38.626
  27.779   30.089   37.830
  26.953   29.013   37.482
  27.256   27.729   37.919
  30.530   31.994   39.295
  31.688   31.824   40.091
  27.094   27.442   36.773
  26.113   27.716   38.258
  27.498   26.646   38.278
  32.830   31.837   39.752
  31.850   32.111   41.236
  31.744   32.596   39.986
  34.235   23.980   41.425
  34.566   24.194   42.716
  35.859   24.623   43.097
  36.202   24.845   44.436
  35.265   24.645   45.442
  33.904   23.766   40.134
  32.610   23.336   39.752
  35.611   25.727   45.801
  36.137   24.012   45.950
  34.487   24.481   46.296
  31.738   23.969   39.244
  32.264   22.254   39.393
  32.926   23.371   39.038
  17.207   25.183   34.868
  16.612   26.163   35.581
  16.998   26.463   36.909
  16.381   27.479   37.649
  15.357   28.231   37.088
  17.802   24.204   34.154
  17.416   23.904   32.826
  15.995   29.156   37.484
  14.787   27.973   38.102
  14.496   28.870   36.629
  17.986   24.161   31.812
  16.778   22.978   32.430
  17.979   23.366   32.897
  16.794   46.703   42.259
  17.448   45.545   42.491
  16.761   44.325   42.697
  17.439   43.124   42.938
  18.828   43.100   42.981
  16.140   47.862   42.027
  16.826   49.082   41.821
  18.706   42.182   42.232
  18.656   42.508   44.001
  19.993   43.066   43.021
  16.998   49.674   40.801
  16.948   50.000   42.571
  16.098   49.356   41.750
  32.089    3.451   40.560
  33.162    4.255   40.718
  34.485    3.783   40.545
  35.597    4.617   40.709
  35.426    5.953   41.052
  31.016    2.647   40.401
  29.693    3.119   40.574
  36.171    6.146   40.141
  36.242    5.708   41.886
  35.298    7.075   41.339
  28.878    3.363   39.740
  28.949    2.925   41.484
  29.519    2.379   40.395
  16.639   40.662   27.137
  16.717   40.444   25.807
  16.673   39.140   25.257
  16.754   38.914   23.878
  16.881   39.982   22.999
  16.561   40.881   28.467
  16.605   42.184   29.016
  15.983   39.449   22.425
  17.775   39.336   22.549
  16.988   40.870   22.251
  15.710   42.830   29.467
  17.502   42.717   29.590
  16.534   41.789   29.686
   5.215   30.764   30.688
   4.938   31.490   31.793
   4.857   30.899   33.076
   4.571   31.651   34.222
   4.355   33.020   34.125
   5.491   30.039   29.583
   5.572   30.629   28.300
   5.142   33.076   35.018
   3.383   32.782   34.772
   4.172   34.170   34.057
   6.544   30.868   27.653
   4.785   30.573   27.406
   5.725   29.893   28.088
   3.498   35.188   10.367
   4.481   34.351   10.763
   4.205   33.133   11.429
   5.224   32.265   11.839
   6.555   32.584   11.599
   2.516   36.025    9.971
   2.791   37.243    9.306
   6.607   31.474   11.167
   6.691   32.322   12.753
   7.676   32.839   11.403
   2.655   37.505    8.151
   2.738   38.353    9.737
   2.012   37.302    9.316
  23.798   34.567    9.699
  24.939   34.269    9.040
  26.047   35.149    9.025
  27.230   34.841    8.342
  27.346   33.642    7.650
  22.658   34.864   10.358
  21.550   33.984   10.373
  28.375   33.549    8.243
  27.726   34.341    6.763
  27.457   32.639    7.065
  21.170   33.285   11.260
  20.521   34.077    9.780
  21.241   34.552   10.812
  20.640   38.648   30.897
  19.586   38.414   30.086
  19.189   39.335   29.087
  18.097   39.092   28.246
  17.362   37.920   28.374
  21.693   38.882   31.708
  22.090   37.961   32.706
  17.517   37.848   27.194
  16.428   38.659   28.375
  16.737   36.940   28.470
  23.025   37.222   32.704
  21.935   38.033   33.886
  22.637   38.503   32.838
  41.588    2.373   45.041
  40.759    2.700   44.028
  40.403    4.042   43.754
  39.543    4.382   42.703
  39.008    3.392   41.888
  42.418    2.045   46.055
  42.773    0.703   46.329
  39.389    4.095   41.004
  37.977    3.947   42.112
  38.552    2.571   41.197
  43.804    0.148   46.105
  42.392   -0.000   47.212
  43.186    1.041   46.899
  42.452   34.984   43.073
  41.112   35.130   43.159
  40.241   34.020   43.264
  38.852   34.172   43.353
  38.285   35.440   43.341
  43.791   34.837   42.987
  44.662   35.947   42.882
  37.698   35.045   44.300
  37.575   34.972   42.506
  37.796   36.499   43.332
  45.371   36.415   43.718
  45.248   36.343   41.923
  45.204   35.386   42.868
  25.401   30.283   16.077
  26.671   30.695   16.275
  27.781   29.856   16.015
  29.098   30.283   16.220
  29.353   31.564   16.694
  24.130   29.871   15.879
  23.021   30.710   16.140
  30.118   31.609   15.781
  30.053   30.997   17.473
  29.581   32.637   17.090
  22.321   31.278   15.360
  22.255   30.666   17.052
  22.625   30.082   15.897
  46.333   33.131   12.298
  47.246   33.445   11.354
  47.355   34.751   10.821
  48.301   35.077    9.842
  49.173   34.108    9.361
  45.420   32.817   13.241
  45.312   31.510   13.774
  50.004   34.932    9.582
  48.820   34.506    8.295
  49.910   33.304    8.949
  45.664   31.112   14.841
  44.480   30.686   13.554
  44.740   31.842   14.190
   4.450   43.486    2.590
   3.370   43.558    3.397
   2.310   42.623    3.316
   1.190   42.697    4.152
   1.088   43.709    5.098
   5.531   43.415    1.784
   6.590   44.350    1.865
   0.833   42.812    5.840
   0.002   43.857    4.633
   0.991   44.553    5.897
   7.677   44.201    2.330
   6.845   45.247    1.123
   6.879   43.912    1.286
  45.722   18.923   49.105
  46.742   19.807   49.105
  46.522   21.205   49.106
  47.580   22.122   49.106
  48.895   21.674   49.107
  44.701   18.038   49.104
  44.921   16.640   49.104
  49.021   22.444   50.007
  49.021   22.445   48.207
  50.004   21.311   49.107
  44.795   15.869   50.003
  44.795   15.870   48.203
  44.140   16.625   49.103
   0.887   11.290   21.929
   0.891    9.949   22.088
   0.879    9.345   23.367
   0.884    7.955   23.532
   0.900    7.119   22.423
   0.883   12.631   21.770
   0.895   13.234   20.491
  -0.004    6.578   22.980
   1.796    6.586   23.000
   0.913    6.406   21.500
  -0.001   13.768   19.914
   1.799   13.775   19.934
   0.887   13.889   20.917
   2.747   21.859    3.472
   4.050   21.659    3.182
   4.712   20.449    3.500
   6.063   20.242    3.199
   6.801   21.237    2.569
   1.443   22.059    3.762
   0.781   23.269    3.444
   7.124   20.353    1.838
   7.585   21.027    3.442
   7.432   22.063    2.041
  -0.002   23.478    2.572
   0.458   24.152    4.176
   0.176   22.900    3.773
   9.979    9.227   42.454
   9.529   10.129   41.556
   8.953   11.359   41.953
   8.485   12.294   41.022
   8.578   12.033   39.661
  10.430    8.325   43.352
  11.006    7.096   42.955
   9.054   13.125   39.616
   7.430   12.351   39.654
   8.650   11.827   38.515
  12.155    6.778   42.962
  10.530    6.004   43.000
  11.071    6.998   43.728
   7.391   12.259   19.825
   8.027   11.077   19.970
   9.427   10.953   19.803
  10.087    9.728   19.953
   9.371    8.582   20.276
   6.755   13.440   19.680
   5.355   13.564   19.847
  10.209    8.451   21.113
   9.969    8.107   19.362
   8.781    7.613   20.548
   4.756   14.039   20.761
   4.517   13.695   19.011
   5.508   14.311   19.679
  13.805    3.027   21.390
  14.403    4.046   20.738
  15.378    4.864   21.357
  15.998    5.921   20.680
  15.665    6.199   19.361
  13.207    2.007   22.042
  12.232    1.189   21.423
  16.845    6.198   19.199
  15.551    7.316   19.761
  15.394    6.443   18.253
  12.346    0.073   21.023
  11.052    1.191   21.585
  12.234    0.841   22.122
  12.429    2.599   43.678
  11.420    3.199   43.011
  10.095    2.703   43.052
   9.048    3.325   42.361
   9.289    4.464   41.603
  13.438    2.000   44.344
  14.763    2.495   44.303
   8.352    4.899   42.198
   8.692    3.872   40.759
   9.477    5.421   40.964
  15.360    3.088   45.147
  15.700    2.061   43.709
  14.893    1.884   44.771
  38.280   29.159   21.633
  37.825   29.746   22.761
  37.094   29.028   23.737
  36.623   29.636   24.907
  36.866   30.983   25.143
  38.734   28.573   20.505
  39.465   29.291   19.529
  37.232   30.597   26.209
  35.697   31.021   25.370
  37.064   32.113   25.353
  40.635   29.253   19.302
  39.099   29.677   18.463
  39.468   28.596   19.173
   7.410   36.983    1.070
   8.683   36.548    1.183
   9.005   35.170    1.209
  10.325   34.719    1.326
  11.370   35.629    1.421
   6.137   37.419    0.957
   5.815   38.797    0.931
  11.855   34.964    0.560
  11.695   34.961    2.353
  12.257   36.382    1.502
   5.490   39.465   -0.000
   5.330   39.462    1.793
   5.089   38.517    0.866
  43.043    7.700   46.085
  41.902    7.403   46.742
  40.627    7.656   46.183
  39.443    7.348   46.864
  39.492    6.777   48.129
  44.184    7.996   45.428
  45.459    7.743   45.987
  38.718    5.999   47.666
  38.718    7.640   48.407
  39.519    6.297   49.192
  46.233    6.881   45.710
  46.234    8.521   46.451
  45.700    8.049   45.310
   4.218   16.147    1.111
   4.342   14.803    1.147
   5.506   14.145    0.685
   5.635   12.751    0.723
   4.605   11.967    1.225
   4.094   17.491    1.074
   2.930   18.149    1.537
   5.475   11.462    1.863
   4.757   11.350    0.216
   3.747   11.296    1.644
   2.777   18.766    2.545
   2.059   18.654    0.898
   3.331   18.783    1.319
  45.379   11.052   28.189
  44.117   10.615   28.383
  43.822    9.538   29.253
  42.513    9.084   29.455
  41.452    9.691   28.794
  46.641   11.490   27.994
  46.936   12.567   27.124
  40.966    9.727   29.882
  41.156    8.571   28.515
  40.553   10.191   28.246
  47.233   13.686   27.403
  47.423   12.530   26.037
  47.666   12.414   27.355
  13.276   15.021    8.826
  13.679   13.897    8.197
  12.778   13.077    7.477
  13.195   11.911    6.824
  14.529   11.523    6.868
  12.873   16.145    9.456
  13.774   16.965   10.176
  14.402   11.418    5.688
  14.076   10.466    7.180
  15.645   11.186    6.897
  14.227   18.023    9.864
  13.901   17.070   11.356
  13.127   17.384   10.301
  18.999   46.499   28.049
  17.974   47.373   27.947
  18.176   48.773   27.990
  17.114   49.679   27.884
  15.812   49.217   27.731
  20.023   45.626   28.151
  19.821   44.226   28.108
  15.779   50.000   26.833
  15.577   49.973   28.621
  14.715   48.843   27.602
  20.056   43.470   27.217
  19.855   43.443   29.005
  20.598   44.219   28.195
  22.278   24.631   26.463
  23.011   23.537   26.760
  22.515   22.504   27.590
  23.276   21.370   27.899
  24.560   21.229   27.389
  21.544   25.724   26.165
  22.041   26.757   25.335
  24.177   20.145   27.075
  24.843   20.986   28.521
  25.640   21.098   26.968
  21.758   27.000   24.204
  22.424   27.841   25.649
  21.338   27.066   25.480
  43.910    8.578   47.906
  43.917    7.264   48.214
  42.905    6.673   49.007
  42.913    5.310   49.326
  43.933    4.489   48.863
  43.902    9.893   47.599
  44.914   10.483   46.805
  43.034    3.786   48.517
  43.991    4.139   50.000
  44.783    3.788   48.480
  44.855   10.833   45.668
  45.813   11.185   47.151
  44.487   11.126   46.928
  21.343   21.213   11.314
  22.099   20.180   10.884
  21.648   18.840   10.955
  22.432   17.770   10.509
  23.694   18.000    9.976
  20.588   22.245   11.744
  21.038   23.585   11.673
  23.307   17.300    9.093
  24.028   17.144   10.735
  24.755   18.179    9.527
  20.704   24.441   10.915
  21.425   24.285   12.556
  20.340   23.725   11.994
  41.824   30.912   44.122
  41.688   31.805   43.119
  40.469   31.965   42.418
  40.328   32.891   41.378
  41.401   33.690   41.001
  41.960   30.019   45.126
  43.179   29.859   45.827
  40.606   34.573   41.087
  41.122   33.320   39.903
  42.293   34.366   40.674
  43.457   30.228   46.925
  43.974   28.975   45.740
  42.763   29.322   46.213
   7.275    6.035   29.883
   6.032    5.520   29.775
   5.792    4.125   29.810
   4.503    3.591   29.699
   3.407    4.432   29.549
   8.518    6.550   29.990
   8.758    7.944   29.955
   2.950    3.780   30.435
   3.136    3.703   28.647
   2.479    5.126   29.423
   9.030    8.673   30.857
   9.216    8.596   29.068
   9.499    7.711   30.042
  27.521   16.241   23.335
  27.154   15.090   22.732
  25.978   14.996   21.950
  25.596   13.803   21.324
  26.377   12.662   21.458
  27.889   17.391   23.939
  29.065   17.485   24.720
  26.277   12.612   20.272
  25.341   12.144   21.736
  27.023   11.697   21.562
  30.101   18.004   24.442
  29.165   17.535   25.907
  28.824   18.223   24.802
  38.789    2.861   48.145
  37.978    2.924   47.067
  36.915    3.854   46.983
  36.074    3.920   45.865
  36.266    3.058   44.793
  39.600    2.797   49.222
  40.663    1.868   49.307
  36.204    4.057   44.146
  35.097    2.860   44.909
  36.417    2.341   43.885
  41.833    2.065   49.190
  40.725    0.868   49.953
  40.768    2.212   50.000
  11.810   12.836    9.438
  12.805   12.491   10.282
  12.757   11.307   11.055
  13.789   10.950   11.931
  14.907   11.765   12.065
  10.815   13.180    8.593
  10.863   14.364    7.820
  15.506   10.748   11.903
  14.691   11.648   13.231
  15.850   12.439   12.188
  11.079   14.481    6.654
  10.263   15.381    7.982
  10.170   14.104    7.571
  32.499   31.676   22.375
  32.327   32.924   22.859
  31.512   33.877   22.204
  31.334   35.172   22.706
  31.965   35.560   23.881
  32.670   30.427   21.890
  33.485   29.474   22.546
  30.878   35.941   24.186
  32.299   36.505   23.237
  32.488   35.898   24.867
  33.151   28.530   23.190
  34.573   29.093   22.241
  33.262   29.028   21.945
  35.942   20.047   29.563
  36.951   20.939   29.657
  36.875   22.070   30.503
  37.922   22.996   30.601
  39.081   22.822   29.856
  34.934   19.155   29.469
  35.010   18.023   28.622
  39.625   23.005   30.900
  38.904   23.962   29.556
  40.060   22.688   29.236
  35.187   16.883   28.922
  34.466   17.840   27.578
  34.296   17.891   28.911
  30.750    3.688    9.364
  31.355    4.383   10.350
  32.371    3.814   11.155
  32.999    4.535   12.178
  32.633    5.851   12.433
  30.145    2.992    8.378
  29.129    3.562    7.573
  33.808    6.047   12.394
  32.563    5.476   13.561
  32.336    6.956   12.657
  29.200    3.937    6.444
  27.954    3.365    7.612
  29.143    2.855    7.242
  43.367   44.300   17.825
  42.184   44.885   17.538
  42.064   45.883   16.542
  40.838   46.490   16.244
  39.689   46.121   16.933
  44.549   43.715   18.112
  44.670   42.717   19.109
  39.221   46.026   15.840
  39.552   47.296   17.072
  38.717   45.821   17.503
  44.807   41.542   18.969
  45.137   42.813   20.201
  45.418   42.737   18.887
  42.418   29.773    9.184
  41.286   30.475    8.966
  41.062   31.741    9.557
  39.887   32.468    9.330
  38.894   31.955    8.505
  43.551   29.072    9.402
  43.775   27.806    8.811
  38.944   33.031    7.995
  38.176   32.233    9.414
  38.053   31.536    7.814
  44.493   27.528    7.902
  43.726   26.730    9.321
  44.447   27.860    9.205
  36.012   39.515    7.876
  36.364   40.633    8.546
  37.552   40.705    9.313
  37.917   41.864   10.007
  37.108   42.993    9.961
  35.659   38.397    7.206
  34.472   38.325    6.440
  38.127   43.553    9.699
  37.229   42.969   11.146
  36.438   43.947    9.930
  34.351   38.349    5.255
  33.453   37.765    6.702
  34.728   37.600    6.307
  22.911   44.515   21.028
  23.091   43.177   21.010
  22.998   42.392   22.184
  23.184   41.005   22.165
  23.469   40.353   20.972
  22.732   45.853   21.045
  22.825   46.638   19.872
  22.589   39.624   21.310
  24.349   39.857   21.605
  23.710   39.793   19.978
  21.945   47.134   19.239
  23.706   47.366   19.534
  22.665   47.215   20.373
  11.728   24.846   41.278
  10.776   24.087   40.694
   9.617   24.654   40.112
   8.630   23.867   39.506
   8.767   22.485   39.460
  12.679   25.605   41.862
  13.838   25.038   42.444
   8.511   22.629   38.305
   7.653   22.491   39.881
   8.870   21.325   39.414
  14.953   25.032   42.022
  14.095   24.894   43.598
  13.998   25.787   42.596
  22.700   34.670   28.798
  23.336   35.739   29.323
  24.435   36.350   28.673
  25.094   37.459   29.217
  24.679   37.996   30.429
  22.064   33.600   28.274
  20.966   32.989   28.923
  24.708   39.028   29.834
  25.836   37.929   30.707
  24.341   38.456   31.446
  19.809   33.055   28.646
  20.936   31.957   29.519
  20.993   32.521   28.299
  18.606   38.052   13.224
  17.284   37.794   13.316
  16.717   36.596   12.820
  15.347   36.327   12.916
  14.493   37.248   13.512
  19.927   38.311   13.131
  20.494   39.509   13.627
  14.109   36.300   14.123
  13.843   37.087   12.526
  13.766   38.012   14.009
  21.144   39.670   14.613
  20.878   40.457   13.016
  21.151   39.185   13.358
  26.720   40.539    4.970
  26.466   39.825    6.087
  27.101   38.587    6.346
  26.838   37.846    7.504
  25.930   38.316    8.445
  26.974   41.253    3.853
  26.339   42.491    3.594
  26.806   38.079    9.217
  25.475   37.218    8.364
  25.170   38.700    9.242
  26.794   43.590    3.674
  25.463   42.729    2.821
  26.775   42.458    2.947
  39.477   21.160   35.213
  39.539   20.812   33.910
  40.772   20.651   33.235
  40.836   20.291   31.884
  39.670   20.078   31.160
  39.414   21.507   36.516
  38.181   21.668   37.192
  40.211   19.068   30.833
  40.183   20.806   30.368
  38.699   19.896   30.540
  37.669   20.939   37.983
  37.640   22.678   37.518
  38.653   21.836   37.791
  40.628   24.096   18.963
  39.976   22.914   18.989
  38.632   22.789   18.563
  37.956   21.563   18.591
  38.599   20.419   19.046
  41.280   25.278   18.936
  42.623   25.403   19.362
  38.183   19.941   18.038
  37.619   20.290   19.711
  39.127   19.451   19.427
  43.604   25.533   18.698
  43.039   25.882   20.371
  42.504   26.150   19.166
  41.624   12.488   13.804
  42.595   13.139   14.480
  42.674   13.109   15.893
  43.680   13.784   16.594
  44.643   14.514   15.908
  40.654   11.837   13.128
  40.575   11.868   11.715
  45.405   13.908   16.595
  44.360   15.371   16.686
  45.457   15.130   15.345
  40.858   11.010   10.937
  39.813   12.473   11.028
  39.952   11.415   11.847
  22.331    5.034   36.628
  23.477    5.676   36.938
  24.738    5.038   36.867
  25.926    5.704   37.188
  25.896    7.033   37.593
  21.185    4.391   36.318
  19.924    5.029   36.390
  26.750    7.167   36.773
  26.581    6.641   38.486
  25.885    8.148   37.935
  19.239    5.422   35.497
  19.070    4.896   37.210
  19.675    4.329   36.150
  43.201    7.748   32.013
  42.751    8.966   31.643
  42.249    9.898   32.582
  41.783   11.160   32.199
  41.800   11.536   30.861
  43.651    6.530   32.383
  44.152    5.598   31.443
  42.323   12.522   31.280
  40.668   11.846   31.068
  41.809   11.865   29.742
  45.284    5.289   31.237
  43.629    4.613   31.025
  44.247    5.163   32.085
  41.923   22.703   43.197
  43.196   22.683   42.747
  43.615   23.466   41.645
  44.935   23.445   41.179
  45.883   22.641   41.798
  40.651   22.723   43.646
  40.232   21.940   44.748
  46.537   23.637   41.802
  46.121   22.288   40.685
  46.689   21.970   42.309
  39.994   22.293   45.861
  39.578   20.944   44.744
  39.546   22.280   44.593
  33.700   26.893   33.646
  33.696   25.783   32.877
  33.596   25.848   31.467
  33.592   24.697   30.670
  33.690   23.440   31.254
  33.703   28.003   34.415
  33.803   27.938   35.825
  34.544   23.271   30.441
  32.750   23.190   30.565
  33.771   22.379   31.732
  34.743   28.188   36.514
  32.949   28.107   36.638
  33.764   28.715   35.757
  47.247   22.206   26.173
  46.030   21.621   26.165
  45.556   20.860   27.260
  44.295   20.254   27.252
  43.461   20.386   26.149
  48.463   22.791   26.181
  48.937   23.552   25.086
  42.646   20.687   26.964
  43.364   19.202   26.243
  42.752   20.490   25.229
  49.034   24.736   24.991
  49.752   23.251   24.271
  49.562   23.630   25.547
   9.653   25.372   18.225
   8.853   24.399   18.709
   7.460   24.585   18.871
   6.630   23.576   19.374
   7.163   22.344   19.732
  10.454   26.345   17.740
  11.847   26.159   17.578
   6.275   21.912   19.067
   6.550   22.518   20.739
   7.598   21.306   20.037
  12.460   25.986   16.571
  12.736   26.592   18.243
  11.807   26.894   17.318
  16.214   34.362   43.162
  17.050   33.771   44.042
  16.630   32.712   44.880
  17.496   32.099   45.793
  18.815   32.525   45.901
  15.378   34.953   42.281
  15.798   36.013   41.443
  19.061   31.363   45.807
  18.574   32.552   47.068
  19.923   32.872   46.001
  16.039   35.985   40.277
  15.552   37.175   41.537
  15.058   35.970   41.198
  35.994   15.400   17.241
  36.110   14.305   16.460
  36.764   13.132   16.905
  36.885   11.996   16.095
  36.356   11.993   14.811
  35.877   16.495   18.022
  35.223   17.667   17.577
  35.873   10.959   15.153
  37.433   11.584   14.508
  35.916   11.977   13.731
  34.145   18.077   17.880
  35.705   18.702   17.235
  35.417   17.919   18.290
   5.948   27.802   39.653
   5.992   28.810   38.757
   5.589   28.635   37.412
   5.635   29.681   36.482
   6.086   30.938   36.864
   5.904   26.793   40.550
   6.307   26.968   41.895
   5.087   31.314   36.334
   6.767   30.847   35.891
   6.461   31.999   37.171
   5.625   27.060   42.868
   7.306   26.592   42.425
   6.109   26.214   41.941
  23.365   40.688    8.044
  23.593   40.490    6.728
  22.579   40.666    5.757
  22.816   40.460    4.392
  24.074   40.071    3.951
  23.138   40.886    9.360
  24.151   40.710   10.331
  23.936   40.966    3.176
  23.465   39.238    3.355
  25.126   39.745    3.566
  24.761   41.543   10.927
  24.290   39.815   11.106
  23.575   40.918   10.816
   8.623   44.281   13.941
   8.027   45.322   14.560
   7.073   45.137   15.588
   6.455   46.217   16.230
   6.769   47.521   15.866
   9.219   43.239   13.322
  10.173   43.424   12.294
   6.903   47.678   17.039
   5.586   47.653   15.813
   7.023   48.620   15.570
  11.356   43.292   12.347
  10.039   43.266   11.120
  10.179   42.643   12.304
  32.374   26.095   18.690
  32.725   24.823   18.974
  31.947   23.718   18.552
  32.311   22.399   18.847
  33.466   22.137   19.573
  32.023   27.367   18.406
  32.801   28.472   18.827
  33.688   21.365   18.692
  32.745   21.446   20.223
  34.433   21.903   20.181
  33.522   29.162   18.177
  32.578   29.243   19.707
  32.239   28.871   18.460
   5.580   31.312    6.759
   6.575   30.595    6.194
   6.544   29.181    6.141
   7.576   28.438    5.556
   8.676   29.081    5.003
   4.585   32.029    7.323
   4.617   33.443    7.376
   8.453   28.379    4.067
   9.297   28.300    5.655
   9.605   29.609    4.536
   3.996   34.224    6.725
   4.840   34.145    8.313
   3.931   33.338    7.735
  45.706    1.567   36.826
  44.846    1.414   37.855
  45.197    0.700   39.026
  44.306    0.541   40.093
  43.031    1.090   40.028
  46.566    1.721   35.796
  46.214    2.434   34.626
  43.302    1.520   41.106
  42.686   -0.000   40.364
  41.958    1.545   39.987
  46.559    3.524   34.289
  45.943    2.004   33.548
  46.942    2.241   34.418
   8.984   36.342   15.554
  10.033   35.492   15.525
   9.867   34.093   15.652
  10.955   33.211   15.621
  12.246   33.698   15.462
   7.936   37.192   15.584
   8.101   38.592   15.456
  12.317   32.862   14.615
  12.484   33.005   16.402
  13.335   34.093   15.329
   7.863   39.285   14.516
   8.030   39.428   16.303
   7.324   38.583   15.530
   5.494   32.331    9.444
   6.769   32.774    9.400
   7.197   33.734    8.452
   8.519   34.193    8.407
   9.459   33.709    9.308
   4.220   31.888    9.488
   3.791   30.929   10.435
   9.699   34.864    9.477
  10.119   33.543    8.329
  10.259   33.312   10.058
   3.131   31.095   11.414
   3.551   29.774   10.266
   3.108   31.029   10.070
  26.981   35.871   28.603
  26.717   34.743   27.910
  26.571   33.488   28.548
  26.297   32.318   27.830
  26.161   32.360   26.448
  27.244   37.000   29.295
  27.391   38.254   28.657
  25.161   31.747   26.658
  26.927   31.447   26.475
  26.044   32.382   25.288
  26.625   39.167   28.630
  28.391   38.867   28.447
  27.508   38.494   29.391
  30.613   18.648   33.237
  30.682   17.426   33.806
  31.918   16.780   34.047
  31.989   15.512   34.637
  30.828   14.846   35.008
  30.544   19.871   32.668
  29.308   20.517   32.427
  31.398   14.698   36.043
  31.316   13.935   34.415
  29.861   14.276   35.324
  28.820   21.428   33.020
  28.738   20.665   31.392
  29.777   21.074   32.143
  33.641   44.402   31.580
  33.590   45.647   32.101
  32.944   46.714   31.433
  32.891   48.004   31.974
  33.483   48.273   33.201
  33.692   43.158   31.058
  34.339   42.091   31.726
  32.432   48.777   33.451
  33.973   49.189   32.617
  33.976   48.513   34.231
  33.849   41.175   32.310
  35.390   41.588   31.476
  34.104   41.695   31.095
  18.992    0.308   12.919
  18.960    0.523   11.587
  19.948   -0.000   10.718
  19.914    0.223    9.337
  18.892    0.977    8.774
  19.025    0.093   14.251
  18.037    0.616   15.120
  18.806    0.058    8.020
  19.788    1.551    8.237
  18.040    1.608    8.288
  17.142    0.042   15.657
  18.124    1.535   15.874
  18.471    0.253   15.658
  20.759    7.150   39.134
  20.505    7.573   40.390
  20.297    6.669   41.459
  20.033    7.108   42.762
  19.968    8.467   43.043
  21.014    6.727   37.877
  21.222    7.631   36.809
  20.709    8.186   43.932
  18.944    8.175   43.579
  19.911    9.605   43.292
  22.245    7.923   36.273
  20.480    7.912   35.920
  21.307    6.968   36.405
  21.861   38.486   18.245
  22.707   38.004   19.179
  22.961   36.619   19.318
  23.839   36.119   20.288
  24.494   36.987   21.152
  21.015   38.969   17.310
  20.761   40.354   17.171
  25.462   36.373   20.826
  24.098   36.240   21.993
  25.051   37.704   21.885
  21.157   41.100   16.330
  19.793   40.967   17.497
  20.294   40.102   16.597
  27.650   23.471   13.199
  28.027   24.739   13.469
  27.242   25.852   13.085
  27.632   27.167   13.365
  28.821   27.416   14.038
  27.274   22.203   12.929
  28.059   21.090   13.313
  28.137   28.113   14.722
  29.011   28.188   13.150
  29.817   27.640   14.603
  27.869   20.319   14.201
  28.743   20.394   12.629
  27.478   20.697   12.970
  28.917   11.477   45.299
  27.630   11.767   45.586
  27.246   13.016   46.128
  25.911   13.316   46.426
  24.914   12.378   46.194
  30.204   11.188   45.011
  30.589    9.938   44.469
  24.367   13.285   45.649
  24.592   12.634   47.312
  24.067   11.599   46.004
  30.910    9.681   43.351
  31.136    9.030   45.014
  31.298   10.263   44.500
  17.886   27.890   17.068
  18.641   28.539   16.155
  18.102   29.540   15.313
  18.885   30.213   14.367
  20.233   29.909   14.230
  17.132   27.241   17.980
  17.670   26.239   18.823
  20.373   31.090   14.298
  19.966   29.838   13.070
  21.366   29.663   14.104
  17.938   26.310   19.982
  17.530   25.058   18.754
  16.936   26.218   19.088
  33.132   10.266   32.561
  33.231    8.980   32.961
  34.475    8.390   33.286
  34.578    7.057   33.702
  33.440    6.267   33.808
  33.033   11.551   32.160
  31.789   12.142   31.835
  33.879    6.007   34.885
  34.080    5.488   33.173
  32.493    5.593   33.901
  31.149   12.921   32.470
  31.350   12.402   30.758
  32.240   12.764   31.699
  14.965   24.209   25.073
  14.929   25.538   24.837
  16.091   26.342   24.896
  16.054   27.720   24.651
  14.852   28.343   24.339
  15.001   22.880   25.309
  13.838   22.076   25.251
  15.478   28.809   23.438
  15.180   29.112   25.187
  13.850   28.878   24.075
  13.510   21.307   24.402
  13.213   21.609   26.151
  14.347   21.513   25.435
  30.630   45.534   36.004
  31.931   45.893   36.029
  32.470   46.688   37.069
  33.819   47.061   37.095
  34.678   46.652   36.082
  29.329   45.174   35.979
  28.790   44.380   34.940
  35.376   46.316   36.987
  34.983   47.804   36.054
  35.409   46.316   35.238
  28.485   43.228   34.968
  28.092   44.716   34.034
  28.135   44.468   35.356
  12.260   18.473   23.069
  13.035   17.751   22.232
  14.418   18.009   22.080
  15.222   17.261   21.212
  14.671   16.227   20.465
  11.485   19.195   23.906
  10.102   18.937   24.058
  15.594   15.603   20.889
  15.232   16.758   19.557
  14.222   15.356   19.832
   9.542   18.405   24.965
   9.180   19.560   23.633
  10.155   19.532   24.560
  15.513   34.035   33.631
  16.452   33.068   33.691
  17.826   33.365   33.851
  18.800   32.362   33.914
  18.435   31.025   33.819
  14.573   35.003   33.570
  13.199   34.705   33.410
  19.112   30.905   34.792
  19.304   30.980   33.004
  18.142   29.899   33.740
  12.330   34.750   34.224
  12.523   34.825   32.436
  13.137   35.483   33.436
  26.456   38.447   35.281
  26.552   39.536   34.490
  27.785   40.196   34.268
  27.884   41.326   33.448
  26.755   41.837   32.820
  26.361   37.357   36.072
  25.128   36.697   36.293
  27.445   41.814   31.848
  27.133   42.874   33.270
  25.815   42.276   32.286
  24.751   35.660   35.843
  24.439   36.720   37.265
  25.577   36.235   36.736
  14.415   16.825    6.420
  13.933   15.855    5.615
  13.195   14.758    6.121
  12.696   13.751    5.287
  12.916   13.805    3.916
  14.897   17.796    7.225
  15.635   18.893    6.718
  11.742   13.607    3.851
  13.269   12.676    4.060
  13.093   13.837    2.764
  15.281   20.022    6.574
  16.808   19.091    6.783
  15.653   19.092    7.473
  48.903   16.734   21.062
  49.003   15.544   20.431
  48.756   14.320   21.097
  48.860   13.086   20.443
  49.214   13.032   19.101
  48.803   17.923   21.692
  49.050   19.148   21.026
  48.264   12.318   19.013
  50.001   12.219   19.475
  49.510   12.973   17.975
  48.263   19.961   20.652
  50.000   19.862   21.114
  48.880   19.442   21.729
  44.351   14.762   10.930
  43.130   14.732   10.357
  42.420   13.523   10.165
  41.153   13.492    9.570
  40.550   14.669    9.146
  45.573   14.792   11.503
  46.283   16.001   11.695
  39.612   14.255    9.753
  40.377   14.063    8.135
  40.033   15.650    8.785
  46.456   16.608   12.706
  47.220   16.416   11.088
  46.813   15.518   12.003
  44.342   26.067    1.646
  45.287   25.545    2.457
  45.560   24.157    2.495
  46.540   23.616    3.336
  47.281   24.444    4.170
  43.398   26.588    0.835
  43.124   27.976    0.797
  48.211   23.858    3.709
  46.982   23.651    5.008
  47.911   25.127    4.875
  43.424   28.769   -0.040
  42.195   28.562    1.258
  42.600   27.750    0.265
  12.030   24.231   32.296
  11.465   24.678   31.154
  12.053   25.706   30.379
  11.468   26.170   29.194
  10.273   25.622   28.743
  12.594   23.784   33.438
  12.006   22.757   34.213
  10.857   25.529   27.709
   9.939   26.762   28.645
   9.271   25.172   28.353
  12.341   21.617   34.311
  11.422   22.850   35.247
  12.633   22.883   34.662
  35.288   27.442   38.926
  34.303   27.275   39.834
  33.750   26.002   40.115
  32.729   25.828   41.057
  32.224   26.920   41.751
  36.272   27.610   38.018
  36.825   28.882   37.737
  32.400   26.229   42.706
  31.168   26.480   41.417
  31.791   27.828   42.341
  37.880   29.323   38.071
  36.649   29.573   36.782
  37.260   28.466   37.241
   4.202   12.625   26.126
   4.973   13.438   26.879
   6.356   13.202   27.063
   7.156   14.045   27.843
   6.601   15.155   28.468
   3.432   11.811   25.373
   2.048   12.047   25.190
   7.523   15.730   27.979
   7.159   14.730   29.431
   6.148   16.090   28.998
   1.490   12.472   24.227
   1.126   11.473   25.679
   2.104   11.399   24.757
  20.021   24.449   14.250
  19.012   23.575   14.045
  19.197   22.176   14.159
  18.152   21.270   13.947
  16.884   21.730   13.613
  21.029   25.323   14.455
  20.844   26.721   14.342
  16.532   21.004   14.490
  16.960   20.918   12.744
  15.815   22.102   13.333
  20.768   27.533   15.211
  21.196   27.447   13.465
  21.603   26.729   14.527
  22.731   26.294   28.308
  21.388   26.159   28.316
  20.548   27.050   29.025
  19.155   26.909   29.033
  18.552   25.873   28.332
  24.074   26.430   28.300
  24.914   25.539   27.591
  17.859   26.741   27.901
  17.974   25.689   29.358
  18.033   25.007   27.748
  25.492   25.722   26.565
  25.607   24.670   28.022
  25.472   26.001   27.881
  10.101   25.355    5.767
   9.412   24.998    6.872
   9.976   24.174    7.874
   9.261   23.803    9.019
   7.956   24.242    9.202
  10.791   25.713    4.663
  10.226   26.537    3.661
   8.350   24.553   10.283
   7.739   23.092    9.428
   6.860   24.604    9.369
  10.443   27.687    3.435
   9.832   26.226    2.580
  10.927   26.436    3.332
  36.040   39.792   21.231
  36.498   40.801   20.459
  36.053   42.134   20.626
  36.528   43.180   19.826
  37.465   42.930   18.831
  35.582   38.783   22.002
  36.027   37.450   21.836
  38.042   43.849   19.324
  36.712   43.552   18.147
  38.251   42.735   17.992
  36.780   36.828   22.519
  35.450   36.532   21.342
  35.532   37.324   22.427
  44.819   10.647   35.371
  45.227    9.826   34.380
  46.357    8.986   34.519
  46.781    8.135   33.491
  46.090    8.095   32.287
  44.410   11.467   36.362
  43.281   12.308   36.222
  46.121    6.916   32.458
  47.174    8.224   31.810
  45.519    8.051   31.271
  42.196   12.179   36.699
  43.250   13.487   36.051
  43.475   12.512   36.951
  45.709   19.748   34.546
  45.169   18.944   33.605
  45.217   19.265   32.227
  44.657   18.432   31.251
  44.029   17.249   31.618
  46.249   20.551   35.487
  46.202   20.230   36.864
  44.716   16.773   30.769
  43.151   17.650   30.919
  43.499   16.252   31.912
  47.079   19.829   37.563
  45.514   20.705   37.713
  46.587   20.906   36.926
  13.483    9.201   13.230
  13.681    8.681   12.000
  14.943    8.191   11.588
  15.149    7.651   10.313
  14.100    7.582    9.404
  13.285    9.722   14.460
  12.023   10.212   14.873
  14.452    6.451    9.281
  14.883    8.084    8.660
  13.228    7.518    8.632
  11.240    9.710   15.617
  11.671   11.343   14.996
  12.415   10.359   15.532
   4.701   21.131   21.066
   5.002   19.822   20.938
   6.318   19.378   20.670
   6.631   18.019   20.537
   5.638   17.057   20.668
   4.399   22.441   21.194
   3.083   22.885   21.462
   6.414   16.544   21.413
   6.087   16.641   19.645
   4.814   16.238   20.775
   2.633   23.301   22.484
   2.307   23.398   20.717
   3.428   23.586   21.437
  30.464   11.429   14.388
  30.286   10.091   14.386
  31.377    9.189   14.386
  31.192    7.802   14.384
  29.910    7.266   14.383
  30.642   12.768   14.390
  29.552   13.669   14.390
  30.326    6.604   15.282
  30.327    6.606   13.482
  28.840    6.803   14.381
  29.135   14.329   15.290
  29.136   14.331   13.490
  30.126   14.198   14.391
  16.655    7.873   34.527
  17.669    7.123   34.047
  19.022    7.404   34.354
  20.073    6.625   33.855
  19.809    5.537   33.033
  15.641    8.624   35.008
  14.289    8.343   34.701
  20.536    4.961   33.781
  20.641    6.028   32.335
  19.602    4.621   32.341
  13.457    7.852   35.399
  13.562    8.919   33.953
  14.167    8.968   35.154
  47.779   40.876   21.087
  47.655   40.983   19.747
  47.430   39.855   18.922
  47.301   39.966   17.532
  47.394   41.209   16.918
  47.903   40.769   22.427
  48.129   41.896   23.252
  46.385   40.873   16.380
  48.162   40.650   16.198
  47.470   42.245   16.389
  47.361   42.454   23.972
  49.137   42.232   23.790
  48.118   41.354   23.814
  48.070   35.466    0.861
  46.915   34.768    0.910
  46.892   33.354    0.865
  45.694   32.630    0.916
  44.478   33.294    1.013
  49.224   36.164    0.812
  49.248   37.579    0.857
  44.278   32.527    1.903
  44.166   32.586    0.107
  43.450   33.839    1.095
  49.560   38.287    1.763
  49.448   38.346   -0.032
  50.018   37.461    0.805
  29.332    7.767   44.992
  29.829    7.804   43.738
  29.039    8.187   42.628
  29.555    8.226   41.328
  30.880    7.883   41.089
  28.835    7.729   46.247
  29.625    7.346   47.356
  30.900    8.908   40.482
  30.412    7.193   40.238
  31.990    7.598   40.875
  30.093    8.036   48.208
  29.605    6.321   47.963
  28.960    7.480   47.742
  27.303   36.412   23.281
  28.362   37.097   22.801
  28.553   37.306   21.414
  29.651   38.017   20.915
  30.597   38.544   21.785
  26.244   35.726   23.762
  26.053   35.517   25.149
  30.430   39.542   21.155
  31.375   38.013   21.055
  31.399   38.992   22.504
  25.276   36.048   25.879
  26.220   34.519   25.779
  25.417   35.141   24.896
  28.150   14.237    1.231
  28.141   15.586    1.199
  27.806   16.307    0.028
  27.796   17.706   -0.005
  28.121   18.436    1.132
  28.159   12.887    1.263
  28.494   12.167    2.434
  27.114   19.023    0.884
  28.845   19.023    0.390
  28.392   19.060    2.079
  27.770   11.579    3.176
  29.501   11.579    2.681
  28.361   11.555    1.967
  28.315   29.412    9.353
  27.425   28.671    8.660
  26.298   29.249    8.029
  25.375   28.480    7.310
  25.546   27.106    7.195
  29.205   30.153   10.047
  30.332   29.575   10.678
  25.369   27.312    6.035
  24.404   27.067    7.535
  25.678   25.952    7.092
  31.474   29.614   10.339
  30.509   29.369   11.838
  30.464   30.316   10.884
  46.262   10.963   23.368
  45.739   12.174   23.084
  46.025   13.317   23.868
  45.482   14.574   23.573
  44.635   14.732   22.484
  46.785    9.751   23.652
  46.499    8.608   22.868
  45.351   15.649   22.226
  43.934   15.284   23.274
  43.922   14.880   21.573
  47.200    8.057   22.077
  45.784    7.691   23.126
  46.972    8.265   23.386
  34.138    7.133   31.512
  32.801    7.308   31.570
  32.099    8.055   30.594
  30.712    8.237   30.654
  29.977    7.678   31.692
  35.475    6.958   31.455
  36.177    6.211   32.431
  29.281    7.279   30.811
  29.519    8.774   31.784
  29.348    7.215   32.558
  36.635    5.115   32.339
  36.873    6.610   33.312
  36.788    6.404   31.985
  36.593    4.503   24.459
  35.664    5.246   25.098
  34.359    5.423   24.580
  33.396    6.193   25.242
  33.703    6.815   26.446
  37.521    3.760   23.821
  38.826    3.583   24.339
  32.685    6.316   26.814
  33.238    7.777   25.919
  33.948    7.342   27.457
  39.291    2.621   24.866
  39.844    4.081   23.971
  38.910    3.154   23.691
  24.585    8.147   27.557
  24.249    8.244   26.254
  23.588    9.381   25.732
  23.239    9.482   24.380
  23.540    8.449   23.501
  24.921    8.050   28.861
  25.583    6.913   29.383
  23.988    9.325   22.829
  22.397    8.562   23.183
  23.786    7.589   22.752
  26.725    6.800   29.701
  25.134    6.037   30.055
  25.534    7.321   30.047
  34.781   15.802   11.472
  35.789   15.448   12.298
  36.476   16.396   13.093
  37.521   16.028   13.949
  37.916   14.699   14.040
  33.773   16.157   10.647
  33.086   15.209    9.852
  37.826   14.889   15.213
  39.008   15.149   13.881
  38.258   13.588   14.127
  31.994   14.759   10.011
  33.177   15.019    8.679
  32.691   15.843    9.625
   5.703   17.378   37.903
   7.014   17.100   38.066
   7.470   15.803   38.402
   8.829   15.516   38.571
   9.782   16.514   38.410
   4.391   17.655   37.741
   3.935   18.952   37.405
  10.316   15.712   37.710
  10.185   16.118   39.459
  10.591   17.343   38.278
   3.532   19.348   36.356
   3.401   19.755   38.105
   3.239   18.599   37.435
  12.296   10.762   17.692
  12.229    9.427   17.880
  13.389    8.634   18.047
  13.320    7.250   18.242
  12.088    6.609   18.277
  12.363   12.097   17.503
  11.203   12.890   17.336
  12.516    6.121   19.277
  12.598    5.866   17.497
  11.060    6.058   18.308
  10.693   13.633   18.116
  10.775   13.377   16.336
  11.732   13.462   17.278
  47.004    7.103   19.888
  46.430    8.047   19.112
  45.167    8.605   19.420
  44.572    9.585   18.616
  45.219   10.041   17.475
  47.577    6.158   20.663
  48.841    5.601   20.355
  44.973   11.117   17.923
  44.169    9.832   16.953
  45.752   10.433   16.514
  49.891    5.810   20.877
  49.087    4.524   19.907
  48.702    5.195   21.008
  37.997   39.666   32.643
  37.760   38.981   31.504
  37.896   39.578   30.228
  37.651   38.868   29.047
  37.260   37.536   29.099
  38.234   40.350   33.783
  38.098   39.753   35.058
  38.130   37.385   28.298
  36.404   37.893   28.352
  36.932   36.417   29.129
  38.954   39.396   35.806
  37.228   39.904   35.859
  38.314   40.465   35.297
  19.648   44.999   17.753
  19.979   46.301   17.619
  21.265   46.708   17.191
  21.608   48.058   17.052
  20.677   49.049   17.336
  19.317   43.697   17.887
  18.031   43.290   18.314
  21.004   49.479   16.274
  21.563   49.513   17.984
  19.906   49.892   17.571
  17.145   42.826   17.666
  17.704   42.860   19.377
  18.343   42.580   18.227
  41.666   13.988   43.971
  41.913   13.859   45.292
  41.023   13.180   46.159
  41.279   13.047   47.529
  42.433   13.587   48.081
  41.419   14.116   42.650
  42.309   14.795   41.784
  42.551   12.506   48.567
  41.679   14.048   48.880
  43.398   14.036   48.558
  43.063   14.334   40.985
  42.191   15.877   41.298
  41.772   14.599   41.252
  29.714    4.703   44.003
  28.948    5.814   44.055
  27.536    5.749   44.120
  26.742    6.900   44.174
  27.332    8.158   44.165
  30.480    3.592   43.951
  31.892    3.657   43.886
  26.622    8.354   45.102
  26.538    8.381   43.304
  27.814    9.220   44.158
  32.685    3.435   44.747
  32.601    3.461   42.949
  31.821    2.880   43.878
  35.544   34.672   40.522
  35.005   35.576   41.367
  35.774   36.227   42.361
  35.214   37.165   43.236
  33.865   37.486   43.149
  36.084   33.767   39.678
  35.315   33.117   38.684
  34.265   38.609   43.162
  33.876   37.291   44.325
  32.735   37.765   43.087
  35.304   33.312   37.509
  34.915   31.994   38.672
  36.000   32.776   38.528
  15.015   31.776   39.750
  14.500   32.173   38.567
  15.233   32.076   37.360
  14.699   32.488   36.133
  13.414   33.012   36.069
  15.530   31.379   40.933
  14.798   31.476   42.140
  13.279   32.229   35.180
  13.939   33.882   35.448
  12.336   33.453   36.001
  14.272   30.606   42.761
  14.933   32.259   43.029
  15.451   31.167   42.437
  19.687   36.101   31.608
  20.168   36.177   30.349
  19.317   36.158   29.218
  19.816   36.238   27.913
  21.184   36.339   27.691
  19.206   36.024   32.867
  20.057   36.043   33.997
  20.870   37.245   26.983
  20.993   35.450   26.921
  22.329   36.424   27.490
  20.248   36.932   34.768
  20.371   35.137   34.706
  19.377   35.983   34.377
   5.264   42.928   13.701
   6.092   43.802   13.091
   7.237   43.377   12.377
   8.096   44.284   11.745
   7.841   45.648   11.804
   4.436   42.053   14.311
   3.290   42.478   15.025
   8.003   45.598   10.625
   8.985   45.717   12.129
   7.638   46.796   11.846
   2.146   42.410   14.701
   3.127   42.529   16.205
   3.208   41.710   15.140
  47.029   43.637    9.428
  46.532   44.860    9.147
  46.652   45.944   10.049
  46.137   47.213    9.757
  45.483   47.443    8.553
  47.526   42.414    9.710
  47.406   41.330    8.808
  46.209   48.385    8.488
  44.645   47.925    9.250
  44.931   47.649    7.546
  48.244   40.848    8.111
  46.679   40.387    8.873
  47.792   40.955    9.374
  41.134   33.471   31.905
  41.734   34.680   31.854
  43.114   34.821   31.574
  43.736   36.074   31.522
  43.001   37.230   31.748
  40.534   32.263   31.955
  39.154   32.122   32.235
  43.520   37.601   30.741
  43.888   37.492   32.500
  42.396   38.209   31.936
  38.267   31.861   31.483
  38.635   31.751   33.241
  39.323   31.364   32.152
  38.007   33.123   23.259
  38.588   34.060   24.039
  39.906   34.518   23.805
  40.508   35.489   24.614
  39.814   36.037   25.685
  37.427   32.186   22.479
  36.108   31.728   22.713
  40.167   37.074   25.216
  40.807   35.781   26.292
  39.242   36.505   26.587
  35.116   31.984   22.106
  35.755   30.691   23.183
  36.265   31.286   22.089
  30.058   24.789   42.284
  30.868   23.709   42.265
  32.067   23.657   43.015
  32.906   22.537   42.996
  32.576   21.428   42.227
  29.249   25.870   42.302
  28.050   25.921   41.552
  32.798   20.827   43.232
  33.699   21.526   41.839
  32.311   20.491   41.585
  26.927   25.824   41.940
  27.828   26.522   40.547
  28.002   26.630   41.877
  12.489   10.344   43.277
  11.302   10.934   43.532
  11.181   12.334   43.698
   9.950   12.947   43.962
   8.796   12.181   44.070
  13.676    9.753   43.022
  13.796    8.353   42.856
   8.349   12.983   43.310
   8.637   12.798   45.077
   7.820   11.550   44.163
  13.956    7.736   41.849
  14.243    7.551   43.616
  14.548    8.537   42.753
  11.199   23.205   49.022
   9.862   23.266   48.843
   9.002   22.219   49.250
   7.616   22.282   49.065
   7.040   23.396   48.467
  12.535   23.144   49.200
  13.395   24.192   48.793
   6.307   23.360   49.406
   6.487   22.585   47.791
   6.543   24.325   47.966
  13.948   25.003   49.469
  14.128   24.227   47.854
  13.940   23.714   49.083
  28.485   15.468   27.397
  29.555   15.573   28.214
  30.877   15.642   27.712
  31.987   15.752   28.559
  31.814   15.796   29.937
  27.415   15.362   26.581
  26.093   15.293   27.083
  32.532   16.744   29.865
  32.654   14.950   29.938
  31.684   15.834   31.095
  25.254   16.139   27.081
  25.375   14.344   27.154
  25.921   15.250   26.322
  11.020   11.596   37.943
  10.610   12.514   37.041
   9.577   13.438   37.328
   9.152   14.389   36.394
   9.744   14.450   35.138
  11.430   10.679   38.844
  12.463    9.754   38.557
   9.835   15.613   35.382
   8.617   14.448   34.750
  10.232   14.513   34.081
  13.589    9.756   38.945
  12.371    8.592   38.313
  12.310    9.519   39.286
  19.281   13.604    1.596
  18.725   12.397    1.835
  19.507   11.258    2.140
  18.931   10.007    2.389
  17.552    9.850    2.342
  19.836   14.811    1.356
  19.054   15.950    1.052
  17.707    9.316    3.396
  17.811    8.920    1.643
  16.395    9.704    2.306
  18.794   16.879    1.750
  18.898   16.483   -0.003
  19.756   16.291    1.016
  45.137   30.127    7.561
  46.448   29.812    7.489
  47.208   29.499    8.641
  48.567   29.172    8.566
  49.214   29.146    7.337
  43.826   30.443    7.632
  43.066   30.756    6.481
  49.596   28.080    7.707
  50.025   29.818    7.897
  49.770   29.121    6.312
  42.256   30.084    5.921
  42.684   31.822    6.111
  42.497   30.839    7.009
   9.282   24.157   31.435
   9.671   23.865   30.175
   8.811   23.219   29.256
   9.213   22.916   27.950
  10.490   23.249   27.516
   8.894   24.449   32.695
   9.754   25.095   33.614
   9.911   23.718   26.586
  10.518   22.118   27.144
  11.559   23.524   27.139
   9.726   26.227   33.986
  10.333   24.627   34.544
   9.133   25.023   34.082
  12.066    1.461   30.146
  13.189    2.031   30.632
  14.023    1.369   31.564
  15.188    1.959   32.068
  15.561    3.233   31.658
  10.943    0.891   29.660
  10.109    1.553   28.727
  16.621    2.722   31.473
  15.674    3.435   32.827
  15.886    4.302   31.322
   9.997    1.351   27.558
   9.049    2.065   28.912
   9.697    0.893   28.787
  33.122    8.271   15.386
  32.532    7.263   16.062
  32.981    5.925   15.956
  32.369    4.879   16.656
  31.285    5.133   17.487
  33.713    9.280   14.711
  33.263   10.618   14.817
  31.907    4.495   18.278
  30.786    4.227   16.896
  30.374    5.332   18.188
  33.762   11.524   15.408
  32.641   11.256   14.026
  33.850   10.743   14.316
   9.202   24.555   37.496
   8.132   25.194   36.976
   6.863   24.576   36.881
   5.754   25.239   36.342
   5.875   26.543   35.879
  10.272   23.916   38.016
  11.541   24.533   38.111
   4.906   26.732   36.546
   5.330   26.111   34.911
   5.962   27.638   35.487
  12.086   24.965   39.079
  12.510   24.345   37.444
  11.735   23.844   38.423
  25.482    3.668   45.522
  25.931    4.270   44.400
  26.943    3.696   43.594
  27.409    4.321   42.431
  26.878    5.541   42.031
  25.033    3.067   46.644
  24.021    3.640   47.449
  26.769    5.000   40.975
  28.023    5.860   41.938
  26.442    6.565   41.684
  22.877    3.321   47.542
  24.131    4.181   48.505
  24.140    2.994   47.872
   2.083   44.327   12.664
   1.758   43.123   12.148
   0.577   42.924   11.393
   0.240   41.675   10.858
   1.072   40.580   11.058
   2.408   45.531   13.180
   3.588   45.730   13.935
   0.959   40.443    9.879
   0.063   40.039   11.387
   1.761   39.653   11.218
   4.597   46.272   13.605
   3.701   45.867   15.113
   3.316   46.461   13.969
  28.112    3.831   29.284
  28.696    3.588   28.091
  28.196    2.612   27.197
  28.801    2.360   25.959
  29.927    3.076   25.572
  27.529    4.074   30.477
  28.029    5.050   31.372
  29.316    3.238   24.562
  30.369    1.996   25.329
  30.872    3.669   25.235
  27.587    6.129   31.615
  28.640    4.887   32.382
  27.427    4.807   31.805
  42.352    6.752   11.662
  41.196    6.156   12.022
  40.039    6.208   11.207
  38.840    5.590   11.581
  38.754    4.897   12.782
  43.509    7.348   11.302
  44.665    7.295   12.116
  38.285    4.038   12.102
  37.767    5.547   12.936
  38.668    4.312   13.787
  45.652    6.646   11.962
  45.134    8.155   12.795
  44.965    7.720   11.533
  40.247   43.964   18.027
  40.362   43.398   16.807
  39.786   42.141   16.506
  39.906   41.554   15.241
  40.605   42.202   14.231
  40.132   44.531   19.247
  40.708   45.788   19.548
  39.633   41.968   13.585
  41.147   41.148   14.108
  41.190   42.736   13.375
  40.166   46.842   19.671
  41.681   46.022   20.195
  40.390   45.647   20.247
  18.247   14.218   19.349
  17.242   13.316   19.341
  15.904   13.687   19.071
  14.862   12.752   19.064
  15.122   11.413   19.326
  19.252   15.120   19.356
  20.591   14.749   19.626
  14.486   11.230   18.334
  14.213   11.520   20.089
  15.326   10.285   19.544
  21.499   14.641   18.862
  21.226   14.931   20.617
  20.712   15.513   19.518
  47.425   45.163   14.893
  46.948   46.425   14.951
  45.561   46.705   14.916
  45.066   48.013   14.976
  45.941   49.088   15.073
  47.901   43.902   14.835
  49.288   43.622   14.870
  45.228   49.420   15.969
  45.295   49.528   14.173
  46.664   50.000   15.155
  49.934   43.183   15.770
  50.001   43.291   13.974
  49.033   42.886   14.816
  10.380   33.741    5.564
  11.246   34.771    5.669
  12.510   34.756    5.032
  13.408   35.824    5.141
  13.075   36.945    5.891
   9.514   32.711    5.458
   8.250   32.725    6.096
  13.422   37.539    4.918
  14.150   36.778    6.378
  12.808   37.892    6.518
   7.176   32.892    5.609
   7.903   32.131    7.069
   8.191   32.023    5.759
  22.892   19.949   38.109
  24.216   19.728   38.247
  25.167   20.770   38.125
  26.541   20.541   38.267
  27.013   19.262   38.536
  21.567   20.170   37.972
  20.616   19.129   38.094
  27.627   19.811   39.398
  27.756   19.487   37.632
  27.423   18.194   38.762
  19.874   18.904   38.999
  20.003   18.580   37.233
  20.117   19.712   37.951
  27.872    6.353   22.065
  28.389    7.366   22.791
  28.631    7.246   24.181
  29.167    8.296   24.934
  29.481    9.505   24.326
  27.355    5.340   21.338
  27.113    5.461   19.949
  30.523    9.369   24.889
  28.861    9.972   25.230
  29.749   10.525   23.828
  27.733    4.994   19.044
  26.072    5.597   19.386
  26.864    4.725   20.036
   3.532   21.449   29.211
   3.826   20.243   28.681
   4.727   19.349   29.307
   5.033   18.098   28.757
   4.449   17.697   27.562
   3.237   22.656   29.741
   2.336   23.550   29.115
   4.204   16.700   28.167
   5.569   17.435   27.253
   3.965   17.348   26.560
   1.216   23.812   29.424
   2.581   24.547   28.510
   2.512   23.993   29.734
  19.732   27.761   49.364
  21.016   28.105   49.126
  21.744   28.939   50.007
  23.075   29.296   49.760
  23.725   28.833   48.623
  18.449   27.416   49.602
  17.720   26.583   48.720
  24.581   28.529   49.394
  24.023   29.978   48.485
  24.282   28.451   47.673
  17.422   25.437   48.858
  16.864   26.887   47.949
  17.156   26.697   49.248
  12.853   26.291    6.629
  11.770   26.979    7.051
  10.784   26.391    7.878
   9.662   27.104    8.315
   9.485   28.430    7.941
  13.935   25.603    6.207
  14.921   26.191    5.379
   9.298   28.599    9.106
   8.390   28.066    7.646
   9.325   29.544    7.634
  16.017   26.556    5.675
  15.109   26.022    4.215
  15.242   25.481    5.439
  34.786   13.711    3.340
  33.499   13.904    2.979
  32.657   12.831    2.604
  31.322   13.031    2.230
  30.784   14.311    2.217
  36.072   13.518    3.701
  36.915   14.591    4.076
  29.903   13.806    2.841
  30.414   14.004    1.127
  30.319   15.381    2.202
  37.285   14.898    5.166
  37.796   15.096    3.451
  37.434   14.013    4.163
   5.775    4.674   35.039
   6.421    3.865   34.173
   7.833    3.830   34.090
   8.503    2.990   33.192
   7.784    2.155   32.345
   5.130    5.484   35.905
   3.717    5.519   35.989
   8.531    1.319   32.749
   8.489    2.617   31.503
   7.193    1.449   31.629
   3.013    5.057   36.831
   2.971    6.355   35.586
   3.869    6.052   36.540
  46.047   17.571   44.154
  47.045   16.693   43.918
  48.407   17.067   44.001
  49.443   16.156   43.756
  49.152   14.840   43.420
  45.049   18.449   44.390
  43.686   18.076   44.308
  49.941   14.584   44.276
  49.924   15.033   42.533
  48.922   13.732   43.137
  42.915   17.882   45.195
  42.898   18.332   43.452
  43.580   18.825   44.502
   5.385   19.339   23.400
   4.350   18.699   23.985
   3.829   17.489   23.468
   2.755   16.825   24.074
   2.165   17.347   25.218
   6.420   19.979   22.816
   6.941   21.189   23.333
   2.304   16.240   25.637
   1.151   17.173   24.617
   1.660   17.774   26.179
   7.956   21.363   23.934
   6.803   22.296   22.913
   7.424   21.118   22.722
  22.850   33.477    2.580
  23.201   33.702    3.864
  23.739   34.940    4.288
  24.103   35.174    5.620
  23.941   34.178    6.575
  22.500   33.252    1.296
  21.961   32.014    0.872
  23.410   35.043    7.199
  25.071   34.440    6.851
  23.811   33.351    7.386
  20.832   31.751    0.595
  22.492   31.149    0.248
  21.948   32.377    0.181
  46.095   11.803   33.957
  44.986   12.569   33.877
  43.696   12.007   33.728
  42.546   12.801   33.645
  42.645   14.185   33.707
  47.205   11.038   34.038
  48.495   11.600   34.186
  41.783   14.080   34.523
  41.960   14.147   32.733
  42.714   15.348   33.757
  49.180   11.638   35.160
  49.357   11.705   33.370
  48.707   10.848   34.179
  29.073   16.054   44.747
  28.360   17.080   44.235
  27.381   17.766   44.993
  26.642   18.829   44.461
  26.855   19.245   43.153
  29.786   15.029   45.260
  30.764   14.343   44.502
  26.922   20.328   43.646
  25.668   19.170   43.074
  27.024   19.604   42.056
  31.951   14.418   44.581
  30.697   13.260   44.009
  30.838   13.936   45.164
  20.697    9.727    6.336
  22.007    9.588    6.631
  22.514    8.429    7.265
  23.872    8.285    7.571
  24.772    9.295    7.255
  19.387    9.866    6.040
  18.879   11.025    5.406
  25.404    8.404    6.777
  25.121    9.160    8.386
  25.538   10.135    6.994
  18.531   11.159    4.275
  18.248   11.915    5.884
  18.205   10.636    5.471
  32.135   33.079   43.200
  33.420   32.901   43.574
  34.250   33.985   43.945
  35.583   33.800   44.333
  36.132   32.524   44.365
  30.850   33.258   42.825
  30.019   32.173   42.455
  36.489   32.846   45.455
  37.014   33.029   43.743
  36.605   31.458   44.396
  29.137   31.668   43.077
  29.662   31.851   41.365
  29.497   32.746   42.356
   6.320   22.424    7.885
   5.084   22.694    8.358
   4.785   23.906    9.024
   3.504   24.186    9.515
   2.477   23.264    9.356
   7.555   22.154    7.412
   7.855   20.942    6.746
   1.870   24.205    8.948
   2.307   23.448   10.521
   1.605   22.499    9.230
   8.024   20.758    5.581
   8.461   20.001    7.155
   8.565   21.265    6.704
  22.271   37.237   13.707
  21.442   36.298   14.210
  21.104   35.130   13.486
  20.244   34.156   14.008
  19.692   34.315   15.273
  23.101   38.176   13.204
  23.439   39.343   13.928
  20.079   33.200   15.439
  18.670   34.057   14.717
  19.222   34.436   16.333
  24.461   39.601   14.484
  23.052   40.458   13.762
  23.858   39.492   13.286
  30.583   31.034   23.492
  29.545   31.759   23.026
  28.435   31.156   22.388
  27.358   31.909   21.905
  27.353   33.291   22.042
  31.622   30.308   23.959
  32.732   30.911   24.597
  26.255   33.114   22.472
  27.082   33.275   20.881
  27.335   34.452   22.150
  33.002   30.927   25.757
  33.829   31.088   24.166
  32.971   30.169   24.646
  19.757   20.904   48.522
  20.994   21.403   48.728
  21.592   22.320   47.831
  22.875   22.837   48.045
  23.606   22.456   49.163
  18.519   20.405   48.317
  17.921   19.488   49.214
  23.765   23.630   49.297
  24.472   22.260   48.368
  24.231   22.145   50.097
  17.055   19.685   50.008
  17.762   18.315   49.079
  17.334   19.533   48.701
  17.635   20.174   44.440
  17.551   20.869   45.594
  16.316   21.349   46.092
  16.229   22.070   47.288
  17.373   22.338   48.030
  17.719   19.478   43.286
  18.954   18.998   42.788
  16.725   21.918   48.938
  16.956   23.454   48.029
  18.325   22.569   48.662
  19.371   17.882   42.789
  19.602   19.418   41.880
  18.497   18.728   42.215
  41.654   10.017   42.025
  42.209    9.760   40.821
  41.428    9.402   39.697
  42.004    9.136   38.449
  43.380    9.218   38.280
  41.099   10.274   43.229
  41.880   10.632   44.353
  43.094    9.883   37.334
  43.252    8.145   37.777
  44.534    9.283   38.125
  42.008   11.705   44.856
  42.166    9.967   45.300
  41.180   10.656   44.698
   5.364    9.725   24.752
   5.458    9.402   23.445
   4.411    9.665   22.530
   4.508    9.330   21.174
   5.656    8.720   20.685
   5.270   10.048   26.060
   6.318    9.785   26.974
   5.595    9.569   19.851
   4.884    7.953   20.199
   6.614    8.208   20.261
   7.089   10.553   27.459
   6.379    8.936   27.808
   5.818   10.113   27.477
  22.043   17.235   40.336
  22.548   18.486   40.276
  21.722   19.621   40.096
  22.245   20.918   40.035
  23.614   21.126   40.151
  21.538   15.985   40.395
  22.364   14.850   40.575
  23.290   21.943   40.956
  23.465   21.787   39.172
  24.761   21.315   40.248
  22.513   14.189   41.555
  22.688   14.033   39.770
  21.678   14.478   40.540
  36.677   25.817   11.869
  36.459   26.720   12.848
  37.374   27.764   13.123
  37.149   28.701   14.138
  36.000   28.628   14.915
  36.894   24.913   10.890
  35.979   23.869   10.616
  35.905   29.786   14.652
  36.765   28.724   15.824
  35.039   28.578   15.575
  35.214   23.773    9.708
  36.074   22.711   10.879
  36.507   23.693   10.069
  16.835    3.555   39.238
  16.927    4.641   40.034
  17.994    4.813   40.948
  18.090    5.939   41.773
  17.123    6.934   41.715
  16.742    2.468   38.442
  15.675    2.296   37.528
  18.062    7.662   41.630
  17.111    6.812   42.900
  16.317    7.777   41.676
  15.686    2.418   36.343
  14.736    1.568   37.613
  16.057    1.634   37.371
  11.508   29.823   41.523
  10.920   31.029   41.374
   9.513   31.180   41.349
   8.903   32.430   41.195
   9.679   33.575   41.060
  12.097   28.617   41.672
  13.504   28.467   41.697
   8.963   34.003   41.911
   8.971   33.786   40.124
  10.317   34.544   40.945
  14.211   28.256   42.632
  14.219   28.039   40.845
  13.315   27.714   41.787
  40.948   31.244    2.667
  42.213   30.805    2.498
  42.896   30.940    1.266
  44.208   30.484    1.090
  44.884   29.876    2.141
  39.683   31.684    2.836
  39.000   31.549    4.068
  45.751   30.641    1.853
  45.124   29.037    1.330
  45.463   29.365    3.014
  38.760   32.388    4.879
  38.132   30.784    4.355
  38.429   31.902    3.669
  44.043   47.661   29.540
  44.262   47.418   30.850
  45.135   46.393   31.286
  45.362   46.141   32.644
  44.724   46.903   33.615
  43.824   47.905   28.230
  42.951   48.930   27.794
  45.820   47.007   34.069
  44.448   45.842   34.082
  44.195   47.536   34.439
  43.227   49.991   27.327
  41.854   48.826   27.339
  43.167   48.667   27.090
  42.749   49.171    5.645
  42.918   48.993    4.318
  44.135   49.309    3.667
  44.310   49.124    2.291
  43.275   48.617    1.515
  42.580   49.349    6.973
  41.364   49.033    7.623
  44.115   47.874    1.112
  43.520   49.547    0.811
  42.414   48.192    0.853
  41.119   48.103    8.327
  40.524   49.775    8.027
  41.756   49.285    8.249
  38.548   24.912   42.104
  38.898   26.172   42.441
  39.678   26.987   41.587
  40.041   28.293   41.936
  39.636   28.831   43.152
  38.198   23.652   41.767
  37.418   22.837   42.621
  39.286   29.751   42.480
  40.786   29.127   43.255
  39.304   29.294   44.169
  36.269   22.541   42.517
  37.769   21.917   43.292
  37.507   22.325   42.037
  13.159    2.612   10.645
  14.392    3.110   10.411
  14.635    4.502   10.332
  15.914    5.019   10.090
  16.994    4.162    9.916
  11.926    2.113   10.879
  11.683    0.722   10.957
  17.517    4.870   10.719
  17.198    4.827    8.948
  17.909    3.455    9.769
  11.478    0.057   11.925
  11.159    0.014   10.154
  10.951    0.965   11.083
  16.854   13.437    4.667
  16.556   13.051    3.408
  17.043   13.746    2.276
  16.734   13.346    0.970
  15.926   12.237    0.751
  17.153   13.823    5.926
  16.665   13.128    7.058
  16.794   11.916   -0.000
  15.337   12.973    0.021
  15.249   11.308    0.552
  17.254   12.393    7.788
  15.798   13.450    7.809
  17.070   13.678    7.437
  39.877    5.699   32.631
  40.012    6.876   33.278
  40.992    7.073   34.280
  41.131    8.294   34.951
  40.296    9.361   34.645
  39.742    4.522   31.984
  38.762    4.324   30.982
  41.317    9.971   34.574
  40.149    9.416   35.826
  39.601   10.264   34.397
  38.909    4.269   29.801
  37.741    3.714   31.053
  39.080    3.611   30.962
  19.781   16.755   10.597
  20.479   17.332    9.596
  20.076   18.555    9.008
  20.800   19.153    7.970
  21.953   18.550    7.482
  19.083   16.178   11.598
  19.486   14.956   12.186
  22.425   19.634    7.627
  21.442   18.730    6.421
  22.922   18.055    7.063
  19.997   14.776   13.247
  19.014   13.871   12.041
  18.847   15.075   12.618
  20.148   45.664   23.446
  19.112   46.290   22.847
  17.771   45.894   23.063
  16.697   46.543   22.442
  16.926   47.611   21.582
  21.183   45.038   24.045
  22.525   45.433   23.829
  16.090   48.150   22.239
  16.203   47.009   20.851
  17.105   48.508   20.859
  23.248   46.035   24.560
  23.361   44.894   23.173
  22.666   44.846   24.324
  35.303   26.572   17.755
  34.273   27.301   17.276
  33.257   26.729   16.474
  32.189   27.485   15.978
  32.099   28.842   16.265
  36.333   25.842   18.234
  37.349   26.414   19.036
  30.979   28.570   16.568
  31.934   28.947   15.089
  32.011   29.981   16.498
  37.514   26.309   20.211
  38.469   26.686   18.733
  37.622   25.683   19.026
  28.624   25.989   10.125
  29.950   25.853   10.340
  30.913   26.452    9.494
  32.288   26.310    9.717
  32.749   25.565   10.795
  27.299   26.126    9.909
  26.336   25.527   10.756
  33.425   26.524   11.003
  33.440   25.047    9.974
  33.149   24.942   11.696
  25.644   26.045   11.576
  25.660   24.568   10.548
  25.841   25.869   10.257
  39.027   43.758   39.519
  39.459   42.776   40.339
  40.427   41.828   39.928
  40.875   40.810   40.778
  40.372   40.703   42.069
  38.595   44.740   38.700
  37.628   45.688   39.110
  41.522   40.638   42.372
  40.211   39.560   41.772
  39.958   40.602   43.154
  37.788   46.831   39.407
  36.477   45.753   38.807
  37.739   45.957   38.385
   7.785    9.495    9.331
   8.455   10.502    9.931
   7.869   11.772   10.141
   8.564   12.816   10.763
   9.870   12.627   11.197
   7.115    8.488    8.731
   7.702    7.218    8.520
   9.462   13.097   12.214
  10.074   13.645   10.612
  10.967   12.482   11.566
   7.498    6.200    9.105
   8.109    6.748    7.504
   7.004    7.067    8.202
  39.588   31.391   35.191
  40.811   31.271   34.633
  41.006   30.640   33.381
  42.274   30.515   32.802
  43.394   31.017   33.454
  38.365   31.511   35.750
  38.171   32.142   37.002
  43.623   31.519   32.398
  43.847   29.938   33.229
  44.342   31.433   33.990
  37.718   33.221   37.227
  37.941   31.640   38.058
  37.425   31.960   36.857
  43.571   26.781   23.685
  42.935   26.451   24.829
  41.573   26.764   25.047
  40.913   26.422   26.233
  41.593   25.755   27.245
  44.207   27.111   22.540
  45.570   26.798   22.322
  40.651   25.025   27.219
  41.129   26.604   27.939
  42.152   25.195   28.102
  46.034   25.948   21.628
  46.512   27.527   22.348
  45.432   27.151   21.640
  35.801   13.820   18.760
  34.754   13.075   18.345
  33.434   13.584   18.322
  32.348   12.812   17.892
  32.544   11.503   17.469
  36.848   14.564   19.174
  38.168   14.055   19.197
  31.898   11.847   16.529
  31.644   11.266   18.214
  32.694   10.403   17.112
  39.068   14.293   18.453
  38.814   13.711   20.137
  38.326   14.771   19.468
  49.537    6.903    6.675
  49.090    8.166    6.837
  49.594    9.016    7.850
  49.130   10.326    8.019
  48.145   10.833    7.180
  49.985    5.640    6.512
  49.481    4.790    5.499
  48.894   11.754    7.072
  47.626   11.159    8.202
  47.319   11.272    6.483
  50.000    4.464    4.478
  48.732    3.870    5.608
  49.993    4.290    5.812
  33.703   41.825   17.406
  34.817   42.310   16.819
  35.060   43.699   16.703
  36.216   44.202   16.094
  37.170   43.334   15.579
  32.588   41.340   17.994
  32.346   39.950   18.110
  37.931   44.009   16.201
  37.087   44.023   14.611
  37.980   42.617   15.144
  32.430   39.261   19.079
  31.586   39.275   17.489
  31.694   40.201   18.459
  15.977   31.000   32.293
  17.147   31.658   32.152
  18.107   31.281   31.183
  19.321   31.963   31.036
  19.618   33.046   31.853
  14.806   30.342   32.435
  13.846   30.720   33.404
  19.883   33.584   30.823
  20.651   32.475   32.015
  19.880   33.957   32.532
  12.813   31.291   33.242
  13.581   30.182   34.434
  13.455   30.118   33.096
  43.579   45.113   40.012
  44.336   44.685   41.045
  44.049   45.043   42.384
  44.834   44.600   43.455
  45.933   43.782   43.226
  42.822   45.540   38.980
  43.109   45.182   37.641
  45.451   43.113   44.086
  46.499   44.567   43.921
  46.859   43.095   43.047
  42.543   44.396   36.946
  43.591   45.851   36.781
  42.478   45.620   37.501
  24.244   32.710   14.892
  23.988   33.947   15.367
  23.897   34.215   16.753
  23.631   35.498   17.246
  23.446   36.560   16.369
  24.501   31.473   14.417
  24.592   31.205   13.030
  24.236   37.108   17.072
  22.471   36.761   17.024
  23.289   37.460   15.645
  25.567   31.004   12.376
  23.801   30.657   12.327
  24.727   30.480   13.287
  31.602   39.244    3.371
  30.293   39.119    3.064
  29.662   37.856    2.974
  28.305   37.726    2.655
  27.531   38.855    2.415
  32.911   39.370    3.678
  33.542   40.633    3.768
  26.780   38.345    3.186
  27.198   38.259    1.438
  26.870   39.794    2.210
  33.875   41.229    4.745
  34.294   41.143    2.996
  34.164   40.191    3.938
   4.896   37.012   35.707
   5.782   37.700   34.955
   5.503   39.000   34.471
   6.422   39.714   33.691
   7.651   39.152   33.368
   4.011   36.324   36.459
   4.289   35.024   36.943
   8.081   40.195   33.751
   7.365   39.486   32.260
   8.686   38.693   33.089
   4.574   34.690   38.051
   3.858   33.981   36.559
   3.575   35.100   37.249
  15.199   15.579   25.454
  16.331   15.109   24.888
  16.998   13.964   25.383
  18.172   13.476   24.796
  18.720   14.117   23.692
  14.068   16.049   26.021
  13.401   17.195   25.525
  18.750   13.019   23.232
  19.729   14.061   24.324
  19.192   14.646   22.766
  12.392   17.251   24.893
  13.372   18.293   25.986
  12.914   17.035   26.114
  31.825   11.195    4.055
  31.068   12.274    4.348
  31.624   13.570    4.468
  30.839   14.689    4.771
  29.471   14.552    4.965
  32.581   10.116    3.763
  32.025    8.820    3.643
  29.402   15.462    4.199
  29.680   15.181    5.955
  28.321   14.452    5.131
  31.816    8.191    2.653
  32.093    7.910    4.409
  32.768    8.631    3.496
   1.948   25.736    1.609
   1.753   24.414    1.416
   2.830   23.517    1.225
   2.628   22.146    1.025
   1.340   21.624    1.009
   2.144   27.058    1.802
   1.066   27.955    1.992
   1.792   20.832    1.777
   1.704   21.104   -0.000
   0.265   21.172    0.993
   0.703   28.474    3.002
   0.615   28.747    1.224
   1.647   28.475    2.043
  32.678   42.801    5.712
  32.153   42.726    4.471
  31.072   43.542    4.063
  30.527   43.464    2.776
  31.045   42.567    1.850
  33.204   42.876    6.954
  34.285   42.060    7.361
  31.063   43.519    1.133
  29.902   42.264    1.699
  31.470   41.819    1.063
  35.428   42.362    7.512
  34.268   41.108    8.079
  34.189   42.450    8.031
  29.221   28.270   46.823
  30.229   27.419   47.112
  29.991   26.109   47.589
  31.036   25.227   47.889
  32.357   25.624   47.721
  28.213   29.120   46.534
  28.451   30.431   46.056
  32.457   24.591   47.136
  32.488   25.203   48.828
  33.470   25.944   47.585
  28.320   30.852   44.949
  28.351   31.463   46.642
  27.671   30.459   46.060
   3.622   49.107   20.519
   4.785   48.429   20.631
   6.040   49.063   20.476
   7.246   48.361   20.592
   7.238   46.999   20.867
   2.460   49.785   20.408
   1.204   49.151   20.563
   8.028   47.297   21.708
   7.990   46.941   19.944
   7.247   45.856   21.098
   0.453   49.209   21.486
   0.415   48.853   19.722
   0.942   49.873   20.423
  46.588   33.751   43.369
  47.358   34.224   44.372
  46.978   35.347   45.144
  47.776   35.838   46.184
  48.984   35.224   46.489
  45.818   33.277   42.367
  46.199   32.154   41.595
  48.567   35.250   47.604
  49.412   36.335   46.443
  50.000   34.717   46.755
  45.771   31.043   41.640
  46.616   32.128   40.479
  45.520   32.302   41.238
  19.834   26.554    2.793
  20.251   26.776    4.058
  20.995   27.928    4.410
  21.427   28.158    5.722
  21.131   27.247    6.727
  19.417   26.331    1.529
  18.673   25.180    1.176
  20.765   28.214    7.318
  22.295   27.333    6.969
  20.890   26.489    7.581
  17.509   25.094    0.934
  19.039   24.212    0.585
  18.701   25.509    0.468
  27.789   31.867   30.575
  28.727   32.359   31.412
  28.682   33.690   31.889
  29.655   34.201   32.757
  30.708   33.398   33.178
  26.850   31.375   29.739
  26.895   30.043   29.261
  30.401   33.788   34.261
  31.377   34.327   32.849
  31.597   32.735   33.539
  26.226   29.114   29.590
  27.202   29.654   28.178
  26.242   30.265   28.895
  35.602   27.808   32.233
  35.749   26.505   32.553
  37.023   25.901   32.673
  37.176   24.550   33.005
  36.059   23.754   33.229
  35.456   29.112   31.913
  34.181   29.716   31.793
  36.642   23.442   34.221
  36.601   23.008   32.474
  35.131   23.075   33.419
  33.640   30.461   32.548
  33.599   30.028   30.801
  34.613   30.345   31.626
  46.436   18.176   29.083
  45.098   18.349   29.023
  44.241   17.381   28.447
  42.854   17.561   28.385
  42.274   18.715   28.897
  47.773   18.003   29.143
  48.630   18.971   29.719
  41.545   17.949   29.446
  41.720   18.748   27.842
  41.775   19.679   29.323
  49.184   18.937   30.773
  49.359   19.737   29.170
  49.177   18.450   29.519
  23.404   44.253   38.110
  22.231   43.661   38.420
  21.517   42.877   37.484
  20.300   42.263   37.806
  19.755   42.412   39.075
  24.577   44.845   37.800
  25.292   45.630   38.736
  19.650   41.226   39.027
  18.764   42.692   38.475
  19.286   42.528   40.136
  26.283   45.350   39.336
  25.397   46.816   38.784
  25.787   45.703   38.136
  27.767   45.301   22.403
  28.549   44.254   22.739
  29.832   44.064   22.174
  30.644   42.978   22.523
  30.201   42.043   23.450
  26.984   46.348   22.066
  25.701   46.538   22.632
  31.267   42.226   23.950
  30.538   41.255   22.622
  29.842   41.250   24.227
  25.364   47.326   23.460
  24.635   46.354   22.132
  25.707   47.167   22.168
   8.019   39.256    4.087
   6.839   38.659    3.815
   6.764   37.324    3.351
   5.540   36.706    3.068
   4.349   37.399    3.239
   9.199   39.852    4.360
   9.275   41.187    4.823
   4.017   36.424    3.838
   4.114   37.009    2.138
   3.341   37.970    3.378
   9.510   41.578    5.925
   9.607   42.163    4.225
  10.041   41.034    4.814
  21.904   39.147   23.853
  21.380   40.122   23.080
  20.005   40.453   23.119
  19.461   41.464   22.318
  20.273   42.180   21.448
  22.428   38.172   24.626
  23.804   37.842   24.586
  19.752   43.127   21.948
  19.425   41.923   20.651
  20.944   42.789   20.713
  24.652   38.099   25.382
  24.325   36.894   24.085
  23.585   37.321   25.125
  33.479   23.983   22.354
  33.799   22.780   22.877
  34.996   22.108   22.533
  35.328   20.860   23.075
  34.475   20.241   23.980
  33.159   25.186   21.831
  31.962   25.859   22.175
  35.467   20.113   24.628
  34.617   19.296   23.268
  33.768   19.711   24.741
  31.821   26.804   22.887
  30.971   25.987   21.527
  32.245   26.391   21.678
  31.370   11.139   47.219
  31.429   12.479   47.371
  30.292   13.304   47.201
  30.353   14.694   47.358
  31.554   15.309   47.691
  31.311    9.799   47.068
  32.448    8.974   47.238
  30.897   15.848   48.526
  31.288   16.028   46.778
  32.555   15.837   47.970
  32.714    8.255   48.150
  33.105    8.435   46.402
  31.934    8.412   47.064
  37.813   25.749    4.690
  38.917   25.677    5.463
  39.893   24.668    5.285
  41.038   24.593    6.087
  41.249   25.525    7.095
  36.708   25.821    3.917
  35.732   26.830    4.096
  42.331   25.618    6.605
  41.450   24.561    7.766
  41.438   26.301    7.945
  35.531   27.795    3.425
  34.650   26.738    4.586
  35.392   26.459    3.499
  39.582    6.567    3.809
  38.260    6.842    3.818
  37.438    6.611    2.690
  36.067    6.896    2.700
  35.470    7.423    3.838
  40.904    6.292    3.799
  41.726    6.524    4.927
  34.675    6.553    3.666
  35.017    8.218    3.074
  34.956    7.866    4.787
  42.179    5.729    5.691
  42.521    7.394    5.099
  42.277    6.241    4.451
  22.700   39.364   47.368
  23.622   40.346   47.445
  23.272   41.714   47.346
  24.229   42.733   47.426
  25.571   42.420   47.608
  21.777   38.382   47.291
  22.127   37.014   47.391
  25.508   43.235   48.475
  25.734   43.163   46.691
  26.700   42.172   47.760
  21.964   36.271   48.308
  22.189   36.199   46.523
  21.358   36.920   47.297
  10.970   15.915   12.093
  11.200   16.509   10.903
  10.499   17.669   10.496
  10.737   18.285    9.261
  11.684   17.762    8.389
  10.741   15.321   13.284
  11.441   14.161   13.690
  12.075   18.887    8.345
  10.808   17.857    7.587
  12.476   17.334    7.648
  12.317   14.066   14.492
  11.051   13.036   13.734
  10.994   14.243   14.326
  43.197   17.152    0.579
  43.235   18.496    0.699
  44.397   19.243    0.397
  44.436   20.637    0.520
  43.314   21.333    0.950
  43.159   15.807    0.460
  41.996   15.060    0.762
  43.531   22.015   -0.003
  44.081   21.848    1.703
  42.379   21.930    1.310
  41.229   14.545    0.010
  41.779   14.379    1.715
  42.456   14.463    0.556
  47.158   39.855   28.839
  47.713   38.731   28.338
  46.979   37.528   28.201
  47.555   36.363   27.681
  48.885   36.358   27.280
  46.603   40.979   29.340
  47.336   42.181   29.477
  48.448   35.864   26.287
  48.947   35.371   27.945
  50.000   36.340   26.939
  47.275   43.168   28.811
  47.773   42.675   30.469
  46.655   42.440   29.758
  41.668   44.716   44.807
  40.623   44.068   45.365
  40.606   42.661   45.514
  39.523   41.989   46.093
  38.418   42.701   46.544
  42.713   45.364   44.248
  42.730   46.771   44.099
  38.572   42.058   47.535
  37.806   41.895   45.914
  37.485   43.286   46.927
  43.342   47.576   44.729
  42.576   47.414   43.108
  43.429   46.622   43.784
   2.032   34.079   27.186
   3.159   34.726   27.555
   3.290   35.341   28.822
   4.458   36.012   29.204
   5.537   36.091   28.332
   0.906   33.432   26.818
   0.775   32.817   25.551
   6.160   35.719   29.277
   5.502   37.251   28.600
   6.449   36.164   27.610
   0.810   31.656   25.282
   0.151   33.189   24.606
   0.068   32.636   25.830
  19.176   24.205   19.952
  20.117   24.881   19.259
  19.782   25.882   18.318
  20.758   26.582   17.599
  22.105   26.306   17.796
  18.234   23.530   20.645
  18.570   22.529   21.587
  22.198   27.489   17.906
  22.133   26.245   16.607
  23.239   26.084   17.952
  18.542   22.590   22.777
  18.477   21.346   21.477
  17.794   22.490   21.663
  39.745   17.480   24.237
  39.238   17.910   25.412
  40.059   18.443   26.433
  39.533   18.889   27.651
  38.167   18.817   27.892
  40.252   17.050   23.062
  39.430   16.516   22.041
  38.297   19.955   28.221
  38.505   18.307   28.914
  37.022   18.763   28.107
  39.092   17.026   21.018
  39.300   15.378   21.711
  40.116   16.448   21.672
  47.602   17.125   41.491
  47.574   15.775   41.509
  46.359   15.051   41.564
  46.330   13.651   41.583
  47.514   12.926   41.547
  47.630   18.474   41.473
  48.845   19.198   41.417
  46.968   12.325   40.675
  47.036   12.348   42.473
  48.501   12.305   41.517
  49.322   19.776   40.491
  49.391   19.799   42.290
  48.358   19.809   41.428
  18.866   16.395   24.400
  18.388   15.668   25.432
  18.813   15.886   26.764
  18.317   15.132   27.835
  17.378   14.133   27.611
  19.345   17.122   23.368
  18.920   16.904   22.036
  16.790   14.667   28.499
  18.117   13.471   28.272
  16.590   13.291   27.437
  18.181   17.565   21.375
  19.508   16.370   21.148
  19.420   17.486   21.894
  35.886   33.291   33.818
  36.182   34.607   33.874
  35.178   35.603   33.834
  35.485   36.968   33.892
  36.807   37.385   33.992
  35.590   31.975   33.762
  36.594   30.978   33.803
  36.391   38.056   34.885
  36.512   38.105   33.090
  37.912   37.748   34.077
  36.888   30.258   34.705
  37.009   30.307   32.910
  35.975   30.504   33.748
  43.147   17.873    7.412
  42.677   18.121    6.171
  43.510   18.062    5.028
  43.023   18.319    3.741
  41.685   18.644    3.550
  43.616   17.625    8.653
  42.784   17.684    9.796
  41.734   17.800    2.711
  42.130   19.544    2.909
  40.565   18.918    3.376
  42.339   16.783   10.437
  42.735   18.528   10.635
  43.448   17.492   10.158
  40.740   26.160   43.642
  40.747   25.058   42.863
  41.455   25.009   41.639
  41.463   23.866   40.831
  40.762   22.731   41.218
  40.734   27.263   44.422
  40.026   27.311   45.646
  41.787   22.174   40.975
  40.330   22.778   40.108
  40.178   21.771   41.531
  40.458   27.264   46.755
  39.000   27.868   45.888
  40.316   28.036   45.663
  48.916   19.188    2.702
  48.904   20.416    2.141
  48.781   20.599    0.743
  48.769   21.872    0.160
  48.879   23.007    0.954
  48.928   17.961    3.264
  49.051   17.777    4.662
  47.930   23.374    0.335
  49.721   23.316    0.170
  48.971   23.967    1.609
  48.209   17.468    5.447
  50.000   17.410    5.281
  49.007   17.024    4.459
  14.084   13.226   24.901
  12.878   13.367   25.491
  12.392   14.627   25.913
  11.142   14.773   26.526
  10.332   13.664   26.737
  15.290   13.086   24.310
  15.776   11.826   23.888
   9.493   14.343   26.233
  10.253   14.096   27.845
   9.643   12.742   26.921
  15.855   11.394   22.780
  16.616   11.147   24.393
  16.389   12.256   23.665
   6.506   19.148    8.127
   7.065   18.024    8.624
   7.621   17.974    9.924
   8.202   16.809   10.439
   8.247   15.652    9.672
   5.946   20.271    7.631
   5.390   20.321    6.330
   7.800   15.141   10.651
   9.396   15.643    9.988
   8.292   14.673    9.039
   4.241   20.330    6.014
   5.837   20.832    5.351
   5.243   21.060    6.536
  26.330   13.027   30.096
  27.223   12.155   29.583
  28.594   12.192   29.933
  29.520   11.287   29.401
  29.109   10.313   28.500
  25.436   13.899   30.609
  24.065   13.862   30.259
  29.712    9.579   29.219
  30.030   10.707   27.853
  28.778    9.491   27.742
  23.145   13.467   30.906
  23.463   14.596   29.540
  24.033   14.467   30.752
  30.540   40.011   27.203
  30.363   40.195   28.528
  29.226   40.857   29.048
  29.042   41.048   30.423
  29.990   40.584   31.327
  30.717   39.826   25.877
  31.855   39.165   25.357
  29.044   40.112   31.877
  29.912   41.686   31.774
  30.777   40.200   32.097
  31.933   38.063   24.910
  32.801   39.636   24.807
  31.501   39.316   24.678
   3.252   27.179   38.073
   3.815   28.259   38.656
   3.036   29.296   39.223
   3.620   30.416   39.827
   5.002   30.538   39.887
   2.690   26.099   37.489
   3.468   25.062   36.923
   4.802   30.771   41.039
   4.794   31.630   39.457
   6.161   30.654   39.945
   3.676   23.971   37.353
   3.669   24.829   35.771
   2.764   24.764   36.765
  32.524   22.476    2.905
  33.044   22.526    4.149
  33.093   23.729    4.893
  33.633   23.782    6.184
  34.143   22.633    6.777
  32.003   22.425    1.660
  31.954   21.222    0.916
  33.464   22.964    7.698
  35.085   23.326    7.005
  34.574   21.677    7.286
  31.012   20.529    0.688
  32.633   20.891   -0.005
  31.622   21.689    0.385
  18.727    3.800   12.618
  17.601    3.598   13.335
  17.633    3.347   14.727
  16.465    3.138   15.470
  15.224    3.174   14.848
  19.853    4.001   11.901
  19.821    4.253   10.509
  14.942    3.910   15.742
  15.052    2.142   15.420
  14.175    3.201   14.338
  19.992    5.284    9.937
  20.103    3.517    9.615
  20.596    4.284   10.604
  22.322   34.385   20.197
  23.340   33.939   19.431
  24.694   34.124   19.800
  25.749   33.661   19.005
  25.489   32.997   17.813
  21.304   34.831   20.964
  19.951   34.646   20.595
  26.257   32.194   18.244
  26.282   33.764   17.364
  25.285   32.438   16.811
  19.157   33.879   21.045
  19.183   35.449   20.164
  19.827   35.025   21.267
  21.020   17.867   13.897
  20.108   18.341   14.772
  20.162   19.667   15.266
  19.216   20.159   16.173
  18.184   19.344   16.620
  21.932   17.392   13.022
  21.879   16.067   12.528
  17.498   20.273   16.326
  18.526   19.721   17.697
  17.312   18.670   17.003
  21.536   15.689   11.451
  22.565   15.138   12.821
  22.517   16.298   12.142
  27.794   36.170   34.899
  28.541   36.164   36.023
  29.831   35.583   36.064
  30.605   35.576   37.230
  30.118   36.151   38.397
  27.047   36.176   33.774
  25.757   36.757   33.734
  31.178   36.696   38.417
  30.452   35.118   38.890
  29.721   36.629   39.384
  25.424   37.790   33.241
  24.698   36.212   33.714
  25.790   36.520   32.991
  45.056   23.712   30.471
  46.185   24.446   30.383
  46.868   24.913   31.532
  48.039   25.675   31.441
  48.569   25.997   30.198
  43.927   22.977   30.559
  43.244   22.511   29.410
  49.586   25.594   30.672
  48.603   27.102   30.643
  49.025   26.275   29.161
  43.211   21.406   28.965
  42.228   22.914   28.936
  42.765   22.209   29.948
   7.217    6.872   27.391
   8.261    7.722   27.289
   9.574    7.268   27.025
  10.657    8.149   26.919
  10.464    9.516   27.073
   6.173    6.023   27.494
   4.859    6.477   27.758
  11.084    9.586   26.057
  11.385    9.429   27.825
  10.317   10.666   27.200
   3.938    6.564   27.006
   4.240    6.407   28.774
   4.701    5.713   27.717
  12.294   28.194    8.808
  11.323   27.739    9.628
  11.576   27.416   10.982
  10.569   26.944   11.833
   9.273   26.778   11.359
  13.266   28.648    7.988
  13.013   28.971    6.633
   8.977   27.393   12.336
   9.367   25.701   11.860
   8.182   26.635   10.975
  12.920   30.049    6.132
  13.310   28.357    5.656
  13.775   29.144    6.643
  10.564   33.256   28.928
  11.650   33.671   28.242
  12.549   32.760   27.637
  13.675   33.190   26.926
  13.943   34.547   26.793
   9.478   32.841   29.614
   8.580   33.752   30.218
  14.062   34.278   25.638
  15.035   34.234   27.152
  14.179   35.683   26.674
   7.487   34.065   29.859
   8.461   34.021   31.373
   8.220   33.091   30.430
  40.676    7.329   19.828
  41.856    6.777   20.183
  43.032    7.550   20.331
  44.255    6.978   20.699
  44.347    5.611   20.932
  39.496    7.881   19.474
  38.321    7.108   19.326
  44.890    5.951   21.936
  45.285    5.681   20.201
  44.437    4.466   21.130
  37.382    7.037   20.056
  37.777    6.768   18.321
  38.013    7.803   19.148
  11.845   33.071   42.738
  11.830   33.104   44.087
  10.984   32.263   44.848
  10.968   32.297   46.248
  11.798   33.173   46.936
  11.860   33.039   41.388
  12.706   33.880   40.627
  12.087   32.202   47.563
  10.797   33.457   47.518
  12.489   33.904   47.526
  13.706   33.596   40.045
  12.417   34.851   40.000
  12.364   33.507   40.032
  44.502   24.066   33.324
  43.152   24.045   33.348
  42.384   25.233   33.371
  40.984   25.211   33.397
  40.303   24.001   33.400
  45.851   24.087   33.299
  46.620   22.898   33.276
  39.679   24.498   32.515
  39.712   24.484   34.315
  39.719   22.991   33.403
  47.211   22.415   32.361
  47.244   22.401   34.161
  47.212   23.408   33.269
  41.553    2.386   36.113
  42.405    3.384   35.796
  42.616    3.793   34.458
  43.499    4.828   34.128
  44.202    5.492   35.126
  40.702    1.387   36.431
  40.491    0.979   37.769
  43.801    6.470   34.577
  45.142    5.279   34.424
  44.799    6.057   35.953
  39.552    1.191   38.471
  40.892   -0.000   38.318
  40.003    0.474   37.426
  32.640   16.387   15.815
  32.551   17.019   14.626
  33.534   16.867   13.620
  33.441   17.522   12.386
  32.361   18.352   12.114
  32.730   15.755   17.005
  31.746   15.907   18.011
  32.298   17.723   11.104
  33.205   19.124   11.779
  31.460   19.052   11.873
  30.902   15.136   18.346
  31.809   16.536   19.021
  32.217   15.417   18.396
  24.854   25.806   15.688
  25.198   25.794   16.994
  25.248   26.978   17.767
  25.605   26.965   19.121
  25.924   25.768   19.750
  24.510   25.817   14.383
  24.460   24.633   13.610
  25.154   26.148   20.576
  26.882   26.370   20.123
  26.194   24.771   20.290
  23.502   24.031   13.236
  25.230   24.254   12.783
  24.249   25.135   13.049
  17.470   25.998   39.535
  18.179   26.818   38.731
  18.123   28.226   38.859
  18.859   29.077   38.025
  19.677   28.550   37.033
  16.761   25.178   40.339
  16.816   23.769   40.211
  20.492   29.286   37.496
  19.117   29.337   36.335
  20.367   28.121   36.197
  17.376   22.983   40.909
  16.001   23.034   39.748
  16.314   23.802   40.808
  15.085    8.408   39.966
  14.703    7.157   39.629
  13.381    6.860   39.223
  12.986    5.564   38.873
  13.899    4.518   38.917
  15.466    9.658   40.303
  16.788    9.955   40.710
  13.493    4.289   37.820
  13.040    3.966   39.532
  14.655    3.631   38.949
  17.647   10.507   40.095
  17.194   10.184   41.806
  16.495   10.677   40.768
   5.810   27.838    4.388
   6.425   26.643    4.516
   5.814   25.553    5.179
   6.452   24.313    5.312
   7.723   24.121    4.786
   5.195   29.033    4.261
   5.806   30.124    3.598
   7.237   23.142    4.311
   7.962   23.682    5.868
   8.791   23.945    4.350
   5.567   30.563    2.516
   6.292   31.103    4.073
   5.136   30.477    3.788
  25.569   48.785   31.725
  26.574   47.928   31.446
  27.687   48.308   30.660
  28.729   47.419   30.370
  28.695   46.118   30.856
  24.564   49.643   32.004
  23.451   49.262   32.790
  29.806   46.360   31.212
  28.940   45.828   29.726
  28.679   45.024   31.257
  23.206   49.552   33.920
  22.339   49.020   32.434
  23.235   50.000   32.652
  42.253   41.201   16.680
  43.218   41.645   15.847
  44.213   42.559   16.271
  45.213   43.019   15.407
  45.256   42.582   14.089
  41.288   40.757   17.513
  40.294   39.843   17.090
  46.403   42.370   14.333
  45.349   43.744   13.843
  45.304   42.223   12.980
  40.202   38.681   17.335
  39.147   40.055   16.846
  40.056   39.924   17.829
  39.133   36.558   30.467
  39.379   37.885   30.496
  40.695   38.403   30.553
  40.951   39.779   30.583
  39.899   40.687   30.557
  38.887   35.231   30.438
  37.571   34.714   30.381
  40.534   41.198   29.687
  40.466   41.172   31.486
  39.026   41.460   30.535
  37.005   34.229   29.451
  36.936   34.202   31.250
  37.953   34.032   30.385
  41.859   22.680   14.633
  41.438   21.526   14.074
  40.102   21.076   14.199
  39.666   19.878   13.619
  40.549   19.089   12.893
  42.280   23.835   15.193
  43.615   24.285   15.068
  39.683   19.100   12.075
  40.123   18.211   13.578
  41.280   18.417   12.282
  44.041   25.163   14.384
  44.481   24.275   15.886
  43.343   24.878   15.498
  27.437   17.592   48.572
  26.097   17.491   48.710
  25.502   16.923   49.861
  24.113   16.818   50.003
  23.270   17.278   48.999
  28.776   17.694   48.435
  29.371   18.262   47.284
  22.716   17.831   49.898
  22.758   16.208   49.119
  22.551   17.660   48.165
  29.883   19.332   47.165
  29.925   17.710   46.386
  30.028   18.094   47.671
  41.672   24.197   48.488
  43.005   24.348   48.638
  43.855   24.640   47.544
  45.237   24.796   47.699
  45.820   24.667   48.953
  40.339   24.046   48.339
  39.490   23.755   49.433
  46.342   25.701   48.674
  46.574   23.940   48.385
  46.322   24.561   50.001
  38.736   24.482   50.001
  38.968   22.720   49.712
  38.943   23.774   48.876
  17.553   12.981   14.919
  16.472   13.256   14.158
  16.477   14.292   13.194
  15.356   14.577   12.406
  14.190   13.836   12.552
  18.634   12.707   15.680
  18.629   11.671   16.643
  14.252   13.745   11.366
  13.671   14.907   12.612
  13.205   13.222   12.665
  19.148   10.600   16.584
  18.566   11.761   17.830
  19.361   11.917   16.756
  36.787   14.470   24.905
  37.132   13.562   23.967
  36.420   12.350   23.798
  36.777   11.409   22.826
  37.859   11.645   21.987
  36.443   15.378   25.842
  37.155   16.589   26.011
  37.090   11.350   21.126
  38.182   10.543   22.308
  38.765   11.830   21.277
  36.832   17.690   25.690
  37.924   16.884   26.872
  36.625   16.698   26.575
  12.175   16.893   36.820
  12.787   16.347   37.892
  12.290   15.185   38.528
  12.924   14.618   39.639
  14.079   15.193   40.155
  11.564   17.440   35.748
  12.061   18.602   35.112
  14.501   14.080   40.102
  13.502   15.105   41.195
  15.048   15.666   40.598
  12.637   18.691   34.072
  11.639   19.715   35.165
  11.440   18.487   34.652
  30.068   16.680   38.767
  29.831   15.456   38.249
  28.539   14.879   38.248
  28.294   13.610   37.711
  29.332   12.872   37.155
  30.304   17.904   39.286
  31.597   18.481   39.287
  28.578   12.743   36.242
  28.908   11.999   37.847
  30.194   12.242   36.686
  32.020   19.354   38.595
  32.351   18.610   40.200
  31.218   19.068   39.636
  34.313   19.860   35.542
  33.102   20.028   36.115
  31.936   19.413   35.601
  30.681   19.587   36.196
  30.547   20.384   37.326
  35.523   19.691   34.968
  36.689   20.307   35.482
  29.952   19.446   37.757
  29.655   20.881   36.711
  30.420   21.050   38.275
  37.581   19.810   36.097
  37.284   21.245   35.051
  37.021   19.937   34.880
  39.876   44.309    8.026
  40.969   43.559    8.282
  42.089   44.077    8.976
  43.222   43.299    9.241
  43.276   41.976    8.823
  38.783   45.059    7.770
  37.664   44.541    7.077
  43.613   41.770    9.948
  44.338   42.293    8.385
  43.335   40.863    8.478
  36.602   44.223    7.514
  37.327   44.746    5.952
  37.392   45.263    7.193
  16.593   29.692   26.770
  15.523   29.257   27.468
  14.885   28.028   27.174
  13.775   27.576   27.898
  13.262   28.338   28.941
  17.664   30.127   26.073
  18.302   31.356   26.366
  13.316   27.312   29.544
  12.222   28.155   28.390
  12.822   28.967   29.818
  19.342   31.539   26.917
  18.248   32.382   25.763
  18.760   31.138   25.772
   7.990   18.759   46.065
   8.777   18.325   47.072
   9.147   16.965   47.202
   9.963   16.515   48.247
  10.439   17.408   49.198
   7.203   19.193   45.058
   6.833   20.553   44.928
  11.490   16.899   48.961
  10.031   16.599   49.972
  10.845   18.147   50.004
   7.241   21.362   44.154
   5.782   21.062   45.165
   6.455   20.280   44.302
  29.335   39.664   43.476
  28.188   39.282   42.876
  27.098   38.754   43.607
  25.908   38.358   42.984
  25.767   38.476   41.608
  30.482   40.046   44.077
  31.572   40.574   43.345
  24.737   39.005   41.890
  25.400   37.344   41.679
  25.634   38.569   40.453
  31.939   41.706   43.273
  32.602   40.046   43.063
  31.893   40.613   44.056
  26.404   15.382   36.937
  26.787   16.474   36.240
  27.961   17.195   36.562
  28.357   18.327   35.840
  27.594   18.778   34.770
  26.022   14.291   37.633
  24.848   13.569   37.311
  28.639   18.789   34.197
  27.690   19.834   35.314
  26.963   19.167   33.870
  24.752   12.513   36.767
  23.803   13.559   37.884
  25.079   13.132   37.916
  37.797   35.576   12.235
  38.992   35.942   11.725
  40.214   35.524   12.304
  41.454   35.904   11.775
  41.516   36.715   10.649
  36.602   35.210   12.745
  35.380   35.628   12.166
  42.278   35.889   10.256
  42.280   37.349   11.308
  41.582   37.396    9.705
  34.615   34.994   11.508
  34.617   36.454   12.560
  35.081   35.206   12.752
   0.871   29.831   17.661
   0.856   30.046   16.328
   0.919   28.983   15.396
   0.903   29.206   14.014
   0.823   30.500   13.515
   0.887   29.616   18.994
   0.823   30.679   19.926
  -0.052   30.048   12.844
   1.744   30.158   12.841
   0.756   31.581   13.082
  -0.099   31.021   20.599
   1.698   31.131   20.596
   0.860   30.091   20.438
  38.087   40.263    2.468
  38.481   40.970    3.548
  37.776   42.113    3.995
  38.185   42.846    5.115
  39.313   42.463    5.829
  37.693   39.556    1.387
  38.398   38.413    0.941
  38.593   42.569    6.772
  39.614   43.611    5.718
  40.258   42.152    6.438
  38.098   37.266    1.052
  39.119   38.308   -0.002
  37.838   38.412    0.397
   9.423    8.114   16.955
   8.904    6.978   16.442
   9.388    5.700   16.811
   8.850    4.522   16.279
   7.810    4.579   15.360
   9.941    9.250   17.467
   9.457   10.528   17.099
   7.304    3.773   16.078
   8.497    3.836   14.732
   6.936    4.613   14.588
   8.770   11.271   17.727
   9.963   11.334   16.381
  10.009   10.764   17.598
  19.538   38.940   40.448
  19.906   38.797   41.739
  18.964   38.826   42.795
  19.346   38.677   44.134
  20.683   38.495   44.464
  19.170   39.083   39.157
  20.112   39.054   38.101
  20.264   37.585   45.110
  20.474   39.368   45.248
  21.802   38.341   44.756
  20.321   38.181   37.317
  20.530   39.963   37.455
  19.471   39.162   37.668
  19.523   44.904   34.070
  20.237   45.913   34.612
  20.941   46.846   33.815
  21.682   47.893   34.377
  21.746   48.043   35.756
  18.809   43.895   33.528
  18.105   42.961   34.326
  21.463   49.176   35.515
  22.919   48.119   35.564
  21.807   48.182   36.912
  16.931   42.886   34.518
  18.387   41.829   34.567
  17.915   42.668   33.627
  45.261    4.183   46.112
  43.941    4.156   46.394
  43.263    5.282   46.920
  41.894    5.254   47.212
  41.154    4.099   46.989
  46.581    4.210   45.830
  47.259    3.084   45.305
  40.407    4.842   46.433
  40.775    4.283   48.103
  40.521    3.137   46.806
  47.638    2.901   44.190
  48.006    2.342   45.861
  47.868    3.572   45.333
  31.184   11.396   39.450
  32.062   12.194   40.093
  31.642   13.306   40.861
  32.553   14.134   41.528
  33.917   13.880   41.450
  30.306   10.597   38.807
  30.726    9.485   38.039
  33.872   13.989   42.636
  33.985   15.038   41.178
  35.064   13.678   41.393
  30.658    8.327   38.311
  30.770    9.377   36.853
  29.957    9.409   37.925
  13.157   44.793   34.926
  12.492   45.966   35.007
  13.166   47.210   35.020
  12.477   48.426   35.104
  11.090   48.441   35.180
  13.821   43.621   34.844
  13.147   42.376   34.832
  11.180   49.244   34.304
  11.277   49.174   36.100
   9.926   48.467   35.244
  12.960   41.643   33.912
  13.057   41.573   35.708
  13.877   42.103   34.782
  31.490   41.995   41.138
  30.240   41.868   41.633
  29.094   42.183   40.865
  27.798   42.051   41.378
  27.602   41.601   42.677
  32.740   42.121   40.643
  33.886   41.806   41.411
  26.826   40.856   42.164
  26.891   42.553   42.762
  27.424   41.223   43.766
  34.597   40.854   41.326
  34.662   42.550   41.925
  34.253   42.023   40.757
  29.975   18.548    7.051
  28.743   19.079    7.194
  28.530   20.312    7.857
  27.252   20.863    8.005
  26.141   20.202    7.497
  31.208   18.016    6.907
  31.421   16.784    6.245
  25.887   21.265    7.023
  25.692   20.392    8.584
  25.200   19.657    7.075
  31.870   16.594    5.157
  31.675   15.720    6.719
  32.165   16.938    6.424
   0.360   23.191   21.722
   0.535   23.804   22.912
   0.093   23.225   24.125
   0.275   23.861   25.360
   0.905   25.097   25.424
   0.185   22.579   20.531
   0.627   23.157   19.318
   1.554   24.576   26.278
  -0.037   25.397   26.089
   1.432   26.135   25.493
   1.570   22.857   18.653
  -0.021   23.678   18.465
   0.325   22.502   19.019
  23.174   10.225   38.923
  22.931   11.210   38.032
  21.642   11.428   37.489
  21.390   12.449   36.565
  22.417   13.288   36.150
  23.417    9.240   39.814
  24.705    9.022   40.357
  21.640   14.153   36.410
  22.017   13.024   35.059
  23.270   13.999   35.794
  25.105    9.285   41.448
  25.483    8.156   40.097
  24.333    8.447   40.733
  38.989    6.543    6.048
  38.133    7.575    5.889
  38.439    8.682    5.062
  37.552    9.753    4.897
  36.327    9.754    5.552
  39.844    5.511    6.207
  39.538    4.404    7.034
  35.896   10.015    4.472
  36.648   10.855    5.876
  35.295    9.767    6.096
  39.217    3.303    6.710
  39.968    4.143    8.114
  40.244    4.168    6.797
  11.884    6.494   30.040
  12.202    5.413   29.296
  11.344    4.293   29.196
  11.674    3.172   28.425
  12.874    3.132   27.727
  11.565    7.575   30.783
  12.424    8.696   30.884
  12.182    2.807   26.813
  12.987    2.062   28.240
  13.878    3.085   27.136
  12.311    9.765   30.370
  13.116    9.021   31.797
  11.851    8.960   31.344
  21.859   42.708    6.142
  20.531   42.573    5.941
  19.595   42.710    6.994
  18.218   42.569    6.786
  17.727   42.286    5.518
  23.187   42.844    6.343
  24.122   42.707    5.290
  16.990   43.196    5.742
  17.118   41.434    6.085
  17.301   42.049    4.458
  24.731   43.559    4.722
  24.859   41.797    5.066
  24.630   42.856    5.864
  41.681   47.071   13.987
  40.498   47.721   13.962
  40.407   49.103   13.674
  39.180   49.776   13.647
  37.999   49.091   13.908
  42.864   46.422   14.013
  42.955   45.040   14.301
  37.625   49.617   12.906
  37.794   49.994   14.658
  37.001   48.528   14.125
  43.161   44.137   13.551
  43.329   44.514   15.303
  43.717   45.177   14.198
  23.381   18.349   14.805
  22.382   17.954   15.622
  22.615   17.123   16.744
  21.579   16.713   17.591
  20.273   17.119   17.347
  24.381   18.745   13.988
  24.148   19.576   12.867
  20.287   17.417   18.501
  20.026   15.960   17.476
  19.172   17.452   17.154
  24.394   20.734   12.737
  24.133   19.278   11.713
  24.920   19.497   12.782
  34.804    2.006   38.350
  34.143    3.181   38.427
  32.730    3.248   38.427
  32.044    4.466   38.506
  32.748    5.661   38.589
  35.465    0.832   38.273
  36.878    0.765   38.273
  32.016    5.878   39.503
  32.021    5.999   37.707
  33.326    6.671   38.658
  37.605    0.427   39.154
  37.611    0.547   37.358
  36.736   -0.001   38.221
  34.261   12.776   22.553
  34.766   11.667   21.972
  34.030   10.462   21.889
  34.554    9.312   21.286
  35.833    9.326   20.745
  33.756   13.885   23.134
  34.493   15.091   23.217
  35.296    8.849   19.795
  35.972    8.327   21.379
  36.906    9.325   20.287
  34.354   16.090   22.583
  35.030   15.568   24.167
  33.844   15.338   23.575
  14.144   47.071   13.256
  13.934   47.074   11.923
  12.656   47.315   11.366
  12.438   47.319    9.983
  13.491   47.082    9.108
  14.355   47.067   14.590
  15.633   46.826   15.147
  13.091   48.065    8.566
  12.736   46.301    8.617
  14.365   46.885    8.362
  16.388   47.607   15.638
  16.033   45.843   15.689
  15.242   46.924   15.816
  30.523   23.205   24.115
  29.840   23.670   25.183
  30.125   23.240   26.501
  29.417   23.723   27.608
  28.399   24.653   27.437
  31.205   22.739   23.048
  30.920   23.170   21.730
  28.969   25.241   28.303
  27.777   23.904   28.124
  27.543   25.433   27.308
  31.543   23.918   21.043
  30.351   22.581   20.864
  31.500   22.676   21.557
  29.627   22.351    2.651
  29.555   21.087    3.120
  29.335   20.806    4.489
  29.261   19.495    4.975
  29.404   18.418    4.109
  29.698   23.615    2.183
  29.918   23.896    0.814
  28.409   18.029    4.636
  30.186   18.035    4.922
  29.522   17.505    3.393
  29.136   24.280    0.000
  30.913   24.285    0.286
  29.875   24.633    1.068
   9.599   10.535   23.919
  10.461   10.266   22.916
  11.324    9.145   22.949
  12.218    8.866   21.909
  12.280    9.697   20.797
   8.737   10.805   24.923
   7.873   11.926   24.889
  12.193    8.675   20.190
  13.453    9.670   21.005
  12.343   10.386   19.859
   6.700   11.953   24.682
   7.960   12.947   25.496
   7.651   11.641   25.581
  12.759   39.487   36.340
  14.062   39.793   36.521
  14.921   38.984   37.301
  16.272   39.301   37.488
  16.811   40.439   36.902
  11.457   39.182   36.160
  10.598   39.991   35.379
  17.661   39.688   36.534
  17.233   40.645   37.997
  17.277   41.391   36.415
  10.176   39.785   34.284
   9.749   40.742   35.747
  10.075   39.447   35.583
  40.504    5.345   21.281
  39.523    4.918   20.458
  39.563    5.145   19.062
  38.545    4.702   18.209
  37.451    4.017   18.721
  41.486    5.771   22.104
  41.445    5.545   23.500
  37.693    3.241   17.850
  36.824    4.801   18.078
  36.526    3.441   19.138
  42.072    4.762   24.144
  41.203    6.322   24.371
  42.125    5.928   23.475
  13.812   10.679   23.176
  13.735   12.024   23.092
  14.229   12.735   21.973
  14.149   14.130   21.886
  13.572   14.864   22.915
  13.890    9.334   23.259
  13.395    8.622   24.378
  12.958   15.376   22.031
  14.564   15.518   22.831
  13.090   15.492   23.772
  12.403    7.968   24.462
  14.009    8.110   25.262
  13.654    8.009   23.969
  39.111   26.318    8.212
  38.559   25.090    8.108
  39.170   24.054    7.363
  38.598   22.781    7.255
  37.394   22.498    7.889
  39.662   27.546    8.316
  39.051   28.582    9.062
  37.980   21.541    8.290
  37.083   22.069    6.821
  36.384   22.248    8.415
  39.362   29.011   10.129
  38.466   29.539    8.660
  39.679   28.980    8.822
   3.250    7.404   21.566
   2.603    7.270   20.389
   3.264    6.835   19.215
   2.593    6.697   17.994
   1.238    6.989   17.903
   3.897    7.537   22.743
   3.237    7.972   23.917
   1.177    5.926   17.369
   1.573    7.633   16.958
   0.100    7.231   17.812
   2.902    7.328   24.862
   3.297    9.036   24.451
   3.949    7.881   24.224
  44.416   30.125   39.341
  44.691   28.947   39.940
  44.184   27.720   39.450
  44.470   26.498   40.071
  45.274   26.459   41.203
  44.140   31.303   38.742
  44.647   32.530   39.232
  45.849   25.604   40.607
  44.393   25.791   41.647
  45.947   26.413   42.154
  45.528   33.198   38.788
  44.072   33.386   39.828
  44.249   32.815   38.623
   3.975   20.970   17.665
   4.196   22.055   16.892
   5.329   22.884   17.070
   5.558   24.009   16.269
   4.663   24.345   15.261
   3.754   19.886   18.438
   2.621   19.056   18.261
   5.645   24.413   14.590
   4.719   25.429   15.751
   3.919   24.638   14.412
   2.565   17.972   17.770
   1.639   18.988   18.932
   2.944   18.669   18.857
  33.378   26.590   14.131
  34.443   25.888   14.574
  35.318   26.396   15.562
  36.422   25.668   16.021
  36.690   24.405   15.508
  32.314   27.293   13.689
  31.438   26.785   12.700
  36.771   24.098   16.656
  37.792   24.837   15.372
  36.927   23.344   15.085
  30.336   26.353   12.836
  31.357   27.092   11.551
  31.083   27.471   12.813
   7.344   12.633   12.587
   7.798   11.421   12.970
   9.162   11.190   13.269
   9.632    9.933   13.667
   8.756    8.861   13.779
   6.891   13.846   12.204
   5.527   14.076   11.905
   9.268    8.722   14.846
   9.573    8.292   13.125
   8.031    7.953   13.878
   4.710   14.645   12.559
   5.014   14.215   10.838
   5.789   14.799   11.771
  30.896   31.603   20.112
  31.598   32.737   20.325
  33.002   32.728   20.501
  33.730   33.903   20.721
  33.079   35.130   20.773
  30.195   30.469   19.900
  28.791   30.478   19.724
  33.926   35.464   20.004
  33.701   35.271   21.779
  32.546   36.166   20.818
  28.169   30.337   18.717
  27.944   30.144   20.492
  28.901   29.708   19.654
  20.355   46.518    9.483
  19.307   45.668    9.460
  19.467   44.274    9.648
  18.380   43.392    9.624
  17.094   43.872    9.410
  21.403   47.368    9.507
  21.243   48.762    9.318
  16.830   43.219   10.370
  17.045   43.003    8.596
  16.010   44.262    9.231
  21.292   49.631   10.131
  21.507   49.415    8.357
  22.019   48.756    9.413
   6.285   37.291   20.856
   7.359   36.475   20.910
   8.399   36.541   19.952
   9.513   35.695   20.007
   9.627   34.753   21.022
   5.211   38.107   20.803
   4.171   38.041   21.761
  10.721   35.208   21.145
   9.857   34.004   20.124
   9.735   33.958   21.868
   3.941   38.790   22.659
   3.077   37.586   21.638
   3.878   38.620   21.326
  13.926   39.677   33.353
  13.445   38.888   34.338
  12.972   37.578   34.086
  12.473   36.761   35.108
  12.428   37.224   36.416
  14.407   40.465   32.369
  14.879   41.775   32.620
  12.956   36.185   36.665
  11.302   36.836   36.378
  12.385   37.601   37.519
  16.005   42.163   32.658
  14.352   42.814   32.371
  15.008   41.762   31.850
  22.322   23.319   45.408
  22.969   22.206   45.816
  24.338   22.223   46.176
  25.008   21.069   46.599
  24.334   19.857   46.678
  21.676   24.431   45.000
  20.307   24.414   44.641
  24.816   19.809   47.767
  25.268   19.446   46.062
  23.780   18.833   46.749
  19.373   24.825   45.257
  19.825   24.463   43.552
  20.440   25.173   44.515
  24.704    5.709   10.763
  25.391    4.606   10.398
  24.744    3.381   10.110
  25.456    2.237    9.731
  26.841    2.277    9.627
  24.018    6.813   11.128
  24.665    8.038   11.416
  26.646    1.772    8.565
  26.790    1.290   10.293
  28.004    2.296    9.536
  24.716    9.024   10.750
  24.860    8.542   12.478
  23.931    8.273   11.543
  34.937   14.938   33.864
  34.221   15.526   34.845
  34.838   16.243   35.897
  34.095   16.854   36.915
  32.708   16.769   36.916
  35.654   14.349   32.883
  35.037   13.632   31.830
  32.766   17.948   37.077
  32.859   16.438   38.051
  31.544   16.706   36.929
  34.886   13.964   30.695
  34.979   12.453   31.670
  35.778   13.533   31.605
  12.455   47.696   28.840
  13.713   47.835   29.308
  14.295   46.890   30.186
  15.601   47.034   30.671
  16.371   48.128   30.295
  11.196   47.557   28.372
  10.614   48.501   27.493
  17.194   47.301   30.056
  16.568   48.227   31.466
  17.028   49.041   29.988
  10.417   48.402   26.322
   9.790   49.328   27.733
  10.006   48.014   27.543
  46.230   14.702   19.801
  46.726   13.477   20.077
  46.052   12.569   20.929
  46.567   11.299   21.215
  47.773   10.891   20.660
  45.734   15.926   19.525
  46.407   16.834   18.674
  47.157    9.914   20.365
  48.039   10.590   21.782
  48.784   10.536   20.200
  46.141   17.135   17.552
  47.023   17.811   18.968
  45.791   17.284   18.842
  10.377   16.867   17.774
  10.802   15.820   18.513
   9.977   15.202   19.482
  10.417   14.116   20.248
  11.699   13.610   20.073
   9.952   17.914   17.035
  10.778   18.533   16.066
  11.136   12.562   20.008
  11.755   13.697   21.260
  12.773   13.176   19.936
  10.722   18.446   14.879
  11.341   19.581   16.132
  10.147   18.983   15.971
  21.693    4.483   23.885
  21.002    3.327   23.788
  20.505    2.852   22.552
  19.788    1.654   22.451
  19.543    0.887   23.584
  22.384    5.638   23.982
  22.881    6.113   25.219
  19.957   -0.005   22.911
  18.420    0.891   23.185
  19.330    0.235   24.527
  24.004    6.109   25.618
  22.467    7.006   25.892
  23.141    6.697   24.769
  12.307   43.844    2.970
  11.606   44.998    2.970
  12.241   46.262    2.970
  11.514   47.459    2.970
  10.125   47.433    2.970
  13.008   42.691    2.970
  12.373   41.427    2.970
  10.241   48.206    2.070
  10.240   48.206    3.870
   8.959   47.426    2.970
  12.257   40.654    2.070
  12.257   40.654    3.870
  13.112   41.174    2.970
  21.858    7.914   28.295
  21.578    6.663   27.874
  20.492    5.921   28.397
  20.201    4.623   27.960
  20.985    4.021   26.984
  22.139    9.165   28.717
  23.225    9.907   28.194
  19.935    3.781   26.473
  21.010    3.110   27.751
  21.635    3.504   26.165
  23.200   10.819   27.427
  24.274   10.147   28.705
  22.962   10.444   28.697
  29.159   17.092   15.654
  28.636   16.488   14.566
  27.393   15.813   14.606
  26.852   15.187   13.477
  27.534   15.213   12.267
  29.681   17.696   16.743
  30.924   18.370   16.702
  26.483   15.567   11.831
  27.326   14.039   12.274
  28.096   15.227   11.246
  31.132   19.544   16.696
  31.975   18.016   17.139
  30.759   18.497   17.455
  38.485   21.328   11.148
  39.255   22.379   11.505
  40.636   22.238   11.776
  41.434   23.328   12.146
  40.879   24.596   12.258
  37.716   20.278   10.790
  36.334   20.418   10.519
  41.804   24.919   11.581
  41.432   24.603   13.313
  40.425   25.666   12.356
  35.781   20.411    9.464
  35.409   20.095   11.197
  36.390   19.650   10.391
  26.066   28.458   31.708
  24.981   29.259   31.767
  24.889   30.331   32.687
  23.764   31.162   32.747
  22.691   30.951   31.890
  27.151   27.657   31.650
  27.243   26.585   30.730
  22.796   32.119   31.681
  22.047   31.017   32.891
  21.783   30.785   31.177
  27.887   26.520   29.730
  27.138   25.417   30.939
  27.938   26.490   31.074
  37.317   25.466   29.798
  36.433   24.562   29.326
  36.848   23.355   28.714
  35.931   22.418   28.225
  34.566   22.653   28.330
  38.202   26.370   30.271
  37.787   27.577   30.882
  34.541   21.549   28.776
  34.559   22.368   27.173
  33.417   22.839   28.411
  37.793   27.862   32.039
  37.811   28.681   30.437
  38.558   27.685   30.947
  45.523   24.543   18.279
  44.788   23.471   17.911
  43.376   23.517   17.848
  42.614   22.405   17.467
  43.238   21.209   17.136
  46.257   25.614   18.646
  47.670   25.569   18.710
  42.540   21.262   16.171
  42.446   20.737   17.890
  43.749   20.199   16.855
  48.462   26.041   17.955
  48.368   25.516   19.674
  47.578   26.312   18.931
  39.435    9.248   14.745
  38.454    8.981   13.856
  37.740    7.760   13.872
  36.723    7.483   12.950
  36.384    8.418   11.980
  40.415    9.515   15.634
  41.130   10.737   15.618
  35.273    8.213   12.356
  36.483    7.490   11.238
  36.090    9.193   11.160
  41.031   11.664   16.360
  42.242   10.941   15.241
  41.495   10.408   16.225
  21.550   42.403   24.624
  20.471   43.116   25.012
  19.519   43.600   24.084
  18.400   44.340   24.487
  18.194   44.622   25.831
  22.628   41.690   24.235
  23.581   41.206   25.163
  17.096   44.214   25.615
  18.040   45.737   25.440
  18.010   44.866   26.957
  23.736   40.091   25.554
  24.679   41.614   25.380
  23.913   40.926   24.514
  22.797   13.380    4.788
  22.666   13.025    3.492
  21.400   12.813    2.897
  21.264   12.445    1.553
  22.390   12.277    0.756
  22.928   13.734    6.085
  24.195   13.947    6.680
  21.798   12.982   -0.001
  21.870   11.245    0.466
  23.326   12.133    0.076
  24.714   14.979    6.970
  24.786   13.242    7.437
  23.756   14.098    7.308
  34.447   17.759    9.257
  34.747   16.559    8.716
  35.817   15.766    9.197
  36.128   14.522    8.636
  35.381   14.026    7.575
  34.147   18.959    9.798
  33.078   19.752    9.317
  35.332   13.038    8.240
  36.449   13.841    7.079
  34.763   13.597    6.684
  32.010   19.936    9.813
  33.127   20.739    8.652
  33.321   20.232    9.883
  21.513   42.177   40.768
  21.668   40.858   40.521
  22.467   40.030   41.345
  22.629   38.664   41.089
  21.997   38.076   40.000
  21.357   43.495   41.015
  20.558   44.323   40.191
  21.646   37.269   40.804
  23.080   37.631   39.778
  21.473   37.570   39.090
  19.475   44.768   40.414
  20.909   45.129   39.387
  20.786   44.869   40.701
  26.048    5.752   15.963
  25.056    4.838   15.915
  25.209    3.537   16.451
  24.180    2.589   16.402
  22.962    2.908   15.814
  27.040    6.667   16.011
  26.888    7.968   15.475
  22.507    2.462   16.822
  23.121    1.880   15.233
  21.934    3.162   15.324
  26.729    8.996   16.056
  27.342    8.413   14.468
  27.622    8.044   15.731
  15.051    2.409    5.873
  16.360    2.688    6.045
  16.806    3.963    6.470
  18.164    4.252    6.649
  19.125    3.277    6.411
  13.741    2.130    5.700
  13.295    0.856    5.275
  19.532    3.602    7.482
  19.646    4.133    5.766
  19.941    2.468    6.214
  12.774   -0.000    5.920
  12.887    0.531    4.204
  12.596    1.198    5.335
  38.231    9.030   10.360
  37.986   10.332   10.622
  37.746   10.801   11.935
  37.491   12.151   12.206
  37.468   13.080   11.173
  38.476    7.729   10.099
  38.716    7.259    8.786
  38.198   13.697   11.885
  36.434   13.409   11.666
  37.446   13.870   10.315
  39.750    6.931    8.293
  37.986    6.643    8.074
  38.781    6.575    9.157
  29.001   23.897   10.692
  29.483   24.167   11.923
  30.864   24.081   12.223
  31.364   24.360   13.500
  30.502   24.736   14.523
  28.518   23.628    9.460
  27.138   23.714    9.160
  31.284   25.621   14.681
  31.076   23.893   15.140
  29.790   25.052   15.391
  26.564   24.556    8.543
  26.356   22.828    9.002
  27.387   23.496    8.452
  33.157   11.738   34.665
  34.431   11.660   35.106
  35.348   12.725   34.940
  36.669   12.644   35.397
  37.120   11.496   36.036
  31.884   11.815   34.224
  30.966   10.751   34.390
  37.520   12.265   36.854
  38.027   11.581   35.267
  37.511   10.538   36.574
  30.059   10.665   35.158
  30.566    9.982   33.572
  30.488   11.247   34.023
  19.335   11.361   12.929
  18.258   11.251   13.735
  18.107   10.176   14.643
  16.990   10.062   15.479
  15.984   11.020   15.438
  20.412   11.470   12.123
  20.563   12.546   11.215
  16.118   11.023   16.622
  15.265   10.073   15.353
  15.133   11.816   15.414
  21.282   13.492   11.300
  20.429   12.542   10.031
  21.228   12.172   11.048
  47.585   31.285   37.514
  47.528   32.628   37.648
  48.681   33.441   37.542
  48.622   34.833   37.681
  47.409   35.461   37.932
  47.641   29.943   37.380
  46.488   29.130   37.487
  47.737   36.168   37.031
  48.017   36.003   38.801
  46.397   36.001   38.142
  45.880   28.587   36.617
  46.160   28.422   38.388
  47.007   28.561   37.352
   5.541   11.594   29.204
   6.858   11.686   29.485
   7.687   10.543   29.577
   9.053   10.639   29.868
   9.638   11.882   30.078
   4.223   11.502   28.923
   3.394   12.644   28.831
  10.448   11.487   29.297
  10.081   11.363   31.055
  10.143   12.918   30.256
   2.951   13.163   27.853
   2.585   13.039   29.611
   2.849   12.106   28.679
  13.701    3.311   24.827
  14.899    2.818   25.205
  15.763    2.164   24.295
  17.006    1.653   24.687
  17.429    1.778   26.005
  12.502    3.804   24.448
  11.639    4.457   25.359
  18.431    2.189   25.507
  17.658    0.613   25.905
  17.797    1.876   27.107
  11.410    5.623   25.459
  10.637    4.047   25.857
  11.188    4.518   24.724
  27.524   48.412   15.615
  26.718   47.418   16.042
  25.310   47.555   16.074
  24.474   46.523   16.517
  25.016   45.318   16.945
  28.331   49.407   15.187
  29.739   49.270   15.156
  24.208   44.842   16.210
  24.307   45.484   17.889
  25.457   44.301   17.307
  30.447   49.104   14.213
  30.547   49.746   15.891
  29.697   50.000   14.880
  21.143   20.442   13.456
  22.349   20.488   14.061
  23.048   21.704   14.249
  24.299   21.752   14.876
  24.896   20.585   15.337
  19.937   20.396   12.851
  19.238   19.180   12.663
  25.040   21.211   16.341
  25.848   20.993   14.747
  25.408   19.614   15.729
  18.287   18.772   13.253
  19.094   18.555   11.659
  18.714   19.656   12.333
  22.629   33.714   37.342
  23.376   32.755   37.930
  22.869   31.458   38.182
  23.643   30.464   38.792
  24.953   30.732   39.171
  21.882   34.672   36.754
  22.389   35.969   36.501
  25.190   29.717   38.593
  24.611   30.258   40.210
  26.053   30.943   39.495
  22.731   36.443   35.463
  22.152   36.984   37.079
  21.673   36.077   36.209
  45.109   41.706    6.411
  46.421   42.026    6.430
  46.873   43.312    6.810
  48.233   43.644    6.830
  49.189   42.702    6.472
  43.798   41.386    6.391
  43.346   40.099    6.012
  49.710   43.035    7.490
  49.603   43.578    5.778
  50.002   41.921    6.174
  42.931   39.224    6.706
  42.825   39.767    4.993
  42.648   40.419    6.157
  15.230   47.428   37.094
  13.936   47.041   37.087
  13.548   45.717   37.398
  12.206   45.316   37.391
  11.206   46.225   37.071
  16.523   47.814   37.101
  16.912   49.139   36.790
  10.696   45.816   38.068
  10.841   45.365   36.331
  10.356   46.978   36.805
  17.277   49.999   37.530
  17.422   49.548   35.793
  17.624   48.848   36.925
  45.504   31.974   28.515
  46.611   32.553   29.028
  47.659   31.794   29.599
  48.807   32.394   30.130
  48.947   33.776   30.109
  44.398   31.394   28.003
  43.350   32.154   27.432
  50.020   33.530   29.652
  49.220   33.636   31.260
  49.078   34.935   30.098
  43.077   32.294   26.280
  42.277   32.400   27.889
  43.038   31.446   27.324
  31.185   27.339   39.031
  30.701   26.108   39.300
  29.374   25.736   38.977
  28.873   24.459   39.256
  29.680   23.508   39.868
  31.668   28.570   38.762
  32.995   28.942   39.085
  29.300   22.806   38.983
  28.748   23.376   40.598
  30.346   22.700   40.381
  33.927   29.074   38.355
  33.375   29.644   39.970
  32.769   29.619   38.769
  16.568   41.431   45.105
  16.840   40.118   44.951
  16.383   39.384   43.832
  16.665   38.022   43.672
  17.415   37.346   44.626
  16.295   42.744   45.259
  16.753   43.479   46.379
  18.036   36.968   43.682
  16.528   36.551   44.571
  18.043   36.766   45.420
  17.639   44.273   46.434
  16.131   43.856   47.323
  16.378   44.061   46.017
   6.340   17.091   45.601
   7.607   16.629   45.657
   7.897   15.251   45.801
   9.211   14.772   45.859
  10.282   15.653   45.775
   5.073   17.554   45.546
   4.783   18.931   45.401
  10.679   14.887   44.951
  10.668   15.073   46.742
  11.191   16.381   45.705
   4.398   19.511   44.434
   4.387   19.697   46.224
   4.048   18.670   45.424
  29.204   21.930   22.624
  29.823   20.823   22.161
  29.651   19.558   22.770
  30.293   18.410   22.290
  31.130   18.487   21.183
  28.585   23.037   23.088
  28.757   24.303   22.479
  30.490   17.559   20.797
  31.890   17.889   21.880
  31.835   18.538   20.256
  27.997   24.901   21.783
  29.397   25.231   22.865
  28.267   24.523   23.046
  16.298   25.322    9.124
  17.185   25.749   10.047
  17.045   26.996   10.701
  17.966   27.440   11.658
  19.059   26.652   11.995
  15.410   24.894    8.201
  15.550   23.647    7.547
  18.706   26.868   13.113
  19.674   27.657   11.816
  19.982   26.001   12.288
  14.936   22.642    7.726
  15.904   23.431    6.430
  14.892   23.878    7.196
  22.014   10.484   45.218
  22.597    9.995   46.333
  22.047   10.200   47.620
  22.652    9.693   48.776
  23.830    8.962   48.685
  21.430   10.974   44.103
  21.981   10.768   42.816
  23.247    8.185   49.376
  24.202    9.702   49.542
  24.818    8.346   48.624
  21.609   10.028   41.959
  22.563   11.545   42.126
  21.357   11.185   42.599
  30.640   31.013    8.435
  30.056   29.862    8.039
  30.763   28.638    7.996
  30.157   27.444    7.585
  28.821   27.434    7.202
  31.225   32.163    8.832
  30.518   33.388    8.874
  28.749   26.509    7.950
  29.234   26.848    6.250
  27.701   27.411    6.878
  30.105   33.974    9.826
  30.590   34.313    8.126
  31.208   33.655    9.125
  41.878   30.565   11.392
  40.583   30.917   11.539
  39.619   30.024   12.065
  38.276   30.389   12.218
  37.849   31.659   11.851
  43.173   30.214   11.244
  44.137   31.107   10.718
  37.347   31.661   12.932
  36.996   31.063   11.271
  37.477   32.722   11.548
  44.991   31.703   11.299
  44.639   31.105    9.638
  44.611   30.497   10.837
  29.142   34.722   27.700
  29.497   33.467   28.048
  28.543   32.500   28.442
  28.911   31.198   28.804
  30.247   30.818   28.783
  28.787   35.977   27.352
  29.742   36.945   26.957
  29.837   29.885   28.165
  30.013   30.410   29.878
  31.365   30.485   28.771
  29.976   37.353   25.862
  30.152   37.878   27.575
  29.104   37.390   26.886
  27.096   11.677   31.837
  27.639   12.912   31.870
  29.039   13.117   31.878
  29.602   14.398   31.913
  28.785   15.521   31.941
  26.553   10.441   31.803
  25.153   10.237   31.795
  29.486   15.893   31.052
  29.482   15.845   32.851
  28.110   16.472   31.965
  24.456    9.913   30.885
  24.452    9.865   32.684
  25.370    9.487   31.776
   4.759   10.323   44.016
   5.479    9.184   44.109
   6.870    9.196   44.366
   7.616    8.015   44.463
   6.998    6.781   44.306
   4.039   11.461   43.923
   2.648   11.450   43.666
   7.568    6.513   45.317
   7.894    6.574   43.548
   6.491    5.739   44.176
   1.752   11.657   44.424
   2.078   11.718   42.655
   2.741   12.224   43.710
  30.807   32.125   12.740
  31.843   32.130   11.874
  33.024   32.869   12.122
  34.098   32.875   11.224
  34.030   32.142   10.046
  29.772   32.120   13.606
  28.591   31.381   13.358
  35.099   31.740   10.387
  34.386   33.161    9.543
  33.985   31.531    9.054
  28.234   30.361   13.861
  27.522   31.783   13.017
  28.383   31.685   14.047
  27.100   44.781   44.939
  26.680   46.056   44.794
  25.308   46.401   44.826
  24.872   47.723   44.674
  25.792   48.747   44.486
  27.520   43.506   45.085
  28.892   43.161   45.053
  25.182   49.281   45.359
  25.081   49.043   43.577
  26.554   49.615   44.327
  29.604   42.864   45.962
  29.503   42.627   44.181
  28.604   42.443   45.165
  31.394   20.497   23.782
  32.205   19.913   22.874
  33.226   20.631   22.208
  34.067   20.025   21.267
  33.915   18.679   20.958
  30.584   21.082   24.690
  29.562   20.364   25.355
  35.092   18.638   21.142
  33.935   19.069   19.832
  33.799   17.550   20.689
  29.542   19.974   26.481
  28.385   20.405   25.171
  29.440   21.058   25.691
  42.384   16.136   43.967
  43.535   15.461   44.166
  43.987   14.466   43.267
  45.181   13.765   43.473
  45.966   14.034   44.587
  41.232   16.812   43.767
  40.781   17.807   44.667
  46.848   14.102   43.788
  45.952   12.850   44.722
  46.635   14.250   45.518
  40.795   18.991   44.532
  39.899   17.739   45.466
  40.190   17.849   44.157
  15.674    0.412   22.532
  16.719    0.839   21.791
  17.356    0.004   20.843
  18.439    0.446   20.074
  18.924    1.739   20.226
  14.629   -0.014   23.274
  13.993    0.821   24.222
  18.843    1.770   19.038
  19.980    1.194   20.309
  19.341    2.822   20.344
  12.936    1.366   24.140
  14.073    0.790   25.411
  13.552    0.185   24.328
  17.665   34.414    3.181
  17.193   34.519    4.442
  16.264   33.594    4.974
  15.774   33.703    6.281
  16.196   34.741    7.102
  18.138   34.309    1.921
  19.066   35.235    1.389
  16.387   33.868    7.890
  15.029   34.888    7.296
  16.541   35.608    7.802
  20.233   35.088    1.195
  18.874   36.109    0.601
  18.998   34.778    0.759
   9.265   37.894   45.950
   8.307   38.836   46.083
   7.423   39.161   45.027
   6.430   40.139   45.165
   6.286   40.826   46.364
  10.222   36.952   45.817
  11.107   36.626   46.873
   5.137   40.535   46.242
   6.291   41.789   45.662
   6.154   41.410   47.365
  11.102   35.663   47.575
  12.256   36.917   46.995
  11.385   36.125   46.344
  45.612   20.990   30.533
  45.950   20.343   29.397
  47.173   20.591   28.728
  47.524   19.919   27.551
  46.665   18.976   27.000
  45.273   21.637   31.668
  44.051   21.389   32.337
  47.644   18.297   26.966
  46.850   19.587   25.994
  45.954   18.182   26.528
  43.867   20.778   33.343
  43.073   22.068   32.371
  44.331   21.930   32.825
   7.261   29.551   16.703
   6.755   30.704   16.218
   7.432   31.939   16.360
   6.907   33.135   15.857
   5.686   33.140   15.194
   7.767   28.397   17.187
   7.090   27.162   17.045
   6.284   33.758   14.369
   5.436   34.042   15.932
   4.662   33.158   14.636
   7.339   26.260   16.308
   6.492   26.545   17.871
   7.714   26.897   17.432
  46.755    5.166   15.418
  47.097    6.380   14.936
  48.291    7.032   15.324
  48.645    8.291   14.824
  47.818    8.943   13.918
  46.414    3.952   15.900
  45.220    3.300   15.512
  48.825    9.080   13.295
  47.952    9.866   14.659
  47.132    9.501   13.157
  45.086    2.376   14.771
  44.213    3.163   16.134
  45.486    2.751   15.999
  19.397   28.613   42.647
  19.525   27.410   42.048
  18.648   26.335   42.330
  18.781   25.088   41.708
  19.794   24.870   40.783
  19.269   29.816   43.246
  20.145   30.891   42.964
  18.910   24.438   40.111
  20.002   23.895   41.434
  20.640   24.675   40.004
  19.937   31.867   42.313
  21.029   31.324   43.636
  19.694   31.256   43.487
   1.865   15.488   31.472
   2.028   15.912   32.744
   2.631   15.099   33.733
   2.801   15.539   35.052
   2.373   16.806   35.428
   1.701   15.065   30.201
   1.099   15.877   29.211
   3.466   16.894   35.895
   1.853   16.222   36.326
   2.019   17.867   35.757
   1.619   16.461   28.313
   0.006   15.789   28.744
   1.239   15.252   28.764
  35.405   20.550    3.218
  35.278   19.681    4.243
  35.160   20.116    5.585
  35.030   19.215    6.648
  35.012   17.847    6.408
  35.531   21.419    2.192
  35.649   20.984    0.851
  34.040   17.870    7.098
  35.831   17.817    7.273
  34.996   16.696    6.221
  34.830   21.015   -0.014
  36.620   20.961    0.161
  35.685   21.753    0.716
  35.357   17.273   41.870
  36.618   16.841   41.650
  37.720   17.728   41.622
  39.027   17.281   41.393
  39.278   15.931   41.184
  34.097   17.704   42.091
  32.995   16.817   42.119
  40.121   16.093   42.010
  39.890   16.324   40.240
  39.503   14.800   41.007
  32.383   16.424   43.063
  32.152   16.655   41.292
  32.603   17.478   42.256
  48.080   34.381   34.042
  47.580   33.359   33.315
  47.811   32.007   33.665
  47.292   30.947   32.912
  46.525   31.200   31.782
  48.580   35.403   34.768
  48.349   36.755   34.418
  45.771   30.424   32.279
  47.259   30.415   31.266
  45.880   31.399   30.831
  47.615   37.540   34.934
  49.104   37.532   33.921
  48.783   36.882   35.055
   9.991   43.507    7.599
   8.707   43.749    7.259
   8.172   45.059    7.236
   6.840   45.310    6.884
   5.996   44.261    6.543
  11.275   43.265    7.938
  11.810   41.955    7.962
   5.744   44.942    5.598
   5.256   44.774    7.323
   5.277   43.389    6.255
  12.551   41.442    7.182
  12.063   41.274    8.906
  12.455   42.337    8.182
  35.333    9.668   34.861
  36.269   10.458   34.293
  36.047   11.116   33.060
  37.018   11.935   32.471
  38.245   12.124   33.093
  34.397    8.879   35.430
  34.619    8.220   36.662
  38.020   13.278   32.899
  38.685   11.855   32.018
  39.280   12.291   33.604
  34.180    8.489   37.737
  34.844    7.066   36.857
  33.893    7.961   36.533
  24.738   45.079   13.540
  23.498   44.671   13.883
  23.193   43.308   14.111
  21.907   42.885   14.467
  20.880   43.809   14.609
  25.978   45.487   13.196
  26.283   46.850   12.969
  20.697   43.253   15.647
  20.280   43.056   13.907
  20.009   44.575   14.731
  26.883   47.604   13.671
  26.465   47.407   11.931
  26.994   46.558   12.831
  16.920    7.534   47.452
  16.772    8.789   47.926
  17.873    9.556   48.377
  17.719   10.858   48.868
  16.459   11.440   48.925
  17.069    6.279   46.978
  15.968    5.512   46.527
  17.000   12.353   48.384
  16.773   11.700   50.045
  15.408   11.941   48.979
  15.654    5.253   45.407
  15.427    4.599   47.069
  16.527    4.983   46.395
  22.800   13.106   48.678
  21.854   12.340   48.094
  20.804   11.749   48.837
  19.823   10.955   48.232
  19.855   10.724   46.863
  23.747   13.871   49.261
  24.796   14.462   48.518
  18.709   11.046   46.913
  19.724    9.584   47.183
  19.871   10.522   45.714
  24.928   15.603   48.198
  25.943   14.141   48.469
  24.999   14.734   49.222
   6.152    9.890   34.742
   5.138   10.340   35.511
   5.362   11.142   36.655
   4.310   11.608   37.452
   2.996   11.289   37.133
   7.167    9.440   33.973
   6.943    8.638   32.829
   2.816   12.459   37.266
   2.930   10.978   38.282
   1.888   11.028   36.878
   7.008    8.949   31.681
   7.122    7.467   32.697
   7.722    8.668   32.786
  22.098   15.277   14.999
  20.785   15.550   15.150
  19.884   14.613   15.711
  18.522   14.896   15.868
  18.012   16.125   15.470
  23.412   15.005   14.847
  24.312   15.941   14.287
  17.520   16.126   16.555
  17.193   15.460   14.916
  17.570   17.153   15.140
  25.131   16.607   14.841
  24.803   15.940   13.201
  24.825   15.367   14.418
   6.041   34.415   32.868
   6.903   35.188   33.563
   8.217   34.759   33.866
   9.112   35.560   34.586
   8.724   36.818   35.029
   5.179   33.643   32.174
   3.864   34.072   31.871
   9.750   37.166   34.533
   9.160   36.442   36.072
   8.411   37.876   35.406
   3.429   34.448   30.827
   2.838   33.724   32.366
   3.829   33.371   31.528
  10.340   19.927   11.498
   9.052   20.236   11.238
   7.988   19.370   11.585
   6.652   19.690   11.316
   6.332   20.888   10.689
  11.628   19.618   11.757
  12.692   20.484   11.410
   5.549   20.995   11.581
   5.680   20.191    9.976
   6.050   21.890   10.164
  13.344   21.181   12.123
  13.475   20.376   10.518
  13.120   19.914   11.730
  35.912   10.655   25.766
  35.355   11.787   26.248
  36.135   12.825   26.811
  35.558   13.999   27.310
  34.180   14.176   27.264
  36.468    9.523   25.285
  35.689    8.485   24.722
  34.463   15.232   26.790
  34.310   14.467   28.412
  33.026   14.338   27.232
  35.559    8.194   23.574
  35.406    7.428   25.196
  36.390    8.152   24.631
   4.294   20.952   48.377
   3.716   21.613   47.352
   2.518   22.349   47.514
   1.920   23.035   46.450
   2.497   23.009   45.187
   4.871   20.291   49.403
   6.069   19.555   49.241
   2.354   24.191   45.240
   1.396   22.722   44.832
   2.971   22.996   44.121
   7.170   19.842   49.596
   6.213   18.373   49.188
   5.961   19.414   50.002
   1.934   44.646    8.279
   1.703   45.711    9.075
   1.623   47.027    8.563
   1.384   48.132    9.389
   1.216   47.960   10.757
   2.165   43.580    7.483
   2.245   42.264    7.995
   0.247   48.634   10.591
   2.019   48.836   10.834
   1.073   47.829   11.907
   1.442   41.387    7.918
   3.214   41.590    8.161
   2.368   42.092    7.243
  47.605   11.012   30.344
  48.101   12.145   30.886
  47.620   12.662   32.112
  48.135   13.837   32.674
  49.149   14.535   32.031
  47.108    9.880   29.802
  47.589    9.362   28.575
  49.670   14.509   33.102
  48.439   15.475   32.212
  50.000   15.131   31.501
  48.299    8.422   28.394
  47.068    9.388   27.504
  47.053    8.813   28.720
  32.522   47.468   21.680
  32.978   46.233   21.981
  32.983   45.738   23.307
  33.456   44.458   23.619
  33.939   43.626   22.617
  32.067   48.703   21.379
  32.061   49.197   20.053
  33.211   42.823   23.112
  34.865   43.492   23.354
  34.347   42.918   21.785
  31.135   49.332   19.315
  32.789   50.001   19.558
  31.756   49.826   20.402
  27.013   43.200   18.406
  26.307   42.082   18.134
  26.925   40.814   18.019
  26.192   39.655   17.737
  24.816   39.722   17.562
  27.720   44.318   18.677
  27.102   45.586   18.793
  24.803   38.817   18.337
  25.042   39.094   16.574
  23.660   39.764   17.412
  26.876   46.214   19.780
  27.114   46.491   18.018
  27.837   45.813   18.928
  36.110   44.922   45.733
  36.743   45.776   46.566
  36.061   46.825   47.226
  36.717   47.710   48.089
  38.080   47.578   48.323
  35.477   44.069   44.901
  36.159   43.019   44.241
  37.758   47.649   49.468
  38.103   48.745   48.082
  39.224   47.478   48.529
  36.137   41.853   44.482
  36.481   42.948   43.096
  35.447   42.880   43.953
  25.492   33.360   10.966
  24.845   32.209   10.682
  23.433   32.119   10.701
  22.762   30.926   10.407
  23.479   29.781   10.084
  26.140   34.510   11.249
  27.552   34.600   11.231
  22.726   29.727    9.161
  22.779   29.269   10.901
  24.068   28.812    9.811
  28.252   35.112   10.413
  28.304   34.654   12.153
  27.401   35.340   11.430
  11.176   40.152   22.962
   9.919   40.357   22.514
   9.034   39.286   22.246
   7.731   39.499   21.781
   7.266   40.790   21.567
  12.433   39.947   23.411
  13.317   41.019   23.679
   6.332   40.421   22.209
   6.927   40.355   20.511
   6.863   41.869   21.384
  13.656   41.455   24.735
  14.251   41.388   23.038
  13.798   40.434   23.871
  17.459   42.207   24.720
  18.617   41.990   25.379
  18.875   40.780   26.066
  20.076   40.555   26.749
  21.063   41.533   26.769
  16.301   42.423   24.062
  16.043   43.633   23.375
  21.777   40.635   26.448
  21.057   41.330   27.944
  21.899   42.345   26.795
  16.049   43.836   22.201
  15.329   44.531   23.697
  15.367   43.275   23.216
   1.926   33.404   12.699
   1.640   32.890   11.483
   2.232   33.391   10.299
   1.936   32.859    9.039
   1.036   31.807    8.917
   2.212   33.917   13.914
   1.620   33.416   15.098
   1.898   31.318    8.254
   0.547   32.494    8.076
   0.283   30.924    8.801
   2.110   32.729   15.939
   0.759   33.905   15.760
   2.060   33.972   15.426
   6.549   44.990    9.089
   7.111   43.763    9.045
   8.428   43.524    9.505
   9.010   42.251    9.458
   8.297   41.173    8.950
   5.988   46.216    9.134
   4.671   46.456    8.674
   8.646   40.636    9.955
   9.285   40.989    8.310
   7.710   40.259    8.525
   3.683   46.640    9.314
   4.323   46.993    7.669
   4.840   47.185    8.896
  34.926   47.656   38.997
  36.148   48.150   38.705
  36.738   47.986   37.429
  38.005   48.498   37.126
  38.728   49.193   38.087
  33.705   47.162   39.289
  33.115   47.326   40.565
  38.857   50.000   37.220
  39.611   48.460   37.767
  39.345   49.779   38.885
  32.232   48.060   40.885
  32.986   46.519   41.432
  32.535   46.924   40.231
  19.872    8.339   30.192
  20.739    7.392   30.609
  22.137    7.530   30.443
  23.037    6.548   30.875
  22.569    5.392   31.489
  19.005    9.286   29.776
  17.606    9.147   29.941
  23.392    5.652   32.311
  23.282    4.845   30.706
  22.191    4.417   32.005
  16.894    9.695   30.724
  16.784    8.888   29.119
  17.603    9.845   29.591
  43.621   32.009   19.097
  44.601   32.761   19.641
  44.345   34.036   20.199
  45.362   34.816   20.763
  46.670   34.349   20.790
  42.641   31.256   18.553
  42.897   29.981   17.994
  46.620   34.660   21.939
  46.924   35.422   20.337
  47.772   33.970   20.818
  42.642   28.909   18.447
  42.947   29.671   16.845
  42.128   30.004   17.859
  34.651   25.013   34.703
  35.755   25.789   34.676
  36.985   25.364   35.233
  38.130   26.170   35.205
  38.086   27.429   34.620
  33.547   24.236   34.730
  32.318   24.661   34.173
  39.067   27.057   34.055
  38.599   27.777   35.637
  38.063   28.487   34.131
  31.804   24.313   33.156
  31.336   25.033   34.738
  32.084   23.959   34.423
  22.544   19.991    0.550
  22.569   18.653    0.728
  23.444   17.815   -0.004
  23.469   16.428    0.180
  22.621   15.828    1.103
  22.519   21.329    0.373
  21.644   22.167    1.104
  23.618   15.291    1.475
  22.364   15.098    0.197
  21.915   15.312    1.874
  21.901   22.897    2.010
  20.648   22.704    0.733
  21.992   22.722    0.679
   5.561    2.014   13.272
   5.399    3.192   13.913
   5.236    3.265   15.317
   5.067    4.486   15.982
   5.056    5.676   15.266
   5.723    0.837   12.631
   5.886    0.764   11.228
   5.845    6.026   16.087
   4.061    5.889   15.888
   5.044    6.683   14.678
   6.881    0.551   10.606
   5.097    0.414   10.406
   5.928   -0.001   11.379
   9.577   39.172   26.320
  10.855   39.095   26.749
  11.347   37.961   27.438
  12.672   37.881   27.883
  13.552   38.932   27.655
   8.299   39.249   25.890
   7.807   40.382   25.201
  14.270   38.072   27.250
  13.788   38.815   28.817
  14.301   39.807   27.470
   7.570   40.499   24.039
   7.088   41.243   25.606
   7.148   39.962   25.198
  32.425   38.455   32.273
  31.993   37.515   31.406
  30.775   37.651   30.699
  30.326   36.676   29.800
  31.080   35.531   29.576
  32.858   39.395   33.140
  34.076   39.260   33.847
  30.915   35.804   28.428
  30.045   34.970   29.765
  31.702   34.564   29.378
  35.111   39.820   33.658
  34.241   38.986   34.995
  33.861   39.952   34.139
  45.654   44.583   29.480
  46.046   44.897   28.227
  45.239   45.672   27.361
  45.645   45.998   26.062
  46.873   45.561   25.582
  45.263   44.268   30.733
  46.070   43.493   31.599
  47.009   46.701   25.264
  46.232   45.200   24.644
  47.902   45.200   25.166
  46.711   43.853   32.536
  45.934   42.352   31.917
  45.469   43.603   32.085
  47.777    5.739   29.846
  48.210    6.892   30.398
  49.555    7.319   30.286
  50.004    8.515   30.858
  49.124    9.328   31.562
  47.344    4.585   29.295
  45.999    4.159   29.406
  49.575   10.190   30.873
  49.979    9.312   32.392
  48.397   10.020   32.155
  45.145    4.175   28.576
  45.548    3.297   30.094
  46.267    3.557   28.987
  35.697   13.522   49.108
  35.235   14.612   48.459
  35.653   15.921   48.800
  35.174   17.051   48.127
  34.260   16.913   47.089
  36.159   12.432   49.757
  35.742   11.124   49.417
  35.014   17.627   46.504
  33.658   17.753   47.681
  33.493   16.812   46.217
  36.344   10.283   48.824
  34.988   10.409   50.002
  36.228   10.932   49.997
  17.487   23.928   11.243
  17.686   24.395   12.494
  16.797   24.099   13.555
  17.004   24.584   14.852
  18.106   25.381   15.134
  17.288   23.461    9.992
  18.176   23.756    8.931
  18.259   24.622   16.041
  17.298   26.092   15.645
  19.028   26.050   15.385
  18.984   23.045    8.420
  18.023   24.514    8.024
  17.671   23.317    8.527
  24.893    4.673    5.019
  24.901    3.690    4.095
  24.949    3.965    2.707
  24.957    2.945    1.749
  24.917    1.614    2.143
  24.886    5.657    5.944
  24.838    5.382    7.331
  25.838    1.500    1.395
  24.039    1.538    1.340
  24.884    0.492    2.460
  25.715    5.458    8.134
  23.917    5.496    8.079
  24.852    6.161    7.378
  25.634   12.037   34.623
  24.382   11.541   34.713
  24.133   10.158   34.877
  22.834    9.644   34.971
  21.738   10.495   34.905
  26.887   12.532   34.532
  27.136   13.916   34.369
  21.392    9.914   35.886
  21.342    9.712   34.098
  20.809   11.198   34.851
  27.531   14.699   35.176
  27.482   14.497   33.388
  27.879   13.674   34.376
  27.463    9.450    8.703
  26.877   10.567    9.184
  27.298   11.175   10.390
  26.690   12.334   10.889
  25.640   12.925   10.198
  28.050    8.333    8.222
  27.629    7.725    7.016
  26.277   13.922   10.344
  25.104   12.912   11.262
  24.757   13.432    9.629
  28.165    7.739    5.952
  26.992    6.728    6.870
  28.200    7.223    7.194
  38.556   35.296   19.920
  37.809   35.127   21.032
  36.487   34.626   20.978
  35.712   34.451   22.131
  36.232   34.771   23.379
  39.303   35.465   18.808
  40.625   35.966   18.862
  35.837   33.687   23.677
  35.207   35.365   23.509
  36.656   35.035   24.433
  41.650   35.372   18.732
  41.021   37.050   18.564
  40.580   35.872   18.088
  13.995   43.329   45.210
  14.036   41.984   45.318
  12.873   41.216   45.560
  12.915   39.821   45.672
  14.122   39.145   45.546
  13.954   44.675   45.102
  15.118   45.443   44.859
  13.511   38.463   44.784
  13.781   38.614   46.557
  15.128   38.565   45.442
  15.459   45.974   43.849
  15.728   46.125   45.622
  14.605   46.032   44.887
  18.725   27.670    8.045
  19.165   28.746    8.732
  18.736   29.021   10.052
  19.193   30.137   10.763
  20.096   31.017   10.180
  18.284   26.595    7.359
  18.713   26.320    6.039
  20.695   30.874   11.200
  19.327   31.848   10.552
  20.854   31.764    9.703
  19.482   25.489    5.667
  18.114   26.463    5.019
  18.236   25.707    6.125
  14.386   15.684   32.751
  15.097   16.451   33.605
  14.559   17.626   34.183
  15.296   18.421   35.069
  16.596   18.070   35.409
  13.676   14.917   31.897
  14.213   13.742   31.320
  16.212   18.240   36.524
  16.835   19.206   35.139
  17.688   17.787   35.703
  13.974   12.607   31.590
  14.598   13.572   30.205
  13.509   13.714   30.983
  15.429   43.339   41.154
  14.377   44.180   41.249
  14.543   45.583   41.327
  13.452   46.455   41.426
  12.156   45.954   41.449
  16.482   42.498   41.059
  16.316   41.095   40.980
  11.964   46.773   40.605
  12.039   46.663   42.400
  11.064   45.548   41.470
  16.433   40.386   40.030
  16.508   40.277   41.825
  17.096   41.112   40.949
  44.886   16.674    2.332
  43.661   16.417    2.838
  43.363   15.205    3.503
  42.092   14.939    4.028
  41.074   15.876    3.905
  46.111   16.930    1.827
  46.410   18.143    1.161
  40.935   15.686    5.073
  40.443   14.947    3.507
  40.211   16.654    3.809
  47.040   19.072    1.559
  46.549   18.333   -0.007
  47.114   17.811    1.097
  45.305   13.337   29.987
  45.590   13.984   28.836
  45.431   15.384   28.704
  45.726   16.055   27.511
  46.192   15.350   26.408
  45.020   12.691   31.137
  45.180   11.291   31.269
  47.033   16.194   26.387
  45.340   15.948   25.829
  46.584   14.770   25.475
  46.032   10.693   31.849
  44.339   10.447   31.291
  44.920   11.437   31.992
  21.814   28.622   29.899
  22.454   27.897   30.841
  23.846   27.652   30.783
  24.509   26.900   31.760
  23.803   26.365   32.830
  21.175   29.348   28.957
  19.783   29.592   29.015
  24.671   26.858   33.481
  24.368   25.359   32.532
  23.222   25.910   33.734
  19.218   30.598   29.313
  18.915   29.099   28.364
  19.931   29.981   28.354
  12.243   23.151   45.581
  13.201   22.715   44.735
  13.181   21.410   44.189
  14.174   20.958   43.311
  15.222   21.795   42.949
  11.286   23.587   46.427
  11.305   24.892   46.973
  14.937   21.458   41.842
  15.899   20.858   43.240
  16.107   22.487   42.636
  10.628   25.828   46.682
  11.591   25.229   48.080
  10.650   24.643   47.318
  19.652   37.748    2.001
  18.793   37.664    3.039
  17.496   38.227    2.987
  16.605   38.139    4.064
  16.980   37.486    5.231
  20.511   37.833    0.963
  21.808   37.270    1.015
  15.935   36.929    5.101
  16.579   38.476    5.760
  17.282   36.941    6.216
  22.209   36.280    0.486
  22.854   37.827    1.145
  21.848   37.562    0.292
  37.021   41.806   28.874
  35.814   41.224   29.040
  35.663   39.819   29.115
  34.412   39.215   29.287
  33.267   39.994   29.391
  38.227   42.388   28.708
  38.378   43.793   28.633
  33.053   39.321   30.350
  32.842   39.248   28.564
  32.298   40.637   29.479
  38.803   44.539   29.460
  38.592   44.466   27.673
  39.131   43.602   28.552
  48.066   21.333   10.757
  46.915   22.037   10.800
  46.903   23.452   10.831
  45.709   24.182   10.875
  44.486   23.524   10.890
  49.217   20.628   10.715
  49.229   19.213   10.683
  44.214   24.284   10.012
  44.257   24.244   11.811
  43.452   22.985   10.902
  49.459   18.494    9.761
  49.501   18.454   11.561
  50.002   19.327   10.667
  46.277   24.185    8.197
  46.303   22.884    8.556
  45.126   22.101    8.620
  45.153   20.751    8.992
  46.357   20.137    9.313
  46.252   25.487    7.838
  47.429   26.270    7.775
  45.982   19.298    8.554
  45.762   19.769   10.278
  47.360   19.609    9.586
  48.024   26.638    6.810
  47.803   27.109    8.533
  46.921   26.823    7.559
  20.337   42.364   35.507
  19.967   43.554   36.025
  20.899   44.594   36.256
  20.515   45.828   36.793
  19.186   46.068   37.118
  20.707   41.173   34.989
  19.775   40.133   34.758
  19.349   47.070   36.494
  19.642   46.439   38.155
  18.074   46.282   37.395
  19.320   39.762   33.722
  19.612   39.131   35.382
  20.414   39.762   34.505
  44.132   12.349   26.922
  43.371   13.017   27.815
  43.564   14.393   28.083
  42.775   15.086   29.009
  41.765   14.428   29.699
  44.893   11.680   26.030
  44.700   10.304   25.761
  41.100   15.352   29.348
  42.266   14.934   30.655
  40.913   13.887   30.286
  44.199    9.798   24.806
  45.365    9.380   26.112
  45.295   10.426   25.269
  39.100    5.714   34.908
  39.144    4.443   34.455
  40.348    3.845   34.015
  40.394    2.527   33.545
  39.236    1.761   33.497
  39.056    6.985   35.362
  37.851    7.583   35.802
  39.907    0.948   34.053
  39.588    1.534   32.381
  38.272    1.106   33.452
  37.500    7.810   36.918
  37.181    8.396   35.246
  38.324    8.193   35.925
  49.553   28.542   39.599
  49.394   29.017   38.345
  50.001   30.221   37.916
  49.835   30.714   36.616
  49.057   30.019   35.698
  49.712   28.068   40.852
  49.105   26.863   41.281
  50.002   30.161   34.986
  48.551   31.083   35.519
  48.406   29.447   34.918
  49.612   25.800   41.460
  48.160   26.722   41.994
  49.466   27.044   41.950
  44.268   36.575    5.936
  45.386   36.106    5.342
  46.512   36.931    5.106
  47.671   36.445    4.490
  47.746   35.118    4.086
  43.150   37.043    6.531
  42.024   36.219    6.766
  48.787   35.136    4.667
  48.120   35.588    3.057
  47.822   34.006    3.743
  41.651   35.749    7.795
  40.984   36.201    6.186
  41.738   36.879    7.070
  16.750   31.939   35.556
  16.290   30.748   35.119
  16.887   29.525   35.507
  16.410   28.289   35.054
  15.319   28.232   34.196
  17.210   33.131   35.993
  16.613   34.354   35.604
  14.915   27.423   34.973
  16.024   27.515   33.557
  14.404   28.170   33.476
  15.908   35.071   36.243
  17.016   35.162   34.828
  17.173   34.650   36.062
   4.076    2.728   11.132
   4.823    3.829   11.364
   6.124    3.751   11.913
   6.899    4.892   12.154
   6.399    6.153   11.853
   3.330    1.628   10.900
   2.028    1.706   10.351
   7.446    6.294   11.303
   6.754    6.415   12.960
   5.991    7.217   11.605
   1.673    1.444    9.244
   0.981    1.565   10.901
   2.066    0.929   10.423
  13.558   28.513   10.580
  13.768   27.237   10.968
  15.006   26.810   11.505
  15.224   25.487   11.907
  14.213   24.543   11.786
  13.347   29.788   10.193
  12.109   30.215    9.656
  14.484   24.297   12.920
  15.062   23.890   11.264
  13.372   23.740   11.689
  11.260   30.868   10.177
  11.838   30.460    8.522
  12.483   30.900    9.618
  36.743    8.555   42.857
  36.180    9.472   43.672
  35.038    9.179   44.455
  34.455   10.130   45.301
  34.992   11.408   45.394
  37.305    7.639   42.041
  38.447    7.931   41.258
  34.928   11.208   46.567
  33.865   11.754   45.221
  35.433   12.484   45.482
  39.574    7.586   41.431
  38.511    8.131   40.085
  38.352    7.190   41.033
   4.431    4.226   21.795
   3.313    3.633   21.325
   2.810    2.433   21.881
   1.651    1.818   21.393
   0.953    2.382   20.332
   5.549    4.819   22.266
   6.052    6.019   21.710
   0.009    2.232   21.043
   1.002    1.278   19.884
   0.358    2.844   19.442
   6.003    7.122   22.158
   6.997    6.169   20.999
   6.598    5.920   22.259
  47.038   37.685   40.656
  47.623   36.495   40.909
  46.890   35.284   40.912
  47.497   34.050   41.174
  48.859   33.983   41.441
  46.452   38.875   40.404
  47.185   40.085   40.401
  48.846   33.121   40.618
  48.510   33.328   42.375
  50.001   33.912   41.668
  47.533   40.740   39.467
  47.198   40.947   41.224
  46.484   40.385   40.231
  22.653   17.625   26.316
  22.540   18.327   27.463
  23.617   18.458   28.371
  23.500   19.186   29.561
  22.302   19.808   29.886
  22.766   16.923   25.168
  21.688   16.791   24.260
  22.997   20.756   30.080
  22.456   19.269   30.937
  21.301   20.336   30.171
  21.534   17.331   23.209
  20.993   15.843   24.066
  22.213   16.372   23.863
  23.455   18.271    4.520
  24.399   17.964    5.435
  25.211   16.811    5.317
  26.190   16.493    6.267
  26.391   17.316    7.368
  22.512   18.578    3.605
  21.699   19.730    3.723
  27.537   17.245    7.048
  26.324   16.295    7.979
  26.570   17.998    8.297
  21.766   20.751    3.112
  20.553   19.801    4.043
  21.400   19.458    3.055
  20.901   24.136   22.509
  20.715   22.805   22.382
  21.231   21.883   23.323
  21.038   20.502   23.191
  20.324   19.995   22.113
  21.086   25.467   22.636
  20.571   26.389   21.695
  19.738   19.387   22.954
  21.261   19.266   22.002
  19.727   19.555   21.213
  19.634   27.118   21.805
  21.157   26.997   20.853
  20.911   26.905   22.173
   3.017   27.645   25.276
   2.400   27.571   24.077
   3.046   27.048   22.932
   2.405   26.971   21.689
   1.097   27.415   21.548
   3.635   27.719   26.474
   2.989   28.242   27.619
   0.933   26.359   21.021
   1.535   28.004   20.609
  -0.002   27.784   21.415
   2.550   27.653   28.558
   3.152   29.298   28.146
   3.675   28.074   27.952
  43.339   28.422   27.618
  42.320   29.190   27.174
  40.992   28.706   27.104
  39.936   29.501   26.644
  40.170   30.809   26.238
  44.357   27.655   28.061
  45.685   28.139   28.131
  39.250   31.058   26.954
  39.549   30.484   25.275
  40.352   31.908   25.895
  46.306   28.465   29.095
  46.604   27.890   27.415
  45.820   27.419   28.402
  44.446   24.860   35.384
  43.777   23.979   36.157
  44.433   22.916   36.823
  43.739   22.002   37.625
  42.365   22.118   37.790
  45.114   25.742   34.610
  44.458   26.804   33.945
  42.626   22.017   38.948
  42.365   20.958   37.516
  41.211   22.203   37.937
  44.458   27.964   34.219
  44.197   26.906   32.787
  45.184   26.957   33.699
  18.031   13.075   46.268
  19.210   13.728   46.344
  20.450   13.052   46.245
  21.673   13.730   46.324
  21.699   15.107   46.506
  16.852   12.422   46.191
  15.613   13.097   46.290
  22.460   15.082   45.589
  22.474   14.846   47.373
  21.736   16.262   46.659
  14.838   13.357   45.423
  14.853   13.121   47.208
  15.333   12.374   46.197
  34.371    3.970   17.322
  34.657    3.558   16.069
  35.083    4.457   15.062
  35.380    4.029   13.763
  35.262    2.687   13.423
  34.084    4.383   18.575
  33.659    3.484   19.581
  36.357    2.838   12.978
  34.644    3.110   12.496
  35.168    1.564   13.125
  34.277    3.061   20.508
  32.564    3.333   20.027
  33.642    4.137   20.009
  17.951    7.670   27.708
  18.265    6.519   28.339
  18.784    6.503   29.656
  19.110    5.310   30.311
  18.928    4.089   29.673
  17.636    8.821   27.076
  17.117    8.836   25.760
  18.376    3.790   30.685
  20.048    3.885   30.026
  18.781    3.058   29.149
  15.997    9.040   25.406
  17.670    9.136   24.747
  17.121    9.608   25.881
  27.386   36.641   45.746
  28.635   37.144   45.839
  29.774   36.402   45.447
  31.069   36.924   45.543
  31.272   38.207   46.036
  26.136   36.138   45.653
  24.998   36.881   46.046
  31.941   38.336   45.058
  32.084   37.673   46.726
  31.457   39.282   46.447
  24.186   37.415   45.356
  24.328   36.752   47.023
  24.628   36.231   45.819
  21.188   14.830    8.088
  21.465   13.538    8.366
  22.670   13.148    8.996
  22.956   11.808    9.284
  22.048   10.811    8.952
  20.912   16.122    7.810
  19.707   16.513    7.180
  22.216   10.462   10.079
  23.001   10.284    8.469
  21.294    9.964    8.678
  18.754   17.040    7.663
  19.539   16.861    6.053
  20.023   17.223    7.255
  26.504   44.786   10.254
  26.360   44.194   11.458
  27.123   43.063   11.834
  26.973   42.448   13.083
  26.055   42.943   14.001
  26.649   45.379    9.049
  25.886   46.510    8.673
  26.975   42.886   14.756
  25.709   41.805   14.072
  25.288   43.348   14.780
  26.232   47.648    8.602
  24.966   46.566    7.918
  26.301   46.439    8.016
   6.188   40.754   14.785
   5.198   40.181   15.502
   4.718   40.750   16.706
   3.692   40.156   17.449
   3.107   38.972   17.016
   7.178   41.326   14.067
   7.657   40.758   12.863
   2.087   39.559   17.205
   3.306   38.616   18.135
   2.608   37.979   16.663
   7.458   41.114   11.744
   8.677   40.171   12.674
   8.127   41.381   12.880
  29.917    4.692   35.555
  31.121    4.086   35.472
  32.302    4.696   35.957
  33.550    4.068   35.871
  33.662    2.808   35.296
  28.713    5.297   35.638
  27.532    4.687   35.153
  34.275    2.554   36.286
  34.546    3.313   34.676
  33.770    1.751   34.816
  26.648    4.183   35.773
  26.918    4.942   34.163
  27.210    5.351   35.411
  48.321    8.173   25.122
  48.426    6.926   24.616
  47.346    6.011   24.646
  47.455    4.718   24.122
  48.647    4.292   23.549
  48.216    9.420   25.627
  49.295   10.335   25.597
  47.942    3.947   22.653
  48.497    3.344   24.255
  49.641    3.922   23.066
  49.445   11.283   24.891
  50.000   10.680   26.494
  48.775   10.797   25.952
   8.657   21.951   13.419
   8.301   20.650   13.361
   6.949   20.239   13.425
   6.580   18.890   13.366
   7.551   17.904   13.240
   9.012   23.253   13.476
  10.365   23.664   13.412
   6.852   17.511   12.358
   6.971   17.399   14.150
   8.355   17.066   13.134
  10.945   24.169   12.501
  11.064   24.057   14.294
  10.042   24.372   13.478
  24.358   42.408   19.384
  25.156   41.449   19.899
  26.129   41.733   20.886
  26.957   40.738   21.420
  26.841   39.423   20.986
  23.560   43.367   18.869
  22.587   43.083   17.882
  26.809   39.178   22.152
  28.024   39.496   20.863
  26.754   38.316   20.631
  21.404   43.010   18.006
  22.618   43.328   16.716
  22.453   43.850   17.945
  12.894   33.013   11.090
  11.972   32.550   11.961
  11.857   31.174   12.272
  10.901   30.695   13.175
  10.025   31.574   13.799
  13.816   33.475   10.219
  13.930   34.851    9.908
  10.367   31.006   14.789
   9.195   30.798   13.439
   9.284   32.301   14.330
  14.760   35.627   10.269
  13.589   35.419    8.918
  14.506   34.591    9.449
  24.962   25.778   43.238
  25.990   25.106   43.799
  27.182   25.756   44.196
  28.248   25.059   44.778
  28.160   23.688   44.982
  23.933   26.449   42.677
  22.741   25.800   42.280
  28.525   23.960   46.084
  29.226   23.671   44.451
  28.099   22.537   45.160
  21.674   25.817   42.811
  22.376   25.528   41.179
  22.543   26.525   42.067
  43.592   42.858   30.977
  42.983   43.800   31.729
  43.348   45.165   31.662
  42.717   46.141   32.441
  41.697   45.788   33.315
  44.201   41.916   30.226
  43.835   40.551   30.293
  41.114   46.687   32.794
  42.325   46.427   34.101
  40.839   45.504   34.053
  43.207   39.911   29.508
  44.417   39.651   30.814
  44.399   40.483   29.757
  37.018   40.739   40.445
  36.202   41.615   39.820
  36.254   43.005   40.079
  35.408   43.913   39.432
  34.479   43.463   38.502
  37.834   39.864   41.070
  37.781   38.474   40.811
  34.936   44.328   37.821
  33.719   44.130   39.132
  33.695   43.099   37.719
  38.542   37.807   40.180
  37.325   37.609   41.491
  38.355   38.461   41.341
   6.020   24.531   31.664
   6.727   23.901   32.626
   6.517   24.158   34.001
   7.250   23.505   34.999
   8.220   22.571   34.657
   5.313   25.161   30.702
   5.523   24.903   29.326
   7.664   21.891   35.463
   8.902   23.196   35.407
   9.036   21.784   34.384
   4.841   24.277   28.576
   6.079   25.582   28.520
   4.957   25.436   29.249
   3.404   13.392   13.827
   3.905   12.617   12.842
   3.153   12.293   11.687
   3.673   11.489   10.665
   4.962   10.981   10.761
   2.903   14.167   14.813
   3.655   14.491   15.967
   5.075   11.414    9.656
   4.436    9.949   10.484
   6.043   10.549   10.829
   4.181   15.524   16.244
   3.542   14.059   17.072
   3.003   14.880   16.152
  21.080   28.339   33.634
  21.064   29.524   34.281
  22.210   30.036   34.935
  22.194   31.265   35.606
  21.033   32.026   35.645
  21.095   27.154   32.988
  19.949   26.642   32.333
  21.754   32.908   35.297
  21.260   32.075   36.814
  20.064   32.674   35.687
  19.722   26.593   31.165
  19.228   25.759   32.681
  20.437   26.054   32.169
   4.510    6.443   47.753
   5.797    6.803   47.562
   6.869    6.112   48.175
   8.203    6.485   47.977
   8.514    7.563   47.157
   3.224    6.082   47.944
   2.152    6.773   47.331
   9.284    6.799   46.664
   9.185    7.905   48.081
   8.789    8.466   46.472
   1.481    6.432   46.407
   1.382    7.537   47.824
   1.729    6.242   47.716
  42.245   20.476    5.294
  43.592   20.434    5.356
  44.276   19.664    6.326
  45.674   19.621    6.390
  46.438   20.347    5.486
  40.897   20.517    5.233
  40.213   21.288    4.262
  47.014   19.314    5.342
  47.006   20.721    6.464
  47.092   20.952    4.733
  39.646   20.914    3.283
  39.637   22.321    4.406
  39.587   20.994    4.625
  39.653   23.986   25.384
  40.953   23.653   25.526
  41.911   23.920   24.519
  43.259   23.574   24.666
  43.699   22.949   25.827
  38.352   24.319   25.242
  37.395   24.052   26.249
  44.540   23.793   25.807
  44.209   22.186   25.067
  44.081   22.425   26.795
  36.885   24.815   27.009
  36.554   23.208   26.269
  36.915   24.389   25.733
   3.899   25.969    7.236
   2.923   25.039    7.168
   1.561   25.391    7.014
   0.549   24.426    6.943
   0.863   23.075    7.023
   4.875   26.899    7.305
   6.237   26.548    7.459
   0.181   22.992    6.050
  -0.005   23.055    7.839
   1.112   21.938    7.090
   7.106   26.567    6.643
   6.920   26.631    8.432
   6.329   27.323    7.441
  25.967   23.064   44.659
  26.173   23.525   45.912
  26.478   22.659   46.989
  26.691   23.136   48.287
  26.606   24.497   48.556
  25.762   22.604   43.407
  25.457   23.470   42.330
  27.655   24.324   49.094
  25.899   24.144   49.448
  26.538   25.636   48.795
  26.164   23.823   41.438
  24.408   23.643   41.792
  25.445   22.798   41.932
  37.942   45.974   26.113
  36.943   45.066   26.109
  35.971   45.016   27.137
  34.935   44.074   27.132
  34.834   43.149   26.101
  38.941   46.882   26.118
  39.913   46.933   25.090
  33.698   43.507   26.066
  34.735   42.362   26.990
  34.737   42.367   25.241
  40.012   47.719   24.201
  41.049   46.575   25.125
  40.183   47.525   25.521
  43.629   38.541   38.300
  43.681   39.684   37.584
  44.907   40.314   37.264
  44.960   41.500   36.521
  43.789   42.098   36.072
  43.578   37.398   39.016
  42.352   36.768   39.336
  44.358   42.126   35.026
  44.264   43.083   36.547
  42.814   42.611   35.690
  41.877   35.783   38.861
  41.783   36.740   40.383
  42.828   36.257   39.686
  41.072   16.144   38.185
  42.373   15.940   38.479
  43.107   14.863   37.929
  44.457   14.652   38.234
  45.121   15.510   39.101
  39.770   16.347   37.890
  39.036   17.425   38.441
  45.943   15.536   38.238
  45.466   14.500   39.631
  45.691   16.224   39.827
  38.692   18.435   37.911
  38.215   17.399   39.303
  38.462   17.114   38.012
  19.693   29.350   40.284
  19.380   30.629   40.581
  18.174   30.973   41.237
  17.850   32.300   41.545
  18.719   33.329   41.209
  20.006   28.071   39.987
  21.212   27.727   39.332
  18.559   33.660   42.342
  17.741   33.830   40.748
  19.440   34.203   40.932
  22.190   27.226   39.792
  21.372   27.396   38.198
  20.921   27.005   39.404
  43.123   34.110   24.366
  44.077   35.059   24.258
  44.577   35.751   25.386
  45.567   36.735   25.274
  46.091   37.062   24.030
  42.169   33.161   24.474
  41.669   32.468   23.346
  47.139   36.925   24.580
  45.866   38.181   24.374
  46.540   37.346   22.992
  41.894   31.349   23.002
  40.621   32.605   22.796
  41.233   32.115   23.889
  15.735   20.335   29.951
  16.391   20.772   28.855
  15.711   21.320   27.742
  16.391   21.774   26.606
  17.777   21.696   26.543
  15.079   19.897   31.047
  15.760   19.350   32.160
  17.696   22.838   26.211
  17.571   21.198   25.480
  18.940   21.637   26.476
  15.966   19.848   33.222
  15.841   18.208   32.492
  15.032   19.282   32.436
   3.510   33.461   24.181
   2.757   32.347   24.057
   2.042   32.054   22.871
   1.261   30.899   22.742
   1.168   29.996   23.794
   4.262   34.574   24.306
   4.978   34.867   25.491
   1.423   29.190   22.953
  -0.004   30.083   23.593
   1.081   29.229   24.669
   6.149   34.780   25.692
   4.723   35.673   26.332
   5.188   35.498   25.082
  38.306   19.158    6.682
  37.912   18.822    5.435
  37.760   19.787    4.411
  37.352   19.439    3.118
  37.081   18.113    2.803
  38.699   19.494    7.928
  38.851   18.530    8.953
  37.793   18.324    1.871
  36.074   18.563    2.350
  36.849   17.004    2.525
  39.857   18.080    9.406
  38.138   18.318    9.884
  39.054   19.159    9.369
  36.921   13.832   43.732
  35.836   13.107   43.385
  35.893   11.703   43.221
  34.768   10.951   42.861
  33.545   11.577   42.653
  38.006   14.556   44.079
  37.949   15.961   44.243
  33.133   10.728   43.380
  33.543   10.948   41.641
  32.513   12.090   42.474
  37.951   16.590   45.254
  38.360   16.810   43.515
  38.706   15.865   44.409
   2.004   26.526    5.011
   1.754   27.847    5.137
   0.436   28.355    5.224
   0.176   29.725    5.355
   1.225   30.635    5.403
   2.255   25.206    4.885
   3.572   24.697    4.798
   0.651   31.048    6.362
   0.594   31.208    4.570
   2.096   31.409    5.444
   4.203   24.124    5.630
   4.146   24.284    3.838
   3.193   24.016    4.749
  33.702   18.758    1.996
  33.243   19.233    3.174
  32.201   20.189    3.242
  31.725   20.682    4.463
  32.274   20.237    5.659
  34.161   18.283    0.819
  35.203   17.327    0.751
  31.136   20.072    5.970
  32.349   21.400    5.906
  32.726   19.872    6.670
  35.128   16.164    0.504
  36.342   17.492    0.441
  35.079   17.404   -0.016
  37.419   16.524   34.520
  37.131   17.707   33.936
  37.474   17.983   32.591
  37.175   19.210   31.986
  36.522   20.204   32.704
  37.708   15.342   35.103
  37.365   15.065   36.448
  35.810   20.244   31.750
  37.398   20.898   32.289
  35.974   21.047   33.295
  36.489   14.372   36.863
  38.077   15.025   37.403
  37.702   14.381   36.282
  24.746   41.364   41.658
  25.118   41.572   40.378
  26.020   42.601   40.016
  26.406   42.817   38.688
  25.904   42.012   37.674
  24.374   41.155   42.939
  23.472   40.126   43.300
  27.050   41.918   37.359
  25.669   43.052   37.142
  25.491   41.343   36.812
  23.707   39.086   43.832
  22.326   40.220   43.615
  23.596   40.414   44.015
  25.062   43.832   43.880
  25.498   42.693   44.459
  24.654   41.888   45.260
  25.106   40.707   45.861
  26.419   40.289   45.683
  24.626   44.970   43.300
  25.470   45.775   42.500
  25.913   39.245   45.411
  26.407   40.177   46.869
  27.518   39.927   45.541
  25.482   45.887   41.313
  25.976   46.819   42.772
  24.823   46.209   42.442
  19.314   42.859    4.096
  19.409   44.039    4.744
  19.167   45.273    4.095
  19.265   46.497    4.767
  19.609   46.531    6.113
  19.220   41.678    3.448
  19.462   40.444    4.097
  18.659   47.243    6.204
  20.399   47.349    5.757
  19.897   46.574    7.242
  18.673   39.626    4.453
  20.413   39.732    4.006
  19.297   40.161    3.388
  31.358   47.880   16.846
  30.588   46.825   16.503
  29.185   46.938   16.355
  28.387   45.844   15.999
  28.963   44.599   15.779
  32.128   48.935   17.189
  33.530   48.822   17.337
  28.322   44.625   14.774
  28.106   44.217   16.514
  29.433   43.549   15.591
  34.387   49.204   16.602
  34.171   48.796   18.342
  33.466   49.582   17.507
  15.987   23.926   17.669
  15.822   24.839   16.689
  14.990   25.972   16.852
  14.818   26.920   15.836
  15.473   26.768   14.620
  16.152   23.012   18.649
  16.984   21.879   18.486
  15.791   27.903   14.798
  14.392   26.967   14.161
  16.017   26.654   13.595
  18.065   21.680   18.945
  16.666   20.744   18.308
  16.749   21.733   19.216
  32.072   42.877   10.260
  32.580   43.569    9.218
  33.827   44.233    9.294
  34.353   44.950    8.213
  33.651   45.029    7.017
  31.565   42.185   11.302
  30.318   41.521   11.226
  34.693   44.709    6.535
  33.865   46.197    7.119
  33.072   45.103    6.008
  30.104   40.353   11.124
  29.276   41.840   11.708
  30.494   41.330   11.962
   4.461    6.418    4.380
   5.275    7.154    3.594
   4.969    8.490    3.240
   5.812    9.253    2.424
   6.993    8.709    1.934
   3.648    5.681    5.166
   3.954    4.346    5.520
   7.477    9.716    2.348
   6.600    9.129    0.890
   7.987    8.265    1.516
   4.347    3.926    6.564
   3.470    3.339    5.106
   3.277    4.404    5.904
  36.696   26.088   24.354
  36.972   25.133   23.441
  36.008   24.687   22.506
  36.294   23.696   21.559
  37.556   23.116   21.513
  36.420   27.043   25.267
  37.385   27.489   26.201
  37.482   23.360   20.349
  36.943   22.094   21.510
  38.611   22.621   21.463
  37.997   28.511   26.204
  37.458   27.246   27.365
  36.796   27.949   26.429
  20.868   15.491   38.355
  21.749   16.059   37.503
  23.060   15.555   37.335
  23.974   16.144   36.452
  23.608   17.257   35.706
  19.987   14.924   39.206
  18.676   15.428   39.374
  24.051   16.631   34.795
  24.634   17.706   36.115
  23.314   18.192   35.074
  17.650   14.979   38.966
  18.233   16.054   40.286
  18.627   14.834   39.879
   3.202   43.906   22.499
   3.554   43.980   21.198
   2.793   43.359   20.179
   3.158   43.435   18.830
   4.296   44.134   18.451
   2.850   43.833   23.801
   3.611   44.454   24.819
   3.564   44.641   17.659
   4.545   43.142   17.840
   5.250   44.718   18.119
   3.363   45.446   25.431
   4.343   43.948   25.611
   3.056   44.146   25.274
  47.977   16.166   23.747
  47.901   17.511   23.655
  46.662   18.195   23.666
  46.584   19.589   23.570
  47.741   20.350   23.462
  48.053   14.822   23.839
  49.292   14.138   23.829
  47.251   20.985   24.343
  47.166   20.858   22.550
  48.705   21.001   23.370
  49.867   13.630   24.741
  49.782   13.503   22.948
  48.827   13.514   23.895
  31.814    8.105   10.686
  32.896    7.390   10.310
  32.835    5.992   10.102
  33.957    5.250    9.712
  35.179    5.881    9.516
  30.732    8.820   11.063
  30.793   10.218   11.271
  35.174    5.284    8.485
  35.594    5.008   10.213
  36.211    6.397    9.348
  30.378   11.091   10.573
  30.798   10.815   12.302
  30.037   10.119   11.439
  12.206   35.336   25.098
  11.825   35.519   26.380
  10.548   36.028   26.717
  10.153   36.217   28.047
  11.019   35.904   29.086
  12.588   35.154   23.816
  13.864   34.645   23.478
  10.078   35.317   29.521
  10.735   36.992   29.479
  11.737   35.645   29.968
  14.149   33.556   23.086
  14.806   35.231   23.043
  13.590   34.734   22.752
  26.254    5.843   46.435
  24.952    6.191   46.506
  24.540    7.542   46.596
  23.189    7.903   46.669
  22.202    6.926   46.657
  27.557    5.495   46.364
  27.968    4.144   46.275
  21.717    7.611   45.811
  21.789    7.515   47.607
  21.363    6.116   46.647
  28.381    3.556   45.325
  28.453    3.459   47.121
  28.677    4.472   46.264
   8.649   10.606   47.166
   9.973   10.506   46.921
  10.941   10.753   47.923
  12.314   10.649   47.669
  12.768   10.294   46.405
   7.325   10.707   47.410
   6.357   10.460   46.408
  13.431    9.507   47.005
  13.476   11.244   46.535
  13.162    9.998   45.348
   5.649    9.510   46.278
   5.693   11.247   45.808
   5.865   10.631   46.991
  46.636   26.165   10.654
  47.286   25.371    9.777
  48.692   25.412    9.627
  49.366   24.588    8.718
  48.658   23.694    7.926
  45.986   26.959   11.531
  44.579   26.918   11.680
  49.469   22.910    8.312
  49.296   24.173    7.041
  48.076   22.938    7.255
  43.941   26.439   12.565
  43.769   27.701   11.294
  44.726   27.472   12.211
  43.818   33.632   29.703
  43.683   32.300   29.876
  42.493   31.727   30.385
  42.353   30.345   30.565
  43.398   29.488   30.242
  43.953   34.964   29.530
  45.142   35.537   29.021
  42.552   28.889   29.654
  43.194   29.042   31.328
  44.266   28.757   29.975
  45.345   35.983   27.935
  45.988   36.136   29.609
  44.738   36.199   29.116
  14.352    4.631    4.475
  14.759    3.571    3.745
  14.501    3.473    2.357
  14.923    2.373    1.600
  15.618    1.333    2.203
  13.945    5.692    5.204
  14.204    5.790    6.592
  16.375    1.485    1.295
  14.820    0.648    1.644
  16.203    0.453    2.698
  15.002    6.476    7.151
  13.447    5.639    7.501
  13.821    6.466    6.507
  11.805    3.046   48.007
  10.836    3.247   47.089
  10.228    4.511   46.904
   9.223    4.719   45.952
   8.790    3.670   45.151
  12.775    2.846   48.925
  13.383    1.582   49.110
   8.954    4.450   44.265
   7.706    4.028   45.492
   8.417    2.798   44.472
  14.467    1.223   48.769
  13.219    0.801   49.995
  13.785    1.973   49.653
  16.891   37.912    0.895
  17.998   38.686    0.895
  17.924   40.099    0.895
  19.071   40.902    0.894
  20.333   40.320    0.894
  15.785   37.138    0.896
  15.859   35.725    0.896
  20.538   41.074    1.794
  20.538   41.073   -0.006
  21.398   39.844    0.895
  15.654   34.972    1.796
  15.654   34.971   -0.004
  15.080   35.791    0.896
  28.882   43.420   37.229
  29.538   42.367   36.697
  28.867   41.181   36.315
  29.547   40.089   35.763
  30.923   40.143   35.575
  28.226   44.473   37.761
  28.897   45.659   38.143
  30.657   39.762   34.477
  30.909   39.087   36.127
  32.077   40.175   35.411
  28.910   46.715   37.591
  29.163   46.040   39.241
  28.174   45.877   38.343
  12.875   45.540   21.348
  13.708   46.097   20.442
  13.552   45.887   19.052
  14.415   46.465   18.113
  15.466   47.272   18.531
  12.043   44.983   22.253
  12.199   45.193   23.644
  15.042   48.025   17.710
  16.113   46.581   17.807
  16.351   47.951   18.869
  11.552   45.883   24.368
  12.622   44.439   24.465
  11.571   44.729   23.676
  41.747   10.674   18.394
  42.406    9.506   18.237
  41.727    8.269   18.139
  42.410    7.058   17.976
  43.797    7.041   17.904
  41.089   11.842   18.551
  41.768   13.079   18.648
  43.609    6.372   16.937
  43.699    6.182   18.724
  44.961    7.013   17.843
  41.866   13.939   17.829
  41.956   13.749   19.616
  41.040   13.353   18.714
   7.209   42.311    6.071
   6.685   41.632    7.114
   6.157   40.327    6.969
   5.613   39.622    8.050
   5.578   40.198    9.314
   7.733   42.990    5.029
   8.262   44.295    5.174
   6.056   39.161    9.656
   4.436   39.857    9.295
   5.542   40.669   10.380
   9.403   44.635    5.193
   7.783   45.331    4.831
   8.396   44.210    4.409
   8.663   24.751   24.708
   8.109   25.758   25.415
   7.204   26.676   24.831
   6.629   27.720   25.564
   6.938   27.885   26.908
   9.218   23.743   24.001
  10.123   22.826   24.586
   5.756   27.947   27.039
   7.131   29.018   26.591
   7.190   28.035   28.037
   9.931   21.694   24.904
  11.306   22.765   24.455
  10.121   22.527   23.865
   2.482   31.319   17.830
   3.224   30.453   17.108
   2.789   29.134   16.840
   3.559   28.236   16.091
   4.791   28.626   15.582
   1.739   32.184   18.553
   2.174   33.504   18.821
   4.367   28.177   14.563
   5.169   27.607   16.070
   5.828   28.941   15.149
   1.796   34.523   18.332
   2.598   33.953   19.840
   1.491   33.539   19.198
  20.622   21.823    9.327
  21.410   22.904    9.508
  22.792   22.786    9.785
  23.609   23.908    9.973
  23.073   25.186    9.891
  19.834   20.741    9.146
  18.451   20.859    8.869
  23.995   25.386    9.163
  23.639   25.350   10.927
  22.635   26.265    9.825
  17.885   20.695    7.834
  17.529   20.659    9.598
  18.495   20.079    8.862
  16.505   17.486    2.642
  17.315   18.455    2.163
  18.187   19.187    3.004
  19.026   20.191    2.508
  19.024   20.499    1.153
  15.696   16.517    3.120
  14.824   15.785    2.280
  20.207   20.401    1.262
  18.913   21.621    1.542
  19.032   20.768    0.019
  14.936   14.664    1.891
  13.642   15.884    2.171
  14.640   15.436    2.953
  35.220   20.294   26.854
  36.501   20.713   26.780
  37.502   19.954   26.129
  38.831   20.389   26.052
  39.205   21.599   26.623
  33.939   19.874   26.928
  32.938   20.633   27.579
  39.712   21.794   25.563
  40.078   20.950   27.110
  39.533   22.612   27.098
  32.065   21.282   27.092
  32.431   20.439   28.640
  32.489   20.034   27.358
   8.860   32.923   37.204
   8.660   31.805   36.473
   9.709   30.902   36.182
   9.502   29.743   35.425
   8.238   29.446   34.930
   9.060   34.040   37.935
   8.010   34.944   38.225
   8.446   28.374   35.405
   8.819   29.290   33.902
   7.182   29.186   34.510
   7.429   35.100   39.254
   7.802   36.017   37.750
   8.583   35.323   38.598
  15.725   23.941   37.343
  14.644   24.686   37.030
  14.701   26.098   36.956
  13.580   26.870   36.631
  12.360   26.258   36.368
  16.807   23.196   37.657
  16.749   21.784   37.731
  12.369   26.950   35.399
  11.939   27.060   37.143
  11.331   25.757   36.146
  17.170   20.983   36.957
  16.740   21.092   38.701
  17.504   21.869   37.912
  36.581   22.286   24.208
  35.687   23.297   24.249
  34.637   23.331   25.197
  33.709   24.379   25.239
  33.799   25.430   24.334
  37.476   21.276   24.168
  38.526   21.242   23.220
  33.702   26.107   25.310
  32.639   25.212   24.166
  33.862   26.318   23.581
  39.685   21.459   23.389
  38.622   20.565   22.244
  38.693   20.573   23.588
  48.177   31.933   23.615
  47.940   32.016   22.288
  48.557   31.144   21.360
  48.311   31.230   19.985
  47.440   32.191   19.488
  48.414   31.850   24.941
  47.797   32.723   25.869
  46.961   31.269   18.905
  48.332   32.422   18.733
  46.711   32.993   19.058
  46.905   32.492   26.625
  48.277   33.645   26.452
  48.215   32.303   26.379
  42.431   28.842   34.507
  42.437   28.153   33.346
  41.352   27.334   32.953
  41.358   26.620   31.749
  42.450   26.700   30.894
  42.425   29.530   35.668
  43.511   30.349   36.060
  41.621   26.914   30.066
  42.377   25.510   30.902
  43.360   26.757   30.167
  43.584   31.538   36.053
  44.340   30.135   36.889
  43.054   30.473   36.682
  10.169    2.255   14.597
   9.641    2.526   13.384
   9.322    1.504   12.459
   8.774    1.785   11.202
   8.526    3.099   10.825
  10.697    1.983   15.809
  11.016    3.006   16.734
   7.453    2.674   10.529
   9.109    2.787    9.833
   8.313    4.197   10.495
  10.433    3.318   17.726
  12.089    3.430   17.030
  11.240    2.396   17.168
  46.871   41.305   11.740
  46.193   40.387   11.019
  45.704   39.191   11.597
  45.001   38.239   10.849
  44.762   38.448    9.497
  47.549   42.223   12.461
  48.038   43.418   11.883
  43.640   38.168    9.785
  45.187   37.341    9.383
  44.554   38.611    8.361
  47.613   44.526   11.996
  49.160   43.699   11.594
  48.293   43.541   12.611
   1.044    5.231    4.935
   1.189    5.002    6.257
   0.912    3.739    6.834
   1.063    3.501    8.205
   1.496    4.517    9.049
   0.898    5.461    3.612
   1.175    6.723    3.035
   2.265    3.692    9.433
   0.558    4.192    9.708
   1.858    5.360    9.768
   2.113    7.048    2.376
   0.406    7.548    2.651
   0.961    6.353    2.382
   3.769   37.591   45.344
   2.993   37.797   44.258
   2.344   36.733   43.588
   1.540   36.946   42.462
   1.356   38.231   41.966
   4.544   37.385   46.430
   5.193   38.449   47.100
   0.202   37.934   41.988
   1.639   37.729   40.923
   1.193   39.304   41.540
   4.911   38.951   48.143
   6.347   38.746   47.078
   5.447   37.867   47.555
   3.156    7.631    7.681
   2.980    8.401    6.586
   2.014    9.435    6.544
   1.832   10.234    5.409
   2.609   10.028    4.276
   3.332    6.860    8.775
   4.297    5.826    8.817
   2.779   11.206    4.338
   1.559   10.040    3.713
   3.254    9.866    3.318
   5.347    5.815    9.381
   4.127    4.649    8.756
   4.014    5.736    9.540
  30.625    0.427   42.932
  29.535    0.842   42.252
  28.847   -0.002   41.348
  27.717    0.429   40.644
  27.234    1.720   40.818
  31.715    0.011   43.611
  32.402    0.856   44.515
  26.188    1.169   40.966
  27.242    1.744   39.626
  26.817    2.801   40.954
  32.393    0.831   45.706
  33.448    1.407   44.366
  32.853    0.223   44.597
  17.776    4.647   25.329
  17.157    3.941   26.299
  17.323    4.244   27.671
  16.681    3.512   28.676
  15.848    2.450   28.345
  18.396    5.354   24.360
  18.229    5.050   22.988
  15.084    2.988   29.084
  16.488    1.864   29.162
  15.147    1.556   28.081
  17.590    5.637   22.171
  18.994    4.512   22.249
  18.718    5.654   22.904
  24.635   21.146    5.218
  24.017   22.303    5.535
  23.088   22.390    6.600
  22.447   23.590    6.929
  22.712   24.747    6.205
  25.254   19.988    4.901
  26.182   19.902    3.837
  22.862   25.231    7.283
  21.524   24.828    6.149
  22.925   25.724    5.606
  27.370   19.821    3.893
  26.032   19.417    2.759
  26.213   19.155    4.066
  11.200   17.651   43.909
  12.396   17.952   44.459
  12.818   19.289   44.649
  14.058   19.602   45.220
  14.919   18.588   45.621
  10.005   17.350   43.358
   9.582   16.013   43.168
  14.973   19.213   46.635
  15.727   19.206   45.001
  15.651   17.747   45.963
   8.774   15.395   43.789
   9.529   15.388   42.155
   8.950   16.367   42.875
   8.796   37.689   48.090
   7.621   37.025   48.127
   7.558   35.611   48.133
   6.340   34.923   48.172
   5.141   35.623   48.206
   9.970   38.353   48.053
  10.033   39.767   48.046
   4.891   34.896   49.116
   4.837   34.890   47.317
   4.127   36.199   48.235
  10.336   40.500   48.936
  10.282   40.495   47.136
  10.801   39.627   48.024
  17.932   46.113   13.307
  18.062   44.842   13.742
  17.568   44.425   15.001
  17.702   43.106   15.451
  18.335   42.157   14.658
  17.803   47.385   12.873
  18.297   47.802   11.614
  17.368   41.503   14.896
  18.945   41.922   15.655
  18.864   41.350   14.003
  17.687   48.036   10.618
  19.265   48.456   11.376
  18.004   48.488   11.845
  42.546   42.709   23.263
  41.292   43.210   23.284
  40.600   43.548   22.097
  39.300   44.069   22.119
  38.647   44.269   23.329
  43.799   42.207   23.242
  44.491   41.869   24.429
  37.757   43.682   22.796
  38.426   45.351   22.881
  38.087   44.443   24.337
  44.712   40.787   24.877
  45.381   42.456   24.962
  45.050   41.671   23.921
   4.683   10.408   33.168
   5.563   11.330   32.722
   6.914   11.009   32.451
   7.826   11.965   31.989
   7.420   13.277   31.782
   3.804    9.486   33.613
   2.453    9.808   33.884
   7.952   13.137   30.725
   8.389   13.541   32.423
   7.092   14.382   31.603
   1.484    9.544   33.242
   1.921    9.948   34.941
   2.421    9.051   34.072
  10.341   20.973   42.292
   9.398   21.797   42.797
   9.733   22.983   43.492
   8.756   23.838   44.015
   7.408   23.536   43.862
  11.284   20.149   41.787
  10.948   18.962   41.092
   7.333   24.664   43.485
   7.362   23.748   45.034
   6.274   23.296   43.741
  10.995   18.750   39.920
  11.024   17.835   41.470
  11.725   18.900   41.040
  41.125   38.263    0.898
  40.778   36.958    0.897
  41.745   35.925    0.897
  41.386   34.572    0.897
  40.046   34.203    0.896
  41.471   39.567    0.899
  40.504   40.600    0.899
  40.375   33.495    1.796
  40.375   33.496   -0.004
  38.926   33.880    0.896
  40.175   41.308    1.799
  40.175   41.309   -0.001
  41.141   41.052    0.899
  25.340   10.222   43.424
  26.559   10.575   42.963
  27.125   11.842   43.235
  28.389   12.209   42.756
  29.131   11.320   41.988
  24.121    9.869   43.886
  23.555    8.601   43.614
  30.005   11.594   42.751
  29.248   12.253   41.256
  29.765   10.584   41.343
  23.437    7.668   44.346
  22.681    8.327   42.852
  22.967    8.891   44.039
  48.292   21.117   46.457
  47.971   22.415   46.274
  48.956   23.429   46.208
  48.623   24.776   46.018
  47.294   25.157   45.888
  48.613   19.818   46.640
  47.628   18.805   46.707
  47.691   25.743   44.930
  47.581   25.968   46.713
  46.182   25.490   45.777
  47.341   17.994   45.882
  47.231   18.218   47.665
  48.255   18.349   46.803
  37.302   14.407   40.284
  37.629   13.552   41.277
  38.663   12.597   41.133
  39.002   11.711   42.162
  38.320   11.748   43.372
  36.975   15.262   39.292
  35.941   16.217   39.435
  39.415   11.764   43.841
  38.225   10.571   43.206
  37.754   11.768   44.392
  36.035   17.393   39.601
  34.846   16.201   38.966
  36.151   16.397   38.705
  44.681   20.724   22.386
  44.048   19.748   23.071
  44.543   18.424   23.120
  43.887   17.412   23.831
  42.711   17.688   24.517
  45.315   21.700   21.701
  44.819   23.025   21.652
  43.260   17.134   25.418
  42.305   16.723   23.949
  41.724   17.907   25.098
  45.225   23.990   22.221
  44.270   23.579   20.752
  45.454   23.133   21.210
   5.856   43.678   44.600
   6.767   43.231   43.709
   7.938   43.964   43.402
   8.882   43.500   42.478
   8.690   42.287   41.829
   4.945   44.124   45.491
   3.775   43.391   45.798
   9.811   42.074   42.173
   8.932   42.921   40.850
   8.541   41.271   41.278
   3.532   42.757   46.778
   2.654   43.604   45.454
   3.647   43.999   46.272
  28.007    8.046   17.986
  26.746    8.052   18.470
  25.618    7.925   17.625
  24.311    7.932   18.127
  24.086    8.065   19.491
  29.267    8.039   17.503
  30.395    8.166   18.348
  23.378    7.118   19.334
  23.316    8.908   19.150
  23.882    8.175   20.634
  31.165    7.323   18.689
  31.103    9.112   18.504
  30.777    8.109   17.669
   2.156    4.324   33.447
   3.017    3.595   34.189
   2.757    2.247   34.532
   3.650    1.492   35.302
   4.835    2.058   35.756
   1.295    5.052   32.705
   1.556    6.400   32.362
   5.327    1.069   35.307
   4.493    1.612   36.807
   5.833    2.520   36.143
   1.898    6.845   31.311
   1.064    7.388   32.811
   0.865    6.331   32.003
   4.650   10.187   13.063
   3.627    9.499   12.513
   3.830    8.294   11.801
   2.769    7.580   11.231
   1.466    8.047   11.353
   5.673   10.875   13.613
   5.470   12.080   14.325
   1.237    6.931   11.702
   1.429    7.866   10.176
   0.368    8.428   11.448
   5.507   12.262   15.503
   5.699   13.196   13.976
   6.246   12.043   14.400
   2.943   11.060   20.459
   2.955   12.211   21.164
   3.788   12.390   22.294
   3.801   13.584   23.025
   2.981   14.641   22.652
   2.931    9.908   19.754
   2.098    9.730   18.624
   3.984   15.280   22.741
   2.678   14.643   23.804
   2.299   15.537   22.349
   2.401    9.728   17.471
   1.096    9.091   18.534
   2.437    9.026   18.618
  18.587    3.187    3.546
  19.239    4.015    2.702
  18.850    5.364    2.526
  19.526    6.223    1.650
  20.615    5.763    0.921
  17.935    2.359    4.390
  18.324    1.010    4.567
  21.143    6.747    1.335
  20.040    6.255   -0.000
  21.531    5.390    0.302
  18.899    0.518    5.488
  17.796    0.025    4.153
  17.722    1.013    5.064
  41.340   38.931   33.726
  40.523   37.871   33.542
  40.830   36.589   34.056
  39.984   35.491   33.866
  38.799   35.635   33.154
  42.156   39.990   33.909
  41.849   41.272   33.395
  38.320   35.077   34.092
  39.187   34.673   32.567
  37.802   35.742   32.559
  41.461   42.234   33.982
  42.328   41.830   32.457
  42.529   41.454   33.734
   0.296   17.352   34.489
   0.499   16.018   34.524
  -0.002   15.210   35.573
   0.208   13.826   35.609
   0.927   13.201   34.598
   0.094   18.686   34.455
   0.595   19.494   33.406
  -0.001   12.453   34.580
   1.522   12.708   35.505
   1.528   12.663   33.756
  -0.001   19.987   32.499
   1.522   20.242   33.424
   0.249   20.059   33.819
  15.368    9.827    9.910
  14.114   10.044    9.460
  12.993    9.383   10.016
  11.693    9.607    9.550
  11.466   10.501    8.511
  16.623    9.610   10.360
  17.744   10.272    9.804
  10.634   10.939    9.242
  10.830    9.604    8.051
  11.262   11.249    7.639
  18.379   11.168   10.263
  18.576    9.833    9.072
  18.124    9.850   10.339
  37.915   24.361   39.214
  37.980   23.085   39.653
  36.839   22.249   39.697
  36.905   20.927   40.152
  38.115   20.393   40.578
  37.851   25.636   38.776
  38.992   26.472   38.731
  37.826   19.494   39.852
  37.481   20.053   41.528
  39.124   19.933   40.939
  39.626   26.812   37.782
  39.282   27.371   39.458
  38.473   26.985   38.454
  24.196    3.424   42.472
  25.045    2.660   43.191
  24.697    1.359   43.627
  25.578    0.566   44.373
  26.838    1.045   44.708
  23.347    4.189   41.754
  23.695    5.490   41.317
  27.207   -0.005   44.282
  26.540    0.685   45.805
  27.898    1.434   44.997
  23.994    5.850   40.221
  23.326    6.539   41.744
  22.976    5.465   41.013
   9.876   35.683   17.735
   8.733   36.403   17.739
   7.459   35.787   17.742
   6.275   36.534   17.746
   6.322   37.922   17.747
  11.018   34.963   17.731
  12.292   35.579   17.729
   5.550   37.818   18.649
   5.546   37.820   16.849
   6.348   39.088   17.748
  13.069   35.681   18.627
  13.064   35.683   16.827
  12.533   34.836   17.727
  18.512   27.062   45.629
  19.420   27.970   46.047
  19.834   29.048   45.229
  20.774   29.989   45.662
  21.335   29.887   46.929
  17.605   26.153   45.211
  17.191   25.076   46.029
  21.037   31.038   47.011
  22.363   30.021   46.343
  21.813   29.813   47.990
  16.162   24.941   46.615
  17.489   23.925   45.947
  16.751   24.911   45.406
   2.741   36.772    5.708
   3.075   38.071    5.560
   4.423   38.495    5.485
   4.770   39.842    5.331
   3.782   40.814    5.246
   2.406   35.472    5.857
   1.058   35.049    5.932
   4.395   41.170    4.289
   4.434   41.365    6.078
   2.962   41.640    5.174
   0.406   34.498    5.100
   0.444   34.693    6.889
   1.394   34.347    6.001
  24.168   19.304   17.934
  25.494   19.554   17.927
  26.453   18.516   17.840
  27.828   18.776   17.832
  28.295   20.082   17.910
  22.841   19.054   17.942
  21.883   20.091   18.029
  28.960   19.762   16.974
  28.993   19.643   18.770
  28.700   21.174   17.975
  21.184   20.530   17.169
  21.218   20.411   18.965
  21.385   19.490   17.998
  12.588   43.220   17.483
  12.393   44.525   17.770
  11.108   45.048   18.048
  10.906   46.400   18.346
  11.982   47.279   18.377
  12.783   41.916   17.195
  14.069   41.393   16.918
  11.522   47.599   19.429
  11.287   47.950   17.679
  12.876   48.027   18.407
  14.763   40.722   17.616
  14.528   41.072   15.866
  13.665   40.729   16.839
  35.322   24.087   19.094
  35.371   23.188   18.088
  35.796   21.854   18.295
  35.846   20.921   17.252
  35.474   21.289   15.965
  35.274   24.987   20.100
  34.849   26.320   19.893
  34.813   20.299   16.014
  36.509   20.785   15.661
  35.164   21.585   14.881
  33.813   26.825   20.197
  35.510   27.311   19.845
  34.993   26.373   20.659
  37.937   38.192   16.628
  38.868   38.207   15.651
  39.010   39.304   14.768
  39.976   39.320   13.755
  40.834   38.241   13.588
  37.005   38.176   17.606
  36.863   37.079   18.489
  41.679   39.081   13.578
  40.504   38.321   12.446
  41.561   37.341   13.437
  37.194   36.999   19.631
  36.018   36.239   18.499
  36.293   37.526   18.781
  28.334   17.249   42.043
  27.861   16.087   41.544
  26.647   15.516   41.993
  26.157   14.311   41.476
  26.864   13.633   40.491
  28.806   18.411   42.541
  30.020   18.982   42.092
  25.810   13.602   39.937
  26.706   12.694   41.206
  27.448   13.054   39.664
  30.179   19.921   41.377
  31.075   19.012   42.646
  29.834   19.529   42.616
  34.577   43.017   48.684
  35.674   42.247   48.843
  35.641   40.845   48.649
  36.778   40.046   48.814
  37.990   40.620   49.179
  33.479   43.787   48.525
  33.513   45.189   48.719
  38.417   39.988   48.263
  38.003   39.757   50.000
  39.013   41.089   49.484
  33.499   46.052   47.897
  33.086   45.822   49.634
  32.757   45.126   48.531
  11.165   20.364   32.419
   9.886   20.037   32.698
   9.547   19.182   33.773
   8.220   18.843   34.062
   7.184   19.346   33.285
  12.445   20.692   32.141
  12.784   21.547   31.066
   6.707   19.633   34.339
   6.833   18.208   33.246
   6.305   19.762   32.641
  13.134   22.685   31.105
  13.261   21.261   30.012
  13.508   21.412   31.326
  32.181   48.913    6.043
  31.705   49.007    7.303
  30.344   48.774    7.609
  29.850   48.872    8.916
  30.701   49.205    9.962
  32.657   48.819    4.783
  34.018   49.051    4.476
  30.211   48.256   10.491
  29.854   50.000   10.226
  31.404   49.484   10.850
  34.866   48.256    4.212
  34.508   50.000    3.947
  33.772   48.891    3.752
  29.399   16.947   12.554
  30.304   15.945   12.559
  31.697   16.193   12.566
  32.636   15.154   12.571
  32.214   13.830   12.569
  28.494   17.948   12.549
  27.101   17.700   12.542
  32.983   13.721   13.473
  32.992   13.720   11.673
  31.875   12.715   12.568
  26.323   17.811   13.438
  26.332   17.810   11.638
  27.069   18.481   12.541
  31.290   31.696   31.621
  30.510   30.851   32.329
  29.761   31.283   33.449
  28.952   30.407   34.183
  28.864   29.068   33.823
  32.069   32.541   30.913
  32.819   32.109   29.793
  27.690   29.258   33.902
  29.081   28.877   34.979
  28.781   27.942   33.532
  32.602   32.300   28.637
  33.992   31.919   29.714
  33.034   32.860   29.782
  10.466   45.515   31.209
  10.626   45.513   29.869
  11.903   45.601   29.266
  12.069   45.599   27.876
  10.963   45.510   27.039
  10.306   45.516   32.550
   9.028   45.428   33.153
  11.595   44.649   26.511
  11.464   46.444   26.493
  10.044   45.436   26.325
   8.528   44.494   33.698
   8.396   46.290   33.680
   9.452   45.466   33.807
  40.046   30.869   40.558
  40.996   30.110   41.144
  41.826   29.239   40.398
  42.811   28.452   41.006
  43.002   28.507   42.381
  39.096   31.628   39.973
  38.266   32.499   40.719
  44.148   28.646   42.085
  42.952   27.319   42.304
  43.173   28.544   43.534
  38.316   33.687   40.795
  37.120   32.360   41.014
  37.969   32.649   40.012
  42.701   43.366   21.159
  42.532   42.061   20.857
  41.482   41.293   21.412
  41.307   39.940   21.100
  42.176   39.306   20.220
  42.870   44.671   21.460
  43.920   45.440   20.905
  41.171   38.936   19.698
  42.234   38.480   21.077
  42.898   38.763   19.484
  43.862   46.266   20.048
  44.925   45.810   21.427
  43.597   46.002   21.340
  18.149   13.199   43.906
  17.771   11.949   44.250
  16.431   11.511   44.132
  16.040   10.215   44.489
  16.975    9.311   44.977
  18.526   14.448   43.561
  19.866   14.887   43.680
  16.503    8.581   44.163
  16.170    9.143   45.840
  17.750    8.542   45.389
  20.671   15.054   42.818
  20.338   15.617   44.495
  19.562   15.549   43.398
  43.910   36.124   16.229
  45.159   36.620   16.099
  46.241   36.140   16.875
  47.537   36.654   16.740
  47.796   37.666   15.824
  42.661   35.629   16.359
  41.580   36.108   15.583
  48.692   36.955   15.489
  48.334   38.188   16.750
  48.028   38.515   15.059
  41.042   35.586   14.657
  40.684   36.819   15.918
  41.186   35.573   15.995
  26.615   23.194    1.913
  26.772   24.430    2.432
  28.047   24.953    2.752
  28.210   26.235    3.291
  27.103   27.040    3.529
  26.458   21.957    1.393
  25.183   21.435    1.073
  27.736   27.861    2.942
  27.599   27.181    4.603
  26.182   27.726    3.733
  24.687   21.294   -0.001
  24.549   20.613    1.660
  25.608   20.817    0.856
  23.768   19.080   20.349
  23.376   20.318   19.982
  24.282   21.404   19.920
  23.875   22.688   19.540
  22.549   22.933   19.208
  24.159   17.841   20.716
  23.254   16.755   20.778
  23.021   23.451   18.245
  22.664   23.848   19.964
  21.438   23.153   18.927
  23.138   15.841   20.022
  22.781   16.237   21.742
  23.896   16.370   21.000
  16.053   46.119    6.386
  15.605   44.867    6.153
  15.133   44.464    4.881
  14.669   43.166    4.639
  14.659   42.224    5.661
  16.501   47.371    6.619
  16.973   47.774    7.891
  15.199   41.534    4.854
  13.535   42.045    5.309
  14.645   41.424    6.509
  18.097   47.953    8.243
  16.432   48.465    8.698
  17.079   48.453    7.518
  23.950    4.173   23.494
  24.020    3.441   24.626
  25.256    3.016   25.169
  25.329    2.256   26.343
  24.168    1.894   27.015
  23.880    4.906   22.362
  22.645    5.331   21.820
  24.744    2.317   27.969
  24.651    0.805   26.996
  23.202    1.584   27.590
  22.161    6.420   21.839
  22.068    4.909   20.866
  23.112    5.649   21.281
  44.790    7.779   40.152
  44.368    6.603   39.641
  43.098    6.062   39.953
  42.660    4.842   39.424
  43.477    4.119   38.564
  45.212    8.956   40.662
  46.482    9.496   40.350
  42.501    4.076   37.882
  43.215    3.210   39.289
  44.153    3.502   37.842
  46.744   10.405   39.625
  47.458    9.539   41.033
  46.238   10.066   40.825
  44.236   27.253   37.233
  45.107   26.252   36.986
  46.494   26.486   36.832
  47.398   25.448   36.576
  46.947   24.139   36.466
  43.364   28.254   37.480
  41.977   28.019   37.634
  47.829   23.908   37.234
  47.593   24.138   35.464
  46.583   23.035   36.370
  41.331   28.020   38.635
  41.096   28.250   36.866
  41.966   28.794   37.736
   7.965   17.270    6.077
   9.083   17.937    5.718
  10.301   17.269    5.451
  11.460   17.961    5.079
  11.442   19.345    4.960
   6.848   16.603    6.436
   5.629   17.270    6.703
  11.956   19.131    3.906
  12.420   19.286    5.638
  11.440   20.506    4.857
   4.651   17.329    6.024
   5.115   17.484    7.756
   5.381   16.541    6.834
  27.908    2.315   17.915
  26.779    3.049   18.007
  25.544    2.480   18.398
  24.373    3.241   18.494
  24.396    4.599   18.201
  29.037    1.580   17.823
  30.272    2.150   17.431
  23.829    4.701   19.245
  23.452    4.336   17.523
  24.400    5.740   17.958
  31.216    2.413   18.109
  30.838    2.048   16.387
  30.521    1.416   17.532
  43.428   37.534   46.667
  43.729   36.219   46.736
  43.398   35.319   45.696
  43.711   33.956   45.767
  44.365   33.445   46.881
  43.127   38.848   46.599
  43.458   39.748   47.639
  45.085   32.951   46.070
  43.498   32.629   46.854
  44.914   33.003   47.810
  44.325   40.565   47.665
  42.738   40.242   48.450
  43.116   40.261   47.159
  13.660   19.923   40.819
  14.358   19.052   41.579
  13.999   17.687   41.676
  14.723   16.784   42.464
  15.831   17.215   43.183
  12.962   20.793   40.058
  13.320   22.159   39.961
  16.360   16.271   42.683
  15.301   16.650   44.088
  16.763   17.563   43.792
  13.851   22.724   39.056
  12.792   23.102   40.461
  12.699   22.178   39.488
  45.789    1.014   45.229
  46.152    1.337   46.489
  45.271    1.185   47.585
  45.648    1.520   48.892
  46.919    2.019   49.147
  45.426    0.691   43.970
  46.307    0.843   42.873
  46.932    1.186   50.000
  46.326    2.862   49.745
  47.983    2.438   49.376
  46.899   -0.000   42.275
  46.293    1.676   42.020
  45.694    0.562   42.478
  26.464   11.219   17.762
  25.413   11.628   18.504
  24.572   10.714   19.181
  23.481   11.138   19.950
  23.194   12.492   20.069
  27.516   10.809   17.021
  28.357   11.724   16.344
  23.150   12.248   21.234
  22.088   12.149   19.784
  22.941   13.626   20.177
  29.462   12.067   16.629
  28.401   11.968   15.178
  28.717   11.066   16.125
  27.893   13.053   23.111
  29.069   13.461   22.590
  29.330   14.821   22.299
  30.550   15.244   21.759
  31.554   14.322   21.491
  26.716   12.645   23.632
  26.455   11.285   23.923
  32.241   15.091   22.089
  31.585   14.861   20.428
  32.405   13.559   21.261
  26.424   10.747   24.985
  25.769   10.517   23.324
  25.768   11.576   24.153
  46.895   38.531   21.165
  47.567   37.605   20.447
  48.889   37.218   20.773
  49.585   36.259   20.029
  48.985   35.652   18.933
  46.223   39.456   21.882
  44.902   39.843   21.557
  49.357   34.645   19.451
  50.000   35.942   18.380
  48.493   35.134   18.011
  43.886   39.553   22.109
  44.529   40.850   21.039
  44.998   40.307   22.178
  14.016   31.945    5.634
  15.016   31.171    5.163
  15.873   31.603    4.123
  16.911   30.800    3.635
  17.128   29.536    4.168
  13.015   32.720    6.105
  12.158   32.288    7.144
  18.259   29.905    4.244
  17.138   29.198    3.026
  17.322   28.473    4.607
  12.148   32.626    8.287
  11.028   31.919    7.069
  11.839   32.991    7.029
  15.851   29.458   29.747
  15.409   28.228   29.409
  16.251   27.091   29.450
  15.793   25.816   29.099
  14.476   25.631   28.695
  16.292   30.688   30.085
  15.450   31.825   30.044
  14.492   24.747   29.494
  14.975   25.044   27.786
  13.374   25.462   28.354
  14.952   32.412   30.954
  15.435   32.708   29.245
  16.100   32.183   30.290
  40.185    2.383   18.642
  39.268    2.994   19.422
  39.161    2.724   20.807
  38.210    3.358   21.615
  37.332    4.285   21.068
  41.102    1.772   17.862
  41.208    2.042   16.477
  37.680    4.962   21.985
  36.505    3.643   21.637
  36.589    5.065   20.622
  42.035    2.684   15.908
  40.860    1.365   15.560
  41.783    1.516   16.527
  45.334    7.294    4.668
  44.527    8.376    4.683
  44.101    9.011    3.492
  43.264   10.133    3.507
  42.822   10.660    4.714
  46.142    6.212    4.653
  46.567    5.578    5.844
  41.752   10.617    4.192
  43.194   11.693    4.249
  42.444   11.113    5.720
  46.195    4.545    6.309
  47.637    5.621    6.366
  46.935    5.111    5.338
  42.562   41.242   26.362
  42.772   42.398   25.696
  42.138   43.606   26.072
  42.356   44.804   25.382
  43.216   44.837   24.291
  42.352   40.086   27.027
  42.985   38.878   26.652
  43.685   45.777   24.854
  42.309   45.396   23.758
  43.935   44.879   23.374
  43.893   38.320   27.185
  42.517   37.938   26.089
  42.579   38.601   27.258
  43.371   20.983   44.133
  43.815   20.409   42.994
  43.270   20.735   41.729
  43.730   20.139   40.548
  44.751   19.198   40.590
  42.928   21.557   45.271
  43.472   21.232   46.536
  45.227   19.867   39.727
  44.009   18.555   39.914
  45.607   18.406   40.611
  44.214   21.875   47.213
  42.996   20.563   47.400
  42.946   21.756   46.779
   6.084    4.002   42.889
   5.879    4.748   41.783
   6.516    5.997   41.593
   6.303    6.772   40.446
   5.445    6.325   39.449
   6.290    3.255   43.995
   5.652    2.006   44.185
   6.355    6.591   38.727
   4.979    7.418   39.542
   4.728    5.962   38.605
   6.119    0.913   44.093
   4.743    1.740   44.907
   6.057    2.021   44.853
   6.267   45.449   39.233
   5.413   44.603   38.619
   4.154   45.030   38.134
   3.268   44.153   37.497
   3.608   42.817   37.324
   7.122   46.295   39.846
   8.381   45.868   40.332
   3.276   43.013   36.197
   2.528   42.617   37.786
   3.882   41.694   37.172
   9.461   46.068   39.871
   8.713   45.672   41.459
   8.434   46.618   40.544
  32.496   36.486    4.564
  31.507   37.389    4.728
  30.288   37.059    5.367
  29.262   37.996    5.537
  29.417   39.297    5.074
  33.486   35.583    4.400
  34.705   35.913    3.761
  29.050   39.592    6.168
  28.348   39.111    4.582
  29.535   40.392    4.690
  35.774   36.098    4.253
  35.072   35.618    2.666
  34.866   35.164    3.916
  40.055   41.939    9.494
  39.992   42.766   10.559
  40.445   44.105   10.497
  40.380   44.962   11.603
  39.860   44.511   12.809
  40.118   41.113    8.428
  39.665   39.774    8.490
  39.214   45.510   12.756
  40.857   44.979   13.265
  39.427   44.144   13.828
  38.668   39.305    8.035
  40.311   38.774    8.543
  39.896   39.773    7.744
  42.790   27.952    5.872
  44.089   28.137    5.552
  45.073   27.154    5.813
  46.419   27.345    5.481
  46.830   28.527    4.877
  41.492   27.767    6.191
  40.508   28.750    5.930
  47.369   27.794    4.108
  47.664   28.520    5.728
  47.188   29.514    4.370
  39.673   28.757    5.080
  39.969   29.483    6.700
  40.040   28.215    6.255
  27.889    4.989    2.129
  26.578    5.305    2.079
  26.129    6.647    2.081
  24.769    6.975    2.030
  23.809    5.972    1.974
  29.201    4.673    2.178
  29.650    3.331    2.176
  23.380    6.613    1.065
  23.305    6.584    2.864
  22.993    5.140    1.927
  30.154    2.719    1.286
  30.079    2.691    3.085
  30.349    3.677    2.211
  35.093   40.350   36.567
  35.213   41.427   35.762
  35.370   42.735   36.278
  35.495   43.852   35.443
  35.466   43.700   34.062
  34.973   39.274   37.373
  34.815   37.965   36.857
  36.452   44.370   34.098
  34.664   44.580   34.112
  35.444   43.587   32.901
  35.618   37.086   36.807
  33.830   37.296   36.821
  34.799   37.783   37.616
  11.654   28.906   34.690
  11.640   28.953   36.039
  11.708   30.176   36.748
  11.693   30.224   38.147
  11.610   29.052   38.887
  11.668   28.859   33.341
  11.600   27.636   32.632
  10.738   29.628   39.458
  12.534   29.515   39.481
  11.541   28.075   39.521
  10.677   27.173   32.038
  12.473   27.060   32.061
  11.638   28.114   32.016
  12.332   30.191   19.087
  11.366   30.375   20.012
  11.161   31.625   20.644
  10.159   31.815   21.603
   9.328   30.763   21.965
  13.298   30.007   18.162
  13.504   28.758   17.530
   8.459   31.556   21.776
   9.614   31.090   23.075
   8.623   29.889   22.279
  13.217   28.431   16.421
  14.373   27.965   17.720
  14.071   29.154   17.168
   1.667   27.629   33.666
   1.476   28.889   34.111
   1.061   29.161   35.436
   0.863   30.468   35.898
   1.074   31.549   35.051
   1.858   26.369   33.220
   2.274   26.097   31.895
   1.720   31.969   35.961
  -0.000   31.894   35.436
   1.247   32.466   34.351
   3.348   25.753   31.510
   1.627   25.678   30.986
   2.229   25.359   32.146
  21.532   28.768   19.568
  22.684   29.351   19.962
  23.947   28.760   19.717
  25.141   29.365   20.126
  25.116   30.582   20.794
  20.381   28.185   19.173
  19.118   28.776   19.418
  25.938   30.894   19.989
  25.837   30.027   21.563
  25.110   31.604   21.356
  18.397   29.331   18.649
  18.297   28.465   20.224
  18.866   28.135   19.050
   8.450   42.208   45.600
   8.224   43.176   46.513
   6.958   43.792   46.655
   6.723   44.797   47.602
   7.747   45.221   48.440
   8.675   41.239   44.687
   9.941   40.623   44.545
   6.935   45.060   49.298
   7.407   46.308   48.090
   8.597   45.586   49.150
  10.281   39.536   44.896
  10.753   40.784   43.688
   9.567   40.225   43.987
  48.108   26.093   12.287
  48.044   24.832   12.764
  46.815   24.149   12.916
  46.749   22.841   13.411
  47.910   22.170   13.772
  48.172   27.354   11.809
  49.402   28.038   11.657
  47.459   21.295   13.099
  47.309   21.937   14.774
  48.877   21.595   14.079
  50.002   28.270   10.655
  49.853   28.912   12.330
  48.932   28.605   11.398
  17.706   11.416   37.155
  16.829   12.443   37.155
  17.254   13.793   37.156
  16.345   14.857   37.156
  14.978   14.610   37.155
  18.583   10.390   37.155
  18.158    9.040   37.155
  14.968   15.391   36.255
  14.968   15.390   38.055
  13.828   14.416   37.155
  18.168    8.260   36.255
  18.167    8.259   38.055
  18.928    8.909   37.155
  26.614    7.585   26.304
  26.391    8.895   26.542
  26.568    9.464   27.826
  26.337   10.823   28.074
  25.921   11.661   27.046
  26.837    6.275   26.065
  26.660    5.706   24.782
  26.805   12.359   27.433
  25.088   11.994   27.831
  25.571   12.375   26.193
  27.493    5.373   23.997
  25.775    5.008   24.395
  26.884    5.058   25.155
  37.392    6.535   28.883
  37.764    7.227   29.981
  38.441    8.466   29.893
  38.827    9.183   31.031
  38.549    8.687   32.299
  37.020    5.843   27.785
  36.343    4.604   27.873
  38.121    9.782   32.492
  39.700    8.919   32.500
  38.322    8.282   33.369
  35.191    4.372   27.672
  36.771    3.509   27.680
  36.373    4.653   27.094
  31.453   42.724   20.144
  32.387   43.634   19.793
  33.730   43.269   19.536
  34.699   44.212   19.173
  34.359   45.554   19.053
  30.519   41.814   20.494
  29.176   42.179   20.751
  34.916   45.467   18.003
  35.318   45.724   19.739
  34.087   46.683   18.949
  28.217   42.009   20.065
  28.619   42.266   21.801
  29.105   41.412   20.881
  30.332    4.770   29.140
  30.312    3.514   29.634
  31.489    2.861   30.071
  31.468    1.558   30.584
  30.269    0.862   30.676
  30.352    6.026   28.646
  29.175    6.679   28.208
  30.629    0.650   31.793
  30.882   -0.006   30.135
  29.271    0.266   30.760
  28.563    7.546   28.749
  28.816    6.891   27.092
  29.679    7.256   28.056
  12.962   38.701   20.533
  13.160   38.565   21.862
  14.339   37.988   22.389
  14.544   37.847   23.767
  13.577   38.279   24.666
  12.764   38.837   19.204
  11.585   39.414   18.677
  14.497   38.822   25.194
  13.724   37.197   25.143
  12.774   38.637   25.432
  11.437   40.496   18.200
  10.665   38.871   18.149
  11.942   39.265   17.999
  19.455   24.358    3.463
  20.790   24.163    3.425
  21.706   25.241    3.454
  23.091   25.039    3.414
  23.609   23.752    3.344
  18.119   24.553    3.502
  17.203   23.474    3.473
  24.295   24.119    4.247
  24.255   24.201    2.449
  24.057   22.677    3.286
  16.557   23.026    4.368
  16.517   23.107    2.571
  16.682   24.055    3.511
  31.226    9.703   22.420
  30.522   10.491   21.580
  30.924   11.815   21.280
  30.194   12.632   20.409
  29.037   12.156   19.806
  31.929    8.914   23.260
  31.528    7.591   23.559
  29.541   12.571   18.809
  28.568   13.179   20.196
  28.064   11.768   19.293
  31.997    6.567   23.170
  31.024    7.176   24.556
  32.171    7.609   24.002
  11.242    3.788   33.627
  10.789    2.881   34.518
   9.566    3.053   35.207
   9.096    2.113   36.132
   9.833    0.966   36.400
  11.695    4.695   32.735
  12.919    4.522   32.046
   8.794    0.412   36.217
   9.659    1.278   37.537
  10.442   -0.000   36.635
  13.093    4.211   30.909
  13.958    5.076   32.229
  12.715    5.207   31.730
  44.864    3.289    8.629
  44.094    4.396    8.702
  44.370    5.554    7.937
  43.572    6.701    8.013
  42.469    6.732    8.857
  45.633    2.182    8.555
  45.357    1.025    9.321
  41.902    7.134    7.889
  42.938    7.766    9.219
  41.540    6.771    9.561
  44.888   -0.010    8.959
  45.923    0.622   10.289
  45.993    0.759    8.952
  16.441   14.763   44.729
  17.250   15.068   45.766
  16.789   15.802   46.885
  17.628   16.118   47.960
  18.957   15.713   47.955
  15.632   14.457   43.692
  16.092   13.724   42.573
  18.705   15.315   49.050
  19.170   16.851   48.235
  20.074   15.378   47.963
  15.879   12.585   42.293
  16.345   14.121   41.478
  15.354   13.823   42.338
  41.404   29.178   13.031
  41.137   30.333   13.676
  41.568   30.569   15.003
  41.290   31.768   15.671
  40.572   32.773   15.037
  41.672   28.022   12.387
  41.241   27.786   11.060
  41.462   33.469   15.415
  39.927   32.766   16.039
  39.969   33.625   14.516
  41.885   27.794   10.058
  40.350   27.090   10.682
  41.601   27.103   11.177
  41.748   36.874   45.408
  41.046   36.909   46.561
  40.720   35.733   47.277
  39.992   35.770   48.472
  39.563   36.984   48.994
  42.450   36.839   44.256
  42.776   38.015   43.540
  40.045   36.572   50.003
  38.511   36.430   49.072
  39.197   37.996   49.443
  43.828   38.568   43.461
  42.294   38.427   42.531
  43.115   37.501   43.059
  31.913   39.031   39.821
  31.360   37.884   40.268
  32.053   37.006   41.136
  31.480   35.816   41.600
  30.194   35.461   41.213
  32.465   40.179   39.374
  31.773   41.056   38.506
  30.029   35.289   42.380
  30.700   34.412   40.959
  29.115   35.151   40.895
  31.267   42.105   38.760
  31.938   41.228   37.338
  32.435   41.466   38.565
  19.302   12.928   37.064
  19.221   12.787   38.405
  20.355   12.488   39.197
  20.272   12.342   40.586
  19.052   12.489   41.234
  19.382   13.069   35.724
  18.248   13.368   34.932
  19.667   13.214   41.951
  19.347   11.455   41.747
  18.034   12.610   41.790
  17.953   14.402   34.419
  17.633   12.642   34.214
  18.775   13.339   34.356
  14.854   24.791   22.332
  14.966   26.007   21.756
  13.944   26.981   21.856
  14.060   28.242   21.259
  15.201   28.574   20.540
  14.743   23.575   22.908
  15.764   22.601   22.807
  15.179   29.559   21.210
  14.420   28.918   19.709
  16.154   28.866   19.934
  16.546   22.257   23.639
  15.787   21.616   22.138
  15.263   22.185   23.239
   2.771    1.419   15.575
   2.192    2.312   14.744
   2.075    2.076   13.353
   1.475    3.002   12.491
   0.971    4.197   12.989
   3.350    0.527   16.406
   3.467    0.763   17.796
  -0.000    3.896   12.367
   1.597    4.682   12.099
   0.543    5.204   13.394
   2.840    0.278   18.686
   4.437    1.064   18.418
   3.809    0.061   17.778
  39.264   44.465   42.771
  38.518   45.530   43.135
  37.208   45.387   43.651
  36.434   46.491   44.027
  36.943   47.778   43.901
  40.010   43.400   42.408
  41.320   43.543   41.892
  36.572   47.895   45.028
  35.904   47.995   43.359
  37.357   48.863   43.800
  42.359   43.326   42.434
  41.690   43.426   40.766
  41.279   42.764   41.862
  41.310   40.039   44.878
  42.530   40.130   44.308
  43.564   40.917   44.870
  44.829   41.011   44.278
  45.107   40.322   43.104
  40.090   39.948   45.448
  39.056   39.161   44.886
  46.075   39.961   43.698
  45.520   41.378   42.736
  45.353   39.749   42.119
  38.644   38.106   45.255
  38.088   39.522   44.292
  38.662   39.427   45.506
  37.143   11.821    8.942
  36.017   11.374    9.539
  35.865   11.371   10.946
  34.698   10.908   11.565
  33.641   10.431   10.799
  38.268   12.267    8.345
  38.420   12.270    6.938
  32.990   11.164   11.477
  33.686    9.506   11.548
  32.747   10.029   10.168
  38.375   13.196    6.189
  39.071   11.538    6.260
  39.118   12.571    7.121
  24.814   35.408   40.151
  23.875   35.124   41.079
  23.248   33.858   41.149
  22.275   33.564   42.111
  21.893   34.527   43.037
  25.753   35.691   39.223
  26.379   36.958   39.152
  22.074   33.652   43.827
  20.790   34.224   42.702
  21.563   35.325   43.820
  27.482   37.260   39.488
  26.198   37.832   38.363
  26.753   36.621   38.555
  31.098   39.403   14.076
  31.444   40.687   13.840
  32.795   41.091   13.726
  33.153   42.422   13.482
  32.173   43.397   13.342
  30.753   38.119   14.312
  29.402   37.715   14.425
  32.781   43.683   12.358
  32.837   43.994   14.131
  31.360   44.224   13.223
  28.737   37.118   13.637
  28.794   37.428   15.409
  29.732   37.016   14.537
  11.912   32.293   31.214
  12.569   33.386   30.772
  13.356   33.364   29.596
  14.039   34.498   29.138
  13.958   35.694   29.840
  11.254   31.200   31.655
  10.467   31.223   32.831
  13.707   36.154   28.770
  15.146   35.681   29.742
  13.900   36.704   30.419
   9.279   31.236   32.929
  10.718   30.763   33.901
  10.350   30.475   32.640
  20.358   36.480   18.617
  19.434   37.444   18.811
  19.598   38.455   19.787
  18.640   39.455   19.988
  17.483   39.481   19.220
  21.283   35.515   18.423
  21.118   34.504   17.446
  17.769   40.627   19.061
  16.940   39.588   20.276
  16.507   39.514   18.582
  21.661   34.397   16.390
  20.832   33.358   17.605
  21.811   34.273   17.722
  37.639    3.658   36.365
  38.652    4.492   36.682
  38.535    5.456   37.712
  39.585    6.321   38.041
  40.790    6.254   37.352
  36.626    2.823   36.048
  36.743    1.860   35.019
  41.264    6.233   38.445
  40.649    7.433   37.252
  41.806    6.208   36.781
  36.884    0.680   35.119
  36.268    1.880   33.926
  36.010    1.697   35.233
  32.578   12.822   24.951
  32.725   14.159   25.057
  31.623   15.043   24.979
  31.775   16.431   25.090
  33.035   16.984   25.283
  32.431   11.484   24.844
  33.533   10.600   24.922
  32.497   17.578   26.164
  32.717   17.696   24.382
  34.087   17.461   25.444
  33.851    9.888   25.823
  34.071   10.006   24.040
  32.975   10.064   24.817
  14.938   44.394   30.807
  13.717   44.021   30.369
  13.522   43.448   29.090
  12.256   43.061   28.635
  11.139   43.232   29.444
  16.159   44.768   31.245
  16.354   45.341   32.524
  10.924   42.093   29.165
  10.672   43.734   28.470
  10.194   43.370   30.113
  16.822   44.838   33.499
  16.569   46.479   32.803
  17.098   45.355   32.287
  24.198   23.713   15.866
  25.510   23.393   15.853
  26.523   24.381   15.848
  27.883   24.049   15.835
  28.279   22.718   15.826
  22.887   24.033   15.879
  21.874   23.045   15.885
  28.988   23.058   16.721
  28.972   23.065   14.921
  28.624   21.604   15.819
  21.181   22.698   16.790
  21.164   22.705   14.990
  21.410   23.673   15.891
  41.086   13.510    5.364
  42.183   13.928    6.031
  42.191   15.123    6.788
  43.329   15.556    7.480
  44.499   14.808    7.439
  39.989   13.093    4.697
  39.981   11.898    3.940
  44.469   14.937    8.623
  45.004   15.854    7.170
  45.488   14.191    7.413
  39.476   10.852    4.210
  40.011   11.769    2.756
  39.243   12.114    3.805
  15.389   39.031   30.311
  15.810   37.781   30.598
  17.179   37.425   30.570
  17.615   36.129   30.867
  16.698   35.142   31.205
  14.968   40.281   30.023
  13.599   40.637   30.052
  17.435   34.953   32.122
  17.281   34.502   30.386
  15.938   34.304   31.489
  13.015   41.277   30.871
  12.862   40.826   29.135
  13.885   41.334   29.846
   6.773   30.834   20.563
   7.753   31.154   19.691
   8.209   30.244   18.708
   9.225   30.576   17.804
   9.822   31.830   17.851
   5.793   30.514   21.435
   5.337   31.424   22.418
   9.605   31.834   16.680
  10.836   31.204   17.833
  10.331   32.879   17.880
   4.323   32.049   22.437
   5.554   31.420   23.590
   4.865   30.828   22.597
  12.272   48.829   23.135
  11.531   48.979   22.016
  10.166   48.608   21.965
   9.398   48.764   20.806
   9.966   49.296   19.655
  13.013   48.679   24.253
  14.377   49.050   24.304
   9.005   50.000   19.662
   9.475   48.346   19.129
  10.431   49.742   18.683
  14.869   50.000   24.830
  15.339   48.346   24.297
  14.310   48.794   25.039
  26.470   13.909    6.189
  26.105   13.605    4.925
  25.024   14.254    4.281
  24.645   13.939    2.971
  25.333   12.965    2.258
  26.836   14.212    7.453
  27.916   13.564    8.097
  25.368   13.798    1.406
  24.241   12.543    2.034
  25.901   12.149    1.648
  29.008   13.986    8.321
  27.881   12.731    8.948
  27.713   14.039    8.683
  19.294   36.068    6.387
  19.346   36.773    7.538
  18.324   36.691    8.514
  18.378   37.422    9.707
  19.456   38.259    9.967
  19.241   35.364    5.237
  20.263   35.445    4.261
  19.475   37.694   11.016
  18.608   39.056   10.222
  20.355   38.966   10.198
  21.111   34.648    4.006
  20.244   36.010    3.212
  19.802   34.936    3.890
  32.983   38.709   15.722
  32.317   37.535   15.744
  31.145   37.352   16.515
  30.455   36.134   16.538
  30.911   35.056   15.790
  33.649   39.883   15.700
  34.822   40.066   14.929
  29.780   35.001   15.419
  30.782   34.459   16.813
  31.284   34.144   15.167
  34.951   40.664   13.906
  35.953   40.121   15.300
  34.783   40.784   15.235
   8.068    7.101   35.619
   7.136    6.665   34.745
   5.826    7.200   34.717
   4.859    6.748   33.810
   5.168    5.745   32.900
   9.000    7.537   36.494
  10.310    7.002   36.522
   4.690    6.497   32.108
   4.158    5.253   33.295
   5.414    4.905   32.130
  11.320    7.494   36.126
  10.787    6.251   37.313
  10.394    7.519   37.101
  41.657   21.310   35.463
  41.677   22.646   35.652
  40.547   23.353   36.130
  40.568   24.739   36.326
  41.718   25.468   36.051
  41.637   19.973   35.274
  42.766   19.267   34.796
  41.532   25.923   37.137
  40.971   26.171   35.444
  42.677   26.092   35.825
  43.513   18.564   35.403
  42.952   18.811   33.711
  42.283   18.658   34.867
   9.344   31.023   28.357
   9.389   31.853   27.293
  10.600   32.149   26.624
  10.647   33.009   25.521
   9.484   33.605   25.048
   9.299   30.193   29.421
   8.088   29.897   30.091
   9.865   33.206   23.991
  10.132   34.604   25.093
   8.516   34.111   24.640
   7.440   28.898   30.045
   7.707   30.296   31.147
   8.562   29.459   30.531
  10.580    9.985    4.320
  10.641    8.789    4.943
  10.067    8.578    6.219
  10.130    7.338    6.865
  10.770    6.264    6.259
  10.519   11.181    3.696
  11.094   11.392    2.421
   9.769    5.679    6.534
  11.318    6.164    7.312
  11.305    5.355    5.761
  10.546   11.492    1.367
  12.095   11.977    2.145
  10.813   12.112    2.531
  38.779    6.398   15.770
  39.981    6.878   15.387
  41.135    6.061   15.341
  42.382    6.559   14.944
  42.519    7.892   14.579
  37.577    5.918   16.153
  36.423    6.736   16.199
  43.070    7.439   13.624
  43.442    7.868   15.332
  42.649    9.009   14.270
  35.500    6.760   15.446
  35.872    7.189   17.154
  36.091    6.071   16.438
  26.965   14.212   17.458
  26.828   13.453   16.350
  25.646   12.722   16.083
  25.504   11.935   14.934
  26.540   11.851   14.011
  27.101   14.971   18.567
  28.283   15.702   18.834
  25.681   12.092   13.221
  26.355   10.678   14.106
  27.401   11.771   13.229
  28.468   16.875   18.739
  29.142   15.460   19.625
  27.883   15.910   19.472
  42.468   36.043    3.400
  41.519   36.822    3.961
  40.189   36.374    4.139
  39.205   37.182    4.720
  39.516   38.467    5.146
  43.417   35.264    2.839
  44.748   35.713    2.662
  38.976   38.125    6.152
  38.543   38.768    4.527
  39.763   39.548    5.507
  45.721   35.412    3.281
  45.288   36.055    1.656
  44.835   34.999    2.357
  33.213   36.892    9.258
  34.385   36.780    8.599
  35.493   36.093    9.150
  36.709   35.977    8.467
  36.861   36.543    7.207
  32.040   37.004    9.918
  30.932   37.691    9.366
  37.287   35.468    6.918
  37.858   36.998    7.675
  37.002   37.013    6.149
  29.935   37.236    8.898
  30.507   38.766    9.655
  30.601   37.481   10.041
  35.567   43.475   29.952
  36.507   43.875   30.835
  37.757   43.221   30.947
  38.731   43.636   31.862
  38.490   44.718   32.699
  34.627   43.076   29.069
  33.377   43.729   28.957
  39.557   45.086   32.316
  38.866   43.976   33.553
  38.301   45.625   33.408
  33.001   44.472   28.104
  32.311   43.361   29.341
  33.263   43.187   28.407
  29.872   30.858   36.129
  28.961   31.839   36.309
  28.456   32.168   37.589
  27.512   33.185   37.775
  27.039   33.909   36.687
  30.782   29.878   35.950
  31.287   29.549   34.670
  27.299   34.852   37.367
  25.970   33.657   37.150
  26.634   34.524   35.783
  32.356   29.800   34.207
  31.027   28.605   33.990
  31.692   29.023   35.082
  39.476   10.572   47.008
  39.377    9.466   46.240
  39.289    9.537   44.830
  39.188    8.390   44.034
  39.170    7.130   44.620
  39.574   11.678   47.775
  39.662   11.607   49.186
  40.010    6.885   43.811
  38.215    6.964   43.927
  39.154    6.067   45.099
  40.617   11.774   49.879
  38.822   11.853   49.995
  39.692   12.385   49.117
   7.631   17.924   27.859
   8.026   17.423   26.668
   7.284   17.637   25.482
   7.693   17.118   24.248
   8.859   16.368   24.156
   7.237   18.424   29.049
   7.978   18.210   30.235
   9.104   17.101   23.249
   8.163   15.600   23.567
   9.835   15.736   24.064
   8.674   18.979   30.823
   7.733   17.478   31.142
   7.402   18.637   30.545
  48.141   41.693    4.628
  48.427   40.466    5.110
  49.753   39.976    5.176
  50.051   38.703    5.676
  49.032   37.874    6.129
  47.854   42.921    4.145
  46.528   43.410    4.079
  49.732   37.753    7.086
  49.559   37.063    5.433
  48.187   37.167    6.512
  46.001   44.221    4.776
  45.828   43.531    3.123
  46.887   44.036    3.780
  21.144   35.512    8.220
  20.722   34.648    7.272
  19.455   34.021    7.340
  19.017   33.125    6.358
  19.830   32.825    5.272
  21.567   36.376    9.167
  22.833   37.003    9.099
  18.849   33.062    4.638
  19.575   31.697    5.559
  20.502   32.564    4.355
  23.088   38.131    8.812
  23.814   36.766    9.733
  22.591   37.326    9.768
   3.320   39.672   41.968
   3.977   38.805   41.168
   4.630   39.225   39.985
   5.311   38.326   39.155
   5.364   36.976   39.479
   2.663   40.538   42.768
   2.010   40.119   43.952
   6.532   37.108   39.283
   5.020   36.825   38.349
   5.416   35.841   39.740
   2.354   40.271   45.082
   0.842   39.987   44.148
   1.838   40.880   43.999
  25.986   29.533    2.494
  25.041   28.671    2.061
  23.827   29.116    1.485
  22.847   28.223    1.036
  23.047   26.852    1.146
  26.931   30.394    2.927
  28.144   29.949    3.502
  22.722   26.844   -0.001
  21.957   26.864    1.629
  23.201   25.699    1.232
  29.234   29.937    3.020
  28.469   29.957    4.649
  28.277   30.717    3.555
  16.971   13.881   32.521
  15.689   13.922   32.941
  15.352   14.058   34.309
  14.022   14.101   34.745
  12.982   14.008   33.829
  18.253   13.840   32.100
  18.590   13.703   30.733
  12.568   14.969   34.399
  12.569   13.178   34.578
  12.099   13.931   33.071
  19.002   14.533   29.984
  19.004   12.742   30.163
  19.316   13.733   31.018
  37.183   11.501   30.320
  37.388   12.834   30.280
  38.689   13.392   30.257
  38.902   14.775   30.215
  37.822   15.650   30.195
  36.977   10.167   30.360
  35.677    9.609   30.383
  38.404   16.140   29.277
  38.413   16.193   31.077
  36.926   16.395   30.178
  35.087    9.066   29.502
  35.096    9.119   31.301
  36.080    8.940   30.401
  45.205   42.383   27.349
  46.403   41.763   27.280
  47.077   41.568   26.051
  48.318   40.925   25.980
  48.930   40.454   27.135
  44.008   43.003   27.418
  43.334   43.197   28.647
  49.882   41.032   26.711
  49.050   39.449   26.505
  49.455   40.053   28.096
  43.214   44.202   29.277
  42.382   42.619   29.071
  42.806   43.535   28.182
  30.539   23.142    8.739
  30.202   21.871    9.045
  29.136   21.569    9.926
  28.787   20.251   10.243
  29.490   19.188    9.690
  30.876   24.413    8.433
  31.941   24.715    7.552
  28.403   18.775    9.427
  29.545   18.807   10.818
  30.072   18.286    9.233
  31.886   25.096    6.424
  33.028   25.128    7.815
  31.725   25.448    7.713
  16.574    8.535   21.808
  15.581    7.714   22.212
  15.822    6.604   23.056
  14.793    5.753   23.475
  13.485    5.982   23.065
  17.567    9.355   21.404
  17.326   10.466   20.560
  13.239    5.864   24.225
  13.509    4.825   22.781
  12.383    6.163   22.729
  17.302   11.623   20.845
  17.572   10.583   19.400
  18.098   10.558   20.638
   8.325   12.820   48.527
   9.658   12.993   48.662
  10.526   13.030   47.545
  11.908   13.209   47.686
  12.470   13.358   48.947
   6.993   12.647   48.392
   6.125   12.610   49.508
  13.005   14.302   48.455
  13.225   12.519   48.567
  12.954   13.484   50.000
   5.369   13.450   49.888
   5.589   11.667   50.001
   5.586   12.509   48.951
  45.036   12.855    5.725
  44.203   12.206    6.566
  43.422   12.893    7.526
  42.558   12.220    8.398
  42.444   10.836    8.342
  45.869   13.504    4.883
  46.650   12.817    3.924
  41.275   11.063    8.322
  42.608   10.905    9.520
  42.339    9.675    8.305
  46.486   12.749    2.745
  47.819   12.590    3.944
  46.887   13.542    3.755
  28.456    2.824   22.281
  27.381    2.156   22.749
  27.358    0.744   22.841
  26.243    0.050   23.327
  25.112    0.744   23.739
  29.531    3.493   21.812
  29.555    4.905   21.721
  25.207    0.061   24.711
  24.539   -0.035   23.042
  24.156    1.313   24.088
  30.127    5.684   22.417
  29.460    5.588   20.748
  30.272    4.769   21.442
  36.232   47.574    6.078
  35.970   46.611    5.169
  34.651   46.177    4.897
  34.378   45.178    3.955
  35.415   44.578    3.251
  36.495   48.538    6.987
  37.814   48.972    7.259
  34.736   44.818    2.302
  34.883   43.566    3.586
  36.276   44.066    2.653
  38.346   49.984    6.924
  38.493   48.732    8.209
  37.442   49.442    7.760
  13.630   28.725   44.867
  12.892   27.641   44.549
  11.483   27.628   44.678
  10.717   26.503   44.348
  11.334   25.350   43.878
  14.368   29.810   45.186
  15.777   29.823   45.057
  10.510   25.416   43.019
  10.669   24.813   44.708
  11.839   24.376   43.482
  16.442   30.360   44.227
  16.601   29.757   45.916
  15.688   30.551   45.326
  42.471   46.362    8.189
  42.187   46.239    6.875
  41.667   47.315    6.117
  41.373   47.187    4.754
  41.587   45.979    4.101
  42.755   46.485    9.504
  43.275   45.410   10.262
  42.147   46.661    3.300
  40.473   46.142    3.710
  41.763   44.972    3.541
  44.389   45.248   10.653
  42.715   44.728   11.064
  43.250   45.941   10.834
  11.814   16.265   14.956
  10.646   16.377   15.623
   9.431   15.880   15.095
   8.219   15.996   15.786
   8.179   16.612   17.030
  12.983   16.153   14.289
  14.198   16.650   14.817
   7.575   15.636   17.350
   7.273   17.222   16.555
   8.131   17.128   18.076
  15.105   16.040   15.293
  14.802   17.626   14.498
  14.482   16.367   14.147
  22.313   26.941   35.735
  23.122   28.022   35.717
  24.532   27.902   35.701
  25.371   29.023   35.683
  24.830   30.303   35.681
  21.503   25.861   35.752
  20.093   25.980   35.768
  25.579   30.477   34.770
  25.601   30.489   36.570
  24.390   31.382   35.678
  19.323   25.794   34.879
  19.344   25.806   36.679
  20.134   25.200   35.773
  48.037   26.731   14.669
  47.952   27.863   13.938
  46.710   28.471   13.639
  46.622   29.644   12.880
  47.773   30.252   12.394
  48.122   25.599   15.401
  49.364   24.991   15.700
  47.296   31.236   12.866
  47.179   30.255   11.361
  48.731   30.772   11.980
  49.958   24.988   16.733
  49.841   24.006   15.229
  48.904   24.480   16.070
  42.242   16.665   13.336
  43.237   17.412   13.861
  44.266   16.844   14.649
  45.298   17.619   15.193
  45.337   18.989   14.968
  41.248   15.918   12.812
  40.219   16.486   12.023
  46.470   18.775   14.667
  45.485   19.048   16.149
  45.383   20.140   14.786
  40.071   16.428   10.842
  39.086   16.700   12.324
  39.975   15.745   11.997
  26.061   18.818   26.537
  25.960   19.108   27.851
  26.825   20.032   28.484
  26.720   20.333   29.847
  25.745   19.722   30.626
  26.162   18.527   25.222
  25.297   17.604   24.589
  25.512   20.836   30.978
  26.657   19.501   31.362
  24.932   19.216   31.291
  24.386   17.825   23.854
  25.531   16.489   24.237
  25.726   17.792   23.965
  12.106   44.045   46.115
  12.474   44.889   47.102
  12.267   44.581   48.468
  12.649   45.456   49.492
  13.252   46.670   49.186
  11.737   43.201   45.127
  11.945   43.509   43.762
  14.053   46.328   50.000
  12.435   47.115   49.931
  13.760   47.692   48.944
  12.762   43.063   43.017
  11.144   43.850   42.948
  11.610   42.810   43.663
  29.864   26.996   25.742
  29.099   25.884   25.754
  27.812   25.852   25.165
  27.019   24.699   25.177
  27.483   23.536   25.778
  30.629   28.108   25.731
  31.916   28.139   26.319
  27.148   23.028   24.754
  26.421   23.544   26.317
  27.861   22.553   26.279
  32.979   28.130   25.780
  32.251   28.647   27.344
  31.897   28.878   26.066
  33.609   34.138   34.311
  33.729   34.540   35.594
  32.643   34.493   36.500
  32.768   34.910   37.831
  33.983   35.390   38.303
  33.488   33.736   33.028
  34.575   33.783   32.122
  33.792   34.621   39.193
  33.319   36.290   38.714
  34.997   35.795   38.712
  35.238   32.883   31.711
  34.765   34.552   31.232
  34.041   33.491   31.632
  21.861   20.033   33.068
  20.760   20.074   32.287
  19.481   20.380   32.810
  18.340   20.423   32.000
  18.436   20.161   30.639
  22.962   19.992   33.848
  24.241   19.686   33.326
  17.814   21.171   30.533
  17.525   19.423   30.849
  18.504   19.943   29.496
  25.152   20.424   33.116
  24.863   18.676   33.432
  24.452   19.786   34.071
  14.008   13.121   27.363
  14.646   14.308   27.276
  14.311   15.402   28.109
  14.973   16.632   28.019
  15.993   16.813   27.094
  13.370   11.935   27.449
  13.705   10.841   26.616
  16.591   17.242   28.031
  15.388   17.800   26.814
  16.851   16.978   26.322
  14.310    9.853   26.896
  13.107   10.411   25.679
  13.134   10.494   27.022
  39.959   20.849    0.892
  39.723   19.520    0.890
  40.773   18.571    0.888
  40.528   17.193    0.887
  39.224   16.714    0.886
  40.196   22.178    0.893
  39.146   23.126    0.895
  39.612   16.034    1.785
  39.612   16.036   -0.015
  38.135   16.298    0.886
  38.758   23.803    1.796
  38.758   23.806   -0.004
  39.743   23.630    0.895
  38.046   48.788   16.482
  23.987    5.608   43.787
  32.606   35.207    7.982
  48.828   44.911   17.830
   1.117   42.155   32.137
  41.958   16.821   20.530
  25.282    7.186   14.191
  26.425   23.363   21.965
  35.428   19.490   42.090
   9.682   30.406   44.420
  46.328   19.789   43.081
  11.357   22.003   37.277
  10.018    8.979   35.040
  41.988   39.618    9.691
   1.422   13.995   17.655
  12.379   32.297   37.874
  44.154   16.992   34.003
  29.238   31.562    5.942
  40.039   29.215   34.768
  13.713   22.452   13.881
  37.325   18.416   23.615
   2.784   27.208   12.099
  23.964    7.726   32.848
   7.032   32.042   32.366
  25.980   29.724   18.124
   2.664   35.459   12.412
   4.102   32.774    3.373
   3.721   49.696    5.197
  37.775   27.007   22.551
  23.258   28.909   33.178
  32.430   16.580    2.890
  36.957   42.001   33.086
  13.761   20.394   14.657
  22.480    7.644    9.773
  35.641   24.951   39.489
  33.648   36.287   32.182
  29.618    5.520   25.147
  27.971   23.506   42.652
  46.945   36.904   10.632
  40.021   45.855    6.135
  10.096   19.262   18.768
  25.040   42.128   23.057
  47.799    5.211   33.612
  46.181   12.686   14.939
   4.900   20.812    1.338
   8.317   24.322   50.000
  41.611   23.563   31.674
  30.600   10.015   16.562
   4.471    8.863   29.325
  41.535   11.317   38.620
  44.575   22.380   49.597
  44.867   35.435   39.620
  40.386   20.364   38.817
  38.752   15.447   33.141
  30.262   24.670   17.505
  42.492    4.322   44.513
  23.804   27.723   16.250
  40.062    0.990   40.955
  45.377    5.517   10.094
  45.812   48.256   32.241
  42.069    8.274   43.892
  28.308   44.876   12.221
  25.144   39.272   23.588
  24.747   28.512   28.077
  21.221    5.719    7.375
  20.854    3.419    4.072
  47.184    3.012   25.989
   1.309   35.517   40.805
  18.131   10.950   22.811
  48.045   38.383   37.454
  35.172   22.674   44.420
  14.936   45.819   34.137
  15.123   15.236   10.002
  11.243    4.470   20.645
   9.693   42.863   49.180
  14.866   16.670   49.065
  16.082   16.161   49.972
  13.650   17.180   48.159
  15.017   15.377   48.136
  14.715   17.964   49.995
  15.895   17.462   48.131
  13.837   15.878   50.000
  23.061   10.064    4.075
  24.012    9.395    5.175
  22.110   10.732    2.975
  23.566    9.000    2.992
  22.556   11.127    5.158
  24.245   11.055    3.654
  21.877    9.073    4.496
  48.412   40.514   32.258
  48.009   42.030   32.574
  48.814   38.998   31.942
  47.031   40.311   31.475
  49.792   40.717   33.040
  47.710   40.044   33.617
  49.113   40.984   30.899
  22.012   46.964   14.271
  22.532   46.077   15.497
  21.491   47.851   13.045
  23.455   46.866   13.588
  20.568   47.062   14.955
  22.466   48.292   15.040
  21.558   45.636   13.503
  28.861    3.466   14.517
  30.063    4.515   14.645
  27.659    2.418   14.388
  27.805    4.663   14.631
  29.917    2.270   14.402
  28.840    3.296   16.107
  28.882    3.637   12.926
  12.958   39.359   40.257
  12.389   39.415   38.763
  13.527   39.303   41.752
  12.217   40.737   40.591
  13.698   37.981   39.923
  14.257   40.170   39.793
  11.659   38.548   40.721
   8.761   30.465    1.523
   7.238   30.540    1.037
  10.283   30.391    2.010
   8.853   32.062    1.478
   8.668   28.869    1.568
   9.244   30.395   -0.000
   8.277   30.536    3.047
  44.937    4.203   42.697
  43.374    3.944   42.470
  46.499    4.462   42.924
  45.060    2.799   43.454
  44.814    5.607   41.940
  44.615    4.925   44.088
  45.259    3.481   41.306
  11.076    2.868    3.761
  10.834    1.308    4.023
  11.317    4.428    3.500
  11.441    3.071    5.306
  10.710    2.666    2.217
   9.537    3.162    4.087
  12.614    2.575    3.435
  33.763   18.197   32.540
  35.244   18.455   33.088
  32.282   17.940   31.992
  33.859   16.668   32.999
  33.667   19.727   32.081
  34.361   17.805   31.108
  33.166   18.589   33.971
   2.783   15.978   44.985
   1.234   16.357   45.110
   4.333   15.599   44.860
   2.460   15.084   43.698
   3.106   16.872   46.272
   2.548   14.706   45.927
   3.018   17.250   44.043
  28.905   10.799    6.341
  30.180   11.765    6.295
  27.631    9.833    6.387
  27.944   12.056    6.105
  29.867    9.542    6.577
  28.799   11.015    7.923
  29.012   10.583    4.759
  47.619   32.329    6.282
  46.126   31.863    6.624
  49.111   32.794    5.940
  47.116   33.842    6.151
  48.121   30.815    6.413
  47.333   32.099    4.724
  47.904   32.559    7.839
  11.344   21.609    7.361
  12.659   21.317    6.498
  10.028   21.901    8.223
  10.810   20.134    7.046
  11.877   23.085    7.675
  10.606   22.155    6.050
  12.082   21.063    8.671
   5.191    3.304   39.256
   4.453    4.413   40.142
   5.929    2.195   38.370
   4.118    2.214   39.726
   6.264    4.394   38.786
   6.121    2.927   40.502
   4.262    3.681   38.010
  27.988   42.985    6.724
  26.859   41.856    6.833
  29.116   44.114    6.615
  27.786   43.336    8.272
  28.189   42.634    5.176
  26.872   44.064    6.334
  29.104   41.907    7.113
  40.090    4.595   27.047
  38.815    3.666   26.780
  41.364    5.525   27.314
  40.985    3.629   26.138
  39.195    5.561   27.956
  40.457    3.722   28.337
  39.723    5.469   25.758
  41.451   20.171   21.378
  40.525   21.475   21.355
  42.377   18.866   21.400
  40.147   19.244   21.365
  42.756   21.097   21.390
  41.428   20.181   22.977
  41.474   20.160   19.778
  27.901   25.175   33.834
  27.724   23.987   32.777
  28.078   26.362   34.892
  29.025   24.328   34.597
  26.777   26.021   33.072
  26.776   24.516   34.762
  29.026   25.833   32.907
  17.379   31.311   21.674
  18.747   31.439   20.855
  16.010   31.182   22.492
  16.597   30.986   20.316
  18.160   31.635   23.032
  17.104   32.872   21.459
  17.653   29.749   21.889
  23.452   45.731   10.616
  24.423   45.002    9.574
  22.480   46.459   11.658
  24.715   46.137   11.510
  22.188   45.324    9.722
  23.309   44.365   11.438
  23.594   47.096    9.794
  22.467   33.787   23.870
  22.865   35.316   23.618
  22.069   32.257   24.123
  23.934   33.499   24.441
  21.000   34.074   23.300
  22.967   33.413   22.397
  21.967   34.160   25.344
  27.408   47.724    2.288
  26.172   48.636    2.735
  28.644   46.811    1.841
  26.646   46.426    2.830
  28.170   49.022    1.746
  28.079   47.930    3.725
  26.736   47.518    0.851
  31.457   43.273   33.422
  33.042   43.177   33.619
  29.872   43.369   33.225
  31.577   44.857   33.228
  31.337   41.689   33.616
  31.274   43.480   34.998
  31.640   43.066   31.846
  35.261   29.745   28.321
  35.384   31.139   27.545
  35.137   28.351   29.097
  35.651   30.473   29.691
  34.871   29.016   26.951
  36.808   29.450   28.037
  33.714   30.040   28.605
  15.979    1.325   12.155
  15.126    2.649   12.433
  16.831   -0.000   11.877
  17.063    2.190   11.357
  14.894    0.459   12.953
  15.168    1.088   10.796
  16.789    1.562   13.514
  29.765   12.821   25.725
  30.454   11.379   25.802
  29.077   14.263   25.648
  30.415   13.054   24.282
  29.115   12.587   27.168
  31.055   13.473   26.412
  28.476   12.168   25.039
  29.032   34.582   19.269
  27.509   34.981   19.554
  30.555   34.183   18.984
  29.423   36.131   19.190
  28.641   33.032   19.348
  28.736   34.576   17.697
  29.327   34.588   20.841
  28.704   45.434   47.326
  29.072   46.986   47.208
  28.336   43.881   47.445
  27.193   45.760   46.912
  30.215   45.108   47.740
  28.327   45.641   48.867
  29.081   45.227   45.785
  27.390    9.057   34.880
  28.461    8.532   35.946
  26.318    9.582   33.815
  26.300    9.193   36.044
  28.480    8.922   33.717
  26.917    7.552   34.614
  27.862   10.563   35.147
  27.004    1.518    5.241
  26.306    1.826    3.835
  27.702    1.210    6.648
  27.973    2.774    5.036
  26.035    0.262    5.447
  28.069    0.576    4.507
  25.940    2.460    5.976
  45.024   27.702   15.811
  45.309   26.258   16.439
  44.739   29.146   15.183
  46.596   28.001   15.786
  43.452   27.403   15.836
  44.929   28.323   17.282
  45.119   27.081   14.340
  19.905   23.358   29.616
  21.495   23.178   29.574
  18.316   23.538   29.658
  19.725   21.768   29.622
  20.086   24.948   29.610
  19.863   23.357   28.016
  19.948   23.359   31.215
  20.716    9.726   20.122
  21.954   10.037   21.087
  19.477    9.416   19.158
  21.257    8.236   19.907
  20.175   11.217   20.337
  21.572   10.219   18.864
  19.859    9.234   21.380
  27.248   20.191   21.128
  26.058   21.251   21.271
  28.438   19.130   20.984
  26.246   19.011   21.532
  28.250   21.370   20.723
  27.622   20.402   22.669
  26.874   19.979   19.586
   4.580   42.211   40.344
   3.840   43.421   39.604
   5.320   41.001   41.085
   3.460   42.225   41.487
   5.700   42.196   39.202
   5.451   43.257   41.185
   3.709   41.164   39.504
   1.399   19.481    5.945
   1.150   19.120    4.406
   1.647   19.841    7.484
   0.640   18.141    6.381
   2.157   20.820    5.509
   0.012   20.278    5.982
   2.786   18.683    5.907
  19.887   21.830    5.684
  19.282   21.587    4.223
  20.491   22.073    7.146
  21.357   21.540    5.124
  18.416   22.121    6.244
  19.706   20.276    6.017
  20.067   23.385    5.352
   6.885   31.379   43.200
   8.120   30.416   42.871
   5.649   32.341   43.529
   5.869   30.187   42.872
   7.901   32.571   43.528
   6.837   31.841   41.669
   6.932   30.917   44.731
  24.966   36.208    2.247
  26.544   36.231    1.985
  23.387   36.186    2.509
  25.035   34.634    2.524
  24.897   37.783    1.970
  24.712   35.923    0.693
  25.220   36.493    3.801
  33.085   11.337   28.276
  32.877   10.501   29.624
  33.293   12.173   26.927
  31.781   12.201   28.610
  34.389   10.473   27.941
  32.182   10.282   27.482
  33.988   12.393   29.070
   9.007    6.723    3.585
   9.213    6.362    2.040
   8.802    7.084    5.130
  10.563    6.464    3.852
   7.451    6.983    3.317
   8.696    5.186    3.903
   9.318    8.260    3.267
   6.933   15.654   48.879
   8.194   15.162   48.027
   5.672   16.147   49.732
   7.860   16.714   49.638
   6.005   14.594   48.120
   7.264   14.562   50.001
   6.601   16.747   47.758
  27.014   23.699    5.585
  25.815   23.736    6.644
  28.213   23.663    4.527
  26.227   22.600    4.731
  27.802   24.799    6.440
  27.723   22.538    6.427
  26.306   24.861    4.744
   4.163   43.444   10.398
   4.007   43.502   11.989
   4.319   43.385    8.806
   3.680   41.919   10.406
   4.647   44.969   10.389
   5.680   42.964   10.564
   2.646   43.924   10.232
  31.639   40.151    7.224
  31.062   41.162    6.127
  32.217   39.140    8.322
  33.063   40.171    6.494
  30.216   40.130    7.954
  31.192   38.911    6.317
  32.086   41.391    8.131
  19.879   29.321   23.904
  19.701   27.732   23.931
  20.057   30.911   23.878
  18.293   29.501   24.014
  21.465   29.142   23.795
  19.767   29.307   22.308
  19.991   29.335   25.500
  34.160   29.296   12.264
  35.687   29.739   12.443
  32.633   28.852   12.084
  34.549   27.796   12.662
  33.771   30.796   11.865
  34.438   28.959   10.725
  33.881   29.633   13.803
  16.371   38.004   33.990
  15.309   38.044   32.794
  17.432   37.964   35.187
  17.277   39.075   33.222
  15.464   36.932   34.759
  17.153   36.816   33.257
  15.589   39.191   34.724
  16.872    6.452    4.161
  17.610    7.138    2.918
  16.135    5.766    5.404
  18.251    5.771    4.603
  15.494    7.134    3.720
  16.532    5.178    3.256
  17.213    7.727    5.067
   8.875   12.513    5.686
   8.966   10.925    5.509
   8.784   14.101    5.863
  10.472   12.605    5.678
   7.278   12.421    5.694
   8.893   12.337    7.276
   8.857   12.689    4.096
  44.628   38.796   34.805
  44.764   38.161   36.267
  44.493   39.431   33.343
  45.970   39.635   35.045
  43.287   37.957   34.565
  43.766   40.001   35.409
  45.491   37.591   34.201
   2.832    3.568   17.882
   1.883    2.282   17.955
   3.781    4.855   17.809
   2.052    4.069   16.577
   3.612    3.068   19.186
   3.858    2.759   16.958
   1.806    4.377   18.805
   1.315   20.332   23.640
   2.261   19.451   24.583
   0.368   21.212   22.698
   0.026   19.640   24.289
   2.604   21.023   22.992
   1.365   19.189   22.522
   1.264   21.475   24.759
  13.085   23.241    4.118
  13.701   21.859    4.638
  12.470   24.623    3.599
  11.621   22.598    4.143
  14.550   23.884    4.094
  13.273   22.756    2.605
  12.898   23.726    5.631
   5.169   13.578    4.451
   4.798   15.134    4.496
   5.539   12.022    4.406
   4.933   13.567    2.869
   5.404   13.588    6.034
   3.630   13.205    4.683
   6.707   13.951    4.220
  34.433   11.803   38.146
  34.036   12.897   39.244
  34.831   10.709   37.049
  34.208   10.641   39.223
  34.659   12.965   37.069
  35.967   11.916   38.589
  32.900   11.690   37.703
  22.165   13.562   27.143
  22.841   14.976   27.465
  21.489   12.148   26.821
  21.222   14.260   26.055
  23.108   12.864   28.231
  21.063   13.832   28.271
  23.267   13.292   26.015
   6.870   22.854   26.384
   5.993   21.593   25.937
   7.747   24.115   26.832
   5.538   23.727   26.535
   8.203   21.981   26.234
   6.996   23.309   24.856
   6.744   22.399   27.913
  24.882   16.904   39.375
  24.650   15.374   38.968
  25.114   18.434   39.782
  24.121   16.652   40.760
  25.643   17.157   37.991
  23.494   17.299   38.684
  26.270   16.510   40.066
  15.944   43.789   38.115
  14.947   43.667   36.870
  16.942   43.912   39.360
  14.706   44.116   39.074
  17.182   43.462   37.155
  16.125   45.351   37.816
  15.763   42.228   38.414
  46.098   25.823   24.950
  44.949   25.114   24.092
  47.247   26.532   25.808
  47.077   25.765   23.686
  45.118   25.881   26.214
  46.627   24.390   25.426
  45.569   27.257   24.474
  18.399   37.860   16.252
  19.808   37.190   16.608
  16.990   38.529   15.897
  18.617   38.936   17.416
  18.181   36.783   15.089
  17.673   36.884   17.292
  19.125   38.836   15.213
  25.590   29.235   42.502
  26.730   29.908   43.401
  24.451   28.562   41.602
  26.316   27.816   42.644
  24.865   30.654   42.360
  26.448   29.542   41.186
  24.733   28.928   43.818
   6.647   24.990    1.485
   7.205   25.907    0.298
   6.089   24.074    2.671
   5.182   25.052    0.844
   8.112   24.928    2.125
   6.326   26.300    2.346
   6.968   23.680    0.624
  40.877   33.659   37.034
  40.342   32.408   37.875
  41.411   34.911   36.193
  40.056   34.649   37.986
  41.697   32.669   36.082
  39.611   33.546   36.061
  42.142   33.772   38.007
  14.699   42.756   19.552
  13.588   41.652   19.226
  15.810   43.860   19.878
  15.850   41.681   19.271
  13.548   43.831   19.833
  14.674   42.326   21.093
  14.724   43.186   18.011
  26.439   16.678   29.753
  25.395   15.595   29.208
  27.482   17.762   30.297
  26.936   16.951   28.257
  25.942   16.405   31.249
  27.545   15.533   29.911
  25.333   17.823   29.594
   5.866    9.169   15.957
   5.660    8.779   14.419
   6.072    9.559   17.495
   4.802    8.053   16.382
   6.931   10.285   15.531
   4.690   10.247   15.841
   7.043    8.091   16.072
  43.860   38.453    2.501
  44.315   39.713    3.377
  43.406   37.194    1.626
  44.082   37.496    3.764
  43.639   39.411    1.239
  45.378   38.216    2.055
  42.342   38.691    2.948
  15.900   36.729   20.245
  14.461   36.032   20.294
  17.339   37.426   20.197
  16.592   35.292   20.115
  15.208   38.166   20.376
  16.000   36.632   21.839
  15.800   36.826   18.651
  34.772   27.899   42.925
  35.724   27.350   44.088
  33.820   28.449   41.762
  34.570   26.407   42.385
  34.975   29.392   43.464
  36.042   28.073   41.967
  33.502   27.726   43.882
  28.978   33.608   24.923
  30.079   34.443   25.729
  27.878   32.773   24.116
  29.828   32.271   25.147
  28.129   34.945   24.698
  29.770   33.882   23.559
  28.187   33.334   26.286
   1.362   15.078    2.030
   2.196   14.450    0.818
   0.528   15.706    3.243
  -0.000   14.798    1.239
   2.724   15.359    2.822
   1.460   16.523    1.350
   1.263   13.634    2.711
  23.677   25.552   47.101
  24.469   24.174   47.285
  22.885   26.930   46.916
  22.287   24.761   47.155
  25.066   26.344   47.047
  23.722   25.365   45.512
  23.632   25.739   48.689
