  48.795   24.727   16.048
  48.298   25.113   14.853
  48.630   24.280   13.938
  49.334   23.301   14.346
  49.476   23.622   15.973
  50.001   22.735   15.807
  49.678   23.657   17.030
  48.345   24.405   12.967
  49.150   23.444   13.904
  19.849   13.832   21.884
  18.926   14.766   21.570
  17.978   14.769   22.432
  18.112   13.914   23.366
  19.549   13.177   22.966
  19.220   12.712   23.841
  20.446   12.588   22.876
  17.187   15.409   22.361
  17.770   14.260   23.250
  10.342   27.806   44.848
   9.556   28.486   43.987
  10.195   29.474   43.478
  11.395   29.590   43.886
  11.534   28.314   44.946
  12.460   28.796   44.952
  11.816   27.556   45.657
   9.764   30.104   42.803
  11.104   29.842   43.567
  18.912   48.234    9.043
  19.215   47.009    8.563
  18.269   46.571    7.818
  17.281   47.365    7.701
  17.752   48.657    8.637
  16.812   48.904    8.257
  17.877   49.574    9.187
  18.318   45.659    7.365
  17.393   46.911    7.523
  48.266   26.846   22.698
  47.066   26.899   23.316
  46.997   26.014   24.240
  48.044   25.302   24.367
  49.040   25.924   23.188
  49.582   25.160   23.649
  49.818   26.186   22.491
  46.164   25.903   24.818
  47.600   25.322   24.596
  47.435   18.858   27.780
  47.205   18.116   26.676
  47.987   17.102   26.643
  48.785   17.020   27.631
  48.380   18.364   28.525
  49.147   17.889   29.050
  48.264   19.169   29.231
  47.959   16.425   25.881
  48.700   16.746   27.222
  37.256   43.886   49.084
  36.248   43.004   49.255
  36.498   41.910   48.635
  37.609   41.898   48.014
  38.215   43.413   48.345
  38.926   42.942   47.743
  38.766   44.333   48.444
  35.849   41.124   48.649
  37.235   41.572   48.077
   4.905    1.934   13.048
   4.297    3.012   12.509
   3.632    2.679   11.465
   3.690    1.440   11.177
   4.668    0.842   12.384
   4.417    0.025   11.784
   5.272    0.274   13.071
   3.104    3.362   10.922
   3.465    1.840   10.977
  10.779   31.548   41.355
  11.492   30.409   41.477
  12.005   30.076   40.351
  11.736   30.871   39.394
  10.790   32.018   40.143
  10.861   32.310   39.143
  10.170   32.846   40.442
  12.579   29.240   40.247
  12.000   30.449   39.439
   4.895    7.437    1.153
   6.140    6.939    0.991
   6.972    7.881    0.741
   6.455    9.044    0.703
   4.852    8.729    1.018
   4.923    9.763    0.891
   3.791    8.728    1.203
   7.963    7.697    0.589
   6.916    8.860    0.643
  36.580   11.401   12.576
  35.942   10.389   13.202
  35.622    9.473   12.365
  35.967    9.713   11.163
  36.709   11.197   11.299
  36.761   10.940   10.288
  37.217   12.140   11.184
  35.131    8.627   12.654
  35.730    9.339   11.395
  30.197   28.355   33.095
  30.373   29.649   32.752
  29.270   30.295   32.852
  28.282   29.593   33.241
  28.971   28.090   33.437
  27.964   27.982   33.692
  29.228   27.061   33.620
  29.207   31.289   32.633
  28.348   30.072   33.114
  44.049   30.114   40.799
  43.220   29.142   41.237
  42.363   29.619   42.061
  42.480   30.867   42.279
  43.775   31.275   41.316
  43.475   32.158   41.785
  44.582   31.728   40.766
  41.653   29.032   42.499
  42.173   30.507   42.441
   0.984   35.296   43.452
   0.143   36.344   43.322
   0.688   37.417   43.762
   1.869   37.261   44.211
   2.122   35.632   43.983
   2.998   36.002   44.415
   2.470   34.615   43.918
   0.203   38.314   43.746
   1.557   37.649   44.163
  46.698   28.039   20.227
  45.886   28.899   19.575
  44.780   28.329   19.269
  44.693   27.114   19.638
  46.162   26.865   20.381
  45.645   25.960   20.452
  47.042   26.514   20.893
  44.039   28.823   18.772
  44.393   27.432   19.397
  33.459   10.976   14.831
  33.835   12.001   15.625
  34.963   11.750   16.180
  35.464   10.622   15.869
  34.323   10.003   14.828
  35.074    9.282   14.893
  33.710    9.442   14.143
  35.408   12.411   16.817
  35.603   11.002   16.163
  21.456   35.347   13.261
  21.822   36.587   13.649
  20.875   37.151   14.303
  19.830   36.437   14.439
  20.252   35.038   13.642
  19.280   34.888   13.994
  20.337   34.069   13.180
  20.968   38.095   14.678
  19.966   36.897   14.583
  32.415   38.968   38.299
  32.631   37.904   37.497
  33.884   37.752   37.278
  34.627   38.613   37.851
  33.517   39.564   38.646
  34.454   39.969   38.866
  32.963   40.284   39.224
  34.241   36.997   36.692
  34.707   38.219   37.553
   8.725    4.075    7.462
   9.184    3.836    6.215
   9.325    4.935    5.570
   9.011    5.977    6.229
   8.544    5.341    7.695
   8.432    6.376    7.780
   8.208    5.125    8.695
   9.663    4.954    4.608
   9.181    5.889    5.767
  28.335   42.138    9.723
  27.953   42.571   10.944
  27.166   41.722   11.496
  26.927   40.690   10.791
  27.817   40.986    9.416
  27.353   40.063    9.266
  28.320   40.997    8.464
  26.774   41.877   12.424
  26.785   40.850   11.243
   5.805   34.358   18.989
   6.041   35.687   18.973
   5.281   36.268   18.120
   4.495   35.486   17.496
   4.879   34.004   18.148
   4.128   33.824   17.446
   4.984   32.973   18.443
   5.316   37.276   17.967
   4.582   35.978   17.490
  32.926   41.953   16.369
  32.464   40.684   16.373
  31.182   40.673   16.352
  30.645   41.827   16.333
  31.971   42.834   16.346
  31.134   43.458   16.327
  32.689   43.636   16.351
  30.651   39.802   16.350
  30.474   41.357   16.334
   6.620   18.797    6.643
   5.828   19.821    6.262
   4.655   19.397    5.966
   4.502   18.140    6.094
   6.005   17.652    6.616
   5.424   16.786    6.561
   6.895   17.148    6.955
   3.917   20.028    5.655
   4.209   18.519    5.953
  30.332    5.336   13.319
  29.483    4.717   14.166
  28.609    4.043   13.514
  28.732    4.105   12.249
  30.056    5.098   12.071
  29.753    4.845   11.104
  30.883    5.712   11.755
  27.881    3.507   13.986
  28.417    3.876   12.563
  44.117    7.000   13.733
  44.008    7.776   14.832
  43.916    9.011   14.503
  43.948    9.226   13.249
  44.103    7.688   12.631
  44.081    8.330   11.807
  44.202    6.788   12.049
  43.826    9.749   15.201
  43.907    9.513   13.656
  25.222   18.656   11.511
  25.810   18.605   12.725
  26.755   19.467   12.805
  26.924   20.161   11.751
  25.753   19.554   10.736
  26.247   20.298   10.195
  25.068   19.299    9.945
  27.315   19.576   13.650
  27.142   20.142   12.201
  34.180   25.625   45.700
  34.530   24.335   45.894
  35.804   24.222   45.980
  36.439   25.320   45.865
  35.208   26.419   45.648
  36.095   26.970   45.622
  34.563   27.268   45.497
  36.256   23.320   46.127
  36.568   24.842   45.937
  46.974    3.723   29.866
  46.229    2.612   29.681
  46.778    1.603   30.249
  47.873    1.864   30.844
  48.047    3.495   30.564
  48.877    3.209   31.129
  48.333    4.531   30.491
  46.360    0.674   30.216
  47.597    1.453   30.775
  40.068   14.077   26.157
  39.194   13.754   27.135
  39.815   13.312   28.165
  41.081   13.276   28.042
  41.303   13.861   26.500
  42.257   13.654   26.870
  41.646   14.212   25.541
  39.320   13.018   29.007
  40.758   13.157   28.404
  18.461   46.837   38.776
  18.874   48.047   39.209
  19.769   47.918   40.118
  20.061   46.712   40.402
  19.065   45.857   39.380
  19.603   45.144   39.921
  18.506   45.138   38.804
  20.201   48.726   40.566
  20.214   47.161   40.563
  33.989   39.153   23.743
  32.662   39.350   23.898
  32.337   39.273   25.136
  33.310   39.035   25.922
  34.597   38.938   24.872
  34.990   38.775   25.825
  35.541   38.839   24.362
  31.374   39.395   25.448
  32.818   39.108   25.979
  47.751   16.506    8.777
  46.969   17.591    8.957
  47.455   18.604    8.341
  48.538   18.369    7.714
  48.789   16.755    8.034
  49.585   17.057    7.430
  49.119   15.734    8.126
  47.000   19.516    8.362
  48.248   18.771    7.781
  13.559   43.742   39.160
  14.257   43.061   40.093
  14.471   43.796   41.121
  13.992   44.972   41.037
  13.282   44.957   39.531
  13.111   45.910   39.921
  12.771   45.141   38.601
  14.985   43.452   41.932
  14.250   44.720   41.382
  28.506   47.229    8.870
  27.317   47.297    9.506
  27.045   48.508    9.822
  27.931   49.355    9.477
  29.071   48.392    8.740
  29.438   49.368    8.686
  29.910   47.946    8.234
  26.185   48.757   10.311
  27.490   49.380    9.713
  33.945   47.830   45.883
  34.994   47.297   45.222
  34.677   46.165   44.711
  33.476   45.805   44.934
  32.889   47.073   45.837
  32.099   46.396   45.742
  32.334   47.786   46.424
  35.343   45.611   44.173
  33.865   45.607   44.689
  19.949   48.913   35.005
  20.806   49.718   35.668
  21.826   49.055   36.072
  21.805   47.819   35.767
  20.366   47.683   34.942
  20.787   46.728   34.946
  19.487   47.397   34.389
  22.583   49.496   36.594
  22.122   48.118   36.012
  47.774   36.390   23.574
  46.540   36.007   23.182
  46.104   35.061   23.928
  46.908   34.702   24.847
  48.206   35.714   24.596
  48.460   35.117   25.414
  49.128   36.270   24.594
  45.186   34.640   23.784
  46.451   34.560   24.702
  48.982   12.347   39.209
  47.791   12.957   39.388
  46.966   12.170   39.973
  47.439   11.021   40.248
  48.995   11.131   39.669
  48.903   10.170   40.068
  50.020   11.009   39.362
  46.012   12.457   40.193
  46.998   11.247   40.314
  17.177   26.479   19.002
  15.929   26.891   19.312
  15.663   28.000   18.727
  16.608   28.454   18.004
  17.789   27.297   18.199
  18.191   28.015   17.556
  18.663   26.668   18.199
  14.764   28.467   18.841
  16.146   28.606   18.118
  43.804    4.374   34.067
  44.330    3.463   33.221
  44.715    4.027   32.136
  44.522    5.284   32.098
  43.819    5.579   33.578
  43.877    6.503   33.097
  43.359    5.964   34.472
  45.140    3.497   31.375
  44.717    4.947   31.785
   5.730    9.720   46.587
   4.898   10.774   46.449
   3.691   10.376   46.288
   3.547    9.111   46.295
   5.108    8.580   46.525
   4.517    7.721   46.460
   6.034    8.049   46.666
   2.919   11.032   46.166
   3.239    9.502   46.243
   4.424   48.097   22.868
   5.484   48.929   22.939
   6.580   48.270   22.855
   6.429   47.012   22.727
   4.773   46.852   22.734
   5.155   45.887   22.629
   3.739   46.548   22.717
   7.489   48.730   22.890
   6.822   47.320   22.753
  48.869   15.547   45.687
  47.603   15.545   46.154
  46.766   15.460   45.187
  47.300   15.398   44.033
  48.924   15.464   44.391
  48.860   15.394   43.351
  50.000   15.493   44.419
  45.759   15.444   45.346
  46.831   15.397   44.206
  22.836   27.943   47.229
  22.930   29.277   47.048
  22.801   29.893   48.164
  22.618   29.132   49.168
  22.641   27.620   48.473
  22.487   27.466   49.495
  22.625   26.574   48.216
  22.844   30.911   48.225
  22.653   29.627   49.100
  19.196   38.510    4.930
  19.970   37.407    4.852
  21.188   37.727    4.618
  21.393   38.979    4.513
  19.870   39.607    4.750
  20.499   40.426    4.593
  18.977   40.195    4.877
  21.922   37.024    4.526
  21.680   38.570    4.485
   4.926   25.259   23.334
   5.862   24.988   22.399
   5.584   23.897   21.787
   4.519   23.326   22.185
   3.991   24.358   23.380
   3.291   23.583   23.338
   3.494   24.892   24.172
   6.179   23.529   21.044
   4.865   23.226   21.839
  10.857   33.345   42.929
  11.939   33.804   43.594
  11.952   33.357   44.795
  10.970   32.601   45.086
  10.109   32.575   43.662
   9.579   31.973   44.331
   9.423   32.436   42.844
  12.695   33.597   45.451
  11.371   32.771   45.333
  46.967   17.442   21.962
  46.512   16.184   21.778
  47.317   15.519   21.036
  48.338   16.172   20.648
  48.093   17.661   21.350
  48.991   17.735   20.824
  48.111   18.675   21.713
  47.140   14.546   20.786
  48.170   15.706   20.580
  17.247    1.501   38.055
  16.172    1.458   37.240
  16.356    0.611   36.296
  17.480    0.015   36.335
  18.188    0.684   37.685
  18.879   -0.000   37.306
  18.803    0.993   38.513
  15.651    0.441   35.580
  17.082   -0.000   36.033
  18.966   12.521   15.883
  17.844   13.216   16.166
  16.830   12.433   16.212
  17.098   11.210   15.988
  18.742   11.249   15.731
  18.458   10.250   15.629
  19.787   11.073   15.538
  15.892   12.779   16.414
  16.682   11.467   16.093
  26.958   46.097   34.739
  26.296   45.091   34.130
  25.291   45.544   33.476
  25.143   46.806   33.545
  26.418   47.258   34.515
  25.911   48.139   34.275
  27.169   47.741   35.117
  24.670   44.929   32.949
  24.898   46.433   33.319
  20.421   29.061   30.380
  20.083   30.090   29.575
  20.102   29.725   28.347
  20.427   28.508   28.164
  20.678   27.972   29.719
  20.863   27.153   29.098
  20.885   27.445   30.635
  19.874   30.370   27.590
  20.301   28.890   27.865
  38.613   38.970   10.091
  37.991   37.778   10.215
  37.065   37.660    9.336
  36.942   38.663    8.563
  38.125   39.690    9.124
  37.665   40.187    8.330
  38.826   40.480    9.339
  36.485   36.824    9.275
  36.711   38.222    8.609
   7.473   47.481    9.346
   7.417   48.719    8.811
   6.199   49.090    8.661
   5.337   48.232    9.038
   6.295   46.980    9.571
   5.308   46.669    9.713
   6.736   46.076    9.958
   5.958   50.000    8.270
   5.317   48.691    8.841
  22.726    1.182   25.736
  23.835    0.475   25.429
  24.074    0.536   24.171
  23.236    1.229   23.509
  22.185    1.739   24.694
  21.829    2.143   23.799
  21.407    2.164   25.306
  24.873    0.062   23.751
  23.647    0.967   23.395
  44.112   29.430   31.696
  43.448   28.281   31.448
  42.281   28.312   31.978
  42.015   29.389   32.602
  43.412   30.270   32.400
  42.772   30.870   32.965
  44.219   30.983   32.380
  41.632   27.530   31.896
  41.769   28.963   32.510
  49.593   24.529    4.042
  50.000   24.657    5.323
  49.699   23.609    5.997
  49.101   22.707    5.329
  49.006   23.392    3.815
  48.552   22.455    3.737
  48.850   23.661    2.784
  49.928   23.522    6.987
  49.252   22.754    5.803
  41.855    0.854   46.949
  43.139    1.266   47.002
  43.200    2.546   47.033
  42.069    3.128   47.007
  41.012    1.844   46.942
  40.421    2.704   46.941
  40.183    1.157   46.899
  44.090    3.041   47.074
  42.544    3.280   47.027
  27.362    6.335   35.123
  27.540    7.001   36.284
  28.336    7.992   36.118
  28.770    8.124   34.929
  28.034    6.858   34.139
  28.609    7.350   33.420
  27.657    6.108   33.464
  28.590    8.613   36.885
  28.836    8.371   35.359
  16.620   48.067   39.566
  15.594   48.123   38.690
  14.937   49.214   38.835
  15.385   49.981   39.746
  16.685   49.119   40.327
  16.650   50.000   40.886
  17.549   48.721   40.831
  14.125   49.434   38.258
  15.005   50.002   39.422
  26.773   31.863   28.771
  26.912   33.097   28.240
  28.078   33.236   27.726
  28.824   32.210   27.826
  27.840   31.134   28.629
  28.742   30.634   28.465
  27.364   30.311   29.134
  28.367   34.105   27.277
  28.875   32.667   27.629
  48.995   34.444   11.361
  49.116   35.065   10.168
  47.973   35.475    9.757
  47.006   35.214   10.542
  47.767   34.418   11.789
  46.755   34.450   12.043
  48.072   33.890   12.677
  47.866   35.969    8.871
  47.051   35.444   10.100
   3.330   15.718   44.559
   3.540   15.598   45.888
   3.041   16.599   46.514
   2.474   17.459   45.766
   2.683   16.802   44.251
   2.162   17.696   44.108
   2.718   16.544   43.206
   3.101   16.684   47.528
   2.552   17.415   46.258
  14.783    5.305   25.330
  16.105    5.035   25.330
  16.644    5.420   24.232
  15.835    5.956   23.409
  14.390    5.880   24.232
  14.177    6.335   23.317
  13.378    5.921   24.597
  17.640    5.299   24.050
  16.325    5.856   23.409
  10.145   39.702    3.206
   9.047   39.890    2.444
   9.364   40.421    1.321
  10.608   40.646    1.178
  11.235   40.100    2.620
  12.048   40.448    2.065
  11.821   39.804    3.474
   8.664   40.639    0.612
  10.202   40.716    0.896
  40.027   21.060   15.345
  40.280   21.965   16.314
  41.206   22.772   15.946
  41.668   22.547   14.782
  40.775   21.230   14.295
  41.420   21.449   13.504
  40.307   20.391   13.808
  41.533   23.526   16.549
  41.762   22.882   15.141
  24.268   48.529   23.540
  23.492   49.004   24.536
  22.450   49.579   24.060
  22.381   49.574   22.789
  23.773   48.769   22.362
  23.294   49.010   21.467
  24.610   48.278   21.893
  21.744   50.000   24.664
  22.093   49.750   23.158
  28.556   43.110    5.863
  28.853   43.104    4.546
  29.428   44.198    4.209
  29.588   45.025    5.163
  28.923   44.210    6.452
  29.254   45.125    6.830
  28.544   43.849    7.394
  29.727   44.376    3.250
  29.698   45.023    4.675
  28.433   33.799   38.199
  27.116   33.740   37.911
  26.444   34.462   38.729
  27.148   35.058   39.607
  28.689   34.562   39.219
  28.788   35.193   40.045
  29.742   34.358   39.128
  25.429   34.542   38.668
  26.660   35.036   39.500
  43.002   25.066   36.050
  41.824   25.606   35.674
  41.594   26.684   36.328
  42.501   26.997   37.164
  43.602   25.763   36.969
  43.999   26.392   37.702
  44.421   25.064   36.988
  40.748   27.234   36.179
  42.065   27.197   37.024
  26.469    6.733   29.332
  26.916    6.562   28.070
  25.935    6.361   27.269
  24.791    6.366   27.826
  25.175    6.651   29.420
  24.135    6.569   29.385
  25.221    6.826   30.482
  26.078    6.210   26.271
  24.956    6.303   27.359
  30.896   18.358   38.412
  30.785   18.145   37.083
  29.552   18.093   36.737
  28.729   18.250   37.696
  29.741   18.457   39.001
  28.769   18.520   39.376
  30.222   18.608   39.952
  29.270   17.938   35.769
  28.688   18.171   37.204
  22.952   18.216   20.116
  22.670   18.377   18.806
  23.743   18.334   18.106
  24.806   18.154   18.782
  24.223   18.059   20.339
  25.258   17.943   20.410
  24.043   17.972   21.397
  23.728   18.438   17.092
  24.701   18.214   18.297
  23.169    5.831   34.479
  23.850    6.055   33.335
  23.175    5.650   32.323
  22.045    5.141   32.613
  22.015    5.269   34.272
  21.112    4.820   34.001
  21.811    5.263   35.330
  23.529    5.735   31.371
  22.297    5.224   32.189
  42.010   26.044    0.898
  41.899   27.158    1.653
  43.045   27.711    1.809
  44.005   27.105    1.234
  43.233   25.814    0.523
  44.243   25.718    0.275
  42.921   24.928   -0.005
  43.160   28.566    2.352
  43.964   27.518    1.514
   2.202   10.614   42.080
   1.266   11.485   41.645
   1.630   12.022   40.540
   2.761   11.628   40.110
   3.225   10.540   41.281
   3.996   10.553   40.578
   3.693    9.813   41.923
   1.049   12.708   40.058
   2.415   11.950   39.949
  34.120   26.015   28.866
  33.848   27.321   29.076
  32.626   27.474   29.429
  31.958   26.393   29.501
  33.089   25.250   29.071
  32.207   24.726   29.260
  33.668   24.377   28.821
  32.236   28.394   29.632
  31.858   26.876   29.579
  47.444    3.829   42.729
  48.304    3.286   43.617
  48.281    2.007   43.540
  47.476    1.545   42.669
  46.816    2.932   42.028
  46.367    2.138   41.520
  46.282    3.701   41.495
  48.867    1.421   44.136
  47.794    1.344   42.998
   8.302   19.305   32.307
   7.179   18.557   32.263
   6.139   19.305   32.279
   6.388   20.552   32.332
   8.052   20.580   32.355
   7.746   21.578   32.391
   9.106   20.801   32.378
   5.196   18.918   32.251
   5.972   20.275   32.316
  36.555   10.017   46.714
  37.159    9.336   47.711
  37.545    8.185   47.300
  37.281    7.946   46.078
  36.517    9.345   45.601
  36.537    8.727   44.761
  36.008   10.158   45.110
  38.023    7.527   47.915
  37.505    7.694   46.448
   9.602   25.189   13.043
   9.704   24.870   14.351
  10.922   24.958   14.741
  11.741   25.317   13.836
  10.747   25.502   12.514
  11.710   25.736   12.185
  10.277   25.674   11.560
  11.195   24.753   15.702
  11.779   25.198   14.320
  45.070   48.764   12.624
  43.976   49.554   12.598
  42.908   48.845   12.623
  43.111   47.589   12.664
  44.773   47.499   12.666
  44.430   46.513   12.699
  45.818   47.238   12.673
  41.981   49.268   12.610
  42.706   47.882   12.655
  46.992   43.838   39.243
  47.610   43.012   40.114
  46.753   42.434   40.872
  45.544   42.757   40.641
  45.700   43.841   39.387
  44.677   43.772   39.583
  45.597   44.553   38.586
  47.033   41.772   41.595
  45.772   42.452   40.964
  22.411   11.115    4.114
  23.437   11.032    4.988
  23.115   11.559    6.111
  21.933   12.030    6.153
  21.367   11.700    4.623
  20.586   12.180    5.122
  20.829   11.577    3.698
  23.764   11.590    6.897
  22.313   11.999    6.476
   0.687   37.907   12.643
   1.101   39.188   12.750
   2.379   39.253   12.697
   2.959   38.129   12.560
   1.675   37.072   12.515
   2.534   36.486   12.418
   0.988   36.243   12.466
   2.876   40.142   12.762
   3.113   38.603   12.599
   5.274   38.477   41.546
   4.838   38.106   42.769
   5.379   36.999   43.122
   6.184   36.509   42.267
   6.121   37.631   41.040
   6.790   36.895   40.723
   6.216   38.234   40.152
   5.170   36.560   44.019
   6.022   36.371   42.720
  18.691   11.931   21.369
  17.354   12.041   21.525
  16.808   10.882   21.553
  17.623    9.912   21.431
  19.084   10.695   21.287
  19.297    9.674   21.232
  20.108   11.012   21.180
  15.801   10.764   21.664
  17.128    9.953   21.488
  19.357   41.984   11.211
  18.968   41.447   10.035
  17.788   40.957   10.132
  17.258   41.083   11.283
  18.449   41.874   12.136
  17.659   41.735   12.804
  19.087   42.375   12.844
  17.325   40.507    9.343
  17.114   40.884   10.847
   6.739   22.411    4.537
   6.943   23.731    4.341
   8.158   24.042    4.601
   8.883   23.065    4.975
   7.811   21.793    4.935
   8.722   21.392    5.249
   7.277   20.858    4.971
   8.501   24.998    4.510
   8.959   23.554    4.903
  20.179   24.767   43.742
  20.039   23.742   42.874
  19.582   22.705   43.473
  19.368   22.867   44.717
  19.821   24.451   44.951
  19.510   24.099   45.883
  20.061   25.442   45.297
  19.410   21.830   42.978
  19.316   22.487   44.396
  31.685   33.613    5.072
  30.462   33.058    5.201
  29.547   33.936    5.014
  29.982   35.103    4.755
  31.632   34.882    4.793
  31.481   35.891    4.573
  32.707   34.939    4.774
  28.556   33.701    5.071
  29.529   34.897    4.803
   2.870   42.651   43.748
   2.238   42.732   42.558
   3.079   42.640   41.595
   4.288   42.496   41.964
   4.155   42.502   43.623
   5.172   42.384   43.415
   4.273   42.481   44.693
   2.786   42.680   40.619
   4.054   42.526   41.523
  24.839    7.475   40.668
  26.148    7.367   40.358
  26.657    8.524   40.144
  25.837    9.490   40.267
  24.426    8.708   40.672
  24.194    9.725   40.648
  23.432    8.390   40.938
  27.638    8.643   39.896
  26.322    9.451   40.152
  35.452   22.051   10.024
  35.352   20.718    9.834
  34.173   20.309   10.125
  33.380   21.224   10.519
  34.343   22.580   10.450
  33.411   22.905   10.788
  34.799   23.555   10.473
  33.908   19.328   10.043
  33.343   20.730   10.448
  33.616   43.153   11.049
  34.716   42.415   11.309
  34.390   41.295   11.841
  33.138   41.132   12.000
  32.517   42.553   11.397
  31.696   41.989   11.709
  31.932   43.391   11.056
  35.090   40.603   12.108
  33.546   40.859   12.097
  21.101   14.365   28.419
  21.225   15.097   29.547
  21.175   14.341   30.581
  21.025   13.104   30.323
  20.965   13.095   28.659
  20.862   12.100   28.957
  20.904   12.886   27.605
  21.252   14.716   31.526
  21.071   13.375   30.740
   4.652   46.323   41.262
   4.493   46.186   42.596
   5.208   47.045   43.224
   5.889   47.814   42.473
   5.478   47.277   40.952
   6.153   48.060   40.809
   5.340   47.077   39.903
   5.218   47.094   44.243
   5.830   47.763   42.967
  32.998   15.677   20.114
  31.862   15.029   19.779
  30.926   15.302   20.612
  31.266   16.101   21.543
  32.862   16.406   21.182
  32.650   16.957   22.043
  33.889   16.723   21.116
  29.992   14.904   20.521
  30.845   15.861   21.419
  15.081   11.228    5.526
  14.010   11.749    4.890
  14.187   12.996    4.658
  15.302   13.455    5.067
  16.012   12.110    5.741
  16.695   12.889    5.866
  16.627   11.366    6.219
  13.483   13.561    4.183
  14.905   13.648    4.831
  20.464   18.672   36.950
  19.751   17.560   36.673
  19.460   17.512   35.426
  19.896   18.495   34.745
  20.675   19.406   35.899
  20.790   19.922   34.998
  21.222   20.123   36.489
  18.923   16.742   35.028
  19.631   18.083   34.642
  11.948   41.553   29.658
  13.121   41.515   28.990
  13.403   40.313   28.645
  12.540   39.447   28.999
  11.405   40.378   29.783
  11.054   39.396   29.830
  10.573   40.803   30.319
  14.254   40.087   28.130
  12.974   39.433   28.751
  38.678   40.735   15.216
  38.027   39.553   15.252
  38.860   38.581   15.296
  40.083   38.935   15.297
  39.970   40.595   15.236
  40.991   40.375   15.255
  40.102   41.663   15.199
  38.553   37.609   15.327
  39.842   38.498   15.310
  18.122    6.906    9.969
  17.778    5.623   10.208
  18.530    5.116   11.114
  19.409    5.913   11.575
  19.116    7.303   10.708
  19.915    7.522   11.343
  19.082    8.280   10.256
  18.419    4.152   11.428
  19.282    5.437   11.663
  49.585    9.154   14.218
  49.258    8.553   13.055
  49.229    9.407   12.100
  49.507   10.598   12.450
  49.786   10.431   14.082
  49.925   11.444   13.868
  50.001   10.526   15.133
  49.001    9.137   11.143
  49.386   10.376   12.019
  26.535    1.052    7.516
  26.378    2.092    8.363
  26.901    3.154    7.873
  27.437    2.998    6.729
  27.168    1.383    6.430
  27.682    1.749    5.598
  27.092    0.375    6.060
  26.881    4.044    8.371
  27.379    3.383    7.042
   6.028    5.852    4.684
   7.028    6.398    3.960
   7.122    5.823    2.818
   6.276    4.891    2.626
   5.419    4.893    4.053
   4.997    4.141    3.464
   4.758    4.742    4.889
   7.823    6.100    2.132
   6.647    5.093    2.358
  11.651    3.775   39.561
  12.793    4.443   39.826
  12.606    5.708   39.735
  11.418    6.043   39.424
  10.660    4.569   39.283
   9.933    5.288   39.074
  10.003    3.726   39.146
  13.357    6.377   39.902
  11.841    6.291   39.522
  45.764   25.824   43.913
  45.791   27.128   43.567
  44.616   27.535   43.254
  43.711   26.643   43.336
  44.571   25.312   43.844
  43.579   24.998   43.756
  44.946   24.355   44.166
  44.438   28.496   42.965
  43.721   27.127   43.208
  47.574   17.625    1.423
  48.645   17.826    2.220
  48.663   19.031    2.656
  47.694   19.751    2.252
  46.838   18.689    1.298
  46.317   19.593    1.262
  46.158   18.162    0.650
  49.399   19.369    3.274
  48.091   19.825    2.547
  23.540   45.330   25.432
  22.355   45.740   25.932
  22.240   45.387   27.159
  23.239   44.748   27.620
  24.258   44.690   26.306
  24.754   44.192   27.078
  25.043   44.550   25.582
  21.408   45.609   27.707
  22.800   44.899   27.806
  10.159   20.674   20.232
  11.288   20.104   19.760
  11.906   20.909   18.978
  11.334   22.036   18.824
   9.982   21.880   19.782
   9.932   22.837   19.366
   9.065   21.971   20.340
  12.782   20.653   18.524
  11.752   21.825   18.649
  32.019    2.675    9.140
  31.032    3.596    9.151
  29.884    3.026    9.126
  29.928    1.754    9.097
  31.566    1.457    9.107
  31.103    0.521    9.081
  32.570    1.066    9.109
  29.017    3.562    9.129
  29.563    2.095    9.101
  46.606   29.819    3.968
  46.043   31.040    3.848
  44.766   30.944    3.793
  44.324   29.752    3.861
  45.725   28.863    3.996
  44.942   28.172    4.009
  46.505   28.126    4.090
  44.168   31.765    3.702
  44.116   30.205    3.816
  19.690   26.975    8.007
  19.861   25.653    7.796
  20.942   25.438    7.144
  21.597   26.488    6.848
  20.652   27.691    7.503
  21.468   28.172    7.065
  20.183   28.595    7.854
  21.240   24.496    6.890
  21.660   25.998    6.770
  25.064   42.182   10.093
  24.432   41.624   11.148
  24.570   42.353   12.192
  25.253   43.412   12.010
  25.647   43.304   10.396
  26.078   44.191   10.740
  25.999   43.413    9.384
  24.160   42.092   13.089
  25.018   43.205   12.400
  11.301   27.355   28.900
  12.212   28.295   28.568
  13.190   27.767   27.930
  13.089   26.510   27.756
  11.638   26.166   28.496
  11.998   25.257   28.131
  10.738   25.751   28.918
  13.977   28.322   27.596
  13.426   26.858   27.633
   0.993   25.859   39.630
   2.155   25.274   39.992
   2.986   25.282   39.016
   2.544   25.824   37.953
   1.007   26.278   38.399
   1.119   26.577   37.405
  -0.001   26.644   38.497
   3.920   24.882   39.102
   2.975   25.607   38.087
   3.371   39.482   10.347
   2.980   38.190   10.361
   1.800   38.072    9.875
   1.273   39.168    9.497
   2.466   40.273    9.851
   1.679   40.820    9.439
   3.106   41.126   10.004
   1.335   37.167    9.803
   1.128   38.689    9.502
  29.161   13.604   30.604
  29.533   12.320   30.790
  28.507   11.552   30.806
  27.397   12.153   30.647
  27.873   13.740   30.488
  26.833   13.742   30.408
  27.981   14.805   30.366
  28.591   10.544   30.936
  27.534   11.678   30.716
  12.030   17.190   45.316
  11.726   15.933   44.928
  11.535   15.182   45.949
  11.670   15.771   47.069
  12.053   17.323   46.608
  12.045   17.326   47.652
  12.308   18.365   46.512
  11.294   14.195   45.854
  11.557   15.305   46.926
  17.658   18.970   28.514
  16.829   18.090   27.913
  16.126   17.467   28.785
  16.359   17.806   29.989
  17.538   18.966   29.809
  17.367   18.887   30.835
  18.295   19.728   29.896
  15.441   16.760   28.518
  16.052   17.480   29.767
  18.627   46.702   46.929
  19.424   47.791   46.889
  18.723   48.863   46.929
  17.467   48.669   46.996
  17.365   47.008   46.997
  16.383   47.356   47.051
  17.097   45.964   47.009
  19.152   49.788   46.908
  17.762   49.072   46.981
  29.753   20.767   44.267
  28.695   19.976   43.992
  29.001   18.742   44.154
  30.201   18.542   44.527
  30.805   20.090   44.623
  31.589   19.457   44.895
  31.369   20.999   44.742
  28.326   17.995   43.992
  29.809   18.249   44.425
  41.114   24.444   41.081
  39.815   24.075   41.051
  39.706   22.839   40.732
  40.814   22.249   40.521
  41.918   23.466   40.784
  42.476   22.620   40.534
  42.772   24.110   40.909
  38.798   22.381   40.658
  40.333   22.113   40.510
  48.232    4.653   37.653
  47.050    4.001   37.656
  47.234    2.736   37.735
  48.455    2.383   37.792
  49.248    3.845   37.731
  49.992    3.116   37.796
  49.931    4.678   37.703
  46.454    2.078   37.750
  48.017    2.142   37.793
  48.224   21.373   41.076
  47.274   22.136   41.658
  47.620   22.453   42.851
  48.750   21.990   43.212
  49.237   21.152   41.860
  50.000   21.034   42.563
  49.720   20.566   41.096
  47.028   23.029   43.448
  48.398   22.273   43.428
  19.187   24.175   21.965
  19.552   24.764   23.123
  20.826   24.882   23.187
  21.448   24.431   22.172
  20.205   23.878   21.212
  21.085   23.682   20.686
  19.551   23.468   20.462
  21.289   25.305   23.991
  21.583   24.649   22.601
  30.118   42.217    8.039
  30.370   42.202    6.713
  31.591   41.879    6.492
  32.274   41.652    7.541
  31.160   41.906    8.751
  32.051   41.645    9.229
  30.594   42.023    9.660
  31.967   41.815    5.546
  32.368   41.646    7.050
  19.800   32.991   36.776
  18.979   31.932   36.613
  17.755   32.311   36.587
  17.589   33.566   36.718
  19.153   34.115   36.866
  18.543   34.961   36.926
  20.078   34.656   36.977
  16.989   31.648   36.471
  17.285   33.173   36.657
  12.359   33.026   13.975
  13.497   33.730   13.796
  14.497   32.941   13.653
  14.204   31.704   13.710
  12.558   31.741   13.958
  12.823   30.732   13.929
  11.509   31.561   14.119
  15.443   33.292   13.507
  14.625   31.965   13.644
  33.635   35.184   18.437
  33.457   36.493   18.713
  32.664   36.640   19.709
  32.231   35.550   20.202
  32.966   34.409   19.239
  32.393   33.876   19.930
  33.342   33.536   18.733
  32.410   37.562   20.064
  32.166   36.035   20.305
  13.221   32.072   28.466
  12.981   33.179   27.731
  12.163   32.919   26.780
  11.769   31.709   26.740
  12.572   31.033   28.032
  12.010   30.263   27.607
  12.995   30.423   28.812
  11.862   33.634   26.118
  11.680   32.119   26.468
  33.939   35.734   41.298
  33.167   34.883   42.007
  33.829   33.831   42.320
  35.032   33.822   41.905
  35.143   35.281   41.113
  36.080   34.830   41.019
  35.409   36.168   40.562
  33.410   33.072   42.857
  34.746   33.507   42.167
  37.592   20.749   43.206
  37.410   20.896   41.877
  38.184   20.108   41.227
  38.931   19.382   41.958
  38.494   19.858   43.492
  39.230   19.128   43.616
  38.350   20.028   44.546
  38.188   20.077   40.208
  38.864   19.437   41.466
  28.463   28.148   37.460
  27.881   28.388   38.654
  27.229   27.358   39.052
  27.275   26.366   38.256
  28.222   26.949   37.017
  27.970   25.971   36.752
  28.806   27.141   36.133
  26.722   27.351   39.936
  27.059   26.455   38.698
  32.254   13.915   38.854
  31.387   12.904   39.071
  32.006   11.783   39.122
  33.266   11.869   38.961
  33.484   13.506   38.752
  34.434   13.078   38.685
  33.824   14.517   38.598
  31.515   10.903   39.279
  32.945   11.495   39.041
  47.448    9.978   34.181
  46.907   11.161   34.542
  47.731   12.118   34.322
  48.845   11.751   33.827
  48.653   10.102   33.708
  49.610   10.308   33.345
  48.719    9.038   33.554
  47.498   13.088   34.533
  48.644   12.189   33.961
  43.933    7.664   28.098
  43.322    6.848   27.214
  42.257    7.395   26.757
  42.019    8.554   27.226
  43.298    8.786   28.264
  42.716    9.651   28.326
  44.038    9.118   28.974
  41.661    6.927   26.075
  41.792    8.252   26.898
  35.914    7.497   41.883
  36.202    6.198   41.656
  35.134    5.489   41.681
  34.069    6.149   41.908
  34.643    7.703   42.068
  33.610    7.762   42.203
  34.818    8.757   42.203
  35.154    4.481   41.529
  34.176    5.667   41.824
  20.969   45.295   30.447
  20.318   44.167   30.803
  19.075   44.408   30.999
  18.740   45.623   30.821
  20.184   46.330   30.393
  19.474   47.094   30.379
  21.009   46.959   30.103
  18.422   43.676   31.276
  18.498   45.205   30.952
  13.312   32.759   16.592
  14.220   31.895   16.090
  15.273   32.519   15.709
  15.230   33.779   15.883
  13.726   33.991   16.564
  14.149   34.943   16.497
  12.804   34.327   17.007
  16.070   32.031   15.301
  15.566   33.459   15.697
   9.764   12.683   25.539
  10.314   13.864   25.895
   9.590   14.839   25.485
   8.543   14.488   24.851
   8.654   12.828   24.879
   7.775   13.050   24.360
   8.549   11.759   24.792
   9.846   15.810   25.660
   8.747   14.925   24.983
  37.165   49.566   32.277
  36.221   50.000   31.415
  36.546   49.711   30.209
  37.655   49.097   30.095
  38.154   48.972   31.678
  38.897   48.515   31.105
  38.640   48.796   32.623
  35.954   49.960   29.417
  37.306   49.258   29.776
  27.311   23.559   24.460
  28.385   24.373   24.537
  29.467   23.709   24.359
  29.293   22.465   24.155
  27.637   22.322   24.228
  28.001   21.362   24.041
  26.600   22.031   24.239
  30.383   24.157   24.382
  29.691   22.767   24.184
   8.267   16.479   34.157
   8.054   15.784   33.019
   8.677   16.324   32.039
   9.341   17.366   32.347
   9.040   17.508   33.978
   9.667   18.305   33.730
   8.966   17.765   35.021
   8.636   15.939   31.096
   9.262   17.109   31.925
   8.106   38.359   22.955
   7.748   37.181   23.509
   8.719   36.346   23.457
   9.775   36.800   22.909
   9.328   38.353   22.512
  10.316   38.246   22.192
   9.230   39.373   22.181
   8.636   35.400   23.828
   9.643   36.363   23.115
  35.234   36.887   11.905
  34.989   35.622   11.503
  33.727   35.415   11.413
  33.006   36.420   11.714
  34.146   37.570   12.098
  33.217   38.031   12.224
  34.721   38.436   12.381
  33.349   34.514   11.122
  32.915   35.951   11.565
  31.282    9.669   22.502
  31.083    9.794   23.831
  31.486    8.745   24.448
  31.970    7.843   23.691
  31.824    8.531   22.183
  32.259    7.594   22.032
  31.815    8.802   21.140
  31.416    8.657   25.461
  31.896    7.890   24.184
   2.630   17.601   32.239
   2.129   18.798   31.866
   1.216   18.647   30.980
   0.990   17.437   30.657
   2.069   16.608   31.616
   1.558   15.884   31.063
   2.688   15.905   32.146
   0.721   19.442   30.576
   0.805   17.880   30.519
  45.872   32.639   14.829
  46.939   33.360   15.233
  46.704   33.917   16.363
  45.550   33.673   16.841
  44.886   32.688   15.675
  44.157   32.791   16.415
  44.292   32.048   15.044
  47.396   34.504   16.828
  45.945   33.940   16.990
  26.442   16.141    0.096
  26.378   17.466    0.348
  27.103   17.767    1.361
  27.705   16.778    1.891
  27.211   15.510    0.932
  27.847   15.098    1.651
  27.010   14.575    0.436
  27.180   18.725    1.703
  27.681   17.269    1.984
  13.331   46.263   31.027
  14.548   46.662   30.602
  15.296   45.650   30.363
  14.741   44.524   30.574
  13.222   44.969   31.088
  13.237   43.925   31.102
  12.206   45.055   31.435
  16.255   45.754   30.032
  15.192   44.672   30.417
  43.576    2.197   35.701
  42.560    2.726   36.416
  42.582    2.289   37.621
  43.530    1.477   37.869
  44.313    1.388   36.403
  44.839    0.759   37.050
  44.945    1.200   35.552
  41.890    2.579   38.311
  43.153    1.673   38.134
  34.069   20.780   23.764
  34.701   19.598   23.602
  33.858   18.633   23.600
  32.646   18.992   23.746
  32.780   20.646   23.875
  31.761   20.432   23.954
  32.663   21.712   23.978
  34.151   17.662   23.489
  32.880   18.554   23.687
  37.602   47.101   21.569
  38.919   46.811   21.518
  39.615   47.886   21.473
  38.929   48.958   21.486
  37.370   48.380   21.560
  37.291   49.421   21.548
  36.309   48.204   21.607
  40.634   47.867   21.431
  39.417   48.851   21.468
  24.762   22.928   11.668
  24.669   24.269   11.545
  23.466   24.658   11.753
  22.648   23.720   12.021
  23.624   22.373   11.962
  22.668   22.026   12.197
  24.084   21.399   11.971
  23.201   25.642   11.703
  22.614   24.217   11.976
  36.687   16.778   13.088
  37.305   15.577   13.071
  36.443   14.628   13.051
  35.231   15.017   13.050
  35.391   16.673   13.078
  34.365   16.483   13.069
  35.289   17.745   13.095
  36.723   13.648   13.036
  35.460   14.572   13.044
  41.329   47.729   43.945
  42.570   47.548   43.444
  43.077   48.668   43.082
  42.319   49.674   43.269
  40.963   48.976   43.935
  40.765   50.000   43.883
  40.013   48.717   44.371
  44.011   48.731   42.679
  42.779   49.607   43.083
  13.256   27.427   13.067
  13.683   26.346   13.753
  14.008   25.402   12.950
  13.859   25.685   11.718
  13.279   27.244   11.780
  13.336   26.998   10.767
  12.902   28.239   11.616
  14.355   24.504   13.286
  14.018   25.285   11.972
   3.110    4.046   39.372
   4.459    4.067   39.428
   4.935    2.890   39.257
   4.056    1.987   39.076
   2.638    2.853   39.160
   2.360    1.861   38.989
   1.630    3.232   39.182
   5.939    2.708   39.267
   4.556    1.995   39.097
   9.417   13.163   41.911
  10.452   12.416   42.350
  10.614   12.569   43.612
   9.787   13.369   44.156
   8.851   13.843   42.864
   8.468   14.344   43.696
   8.145   14.262   42.166
  11.350   12.082   44.123
  10.170   13.092   44.318
  41.755   22.763    3.049
  42.406   21.580    3.064
  43.605   21.721    2.634
  43.907   22.911    2.298
  42.496   23.736    2.609
  43.170   24.445    2.244
  41.686   24.434    2.743
  44.251   20.935    2.572
  44.148   22.473    2.304
  17.382   19.743   37.956
  17.754   20.303   36.785
  18.897   20.870   36.900
  19.413   20.784   38.060
  18.263   19.918   38.896
  19.030   20.111   39.577
  17.648   19.376   39.595
  19.342   21.348   36.117
  19.551   20.991   37.627
  36.529    4.397   13.274
  36.187    5.696   13.145
  35.308    6.019   14.021
  34.963    5.070   14.795
  35.891    3.805   14.240
  35.330    3.424   15.034
  36.400    2.879   14.029
  34.927    6.963   14.078
  34.836    5.551   14.747
  39.484   19.972    6.492
  38.135   19.996    6.547
  37.676   18.836    6.839
  38.568   17.944    7.007
  39.974   18.795    6.745
  40.266   17.816    6.961
  40.976   19.167    6.613
  36.676   18.659    6.925
  38.069   17.953    7.028
  35.527   35.448   46.386
  36.175   34.892   45.341
  37.362   35.366   45.243
  37.657   36.233   46.128
  36.257   36.315   47.024
  36.921   36.989   47.465
  35.453   36.507   47.714
  38.004   35.064   44.511
  37.897   36.027   45.741
  13.115   15.831   33.272
  13.588   16.640   32.301
  12.793   17.627   32.111
  11.763   17.625   32.858
  11.987   16.248   33.766
  11.088   16.666   34.093
  11.954   15.410   34.441
  12.984   18.346   31.413
  11.938   17.925   32.499
  11.299    8.152   15.762
  12.563    7.764   16.035
  13.065    8.490   16.964
  12.283    9.390   17.410
  10.912    9.151   16.498
  10.699    9.949   17.136
   9.949    9.153   16.017
  14.015    8.345   17.306
  12.752    9.246   17.512
  31.018   39.737    6.164
  32.212   39.628    5.545
  32.633   38.418    5.586
  31.853   37.610    6.186
  30.598   38.603    6.642
  30.351   37.649    6.987
  29.706   39.075    7.019
  33.521   38.142    5.169
  32.296   37.570    5.956
  38.849   39.320   39.256
  38.588   39.125   37.946
  39.572   38.535   37.374
  40.549   38.271   38.146
  40.016   38.867   39.606
  40.967   38.473   39.785
  39.853   39.187   40.622
  39.557   38.303   36.381
  40.452   38.199   37.661
  33.666   25.411   21.405
  32.510   26.103   21.322
  32.626   27.242   21.899
  33.771   27.461   22.408
  34.595   26.062   22.041
  35.269   26.664   22.563
  35.284   25.246   21.901
  31.853   27.906   21.938
  33.343   27.717   22.377
  11.431   16.885   18.011
  10.780   17.144   19.165
  11.566   17.703   20.009
  12.752   17.886   19.584
  12.675   17.263   18.043
  13.655   17.599   18.169
  12.822   16.913   17.035
  11.251   17.974   20.940
  12.511   17.981   20.011
  45.171   34.165    4.634
  45.153   33.704    3.365
  46.137   34.184    2.698
  46.891   34.965    3.361
  46.168   34.968    4.860
  46.997   35.598    4.939
  45.851   35.098    5.881
  46.289   33.948    1.717
  46.885   34.795    2.891
  24.553   22.417   43.896
  23.797   21.321   43.673
  24.480   20.255   43.873
  25.685   20.461   44.227
  25.768   22.123   44.252
  26.715   21.782   44.530
  26.016   23.168   44.326
  24.076   19.327   43.753
  25.405   20.055   44.144
  10.365   38.677   18.550
  11.410   38.083   17.936
  11.108   36.886   17.591
   9.924   36.533   17.896
   9.328   37.899   18.638
   8.554   37.198   18.659
   8.770   38.672   19.140
  11.774   36.280   17.113
  10.311   36.313   17.669
  30.246   39.714   43.956
  30.840   38.506   43.857
  32.102   38.639   43.678
  32.504   39.846   43.635
  31.090   40.697   43.847
  31.844   41.412   43.748
  30.295   41.413   43.970
  32.720   37.833   43.580
  32.724   39.398   43.598
  12.139    6.343   47.196
  11.708    5.726   48.317
  12.690    5.491   49.107
  13.821    5.880   48.672
  13.423    6.542   47.198
  14.457    6.655   47.295
  13.367    7.009   46.229
  12.558    5.029   50.007
  13.661    5.652   49.087
  29.732   45.667   44.963
  29.388   45.067   43.804
  28.871   45.915   42.994
  28.798   47.101   43.449
  29.457   46.938   44.969
  29.198   47.944   44.873
  29.845   47.033   45.968
  28.549   45.645   42.064
  28.671   46.879   43.019
  16.684    4.500    4.293
  17.748    4.736    3.496
  18.156    5.943    3.637
  17.487    6.631    4.472
  16.343    5.541    4.994
  16.151    6.428    5.509
  15.537    4.990    5.448
  18.953    6.306    3.114
  17.881    6.719    4.177
  15.946   21.854   34.360
  15.328   22.933   34.885
  14.056   22.824   34.770
  13.669   21.753   34.203
  15.109   20.985   33.876
  14.358   20.354   33.518
  15.921   20.342   33.584
  13.421   23.546   35.111
  13.440   22.152   34.398
  22.882    8.405   30.064
  23.340    8.549   28.802
  22.815    9.578   28.248
  22.003   10.219   28.989
  22.036    9.334   30.398
  21.370   10.120   30.567
  21.922    8.900   31.377
  23.042    9.848   27.291
  22.172   10.272   28.522
  27.597   36.084   18.540
  28.568   36.880   19.036
  29.708   36.558   18.547
  29.673   35.587   17.725
  28.054   35.202   17.701
  28.518   34.536   17.045
  27.062   34.808   17.552
  30.563   37.049   18.805
  30.032   35.881   17.908
  27.070   37.596   34.156
  26.348   36.652   34.796
  26.076   37.027   35.991
  26.535   38.174   36.300
  27.307   38.635   34.900
  27.442   39.419   35.576
  27.853   39.104   34.099
  25.536   36.443   36.629
  26.267   37.824   36.537
  32.808    2.743   31.160
  33.154    1.456   31.375
  32.469    0.962   32.339
  31.638    1.770   32.864
  31.880    3.154   31.972
  31.136    3.386   32.667
  31.891    4.130   31.515
  32.591   -0.003   32.647
  31.766    1.294   32.944
   2.289   10.737   26.607
   2.367   12.055   26.326
   1.195   12.570   26.257
   0.245   11.747   26.463
   1.063   10.324   26.736
   0.048   10.094   26.819
   1.405    9.322   26.936
   1.053   13.558   26.053
   0.274   12.236   26.359
  43.449   40.304   45.545
  43.986   41.476   45.144
  45.259   41.376   45.044
  45.722   40.227   45.336
  44.344   39.379   45.727
  45.137   38.710   45.844
  43.582   38.675   46.013
  45.840   42.162   44.753
  45.921   40.661   45.188
  41.248   16.559   21.639
  41.222   17.543   22.563
  40.866   17.080   23.704
  40.623   15.831   23.713
  40.910   15.403   22.130
  40.626   14.526   22.619
  41.045   14.938   21.168
  40.790   17.677   24.527
  40.613   16.195   24.055
  26.729    9.660   19.529
  27.217   10.918   19.476
  26.261   11.771   19.446
  25.096   11.257   19.473
  25.430    9.628   19.537
  24.389    9.710   19.539
  25.441    8.552   19.581
  26.435   12.774   19.404
  25.277   11.723   19.453
  37.240   39.665   27.295
  37.192   38.336   27.525
  36.023   37.990   27.923
  35.191   38.949   28.009
  36.106   40.255   27.530
  35.156   40.632   27.746
  36.526   41.207   27.253
  35.795   37.022   28.147
  35.173   38.457   28.095
  26.329   13.934   25.810
  26.139   12.598   25.845
  27.263   11.985   25.894
  28.281   12.750   25.899
  27.587   14.261   25.835
  28.619   14.418   25.858
  27.331   15.307   25.796
  27.321   10.967   25.926
  28.210   12.255   25.912
   6.081   33.548   30.718
   6.424   33.228   31.984
   6.122   32.009   32.238
   5.579   31.388   31.269
   5.536   32.553   30.082
   5.112   31.697   29.661
   5.420   33.161   29.200
   6.307   31.587   33.148
   5.707   31.269   31.738
   0.873    8.740   31.521
  -0.003    8.941   30.513
   0.520    8.609   29.390
   1.714    8.176   29.473
   2.011    8.267   31.108
   2.884    7.891   30.677
   2.388    8.252   32.117
   0.007    8.691   28.513
   1.390    8.250   29.099
  11.977   21.541   21.276
  12.065   22.811   20.827
  13.203   23.016   20.275
  13.977   22.005   20.273
  13.054   20.852   21.040
  13.959   20.388   20.805
  12.620   19.984   21.507
  13.452   23.920   19.875
  14.009   22.476   20.106
  26.893   16.257   29.122
  27.688   16.949   29.966
  28.284   17.898   29.345
  28.003   17.976   28.106
  26.930   16.719   27.907
  27.030   17.164   26.968
  26.231   15.966   27.583
  28.928   18.531   29.819
  28.298   18.232   28.418
  47.819   35.917   18.972
  46.940   34.893   18.945
  47.553   33.772   19.042
  48.819   33.870   19.141
  49.050   35.517   19.089
  50.000   35.095   19.184
  49.399   36.536   19.073
  47.054   32.883   19.040
  48.493   33.490   19.131
  45.222   23.757   17.069
  46.471   23.720   17.579
  46.642   22.657   18.275
  45.624   21.894   18.329
  44.513   22.721   17.406
  44.030   21.854   17.731
  43.669   23.099   16.854
  47.526   22.454   18.740
  46.087   21.880   18.518
   2.945   44.819   25.372
   2.486   43.598   25.024
   3.456   42.835   24.677
   4.604   43.382   24.736
   4.237   44.915   25.270
   5.275   44.890   25.155
   4.203   45.938   25.605
   3.303   41.871   24.381
   4.434   42.930   24.607
  34.596   39.418   21.645
  34.380   40.740   21.476
  35.465   41.400   21.652
  36.477   40.682   21.939
  35.833   39.148   21.939
  36.845   39.036   22.170
  35.608   38.095   21.987
  35.498   42.415   21.566
  36.397   41.172   21.876
   9.727   27.097   34.308
   8.720   27.588   35.062
   8.518   28.824   34.792
   9.288   29.302   33.899
  10.233   27.988   33.508
  10.567   28.773   32.906
  10.934   27.267   33.123
   7.794   29.367   35.264
   8.916   29.484   34.178
   4.995    0.547   22.283
   6.160   -0.017   21.899
   7.147    0.537   22.500
   6.820    1.470   23.302
   5.162    1.497   23.154
   5.402    2.241   23.846
   4.099    1.667   23.195
   8.110    0.244   22.337
   7.251    1.261   23.160
   7.763   25.488   16.643
   6.743   26.300   16.292
   7.179   27.471   16.004
   8.441   27.603   16.109
   8.916   26.086   16.601
   9.789   26.655   16.536
   9.413   25.185   16.918
   6.554   28.222   15.715
   8.063   27.904   15.979
  27.839   23.317   32.662
  26.984   23.567   31.648
  27.627   23.793   30.563
  28.893   23.734   30.679
  29.084   23.368   32.291
  30.047   23.431   31.894
  29.407   23.135   33.292
  27.149   24.001   29.687
  28.577   23.826   30.303
  34.581   30.973   36.134
  34.300   29.663   35.966
  33.038   29.489   35.824
  32.350   30.558   35.871
  33.518   31.720   36.110
  32.607   32.229   36.075
  34.115   32.603   36.263
  32.635   28.562   35.685
  32.245   30.073   35.809
  28.484   14.017   39.645
  29.333   14.354   40.639
  28.728   14.348   41.769
  27.496   14.034   41.705
  27.282   13.774   40.075
  26.353   13.600   40.519
  26.949   13.564   39.072
  29.209   14.577   42.638
  27.810   14.159   42.073
  27.134   40.670   30.746
  28.408   40.318   30.471
  28.987   41.229   29.780
  28.253   42.235   29.514
  26.817   41.829   30.249
  26.662   42.764   29.811
  25.821   41.747   30.653
  29.956   41.140   29.476
  28.725   42.105   29.412
  29.469   15.205    8.176
  30.272   15.594    7.163
  30.881   16.681    7.465
  30.602   17.138    8.619
  29.513   16.017    9.190
  29.619   16.727    9.948
  28.804   15.409    9.727
  31.533   17.129    6.821
  30.900   17.283    8.244
  13.296   20.891   28.092
  12.397   20.531   29.032
  11.344   21.257   28.949
  11.379   22.132   28.025
  12.876   21.871   27.347
  12.449   22.656   26.808
  13.793   21.855   26.783
  10.553   21.132   29.580
  11.046   21.999   28.373
  19.656    0.202   19.299
  19.614    0.871   20.471
  20.373    1.903   20.428
  20.981    2.063   19.322
  20.445    0.763   18.432
  21.098    1.289   17.810
  20.218   -0.001   17.708
  20.471    2.533   21.224
  20.966    2.311   19.756
  46.554   36.228   47.245
  46.186   35.576   48.369
  44.979   35.155   48.269
  44.413   35.435   47.165
  45.607   36.264   46.355
  44.786   36.238   45.710
  46.241   36.815   45.681
  44.526   34.638   49.023
  44.276   35.194   47.581
  32.462   25.221    7.364
  31.637   24.431    8.082
  32.015   24.380    9.306
  33.055   25.065    9.565
  33.422   25.726    8.081
  34.150   26.078    8.742
  33.816   26.240    7.221
  31.512   23.830   10.002
  32.749   24.773    9.831
   0.798   44.974   17.973
   0.524   43.652   17.976
   1.607   42.968   18.016
   2.671   43.666   18.044
   2.074   45.220   18.011
   3.114   45.311   18.044
   1.886   46.280   17.996
   1.600   41.948   18.025
   2.569   43.177   18.045
   1.597   16.268   17.386
   1.764   16.541   18.698
   2.962   16.271   19.065
   3.707   15.818   18.138
   2.677   15.805   16.830
   3.592   15.443   16.480
   2.173   15.723   15.882
   3.276   16.414   20.024
   3.769   15.919   18.623
  12.059   45.930   24.082
  11.266   44.889   23.750
  10.190   45.305   23.191
  10.111   46.570   23.076
  11.542   47.077   23.757
  11.043   47.943   23.456
  12.401   47.594   24.152
   9.467   44.661   22.870
   9.817   46.185   22.953
  34.213   24.721   14.284
  35.522   24.642   14.604
  36.248   24.710   13.550
  35.592   24.833   12.466
  34.017   24.844   13.005
  33.968   24.940   11.966
  32.951   24.871   13.154
  37.266   24.668   13.594
  36.077   24.804   12.585
  25.053   32.034    2.014
  25.010   31.411    3.211
  26.160   30.928    3.508
  27.061   31.137    2.633
  26.232   31.990    1.469
  27.211   31.899    1.117
  25.875   32.543    0.616
  26.322   30.421    4.377
  27.045   30.906    3.076
  13.096   12.474   32.244
  12.969   11.189   31.852
  13.173   11.080   30.592
  13.443   12.177   30.005
  13.390   13.270   31.259
  13.624   13.822   30.404
  13.402   14.116   31.925
  13.120   10.181   30.114
  13.396   11.700   29.860
  13.928   19.299   11.431
  13.210   20.023   10.547
  13.405   19.598    9.353
  14.210   18.615    9.269
  14.629   18.364   10.860
  15.151   17.648   10.308
  15.016   18.050   11.815
  12.946   20.023    8.548
  13.944   18.884    8.942
  37.090    7.907   39.465
  36.751    9.199   39.663
  35.500    9.302   39.921
  34.872    8.195   39.933
  36.077    7.101   39.583
  35.203    6.541   39.698
  36.707    6.254   39.372
  35.059   10.204   40.100
  34.746    8.673   40.006
  26.075   18.798   15.490
  27.184   18.126   15.869
  27.472   18.386   17.090
  26.673   19.197   17.659
  25.584   19.531   16.445
  25.271   20.083   17.274
  24.790   19.867   15.800
  28.279   17.969   17.553
  27.083   18.948   17.799
  41.588   15.541    5.210
  41.858   14.329    5.740
  42.500   14.453    6.843
  42.733   15.657    7.184
  42.038   16.518    5.939
  42.438   17.227    6.593
  41.654   17.239    5.238
  42.792   13.644    7.390
  42.833   15.209    7.380
   4.041    0.982   29.797
   4.888    0.137   30.422
   6.101    0.524   30.275
   6.234    1.590   29.591
   4.658    1.965   29.210
   5.245    2.710   28.775
   3.720    2.368   28.866
   6.883    0.010   30.678
   6.548    1.277   29.823
  31.364   33.515    7.704
  30.403   32.629    7.364
  30.874   31.437    7.351
  32.108   31.355    7.651
  32.511   32.946    7.929
  33.384   32.395    8.087
  32.960   33.901    8.147
  30.294   30.632    7.116
  31.752   31.027    7.526
  45.846    9.401   24.109
  46.798    8.937   24.946
  47.527    8.062   24.358
  47.201    7.832   23.149
  45.905    8.853   22.931
  46.037    8.356   22.022
  45.063    9.436   22.600
  48.301    7.599   24.833
  47.554    7.660   23.459
   3.531   13.881   26.738
   3.159   14.168   25.472
   3.787   15.199   25.041
   4.600   15.708   25.878
   4.421   14.709   27.197
   5.131   15.424   27.471
   4.446   14.185   28.138
   3.637   15.568   24.102
   4.462   15.815   25.410
  42.877   12.241   13.606
  43.008   11.763   14.862
  44.207   11.928   15.283
  44.986   12.489   14.447
  43.983   12.742   13.143
  44.917   13.118   12.866
  43.501   12.987   12.212
  44.497   11.628   16.213
  45.035   12.312   14.912
  21.195   50.000    5.465
  22.206   49.865    6.349
  23.206   49.278    5.802
  23.028   48.961    4.582
  21.483   49.508    4.296
  21.810   49.086    3.399
  20.513   49.789    3.922
  24.065   49.088    6.317
  23.403   48.911    4.910
  26.379   19.272   39.085
  26.323   20.075   38.001
  25.313   20.861   38.075
  24.607   20.713   39.124
  25.409   19.492   39.921
  24.595   19.745   40.525
  25.781   18.724   40.579
  25.106   21.542   37.345
  24.586   21.011   38.723
  13.922   36.985   46.670
  13.219   35.881   47.001
  14.009   34.918   47.302
  15.246   35.207   47.224
  15.207   36.798   46.738
  16.217   36.547   46.823
  15.387   37.814   46.429
  13.658   34.001   47.580
  14.985   34.798   47.347
  25.793   14.551   13.969
  26.781   13.652   13.772
  27.926   14.228   13.804
  27.879   15.483   14.010
  26.243   15.759   14.141
  26.703   16.687   14.267
  25.239   16.133   14.254
  28.793   13.708   13.675
  28.245   15.150   13.937
  11.683   15.711   22.126
  12.090   15.502   20.856
  11.097   15.184   20.112
   9.979   15.137   20.718
  10.403   15.540   22.276
   9.372   15.380   22.290
  10.478   15.778   23.323
  11.210   14.987   19.118
  10.129   15.059   20.247
  40.627   47.929   38.822
  39.464   47.282   39.050
  38.471   47.987   38.652
  38.792   49.109   38.143
  40.452   49.089   38.262
  40.206   50.000   37.816
  41.515   49.261   38.251
  37.509   47.662   38.742
  38.362   48.870   38.228
   5.944   19.977   40.364
   4.611   20.193   40.372
   3.975   19.081   40.374
   4.719   18.048   40.369
   6.245   18.713   40.361
   6.381   17.677   40.358
   7.296   18.947   40.355
   2.956   19.043   40.380
   4.226   18.128   40.372
  36.047   21.565   39.358
  36.705   22.553   40.002
  37.396   23.247   39.176
  37.312   22.862   37.965
  36.276   21.564   38.078
  36.523   21.649   37.067
  35.632   20.711   37.948
  37.962   24.039   39.480
  37.555   23.228   38.204
  22.645   36.086   35.472
  23.655   36.970   35.616
  23.207   38.171   35.611
  21.944   38.261   35.475
  21.486   36.665   35.365
  20.607   37.223   35.288
  20.999   35.708   35.276
  23.824   38.977   35.709
  22.318   38.588   35.528
   6.491   27.466    9.783
   7.656   26.795    9.906
   8.633   27.612   10.048
   8.298   28.840   10.042
   6.648   28.756    9.839
   6.880   29.772    9.896
   5.589   28.906    9.713
   9.594   27.288   10.157
   8.729   28.591   10.088
  13.086   34.398   31.391
  12.255   34.926   30.467
  11.580   35.892   30.969
  11.835   36.134   32.192
  12.995   34.993   32.543
  12.848   35.535   33.424
  13.743   34.338   32.958
  10.898   36.415   30.419
  11.527   36.329   31.850
  28.370   43.930   38.765
  29.332   44.253   39.656
  29.299   43.459   40.661
  28.393   42.568   40.599
  27.661   42.909   39.144
  27.153   42.085   39.537
  27.066   42.970   38.248
  29.953   43.549   41.439
  28.749   42.687   40.929
  22.523    6.046   24.462
  23.149    7.242   24.429
  22.294    8.196   24.390
  21.080    7.815   24.391
  21.228    6.158   24.447
  20.203    6.355   24.431
  21.119    5.087   24.481
  22.580    9.174   24.360
  21.311    8.258   24.378
  16.572   46.324   42.750
  17.159   47.535   42.642
  18.427   47.408   42.500
  18.839   46.204   42.493
  17.426   45.346   42.685
  18.188   44.636   42.621
  16.633   44.626   42.801
  19.040   48.217   42.402
  19.056   46.653   42.453
   5.400   29.675   22.788
   4.259   29.086   22.371
   3.862   28.219   23.227
   4.610   28.109   24.251
   5.806   29.223   23.937
   6.046   28.795   24.859
   6.656   29.883   23.914
   3.015   27.670   23.085
   4.188   27.890   24.097
  32.217   33.111    0.805
  31.399   32.069    1.068
  30.186   32.467    1.180
  30.026   33.720    1.023
  31.580   34.241    0.732
  30.978   35.093    0.694
  32.499   34.764    0.530
  29.424   31.820    1.378
  29.723   33.334    1.120
  39.433    8.377    5.119
  38.497    9.321    5.354
  37.325    8.865    5.108
  37.304    7.657    4.708
  38.919    7.256    4.707
  38.410    6.404    4.384
  39.899    6.814    4.640
  36.489    9.436    5.229
  36.957    8.007    4.795
   8.384   21.897   30.310
   7.811   23.080   30.618
   6.540   22.950   30.724
   6.113   21.769   30.520
   7.517   20.935   30.198
   6.744   20.236   30.132
   8.301   20.234   29.969
   5.936   23.739   30.953
   5.900   22.207   30.634
  41.486   27.412    9.333
  42.353   27.304   10.362
  42.381   26.100   10.802
  41.608   25.297   10.189
  40.905   26.285    9.049
  40.495   25.336    8.901
  40.350   26.754    8.254
  42.980   25.826   11.581
  41.929   25.257   10.570
  21.196   32.117   27.793
  21.914   31.116   27.240
  23.156   31.239   27.531
  23.430   32.249   28.255
  21.933   32.944   28.472
  22.610   33.548   28.991
  21.067   33.533   28.723
  23.855   30.574   27.200
  23.696   31.878   28.050
  34.802   11.074   23.596
  34.397    9.797   23.770
  34.006    9.609   24.975
  34.083   10.638   25.721
  34.694   11.783   24.680
  34.570   12.265   25.598
  35.080   12.650   24.169
  33.663    8.703   25.295
  33.933   10.165   25.785
  22.452    9.941   38.302
  22.567   10.921   37.381
  21.639   11.792   37.532
  20.837   11.546   38.490
  21.443   10.121   39.101
  20.612   10.357   39.688
  21.680    9.214   39.631
  21.563   12.608   36.927
  20.880   11.909   38.149
  22.632   19.305   28.266
  22.416   18.327   27.362
  22.953   18.626   26.238
  23.553   19.749   26.223
  23.321   20.294   27.778
  23.876   21.033   27.294
  23.278   20.810   28.723
  22.894   18.006   25.430
  23.474   19.386   25.888
   7.773   43.141    2.468
   8.654   42.334    3.096
   9.703   42.989    3.434
   9.681   44.220    3.111
   8.202   44.364    2.363
   8.635   45.314    2.331
   7.297   44.654    1.855
  10.481   42.545    3.921
  10.008   43.921    3.344
  18.317   31.431   41.946
  16.967   31.435   41.953
  16.520   32.634   41.888
  17.423   33.530   41.832
  18.820   32.628   41.876
  19.123   33.625   41.817
  19.819   32.225   41.893
  15.521   32.837   41.882
  16.923   33.532   41.835
  23.012   27.456    5.391
  23.584   28.138    6.406
  24.714   28.621    6.044
  25.038   28.357    4.841
  23.740   27.459    4.314
  24.397   27.520    3.505
  23.004   26.868    3.796
  25.295   29.169    6.679
  25.250   28.610    5.217
   1.840    4.038   33.873
   2.509    2.964   33.403
   1.946    2.510   32.346
   0.909    3.153   31.983
   0.805    4.340   33.146
   0.000    4.498   32.500
   0.571    5.167   33.795
   2.310    1.698   31.847
   1.157    2.756   31.809
  16.375   37.677   19.952
  16.236   38.644   20.884
  17.012   38.425   21.879
  17.722   37.374   21.772
  17.249   36.777   20.292
  17.966   36.111   20.656
  17.078   36.241   19.373
  17.046   39.051   22.684
  17.670   37.732   22.117
  39.028   46.216   42.311
  39.141   45.854   41.015
  37.994   45.862   40.444
  37.030   46.200   41.203
  37.801   46.479   42.651
  36.788   46.667   42.823
  38.112   46.705   43.657
  37.880   45.615   39.461
  37.071   46.066   40.723
  40.790   26.946   26.743
  41.952   27.620   26.604
  42.555   27.714   27.730
  41.943   27.166   28.703
  40.577   26.565   27.967
  40.499   26.306   28.976
  39.644   26.109   27.679
  43.451   28.192   27.823
  42.373   27.416   28.651
  42.781    3.574   26.028
  42.324    2.307   26.124
  43.278    1.508   26.430
  44.411    2.069   26.571
  44.055    3.666   26.266
  45.078    3.633   26.472
  44.025    4.730   26.103
  43.124    0.506   26.547
  44.242    1.600   26.607
  19.150    9.594   25.541
  19.260   10.907   25.249
  20.400   11.358   25.625
  21.153   10.491   26.175
  20.212    9.120   26.122
  21.107    8.838   26.581
  19.763    8.143   26.180
  20.665   12.333   25.488
  21.194   10.978   26.067
  36.934   17.803   37.764
  37.383   19.035   37.442
  37.417   19.183   36.169
  37.032   18.165   35.510
  36.653   17.084   36.717
  36.458   16.591   35.818
  36.359   16.259   37.344
  37.731   20.052   35.737
  37.198   18.621   35.391
  16.709    8.082   31.411
  15.476    7.596   31.664
  14.668    8.547   31.954
  15.192    9.707   31.941
  16.769    9.376   31.524
  16.713   10.412   31.640
  17.816    9.365   31.268
  13.688    8.372   32.176
  14.736    9.526   32.034
  49.002   19.261   33.182
  48.004   19.836   32.479
  47.087   20.263   33.266
  47.314   20.055   34.501
  48.787   19.282   34.464
  48.522   19.349   35.471
  49.722   18.777   34.644
  46.250   20.728   32.915
  46.944   20.268   34.240
  12.861   32.799   36.215
  13.223   33.609   37.232
  14.419   33.348   37.612
  14.985   32.410   36.963
  13.803   31.968   35.878
  14.619   31.346   35.685
  13.176   31.546   35.111
  14.867   33.859   38.372
  15.119   32.710   37.340
  43.124   14.992   40.271
  41.775   15.045   40.286
  41.278   13.864   40.318
  42.143   12.930   40.329
  43.577   13.774   40.293
  43.837   12.763   40.313
  44.591   14.134   40.273
  40.271   13.704   40.333
  41.643   12.950   40.334
   3.037   11.991    6.802
   3.236   12.415    5.536
   3.426   11.419    4.752
   3.386   10.283    5.325
   3.086   10.697    6.909
   3.145    9.654    6.889
   2.897   10.762    7.967
   3.595   11.544    3.754
   3.460   10.440    4.856
  40.351   44.462   42.214
  39.418   44.199   43.153
  39.349   42.939   43.379
  40.153   42.235   42.687
  40.939   43.387   41.779
  41.349   42.469   41.497
  41.550   43.972   41.112
  38.698   42.549   44.060
  39.808   42.138   43.035
  38.204   19.838   12.521
  37.208   20.632   12.969
  37.457   21.860   12.701
  38.557   22.053   12.090
  39.154   20.507   11.938
  39.859   21.134   11.491
  39.698   19.598   11.746
  36.816   22.609   12.963
  38.188   22.347   12.255
   3.882   25.445   32.000
   4.872   26.234   32.470
   5.489   25.655   33.433
   5.045   24.499   33.724
   3.803   24.311   32.632
   3.823   23.435   33.199
   2.974   24.008   32.015
   6.270   26.099   33.916
   5.411   24.791   33.899
  13.162    9.635   33.899
  12.251    8.704   34.255
  11.484    9.155   35.177
  11.743   10.347   35.542
  13.035   10.741   34.570
  12.851   11.582   35.160
  13.864   11.176   34.039
  10.732    8.593   35.575
  11.405   10.002   35.674
  14.772   22.403   36.970
  14.593   21.280   36.242
  13.779   20.486   36.833
  13.333   20.919   37.943
  14.084   22.399   38.073
  13.495   22.299   38.929
  14.467   23.371   38.334
  13.521   19.584   36.433
  13.266   20.504   37.674
  18.769   47.466   23.578
  19.851   46.767   23.981
  19.553   46.006   24.969
  18.338   46.077   25.340
  17.709   47.197   24.282
  16.920   46.913   24.903
  17.127   47.891   23.699
  20.245   45.401   25.410
  18.739   45.818   25.489
  43.900   25.505   15.133
  43.292   24.392   14.672
  44.137   23.437   14.545
  45.329   23.741   14.872
  45.174   25.334   15.330
  46.182   25.094   15.455
  45.275   26.353   15.662
  43.861   22.515   14.208
  45.103   23.329   14.701
   3.741   10.659   38.395
   2.575   10.083   38.033
   1.800   10.943   37.483
   2.288   12.116   37.403
   3.787   11.924   38.100
   3.725   12.928   37.823
   4.780   11.999   38.512
   0.872   10.692   37.143
   1.856   11.903   37.268
  10.166   10.440   28.291
   9.897   11.631   27.715
   8.634   11.774   27.546
   7.934   10.790   27.947
   9.092    9.745   28.527
   8.175    9.269   28.674
   9.682    8.947   28.946
   8.240   12.614   27.124
   7.835   11.231   27.734
   3.932   24.095    6.285
   4.553   25.172    6.813
   5.728   24.860    7.219
   6.040   23.639    7.041
   4.670   23.025    6.321
   5.339   22.227    6.396
   3.888   22.451    5.854
   6.349   25.545    7.648
   6.270   24.037    7.236
  40.122   43.758   20.343
  39.627   45.012   20.415
  40.301   45.806   19.668
  41.261   45.252   19.042
  41.145   43.670   19.546
  41.955   43.704   18.888
  41.233   42.616   19.750
  40.074   46.797   19.592
  41.078   45.716   19.069
  42.780   24.654   18.723
  41.555   24.941   18.233
  41.627   25.875   17.359
  42.804   26.313   17.152
  43.714   25.386   18.193
  44.387   26.021   17.709
  44.461   24.894   18.792
  40.800   26.228   16.878
  42.350   26.419   16.971
  16.028   36.678   32.201
  15.702   35.380   32.378
  16.606   34.618   31.883
  17.582   35.236   31.350
  17.161   36.829   31.582
  18.077   36.843   31.082
  17.065   37.900   31.636
  16.533   33.601   31.922
  17.462   34.755   31.416
  23.248   16.512   39.741
  23.108   15.475   38.888
  22.422   14.537   39.428
  22.035   14.785   40.615
  22.660   16.304   40.881
  22.158   16.041   41.758
  22.977   17.269   41.239
  22.211   13.671   38.934
  21.983   14.401   40.299
  47.903   17.354   17.013
  47.070   17.259   15.955
  45.987   16.661   16.287
  45.938   16.298   17.506
  47.406   16.822   18.090
  46.920   16.370   18.896
  48.292   17.081   18.645
  45.236   16.496   15.617
  45.629   16.263   17.114
  14.893   14.418   19.506
  13.545   14.425   19.559
  13.091   13.229   19.634
  13.987   12.325   19.643
  15.389   13.217   19.544
  15.686   12.217   19.581
  16.390   13.612   19.486
  12.091   13.034   19.683
  13.488   12.328   19.662
  39.618   48.224    6.760
  39.005   47.946    7.930
  39.676   47.079    8.595
  40.741   46.683    8.021
  40.720   47.552    6.601
  41.586   46.969    6.570
  40.883   48.016    5.643
  39.367   46.744    9.508
  40.513   46.581    8.454
   5.517   43.507   32.514
   5.954   42.231   32.472
   7.161   42.154   32.897
   7.665   43.266   33.255
   6.416   44.329   32.969
   7.202   44.903   33.345
   5.738   45.158   32.854
   7.661   41.266   32.939
   7.826   42.794   33.240
  16.068   48.401    2.141
  14.895   47.781    1.890
  13.992   48.177    2.709
  14.390   49.042    3.553
  15.990   49.233    3.137
  15.824   49.873    3.945
  17.029   49.492    3.022
  13.038   47.818    2.673
  13.955   48.812    3.460
  24.405   47.969   29.956
  24.322   48.525   28.729
  25.286   49.348   28.542
  26.085   49.456   29.527
  25.427   48.401   30.633
  26.272   48.809   31.091
  25.158   47.776   31.468
  25.390   49.867   27.670
  26.054   49.662   29.072
  29.641   26.503   17.991
  29.122   26.074   19.162
  29.849   26.461   20.144
  30.869   27.144   19.808
  30.733   27.191   18.150
  31.597   27.727   18.384
  30.817   27.331   17.086
  29.614   26.232   21.110
  30.677   26.985   20.242
   4.923    3.999   30.529
   6.169    4.344   30.141
   6.980    4.290   31.132
   6.446    3.932   32.231
   4.857    3.701   31.792
   4.910    3.483   32.812
   3.802    3.502   31.706
   7.969    4.518   31.032
   6.907    4.060   32.087
  38.020   33.499    6.529
  38.174   32.218    6.134
  37.052   31.599    6.166
  36.069   32.310    6.552
  36.790   33.783    6.839
  35.778   33.908    7.063
  37.067   34.796    7.077
  36.970   30.618    5.900
  36.126   31.836    6.405
   6.818   17.437   24.850
   5.857   18.320   25.195
   6.352   19.495   25.325
   7.604   19.567   25.107
   7.989   17.990   24.737
   8.882   18.528   24.673
   8.429   17.042   24.477
   5.776   20.296   25.583
   7.248   19.894   25.234
   6.220    9.433   11.023
   5.903   10.745   10.981
   4.631   10.901   10.975
   3.967    9.815   11.009
   5.170    8.666   11.046
   4.269    8.140   11.062
   5.794    7.788   11.074
   4.202   11.825   10.946
   3.850   10.301   10.994
  10.103   37.909   35.937
  10.502   36.619   35.939
   9.574   35.862   36.395
   8.512   36.476   36.736
   8.894   38.059   36.392
   7.922   38.073   36.772
   8.952   39.123   36.239
   9.692   34.852   36.473
   8.660   35.998   36.737
  38.557   41.968    5.934
  38.583   43.297    6.170
  39.429   43.874    5.401
  40.041   43.089    4.607
  39.386   41.610    4.998
  40.078   41.427    4.239
  39.087   40.581    5.105
  39.588   44.881    5.435
  40.050   43.582    4.695
  23.635   27.126   26.974
  24.099   27.453   28.199
  23.468   28.467   28.664
  22.569   28.927   27.890
  22.677   27.910   26.577
  21.919   28.591   26.352
  22.595   27.366   25.651
  23.681   28.859   29.580
  22.741   29.048   28.343
  24.105   32.030   15.764
  22.796   32.359   15.789
  22.607   33.396   16.517
  23.665   33.873   17.040
  24.837   32.835   16.474
  25.334   33.536   17.068
  25.725   32.282   16.216
  21.679   33.795   16.655
  23.180   33.995   17.049
  23.014   15.758    7.516
  22.176   15.346    8.491
  22.783   15.308    9.619
  24.006   15.657    9.571
  24.210   16.010    7.958
  25.135   16.184    8.410
  24.535   16.282    6.968
  22.310   15.019   10.475
  23.695   15.504    9.932
  17.425    0.727   10.291
  17.381    0.025    9.139
  18.189    0.522    8.278
  18.835    1.539    8.687
  18.264    1.719   10.240
  18.959    2.485   10.098
  18.022    1.995   11.253
  18.293    0.124    7.345
  18.819    1.279    8.261
  22.516   34.017   48.654
  21.566   34.807   49.198
  21.108   35.626   48.326
  21.635   35.517   47.173
  22.726   34.280   47.398
  22.819   34.568   46.399
  23.477   33.510   47.347
  20.381   36.304   48.554
  21.283   35.809   47.374
  17.929   43.131   39.497
  16.756   42.670   39.980
  16.326   41.697   39.265
  17.079   41.390   38.287
  18.325   42.482   38.442
  18.553   41.902   37.605
  19.207   43.096   38.377
  15.450   41.220   39.477
  16.644   41.219   38.466
  37.992    2.102   32.832
  39.245    2.043   32.332
  39.512    0.857   31.927
  38.565    0.021   32.083
  37.378    0.957   32.780
  36.975   -0.002   32.693
  36.501    1.390   33.230
  40.415    0.618   31.517
  39.028   -0.001   31.897
  22.850    2.859   18.463
  23.219    2.817   19.761
  24.141    3.676   19.994
  24.495    4.358   18.980
  23.512    3.747   17.783
  24.096    4.484   17.329
  22.973    3.487   16.888
  24.548    3.790   20.923
  24.631    4.343   19.461
  48.165   16.425   12.619
  48.419   16.284   11.301
  49.410   17.018   10.953
  49.920   17.699   11.900
  48.976   17.259   13.199
  49.674   17.941   13.568
  48.486   17.102   14.145
  49.750   17.044    9.991
  50.014   17.647   11.412
  39.300   16.457   32.529
  40.000   16.495   33.682
  40.663   15.410   33.842
  40.518   14.561   32.905
  39.470   15.345   31.877
  39.672   14.422   31.433
  38.808   15.683   31.097
  41.253   15.255   34.659
  40.777   14.575   33.332
  14.940   44.663    4.395
  15.443   45.418    5.394
  15.798   44.680    6.380
  15.603   43.435    6.203
  14.941   43.394    4.677
  14.985   42.402    4.999
  14.505   43.165    3.719
  16.202   45.074    7.230
  15.789   43.714    6.574
  18.180   42.674   47.491
  16.957   42.542   48.048
  17.025   41.851   49.125
  18.197   41.454   49.423
  19.108   42.076   48.177
  19.776   41.566   48.796
  19.855   42.389   47.467
  16.198   41.646   49.686
  17.744   41.405   49.629
  46.853   31.672   22.211
  45.788   30.950   22.618
  46.150   29.772   22.968
  47.399   29.550   22.857
  47.966   31.002   22.274
  48.800   30.381   22.362
  48.516   31.850   21.901
  45.481   29.080   23.305
  47.004   29.283   23.008
  41.236    9.099   40.081
  41.558    7.788   40.095
  42.902    7.346   40.141
  43.236    5.987   40.155
  42.238    5.021   40.124
  40.915   10.410   40.067
  39.571   10.852   40.021
  42.836    4.560   41.046
  42.896    4.555   39.247
  41.410    4.199   40.099
  38.913   11.318   40.898
  38.973   11.314   39.099
  39.913   11.554   40.031
  29.630   25.241    7.618
  29.415   24.083    8.279
  30.080   22.885    7.928
  29.856   21.684    8.613
  28.960   21.640    9.673
  29.846   26.398    6.958
  29.181   27.597    7.309
  29.856   21.096   10.239
  28.525   20.692    9.097
  28.210   21.589   10.565
  29.616   28.545    7.885
  28.284   28.141    6.743
  29.604   27.880    6.716
  14.917   42.769   28.795
  15.765   41.735   28.983
  17.167   41.913   29.031
  18.046   40.841   29.226
  17.553   39.551   29.380
  14.070   43.803   28.607
  12.668   43.624   28.559
  18.271   39.529   30.330
  18.364   39.281   28.550
  17.152   38.464   29.511
  11.856   43.894   29.389
  11.949   43.646   27.608
  12.680   44.398   28.452
  16.645   45.617   16.339
  15.534   45.370   15.612
  15.247   46.075   14.419
  14.096   45.819   13.665
  13.190   44.850   14.077
  17.755   45.863   17.066
  18.043   45.159   18.259
  13.282   44.471   12.951
  12.386   45.711   13.899
  12.421   44.039   14.412
  18.847   44.297   18.437
  17.951   45.538   19.385
  18.674   45.619   18.253
  40.810    9.320   19.946
  41.281    8.444   20.859
  41.978    7.271   20.484
  42.466    6.363   21.431
  42.275    6.595   22.787
  40.340   10.195   19.033
  39.642   11.368   19.408
  43.443    6.372   22.858
  41.888    5.468   22.793
  42.121    6.778   23.929
  40.029   12.495   19.403
  38.474   11.592   19.338
  39.615   11.472   18.635
  29.070   24.165   17.158
  28.007   24.971   16.948
  27.303   25.578   18.015
  26.201   26.413   17.796
  25.763   26.671   16.503
  30.132   23.360   17.369
  30.836   22.753   16.302
  25.792   27.808   16.859
  24.695   26.384   16.946
  25.386   26.896   15.423
  31.904   23.041   15.859
  30.807   21.616   15.946
  31.261   22.461   16.889
  33.571   25.352   26.722
  33.635   26.699   26.786
  34.868   27.390   26.836
  34.934   28.787   26.902
  33.768   29.543   26.920
  33.508   24.005   26.658
  32.274   23.314   26.608
  34.309   30.160   26.056
  34.283   30.076   27.854
  32.798   30.189   26.936
  31.760   22.781   25.675
  31.734   22.697   27.473
  32.746   22.691   26.586
  43.399   36.970   27.988
  44.662   36.509   28.111
  45.780   37.376   28.110
  47.090   36.898   28.238
  47.328   35.536   28.371
  42.136   37.430   27.865
  41.018   36.563   27.865
  48.004   35.876   29.292
  48.122   35.723   27.502
  47.542   34.395   28.483
  40.224   36.377   28.734
  40.342   36.223   26.944
  40.630   37.236   27.782
   3.147   23.079   20.333
   2.394   23.594   21.329
   2.425   24.970   21.658
   1.645   25.504   22.690
   0.806   24.680   23.431
   3.899   22.565   19.338
   3.869   21.188   19.009
  -0.009   25.517   23.196
   1.326   25.209   24.364
   0.098   24.000   24.061
   3.349   20.660   18.076
   4.684   20.351   19.244
   4.390   21.414   18.473
  45.309   29.598   12.512
  46.516   30.110   12.191
  46.652   31.231   11.338
  47.904   31.763   11.005
  49.064   31.192   11.513
  44.103   29.085   12.833
  43.967   27.964   13.686
  49.335   32.316   11.802
  49.421   31.221   10.376
  50.046   30.723   11.932
  43.610   27.935   14.823
  43.696   26.840   13.397
  43.207   28.085   13.548
  21.216   42.061   12.385
  21.471   43.385   12.307
  22.085   44.093   13.366
  22.350   45.466   13.286
  22.009   46.178   12.143
  20.961   40.738   12.463
  20.346   40.029   11.403
  23.129   46.579   12.216
  21.510   46.932   12.919
  21.728   46.789   11.190
  20.845   39.275   10.627
  19.226   39.628   11.330
  20.430   39.430   11.897
  14.172   29.766   37.762
  14.194   29.333   36.484
  14.108   27.959   36.156
  14.131   27.510   34.830
  14.241   28.419   33.785
  14.149   30.200   39.041
  14.235   31.573   39.369
  13.313   27.820   33.338
  15.107   27.689   33.414
  14.333   29.171   32.898
  13.370   32.303   39.740
  15.163   32.173   39.816
  14.184   31.294   40.096
  19.653   18.770   31.461
  19.340   17.886   30.490
  18.325   16.914   30.659
  18.001   15.997   29.652
  18.680   16.019   28.440
  19.966   19.654   32.432
  20.981   20.626   32.263
  17.583   16.003   27.974
  18.797   14.849   28.634
  19.242   16.026   27.419
  20.863   21.796   32.069
  22.077   20.642   32.729
  20.769   20.819   32.989
  44.025   39.354   11.818
  44.013   39.562   13.152
  45.206   39.732   13.895
  45.194   39.948   15.278
  43.989   40.001   15.968
  44.036   39.146   10.484
  42.844   38.975    9.741
  44.443   41.004   16.422
  44.524   39.228   16.700
  42.985   40.047   16.559
  42.309   39.748    9.009
  42.390   37.972    9.287
  43.348   38.906    9.149
  22.614    1.919    7.499
  22.278    1.931    8.806
  21.383    2.888    9.342
  21.035    2.900   10.698
  21.569    1.957   11.566
  22.950    1.907    6.191
  23.845    0.951    5.656
  20.434    1.808   11.896
  21.816    2.908   12.240
  22.010    1.171   12.307
  23.599   -0.001    4.982
  24.981    1.100    5.327
  23.700    1.341    4.995
   1.499   33.973    4.766
   1.360   35.314    4.713
   0.512   36.016    5.602
   0.368   37.407    5.548
   1.066   38.147    4.602
   1.639   32.631    4.819
   2.487   31.929    3.929
   1.367   38.819    5.539
  -0.000   38.631    4.383
   1.647   38.780    3.813
   3.553   31.445    4.148
   2.187   31.258    2.992
   2.228   31.315    4.335
   3.778   32.938   31.547
   3.575   31.728   32.110
   3.217   30.594   31.342
   3.006   29.339   31.925
   3.146   29.172   33.297
   3.981   34.148   30.984
   4.339   35.282   31.752
   3.824   28.244   32.984
   2.083   28.641   33.210
   3.261   29.019   34.447
   5.402   35.813   31.839
   3.661   36.210   32.066
   4.327   35.627   31.052
  23.855   20.010   22.820
  22.908   19.865   23.771
  21.697   19.177   23.524
  20.715   19.027   24.511
  20.909   19.560   25.779
  24.802   20.154   21.869
  26.014   20.842   22.115
  20.586   18.473   26.144
  19.819   20.013   25.614
  21.059   20.003   26.847
  27.104   20.390   22.280
  26.337   21.930   21.750
  26.149   20.653   21.370
   9.272   36.929   20.772
   8.013   37.416   20.780
   6.881   36.566   20.806
   5.575   37.071   20.815
   5.354   38.442   20.797
  10.532   36.443   20.763
  11.663   37.292   20.737
   4.626   38.205   21.710
   4.604   38.179   19.910
   5.155   39.591   20.783
  12.414   37.556   21.625
  12.392   37.530   19.825
  12.043   36.610   20.743
  30.685   34.918   33.181
  31.719   35.703   32.810
  32.601   35.338   31.765
  33.673   36.151   31.380
  33.902   37.360   32.027
  29.651   34.133   33.552
  28.770   34.499   34.597
  33.958   37.793   30.918
  35.020   36.956   32.107
  34.105   38.376   32.561
  27.651   34.902   34.517
  28.713   34.065   35.706
  28.438   33.816   34.413
   3.399   46.357   11.551
   4.478   47.155   11.700
   5.782   46.630   11.861
   6.901   47.457   12.016
   6.755   48.839   12.015
   2.320   45.559   11.402
   1.016   46.084   11.240
   7.644   48.802   11.221
   7.414   48.779   13.007
   6.647   50.000   12.016
   0.358   46.144   10.249
   0.128   46.121   12.034
   0.830   45.326   11.207
  28.145   11.188   17.152
  27.271   12.170   17.461
  27.694   13.496   17.720
  26.788   14.514   18.040
  25.428   14.243   18.114
  29.018   10.206   16.843
  28.595    8.881   16.585
  25.331   15.203   17.413
  25.505   14.807   19.161
  24.283   14.030   18.179
  28.518    8.317   15.538
  28.692    7.921   17.286
  29.362    8.769   16.484
  13.715   45.057   33.729
  13.939   46.282   33.209
  15.205   46.661   32.701
  15.438   47.932   32.162
  14.414   48.870   32.112
  13.490   43.831   34.248
  12.224   43.453   34.756
  14.753   48.987   30.975
  15.225   49.591   32.604
  13.563   49.666   32.063
  11.413   42.732   34.264
  11.886   43.336   35.892
  12.600   42.782   34.896
  35.352   16.551   30.207
  34.568   15.459   30.329
  33.156   15.550   30.371
  32.343   14.418   30.498
  32.912   13.154   30.586
  36.137   17.643   30.085
  37.548   17.551   30.042
  32.124   12.882   29.733
  32.189   13.036   31.525
  33.376   12.087   30.661
  38.272   17.668   29.103
  38.336   17.822   30.895
  37.491   18.327   29.978
  42.602    1.221   21.526
  41.393    1.166   20.927
  41.225    0.647   19.621
  39.971    0.590   19.001
  38.840    1.049   19.665
  43.811    1.277   22.124
  43.978    1.795   23.430
  38.381   -0.001   19.336
  38.645    1.642   18.650
  37.883    1.430   20.210
  44.173    1.201   24.444
  44.438    2.844   23.758
  44.726    1.616   23.290
  18.184   32.813   44.015
  19.364   33.469   43.999
  19.449   34.851   43.707
  20.673   35.532   43.690
  21.854   34.855   43.964
  17.005   32.157   44.031
  16.919   30.775   44.323
  22.047   35.761   44.714
  22.235   35.380   42.965
  22.853   34.299   44.193
  16.538   30.250   45.323
  16.726   29.869   43.574
  16.157   30.907   44.212
  38.757   10.546   21.252
  38.100    9.488   20.732
  36.689    9.388   20.771
  36.007    8.291   20.232
  36.712    7.254   19.634
  39.414   11.604   21.773
  40.825   11.703   21.733
  35.932    7.409   18.746
  36.036    6.565   20.332
  37.291    6.377   19.129
  41.501   12.393   21.034
  41.605   11.548   22.621
  40.682   12.377   22.101
  22.593   22.509   22.389
  21.270   22.244   22.340
  20.743   20.983   22.706
  19.372   20.708   22.655
  18.477   21.685   22.236
  23.916   22.774   22.439
  24.442   24.035   22.073
  17.888   21.387   23.227
  18.065   20.820   21.528
  17.716   22.496   21.886
  24.855   24.901   22.780
  25.032   24.333   21.081
  25.117   23.689   22.259
  12.052   46.319   19.582
  12.503   45.147   20.076
  13.605   44.466   19.506
  14.072   43.250   20.019
  13.453   42.671   21.120
  11.602   47.492   19.088
  10.500   48.172   19.657
  14.566   42.583   21.536
  13.450   41.692   20.439
  12.943   42.173   22.043
  10.503   49.151   20.337
   9.387   48.260   19.241
  10.655   48.682   19.086
  18.299   10.088    4.749
  18.740    8.862    5.103
  18.054    8.060    6.045
  18.512    6.789    6.412
  19.673    6.274    5.849
  17.857   11.313    4.395
  18.543   12.115    3.453
  18.996    5.313    5.653
  19.966    6.046    6.981
  20.646    5.830    5.384
  18.250   12.344    2.320
  19.220   13.076    3.649
  17.959   12.609    3.606
  25.398   12.058   21.623
  26.747   12.028   21.598
  27.530   13.127   22.022
  28.930   13.096   21.996
  29.596   11.963   21.545
  24.048   12.088   21.648
  23.265   10.989   21.225
  30.218   12.086   22.554
  30.202   12.744   20.879
  30.168   11.019   21.169
  22.660   10.208   21.891
  22.644   10.866   20.215
  22.680   11.467   21.418
  41.098   40.033   21.829
  40.259   38.981   21.732
  40.614   37.799   21.040
  39.744   36.707   20.940
  38.486   36.758   21.528
  41.938   41.086   21.926
  41.583   42.268   22.619
  38.796   35.700   21.978
  38.114   36.384   20.459
  37.427   36.788   22.016
  41.954   42.642   23.687
  41.272   43.326   22.168
  42.298   42.487   22.396
  40.232   21.736   18.810
  39.157   21.113   18.283
  39.273   20.188   17.218
  38.158   19.541   16.672
  36.887   19.796   17.171
  41.307   22.360   19.336
  41.191   23.285   20.401
  36.805   18.607   17.208
  36.608   19.948   16.023
  35.814   20.000   17.581
  41.470   23.133   21.550
  41.273   24.473   20.364
  41.966   23.321   20.314
  15.705   11.116   10.452
  14.946   12.229   10.546
  15.497   13.526   10.410
  14.711   14.680   10.507
  13.346   14.579   10.743
  16.463   10.003   10.359
  15.912    8.707   10.495
  13.263   15.328    9.820
  13.565   15.385   11.593
  12.199   14.509   10.941
  15.692    7.901    9.645
  15.995    7.958   11.418
  16.654    8.494   10.375
  12.422   11.210   40.391
  13.715   11.447   40.080
  14.087   12.373   39.078
  15.427   12.619   38.756
  16.443   11.946   39.425
  11.130   10.973   40.702
  10.757   10.047   41.704
  16.901   13.038   39.557
  16.845   11.727   38.324
  17.305   11.389   39.978
  10.355   10.266   42.804
  10.299    8.955   41.572
  10.039   10.273   41.497
  10.916   15.785   31.336
  10.453   14.735   32.048
  11.314   13.729   32.546
  10.834   12.640   33.284
   9.476   12.520   33.551
  11.379   16.834   30.624
  10.518   17.841   30.126
   9.844   12.346   34.671
   9.628   11.408   33.149
   8.339   12.407   33.782
  10.366   18.953   30.528
  10.150   18.015   29.006
  11.189   18.131   29.852
  30.825    5.664   38.068
  31.078    5.684   36.743
  30.417    6.577   35.866
  30.680    6.598   34.491
  31.613    5.727   33.944
  30.571    5.643   39.394
  31.233    4.750   40.271
  32.039    6.714   33.429
  30.744    5.493   33.163
  32.394    5.002   33.471
  32.102    4.985   41.051
  30.807    3.764   40.785
  30.786    5.109   40.802
  15.980   22.284   44.208
  14.962   21.421   44.005
  14.924   20.147   44.621
  13.868   19.252   44.410
  12.812   19.599   43.576
  16.998   23.147   44.411
  17.036   24.420   43.795
  12.141   19.237   44.492
  13.019   18.532   43.088
  11.920   19.877   42.878
  16.829   25.487   44.283
  17.708   24.782   42.879
  17.708   24.473   44.189
  34.392   31.197   23.594
  34.331   30.366   22.532
  35.493   29.811   21.946
  35.430   28.950   20.844
  34.202   28.612   20.289
  34.453   32.028   24.656
  33.290   32.583   25.242
  34.617   27.498   20.374
  34.731   28.910   19.263
  33.178   28.320   19.814
  32.762   32.285   26.268
  32.876   33.697   25.157
  33.816   32.913   25.716
  36.245   16.377   32.324
  36.003   17.703   32.396
  35.896   18.380   33.634
  35.645   19.755   33.709
  35.493   20.503   32.548
  36.487   15.051   32.252
  36.595   14.374   31.013
  36.281   21.229   33.068
  34.511   20.905   33.092
  35.362   21.143   31.582
  37.576   13.972   30.470
  35.806   13.648   30.494
  36.714   13.760   31.480
   3.272   24.342   47.517
   2.602   24.294   46.346
   1.804   25.372   45.894
   1.109   25.322   44.680
   1.186   24.192   43.875
   3.943   24.391   48.687
   4.741   23.313   49.140
   1.424   24.981   43.014
  -0.002   24.281   43.860
   1.242   23.250   43.190
   5.929   23.224   49.155
   4.503   22.524   50.001
   4.862   23.795   49.743
  17.625   31.519   28.495
  18.145   32.601   27.876
  19.203   32.494   26.942
  19.742   33.616   26.300
  19.242   34.884   26.570
  17.106   30.438   29.114
  16.048   30.545   30.048
  19.196   34.975   25.382
  20.391   35.164   26.715
  18.832   35.954   26.786
  14.899   30.265   29.903
  16.095   30.453   31.236
  16.138   29.769   30.078
  27.006    6.134   42.933
  27.618    4.995   43.322
  27.060    3.720   43.070
  27.694    2.539   43.474
  28.910    2.592   44.144
  26.395    7.273   42.543
  26.953    8.548   42.795
  29.243    1.782   43.335
  28.372    1.853   44.909
  29.930    2.621   44.707
  27.491    9.287   42.031
  26.620    9.357   43.604
  26.307    8.786   42.427
  29.669    1.914   37.656
  30.763    1.655   36.909
  31.817    2.589   36.773
  32.953    2.320   35.999
  33.074    1.106   35.334
  28.574    2.174   38.402
  27.520    1.240   38.538
  34.154    1.086   35.839
  33.340    1.794   34.398
  33.189    0.092   34.770
  27.255    0.552   39.474
  26.441    1.260   38.033
  27.220    1.805   38.986
  14.643   47.487    6.117
  15.877   48.034    6.144
  16.076   49.434    6.205
  17.356   50.001    6.233
  18.482   49.188    6.201
  13.409   46.940    6.090
  13.210   45.541    6.029
  18.826   49.849    7.131
  18.830   49.927    5.333
  19.436   48.518    6.174
  12.862   44.802    6.897
  12.867   44.880    5.099
  12.459   45.754    6.037
  33.110   35.849    7.086
  31.779   35.675    7.230
  31.172   35.555    8.503
  29.792   35.375    8.653
  28.969   35.308    7.536
  34.440   36.023    6.941
  35.047   36.143    5.668
  28.319   36.113    8.127
  28.546   34.329    8.067
  28.267   35.250    6.606
  35.470   37.123    5.137
  35.697   35.338    5.077
  35.694   36.211    6.101
  22.633   40.266   13.812
  21.911   41.258   14.377
  20.834   40.994   15.257
  20.086   42.022   15.842
  20.388   43.351   15.570
  23.354   39.275   13.247
  24.431   39.538   12.368
  20.353   43.467   16.755
  19.219   43.437   15.358
  20.631   44.470   15.349
  25.600   39.452   12.580
  24.466   39.422   11.182
  24.470   38.758   12.353
  25.475   31.988   48.447
  25.515   30.643   48.557
  25.660   29.802   47.429
  25.702   28.407   47.544
  25.601   27.804   48.791
  25.434   33.333   48.336
  25.289   34.174   49.464
  26.565   27.201   48.434
  24.775   27.133   48.255
  25.517   27.285   49.832
  26.115   34.846   50.000
  24.325   34.777   49.822
  25.322   34.733   48.919
  47.166   44.896   28.383
  47.490   45.629   29.470
  46.569   46.513   30.080
  46.905   47.273   31.207
  48.174   47.176   31.764
  46.842   44.164   27.297
  47.763   43.279   26.686
  47.574   47.035   32.783
  48.145   48.366   31.715
  49.236   47.104   32.241
  47.792   42.089   26.735
  48.363   43.421   25.667
  47.160   43.152   26.206
  13.223   25.658   45.558
  14.495   25.958   45.899
  14.897   27.278   46.210
  16.216   27.588   46.564
  17.179   26.589   46.618
  11.952   25.359   45.217
  11.549   24.039   44.905
  17.419   27.059   47.686
  17.816   27.347   45.954
  17.998   25.760   46.667
  10.913   23.281   45.569
  11.309   23.569   43.837
  10.858   24.387   44.805
  11.826    3.239   33.440
  11.007    2.571   34.280
  11.461    1.484   35.063
  10.611    0.791   35.935
   9.278    1.162   36.054
  12.645    3.906   32.599
  12.191    4.994   31.816
   9.510    1.135   37.223
   9.075   -0.001   35.896
   8.156    1.463   36.164
  12.394    6.158   31.974
  11.959    5.021   30.648
  12.934    4.992   31.575
  35.251   19.736    4.500
  36.192   18.783    4.664
  35.867   17.405    4.692
  36.844   16.416    4.862
  38.179   16.769    5.011
  34.309   20.690    4.336
  34.634   22.067    4.308
  38.355   15.948    4.165
  38.134   16.037    5.949
  39.304   17.051    5.136
  34.679   22.800    3.369
  34.458   22.888    5.154
  33.862   22.138    4.209
  34.826    5.001   26.661
  35.282    6.250   26.892
  36.181    6.538   27.946
  36.654    7.834   28.185
  36.244    8.888   27.379
  34.370    3.751   26.430
  33.471    3.464   25.376
  37.410    9.123   27.316
  36.021    9.426   28.419
  35.908    9.783   26.711
  33.694    2.926   24.336
  32.304    3.229   25.439
  33.538    2.739   25.659
  43.861   20.017   34.107
  43.734   20.539   35.345
  43.633   19.723   36.497
  43.501   20.264   37.781
  43.464   21.641   37.960
  43.989   19.495   32.868
  44.089   20.311   31.717
  44.291   21.425   38.790
  42.500   21.400   38.616
  43.432   22.796   38.124
  45.054   20.553   31.060
  43.262   20.528   30.886
  44.134   19.618   31.360
  43.667   28.718    7.256
  42.358   28.884    6.970
  41.397   29.141    7.977
  40.040   29.313    7.680
  39.595   29.233    6.367
  44.976   28.552    7.541
  45.936   28.295    6.535
  39.049   30.261    6.626
  38.782   28.492    6.824
  39.207   29.169    5.269
  46.749   29.037    6.077
  46.482   27.268    6.275
  46.421   28.290    7.147
   9.913   18.069   45.126
  10.030   18.291   46.452
  10.495   19.524   46.969
  10.616   19.754   48.344
  10.277   18.759   49.253
   9.796   17.848   43.799
   9.332   16.615   43.283
   9.650   19.629   49.773
  11.340   19.011   49.728
   9.995   17.933   50.026
   8.268   16.363   42.808
   9.958   15.745   42.763
   9.446   16.979   42.602
   8.381   21.927   13.342
   7.561   22.351   14.326
   6.590   21.504   14.911
   5.740   21.944   15.932
   5.830   23.247   16.405
   9.202   21.502   12.357
  10.173   22.349   11.772
   5.852   22.720   17.474
   4.649   23.249   16.244
   5.895   24.338   16.812
  11.353   22.347   11.934
  10.151   22.877   10.704
  10.322   21.709   11.350
   4.212   33.052   15.388
   5.426   32.483   15.548
   5.922   31.509   14.648
   7.181   30.919   14.814
   7.988   31.281   15.885
   2.999   33.621   15.228
   2.502   34.594   16.128
   8.824   31.404   15.046
   8.082   30.103   16.044
   8.675   31.575   16.780
   2.408   35.772   15.969
   1.666   34.471   16.967
   1.889   34.574   15.645
  15.005    5.824   13.340
  14.488    7.041   13.611
  14.726    7.699   14.841
  14.190    8.961   15.123
  13.397    9.611   14.185
  15.522    4.606   13.068
  15.284    3.948   11.838
  14.119   10.533   14.405
  12.654    9.755   15.105
  12.730   10.167   13.406
  16.028    3.804   10.918
  14.563    3.026   11.618
  15.733    3.400   12.167
  16.529   12.171   34.835
  17.776   11.889   34.401
  18.377   10.626   34.616
  19.670   10.334   34.166
  20.408   11.294   33.485
  15.282   12.453   35.269
  14.680   13.715   35.054
  20.586   10.414   32.701
  21.262   11.002   34.263
  21.038   12.091   32.912
  13.826   14.007   34.277
  14.502   14.595   35.838
  14.088   13.379   35.437
  26.953   12.377    1.301
  28.225   11.972    1.501
  29.242   12.196    0.543
  30.562   11.776    0.750
  30.911   11.116    1.922
  25.680   12.782    1.102
  24.663   12.557    2.059
  31.796   11.913    1.953
  31.415   10.334    1.177
  31.217   10.561    2.900
  24.158   13.339    2.803
  23.777   11.760    2.028
  24.227   12.924    1.525
  49.731    5.574   14.899
  49.474    5.760   13.587
  50.009    4.910   12.590
  49.743    5.104   11.229
  48.933    6.154   10.817
  49.987    5.387   16.212
  49.452    6.237   17.209
  48.378    5.308   10.188
  49.824    6.371   10.056
  48.254    7.032   10.457
  48.561    6.020   17.969
  50.007    7.084   17.838
  49.849    5.757   17.680
  10.541   33.315   30.410
  10.043   33.020   31.629
  10.179   31.734   32.204
   9.663   31.428   33.468
   8.992   32.396   34.204
  11.039   33.611   29.190
  10.902   34.897   28.616
   9.719   32.049   35.081
   8.165   31.546   34.325
   8.426   33.200   34.832
  11.729   35.747   28.495
  10.175   35.244   27.739
  11.296   34.561   28.031
  35.034   40.617   18.973
  34.036   41.414   19.410
  33.294   42.238   18.531
  32.259   43.064   18.984
  31.928   43.096   20.333
  36.033   39.821   18.536
  36.774   38.997   19.416
  30.817   42.941   19.931
  31.995   44.277   20.188
  31.640   43.132   21.462
  36.707   37.816   19.560
  37.885   39.152   19.818
  37.140   38.802   18.754
  21.368   15.025   44.962
  20.404   14.246   45.498
  20.603   12.866   45.740
  19.603   12.059   46.295
  18.369   12.603   46.629
  22.332   15.803   44.427
  22.134   17.183   44.185
  18.553   12.051   47.669
  17.940   11.674   46.019
  17.329   13.047   46.914
  22.563   18.113   44.795
  21.950   17.736   43.145
  22.868   17.135   43.923
  10.701   16.931   37.399
   9.458   17.455   37.342
   8.301   16.642   37.332
   7.012   17.185   37.274
   6.835   18.562   37.224
  11.944   16.406   37.455
  13.101   17.220   37.465
   6.059   18.364   38.107
   6.116   18.306   36.309
   6.672   19.716   37.181
  13.820   17.476   38.380
  13.877   17.418   36.582
  13.459   16.526   37.498
  19.427   17.963    6.052
  18.547   17.968    5.028
  18.342   16.833    4.209
  17.430   16.838    3.147
  16.689   17.980    2.867
  20.306   17.958    7.076
  20.511   19.094    7.895
  15.768   17.223    2.863
  17.065   17.792    1.752
  16.061   18.931    2.620
  20.135   19.282    9.010
  21.432   19.850    7.899
  21.020   18.617    8.246
  44.888   21.732    5.284
  44.645   20.540    4.699
  43.330   20.056    4.500
  43.078   18.820    3.894
  44.132   18.022    3.466
  45.131   22.925    5.868
  46.446   23.408    6.067
  43.508   17.967    2.452
  43.557   17.167    4.064
  45.008   17.343    3.101
  47.021   24.263    5.469
  47.071   23.463    7.081
  46.062   24.013    6.379
  11.577   40.616   17.654
  12.295   39.803   16.851
  13.693   39.954   16.688
  14.438   39.110   15.855
  13.812   38.086   15.156
  10.858   41.430   18.457
   9.461   41.279   18.620
  14.688   37.417   15.608
  14.407   38.534   14.225
  13.299   37.223   14.563
   8.866   40.831   19.550
   8.585   41.948   18.167
   9.557   41.892   19.095
  15.208   10.523   29.447
  15.572   11.605   30.168
  15.057   11.850   31.464
  15.435   12.971   32.212
  16.340   13.888   31.692
  14.844    9.442   28.725
  15.358    9.197   27.430
  16.883   13.752   32.744
  15.524   14.688   32.027
  17.100   14.664   31.267
  16.175    8.396   27.095
  14.815    9.333   26.378
  14.898    8.568   27.482
  43.011   37.295   30.154
  41.790   37.847   29.997
  41.610   39.244   29.853
  40.343   39.817   29.690
  39.210   39.013   29.665
  44.233   36.743   30.311
  44.412   35.346   30.455
  38.953   39.631   28.678
  38.797   39.795   30.464
  38.251   38.351   29.641
  44.825   34.565   29.655
  44.669   34.729   31.441
  45.163   35.555   30.501
  14.987   30.041   41.776
  15.368   29.090   40.897
  16.560   28.347   41.066
  16.955   27.361   40.154
  16.172   27.083   39.041
  14.606   30.992   42.656
  13.413   31.735   42.487
  16.298   25.953   39.397
  17.202   27.189   38.451
  15.524   26.839   38.102
  12.383   31.629   43.077
  13.287   32.866   42.131
  13.652   32.068   43.152
  26.651   43.603   16.865
  27.170   42.722   15.983
  27.078   41.323   16.178
  27.616   40.410   15.264
  28.266   40.862   14.122
  26.132   44.484   17.746
  26.225   45.883   17.551
  27.558   40.081   13.567
  29.118   40.102   14.464
  28.814   41.228   13.160
  25.373   46.642   17.209
  26.933   46.664   18.106
  25.836   45.895   18.228
   2.987   19.471   42.538
   3.795   18.389   42.562
   5.205   18.507   42.598
   6.043   17.386   42.623
   5.501   16.107   42.612
   2.180   20.552   42.514
   0.770   20.434   42.478
   6.237   15.928   43.532
   6.284   15.923   41.733
   5.059   15.027   42.603
  -0.013   20.618   43.357
   0.034   20.613   41.558
   0.811   21.214   42.477
  15.079   28.697    9.087
  16.271   29.312    9.239
  17.490   28.593    9.241
  18.727   29.230    9.399
  18.788   30.609    9.562
  13.886   28.083    8.934
  12.667   28.801    8.933
  19.612   30.542    8.703
  19.489   30.338   10.487
  18.854   31.765    9.699
  11.967   29.072    8.008
  11.844   28.867    9.792
  12.369   28.087    8.830
  41.363   17.568   36.244
  42.037   16.425   36.496
  41.374   15.228   36.856
  42.072   14.043   37.117
  43.458   14.013   37.027
  40.690   18.711   35.993
  41.353   19.908   35.633
  43.264   13.043   36.362
  43.386   13.498   38.099
  44.621   13.973   36.956
  41.425   20.423   34.561
  41.547   20.877   36.298
  40.622   20.181   35.613
  30.749   31.567   25.747
  30.755   31.375   27.083
  30.721   30.082   27.656
  30.728   29.883   29.041
  30.768   30.971   29.904
  30.743   31.758   24.410
  30.777   33.052   23.838
  31.654   30.365   30.420
  29.855   30.418   30.435
  30.801   31.876   30.640
  31.689   33.605   23.307
  29.890   33.659   23.323
  30.759   32.642   23.173
   5.442   11.450   13.472
   4.111   11.332   13.281
   3.481   10.072   13.150
   2.100    9.949   12.952
   1.301   11.083   12.878
   6.773   11.568   13.663
   7.404   12.828   13.794
   0.629   10.503   13.674
   0.880   10.563   11.892
   0.618   12.026   12.814
   7.824   13.348   14.780
   8.075   13.408   12.999
   8.041   12.383   13.869
  32.376   20.337   21.251
  33.669   20.376   21.639
  34.594   19.372   21.267
  35.934   19.412   21.670
  36.397   20.457   22.459
  31.084   20.299   20.862
  30.159   21.303   21.234
  37.266   20.514   21.647
  36.849   19.580   23.128
  36.799   21.329   23.122
  29.707   22.180   20.566
  29.289   21.246   22.047
  29.671   20.859   20.816
  39.474   43.015   35.820
  38.455   43.512   35.086
  37.906   44.792   35.335
  36.850   45.307   34.573
  36.305   44.560   33.536
  40.492   42.518   36.554
  41.041   41.238   36.305
  36.450   45.564   32.911
  35.269   44.834   34.057
  35.839   43.944   32.663
  42.078   40.964   35.785
  40.896   40.234   36.930
  41.501   41.436   36.905
   3.065   26.845   44.709
   3.501   26.917   45.985
   2.713   27.481   47.016
   3.165   27.556   48.339
   4.422   27.069   48.678
   2.629   26.773   43.434
   3.418   26.209   42.403
   3.828   26.511   49.547
   4.544   28.128   49.211
   5.474   26.665   48.976
   3.295   25.151   41.869
   4.011   26.767   41.533
   2.795   26.395   41.970
  31.897   12.525   14.124
  31.489   12.677   15.402
  30.206   13.178   15.725
  29.784   13.336   17.051
  30.629   12.998   18.100
  32.304   12.373   12.846
  33.587   11.872   12.522
  29.679   12.401   18.502
  30.336   14.077   18.512
  31.329   12.718   18.990
  33.880   10.792   12.110
  34.537   12.468   12.120
  33.328   11.978   11.793
  17.088    9.655   28.707
  17.087    8.428   29.272
  15.928    7.617   29.300
  15.927    6.345   29.885
  17.084    5.839   30.463
  17.090   10.881   28.143
  18.249   11.693   28.115
  16.836    4.877   29.806
  16.366    5.603   31.384
  18.049    5.403   30.952
  18.967   11.928   27.194
  18.497   12.655   28.772
  17.767   12.183   27.745
  15.561   35.942   38.009
  16.360   35.933   36.921
  16.141   36.798   35.823
  16.970   36.789   34.695
  18.047   35.914   34.624
  14.761   35.951   39.097
  14.980   35.086   40.195
  18.655   36.892   34.318
  17.598   35.653   33.552
  18.954   35.184   34.552
  15.429   35.347   41.268
  14.372   34.108   40.502
  14.349   35.452   40.473
  42.453   16.923   27.993
  42.706   16.483   26.742
  43.578   15.398   26.490
  43.840   14.942   25.192
  43.240   15.557   24.100
  42.201   17.362   29.244
  41.329   18.447   29.496
  42.964   14.440   23.789
  44.351   15.581   23.668
  42.743   16.063   23.175
  40.218   18.423   29.928
  41.605   19.564   29.808
  41.521   18.292   30.237
  45.316   20.782   15.455
  44.302   19.911   15.263
  42.955   20.335   15.176
  41.904   19.432   14.978
  42.162   18.072   14.860
  46.329   21.653   15.646
  47.677   21.228   15.733
  41.472   18.157   13.892
  41.298   17.969   15.674
  42.365   16.928   14.759
  48.541   21.331   14.919
  48.367   21.143   16.700
  47.800   21.994   15.826
  21.007    9.726   49.102
  21.184    8.388   49.102
  20.093    7.487   49.102
  20.277    6.099   49.103
  21.559    5.563   49.104
  20.829   11.065   49.101
  21.920   11.966   49.101
  21.142    4.902   48.204
  21.142    4.903   50.004
  22.629    5.099   49.104
  22.338   12.626   48.201
  22.337   12.627   50.001
  21.346   12.495   49.101
  35.632   28.561    4.342
  36.473   29.554    3.982
  36.055   30.905    3.920
  36.926   31.935    3.547
  38.247   31.651    3.221
  34.792   27.568    4.702
  35.209   26.217    4.764
  38.488   32.537    3.980
  38.015   32.313    2.258
  39.358   31.426    2.946
  35.441   25.555    5.727
  34.968   25.330    4.005
  34.467   26.108    4.982
  26.625   37.108    9.132
  27.577   37.909    9.655
  27.470   38.449   10.959
  28.457   39.280   11.501
  29.587   39.601   10.760
  25.673   36.307    8.608
  25.780   35.767    7.305
  30.169   39.276   11.747
  29.322   40.717   11.081
  30.540   39.879   10.148
  26.046   34.651    6.983
  25.199   36.092    6.317
  25.092   35.450    7.494
   2.885   19.673   14.133
   3.469   20.885   14.017
   4.701   21.064   13.345
   5.306   22.321   13.225
   4.700   23.444   13.773
   2.302   18.461   14.248
   1.070   18.283   14.920
   4.897   23.915   12.697
   5.779   23.638   14.241
   4.202   24.395   14.229
  -0.009   18.090   14.453
   0.873   17.812   15.997
   1.189   17.538   14.718
   3.803   19.062    3.682
   4.979   19.579    3.268
   5.045   20.733    2.451
   6.264   21.270    2.021
   7.462   20.672    2.393
   2.627   18.544    4.097
   2.562   17.391    4.914
   7.770   21.781    2.699
   7.709   20.744    1.229
   8.474   20.180    2.697
   2.315   17.319    6.077
   2.254   16.281    4.608
   1.794   17.522    4.853
  38.772   44.265   28.043
  39.447   45.252   27.418
  40.818   45.132   27.089
  41.519   46.156   26.440
  40.873   47.337   26.096
  38.097   43.278   28.669
  36.726   43.398   28.998
  41.366   47.144   25.029
  41.810   47.851   26.623
  40.343   48.333   25.802
  35.789   42.884   28.471
  36.233   43.591   30.065
  36.841   42.680   29.284
  43.796   20.738    0.430
  42.725   20.048    0.876
  41.826   19.405   -0.008
  40.716   18.688    0.455
  40.465   18.590    1.818
  44.867   21.429   -0.016
  45.766   22.072    0.868
  40.361   17.426    1.582
  39.364   18.923    1.507
  40.242   18.499    2.959
  46.867   21.739    1.178
  45.870   23.235    1.103
  46.115   22.271    0.198
  43.161   20.149   12.100
  43.773   21.352   12.055
  43.051   22.565   12.163
  43.685   23.812   12.116
  45.063   23.891   11.960
  42.550   18.946   12.145
  43.272   17.734   12.036
  44.995   24.634   12.889
  44.790   24.672   11.101
  46.219   23.973   11.829
  43.545   16.954   12.895
  43.339   16.991   11.107
  42.558   17.426   12.112
  27.000   31.094   31.158
  27.929   32.063   31.019
  27.669   33.254   30.300
  28.632   34.259   30.157
  29.890   34.110   30.727
  26.070   30.124   31.296
  26.330   28.933   32.015
  29.684   35.204   31.153
  30.275   34.422   29.643
  30.950   33.998   31.201
  25.945   28.622   33.099
  26.537   27.840   31.590
  25.594   28.774   31.809
  12.421   35.289    3.968
  13.464   35.801    4.656
  14.795   35.379    4.423
  15.877   35.909    5.136
  15.667   36.881    6.107
  11.378   34.778    3.281
  10.047   35.200    3.513
  16.539   37.457    5.534
  16.348   36.171    6.779
  15.505   37.697    6.924
   9.366   35.910    2.841
   9.176   34.624    4.086
   9.897   34.678    2.952
  36.280   28.197   24.600
  35.138   27.476   24.603
  33.865   28.088   24.524
  32.681   27.341   24.528
  32.728   25.955   24.611
  37.422   28.917   24.596
  38.695   28.305   24.675
  31.985   26.004   23.681
  31.924   26.110   25.477
  32.753   24.792   24.681
  39.499   28.151   23.810
  39.438   28.257   25.606
  38.936   29.047   24.640
  34.607   16.348    2.391
  33.266   16.444    2.280
  32.409   15.354    2.565
  31.017   15.454    2.450
  30.433   16.648    2.045
  35.949   16.251    2.502
  36.806   17.341    2.217
  29.738   16.480    2.999
  29.842   15.949    1.282
  29.928   17.644    1.707
  37.397   18.040    2.980
  37.501   17.509    1.263
  37.356   16.822    2.411
  28.216   12.237   11.480
  29.130   12.504   10.523
  30.521   12.433   10.773
  31.469   12.710    9.781
  31.059   13.069    8.503
  27.302   11.969   12.437
  25.911   12.041   12.187
  31.832   12.229    8.160
  31.834   13.962    8.646
  30.729   13.371    7.426
  25.136   11.147   12.043
  25.138   12.880   12.529
  25.873   11.830   12.938
  23.188   39.834   45.135
  24.507   40.109   45.058
  24.996   41.437   45.021
  26.364   41.723   44.942
  27.293   40.691   44.896
  21.869   39.559   45.212
  21.380   38.231   45.249
  27.828   41.309   45.763
  27.726   41.296   43.966
  28.083   39.834   44.857
  20.947   37.625   46.179
  20.845   37.613   44.382
  20.692   38.598   45.286
  14.933   46.095   48.758
  13.759   46.253   48.110
  12.963   47.412   48.272
  11.746   47.576   47.599
  11.282   46.587   46.740
  16.106   45.937   49.407
  16.902   44.779   49.244
  11.132   47.496   45.985
  10.269   46.711   47.355
  10.881   45.766   46.017
  17.916   44.655   48.630
  17.053   43.870   50.000
  17.364   45.155   49.750
  38.003   43.492   16.099
  38.605   42.411   16.639
  37.881   41.432   17.361
  38.506   40.311   17.921
  39.876   40.130   17.780
  37.401   44.573   15.559
  38.124   45.552   14.838
  39.563   39.033   17.434
  39.842   39.950   18.957
  41.025   39.965   17.669
  38.158   45.732   13.660
  38.437   46.649   15.184
  37.416   45.875   14.773
  32.883   20.917   18.486
  33.622   22.043   18.405
  33.219   23.149   17.619
  33.985   24.318   17.535
  35.182   24.422   18.232
  32.144   19.790   18.568
  32.547   18.684   19.353
  34.731   25.463   18.594
  35.613   24.782   17.181
  36.189   24.522   18.812
  32.116   18.324   20.404
  32.999   17.642   18.991
  31.879   18.383   19.081
  11.716   33.232   33.042
  10.987   34.360   33.180
   9.580   34.330   33.336
   8.824   35.499   33.478
   9.447   36.741   33.470
  12.445   32.104   32.905
  13.851   32.135   32.749
   8.806   36.924   34.458
   8.606   37.013   32.671
   9.957   37.790   33.466
  14.692   31.863   33.548
  14.492   31.952   31.761
  13.758   31.360   32.721
   3.143   26.600    8.205
   3.992   27.579    7.823
   5.162   27.307    7.076
   6.042   28.322    6.680
   5.783   29.644    7.018
   2.295   25.622    8.586
   1.125   25.893    9.334
   5.987   29.844    5.861
   6.915   29.635    7.389
   5.577   30.758    7.295
  -0.008   25.903    8.963
   0.920   25.694   10.491
   1.039   25.119    9.280
  47.189   17.651   37.545
  45.905   17.547   37.950
  45.238   18.607   38.609
  43.907   18.499   39.029
  43.195   17.327   38.806
  48.472   17.755   37.140
  49.139   16.695   36.481
  42.367   18.066   38.372
  42.921   17.427   39.961
  42.587   16.349   38.625
  49.414   16.595   35.326
  49.967   15.956   36.915
  49.729   17.207   36.482
   7.590   34.777   17.557
   7.143   35.923   17.001
   8.027   36.927   16.540
   7.564   38.116   15.963
   6.200   38.343   15.828
   8.037   33.631   18.113
   7.153   32.627   18.575
   6.490   38.618   14.705
   6.458   39.393   16.329
   5.058   38.547   15.708
   6.896   31.577   18.073
   6.864   32.352   19.698
   7.823   32.270   18.758
  35.669   19.254   11.460
  35.125   20.074   12.384
  35.076   21.477   12.207
  34.512   22.327   13.166
  33.977   21.804   14.336
  36.212   18.434   10.535
  36.261   17.031   10.713
  33.039   22.485   14.058
  34.642   22.642   14.861
  33.525   21.379   15.324
  35.596   16.193   10.188
  37.199   16.351   10.991
  36.609   17.062   10.014
  44.297   43.097   17.172
  43.089   43.598   16.834
  41.913   42.813   16.877
  40.661   43.333   16.527
  40.541   44.656   16.121
  45.504   42.596   17.510
  46.680   43.381   17.467
  39.658   44.685   16.921
  39.929   44.186   15.213
  40.426   45.765   15.779
  47.292   43.851   18.375
  47.563   43.351   16.667
  47.006   42.715   17.713
   2.821    3.985   15.446
   4.031    3.403   15.306
   4.186    1.997   15.257
   5.441    1.394   15.112
   6.586    2.175   15.011
   1.611    4.567   15.585
   1.455    5.972   15.635
   6.815    1.486   14.066
   7.001    1.444   15.856
   7.554    2.818   14.926
   1.040    6.703   14.790
   1.226    6.661   16.580
   0.702    5.780   15.708
   8.151   10.706   30.945
   7.478    9.554   30.741
   8.121    8.293   30.781
   7.424    7.098   30.569
   6.059    7.120   30.310
   8.823   11.859   31.150
   8.181   13.119   31.110
   6.015    6.292   31.165
   6.352    6.408   29.401
   4.913    7.124   30.092
   7.888   13.832   32.019
   8.224   13.948   30.255
   8.903   13.373   31.265
   2.219   31.943   36.190
   2.085   32.404   37.452
   3.199   32.590   38.305
   3.060   33.068   39.613
   1.803   33.377   40.116
   2.353   31.483   34.928
   1.239   31.297   34.076
   2.326   34.397   40.441
   2.150   32.708   41.039
   0.753   33.640   40.550
   0.891   31.965   33.153
   0.715   30.277   33.751
   1.793   31.063   33.578
  17.014    8.750    8.105
  17.126    7.408    8.004
  15.993    6.565    7.923
  16.109    5.173    7.819
  17.363    4.576    7.792
  16.901   10.091    8.205
  18.034   10.935    8.286
  16.929    4.007    6.840
  16.902    3.871    8.635
  18.410    4.062    7.769
  18.496   11.641    7.444
  18.469   11.504    9.238
  17.486   11.490    8.320
  11.031    8.447   23.356
  10.198    7.993   22.396
   9.246    8.834   21.771
   8.382    8.364   20.775
   8.439    7.037   20.368
  11.864    8.900   24.317
  12.816    8.060   24.942
   8.470    7.509   19.274
   7.259    7.071   20.531
   8.476    5.925   20.017
  13.996    8.025   24.778
  12.784    7.587   26.035
  12.982    8.716   25.331
  37.923   27.214   16.460
  37.887   25.899   16.158
  39.033   25.075   16.254
  38.995   23.711   15.940
  37.810   23.123   15.518
  37.959   28.529   16.763
  36.813   29.353   16.666
  38.070   22.308   16.348
  38.489   22.690   14.640
  36.821   22.616   15.163
  36.134   29.785   17.545
  36.553   30.167   15.836
  37.315   29.899   16.912
  15.469   34.236   34.993
  14.563   34.707   35.876
  13.564   35.637   35.501
  12.624   36.125   36.417
  12.649   35.701   37.739
  16.376   33.766   34.110
  17.375   32.836   34.485
  11.486   35.510   37.564
  12.593   36.867   37.978
  12.659   35.353   38.852
  17.430   31.670   34.246
  18.538   33.027   34.660
  17.571   32.905   33.732
   5.764   43.229   30.135
   4.513   43.735   30.150
   4.266   45.123   30.278
   2.969   45.648   30.294
   1.871   44.804   30.182
   7.016   42.723   30.120
   7.262   41.336   29.992
   1.526   45.577   29.343
   1.477   45.403   31.134
   0.941   44.107   30.089
   7.656   40.737   29.040
   7.607   40.563   30.831
   8.006   41.572   30.035
  19.301    7.460   17.970
  20.070    8.022   17.014
  19.837    7.800   15.636
  20.635    8.383   14.645
  21.696    9.209   14.996
  18.531    6.897   18.925
  18.764    7.119   20.303
  21.214    9.950   14.196
  22.311    8.523   14.240
  22.589    9.905   15.277
  18.149    7.805   21.059
  19.246    6.379   21.103
  18.146    6.647   20.375
  30.502    3.732    6.515
  29.792    4.550    7.320
  28.636    5.229    6.868
  27.899    6.077    7.703
  28.292    6.276    9.020
  31.213    2.914    5.709
  32.369    2.234    6.161
  27.150    6.038    9.261
  28.168    7.429    8.746
  28.611    6.453   10.128
  32.492    1.081    6.436
  33.511    2.473    5.921
  32.367    1.965    5.428
   4.802   18.519   45.335
   4.898   17.180   45.186
   5.972   16.439   45.733
   6.071   15.051   45.578
   5.099   14.355   44.871
   4.707   19.857   45.485
   3.632   20.598   44.938
   5.099   13.643   45.827
   6.035   13.879   44.308
   4.290   13.758   44.280
   2.697   21.074   45.502
   3.632   21.310   43.982
   4.016   21.194   45.267
  43.116   25.493   21.004
  44.086   24.562   21.125
  43.864   23.329   21.783
  44.870   22.363   21.908
  46.133   22.596   21.379
  42.146   26.424   20.884
  42.367   27.657   20.225
  45.989   21.514   20.900
  46.506   22.254   22.457
  47.198   22.778   20.939
  41.994   27.999   19.147
  42.511   28.739   20.704
  41.619   27.773   20.419
  28.895   23.899   19.396
  27.706   23.547   18.862
  26.479   23.861   19.493
  25.246   23.495   18.939
  25.196   22.803   17.736
  30.084   24.252   19.929
  31.312   23.938   19.299
  24.401   23.639   17.437
  24.462   22.079   18.332
  25.140   22.222   16.726
  32.046   24.663   18.703
  32.107   23.102   19.597
  31.604   24.307   19.922
  29.101   34.072   42.858
  28.865   32.930   43.539
  27.566   32.382   43.659
  27.322   31.199   44.366
  28.369   30.521   44.979
  29.336   35.213   42.176
  30.635   35.761   42.056
  27.909   29.573   44.422
  27.645   30.526   45.926
  29.238   29.943   45.498
  31.358   35.756   41.109
  31.094   36.709   42.613
  30.253   36.304   41.645
   0.766   11.388    6.602
   0.992   10.060    6.695
  -0.060    9.132    6.879
   0.174    7.755    6.975
   1.469    7.257    6.889
   0.540   12.716    6.510
   1.592   13.644    6.326
   0.990    6.510    6.094
   1.167    6.664    7.878
   2.550    6.826    6.820
   1.894   14.237    5.337
   2.071   14.391    7.122
   1.001   14.155    6.340
  31.644   13.571   41.374
  31.476   12.232   41.345
  32.567   11.342   41.203
  32.392    9.953   41.173
  31.120    9.405   41.284
  31.812   14.911   41.403
  30.721   15.801   41.545
  31.631    8.718   42.113
  31.448    8.780   40.324
  30.059    8.932   41.376
  30.394   16.426   42.505
  30.211   16.487   40.716
  31.289   16.335   41.505
  24.904   39.249   25.295
  23.598   38.945   25.140
  22.618   39.942   24.919
  21.263   39.627   24.759
  20.840   38.305   24.814
  26.211   39.552   25.449
  27.191   38.556   25.670
  20.276   38.579   23.801
  20.031   38.732   25.577
  20.471   37.200   24.859
  28.000   38.128   24.907
  27.755   38.282   26.684
  27.666   39.176   25.682
  21.999   17.232   46.745
  23.153   17.132   47.439
  24.399   17.502   46.880
  25.595   17.398   47.600
  25.588   16.922   48.905
  20.846   17.332   46.050
  19.599   16.963   46.609
  26.241   17.894   49.126
  26.464   16.215   48.514
  25.595   16.524   50.001
  18.723   17.669   47.000
  18.946   15.991   46.389
  19.339   17.184   45.907
  10.034   28.749   15.115
  10.522   28.846   16.370
   9.679   28.815   17.507
  10.185   28.916   18.808
  11.552   29.050   19.020
   9.547   28.653   13.860
  10.389   28.683   12.724
  11.387   28.162   19.798
  11.222   29.953   19.724
  12.696   29.163   19.212
  10.719   27.780   12.020
  10.554   29.571   11.946
   9.708   28.605   12.349
  37.076   23.528   23.057
  37.536   23.704   21.800
  38.563   24.630   21.500
  39.040   24.812   20.196
  38.508   24.074   19.147
  36.615   23.353   24.314
  35.589   22.427   24.614
  39.651   23.857   18.891
  38.416   25.137   18.617
  38.070   23.461   18.256
  35.680   21.363   25.144
  34.445   22.643   24.870
  35.705   22.694   25.339
  37.459    3.195   43.978
  36.113    3.291   43.928
  35.443    4.527   44.083
  34.048    4.627   44.031
  33.272    3.493   43.822
  38.804    3.099   44.028
  39.475    1.862   43.872
  32.749    4.164   42.987
  32.664    3.894   44.765
  32.610    2.549   43.646
  40.083    1.462   42.929
  39.998    1.192   44.707
  40.105    2.313   43.971
  30.875    8.277   45.243
  31.318    8.462   46.505
  31.288    9.730   47.132
  31.747    9.922   48.440
  32.254    8.853   49.168
  30.432    8.091   43.981
  30.462    6.823   43.354
  31.511    9.245   50.014
  33.160    9.596   49.383
  32.681    7.964   49.791
  29.556    6.080   43.140
  31.205    6.431   42.509
  30.150    7.226   42.763
  11.647   27.561   31.063
  10.354   27.188   30.952
   9.290   28.068   31.260
   7.950   27.681   31.145
   7.626   26.399   30.718
  12.939   27.935   31.173
  14.004   27.054   30.866
   6.897   26.973   29.970
   6.917   26.400   31.676
   7.339   25.327   30.361
  14.713   27.053   29.908
  14.732   26.480   31.614
  14.434   27.674   31.069
  45.749    1.637    4.773
  44.995    2.226    3.821
  43.585    2.109    3.801
  42.804    2.720    2.814
  43.404    3.471    1.811
  46.503    1.047    5.726
  47.913    1.164    5.745
  42.587    4.285    2.111
  42.725    2.810    1.089
  43.895    4.104    0.964
  48.592    1.825    6.468
  48.730    0.350    5.445
  47.835    0.717    6.381
  14.377    4.736   45.474
  13.355    3.873   45.656
  13.571    2.508   45.961
  12.511    1.613   46.150
  11.198    2.051   46.041
  15.399    5.599   45.292
  15.183    6.964   44.987
  11.062    1.494   47.085
  11.078    1.104   45.328
  10.090    2.406   45.952
  15.303    7.911   45.700
  15.319    7.522   43.943
  15.964    6.979   44.991
  18.066   22.339    3.671
  17.018   22.052    2.870
  17.001   20.908    2.038
  15.915   20.610    1.207
  14.805   21.446    1.179
  19.114   22.626    4.473
  19.130   23.770    5.305
  14.199   20.431    1.325
  14.952   21.386   -0.002
  13.868   22.139    1.145
  18.983   23.830    6.486
  19.736   24.785    5.159
  19.831   23.487    5.500
  39.540   44.235   37.886
  40.800   44.610   37.576
  41.924   44.113   38.278
  43.230   44.501   37.957
  43.459   45.400   36.922
  38.281   43.861   38.195
  37.157   44.358   37.494
  44.256   44.588   36.567
  44.135   45.957   37.730
  43.665   46.154   36.057
  36.481   43.801   36.686
  36.360   45.169   37.849
  36.774   43.898   37.995
  39.583    7.119   22.083
  39.144    7.558   20.884
  39.836    7.275   19.682
  39.381    7.730   18.439
  38.218    8.484   18.353
  40.022    6.680   23.282
  39.329    6.962   24.483
  37.931    7.706   17.497
  38.894    9.214   17.697
  37.242    9.118   18.266
  38.653    6.233   25.139
  39.616    7.741   25.339
  39.914    6.548   24.793
  14.008    3.262   27.809
  15.130    4.000   27.666
  15.097    5.414   27.617
  16.260    6.178   27.468
  17.498    5.556   27.362
  12.887    2.525   27.953
  12.920    1.111   28.002
  17.816    6.336   28.206
  17.630    6.270   26.417
  18.543    5.047   27.273
  12.788    0.398   28.947
  12.602    0.332   27.158
  12.148    1.202   28.079
  16.513   25.246   23.964
  17.263   25.891   23.045
  17.224   27.298   22.898
  18.002   27.966   21.945
  18.846   27.251   21.105
  15.763   24.602   24.883
  15.801   23.195   25.030
  19.656   28.055   21.448
  18.324   27.894   20.248
  19.559   26.663   20.393
  16.324   22.552   25.887
  14.992   22.391   24.687
  15.278   23.346   25.590
  29.316    8.199   24.413
  29.306    8.361   23.073
  29.571    7.291   22.185
  29.560    7.459   20.796
  29.284    8.703   20.243
  29.327    8.036   25.753
  29.062    9.106   26.640
  28.515    8.089   19.571
  30.269    8.495   19.606
  29.053    9.742   19.766
  28.077    9.315   27.277
  29.830    9.720   27.313
  29.179    8.551   27.176
  35.774   28.188    2.010
  34.818   27.253    2.190
  33.472   27.472    1.811
  32.480   26.502    1.998
  32.799   25.278    2.572
  36.730   29.124    1.829
  38.076   28.904    2.209
  32.209   24.833    1.636
  31.859   25.507    3.268
  33.052   24.246    3.052
  39.015   28.675    1.512
  38.665   29.348    3.144
  38.162   29.628    1.928
   4.700   47.309   14.168
   5.173   46.073   13.901
   6.557   45.816   13.753
   7.048   44.535   13.475
   6.173   43.465   13.336
   4.226   48.544   14.436
   2.842   48.802   14.584
   6.914   42.928   14.100
   6.787   43.261   12.335
   5.450   42.558   13.216
   2.228   49.005   15.584
   2.102   49.339   13.820
   3.099   49.530   14.703
  23.224   13.544    7.750
  22.876   13.196    9.008
  23.815   12.669    9.926
  23.454   12.308   11.230
  22.143   12.462   11.662
  23.571   13.892    6.493
  22.633   14.419    5.574
  22.650   13.001   12.596
  22.269   11.335   12.029
  21.046   12.585   12.037
  22.506   15.546    5.207
  22.125   13.880    4.641
  23.258   14.435    5.107
  45.573   27.640   28.072
  45.647   28.895   28.563
  46.285   29.941   27.854
  46.362   31.243   28.364
  45.804   31.545   29.600
  45.498   26.384   27.581
  44.860   25.339   28.289
  45.306   32.452   29.008
  46.865   32.045   29.810
  45.340   31.813   30.636
  43.799   24.839   28.078
  45.358   24.432   28.881
  45.076   24.926   27.662
  28.663   39.040   20.685
  29.451   38.418   21.587
  30.420   37.461   21.204
  31.238   36.817   22.140
  31.116   37.106   23.493
  27.875   39.661   19.782
  26.905   40.618   20.166
  32.300   37.229   23.441
  31.075   35.921   23.610
  31.023   37.340   24.632
  26.946   41.803   20.049
  25.721   40.495   20.218
  26.776   40.639   19.396
   9.746   21.566   24.639
   9.926   22.631   23.829
   9.467   22.641   22.490
   9.654   23.746   21.651
  10.306   24.879   22.119
   9.566   20.501   25.449
  10.024   20.491   26.787
   9.366   25.451   21.662
  10.941   24.770   21.117
  10.852   25.837   22.500
   9.390   20.600   27.790
  10.964   19.919   27.245
   9.711   19.775   26.777
  17.823   39.164   13.366
  16.712   39.903   13.572
  16.650   40.901   14.573
  15.498   41.668   14.786
  14.367   41.463   14.006
  18.934   38.425   13.160
  18.996   37.427   12.159
  14.401   42.647   13.876
  13.808   41.426   15.057
  13.410   41.302   13.358
  19.555   37.465   11.108
  18.962   36.243   12.289
  19.721   37.344   12.437
  21.016   24.304   14.873
  19.700   24.301   14.574
  18.791   25.199   15.182
  17.426   25.197   14.871
  16.921   24.296   13.942
  22.333   24.306   15.172
  23.242   23.408   14.565
  16.410   25.266   13.473
  16.113   24.074   14.790
  16.484   23.546   13.164
  24.049   23.630   13.717
  23.752   22.438   15.033
  23.753   23.784   15.020
  46.072   40.952   32.585
  45.495   39.754   32.818
  44.090   39.597   32.879
  43.492   38.354   33.121
  44.277   37.224   33.310
  46.649   42.150   32.352
  48.054   42.307   32.291
  43.549   36.742   32.500
  43.590   37.066   34.270
  44.925   36.268   33.471
  48.742   42.465   31.331
  48.783   42.789   33.101
  47.858   43.051   32.159
  25.146   33.582    8.795
  25.723   34.001    9.941
  24.987   34.660   10.954
  25.585   35.095   12.143
  26.941   34.886   12.361
  24.569   33.162    7.649
  25.305   32.503    6.636
  26.573   34.457   13.410
  26.941   36.044   12.644
  28.078   34.718   12.557
  25.306   31.346    6.353
  25.673   32.933    5.587
  24.609   32.494    6.283
  15.753   37.954   42.903
  16.466   39.091   42.763
  16.067   40.124   41.881
  16.807   41.303   41.737
  17.972   41.493   42.469
  15.040   36.816   43.042
  15.439   35.784   43.924
  17.481   42.546   42.733
  18.435   41.785   41.410
  18.952   41.665   43.077
  14.976   35.492   44.982
  15.931   34.731   43.660
  14.790   35.445   43.651
  43.848   35.114   44.069
  44.818   35.192   43.132
  45.849   36.159   43.199
  46.854   36.241   42.228
  46.864   35.358   41.156
  42.879   35.035   45.005
  41.848   34.068   44.938
  48.006   35.205   41.460
  46.994   36.350   40.508
  46.885   34.623   40.250
  41.718   33.076   45.585
  40.706   34.221   44.633
  41.622   34.418   45.599
   6.918   32.120    9.329
   7.297   32.203    8.036
   8.287   31.352    7.489
   8.679   31.438    6.148
   8.095   32.376    5.306
   6.540   32.038   10.623
   5.550   32.889   11.170
   7.952   31.443    4.578
   9.224   32.635    5.026
   7.613   33.159    4.588
   4.421   32.629   11.450
   5.693   33.822   11.897
   5.707   32.479   11.816
   2.647   28.225   10.453
   2.771   26.881   10.431
   3.935   26.228   10.903
   4.064   24.834   10.879
   3.035   24.044   10.384
   2.522   29.569   10.476
   1.359   30.222   10.004
   3.186   23.438   11.399
   3.906   23.532    9.752
   2.178   23.368    9.970
   0.487   30.734   10.636
   1.208   30.828    8.989
   1.759   30.859   10.216
  23.521    3.116   34.165
  22.516    3.093   33.264
  22.273    1.968   32.441
  21.231    1.944   31.506
  20.395    3.044   31.361
  24.526    3.140   35.066
  24.769    4.264   35.889
  19.527    2.232   31.451
  20.632    2.908   30.202
  19.686    3.960   31.230
  24.532    4.400   37.049
  25.637    5.076   35.799
  25.347    3.811   36.155
  39.489    8.332   27.569
  39.454    6.983   27.586
  38.270    6.260   27.306
  38.233    4.861   27.323
  39.379    4.134   27.621
  39.525    9.682   27.552
  40.709   10.404   27.832
  39.094    3.529   26.634
  38.661    3.562   28.381
  40.333    3.512   27.869
  41.426   10.976   27.072
  40.993   11.009   28.819
  40.240   11.015   27.704
  45.075    9.669   36.637
  43.761    9.938   36.788
  42.756    9.078   36.285
  41.394    9.358   36.442
  40.987   10.508   37.107
  46.389    9.399   36.486
  47.394   10.259   36.988
  40.285    9.755   37.709
  40.291   10.658   36.151
  40.632   11.469   37.663
  48.090   10.109   37.944
  48.096   11.012   36.387
  47.864    9.719   36.677
  31.272   34.488   12.038
  31.602   34.771   13.316
  32.129   36.029   13.694
  32.471   36.323   15.019
  32.297   35.370   16.015
  30.943   34.204   10.760
  30.415   32.946   10.383
  31.753   36.260   16.591
  33.420   35.648   16.297
  32.155   34.579   16.860
  29.292   32.668   10.100
  30.959   32.056    9.807
  30.413   33.279    9.676
  15.677    3.990   16.554
  16.094    5.266   16.406
  17.466    5.605   16.354
  17.899    6.928   16.201
  16.973    7.959   16.095
  15.260    2.715   16.701
  13.887    2.376   16.753
  17.625    8.272   15.148
  17.644    8.472   16.936
  16.207    8.834   16.006
  13.217    1.862   15.912
  13.236    2.063   17.701
  14.178    1.655   16.831
  43.884   48.426   40.301
  42.574   48.590   40.582
  42.049   49.831   41.015
  40.691   50.001   41.307
  39.808   48.937   41.176
  45.194   48.261   40.019
  45.718   47.020   39.586
  39.156   49.722   40.561
  39.465   49.255   42.272
  39.056   48.051   41.071
  46.061   46.702   38.490
  46.370   46.235   40.201
  46.385   47.426   39.576
  36.749    7.252   24.553
  36.993    8.495   25.019
  36.511    9.651   24.359
  36.764   10.941   24.842
  37.508   11.120   26.002
  36.505    6.009   24.087
  36.986    4.853   24.747
  36.604   11.831   26.315
  38.114   11.902   25.337
  38.130   11.285   26.974
  36.380    4.071   25.411
  37.889    4.141   24.433
  36.621    4.494   24.157
  34.878   42.566   43.450
  35.470   43.370   44.358
  36.182   42.854   45.467
  36.796   43.688   46.408
  36.721   45.069   46.275
  34.285   41.761   42.542
  33.573   42.278   41.434
  37.900   45.019   46.442
  36.388   45.031   47.418
  36.665   46.229   46.175
  33.907   42.316   40.290
  32.394   42.327   41.267
  33.470   41.519   41.282
  15.871   24.086   33.091
  14.799   23.335   32.760
  13.500   23.886   32.660
  12.388   23.108   32.317
  12.536   21.751   32.060
  16.943   24.837   33.423
  18.243   24.286   33.522
  11.909   22.001   31.078
  11.624   21.640   32.818
  12.646   20.610   31.842
  19.156   24.396   32.764
  18.870   24.036   34.504
  18.426   25.023   33.705
  16.724   46.815   44.889
  17.904   47.469   44.915
  19.137   46.797   44.740
  20.362   47.475   44.766
  20.397   48.849   44.969
  15.543   46.161   44.864
  14.310   46.833   45.039
  21.108   48.841   44.013
  21.217   48.576   45.790
  20.441   50.002   45.138
  13.490   47.106   44.218
  13.598   46.841   45.995
  14.025   46.111   44.949
  40.166   41.341   10.856
  41.223   41.381   10.017
  42.536   41.644   10.478
  43.632   41.686    9.608
  43.456   41.466    8.248
  39.108   41.301   11.694
  37.796   41.038   11.234
  44.361   40.703    8.386
  44.095   42.466    8.136
  43.322   41.284    7.104
  37.157   40.039   11.346
  36.892   41.801   11.095
  37.628   41.120   11.992
  10.721    5.341   24.031
  10.107    6.543   24.047
   8.813    6.717   24.595
   8.176    7.963   24.612
   8.809    9.081   24.082
  11.336    4.140   24.014
  12.629    3.966   23.467
   8.503    9.584   25.118
   7.776    9.234   23.509
   9.330   10.027   23.641
  13.663    3.813   24.040
  12.935    3.463   22.431
  12.505    3.226   23.684
  31.929    8.665   30.247
  31.100    7.708   29.779
  29.781    7.999   29.358
  28.921    7.006   28.872
  29.351    5.687   28.790
  32.758    9.623   30.715
  34.077    9.332   31.136
  28.924    5.754   27.679
  28.325    5.454   29.350
  29.699    4.577   28.715
  35.103    9.565   30.575
  34.505    9.265   32.246
  34.088   10.100   31.277
   5.750   45.159   36.571
   5.763   46.507   36.500
   4.989   47.311   37.371
   5.002   48.709   37.297
   5.788   49.353   36.350
   5.738   43.811   36.642
   6.511   43.007   35.771
   6.152   50.000   37.282
   4.785   49.951   36.113
   6.443   49.907   35.560
   7.515   42.410   36.008
   6.147   42.361   34.839
   6.181   42.431   36.182
  31.576   32.237   17.377
  31.092   32.936   18.426
  29.757   33.401   18.466
  29.255   34.126   19.554
  30.072   34.411   20.641
  32.059   31.538   16.328
  33.395   31.073   16.288
  29.157   33.986   21.275
  29.668   35.522   20.487
  30.747   34.658   21.560
  33.799   29.962   16.442
  34.310   31.498   15.655
  33.165   30.794   15.596
  19.326   17.528   14.913
  19.719   18.816   14.820
  18.789   19.876   14.701
  19.196   21.213   14.605
  20.547   21.536   14.624
  18.933   16.239   15.005
  19.863   15.179   15.124
  20.213   22.326   15.451
  20.274   22.178   13.659
  21.678   21.821   14.639
  20.136   14.536   16.090
  20.197   14.389   14.297
  19.210   14.750   15.137
  29.683   18.690   20.325
  29.195   19.370   19.265
  29.938   19.534   18.072
  29.432   20.239   16.974
  28.164   20.804   17.029
  30.171   18.011   21.384
  29.428   17.846   22.577
  28.016   20.256   15.981
  28.723   21.778   16.631
  27.102   21.284   17.062
  28.869   16.872   22.974
  29.576   18.394   23.625
  30.068   17.456   22.796
  44.853   41.611   27.479
  46.022   40.946   27.367
  46.072   39.550   27.139
  47.285   38.860   27.023
  48.491   39.541   27.131
  43.683   42.276   27.591
  43.633   43.672   27.819
  48.758   38.963   26.124
  48.763   38.673   27.900
  49.510   40.101   27.219
  43.361   44.540   27.049
  43.366   44.251   28.826
  42.864   43.540   27.799
  12.296   21.959   16.180
  12.998   23.100   16.346
  13.502   23.837   15.248
  14.231   25.020   15.421
  14.481   25.508   16.698
  11.593   20.819   16.013
  11.089   20.081   17.111
  14.077   26.533   16.244
  15.605   25.583   16.307
  14.699   25.929   17.763
   9.966   20.006   17.501
  11.493   19.056   17.564
  10.824   19.617   16.541
  41.145   37.438   13.889
  40.570   36.217   13.936
  40.972   35.234   14.871
  40.377   33.968   14.920
  39.358   33.640   14.034
  41.719   38.659   13.842
  41.317   39.641   12.907
  38.794   33.280   15.020
  40.012   32.662   13.848
  38.501   33.351   13.297
  40.663   40.620   13.093
  41.881   40.002   11.921
  41.873   40.057   13.265
   1.146   39.965   41.269
   1.180   41.315   41.250
  -0.000   42.095   41.240
   0.035   43.494   41.220
   1.253   44.164   41.209
   1.112   38.616   41.289
   2.292   37.836   41.299
   0.769   44.789   42.100
   0.767   44.763   40.301
   2.268   44.738   41.200
   2.778   37.236   42.207
   2.776   37.210   40.408
   1.777   37.249   41.308
  32.854   17.386    0.335
  32.684   18.681    0.674
  31.634   19.465    0.141
  31.458   20.809    0.493
  32.326   21.416    1.391
  33.023   16.090   -0.005
  34.074   15.306    0.529
  31.321   21.770    1.923
  32.384   22.267    0.559
  33.048   21.939    2.144
  34.016   14.455    1.361
  35.079   14.952   -0.004
  33.751   14.757    0.077
  38.304   32.279   39.272
  38.182   33.607   39.062
  39.054   34.314   38.200
  38.928   35.691   37.982
  37.925   36.411   38.619
  38.426   30.952   39.483
  37.554   30.245   40.345
  37.708   36.828   37.524
  38.816   37.148   38.906
  37.087   37.028   39.147
  36.663   29.508   40.058
  37.771   29.829   41.440
  38.000   29.642   40.128
  16.110    0.608   14.611
  17.422    0.919   14.667
  18.285    0.362   15.640
  19.646    0.684   15.698
  20.193    1.576   14.783
  14.797    0.297   14.556
  13.935    0.854   13.583
  21.018    0.726   14.645
  20.647    2.093   15.756
  20.665    2.322   14.022
  13.481    0.337   12.610
  13.111    1.704   13.721
  13.407    0.412   13.951
  37.210   47.348   23.749
  37.616   46.074   23.564
  38.984   45.731   23.454
  39.405   44.410   23.263
  38.472   43.384   23.176
  36.804   48.623   23.933
  35.436   48.966   24.043
  39.172   42.855   23.982
  39.086   43.085   22.199
  37.700   42.513   23.101
  34.822   49.265   25.020
  34.736   49.495   23.237
  35.732   49.684   24.122
  24.641   34.757   19.985
  24.719   34.940   18.650
  25.345   36.076   18.084
  25.426   36.266   16.699
  24.884   35.326   15.831
  24.563   34.574   21.320
  23.937   33.438   21.886
  25.946   35.399   15.296
  24.376   36.278   15.325
  24.433   34.546   15.091
  24.445   32.486   22.392
  22.875   33.365   22.421
  24.145   33.787   22.553
   5.913   11.124   15.675
   5.245   10.061   15.177
   5.872    8.809   14.975
   5.179    7.707   14.458
   3.835    7.819   14.126
   6.580   12.186   16.173
   5.953   13.438   16.376
   3.727    6.822   14.770
   4.181    7.319   13.101
   2.707    7.898   13.843
   5.607   13.938   17.401
   6.061   14.435   15.731
   6.666   13.635   16.628
   2.184    4.843   30.812
   1.970    4.077   29.721
   0.668    3.697   29.316
   0.446    2.903   28.185
   1.517    2.461   27.418
   2.398    5.609   31.903
   3.700    5.989   32.309
   0.871    2.880   26.509
   0.987    1.399   27.525
   2.407    2.083   26.766
   4.229    7.051   32.202
   4.346    5.570   33.218
   3.302    6.348   32.877
  10.816   21.930   39.090
  10.135   21.488   40.169
  10.000   20.110   40.458
   9.294   19.652   41.577
   8.698   20.556   42.447
  11.497   22.371   38.011
  11.632   23.750   37.722
   9.252   19.916   43.285
   7.741   19.860   42.309
   8.193   21.305   43.185
  12.589   24.447   37.860
  11.078   24.391   36.884
  12.036   23.474   37.113
   9.178   17.663   21.917
   8.357   16.944   21.123
   7.147   17.476   20.616
   6.296   16.729   19.792
   6.624   15.425   19.446
   9.998   18.383   22.711
  11.208   17.851   23.218
   6.382   15.796   18.340
   5.508   15.190   19.792
   6.887   14.328   19.147
  12.324   18.085   22.872
  11.450   17.480   24.324
  11.259   18.559   23.544
   9.812   24.376   47.956
  10.769   23.443   47.761
  12.086   23.789   47.376
  13.078   22.821   47.174
  12.788   21.474   47.350
   8.856   25.308   48.151
   7.539   24.963   48.535
  13.777   21.481   48.014
  13.304   21.358   46.282
  12.558   20.340   47.494
   7.023   25.079   49.603
   6.550   24.956   47.871
   7.441   25.737   48.507
  30.955   27.799   36.883
  30.823   29.106   37.195
  31.392   29.659   38.366
  31.256   31.014   38.690
  30.546   31.865   37.852
  31.086   26.492   36.571
  30.517   25.940   35.399
  31.510   32.558   37.953
  30.000   32.190   38.861
  29.952   32.591   37.159
  31.063   25.615   34.391
  29.552   25.247   35.298
  30.843   25.287   35.677
  18.184   42.482    5.313
  18.414   42.921    6.569
  19.516   43.752    6.882
  19.755   44.208    8.184
  18.901   43.848    9.219
  17.953   42.043    4.057
  16.852   41.212    3.744
  18.906   45.016    9.455
  19.912   43.560    9.780
  18.192   43.554   10.097
  15.841   41.500    3.183
  16.847   40.044    3.508
  17.155   41.262    3.026
   3.120   17.724   25.220
   2.473   16.905   26.076
   3.070   16.449   27.275
   2.399   15.600   28.162
   1.106   15.175   27.882
   3.768   18.543   24.364
   3.170   18.999   23.165
   0.888   15.526   28.999
   1.547   14.095   28.128
   0.021   14.811   27.659
   2.730   20.078   22.919
   3.389   18.648   22.048
   3.857   19.363   23.087
   4.326   32.131   21.953
   3.294   31.420   22.452
   2.501   30.576   21.638
   1.430   29.838   22.155
   1.113   29.917   23.506
   5.359   32.843   21.454
   6.152   33.687   22.268
   1.119   28.727   23.443
   0.007   30.101   23.102
   0.836   29.974   24.637
   7.258   33.502   22.671
   6.146   34.876   22.330
   6.520   33.816   21.591
  27.606   45.222    8.834
  28.090   44.788   10.018
  29.460   44.899   10.354
  29.962   44.449   11.581
  29.112   43.872   12.516
  27.122   45.656    7.651
  25.752   45.544    7.315
  29.631   44.636   13.268
  29.940   43.016   12.547
  28.409   43.385   13.309
  24.924   46.400    7.283
  25.232   44.780    6.563
  25.996   45.884    6.655
  44.889    4.689    3.786
  46.139    5.032    3.408
  46.429    5.483    2.099
  47.726    5.839    1.707
  48.778    5.755    2.611
  43.639    4.347    4.164
  43.348    3.895    5.473
  49.010    6.865    2.243
  49.319    5.168    1.727
  49.670    5.690    3.359
  42.806    4.483    6.357
  43.115    2.786    5.841
  42.624    3.852    5.183
  15.525   42.534   11.874
  16.441   43.467   12.210
  16.079   44.678   12.846
  17.028   45.646   13.194
  18.374   45.438   12.919
  14.609   41.600   11.538
  14.972   40.389   10.902
  18.522   45.750   14.059
  18.314   46.532   12.451
  19.506   45.275   12.694
  15.031   39.295   11.369
  14.824   40.077    9.762
  14.202   40.263   10.940
  21.334   19.651   30.023
  21.226   20.996   30.052
  21.045   21.759   28.874
  20.932   23.155   28.904
  20.997   23.836   30.113
  21.442   18.305   29.995
  21.623   17.542   31.172
  20.006   24.367   29.718
  21.791   24.515   29.539
  21.050   24.421   31.121
  20.829   16.864   31.746
  22.614   17.011   31.568
  21.621   16.951   30.662
  37.102   31.650   12.282
  36.133   32.242   13.012
  36.337   33.479   13.667
  35.331   34.093   14.424
  34.086   33.491   14.553
  38.071   31.058   11.552
  37.867   29.821   10.897
  33.678   34.568   14.247
  34.251   33.696   15.715
  33.036   32.996   14.669
  37.702   29.615    9.735
  38.275   28.743   11.202
  38.608   29.936   10.677
   3.760   18.619    9.073
   5.095   18.825    9.064
   6.019   17.753    9.070
   7.402   17.966    9.061
   7.911   19.259    9.047
   2.426   18.414    9.081
   1.502   19.485    9.076
   8.576   18.848    8.147
   8.585   18.865    9.947
   8.352   20.339    9.034
   0.828   19.880    8.176
   0.837   19.896    9.975
   0.985   18.900    9.084
  46.138   38.444   17.973
  45.576   37.251   18.259
  44.178   37.099   18.419
  43.595   35.861   18.716
  44.389   34.731   18.863
  46.700   39.638   17.687
  48.098   39.789   17.528
  43.605   34.241   18.111
  43.768   34.586   19.870
  45.043   33.774   18.990
  48.719   39.934   16.521
  48.882   40.279   18.280
  47.896   40.533   17.401
  19.677   30.714   16.888
  19.204   31.978   16.852
  18.652   32.539   15.675
  18.161   33.850   15.638
  18.205   34.646   16.775
  20.150   29.450   16.924
  20.701   28.889   18.100
  17.060   34.851   16.518
  18.689   35.447   16.038
  18.235   35.325   17.723
  20.217   28.088   18.838
  21.847   28.684   18.358
  20.791   28.269   17.634
  14.297   10.571   18.346
  14.176   11.581   17.458
  13.096   12.495   17.504
  12.972   13.542   16.584
  13.922   13.714   15.585
  14.417    9.561   19.233
  15.497    8.647   19.188
  13.922   14.845   15.960
  12.971   13.775   14.870
  14.713   13.870   14.742
  16.448    8.587   19.903
  15.497    7.516   18.813
  15.129    8.345   19.806
  13.865   39.758   22.123
  14.075   39.040   20.999
  13.769   39.551   19.715
  13.987   38.807   18.549
  14.519   37.526   18.625
  13.654   40.475   23.247
  13.960   39.964   24.531
  15.266   37.927   17.789
  13.605   37.245   17.913
  14.964   36.450   18.675
  14.874   40.245   25.243
  13.213   39.563   25.367
  13.691   40.662   24.756
  43.758    9.007   45.352
  44.556    8.304   44.521
  45.496    7.362   45.003
  46.324    6.633   44.141
  46.243    6.820   42.767
  42.959    9.710   46.183
  42.019   10.652   45.701
  46.181    5.630   42.739
  47.427    6.925   42.842
  46.185    6.968   41.611
  40.835   10.547   45.626
  42.081   11.842   45.729
  41.871   10.734   46.464
  18.579   41.202   26.249
  17.768   42.048   25.578
  16.577   41.607   24.953
  15.736   42.484   24.257
  16.055   43.833   24.163
  19.390   40.357   26.919
  20.580   40.797   27.545
  14.929   43.991   24.517
  15.844   43.668   23.001
  16.311   44.967   24.075
  20.791   40.962   28.706
  21.707   40.639   27.190
  20.633   40.042   27.737
   7.902   22.797   18.267
   7.924   21.825   17.330
   7.350   20.552   17.556
   7.372   19.545   16.584
   7.970   19.775   15.351
   7.881   23.768   19.204
   8.455   25.041   18.978
   6.951   19.334   14.920
   8.521   18.741   15.571
   8.469   19.954   14.312
   7.905   26.075   18.758
   9.475   25.482   19.409
   8.201   25.167   19.706
  39.514   26.963    2.801
  38.511   26.186    2.340
  37.628   26.625    1.325
  36.587   25.819    0.847
  36.393   24.546    1.367
  40.517   27.740    3.262
  41.400   27.301    4.277
  36.362   24.224    0.220
  35.261   24.903    1.472
  36.218   23.475    1.795
  42.532   26.944    4.172
  41.431   27.623    5.424
  41.710   28.009    4.165
  33.281    6.268   46.106
  33.060    7.490   45.576
  34.101    8.261   45.008
  33.872    9.528   44.459
  32.592   10.070   44.458
  33.503    5.046   46.635
  32.461    4.275   47.204
  32.820   10.275   43.307
  33.138   11.027   44.910
  31.523   10.536   44.451
  31.915    3.317   46.751
  32.233    4.070   48.355
  33.045    3.771   47.325
  36.256   15.596   15.430
  35.345   16.545   15.732
  35.517   17.898   15.354
  34.572   18.882   15.667
  33.421   18.548   16.370
  37.168   14.647   15.128
  36.996   13.294   15.506
  32.872   19.151   15.501
  33.725   19.477   17.052
  32.450   18.282   16.959
  36.692   12.366   14.824
  37.545   12.691   16.375
  37.684   13.217   15.144
  11.823   24.975   31.299
  12.608   24.859   30.207
  14.014   24.731   30.304
  14.828   24.611   29.171
  14.264   24.615   27.901
  11.039   25.090   32.392
   9.633   25.219   32.295
  14.933   23.642   27.742
  15.101   25.433   27.674
  13.805   24.618   26.829
   8.796   24.402   32.522
   8.964   26.192   32.453
   9.688   25.243   33.074
   3.991   43.800   28.011
   4.776   44.811   27.580
   5.361   45.740   28.472
   6.174   46.788   28.024
   6.431   46.944   26.668
   3.207   42.790   28.443
   2.622   41.860   27.551
   7.566   47.017   27.025
   6.118   48.075   26.871
   6.655   47.086   25.533
   2.935   40.729   27.347
   1.487   41.787   27.194
   2.336   41.565   28.215
  10.659   10.751   30.661
  10.121    9.852   31.513
  10.496    8.487   31.499
   9.938    7.556   32.382
   8.984    7.955   33.310
  11.198   11.649   29.810
  10.823   13.014   29.824
   9.678    7.368   34.081
   8.373    7.022   32.890
   8.183    8.276   34.094
  11.434   13.947   30.243
  10.129   13.600   29.053
  11.343   13.053   29.242
  10.671   49.052   43.106
  11.969   49.052   43.476
  12.487   49.994   44.397
  13.833   49.994   44.781
  14.710   49.052   44.258
   9.373   49.052   42.736
   8.855   48.109   41.816
  15.008   48.887   45.400
  15.396   50.001   44.041
  15.457   48.266   43.827
   8.169   47.159   42.033
   8.557   48.274   40.674
   8.193   48.502   41.949
  47.399   10.957   24.121
  47.746   11.189   25.405
  46.828   11.713   26.347
  47.187   11.952   27.679
  48.477   11.677   28.116
  47.053   10.726   22.837
  47.971   10.202   21.896
  47.915   11.109   29.001
  48.421   12.780   28.564
  49.555   11.450   28.497
  48.026    9.099   21.448
  48.532   10.770   21.011
  47.354   10.264   21.420
  37.380    8.759   37.407
  37.268    7.416   37.328
  38.398    6.576   37.187
  38.282    5.183   37.105
  37.031    4.580   37.161
  37.492   10.102   37.486
  36.362   10.942   37.627
  37.546    3.886   37.981
  37.410    4.003   36.190
  35.988    4.062   37.206
  35.983   11.519   38.598
  35.847   11.636   36.807
  36.909   11.499   37.622
  12.406   45.495   35.553
  13.359   45.483   36.509
  14.530   44.697   36.392
  15.518   44.684   37.383
  15.371   45.458   38.528
  11.453   45.507   34.597
  10.283   46.293   34.714
  16.480   45.812   38.273
  15.643   44.444   39.091
  15.260   46.102   39.493
  10.011   47.307   34.151
   9.173   45.939   34.968
  10.126   45.974   34.019
  38.243    8.407    8.450
  39.060    9.163    7.686
  40.454    9.232    7.920
  41.301   10.016    7.127
  40.785   10.757    6.072
  37.426    7.652    9.215
  36.032    7.582    8.980
  41.667   10.249    5.453
  41.411   11.645    6.560
  40.365   11.384    5.183
  35.405    6.694    8.492
  35.149    8.090    9.599
  36.061    7.100    9.595
  30.101   16.089   38.555
  28.761   16.089   38.715
  27.898   15.422   37.814
  26.508   15.422   37.980
  25.931   16.089   39.054
  31.442   16.089   38.395
  32.305   16.757   39.296
  25.345   15.063   39.209
  25.226   16.559   38.215
  25.434   16.646   39.950
  33.009   16.287   40.134
  32.890   17.783   39.140
  32.851   16.478   38.812
  17.738   19.763   19.531
  17.045   20.796   19.009
  17.680   21.843   18.299
  16.961   22.915   17.757
  15.581   22.978   17.905
  18.432   18.729   20.054
  17.797   17.683   20.764
  15.594   23.177   16.730
  15.801   24.093   18.265
  14.423   23.044   18.022
  17.576   16.569   20.403
  17.783   17.485   21.939
  18.530   17.420   20.822
  26.774   10.233    5.727
  26.540    8.910    5.604
  27.571    7.991    5.294
  27.328    6.618    5.166
  26.046    6.115    5.343
  27.008   11.557    5.851
  25.977   12.475    6.160
  26.590    5.339    6.066
  26.261    5.561    4.310
  24.974    5.679    5.489
  25.762   13.029    7.193
  25.433   13.251    5.438
  26.565   12.988    6.115
  47.340   21.566   37.359
  47.021   20.407   36.744
  45.774   20.217   36.102
  45.443   19.015   35.465
  46.347   17.960   35.447
  47.658   22.725   37.973
  48.905   22.916   38.615
  46.108   17.946   34.280
  45.412   17.322   35.818
  47.097   17.067   35.425
  49.841   23.554   38.244
  49.144   22.930   39.782
  48.601   23.620   38.763
  38.785   22.289   49.089
  39.915   22.839   48.595
  40.493   24.000   49.160
  41.665   24.570   48.648
  42.301   23.998   47.553
  37.655   21.740   49.583
  37.077   20.578   49.018
  43.273   24.086   48.236
  42.291   25.113   47.130
  42.845   23.529   46.635
  37.087   19.464   49.441
  36.105   20.490   48.335
  36.554   20.691   49.587
  26.659   11.763   27.998
  27.657   12.666   28.102
  27.421   14.059   28.019
  28.456   14.995   28.127
  29.765   14.572   28.321
  25.660   10.861   27.894
  25.897    9.468   27.976
  29.757   15.376   29.200
  30.001   15.312   27.418
  30.868   14.230   28.484
  25.660    8.728   28.880
  25.904    8.663   27.098
  25.123    9.438   27.872
   0.265   12.625   21.537
   0.532   12.184   20.289
  -0.002   10.972   19.791
   0.275   10.516   18.497
   1.095   11.255   17.654
  -0.001   13.065   22.785
   0.533   14.277   23.283
   0.211   11.101   16.871
   1.648   10.212   17.491
   1.783   11.866   16.937
  -0.020   15.320   23.446
   1.417   14.431   24.067
   0.130   14.069   23.919
  33.310   31.740   29.153
  32.857   32.773   28.411
  31.484   33.110   28.355
  31.014   34.181   27.585
  31.900   34.953   26.844
  33.763   30.707   29.896
  35.136   30.370   29.952
  31.339   35.865   27.366
  31.125   34.761   25.960
  32.633   35.608   26.218
  35.912   30.561   30.836
  35.698   29.457   29.431
  34.871   29.812   30.430
  14.056    7.745   21.631
  13.929    6.550   21.015
  14.856    5.500   21.217
  14.724    4.261   20.578
  13.661    4.029   19.715
  14.184    8.939   22.247
  13.257    9.990   22.045
  13.526    3.034   20.357
  14.514    3.639   18.979
  12.774    3.820   18.987
  12.405   10.379   22.781
  13.392   10.985   21.403
  13.729   10.360   22.546
   7.770    9.227    2.920
   7.241   10.443    2.668
   5.844   10.668    2.673
   5.295   11.929    2.412
   6.123   13.010    2.137
   8.300    8.011    3.171
   9.697    7.785    3.167
   5.463   13.559    2.963
   5.394   13.167    1.208
   6.807   13.926    1.906
  10.426    7.629    4.096
  10.357    7.236    2.341
   9.473    7.057    3.339
  41.442   42.194   33.042
  40.733   41.050   33.139
  39.934   40.756   34.270
  39.199   39.569   34.370
  39.236   38.634   33.344
  42.152   43.339   32.944
  42.950   43.633   31.814
  38.049   38.670   33.444
  39.455   37.865   34.228
  39.258   37.840   32.490
  42.731   44.401   30.930
  44.137   43.596   31.714
  43.097   44.284   32.219
  11.187    5.745   41.936
   9.940    6.261   41.931
   8.841    5.561   41.378
   7.547    6.096   41.373
   7.306    7.351   41.920
  12.435    5.229   41.941
  13.534    5.929   42.493
   6.423    6.789   42.489
   6.743    7.549   40.889
   7.090    8.402   42.376
  14.097    5.731   43.524
  14.418    6.490   41.924
  13.919    5.288   42.266
  30.473   33.598   46.734
  30.018   32.424   47.222
  30.137   32.084   48.590
  29.665   30.867   49.096
  29.057   29.946   48.251
  30.928   34.771   46.247
  30.809   35.112   44.878
  28.210   29.933   49.089
  29.810   29.176   48.762
  28.545   29.164   47.554
  30.056   35.881   44.367
  31.657   35.125   44.041
  31.166   35.763   45.119
   6.953   23.112   46.742
   6.656   24.003   45.773
   5.452   23.934   45.033
   5.144   24.858   44.028
   6.029   25.886   43.727
   7.250   22.220   47.711
   8.455   22.290   48.451
   5.059   26.573   43.821
   5.868   25.521   42.604
   6.762   26.754   43.465
   8.615   22.655   49.573
   9.424   21.603   48.357
   8.154   21.658   48.797
  19.213   28.972   41.201
  19.622   30.158   40.704
  19.725   30.393   39.312
  20.150   31.623   38.797
  20.486   32.663   39.654
  18.804   27.785   41.698
  18.700   27.550   43.090
  19.764   33.301   38.954
  21.469   32.725   38.984
  20.772   33.544   40.363
  17.717   27.488   43.761
  19.423   26.912   43.790
  18.467   26.846   42.846
   5.577   18.613   12.263
   5.564   19.368   11.144
   6.485   20.422   10.939
   6.472   21.205    9.779
   5.536   20.961    8.781
   5.590   17.858   13.382
   4.669   16.804   13.587
   6.487   20.987    8.063
   5.347   22.136    8.851
   4.756   20.767    7.936
   4.857   15.630   13.517
   3.718   16.779   14.305
   5.062   16.733   14.258
  38.117   30.918   20.949
  37.871   31.027   22.272
  36.849   31.865   22.778
  36.593   31.978   24.150
  37.350   31.257   25.065
  38.363   30.809   19.626
  39.385   29.971   19.120
  36.287   30.948   25.504
  37.457   32.311   25.610
  37.979   30.658   25.843
  39.278   28.917   18.575
  40.449   30.281   18.680
  39.126   30.247   18.437
  30.515    0.909   13.217
  29.424    1.430   12.615
  29.093    1.130   11.273
  27.962    1.670   10.649
  27.122    2.529   11.346
  31.606    0.388   13.818
  31.937    0.688   15.160
  26.262    1.813   10.936
  27.240    3.218   10.381
  26.408    3.252   11.919
  31.819   -0.001   16.126
  32.796    1.405   15.570
  32.536    0.211   15.007
  47.194    8.679   45.473
  46.677    9.913   45.295
  45.452   10.305   45.885
  44.915   11.585   45.700
  45.584   12.518   44.918
  47.712    7.445   45.651
  48.936    7.052   45.061
  45.407   13.235   45.853
  44.520   12.653   44.400
  46.135   13.311   44.265
  50.001    6.917   45.580
  49.113    6.335   44.126
  48.776    6.382   45.427
  33.973   43.670   23.034
  34.034   44.095   21.754
  33.519   45.351   21.355
  33.582   45.792   20.028
  34.162   44.991   19.052
  33.912   43.246   24.314
  34.427   41.989   24.713
  34.760   45.985   18.777
  33.161   45.226   18.449
  34.646   44.329   18.222
  35.428   41.755   25.315
  33.829   40.996   24.988
  34.172   42.226   25.412
   2.723   20.939   25.683
   3.745   20.692   24.836
   4.082   21.581   23.788
   5.142   21.324   22.909
   5.903   20.170   23.048
   1.701   21.186   26.530
   1.365   20.297   27.578
   6.823   20.925   22.982
   5.699   20.051   21.880
   6.549   19.206   23.153
   1.569   20.416   28.746
   0.445   19.542   27.645
   0.814   20.834   27.714
  21.447    6.102    1.672
  22.289    6.903    2.359
  23.461    7.438    1.773
  24.334    8.268    2.486
  24.067    8.593    3.810
  20.604    5.302    0.984
  19.433    4.767    1.570
  24.270    9.708    3.442
  25.199    8.265    3.983
  23.855    8.873    4.922
  18.300    5.095    1.397
  19.230    3.652    1.939
  19.352    4.449    0.862
  34.364   48.466   40.948
  33.327   48.616   40.097
  32.495   47.532   39.730
  31.420   47.688   38.847
  31.138   48.934   38.301
  35.402   48.315   41.799
  36.234   49.399   42.167
  30.027   48.696   38.660
  31.113   48.333   37.272
  30.890   49.974   37.835
  36.258   50.000   43.195
  37.345   49.637   41.807
  36.588   48.845   42.589
  21.477   36.798    6.884
  22.644   37.398    6.570
  23.560   37.823    7.562
  24.771   38.446    7.235
  25.109   38.665    5.906
  20.309   36.197    7.199
  19.394   35.772    6.207
  26.144   38.167    6.223
  25.334   39.774    6.282
  25.406   38.856    4.794
  19.168   34.664    5.832
  18.358   36.270    5.891
  18.986   35.543    6.833
  48.010   33.554    5.488
  47.076   33.299    6.429
  46.901   34.135    7.557
  45.932   33.872    8.533
  45.103   32.763    8.414
  48.945   33.808    4.548
  49.120   32.972    3.419
  44.235   33.552    8.626
  45.427   32.563    9.543
  44.401   31.836    8.327
  48.796   33.172    2.290
  49.988   32.183    3.207
  49.679   33.492    3.254
  26.167    5.252   45.509
  26.674    5.633   46.701
  28.020    5.381   47.059
  28.545    5.776   48.295
  27.744    6.437   49.217
  25.660    4.871   44.318
  24.315    5.123   43.960
  28.656    7.204   49.264
  28.170    5.623   49.976
  27.083    6.993   50.000
  23.889    5.937   43.201
  23.403    4.357   43.913
  24.533    4.761   43.303
  46.789    8.970   40.929
  47.497    8.488   39.886
  47.745    7.104   39.724
  48.480    6.603   38.642
  48.992    7.469   37.684
  46.081    9.452   41.973
  45.833   10.836   42.135
  48.488    6.710   36.916
  50.005    6.870   37.872
  49.428    8.184   36.872
  44.820   11.435   41.947
  46.337   11.595   42.902
  45.458   10.586   42.772
   4.198   22.384   36.342
   3.726   23.615   36.050
   4.579   24.738   35.934
   4.089   26.014   35.631
   2.729   26.213   35.433
   4.670   21.154   36.634
   3.816   20.031   36.749
   3.087   26.774   34.445
   2.880   27.111   36.201
   1.589   26.393   35.264
   3.665   19.132   35.981
   3.458   19.469   37.737
   4.491   19.667   36.898
   3.770   14.888   30.438
   3.127   13.707   30.318
   1.715   13.624   30.270
   1.048   12.399   30.146
   1.768   11.214   30.065
   4.413   16.069   30.557
   5.825   16.152   30.605
   1.069   11.005   29.124
   1.017   10.851   30.916
   2.361   10.212   29.997
   6.576   16.515   29.755
   6.524   16.362   31.547
   5.672   16.916   30.666
  34.908   40.983   31.871
  33.857   40.253   31.440
  32.654   40.855   31.002
  31.565   40.098   30.555
  31.640   38.711   30.530
  35.958   41.714   32.301
  37.161   41.111   32.739
  31.236   38.839   29.416
  30.593   38.773   31.096
  31.689   37.546   30.504
  38.208   41.048   32.173
  37.565   40.983   33.853
  37.370   41.856   32.848
  21.585   39.236   22.155
  22.666   38.573   22.620
  22.548   37.467   23.495
  23.669   36.780   23.976
  24.947   37.174   23.601
  20.505   39.899   21.691
  20.623   41.005   20.816
  25.092   36.017   23.357
  25.164   37.127   24.772
  26.025   37.495   23.294
  20.405   41.052   19.645
  20.478   42.162   21.060
  19.843   40.992   20.866
  37.457   38.223    4.075
  37.749   37.273    3.161
  38.994   37.233    2.491
  39.297   36.248    1.543
  38.364   35.267    1.232
  37.166   39.173    4.988
  35.920   39.212    5.658
  39.279   34.524    1.409
  38.611   35.572    0.107
  37.590   34.438    0.961
  35.672   38.907    6.783
  35.005   39.955    5.481
  36.242   39.838    5.997
  12.203   13.215   41.271
  11.884   13.306   39.962
  10.619   13.769   39.529
  10.288   13.863   38.172
  11.211   13.498   37.200
  12.522   13.124   42.580
  13.787   12.661   43.013
  10.930   14.554   36.723
  10.301   12.867   36.758
  11.976   13.195   36.373
  14.696   13.292   43.454
  14.067   11.605   43.490
  13.475   12.792   43.717
  22.410   23.374   38.497
  22.693   22.063   38.338
  21.754   21.050   38.647
  22.047   19.691   38.482
  23.290   19.296   38.003
  22.128   24.684   38.655
  23.067   25.697   38.347
  22.645   18.630   37.255
  23.273   18.561   38.941
  24.329   18.951   37.602
  23.084   26.432   37.409
  23.712   26.363   39.094
  22.484   26.161   38.582
  28.679   16.186   12.039
  29.950   15.757   11.894
  31.013   16.286   12.664
  32.332   15.841   12.513
  32.635   14.850   11.588
  27.407   16.616   12.184
  26.344   16.086   11.414
  33.207   14.350   12.505
  33.489   15.608   11.250
  32.903   14.019   10.815
  25.489   15.328   11.752
  25.772   16.586   10.497
  25.928   16.597   11.833
  19.682   34.339   31.730
  19.620   35.639   32.087
  20.721   36.514   31.925
  20.657   37.863   32.295
  19.491   38.385   32.840
  19.743   33.038   31.373
  18.643   32.164   31.535
  19.646   39.239   32.023
  20.226   38.814   33.673
  18.518   38.836   33.298
  17.907   31.735   30.701
  18.487   31.309   32.351
  19.143   31.649   31.226
  23.639   12.163   34.364
  23.885   12.040   33.043
  22.985   11.383   32.170
  23.239   11.256   30.800
  24.403   11.782   30.252
  23.393   12.285   35.686
  24.293   12.942   36.559
  23.657   12.262   29.456
  24.504   10.702   29.758
  25.376   12.218   29.780
  24.193   14.022   37.053
  25.039   12.462   37.354
  23.752   12.751   37.089
   4.850   36.757   34.242
   3.583   36.292   34.263
   3.292   34.907   34.265
   1.977   34.425   34.287
   0.907   35.311   34.306
   6.118   37.221   34.222
   6.409   38.606   34.219
   0.531   34.634   35.211
   0.501   34.636   33.411
  -0.000   36.043   34.322
   6.815   39.281   35.113
   6.785   39.283   33.314
   7.144   38.343   34.206
  41.955    9.135   43.552
  41.832    7.799   43.704
  42.959    6.953   43.841
  42.831    5.568   43.998
  41.573    4.979   44.023
  42.078   10.471   43.401
  40.952   11.317   43.264
  41.986    4.446   45.006
  42.047    4.238   43.219
  40.524    4.471   44.046
  40.478   12.057   44.068
  40.539   11.849   42.281
  41.504   11.867   43.219
  33.467   47.290   28.333
  32.283   46.650   28.219
  31.213   46.888   29.113
  29.985   46.225   28.994
  29.785   45.300   27.977
  34.650   47.929   28.448
  35.721   47.691   27.554
  28.784   45.919   27.788
  29.389   44.607   28.862
  29.603   44.522   27.128
  36.117   48.384   26.669
  36.722   47.072   27.743
  36.075   48.222   28.004
  37.355   24.967    7.024
  36.306   24.127    7.160
  35.323   24.310    8.161
  34.236   23.440    8.301
  34.092   22.355    7.445
  38.403   25.806    6.889
  39.386   25.623    5.888
  32.979   22.762    7.326
  33.940   21.743    8.456
  33.960   21.441    6.733
  39.538   26.235    4.877
  40.500   25.216    6.007
  39.686   26.267    6.214
   5.000   17.933   16.225
   4.161   18.986   16.122
   2.771   18.862   16.360
   1.901   19.954   16.253
   2.389   21.207   15.906
   5.840   16.881   16.327
   7.229   17.004   16.090
   1.763   21.569   16.853
   1.499   21.190   15.113
   2.785   22.265   15.616
   8.119   17.021   16.883
   7.855   16.642   15.143
   7.218   16.242   16.258
  17.563    2.744   32.313
  17.358    2.231   31.080
  17.791    2.898   29.910
  17.579    2.366   28.632
  16.927    1.149   28.479
  17.767    3.256   33.545
  17.334    2.590   34.715
  17.853    0.888   27.777
  16.274    1.747   27.682
  16.381    0.129   28.337
  17.987    1.992   35.513
  16.408    2.851   35.418
  17.653    3.214   35.060
  16.454   20.387   26.255
  15.196   20.491   25.777
  14.561   19.423   25.099
  13.256   19.530   24.604
  12.539   20.709   24.769
  17.713   20.284   26.733
  18.348   21.352   27.411
  11.685   19.981   25.167
  12.329   20.591   23.602
  11.926   21.692   24.900
  18.558   21.469   28.578
  19.202   22.080   27.012
  18.934   20.837   27.451
  39.668   33.824   21.119
  40.659   34.578   21.640
  41.985   34.099   21.756
  43.012   34.882   22.297
  42.750   36.172   22.741
  38.678   33.069   20.598
  37.351   33.548   20.482
  43.701   36.453   22.080
  43.326   35.812   23.720
  42.543   37.256   23.117
  36.775   33.907   19.503
  36.400   33.267   21.143
  37.235   32.838   20.178
   5.908   47.543   46.672
   6.421   46.508   47.371
   7.791   46.442   47.718
   8.322   45.369   48.443
   7.502   44.324   48.848
   5.396   48.578   45.972
   4.026   48.644   45.626
   8.009   44.510   49.911
   8.356   43.642   48.372
   6.825   43.440   49.194
   3.172   49.326   46.102
   3.519   48.458   44.563
   4.251   49.316   45.297
  10.502   47.303   11.938
  10.511   45.965   12.118
   9.432   45.284   12.731
   9.441   43.896   12.918
  10.529   43.140   12.500
  10.493   48.640   11.757
  11.572   49.321   11.144
   9.695   42.460   11.989
  10.469   42.683   13.599
  11.436   42.494   12.154
  11.633   49.779   10.046
  12.406   50.002   11.656
  11.117   49.942   11.277
  28.115   46.917   38.734
  28.808   45.970   38.067
  28.239   45.236   36.999
  28.958   44.254   36.308
  30.272   43.970   36.659
  27.421   47.864   39.401
  27.990   48.597   40.469
  30.472   44.085   35.490
  29.892   42.841   36.654
  31.375   43.723   36.944
  28.370   49.727   40.474
  27.790   48.483   41.638
  27.285   48.932   40.475
  39.019   35.155    4.059
  37.985   34.597    3.395
  36.778   35.299    3.161
  35.705   34.720    2.473
  35.801   33.420    1.992
  40.054   35.712    4.723
  41.261   35.011    4.956
  35.409   33.905    0.977
  34.746   33.282    2.530
  35.868   32.330    1.584
  42.315   35.149    4.418
  41.653   34.526    5.972
  41.457   35.680    5.308
   3.603   13.745   41.568
   2.799   14.047   42.609
   1.604   13.334   42.866
   0.770   13.647   43.946
   1.102   14.684   44.809
   4.406   13.443   40.526
   5.602   14.156   40.270
   0.888   13.874   45.656
  -0.023   15.028   44.619
   1.369   15.552   45.541
   6.726   13.812   40.460
   5.815   14.966   39.422
   5.647   13.655   39.672
  45.430   19.298   10.868
  45.246   17.982   10.634
  44.691   17.506    9.422
  44.500   16.140    9.179
  44.858   15.202   10.139
  45.614   20.615   11.103
  46.169   21.091   12.314
  45.412   14.672    9.227
  43.763   14.775    9.942
  45.154   14.404   10.936
  47.263   21.518   12.512
  45.615   21.621   13.227
  46.062   21.783   11.968
  29.035   43.345   17.098
  29.277   44.594   16.646
  28.473   45.201   15.653
  28.724   46.496   15.184
  29.790   47.230   15.691
  28.792   42.097   17.551
  29.597   41.489   18.544
  28.970   48.085   15.821
  30.042   47.413   14.540
  30.680   47.856   16.107
  29.345   41.306   19.694
  30.417   40.634   18.414
  29.098   40.898   18.436
  34.541   15.054   33.808
  34.525   15.974   34.795
  34.196   17.329   34.553
  34.180   18.283   35.577
  34.492   17.917   36.880
  34.557   14.133   32.820
  34.886   12.778   33.063
  33.484   18.495   37.145
  35.219   18.860   36.833
  34.752   17.623   37.978
  34.159   11.835   33.110
  35.894   12.200   32.798
  34.760   12.721   32.295
  32.594   46.982   16.921
  32.654   45.976   16.023
  32.100   46.095   14.726
  32.163   45.052   13.795
  32.782   43.853   14.126
  32.533   47.988   17.820
  33.087   47.870   19.116
  33.348   44.008   13.089
  31.780   43.368   13.700
  33.298   42.842   14.392
  34.089   48.355   19.542
  32.522   47.715   20.154
  32.816   48.599   19.183
  23.402   20.486   47.744
  22.369   21.249   48.162
  21.045   20.754   48.217
  19.974   21.546   48.650
  20.190   22.860   49.044
  24.434   19.723   47.327
  25.758   20.218   47.272
  19.556   22.541   50.001
  19.280   23.093   48.310
  20.357   23.965   49.377
  26.668   19.985   48.006
  26.392   20.537   46.315
  25.904   19.496   47.012
  10.605   42.176   32.159
  10.575   43.325   31.452
   9.438   43.717   30.707
   9.406   44.909   29.973
  10.511   45.751   29.957
  10.636   41.026   32.867
  11.773   40.634   33.612
   9.709   46.594   30.216
  10.352   45.724   28.777
  11.431   46.467   29.936
  11.932   40.661   34.793
  12.575   39.791   33.353
  11.320   40.021   33.780
  18.012    6.126   13.454
  18.494    7.306   13.010
  17.685    8.464   12.928
  18.184    9.688   12.468
  19.511    9.798   12.072
  17.530    4.946   13.899
  18.340    3.788   13.980
  19.509   10.753   12.784
  19.044   10.310   11.102
  20.623    9.904   11.737
  18.807    3.276   14.949
  18.342    2.833   13.268
  17.677    3.473   14.246
  31.304   23.355   22.059
  30.156   24.063   22.120
  28.890   23.434   22.179
  27.699   24.167   22.243
  27.732   25.556   22.249
  32.452   22.648   21.998
  33.718   23.277   21.939
  27.004   25.440   23.185
  26.915   25.450   21.387
  27.745   26.722   22.254
  34.535   23.384   22.800
  34.446   23.393   21.002
  33.967   22.537   21.923
   4.698   44.139   14.836
   3.487   43.852   14.313
   3.273   42.717   13.496
   2.017   42.419   12.954
   0.930   43.245   13.211
   5.909   44.427   15.358
   6.123   45.562   16.176
   0.384   42.222   13.488
   0.782   43.199   12.029
   0.009   43.930   13.418
   6.271   45.608   17.358
   6.669   46.584   15.899
   6.853   45.283   16.188
  30.999   38.488   33.484
  32.304   38.635   33.797
  32.770   39.722   34.574
  34.123   39.876   34.899
  35.059   38.947   34.459
  29.695   38.340   33.170
  29.228   37.253   32.393
  35.405   38.950   35.600
  35.656   39.914   34.100
  35.854   38.175   34.097
  28.631   36.286   32.752
  28.882   37.250   31.253
  28.541   37.606   32.505
  11.253   11.127   25.091
  12.075   11.893   24.343
  11.730   13.210   23.960
  12.582   14.005   23.184
  13.811   13.510   22.764
  10.431   10.361   25.839
  10.776    9.043   26.223
  14.226   14.541   23.194
  13.458   13.904   21.696
  14.845   13.107   22.405
  11.129    8.650   27.291
  10.360    8.012   25.793
  10.076    9.074   26.569
  37.432   29.244   31.896
  37.555   30.527   32.298
  38.732   31.009   32.918
  38.859   32.339   33.336
  37.814   33.235   33.149
  37.309   27.962   31.493
  36.132   27.480   30.873
  38.664   33.930   32.687
  37.997   33.488   34.299
  36.944   33.997   32.998
  35.949   27.227   29.723
  35.281   26.785   31.335
  36.539   26.814   30.859
  24.532   35.600   34.136
  24.421   34.627   35.066
  25.452   33.685   35.293
  25.337   32.677   36.257
  24.187   32.575   37.029
  24.643   36.572   33.206
  23.612   37.514   32.979
  24.957   32.522   37.937
  24.228   31.429   36.707
  23.227   32.478   37.684
  23.571   38.661   33.302
  22.842   37.567   32.072
  24.117   37.779   32.445
  44.727    4.711   45.717
  45.375    5.653   46.435
  44.693    6.729   47.049
  45.365    7.706   47.794
  46.744    7.641   47.951
  44.079    3.770   44.998
  44.762    2.693   44.384
  46.489    7.796   49.105
  46.705    8.783   47.615
  47.901    7.598   48.091
  44.800    1.550   44.719
  45.016    2.538   43.230
  44.039    2.505   44.154
  25.155   23.246   41.607
  24.138   22.369   41.736
  23.450   21.847   40.614
  22.394   20.937   40.748
  21.989   20.516   42.009
  26.173   24.123   41.478
  26.861   24.645   42.599
  22.069   19.429   41.528
  20.901   20.796   41.609
  21.638   20.155   43.060
  27.948   24.365   42.999
  26.780   25.732   43.079
  27.263   25.020   42.045
  14.045   17.150    7.591
  12.860   17.323    6.968
  11.705   16.593    7.338
  10.476   16.773    6.692
  10.357   17.688    5.654
  15.231   16.977    8.213
  16.385   17.707    7.843
   9.407   18.064    6.267
   9.841   16.778    5.084
  10.244   18.453    4.781
  16.902   18.617    8.413
  17.336   17.332    7.230
  16.706   17.286    8.418
  35.531   32.765   46.487
  36.608   32.574   47.278
  37.044   31.280   47.652
  38.161   31.081   48.472
  38.882   32.169   48.949
  34.455   32.957   45.696
  34.019   34.251   45.323
  39.822   31.558   48.545
  38.764   31.621   50.000
  39.496   33.073   49.356
  34.137   34.799   44.271
  33.079   34.862   45.726
  33.472   33.841   44.943
  30.364   40.697   46.698
  30.201   39.493   47.287
  31.282   38.600   47.480
  31.114   37.352   48.090
  29.859   36.951   48.531
  30.526   41.900   46.109
  29.445   42.793   45.916
  30.438   36.694   49.540
  30.111   35.952   47.933
  28.811   36.603   48.905
  29.192   43.792   46.514
  28.866   43.050   44.907
  30.005   43.235   45.599
   4.995    9.410    8.154
   4.768    8.317    8.913
   3.903    7.279    8.493
   3.668    6.145    9.280
   4.289    6.009   10.515
   5.222   10.503    7.394
   6.087   11.541    7.814
   4.573    4.926   10.107
   3.188    5.762   10.897
   4.804    5.882   11.554
   7.189   11.788    7.433
   5.804   12.624    8.222
   5.880   11.847    7.126
  44.863   23.089   31.367
  43.598   22.690   31.115
  42.765   23.370   30.196
  41.454   22.955   29.935
  40.928   21.846   30.585
  46.128   23.489   31.618
  46.961   22.809   32.538
  40.611   21.514   29.486
  40.013   22.574   30.811
  40.475   20.916   31.124
  47.876   22.081   32.312
  47.278   23.141   33.637
  47.468   23.363   32.324
  25.956   10.224   16.122
  26.201    9.108   16.841
  26.437    7.856   16.225
  26.691    6.699   16.970
  26.720    6.752   18.358
  25.710   11.341   15.404
  25.475   12.593   16.020
  27.752    6.170   18.229
  25.988    5.814   18.279
  26.747    6.782   19.523
  26.207   13.530   16.099
  24.443   13.174   16.149
  25.407   12.825   15.278
  24.089   39.318   17.552
  23.123   38.379   17.464
  23.414   37.029   17.156
  22.411   36.056   17.065
  21.082   36.398   17.280
  25.056   40.256   17.639
  24.765   41.606   17.948
  21.093   35.456   18.010
  20.902   35.816   16.256
  19.963   36.671   17.459
  24.945   42.188   18.972
  24.754   42.548   17.219
  25.539   41.678   17.878
   2.046   21.073   34.371
   1.647   20.425   35.486
   1.829   20.974   36.778
   1.416   20.302   37.934
   0.806   19.057   37.840
   2.444   21.722   33.256
   2.262   21.173   31.964
  -0.008   19.546   38.560
   1.602   18.749   38.672
   0.292   18.012   37.776
   1.467   21.481   31.132
   3.076   20.684   31.244
   2.608   21.840   31.748
   9.995   32.740   47.857
   9.816   33.479   46.741
  10.408   34.754   46.583
  10.222   35.520   45.425
   9.437   35.037   44.385
  10.175   32.002   48.973
   9.583   30.726   49.131
  10.372   35.343   43.712
   8.920   36.109   44.452
   8.781   34.644   43.505
  10.100   29.655   49.065
   8.648   30.420   49.805
   9.950   30.759   49.820
  22.206   15.925   36.932
  23.501   16.055   36.575
  24.049   17.298   36.178
  25.392   17.432   35.807
  26.236   16.328   35.820
  20.911   15.795   37.290
  20.363   14.552   37.687
  26.958   17.051   36.434
  26.522   16.697   34.724
  26.955   15.410   35.826
  20.077   14.184   38.784
  19.641   13.830   37.074
  19.716   14.983   37.763
  37.938   28.410   34.455
  37.027   29.333   34.081
  36.854   30.545   34.789
  35.909   31.503   34.401
  35.105   31.282   33.290
  38.849   27.486   34.830
  39.023   26.274   34.121
  35.454   32.379   32.981
  34.222   31.589   34.030
  34.423   31.110   32.359
  39.905   25.967   33.381
  38.674   25.177   34.430
  39.566   26.155   34.670
  11.009   35.118   24.736
  11.926   34.400   24.054
  11.636   33.119   23.527
  12.587   32.375   22.819
  13.862   32.885   22.612
  10.091   35.835   25.419
  10.382   37.116   25.946
  13.661   32.577   21.479
  14.213   31.820   23.016
  14.937   33.302   22.431
  10.031   38.181   25.542
  10.583   37.425   27.079
   9.641   37.068   26.188
   8.607    4.909   21.963
   7.258    4.871   21.920
   6.493    4.231   22.923
   5.094    4.192   22.878
   4.411    4.793   21.829
   9.956    4.946   22.006
  10.721    5.587   21.002
   3.768    5.288   22.702
   3.841    3.747   21.773
   3.824    5.293   20.953
  11.290    6.632   21.058
  11.363    5.091   20.129
  11.314    5.345   21.450
  44.087   32.471   46.332
  44.929   32.344   45.285
  45.265   33.439   44.454
  46.139   33.307   43.368
  46.707   32.074   43.073
  43.245   32.599   47.379
  42.909   31.503   48.209
  47.723   32.696   43.041
  46.330   32.310   41.968
  47.191   31.045   42.815
  43.286   31.267   49.315
  41.893   30.881   48.242
  42.480   32.046   48.571
   8.944   11.107   15.919
   7.901   10.448   16.468
   7.780    9.040   16.393
   6.699    8.357   16.962
   5.700    9.057   17.627
   9.986   11.766   15.370
  10.107   13.174   15.445
   5.885    8.250   18.484
   4.971    8.410   16.941
   4.855    9.632   18.187
  10.836   13.821   16.131
   9.923   13.981   14.588
  10.761   13.033   15.043
  23.698    7.898   15.829
  22.754    7.130   16.414
  23.016    6.383   17.588
  22.038    5.587   18.195
  20.762    5.509   17.650
  24.642    8.665   15.244
  24.379    9.412   14.071
  20.413    5.735   18.767
  20.928    4.334   17.760
  19.688    5.434   17.203
  24.213   10.587   13.960
  24.729    9.186   12.954
  25.127    9.620   14.164
   6.298   26.895   27.855
   7.215   25.908   27.939
   7.811   25.338   26.789
   8.762   24.315   26.876
   9.152   23.825   28.116
   5.380   27.882   27.771
   4.785   28.452   28.921
  10.253   23.992   27.690
   8.939   22.764   27.619
   9.489   23.405   29.151
   4.998   29.514   29.418
   3.684   28.286   29.346
   4.413   28.881   28.385
  14.098   32.830   25.518
  13.986   34.136   25.840
  15.110   34.922   26.188
  14.994   36.276   26.522
  13.750   36.894   26.520
  14.209   31.524   25.196
  13.085   30.738   24.847
  14.307   37.722   25.869
  14.082   37.276   27.599
  12.712   37.424   26.522
  12.753   30.356   23.769
  12.528   29.910   25.498
  13.629   30.183   24.775
  41.571   22.843   43.564
  41.477   21.911   42.591
  42.212   20.703   42.637
  42.115   19.736   41.628
  41.279   19.944   40.538
  41.665   23.774   44.536
  40.930   24.983   44.491
  40.889   18.847   40.794
  42.241   19.637   39.906
  40.581   20.105   39.618
  39.967   25.290   45.122
  41.320   26.079   44.235
  41.300   25.109   45.167
  40.443   28.479   10.949
  39.909   27.242   10.866
  39.872   26.364   11.975
  39.318   25.081   11.889
  38.781   24.630   10.689
  40.977   29.716   11.033
  41.014   30.593    9.923
  37.849   24.332   11.369
  39.455   23.670   10.898
  38.327   24.239    9.689
  40.340   31.553    9.714
  41.946   30.891    9.243
  41.360   31.064   10.442
  12.089   22.138   13.997
  13.331   21.654   13.780
  14.045   21.929   12.590
  15.333   21.427   12.365
  15.952   20.633   13.322
  10.847   22.622   14.214
  10.133   22.347   15.404
  16.867   21.379   13.161
  16.161   19.910   12.398
  16.483   19.965   14.116
   9.924   23.070   16.328
   9.218   21.601   15.564
   9.591   22.788   15.055
  27.548   14.814   32.845
  26.870   15.673   32.054
  26.823   17.062   32.321
  26.120   17.952   31.501
  25.439   17.486   30.383
  28.226   13.956   33.636
  28.272   12.567   33.368
  26.013   18.368   29.826
  24.537   18.126   30.827
  24.863   17.108   29.443
  29.174   11.927   32.924
  27.698   11.684   33.926
  28.711   12.565   34.014
  18.182   40.411   24.040
  18.256   41.634   23.473
  19.494   42.232   23.140
  19.571   43.500   22.552
  18.413   44.216   22.278
  18.107   39.187   24.606
  16.869   38.589   24.940
  18.906   44.350   21.201
  18.983   45.102   22.835
  17.448   44.828   22.042
  16.299   37.704   24.382
  16.376   38.456   26.016
  17.335   38.012   25.183
  23.977   47.300   43.986
  23.286   46.448   43.198
  23.899   45.749   42.132
  23.183   44.866   41.315
  21.829   44.650   41.536
  24.667   48.152   44.773
  24.054   48.852   45.840
  22.136   43.500   41.482
  21.738   44.854   40.366
  20.692   44.459   41.711
  24.145   48.647   47.010
  23.747   50.002   45.894
  24.776   49.136   45.928
   8.489   42.055   45.142
   7.931   42.824   44.183
   6.743   43.560   44.409
   6.164   44.357   43.414
   6.751   44.446   42.158
   9.048   41.286   46.101
  10.235   40.550   45.875
   6.626   45.619   42.327
   5.649   44.214   41.770
   7.233   44.530   41.100
  11.338   40.782   46.263
  10.360   39.377   45.706
  10.118   40.337   46.617
  27.814   15.995   44.845
  29.028   15.988   45.434
  30.178   15.491   44.776
  31.438   15.485   45.387
  31.593   15.974   46.678
  26.599   16.001   44.257
  25.449   16.498   44.915
  32.495   16.586   46.198
  32.166   14.945   46.860
  31.737   16.382   47.761
  24.876   17.527   44.733
  24.546   15.886   45.395
  25.107   16.295   44.242
  33.022   12.546   17.596
  33.786   13.555   18.067
  34.319   14.552   17.216
  35.111   15.598   17.704
  35.397   15.685   19.060
  32.259   11.537   17.126
  31.726   10.540   17.977
  35.044   16.816   18.930
  36.520   15.815   18.682
  35.646   15.770   20.197
  30.603   10.410   18.355
  32.079    9.409   18.107
  31.432   10.273   17.304
  47.641   34.828   31.610
  47.512   33.485   31.673
  48.635   32.627   31.755
  48.501   31.235   31.822
  47.241   30.652   31.808
  47.770   36.170   31.546
  46.647   37.028   31.464
  47.650   30.054   32.754
  47.712   29.963   30.958
  46.189   30.149   31.798
  46.176   37.717   32.314
  46.238   37.626   30.518
  47.202   37.578   31.455
  12.667   24.495   40.061
  13.792   23.859   40.451
  15.047   24.512   40.492
  16.214   23.852   40.897
  16.167   22.516   41.275
  11.542   25.131   39.670
  10.288   24.478   39.630
  16.774   22.899   42.227
  17.086   22.406   40.524
  16.143   21.395   41.595
   9.369   24.588   40.381
   9.681   24.095   38.678
  10.050   25.180   39.383
  49.748   13.849   20.160
  49.535   14.096   18.850
  50.039   15.255   18.214
  49.818   15.511   16.855
  49.085   14.618   16.085
  49.962   13.601   21.470
  49.458   12.442   22.106
  50.005   14.711   15.334
  48.493   15.595   15.747
  48.471   13.876   15.426
  50.049   11.465   22.444
  48.537   12.349   22.857
  49.812   12.758   22.726
   2.986   26.850   13.127
   4.313   27.095   13.091
   5.268   26.051   13.071
   6.645   26.305   13.033
   7.115   27.612   13.014
   1.659   26.605   13.163
   0.704   27.649   13.183
   7.772   27.225   12.099
   7.819   27.234   13.898
   7.523   28.704   12.998
  -0.000   28.027   12.300
   0.047   28.036   14.099
   0.205   27.048   13.199
  37.940   27.262   37.123
  36.891   26.415   37.073
  36.807   25.275   37.908
  35.718   24.397   37.857
  34.674   24.626   36.969
  38.990   28.109   37.172
  39.074   29.249   36.337
  33.991   24.460   37.932
  34.840   23.482   36.682
  33.791   24.807   36.229
  38.909   30.393   36.625
  39.757   29.415   35.374
  39.749   29.347   36.718
   4.752    4.802   37.376
   4.848    3.486   37.092
   4.165    2.902   35.999
   4.264    1.537   35.705
   5.050    0.707   36.494
   4.656    6.119   37.659
   5.339    6.702   38.752
   5.493    0.349   35.447
   4.078    0.017   36.509
   5.706   -0.002   37.148
   6.311    7.391   38.737
   4.896    7.060   39.799
   4.990    7.349   38.488
  35.791   45.291   22.619
  36.177   44.553   21.556
  37.539   44.401   21.204
  37.939   43.636   20.102
  36.992   42.996   19.312
  35.405   46.029   23.681
  34.042   46.181   24.033
  37.696   42.047   19.465
  37.587   43.504   18.414
  36.207   42.454   18.642
  33.447   45.673   24.932
  33.339   47.131   23.881
  34.349   46.616   24.605
  36.975    1.822   22.845
  36.280    1.646   21.701
  34.891    1.907   21.619
  34.170    1.725   20.433
  34.812    1.274   19.286
  37.670    1.998   23.988
  39.059    1.737   24.070
  34.259    2.196   18.772
  33.911    0.495   19.246
  35.338    0.897   18.317
  39.959    2.516   24.111
  39.611    0.814   24.584
  38.950    1.965   24.809
   4.018    8.893   49.255
   5.228    9.063   48.681
   6.403    8.491   49.224
   7.658    8.667   48.630
   7.783    9.422   47.470
   2.808    8.723   49.828
   1.633    9.295   49.285
   8.399    8.480   47.079
   8.661    9.959   48.070
   7.903   10.053   46.497
   0.755    8.758   48.685
   1.017   10.237   49.676
   1.305    8.941   49.899
  41.950   12.105    2.316
  43.109   12.740    2.588
  43.935   13.265    1.566
  45.138   13.924    1.849
  45.557   14.081    3.165
  40.790   11.469    2.043
  39.964   10.944    3.065
  45.708   15.219    2.843
  46.589   13.652    2.750
  45.921   14.220    4.264
  38.933   11.374    3.479
  39.813    9.807    3.386
  39.525   10.734    2.455
  41.704   21.064   22.565
  42.645   21.940   22.977
  42.606   22.534   24.261
  43.581   23.443   24.688
  44.630   23.791   23.846
  40.764   20.187   22.153
  40.803   19.593   20.869
  45.304   23.546   24.798
  44.325   24.905   24.139
  45.516   24.092   23.149
  41.108   18.479   20.576
  40.129   19.839   19.918
  40.151   19.248   21.126
  16.390    2.538    5.244
  17.733    2.677    5.234
  18.582    1.806    5.957
  19.975    1.950    5.947
  20.568    2.969    5.213
  15.047    2.400    5.254
  14.198    3.270    4.530
  21.259    2.092    4.797
  21.157    3.181    6.227
  21.079    3.820    4.601
  13.609    3.059    3.516
  13.507    4.148    4.946
  13.644    2.814    4.839
  16.149   29.609   16.160
  15.787   30.627   16.971
  14.781   30.481   17.955
  14.406   31.536   18.795
  15.025   32.775   18.682
  16.510   28.592   15.350
  17.516   28.738   14.366
  15.150   32.675   19.863
  13.906   33.186   18.666
  15.535   33.820   18.597
  18.634   28.327   14.381
  17.390   28.838   13.185
  17.341   27.990   14.228
  27.463   28.521   13.318
  26.744   29.660   13.223
  25.604   29.896   14.027
  24.858   31.077   13.928
  25.226   32.063   13.022
  28.183   27.383   13.413
  29.323   27.147   12.609
  25.118   32.786   13.963
  24.076   32.022   12.710
  25.523   32.899   12.265
  30.472   27.187   12.921
  29.430   26.424   11.668
  29.334   26.476   13.009
  26.507   30.119   34.610
  26.224   31.265   33.955
  27.224   32.017   33.293
  26.931   33.205   32.614
  25.628   33.684   32.572
  26.789   28.973   35.265
  25.789   28.221   35.927
  25.837   33.774   31.402
  26.132   34.710   32.911
  24.538   34.098   32.528
  25.286   27.196   35.587
  25.581   28.132   37.096
  26.397   27.760   36.094
   4.200   26.759   26.076
   4.913   25.696   25.648
   6.276   25.804   25.283
   7.015   24.700   24.840
   6.418   23.450   24.746
   3.488   27.823   26.503
   2.125   27.715   26.868
   7.379   23.089   25.351
   6.896   23.447   23.655
   5.929   22.394   24.663
   1.647   27.718   27.960
   1.163   28.076   26.263
   2.211   28.479   27.005
  37.398   11.938   28.943
  38.182   11.061   29.604
  37.924    9.670   29.596
  38.738    8.760   30.282
  39.839    9.209   31.000
  36.613   12.816   28.282
  36.872   14.207   28.290
  40.413    8.351   30.405
  39.384    8.534   31.870
  40.767    9.572   31.606
  37.327   14.882   27.420
  36.297   15.065   28.885
  36.234   14.220   27.840
  33.583   43.676    7.541
  34.357   43.268    6.513
  35.582   42.590    6.718
  36.384   42.168    5.652
  35.990   42.408    4.342
  32.809   44.083    8.570
  31.585   44.761    8.364
  36.231   41.251    4.194
  37.100   42.827    4.223
  35.672   42.604    3.237
  30.475   44.342    8.483
  31.344   45.919    8.512
  31.572   44.754    9.145
  45.231   11.718   38.207
  46.469   12.092   37.818
  46.714   13.335   37.189
  47.997   13.723   36.787
  49.082   12.881   36.999
  43.993   11.344   38.595
  43.748   10.101   39.224
  49.585   13.859   37.458
  49.310   13.099   35.850
  50.001   12.184   37.172
  43.520    9.883   40.373
  43.245    9.123   38.765
  43.014   10.366   39.224
  12.014   33.962    9.312
  11.579   34.845    8.389
  10.204   35.008    8.096
   9.753   35.925    7.139
  10.661   36.711    6.440
  12.449   33.078   10.236
  13.824   32.915   10.529
   9.935   37.602    6.757
  10.056   36.333    5.486
  11.412   37.377    5.846
  14.429   33.293   11.483
  14.549   32.024   10.212
  13.545   32.386   11.031
  22.127   24.191    9.422
  20.985   24.047   10.128
  20.390   22.781   10.343
  19.206   22.632   11.075
  18.576   23.744   11.620
  23.268   24.334    8.715
  23.863   25.600    8.501
  18.565   23.088   12.615
  17.605   23.284   11.105
  18.036   24.669   12.083
  24.834   26.060    9.016
  23.874   26.256    7.506
  24.387   25.169    8.112
   0.485   19.599   12.532
   0.973   18.344   12.431
   0.128   17.209   12.441
   0.633   15.907   12.337
   2.001   15.695   12.219
  -0.002   20.854   12.633
   0.842   21.990   12.623
   1.683   14.999   11.306
   1.824   14.910   13.098
   3.147   15.503   12.119
   1.020   22.775   11.744
   1.161   22.686   13.536
   0.161   22.365   12.695
  17.732   19.715   34.665
  17.493   18.467   35.120
  17.633   18.126   36.486
  17.386   16.831   36.957
  16.991   15.831   36.079
  17.970   20.964   34.211
  17.830   21.305   32.845
  16.136   15.639   36.887
  17.860   15.207   36.603
  16.658   14.981   35.353
  16.960   21.928   32.321
  18.684   21.496   32.036
  18.049   22.007   33.107
   3.731   14.910   36.603
   5.036   14.647   36.382
   5.960   15.664   36.045
   7.314   15.391   35.815
   7.792   14.090   35.915
   2.426   15.174   36.824
   1.502   14.156   37.161
   8.630   14.589   36.601
   8.281   14.327   34.854
   8.207   13.003   35.996
   1.013   13.919   38.222
   0.664   13.657   36.475
   1.004   14.758   37.170
  44.397   46.149   32.386
  43.503   47.053   31.932
  43.491   47.484   30.584
  42.564   48.422   30.113
  41.616   48.962   30.974
  45.291   45.244   32.840
  45.303   44.813   34.187
  40.852   48.668   30.108
  41.989   50.000   30.523
  40.815   49.423   31.685
  44.930   43.775   34.638
  46.067   45.107   35.053
  45.902   44.382   33.932
   9.220    3.547   26.199
   8.231    2.656   26.429
   7.052    2.627   25.647
   6.027    1.704   25.885
   6.145    0.777   26.913
  10.208    4.437   25.970
  11.387    4.467   26.751
   5.833   -0.005   26.069
   5.053    1.154   27.203
   6.231   -0.007   27.773
  12.480    4.089   26.461
  11.699    5.248   27.595
  11.564    5.057   26.270
  32.859   38.668    9.783
  31.846   38.146   10.507
  31.362   36.835   10.282
  30.312   36.293   11.034
  29.709   37.043   12.036
  33.871   39.191    9.058
  34.355   40.501    9.283
  29.885   36.064   12.693
  28.699   36.707   11.501
  29.195   37.660   12.881
  35.365   40.837    9.818
  34.180   41.480    8.626
  34.838   40.308    8.699
  49.451   33.323   14.374
  48.964   34.566   14.571
  49.445   35.684   13.849
  48.939   36.973   14.054
  47.934   37.191   14.988
  49.939   32.079   14.177
  49.457   30.962   14.899
  47.410   37.778   14.094
  48.653   38.064   15.364
  47.091   37.388   15.769
  48.739   30.088   14.523
  49.982   30.374   15.793
  49.987   30.587   14.465
   3.565   36.588   37.238
   3.542   37.402   36.161
   2.344   37.995   35.695
   2.320   38.839   34.578
   3.493   39.121   33.889
   3.588   35.773   38.314
   4.785   35.181   38.781
   3.132   40.252   34.000
   2.846   38.832   32.931
   4.470   39.367   33.301
   5.432   35.471   39.739
   5.146   34.051   38.671
   4.302   34.877   39.314
  24.291    4.868   12.230
  23.554    5.123   11.128
  23.733    6.300   10.363
  22.969    6.566    9.220
  21.999    5.664    8.801
  25.028    4.612   13.332
  24.849    3.435   14.097
  22.528    5.786    7.741
  21.304    6.631    8.755
  21.181    4.915    8.439
  25.543    2.467   14.143
  24.320    3.312   15.157
  25.421    3.752   14.523
  40.680   12.809   35.721
  39.651   13.135   36.531
  39.850   13.514   37.880
  38.782   13.852   38.721
  37.478   13.822   38.243
  41.710   12.484   34.910
  41.511   12.105   33.561
  37.415   14.910   38.724
  37.269   13.189   39.230
  36.379   13.802   37.854
  41.721   12.738   32.574
  41.574   11.017   33.079
  42.289   12.043   33.575
  43.596   23.817    4.512
  42.427   23.480    5.096
  41.973   22.141    5.148
  40.760   21.791    5.754
  39.959   22.768    6.330
  44.765   24.155    3.928
  45.219   25.494    3.876
  39.946   22.024    7.261
  39.095   22.252    5.691
  39.276   23.578    6.818
  46.083   26.010    4.516
  45.232   26.238    2.946
  45.821   25.164    3.503
  18.188   33.784   11.194
  17.917   35.002   10.680
  18.798   35.651    9.782
  18.516   36.914    9.249
  17.343   37.573    9.593
  18.460   32.566   11.709
  17.579   31.917   12.606
  17.230   37.715    8.415
  18.074   38.491    9.804
  16.362   38.138    9.873
  16.848   31.000   12.396
  17.691   31.775   13.784
  18.130   31.364   12.581
  44.836   12.521   47.868
  43.796   13.366   47.706
  42.461   12.904   47.621
  41.382   13.781   47.453
  41.600   15.150   47.364
  45.876   11.675   48.029
  47.211   12.137   48.114
  40.741   15.209   48.188
  40.903   15.067   46.401
  41.768   16.301   47.288
  47.908   12.220   49.077
  48.070   12.078   47.290
  47.358   11.373   48.188
  11.874    3.303    7.001
  11.667    4.632    6.886
  10.817    5.337    7.771
  10.602    6.715    7.651
  11.229    7.437    6.643
  12.082    1.974    7.116
  12.932    1.268    6.232
  11.528    8.171    7.534
  10.132    7.858    6.441
  11.748    8.055    5.802
  14.028    0.847    6.434
  12.632    0.534    5.342
  12.718    0.664    6.678
  17.551   41.043   32.504
  18.356   42.086   32.796
  19.636   41.908   33.372
  20.471   42.990   33.675
  20.056   44.289   33.413
  16.746   40.000   32.211
  15.466   40.178   31.635
  21.124   44.387   32.894
  20.397   44.487   34.537
  19.720   45.385   33.198
  15.124   39.981   30.510
  14.398   40.081   32.154
  15.455   39.399   31.677
   2.943   38.529   23.857
   4.044   39.300   23.734
   4.112   40.370   22.811
   5.254   41.170   22.683
   6.370   40.928   23.475
   1.842   37.758   23.979
   1.774   36.688   24.903
   6.310   42.098   23.690
   6.955   40.977   22.438
   7.313   40.735   24.133
   1.189   36.638   25.940
   1.834   35.517   24.687
   1.058   36.613   24.601
   1.601   15.107   34.629
   2.628   14.251   34.817
   2.437   12.957   35.357
   3.501   12.070   35.552
   4.796   12.444   35.214
   0.574   15.963   34.442
   0.766   17.257   33.902
   4.813   11.395   34.650
   5.056   12.051   36.308
   5.887   12.746   34.934
   0.505   17.651   32.808
   0.749   18.307   34.466
  -0.008   17.297   34.000
  35.215    5.569    3.885
  36.225    5.630    4.779
  36.073    6.256    6.040
  37.119    6.319    6.967
  38.355    5.760    6.668
  34.206    5.508    2.990
  34.358    4.883    1.730
  38.239    5.251    7.739
  38.775    6.815    7.028
  39.398    5.294    6.429
  33.939    3.827    1.370
  34.474    5.392    0.658
  33.613    5.102    1.650
   9.765   38.155    9.940
   9.186   38.242    8.723
   8.275   39.275    8.399
   7.674   39.366    7.138
   7.962   38.426    6.156
  10.345   38.068   11.156
  11.256   37.035   11.480
   8.142   39.386    5.473
   6.777   38.364    6.050
   8.195   37.644    5.323
  12.441   37.097   11.586
  11.076   36.075   12.163
  11.268   37.407   12.167
  23.274    8.600   35.280
  24.279    8.842   34.412
  25.496    8.121   34.453
  26.538    8.372   33.552
  26.401    9.352   32.578
  22.270    8.359   36.149
  21.053    9.080   36.107
  26.779    8.493   31.845
  27.464    9.714   32.977
  26.299   10.173   31.756
  19.989    8.719   35.709
  20.674    9.939   36.841
  20.880    8.616   36.711
  48.883   23.009   11.354
  48.112   23.847   10.629
  48.387   25.233   10.542
  47.587   26.102    9.790
  46.484   25.617    9.099
  49.655   22.171   12.079
  49.380   20.786   12.166
  46.951   26.224    8.187
  45.917   26.520    9.630
  45.555   25.223    8.514
  49.947   19.882   11.635
  48.913   20.178   13.078
  50.016   20.797   12.619
  26.408    9.615    8.135
  26.416   10.901    8.549
  27.546   11.735    8.380
  27.555   13.068    8.809
  26.433   13.613    9.422
  26.399    8.330    7.722
  25.269    7.496    7.890
  26.594   14.495    8.637
  27.218   13.974   10.243
  25.499   14.084    9.938
  24.484    7.135    7.069
  25.109    6.614    8.675
  25.735    6.975    7.540
  13.898   37.816   33.405
  13.927   38.533   34.548
  14.132   37.926   35.810
  14.162   38.670   36.995
  13.988   40.048   36.961
  13.870   37.098   32.262
  13.665   37.706   31.000
  14.969   40.058   37.639
  13.191   39.838   37.822
  13.844   41.205   36.947
  14.462   37.916   30.139
  12.684   37.696   30.322
  13.730   36.968   30.753
  38.736   14.475   34.500
  39.008   15.061   35.685
  38.719   16.425   35.931
  39.000   17.033   37.160
  39.582   16.300   38.187
  38.464   13.888   33.315
  38.754   12.525   33.069
  38.702   16.765   38.842
  40.337   17.221   38.242
  40.070   15.697   39.058
  38.000   11.604   33.015
  39.634   12.060   32.414
  38.450   12.696   32.371
  10.386   44.731   49.728
  10.158   46.034   49.457
  10.961   47.065   50.000
  10.725   48.416   49.719
   9.676   48.784   48.885
  10.614   43.429   49.999
   9.810   42.398   49.457
  10.510   49.439   48.342
   9.414   49.543   49.766
   8.800   49.107   48.187
  10.072   41.639   48.576
   8.976   41.743   50.000
  10.299   41.947   49.866
  31.211   25.135   11.747
  30.798   23.947   12.235
  29.500   23.443   11.985
  29.071   22.210   12.491
  29.926   21.437   13.267
  31.624   26.324   11.259
  32.923   26.828   11.509
  29.600   20.564   12.524
  28.995   21.384   14.008
  30.633   20.778   13.919
  33.854   26.881   10.768
  33.250   27.701   12.252
  32.661   27.421   11.075
   7.469   44.961   38.753
   7.915   46.204   38.475
   7.082   47.342   38.585
   7.544   48.632   38.297
   8.858   48.829   37.889
   7.023   43.717   39.031
   7.857   42.579   38.921
   8.857   49.670   38.734
   8.354   49.467   37.017
   9.957   49.009   37.545
   8.361   41.942   39.792
   7.858   41.739   38.076
   7.208   42.213   39.154
  23.770   47.372   26.351
  22.563   47.975   26.382
  21.574   47.726   25.400
  20.322   48.351   25.433
  20.014   49.248   26.449
  24.978   46.769   26.319
  25.966   47.017   27.301
  19.020   48.597   26.544
  19.669   49.948   25.548
  19.742   50.002   27.295
  26.310   46.317   28.201
  26.959   47.668   27.205
  26.370   46.506   26.870
  42.723   43.081   36.104
  42.021   43.675   35.115
  40.962   44.575   35.382
  40.235   45.190   34.357
  40.540   44.928   33.027
  43.424   42.487   37.093
  44.483   41.587   36.825
  40.532   46.115   32.926
  39.366   44.743   32.930
  40.785   44.716   31.907
  45.656   41.772   36.922
  44.491   40.400   36.926
  44.516   41.561   37.605
  38.652   31.249   30.534
  37.639   32.115   30.322
  37.852   33.511   30.230
  36.801   34.409   30.011
  35.499   33.944   29.876
  39.666   30.382   30.745
  39.452   28.987   30.837
  35.491   34.633   28.904
  35.253   34.787   30.681
  34.401   33.567   29.762
  39.698   28.143   30.032
  39.460   28.298   31.810
  40.226   28.983   30.942
  32.542    8.486    6.764
  33.500    9.430    6.876
  34.783    9.138    7.398
  35.777   10.117    7.514
  35.524   11.422    7.112
  31.583    7.542    6.652
  30.301    7.834    6.131
  36.554   11.304    6.526
  35.971   11.700    8.182
  35.325   12.522    6.779
  29.854    7.556    5.061
  29.270    7.952    6.717
  30.187    7.074    6.272
  10.180   30.818    3.224
   9.679   29.785    3.935
  10.218   29.406    5.188
   9.698   28.335    5.925
   8.622   27.606    5.437
  10.681   31.850    2.513
  10.143   32.229    1.261
   8.171   27.789    6.524
   9.308   26.667    5.695
   7.718   26.985    5.038
   9.457   33.169    1.002
  10.593   32.046    0.173
  10.706   32.769    1.302
  32.669   35.905   38.678
  31.415   36.277   38.342
  30.469   36.685   39.312
  29.169   37.071   38.964
  28.769   37.063   37.634
  33.922   35.533   39.013
  34.868   35.124   38.043
  28.384   38.164   37.878
  27.831   36.460   38.056
  28.419   37.060   36.522
  35.806   35.727   37.621
  35.253   34.023   37.799
  35.321   35.043   38.674
  40.429    5.862   29.221
  39.431    6.338   29.996
  38.188    6.742   29.454
  37.153    7.235   30.258
  37.324    7.342   31.632
  41.427    5.387   28.447
  42.670    4.983   28.989
  36.277    6.776   31.676
  36.911    8.447   31.467
  37.455    7.437   32.787
  43.083    3.878   29.154
  43.717    5.549   28.945
  42.826    4.830   28.239
  14.446   25.194    4.248
  13.198   25.401    3.777
  12.050   24.939    4.463
  10.756   25.154    3.975
  10.564   25.839    2.781
  15.694   24.987    4.720
  16.842   25.449    4.033
   9.778   26.467    3.420
   9.862   24.914    2.514
  10.388   26.413    1.781
  17.543   26.375    4.300
  17.627   24.821    3.395
  17.207   25.117    4.638
  22.806   46.697   34.073
  23.318   45.551   34.570
  22.610   44.327   34.514
  23.141   43.138   35.029
  24.399   43.131   35.619
  22.294   47.843   33.576
  23.002   49.067   33.632
  24.587   42.198   34.902
  23.840   42.557   36.500
  25.454   43.111   36.117
  23.561   49.642   32.751
  22.814   50.000   34.349
  22.361   49.332   33.273
  41.881   17.531   33.201
  41.153   18.667   33.265
  39.739   18.650   33.319
  38.985   19.827   33.386
  39.618   21.064   33.400
  42.608   16.396   33.137
  44.022   16.413   33.083
  38.909   21.271   34.335
  38.839   21.327   32.537
  40.136   22.109   33.412
  44.801   16.150   33.946
  44.731   16.206   32.148
  43.924   15.638   33.062
  33.303   30.650    5.548
  34.011   30.820    6.685
  35.104   29.986    7.020
  35.838   30.163    8.199
  35.505   31.179    9.086
  32.595   30.480    4.411
  31.502   31.313    4.077
  36.670   31.427    9.036
  35.553   30.309    9.898
  35.236   32.028    9.838
  31.454   32.184    3.264
  30.337   31.065    4.126
  31.479   30.851    3.448
  20.106    6.016   46.615
  21.098    6.840   47.013
  21.463    7.987   46.270
  22.492    8.842   46.683
  23.193    8.579   47.854
  19.113    5.192   46.217
  18.748    4.044   46.960
  22.963    9.723   48.095
  24.151    8.742   47.164
  23.789    8.370   48.834
  17.790    3.880   47.650
  18.978    2.900   46.719
  18.229    3.965   46.381
  22.951   15.405   14.127
  22.762   16.705   13.818
  23.808   17.516   13.317
  23.613   18.865   12.997
  22.365   19.451   13.167
  23.139   14.104   14.435
  22.093   13.293   14.936
  22.538   19.835   12.052
  22.984   20.298   13.733
  21.323   19.956   13.304
  21.474   12.447   14.370
  21.920   12.910   16.051
  22.656   12.752   14.936
  36.457   46.238    4.491
  35.232   45.728    4.243
  34.932   44.362    4.454
  33.661   43.833    4.197
  32.645   44.651    3.719
  37.682   46.749    4.739
  37.982   48.115    4.528
  32.011   44.158    4.600
  32.508   43.788    2.909
  31.784   45.327    3.319
  38.120   48.978    5.338
  38.616   48.609    3.648
  38.685   47.891    4.783
  39.748    2.669   35.473
  39.337    3.098   34.261
  39.630    4.398   33.786
  39.204    4.842   32.528
  38.468    4.002   31.701
  40.160    2.240   36.685
  39.866    0.940   37.160
  39.266    4.329   30.878
  37.741    4.942   31.612
  37.850    3.308   30.997
  40.594    0.001   37.249
  39.069    0.613   37.983
  40.267    1.192   37.782
  22.973   40.483    3.965
  23.454   39.670    3.001
  23.394   38.260    3.110
  23.893   37.417    2.110
  24.470   37.953    0.965
  22.491   41.297    4.929
  22.551   42.706    4.820
  23.743   37.196    0.402
  25.351   37.190    1.209
  24.956   38.390   -0.000
  21.670   43.470    4.576
  23.278   43.464    5.384
  22.201   42.669    5.517
  42.576   37.330   38.007
  41.799   36.466   37.319
  41.265   36.787   36.048
  40.459   35.892   35.334
  40.158   34.644   35.866
  43.353   38.193   38.695
  43.887   37.872   39.965
  40.502   34.249   34.795
  39.038   34.938   35.584
  39.898   33.593   36.300
  45.007   37.578   40.247
  43.543   38.267   41.036
  44.190   38.589   39.901
  18.817    8.858   23.221
  19.486    7.737   22.877
  20.652    7.775   22.076
  21.345    6.613   21.719
  20.897    5.370   22.149
  18.149    9.979   23.566
  16.983    9.941   24.366
  22.031    5.221   22.483
  21.019    5.073   21.002
  20.531    4.321   22.504
  16.860   10.238   25.514
  15.848   10.090   24.033
  17.017   10.715   24.265
  23.089    6.244   46.284
  22.654    6.108   45.013
  21.304    6.336   44.654
  20.853    6.195   43.336
  21.735    5.823   42.330
  23.523    6.379   47.555
  24.873    6.152   47.914
  21.268    6.755   41.754
  20.893    5.022   42.066
  22.466    5.511   41.476
  25.716    6.953   48.178
  25.341    5.220   48.490
  24.605    6.338   48.623
  29.237   27.827    9.984
  30.331   28.601   10.144
  30.953   28.769   11.404
  32.088   29.572   11.570
  32.640   30.237   10.482
  28.143   27.052    9.823
  27.521   26.884    8.564
  33.660   29.761   10.875
  32.605   31.182   11.207
  33.114   30.800    9.578
  27.556   25.939    7.838
  26.501   27.360    8.171
  27.041   26.430    8.980
  12.845   18.948   34.277
  12.155   20.103   34.380
  10.746   20.148   34.257
  10.029   21.347   34.364
  10.697   22.542   34.598
  13.536   17.793   34.174
  14.945   17.748   34.298
   9.881   22.679   35.455
  10.044   22.935   33.681
  11.244   23.553   34.794
  15.598   17.355   35.214
  15.761   17.611   33.440
  14.825   16.986   34.177
  31.073   46.166   42.788
  31.643   45.440   43.774
  31.492   44.036   43.855
  32.083   43.284   44.878
  32.846   43.909   45.855
  30.503   46.891   41.803
  30.655   48.296   41.722
  33.641   43.061   45.594
  32.168   43.278   46.605
  33.489   44.422   46.682
  31.333   48.927   40.972
  29.860   49.144   41.983
  30.207   48.201   41.089
  45.390   16.682   26.906
  45.048   17.855   26.332
  43.748   18.400   26.459
  43.393   19.617   25.864
  44.324   20.331   25.121
  45.733   15.509   27.480
  47.032   14.963   27.353
  43.966   21.247   25.795
  43.453   20.370   24.309
  45.096   20.941   24.495
  47.903   14.924   28.165
  47.390   14.048   26.679
  46.723   14.398   27.793
  11.567   29.089   21.785
  10.462   28.400   22.140
   9.160   28.861   21.830
   8.013   28.147   22.198
   8.128   26.947   22.888
  12.673   29.778   21.430
  13.975   29.317   21.739
   7.377   26.545   22.054
   7.322   27.438   23.616
   8.209   25.938   23.468
  14.780   28.825   21.012
  14.725   29.719   22.574
  14.180   29.975   21.371
  31.205    5.743   22.579
  31.350    5.570   23.910
  30.241    5.359   24.764
  30.391    5.180   26.144
  31.655    5.206   26.720
  31.060    5.915   21.248
  32.169    6.127   20.394
  31.298    4.193   27.236
  31.149    5.970   27.483
  32.710    5.226   27.217
  32.675    5.363   19.632
  32.525    7.140   19.879
  31.609    6.155   19.850
  18.613   47.937   49.102
  19.957   47.808   49.102
  20.589   46.542   49.102
  21.983   46.408   49.102
  22.794   47.536   49.102
  17.269   48.066   49.102
  16.637   49.332   49.102
  23.344   46.981   48.202
  23.343   46.981   50.002
  23.487   48.474   49.102
  16.088   49.887   48.202
  16.088   49.887   50.002
  15.992   48.891   49.102
  12.062    6.492   14.295
  11.016    7.191   13.805
  10.791    7.328   12.414
   9.706    8.053   11.906
   8.807    8.665   12.770
  13.109    5.794   14.785
  13.333    5.656   16.175
   7.989    8.124   12.094
   8.993    9.618   12.079
   8.045    9.184   13.484
  13.148    4.703   16.866
  14.152    6.197   16.852
  13.947    5.242   15.927
  36.369   33.965   23.229
  37.541   34.608   23.417
  38.370   34.345   24.533
  39.585   35.012   24.729
  40.014   35.967   23.816
  35.198   33.321   23.040
  34.369   33.584   21.924
  41.036   35.355   23.853
  40.183   36.634   24.789
  40.386   36.771   23.057
  34.200   32.918   20.951
  33.347   34.196   21.887
  33.922   33.039   22.261
  38.390   29.165   46.050
  39.642   29.548   45.723
  40.777   28.775   46.064
  42.075   29.172   45.724
  42.286   30.358   45.031
  37.137   28.781   46.378
  36.003   29.555   46.037
  42.957   29.674   44.324
  43.093   30.561   45.884
  42.476   31.351   44.450
  35.195   29.352   45.184
  35.331   30.239   46.745
  35.629   28.973   46.400
  30.720   13.738   33.006
  31.528   12.843   33.615
  31.136   11.499   33.823
  31.973   10.572   34.454
  33.232   10.955   34.901
  29.913   14.632   32.397
  30.305   15.976   32.189
  33.592    9.979   34.320
  32.889   10.430   35.914
  34.291   11.263   35.280
  30.647   16.501   31.176
  29.944   16.952   32.770
  29.596   16.021   31.864
  27.631   26.362   15.285
  28.418   27.412   15.600
  27.984   28.749   15.443
  28.800   29.838   15.770
  30.081   29.629   16.266
  26.843   25.312   14.970
  27.278   23.974   15.127
  29.742   30.402   17.106
  30.394   30.417   15.429
  31.158   29.467   16.683
  26.966   23.186   15.964
  27.617   23.201   14.286
  26.564   23.822   14.848
  28.191   10.232   45.640
  28.275   10.603   44.345
  29.480   10.496   43.610
  29.567   10.881   42.267
  28.452   11.388   41.611
  28.108    9.860   46.935
  26.903    9.967   47.670
  28.743   10.589   40.775
  29.201   12.255   41.283
  27.524   11.814   41.048
  26.154    9.100   47.998
  26.612   10.765   48.506
  27.348    9.671   48.239
  10.648   46.092   43.373
  11.508   46.984   42.837
  12.536   46.592   41.947
  13.428   47.516   41.391
  13.324   48.866   41.704
   9.787   45.201   43.910
   8.759   45.593   44.799
  13.378   49.011   40.523
  14.493   48.774   41.916
  13.247   50.001   41.959
   7.590   45.685   44.587
   8.704   45.448   45.981
   8.606   44.827   44.791
  33.881    6.821    6.112
  34.461    7.361    5.019
  34.400    8.748    4.746
  35.001    9.309    3.613
  35.685    8.502    2.712
  33.302    6.280    7.204
  33.363    4.893    7.477
  36.544    9.320    2.831
  35.023    9.070    1.900
  36.262    7.836    1.948
  34.025    4.325    8.289
  32.504    4.075    7.359
  32.945    5.106    8.102
  15.342   36.000   49.409
  14.496   36.870   48.818
  13.960   37.982   49.510
  13.083   38.884   48.897
  12.710   38.707   47.571
  16.188   35.129   50.000
  16.724   34.017   49.309
  13.006   39.857   47.469
  11.607   38.855   47.997
  12.389   38.570   46.458
  17.827   33.870   48.883
  16.428   32.867   49.410
  17.073   33.893   49.996
   4.033    9.135   25.879
   3.444    8.551   24.814
   3.302    9.219   23.575
   2.691    8.614   22.471
   2.199    7.318   22.566
   4.622    9.719   26.944
   4.764    9.050   28.183
   2.813    7.150   21.558
   1.217    7.794   22.088
   1.782    6.231   22.632
   5.746    8.574   28.662
   4.151    9.218   29.191
   5.103    9.723   28.387
  30.047   23.176   28.801
  30.211   24.447   28.377
  29.117   25.252   27.978
  29.287   26.570   27.539
  30.557   27.131   27.483
  29.883   21.905   29.225
  30.977   21.100   29.624
  30.043   28.031   28.072
  30.229   27.443   26.381
  31.617   27.614   27.432
  31.304   20.788   30.726
  31.490   20.201   29.035
  30.410   20.576   29.744
  12.714   41.279   26.793
  13.751   42.137   26.899
  15.095   41.693   26.884
  16.171   42.582   26.994
  15.942   43.946   27.122
  11.676   40.422   26.687
  10.332   40.866   26.701
  16.742   44.031   26.243
  16.703   43.857   28.034
  15.763   45.094   27.230
   9.571   40.955   25.789
   9.532   40.781   27.580
  10.191   40.102   26.624
  17.760   27.921   34.759
  17.561   28.671   35.864
  16.497   28.416   36.761
  16.291   29.193   37.907
  17.141   30.253   38.197
  17.959   27.172   33.654
  19.023   27.427   32.756
  17.185   29.753   39.277
  16.125   30.861   38.335
  17.847   31.146   38.451
  20.039   26.819   32.618
  18.979   27.927   31.676
  18.714   26.814   32.383
  19.826   24.241   25.243
  19.525   25.556   25.282
  18.197   26.026   25.145
  17.885   27.390   25.186
  18.890   28.333   25.364
  20.127   22.925   25.204
  21.454   22.455   25.340
  18.162   28.757   26.207
  18.382   28.861   24.424
  19.723   29.135   25.514
  21.962   21.927   26.281
  22.182   22.031   24.497
  21.104   21.762   25.257
   3.642   41.731   31.225
   4.434   40.711   30.831
   4.004   39.749   29.887
   4.825   38.691   29.479
   6.106   38.558   30.000
   2.850   42.751   31.618
   3.280   43.713   32.562
   6.420   38.449   28.856
   5.770   37.430   30.190
   7.183   38.434   30.430
   3.615   44.841   32.373
   2.966   43.822   33.707
   2.565   44.002   32.435
  10.154    0.702   13.030
   9.474    0.784   11.867
   9.818   -0.001   10.741
   9.112    0.084    9.534
   8.038    0.957    9.411
  10.835    0.621   14.193
  10.491    1.405   15.320
   7.478   -0.000    8.975
   8.595    1.295    8.413
   7.135    1.685    9.295
   9.935    1.067   16.318
  11.051    2.362   15.756
  11.094    1.023   15.637
  15.366   37.492   40.787
  14.030   37.682   40.796
  13.324   38.104   39.644
  11.938   38.301   39.654
  11.208   38.083   40.816
  16.703   37.302   40.777
  17.409   36.881   41.929
  10.506   37.441   40.099
  10.753   39.159   40.577
  10.583   37.904   41.784
  17.863   35.805   42.168
  18.111   37.523   42.646
  18.018   36.928   41.443
  38.480    4.069   41.514
  38.770    4.789   42.619
  39.670    5.880   42.587
  39.971    6.627   43.733
  39.381    6.310   44.950
  38.191    3.348   40.410
  37.291    2.257   40.441
  39.136    7.475   44.988
  40.500    6.361   45.357
  38.894    6.054   45.978
  36.172    2.206   40.034
  37.536    1.091   40.403
  37.470    2.225   39.681
  34.061   10.410   28.253
  33.804    9.214   28.824
  34.341    8.009   28.313
  34.076    6.768   28.905
  33.264    6.689   30.030
  34.317   11.606   27.682
  33.780   12.812   28.193
  34.155    6.030   30.467
  32.711    5.834   29.410
  32.584    6.608   30.974
  34.333   13.666   28.813
  32.889   13.471   27.756
  34.177   13.118   27.594
   4.591   22.752   42.157
   5.742   23.322   42.572
   6.559   22.728   43.563
   7.753   23.319   43.993
   8.172   24.526   43.447
   3.439   22.182   41.742
   2.623   22.776   40.751
   9.209   23.954   43.309
   8.307   24.845   44.587
   8.536   25.539   42.998
   2.488   22.456   39.611
   1.586   23.348   40.889
   2.185   22.143   40.884
  19.037    6.496   34.396
  17.736    6.203   34.190
  17.009    5.361   35.064
  15.659    5.057   34.850
  14.988    5.584   33.753
  20.339    6.789   34.603
  21.066    7.632   33.728
  14.169    5.886   34.564
  14.647    4.455   33.583
  14.413    6.020   32.837
  21.407    8.761   33.899
  21.885    7.330   32.918
  21.643    7.479   34.232
  41.636   25.523   30.827
  42.893   26.015   30.840
  44.029   25.170   30.847
  45.333   25.679   30.861
  45.548   27.052   30.869
  40.379   25.032   30.813
  39.243   25.877   30.806
  46.297   26.808   29.975
  46.280   26.800   31.775
  45.743   28.201   30.876
  38.511   26.128   29.901
  38.494   26.120   31.700
  38.867   25.193   30.800
  34.083   20.001    2.259
  33.061   19.476    2.967
  31.979   20.267    3.421
  30.918   19.723    4.155
  30.902   18.368    4.461
  35.106   20.526    1.551
  36.188   19.735    1.097
  29.789   18.418    4.036
  30.676   18.753    5.566
  30.875   17.232    4.725
  36.413   19.350   -0.008
  37.300   19.684    1.522
  36.428   20.419    0.808
   9.200   45.068    8.720
   9.396   43.812    9.172
   8.523   42.749    8.837
   8.727   41.446    9.306
   9.810   41.158   10.127
   9.003   46.325    8.267
   9.876   47.388    8.602
   9.989   40.265    9.359
   8.987   40.631   10.809
  10.715   40.903   10.817
  10.699   47.915    7.921
   9.697   48.281    9.371
   9.380   47.794    8.157
  45.227   33.893   27.004
  46.315   33.110   27.167
  47.523   33.351   26.471
  48.651   32.539   26.639
  48.611   31.456   27.509
  44.140   34.676   26.842
  42.931   34.435   27.538
  49.627   31.919   27.925
  49.065   30.861   26.582
  48.591   30.544   28.236
  42.477   35.030   28.465
  41.915   33.972   27.122
  42.700   35.064   27.139
  16.083   16.081   45.783
  17.076   16.681   45.092
  17.400   18.046   45.278
  18.429   18.668   44.562
  19.172   17.948   43.635
  15.090   15.481   46.473
  14.766   14.116   46.287
  20.104   18.418   44.210
  18.933   18.871   42.920
  19.803   17.355   42.854
  15.005   13.193   47.002
  13.834   13.646   45.712
  14.230   14.279   46.831
  37.035   43.756   40.279
  35.704   43.958   40.185
  35.084   45.122   40.698
  33.704   45.332   40.601
  32.893   44.385   39.988
  38.367   43.553   40.372
  38.986   42.389   39.859
  32.469   45.325   39.390
  32.233   44.502   40.973
  32.201   43.599   39.476
  39.646   42.272   38.873
  39.410   41.449   40.457
  39.628   42.737   40.136
  29.887   46.056   25.411
  29.196   45.304   24.529
  28.438   44.179   24.935
  27.721   43.398   24.021
  27.736   43.714   22.668
  30.579   46.809   26.293
  31.336   47.934   25.887
  26.552   43.612   22.764
  27.993   42.558   22.534
  27.739   43.968   21.530
  31.078   49.089   26.021
  32.519   48.036   25.790
  31.488   47.974   26.652
  39.798   31.974   44.312
  40.283   31.839   43.059
  39.990   30.710   42.259
  40.493   30.570   40.960
  41.308   31.554   40.415
  39.313   32.109   45.564
  39.606   33.238   46.365
  40.563   31.475   39.489
  42.015   30.635   40.142
  41.993   32.373   39.946
  38.899   34.158   46.639
  40.351   33.317   47.292
  39.156   32.859   46.878
  11.555   27.956   48.559
  10.472   27.737   47.784
   9.154   27.825   48.293
   8.031   27.598   47.488
   8.185   27.275   46.146
  12.638   28.175   49.335
  13.955   28.087   48.826
   7.382   28.139   45.980
   7.430   26.391   46.406
   8.300   27.003   45.018
  14.710   28.971   48.566
  14.759   27.223   48.992
  14.138   28.272   49.562
  12.578   10.446   10.563
  12.736    9.213   10.035
  13.648    8.958    8.984
  13.811    7.679    8.437
  13.067    6.611    8.922
  12.421   11.679   11.090
  11.509   11.934   12.141
  14.126    6.066    8.974
  12.836    6.417    7.769
  12.450    5.705    9.320
  11.741   12.127   13.294
  10.450   12.479   12.089
  11.783   12.661   12.060
   1.564    6.552   24.960
   1.371    7.843   24.615
   0.188    8.278   23.971
  -0.012    9.617   23.613
   0.963   10.568   23.887
   1.757    5.261   25.305
   2.939    4.826   25.949
   0.051   11.182   24.346
   0.808   10.867   22.744
   1.773   11.376   24.110
   3.094    4.527   27.092
   3.851    4.212   25.489
   2.577    4.135   25.913
  30.783   10.549   30.413
  30.942   10.864   29.110
  30.446   12.072   28.565
  30.611   12.399   27.213
  31.277   11.530   26.359
  30.624   10.234   31.716
  31.120    9.026   32.261
  31.883   12.508   26.048
  30.326   11.693   25.661
  31.835   10.809   25.631
  32.072    8.863   32.960
  30.514    8.048   32.573
  30.806    9.316   32.915
  26.619   49.730   22.417
  27.290   49.512   21.265
  26.837   50.022   20.026
  27.532   49.796   18.832
  28.705   49.052   18.835
  25.949   49.948   23.568
  26.402   49.438   24.808
  29.136   49.969   18.208
  28.183   48.466   17.938
  29.691   48.429   18.823
  26.924   50.023   25.705
  25.971   48.520   25.434
  25.760   49.798   25.069
  28.512   27.313   30.373
  27.872   27.933   29.358
  26.501   28.274   29.434
  25.837   28.917   28.382
  26.522   29.242   27.217
  29.152   26.693   31.387
  30.523   26.352   31.312
  26.032   30.316   27.383
  25.596   28.717   26.681
  27.084   29.520   26.234
  31.449   26.877   31.847
  31.013   25.278   31.145
  30.384   26.075   32.028
   8.546   35.670   47.315
   7.874   34.632   46.774
   6.863   34.817   45.802
   6.166   33.740   45.241
   6.455   32.439   45.634
   9.219   36.709   47.855
  10.230   36.523   48.827
   6.507   32.235   44.461
   5.274   32.355   45.766
   6.687   31.342   45.954
  11.411   36.607   48.695
  10.177   36.727   50.000
  10.263   37.303   48.787
  29.001   18.415   11.333
  28.307   18.663   10.202
  28.890   18.530    8.919
  28.170   18.788    7.747
  26.841   19.188    7.815
  29.696   18.166   12.463
  29.113   18.300   13.746
  26.675   18.325    7.011
  27.197   20.047    7.069
  25.726   19.525    7.858
  28.757   17.441   14.492
  29.279   19.163   14.550
  29.825   18.076   13.976
  18.386   44.695   35.917
  18.843   43.428   35.836
  20.149   43.073   36.248
  20.623   41.759   36.163
  19.808   40.751   35.663
  17.929   45.963   35.999
  16.622   46.317   35.587
  20.143   40.170   36.648
  20.756   40.498   34.987
  19.133   39.896   35.246
  15.674   46.571   36.263
  16.287   46.899   34.602
  16.858   47.026   35.814
  24.569   16.380   32.354
  24.387   17.519   33.056
  25.474   18.258   33.581
  25.285   19.439   34.309
  24.004   19.924   34.537
  24.750   15.241   31.652
  23.664   14.503   31.127
  24.462   20.951   34.143
  24.373   19.998   35.667
  22.933   20.342   34.736
  23.294   14.429   29.997
  23.205   13.476   31.521
  24.239   14.041   30.872
  35.934    2.506   35.541
  35.538    3.689   35.025
  36.010    4.159   33.776
  35.600    5.386   33.241
  34.703    6.187   33.936
  36.330    1.323   36.056
  35.857    0.854   37.305
  34.129    6.225   32.892
  35.501    7.044   33.719
  33.950    6.869   34.508
  35.059   -0.004   37.521
  36.431    0.816   38.349
  36.322    0.250   37.133
  26.349   44.561    1.916
  25.700   45.720    1.676
  26.196   46.683    0.766
  25.523   47.885    0.517
  24.329   48.167    1.169
  26.998   43.402    2.156
  26.502   42.439    3.066
  23.940   48.420    0.072
  24.855   49.209    1.406
  23.326   48.416    1.710
  25.976   41.396    2.829
  26.891   42.185    4.163
  27.148   42.057    2.849
   3.369    7.947    4.429
   4.049    7.104    5.235
   5.231    7.499    5.906
   5.936    6.625    6.742
   5.485    5.325    6.936
   2.689    8.790    3.623
   1.507    8.396    2.952
   5.631    5.586    8.090
   6.613    5.035    6.685
   5.117    4.232    7.109
   0.379    8.686    3.203
   1.360    8.135    1.798
   1.540    9.129    2.686
  45.841    5.604    7.054
  45.432    6.875    6.853
  46.302    7.874    6.356
  45.877    9.192    6.148
  44.567    9.557    6.428
  46.251    4.334    7.255
  45.381    3.335    7.751
  44.603   10.034    5.337
  45.081   10.454    7.021
  43.469    9.877    6.659
  44.866    2.438    7.159
  45.344    2.858    8.843
  46.020    2.892    7.680
  33.672   48.639   36.041
  32.549   48.781   35.305
  32.574   48.774   33.890
  31.409   48.922   33.128
  30.178   49.081   33.752
  34.795   48.496   36.776
  34.771   48.503   38.191
  29.835   48.215   33.008
  30.063   50.001   33.004
  29.139   49.215   34.264
  34.886   47.582   38.939
  35.114   49.368   38.935
  35.540   48.404   38.099
  12.593   18.396    3.137
  12.479   17.206    2.510
  13.521   16.675    1.713
  13.402   15.441    1.063
  12.237   14.694    1.186
  12.708   19.586    3.764
  11.666   20.117    4.561
  12.988   13.806    1.443
  12.305   14.633   -0.003
  11.265   14.057    1.280
  11.597   20.178    5.749
  10.914   21.006    4.304
  12.177   20.700    4.653
  42.206   44.593    8.807
  40.970   44.623    9.350
  39.802   44.493    8.562
  38.520   44.525    9.125
  38.361   44.689   10.495
  43.442   44.562    8.265
  44.610   44.693    9.053
  37.637   43.748   10.392
  37.585   45.534   10.173
  38.213   44.825   11.644
  45.386   43.847    9.375
  45.334   45.633    9.156
  44.959   44.617    8.358
  38.898   22.424   25.159
  39.564   23.520   24.738
  40.137   23.600   23.447
  40.828   24.736   23.010
  40.971   25.834   23.850
  38.231   21.328   25.580
  37.659   21.248   26.872
  40.584   26.445   22.903
  42.119   25.756   23.541
  41.099   26.762   24.544
  36.510   21.326   27.180
  38.046   20.637   27.818
  37.447   20.541   26.618
  38.055   42.342   25.807
  38.029   41.000   25.660
  39.197   40.254   25.371
  39.170   38.863   25.219
  37.975   38.167   25.351
  38.081   43.684   25.953
  36.914   44.429   26.243
  38.611   37.472   26.080
  38.300   37.670   24.318
  36.978   37.571   25.459
  36.588   44.926   27.276
  36.278   45.125   25.514
  37.418   45.025   26.221
  22.499   35.477   31.150
  22.490   36.018   29.914
  22.978   37.323   29.663
  22.968   37.885   28.381
  22.469   37.163   27.304
  22.509   34.935   32.387
  22.020   33.630   32.638
  23.491   37.485   26.782
  21.851   38.158   27.090
  22.054   36.568   26.391
  22.639   32.635   32.851
  20.999   33.308   33.159
  22.230   33.807   33.369
  44.596   31.988   11.526
  44.950   33.003   12.342
  43.991   33.858   12.936
  44.358   34.910   13.783
  45.697   35.146   14.066
  44.242   30.973   10.709
  45.202   30.119   10.115
  45.321   35.166   15.196
  45.426   36.270   13.778
  46.818   35.356   14.312
  45.473   28.995   10.403
  45.579   30.099    8.985
  44.563   29.789    9.811
  47.239    4.978   39.981
  46.246    5.468   39.209
  45.596    6.689   39.509
  44.565    7.197   38.709
  44.148    6.503   37.580
  48.233    4.489   40.753
  48.883    3.268   40.453
  44.271    7.560   37.044
  43.061    6.672   38.038
  43.788    5.930   36.630
  49.970    3.099   39.995
  48.760    2.211   40.989
  49.283    3.445   41.099
  21.049   47.162    5.519
  21.810   47.706    6.492
  21.246   48.252    7.669
  22.036   48.816    8.678
  23.418   48.855    8.546
  20.287   46.617    4.546
  20.852   46.072    3.369
  23.406   48.395    9.645
  23.284   50.001    8.842
  24.580   48.893    8.447
  20.986   44.925    3.073
  20.864   46.531    2.270
  20.102   45.931    3.202
  34.318    8.737   21.568
  34.394    7.390   21.543
  35.269    6.672   22.392
  35.349    5.275   22.365
  34.556    4.545   21.488
  34.241   10.085   21.594
  33.366   10.803   20.745
  34.291    3.910   22.461
  35.583    4.008   21.212
  33.896    3.920   20.757
  32.339   11.340   21.021
  33.632   11.438   19.772
  33.679   11.415   21.116
  29.417   10.296    8.012
  30.316   10.933    7.233
  30.122   11.094    5.841
  31.055   11.755    5.033
  32.216   12.277    5.588
  28.517    9.659    8.791
  28.711    9.497   10.183
  31.904   13.261    4.992
  32.750   11.700    4.693
  33.195   12.720    6.042
  28.178   10.074   11.079
  29.023    8.513   10.779
  28.022    9.134   10.129
  48.458   11.198   42.341
  48.626   12.406   41.762
  47.587   13.365   41.712
  47.761   14.618   41.111
  48.982   14.956   40.539
  48.289    9.991   42.920
  49.328    9.031   42.970
  48.860   15.952   41.182
  48.309   15.274   39.608
  50.000   15.252   40.055
  50.001    8.713   43.901
  49.450    8.035   42.327
  48.781    8.615   43.341
  43.448   19.407   28.392
  44.352   18.532   28.880
  45.576   18.957   29.449
  46.514   18.050   29.955
  46.262   16.684   29.911
  42.543   20.282   27.903
  41.319   19.856   27.334
  46.573   16.721   31.061
  47.357   16.629   29.443
  46.063   15.536   29.880
  40.225   19.911   27.802
  41.009   19.819   26.184
  41.218   20.625   27.241
  15.961   13.072    8.209
  17.036   13.592    8.840
  17.592   14.839    8.470
  18.707   15.378    9.124
  19.305   14.689   10.171
  14.887   12.553    7.579
  14.330   11.305    7.949
  19.221   15.735   10.736
  20.309   14.903    9.567
  19.816   14.121   11.052
  13.326   11.091    8.553
  14.414   10.259    7.385
  13.836   11.474    7.368
  42.801   15.111   17.014
  42.768   16.421   17.336
  43.482   17.394   16.596
  43.447   18.753   16.930
  42.698   19.188   18.016
  42.835   13.800   16.691
  42.121   12.827   17.431
  42.275   19.986   17.239
  43.701   19.758   18.314
  42.074   19.567   18.925
  41.118   12.257   17.134
  42.544   12.029   18.209
  42.441   12.347   16.905
  42.039   46.309   38.351
  42.458   46.023   39.603
  43.819   45.776   39.900
  44.253   45.479   41.197
  43.342   45.418   42.244
  41.620   46.595   37.100
  40.259   46.842   36.803
  44.122   46.132   42.793
  43.874   44.378   42.475
  42.587   45.365   43.131
  39.727   47.883   36.572
  39.478   46.128   36.254
  40.543   46.932   36.081
  39.777   37.437    8.667
  39.088   36.320    8.987
  39.446   35.509   10.090
  38.732   34.352   10.422
  37.635   33.964    9.663
  40.465   38.553    8.346
  40.108   39.364    7.243
  37.098   33.874   10.723
  38.178   32.903    9.659
  36.713   33.626    9.034
  39.565   40.425    7.247
  40.645   39.454    6.183
  40.722   39.780    7.486
  40.451    6.968    8.445
  41.335    6.970    7.424
  41.235    7.883    6.347
  42.151    7.886    5.289
  43.201    6.975    5.270
  39.567    6.966    9.465
  39.667    6.053   10.542
  43.863    7.942    5.052
  42.831    6.771    4.156
  44.086    6.217    5.241
  40.036    6.258   11.656
  39.004    5.087   10.759
  39.028    6.432   10.783
   9.305   31.199   37.107
   9.040   32.253   37.908
   7.753   32.836   37.980
   7.479   33.930   38.810
   8.482   34.479   39.598
   9.569   30.145   36.307
  10.857   29.562   36.235
   7.672   34.385   40.467
   8.107   35.509   39.130
   9.315   34.950   40.265
  11.232   28.532   36.703
  11.666   29.656   35.366
  10.499   29.092   35.724
   2.634   23.343   29.626
   2.868   22.019   29.508
   4.180   21.491   29.464
   4.424   20.118   29.343
   3.364   19.223   29.261
   2.399   24.668   29.743
   1.087   25.196   29.787
   3.958   18.641   30.114
   3.962   18.801   28.321
   2.483   18.462   29.191
   0.488   25.618   30.727
   0.492   25.778   28.934
   1.475   25.871   29.848
  31.689   47.578    3.131
  31.836   47.991    4.408
  32.954   47.620    5.192
  33.106   48.048    6.516
  32.146   48.863    7.103
  31.543   47.166    1.854
  30.425   47.537    1.069
  33.087   49.525    7.416
  32.200   48.067    7.989
  31.348   49.547    7.608
  30.372   48.333    0.184
  29.485   46.875    0.757
  30.791   47.103    0.533
  14.504   28.403   43.597
  14.690   29.310   44.580
  13.876   30.461   44.701
  14.069   31.402   45.720
  15.083   31.225   46.653
  14.318   27.495   42.615
  15.132   26.344   42.494
  14.216   31.441   47.442
  15.350   32.355   46.384
  15.930   31.089   47.443
  14.865   25.215   42.763
  15.998   26.128   41.704
  14.667   26.211   41.880
  42.203    5.788   10.861
  42.363    7.128   10.891
  41.369    7.991   11.411
  41.535    9.381   11.442
  42.700    9.958   10.953
  42.043    4.448   10.831
  43.037    3.586   10.310
  42.694   10.540   11.993
  41.947   10.665   10.360
  43.673   10.455   10.546
  43.790    2.878   10.904
  43.044    3.004    9.271
  42.515    3.039   10.507
  39.439   40.001   43.403
  38.579   40.233   42.388
  37.861   41.448   42.277
  36.970   41.689   41.225
  36.765   40.725   40.246
  40.298   39.768   44.417
  41.016   38.553   44.528
  36.952   41.632   39.497
  35.612   40.929   40.471
  36.583   39.924   39.418
  42.169   38.350   44.304
  40.828   37.646   45.278
  41.298   38.902   45.168
  17.427   24.391   19.717
  16.371   24.192   20.534
  15.770   25.251   21.255
  14.675   25.043   22.102
  14.142   23.770   22.258
  18.483   24.591   18.900
  19.085   23.532   18.179
  13.106   24.319   22.045
  14.227   24.019   23.421
  13.684   22.707   22.399
  19.000   23.283   17.017
  20.121   22.983   18.393
  19.548   24.108   17.927
  24.128    3.020   42.020
  25.426    3.193   41.693
  25.943    4.455   41.314
  27.289    4.634   40.975
  28.168    3.558   41.005
  22.829    2.848   42.346
  22.313    1.586   42.726
  28.851    4.301   41.638
  28.467    3.940   39.917
  28.916    2.664   41.025
  22.013    1.204   43.814
  21.629    0.843   42.093
  21.650    1.995   42.788
  42.359   38.273   18.882
  42.922   39.424   19.305
  44.258   39.479   19.769
  44.842   40.673   20.209
  44.112   41.855   20.199
  41.796   37.121   18.458
  40.460   37.066   17.994
  45.072   42.292   19.646
  44.504   41.954   21.320
  43.510   42.854   20.196
  40.068   36.967   16.873
  39.500   36.629   18.547
  40.636   36.311   17.901
   7.267    3.006   20.451
   7.969    2.486   21.480
   9.316    2.841   21.725
  10.044    2.302   22.792
   9.450    1.388   23.654
   6.566    3.526   19.421
   5.218    3.170   19.176
   9.887    2.101   24.503
  10.434    0.750   23.447
   8.963    0.621   24.384
   4.233    3.809   19.383
   4.781    2.457   18.328
   5.305    3.670   18.582
  11.900   30.934   10.864
  12.789   30.435   11.749
  14.147   30.224   11.411
  15.069   29.707   12.329
  14.666   29.383   13.618
  11.011   31.432    9.979
   9.654   31.643   10.317
  15.619   30.024   13.937
  15.224   28.354   13.394
  14.342   29.107   14.704
   9.096   32.672   10.542
   8.701   31.002    9.998
   9.618   31.892    9.578
  14.390   37.800    4.460
  13.706   37.860    5.622
  13.514   39.078    6.317
  12.804   39.141    7.522
  12.260   37.988    8.075
  15.075   37.739    3.298
  15.267   36.522    2.604
  11.272   38.649    8.156
  12.797   38.368    9.069
  11.799   37.028    8.551
  14.730   36.142    1.610
  16.255   35.861    2.523
  15.649   36.988    2.108
  35.334    7.061   47.369
  35.191    8.403   47.402
  33.918    9.022   47.399
  33.770   10.414   47.434
  34.889   11.236   47.473
  35.477    5.719   47.335
  36.749    5.100   47.338
  34.315   11.756   48.378
  34.342   11.804   46.579
  35.820   11.938   47.506
  37.296    4.532   48.232
  37.324    4.580   46.433
  36.316    4.451   47.314
  21.268   26.523   41.017
  22.208   27.420   40.650
  23.109   27.986   41.583
  24.084   28.915   41.202
  24.194   29.312   39.875
  20.327   25.627   41.384
  19.426   25.061   40.452
  25.349   29.067   40.033
  24.189   30.410   40.338
  24.296   29.653   38.765
  19.431   23.963   39.989
  18.271   25.305   40.294
  19.166   24.691   41.088
  43.732    6.646   16.700
  43.689    7.532   17.717
  43.889    8.918   17.514
  43.845    9.837   18.569
  43.599    9.403   19.865
  43.775    5.760   15.682
  43.575    4.374   15.885
  42.789   10.277   19.866
  44.557   10.061   20.129
  43.393    9.052   20.958
  42.617    3.716   15.622
  44.384    3.500   15.885
  43.687    4.353   15.113
  26.469   27.606   20.477
  25.291   27.619   21.136
  24.493   26.458   21.269
  23.271   26.472   21.953
  22.804   27.647   22.528
  27.647   27.592   19.818
  28.446   28.753   19.685
  22.647   26.961   23.489
  21.795   27.372   21.958
  22.401   28.627   23.015
  29.455   29.028   20.255
  28.603   29.439   18.723
  28.909   28.260   19.295
  46.364   39.388   21.820
  45.895   40.386   22.599
  44.530   40.475   22.962
  44.043   41.509   23.770
  44.903   42.491   24.245
  46.834   38.391   21.040
  48.199   38.302   20.677
  44.397   42.244   25.295
  44.072   43.237   23.829
  45.615   43.322   24.649
  49.030   37.556   21.093
  48.705   38.549   19.627
  47.947   37.665   20.302
  13.960    4.838   29.635
  14.131    3.549   30.000
  15.335    2.851   29.745
  15.512    1.514   30.124
  14.491    0.829   30.771
  13.789    6.126   29.270
  12.585    6.825   29.525
  15.353    0.532   31.538
  14.705   -0.005   29.947
  13.643    0.242   31.315
  12.372    7.658   30.349
  11.723    7.122   28.758
  12.972    7.404   29.172
  40.313   36.753   11.798
  41.589   36.446   11.481
  42.632   37.399   11.560
  43.955   37.080   11.232
  44.282   35.797   10.811
  39.037   37.061   12.115
  37.994   36.108   12.035
  45.142   35.888   11.631
  44.834   36.368    9.924
  44.570   34.724   10.458
  37.442   35.536   12.923
  37.134   36.016   11.216
  37.566   36.713   12.283
  45.321   12.853   23.898
  44.716   11.647   23.949
  43.308   11.516   24.012
  42.681   10.266   24.064
  43.438    9.102   24.054
  45.926   14.058   23.848
  47.334   14.189   23.785
  42.684    8.773   23.192
  42.762    8.808   24.990
  44.062    8.116   24.047
  48.010   14.482   22.849
  48.088   14.518   24.647
  47.156   14.950   23.777
   6.250   13.941   47.930
   4.967   13.542   48.072
   3.934   14.447   48.412
   2.604   14.034   48.558
   2.261   12.701   48.370
   7.532   14.339   47.789
   8.565   13.434   47.449
   1.411   13.154   47.669
   1.703   12.833   49.415
   1.959   11.585   48.215
   9.123   13.303   46.404
   9.415   12.981   48.151
   9.001   14.081   47.495
   2.246   13.575    9.306
   2.081   12.237    9.380
   0.802   11.636    9.333
   0.630   10.248    9.410
   1.733    9.413    9.537
   2.411   14.913    9.232
   3.691   15.515    9.280
   1.225    8.820    8.637
   1.104    8.935   10.429
   2.650    8.700    9.645
   4.320   15.993    8.388
   4.199   16.107   10.180
   3.270   16.168    9.209
  18.127   32.624    5.551
  17.172   32.836    4.621
  15.856   32.338    4.772
  14.864   32.557    3.808
  15.154   33.282    2.659
  19.083   32.412    6.480
  20.399   32.910    6.330
  14.163   33.880    2.943
  14.641   32.360    2.105
  15.383   33.889    1.690
  20.912   33.832    6.884
  21.391   32.313    6.046
  20.497   32.560    7.021
  23.460   44.046   10.228
  24.039   44.964   11.031
  24.502   46.207   10.538
  25.102   47.158   11.372
  25.260   46.901   12.728
  22.881   43.129    9.424
  22.418   41.886    9.917
  24.771   47.980   12.857
  26.383   47.249   12.530
  25.399   46.698   13.868
  21.295   41.538   10.115
  22.907   40.807    9.789
  22.220   41.783    9.169
  26.147   22.651   47.459
  24.852   22.813   47.117
  24.468   23.373   45.876
  23.124   23.541   45.521
  22.116   23.157   46.396
  27.443   22.488   47.801
  27.827   21.929   49.043
  21.674   22.603   45.438
  21.686   24.246   46.174
  21.260   22.838   47.121
  28.257   20.840   49.265
  28.269   22.483   50.001
  28.543   22.052   48.756
   4.770   36.033    7.076
   4.735   37.382    7.113
   4.885   38.102    8.322
   4.849   39.501    8.361
   4.661   40.230    7.193
   4.804   34.684    7.038
   4.654   33.963    5.829
   5.607   40.844    7.578
   3.826   40.791    7.831
   4.504   40.853    6.220
   5.490   33.402    5.191
   3.709   33.349    5.444
   4.740   33.351    6.307
  41.779   32.976   37.441
  42.327   31.865   36.903
  41.961   31.395   35.620
  42.530   30.244   35.061
  43.484   29.522   35.767
  41.231   34.086   37.980
  41.597   34.556   39.263
  44.099   29.590   34.749
  42.797   28.589   35.486
  44.286   28.906   36.348
  42.284   35.489   39.544
  40.982   34.488   40.281
  41.074   35.111   39.092
  43.358   31.403   28.035
  43.599   30.316   27.271
  44.014   30.424   25.922
  44.264   29.297   25.130
  44.108   28.022   25.658
  43.117   32.490   28.798
  42.702   32.381   30.147
  45.193   27.840   25.199
  43.473   27.831   24.669
  43.981   26.946   26.089
  43.337   32.572   31.137
  41.617   32.563   30.607
  42.711   33.161   30.101
  24.813   28.295   18.805
  23.760   27.472   18.613
  23.671   26.208   19.244
  22.579   25.355   19.044
  21.537   25.736   18.208
  25.866   29.118   18.998
  25.955   30.382   18.367
  20.853   25.412   19.128
  21.699   24.656   17.731
  20.656   26.042   17.509
  25.794   31.461   18.845
  26.640   30.705   17.447
  26.630   30.411   18.760
  12.264   30.109    3.537
  12.497   30.608    4.770
  11.468   31.178    5.555
  11.710   31.696    6.834
  12.990   31.661    7.372
  12.030   29.610    2.305
  13.060   29.040    1.519
  12.438   31.198    8.321
  12.784   32.812    7.602
  14.060   31.638    7.835
  13.266   27.889    1.288
  13.612   29.503    0.570
  12.473   28.940    1.013
  29.450   20.704   40.724
  30.718   21.103   40.490
  31.741   20.187   40.149
  33.057   20.601   39.906
  33.396   21.945   39.997
  28.181   20.305   40.957
  27.158   21.220   41.299
  33.898   21.757   38.933
  34.287   21.541   40.677
  33.694   23.070   40.069
  26.267   21.625   40.619
  26.656   21.409   42.363
  26.727   20.569   41.315
  33.135   30.096   44.057
  32.337   29.038   44.313
  30.927   29.150   44.332
  30.099   28.052   44.598
  30.652   26.804   44.854
  33.933   31.154   43.801
  35.344   31.043   43.781
  29.867   26.433   44.038
  29.922   26.817   45.795
  31.104   25.750   45.070
  36.074   31.029   42.840
  36.129   31.414   44.598
  35.295   31.805   43.616
  15.559   20.778   39.087
  16.157   21.886   38.599
  17.535   21.914   38.277
  18.156   23.063   37.771
  17.420   24.224   37.568
  14.961   19.671   39.575
  13.583   19.643   39.896
  17.932   24.205   36.492
  18.312   24.738   38.169
  16.815   25.205   37.393
  12.692   19.128   39.295
  13.072   19.662   40.972
  13.753   18.906   40.092
  48.087    8.177   16.150
  48.013    9.399   16.721
  49.169   10.108   17.126
  49.092   11.375   17.718
  47.858   11.977   17.925
  48.161    6.956   15.579
  47.005    6.247   15.174
  48.373   12.915   17.403
  48.273   12.150   19.029
  46.828   12.494   18.106
  46.590    6.074   14.071
  46.490    5.308   15.697
  47.536    5.717   14.957
   3.228   40.061   42.742
   3.146   39.665   44.030
   3.099   40.591   45.098
   3.013   40.181   46.434
   2.972   38.828   46.749
   3.311   40.457   41.454
   3.358   39.530   40.386
   2.037   39.145   47.416
   3.833   39.115   47.521
   2.937   37.696   47.028
   2.497   39.243   39.614
   4.294   39.213   39.719
   3.394   40.184   39.961
  46.069   30.159   35.941
  45.306   31.220   35.601
  45.833   32.531   35.530
  45.042   33.631   35.178
  43.695   33.459   34.885
  46.832   29.098   36.280
  46.304   27.787   36.351
  43.957   34.102   33.917
  43.548   34.361   35.650
  42.563   33.330   34.637
  46.451   26.885   35.587
  46.042   27.145   37.320
  47.039   27.616   36.551
  26.325    4.061   28.501
  26.306    3.919   29.844
  26.458    5.023   30.716
  26.439    4.876   32.108
  26.266    3.621   32.678
  26.344    4.202   27.159
  26.192    3.098   26.286
  25.434    4.173   33.327
  27.217    3.928   33.327
  26.121    2.573   33.169
  25.241    2.792   25.637
  27.024    2.546   25.636
  26.268    3.654   25.742
  25.076    4.145   23.911
  24.264    4.745   24.807
  23.406    4.005   25.655
  22.564    4.627   26.585
  22.548    6.011   26.699
  25.888    3.546   23.015
  26.746    4.286   22.167
  22.669    5.787   27.863
  21.367    5.874   26.623
  22.526    7.172   26.805
  27.927    4.423   22.243
  26.625    4.511   21.003
  26.938    3.572   21.915
  17.921   25.984   10.311
  16.908   25.116   10.107
  15.554   25.529   10.111
  14.503   24.629    9.898
  14.768   23.284    9.675
  18.935   26.852   10.516
  20.288   26.438   10.512
  14.033   23.427    8.747
  13.943   23.115   10.518
  14.976   22.152    9.486
  21.113   26.607    9.668
  21.023   26.295   11.439
  20.410   27.197   10.652
  46.850   31.715   17.182
  45.604   31.648   17.699
  44.644   30.723   17.226
  43.353   30.654   17.763
  42.976   31.507   18.792
  48.095   31.782   16.664
  49.055   32.707   17.137
  42.594   30.504   19.309
  42.027   31.711   18.100
  42.646   32.218   19.656
  50.004   32.504   17.829
  49.437   33.710   16.620
  49.496   32.367   16.590
  26.032   45.869   41.606
  25.892   46.838   40.676
  25.037   47.948   40.872
  24.892   48.953   39.908
  25.597   48.883   38.713
  26.172   44.900   42.536
  27.027   43.790   42.339
  25.890   50.009   38.971
  24.532   49.095   38.223
  26.183   48.837   37.706
  28.092   43.579   42.830
  26.734   42.664   42.082
  26.765   43.598   43.050
   6.781   30.672   26.706
   7.742   30.557   27.647
   7.841   29.418   28.482
   8.838   29.299   29.458
   9.770   30.313   29.635
   5.820   30.787   25.765
   5.721   31.925   24.930
  10.558   29.421   29.582
   9.474   30.208   30.784
  10.559   31.157   29.793
   6.017   32.031   23.780
   4.933   32.818   24.983
   5.113   31.529   24.641
  36.548    6.386   15.847
  35.973    7.387   16.547
  34.569    7.491   16.691
  33.973    8.529   17.417
  34.759    9.500   18.024
  37.124    5.385   15.147
  38.527    5.282   15.002
  34.092    9.257   18.981
  34.011   10.256   17.486
  35.407   10.322   18.538
  39.275    4.526   15.541
  39.195    5.525   14.045
  38.331    4.648   14.590
  36.827   33.945   36.105
  36.787   32.642   36.455
  36.527   32.230   37.783
  36.485   30.878   38.146
  36.702   29.891   37.194
  36.867   35.248   35.755
  37.127   35.660   34.426
  35.703   29.421   37.643
  37.467   29.462   38.001
  36.882   29.052   36.404
  36.362   36.089   33.619
  38.125   36.131   33.977
  37.046   36.370   34.743
  27.393   34.824   45.722
  26.436   33.876   45.636
  26.680   32.529   45.996
  25.688   31.546   45.907
  24.416   31.874   45.456
  28.350   35.772   45.807
  28.106   37.119   45.447
  24.060   31.290   46.432
  24.567   30.931   44.743
  23.344   32.135   45.078
  27.954   38.062   46.160
  28.461   37.702   44.471
  28.854   37.199   45.655
  11.233    5.976   16.745
  11.258    6.994   17.630
  12.229    7.072   18.657
  12.255    8.129   19.575
  11.311    9.145   19.499
  11.208    4.957   15.859
  10.238    4.879   14.832
  12.263    9.858   19.567
  11.178    8.931   20.664
  10.525   10.005   19.447
  10.371    5.093   13.668
   9.285    4.166   14.764
  10.625    4.223   14.662
  41.840   12.074    8.674
  43.141   11.731    8.782
  44.138   12.671    9.139
  45.487   12.315    9.251
  45.888   11.006    9.010
  40.539   12.418    8.566
  39.543   11.478    8.209
  46.456   11.127   10.051
  46.705   11.523    8.313
  46.239    9.912    8.811
  38.726   10.962    8.907
  38.975   11.358    7.169
  39.078   12.102    8.285
  26.113   11.229   23.548
  26.077    9.883   23.453
  27.256    9.102   23.410
  27.219    7.706   23.311
  26.001    7.041   23.254
  26.149   12.575   23.643
  24.969   13.356   23.686
  26.477    6.366   24.113
  26.493    6.492   22.318
  24.985    6.470   23.204
  24.477   13.905   24.623
  24.493   14.030   22.827
  25.485   13.940   23.732
  22.434   13.847   22.075
  22.402   14.358   20.826
  22.266   15.746   20.587
  22.233   16.277   19.292
  22.335   15.437   18.189
  22.466   13.336   23.324
  22.602   11.948   23.563
  23.166   16.215   17.838
  21.376   16.034   17.810
  22.419   14.745   17.255
  23.561   11.351   23.943
  21.770   11.170   23.915
  22.567   12.181   24.308
  25.041   42.298   38.786
  24.884   43.506   38.204
  24.106   44.529   38.797
  23.943   45.782   38.194
  24.551   46.057   36.976
  25.198   41.090   39.368
  25.976   40.068   38.775
  24.922   47.043   37.532
  23.465   46.437   36.666
  25.057   46.301   35.954
  27.062   39.688   39.084
  25.605   39.081   38.219
  25.758   39.677   39.415
  41.091   32.372    6.182
  41.187   31.852    4.940
  41.859   30.632    4.688
  41.959   30.092    3.401
  41.391   30.752    2.318
  40.994   32.893    7.424
  40.323   34.113    7.675
  40.922   29.684    2.078
  42.460   30.583    1.820
  40.919   31.297    1.401
  39.254   34.283    8.173
  40.792   35.182    7.916
  40.538   33.957    8.410
  22.043    8.732   19.388
  20.975    9.545   19.249
  20.980   10.644   18.358
  19.871   11.487   18.214
  18.719   11.262   18.956
  23.112    7.918   19.527
  23.107    6.819   20.418
  18.175   11.363   17.900
  18.811   12.422   19.210
  17.745   11.084   19.573
  23.015    5.659   20.164
  23.650    6.717   21.474
  23.831    6.727   20.141
  23.952   24.777   30.290
  24.844   24.239   29.431
  24.593   23.023   28.753
  25.518   22.465   27.862
  26.728   23.104   27.619
  23.060   25.315   31.148
  23.311   26.531   31.827
  26.436   22.938   26.475
  27.191   22.026   27.831
  27.747   23.629   27.405
  22.848   27.608   31.614
  23.603   26.696   32.970
  22.603   26.388   32.124
   5.567   39.510   10.682
   5.175   38.231   10.499
   5.559   37.195   11.382
   5.153   35.869   11.192
   4.347   35.532   10.111
   5.959   40.789   10.866
   5.574   41.825    9.982
   3.691   34.981   10.939
   5.157   34.674    9.941
   3.671   35.235    9.208
   4.764   42.683   10.152
   6.231   42.376    9.155
   5.999   42.258   10.475
  41.451    2.213   17.112
  40.111    2.368   17.166
  39.510    3.479   17.803
  38.120    3.639   17.859
  37.282    2.694   17.280
  42.791    2.059   17.058
  43.393    0.947   16.421
  36.768    3.646   16.781
  36.725    2.734   18.333
  36.568    1.908   16.799
  43.950    0.907   15.368
  43.908   -0.004   16.920
  44.048    1.306   16.650
  28.961    1.855   32.954
  29.608    1.609   31.795
  30.012    2.650   30.926
  30.683    2.394   29.724
  30.975    1.089   29.348
  28.314    2.101   34.113
  27.910    1.060   34.982
  32.070    1.523   29.169
  30.491    1.418   28.310
  31.226   -0.002   29.021
  28.393    0.731   36.021
  26.815    0.626   35.162
  27.641    1.660   35.403
  39.915    5.633   18.044
  39.922    5.066   19.269
  38.800    5.127   20.130
  38.807    4.539   21.400
  39.936    3.869   21.856
  39.909    6.200   16.819
  41.030    6.139   15.958
  39.157    3.007   22.122
  39.782    4.541   22.828
  40.876    3.304   22.250
  41.184    5.468   14.986
  41.809    7.001   15.692
  40.559    6.548   15.489
  48.626   28.739   16.746
  48.111   28.255   15.596
  48.846   27.392   14.750
  48.312   26.890   13.557
  47.024   27.234   13.167
  49.141   29.223   17.896
  48.406   30.087   18.743
  46.896   26.059   13.015
  47.545   27.483   12.125
  45.944   27.515   12.829
  47.885   29.838   19.785
  48.534   31.262   18.895
  49.061   30.054   19.167
  29.264   30.980   35.564
  30.282   30.418   34.878
  31.187   31.190   34.113
  32.243   30.607   33.402
  32.431   29.230   33.431
  28.246   31.542   36.249
  27.340   30.770   37.015
  33.558   29.521   33.686
  32.492   29.344   32.247
  32.600   28.077   33.448
  27.279   30.657   38.199
  26.213   30.480   36.760
  27.029   31.472   37.159
  16.544   30.811   23.157
  16.942   31.024   21.885
  16.373   30.327   20.793
  16.787   30.549   19.474
  17.785   31.475   19.200
  16.145   30.597   24.429
  16.714   31.295   25.520
  17.010   31.875   18.387
  18.255   30.586   18.561
  18.621   32.250   18.955
  16.244   32.184   26.159
  17.489   30.895   26.333
  16.207   30.860   25.925
  23.209   37.631   38.027
  22.759   38.879   38.277
  23.583   40.018   38.125
  23.116   41.312   38.384
  21.807   41.513   38.805
  23.660   36.383   37.777
  22.835   35.243   37.929
  21.791   42.330   37.938
  22.319   42.177   39.652
  20.711   41.695   39.160
  22.324   34.579   37.082
  22.852   34.426   38.796
  23.483   34.875   37.696
   6.514   10.331   21.535
   6.247   10.861   22.747
   5.675   10.096   23.791
   5.399   10.645   25.049
   5.684   11.980   25.307
   6.780    9.801   20.322
   7.352   10.567   19.278
   6.212   11.544   26.282
   4.566   12.005   25.719
   5.918   13.099   25.538
   8.470   10.543   18.867
   6.823   11.003   18.303
   7.294    9.890   18.894
  27.695   33.524   23.339
  27.850   32.197   23.147
  26.746   31.315   23.072
  26.908   29.939   22.872
  28.180   29.395   22.740
  27.539   34.851   23.531
  28.643   35.733   23.606
  27.714   28.870   21.778
  27.792   28.621   23.559
  29.241   28.926   22.628
  29.031   36.507   22.788
  29.109   36.258   24.569
  28.077   36.263   23.705
  16.243   15.044    6.427
  15.068   14.658    6.967
  13.832   14.891    6.319
  12.613   14.490    6.880
  12.587   13.843    8.108
  17.418   15.430    5.887
  18.654   15.197    6.535
  11.890   13.063    7.536
  11.752   14.652    8.371
  12.550   13.298    9.139
  19.489   14.388    6.273
  19.351   15.977    7.107
  18.934   15.556    5.900
  33.859   43.567   35.494
  32.826   44.427   35.367
  32.691   45.275   34.242
  31.620   46.167   34.111
  30.646   46.243   35.099
  34.892   42.707   35.621
  35.027   41.859   36.746
  29.892   46.144   34.181
  30.847   47.415   35.025
  29.822   46.317   35.921
  34.826   40.686   36.820
  35.781   41.958   37.663
  35.669   41.631   36.363
   3.808    6.617   27.378
   5.144    6.497   27.529
   6.055    7.349   26.861
   7.441    7.224   27.018
   7.965    6.242   27.849
   2.472    6.738   27.226
   1.562    5.886   27.895
   8.602    7.144   28.296
   8.656    5.999   26.909
   8.419    5.422   28.543
   0.871    6.129   28.835
   0.925    4.983   27.447
   1.038    6.322   27.514
  37.561   22.539    4.140
  38.490   22.521    3.161
  38.416   23.383    2.041
  39.379   23.364    1.025
  40.451   22.484    1.093
  36.632   22.557    5.120
  36.707   21.696    6.240
  41.098   23.457    0.862
  40.138   22.220   -0.026
  41.356   21.749    1.138
  37.020   21.959    7.359
  36.060   20.722    6.471
  36.048   22.067    6.435
   1.906   14.173   20.024
   1.633   15.200   20.856
   0.644   16.167   20.554
   0.361   17.233   21.416
   1.055   17.369   22.612
   2.180   13.145   19.193
   3.168   12.178   19.495
  -0.034   17.489   23.080
   1.204   18.494   22.246
   1.630   17.496   23.618
   3.019   11.054   19.861
   4.257   12.059   19.026
   2.941   11.887   18.807
   5.951    5.475   15.439
   5.131    6.107   16.305
   4.763    5.532   17.545
   3.912    6.186   18.443
   3.398    7.440   18.134
   6.772    4.844   14.573
   7.140    5.419   13.333
   3.782    7.723   19.226
   2.359    6.946   18.444
   2.960    8.492   17.887
   8.179    5.912   13.023
   6.756    5.136   12.241
   7.541    4.752   13.264
  16.061   42.359    8.306
  16.192   43.587    8.851
  15.171   44.170    9.640
  15.307   45.444   10.205
  16.467   46.180   10.003
  15.930   41.132    7.760
  16.951   40.549    6.971
  16.431   46.318   11.186
  15.709   47.050    9.709
  17.436   46.808    9.841
  17.709   39.678    7.265
  16.987   40.411    5.788
  16.437   39.962    6.931
   8.142   13.526   38.517
   8.332   12.252   38.112
   7.345   11.539   37.392
   7.543   10.218   36.972
   8.735    9.564   37.257
   7.951   14.800   38.922
   8.938   15.513   39.642
   8.713    9.293   36.097
   8.015    8.697   37.645
   9.730    9.003   37.490
   9.658   16.380   39.255
   8.960   15.784   40.803
   8.398   16.077   39.616
  32.333   19.186   26.032
  32.963   18.011   25.817
  34.367   17.930   25.662
  35.020   16.712   25.438
  34.291   15.532   25.361
  31.704   20.361   26.248
  30.299   20.442   26.403
  35.102   15.133   26.139
  34.919   15.362   24.363
  33.692   14.533   25.294
  29.671   20.611   27.401
  29.489   20.840   25.625
  30.459   21.202   26.484
  17.033   20.274    4.660
  17.826   19.629    3.778
  18.849   20.296    3.063
  19.672   19.628    2.149
  19.501   18.269    1.917
  16.239   20.919    5.542
  15.216   20.252    6.257
  20.679   18.223    2.091
  19.513   18.595    0.771
  19.368   17.128    1.713
  15.204   19.926    7.403
  14.038   20.298    6.083
  15.106   20.966    6.555
  19.566   17.670   23.215
  19.791   18.573   22.237
  21.007   18.608   21.514
  21.241   19.544   20.500
  20.266   20.478   20.171
  19.341   16.768   24.193
  18.124   16.733   24.916
  20.478   20.114   19.056
  21.164   21.256   20.267
  19.457   21.268   19.885
  17.226   15.955   24.820
  17.913   17.097   26.030
  18.479   16.137   25.276
  40.144   22.023    9.452
  41.490   22.094    9.368
  42.177   23.331    9.383
  43.573   23.404    9.296
  44.330   22.244    9.192
  38.799   21.951    9.535
  38.111   20.715    9.521
  44.961   22.732   10.077
  44.845   22.818    8.283
  44.978   21.279    9.104
  37.595   20.142   10.430
  37.480   20.227    8.635
  37.488   21.182    9.583
   4.869   13.922   10.933
   4.348   13.660   12.151
   3.040   13.144   12.313
   2.500   12.872   13.575
   3.250   13.105   14.722
   5.389   14.185    9.716
   6.697   14.700    9.554
   2.919   11.997   15.007
   2.269   13.673   15.090
   3.867   13.297   15.692
   7.678   14.132    9.186
   7.028   15.809    9.270
   6.504   14.663    8.798
  25.652    4.758   10.505
  26.108    5.782   11.258
  26.828    5.567   12.458
  27.301    6.629   13.239
  27.070    7.942   12.849
  25.196    3.735    9.752
  24.476    3.949    8.552
  28.239    8.068   13.045
  26.696    8.073   13.972
  26.884    9.049   12.533
  24.851    3.818    7.429
  23.308    3.823    8.356
  24.468    3.168    8.543
  33.828   42.351    1.895
  34.561   43.422    1.523
  34.269   44.727    1.984
  35.028   45.838    1.597
  36.108   45.682    0.736
  33.096   41.280    2.268
  33.388   39.974    1.807
  36.686   46.327    1.554
  35.597   46.582    0.144
  37.016   45.566    0.014
  33.898   39.075    2.400
  32.809   39.329    0.989
  32.771   39.794    2.251
  26.645    8.145   45.617
  27.729    7.350   45.745
  28.766    7.639   46.663
  29.890    6.815   46.797
  30.016    5.672   46.018
  25.562    8.940   45.488
  24.524    8.651   44.570
  30.253    5.144   47.060
  31.105    6.101   45.795
  30.134    4.709   45.370
  23.435    8.222   44.792
  24.288    9.178   43.528
  24.224    9.309   44.865
   8.240   22.211   37.262
   7.952   23.530   37.252
   6.620   24.006   37.210
   6.321   25.373   37.200
   7.343   26.314   37.231
   8.529   20.892   37.272
   9.861   20.416   37.314
   6.698   26.794   38.111
   6.754   26.792   36.312
   8.191   27.114   37.257
  10.449   19.938   38.233
  10.505   19.937   36.433
   9.501   19.723   37.303
   0.460   23.434   19.102
   0.922   22.170   19.212
   0.214   21.064   18.687
   0.694   19.753   18.801
   1.899   19.503   19.444
  -0.003   24.697   18.992
   0.706   25.804   19.517
   2.139   18.864   18.467
   1.267   18.681   20.031
   2.910   19.279   19.981
   1.338   26.626   18.930
   0.466   26.442   20.494
   0.097   26.197   19.224
  25.734   38.264   18.686
  26.771   38.007   17.861
  27.652   39.024   17.424
  28.728   38.758   16.568
  28.961   37.464   16.120
  24.696   38.521   19.511
  23.816   37.503   19.948
  30.078   37.682   16.475
  29.020   37.984   15.050
  29.169   36.382   15.736
  23.757   36.983   21.018
  22.699   37.285   19.594
  23.482   38.101   20.323
   5.520   29.467   35.587
   5.584   30.014   36.819
   4.459   30.062   37.677
   4.525   30.629   38.956
   5.718   31.167   39.422
   5.457   28.921   34.354
   6.581   28.872   33.496
   5.490   30.504   40.385
   5.036   32.105   39.699
   6.713   31.623   39.826
   7.263   27.934   33.219
   6.809   29.535   32.533
   6.070   28.523   33.020
   8.216   42.995   21.110
   6.971   43.507   21.008
   5.816   42.719   21.226
   4.525   43.249   21.120
   4.342   44.587   20.793
   9.461   42.483   21.211
  10.616   43.271   20.994
   3.613   44.584   21.735
   3.579   44.152   19.988
   4.175   45.708   20.519
  11.380   43.707   21.798
  11.345   43.275   20.051
  10.976   42.597   21.153
  17.451   30.873    3.668
  16.489   30.265    4.395
  16.498   28.870    4.633
  15.501   28.240    5.387
  14.460   28.982    5.931
  18.412   31.480    2.941
  18.404   32.875    2.703
  14.742   28.402    6.933
  13.775   28.142    5.437
  13.581   29.594    6.393
  19.089   33.716    3.197
  18.122   33.456    1.701
  19.057   32.705    2.310
  37.631   25.342   24.557
  37.998   24.856   25.762
  37.287   23.811   26.398
  37.668   23.307   27.647
  38.774   23.830   28.305
  37.264   25.828   23.352
  37.975   26.872   22.716
  39.083   22.685   28.421
  38.028   23.897   29.232
  39.700   24.259   28.868
  38.721   26.805   21.789
  37.666   28.017   22.600
  37.430   26.766   22.167
  14.606   16.337   24.407
  14.733   15.433   25.402
  14.522   15.777   26.758
  14.653   14.839   27.790
  14.999   13.525   27.503
  14.480   17.240   23.412
  14.691   16.897   22.056
  14.067   13.264   28.198
  15.809   13.688   28.361
  15.290   12.419   27.275
  13.881   16.734   21.197
  15.623   17.158   21.360
  14.518   17.651   21.948
  17.634   46.073   33.071
  17.339   45.051   33.903
  16.884   43.800   33.422
  16.578   42.741   34.284
  16.715   42.894   35.658
  17.929   47.095   32.240
  18.383   48.346   32.721
  17.314   41.867   35.582
  15.612   42.444   35.687
  16.826   43.009   36.813
  19.486   48.796   32.692
  17.784   49.374   32.797
  18.394   48.516   31.959
  48.050   41.757   23.152
  48.271   42.918   22.499
  47.606   44.116   22.853
  47.835   45.319   22.175
  48.737   45.368   21.120
  47.829   40.597   23.805
  48.493   39.398   23.451
  49.170   46.312   21.703
  47.844   45.916   20.552
  49.492   45.422   20.232
  49.386   38.850   24.019
  48.060   38.454   22.868
  48.067   39.113   24.041
  41.652   30.163   14.033
  41.585   31.251   13.236
  42.573   31.530   12.262
  42.503   32.658   11.436
  41.444   33.549   11.556
  41.719   29.075   14.829
  40.732   28.797   15.803
  41.375   33.423   10.373
  42.307   34.369   11.587
  40.560   34.304   11.645
  39.868   27.976   15.772
  40.800   28.922   16.986
  41.188   28.177   15.936
  33.775   13.359   36.099
  32.676   12.592   36.261
  31.503   13.083   36.881
  30.363   12.288   37.049
  30.356   10.972   36.602
  34.874   14.127   35.938
  36.047   13.635   35.317
  29.324   11.287   36.095
  29.941   10.740   37.695
  30.336    9.867   36.231
  36.461   13.868   34.224
  37.078   13.321   35.825
  36.301   14.359   35.467
  36.461   25.467   27.587
  35.765   24.463   28.160
  35.429   23.284   27.452
  34.707   22.242   28.046
  34.295   22.341   29.369
  37.157   26.472   27.014
  37.492   27.651   27.722
  34.777   21.256   29.465
  33.237   22.017   28.928
  33.943   22.411   30.479
  38.551   27.975   28.163
  37.010   28.737   27.626
  37.823   27.839   27.040
  21.470   44.553   19.119
  21.463   43.281   18.668
  22.609   42.454   18.738
  22.602   41.134   18.271
  21.448   40.594   17.716
  21.477   45.826   19.569
  20.331   46.653   19.499
  21.667   39.692   18.463
  22.181   40.265   16.836
  20.486   40.129   17.249
  19.598   46.982   20.379
  20.112   47.555   18.752
  20.814   47.168   19.833
   4.101   22.211   27.208
   4.799   21.070   27.396
   6.197   21.074   27.616
   6.920   19.891   27.811
   6.272   18.663   27.791
   3.404   23.351   27.021
   2.006   23.348   26.800
   6.863   18.481   28.810
   7.143   18.361   27.036
   5.740   17.625   27.777
   1.135   23.649   27.556
   1.415   23.529   25.782
   2.117   24.120   26.766
   5.192   41.360   46.479
   5.942   40.314   46.073
   5.422   39.000   46.004
   6.200   37.915   45.582
   7.526   38.105   45.215
   4.442   42.407   46.885
   4.963   43.721   46.955
   7.213   37.481   44.250
   7.725   37.189   45.950
   8.641   38.251   44.905
   4.764   44.638   46.220
   5.276   44.345   47.920
   4.239   43.881   47.200
  33.963   27.019   36.518
  33.248   26.492   37.535
  32.468   27.296   38.399
  31.726   26.750   39.453
  31.739   25.379   39.681
  34.678   27.546   35.501
  35.459   26.742   34.638
  30.554   25.505   39.709
  31.968   25.700   40.805
  31.740   24.231   39.883
  35.229   26.422   33.513
  36.644   26.617   34.609
  35.617   27.434   34.310
  38.870    6.805   40.609
  39.529    6.345   39.523
  39.501    4.980   39.151
  40.183    4.504   38.026
  40.918    5.375   37.232
  38.212    7.264   41.694
  38.240    8.629   42.066
  40.319    4.862   36.339
  41.775    4.556   37.352
  41.539    6.096   36.557
  37.384    9.449   41.946
  38.840    9.143   42.959
  37.784    8.371   42.645
  34.238   21.039   42.839
  34.063   19.707   42.969
  32.810   19.090   42.744
  32.628   17.708   42.878
  33.694   16.894   43.242
  34.413   22.372   42.710
  35.667   22.989   42.935
  33.345   16.241   42.308
  32.924   16.465   44.044
  34.580   16.199   43.546
  36.437   23.418   42.133
  36.015   23.642   43.868
  35.263   23.632   42.754
  41.871    8.958   33.800
  43.062    8.665   33.236
  43.899    9.666   32.688
  45.134    9.362   32.104
  45.577    8.046   32.046
  40.680    9.251   34.363
  39.842    8.250   34.911
  46.582    8.501   32.497
  45.776    8.300   30.899
  45.960    6.946   31.991
  39.643    7.995   36.058
  38.837    7.795   34.460
  39.386    8.865   35.064
  44.781   15.584   41.963
  45.472   16.665   41.543
  46.731   16.551   40.908
  47.447   17.672   40.472
  46.929   18.948   40.656
  44.091   14.503   42.384
  42.832   14.617   43.019
  47.192   19.080   39.501
  48.009   19.181   41.102
  46.506   20.025   40.804
  41.751   14.385   42.573
  42.568   14.485   44.174
  42.890   13.839   43.038
  29.460   45.236   30.970
  30.546   44.557   31.397
  31.859   45.053   31.216
  32.985   44.349   31.659
  32.839   43.124   32.298
  28.374   45.914   30.543
  27.061   45.419   30.723
  33.568   43.606   33.108
  33.667   42.765   31.520
  32.730   42.095   32.836
  26.233   45.777   31.502
  26.332   44.936   29.914
  26.874   46.084   30.360
  42.144   46.610   28.938
  40.882   46.424   29.379
  40.368   45.135   29.659
  39.059   44.942   30.117
  38.218   46.030   30.312
  43.406   46.797   28.496
  43.920   48.085   28.216
  38.022   45.523   31.373
  37.448   45.383   29.672
  37.501   46.934   30.480
  44.690   48.732   28.856
  44.115   48.592   27.155
  44.559   47.675   28.034
  15.792   45.494   20.365
  16.008   44.170   20.515
  17.122   43.521   19.933
  17.346   42.148   20.089
  16.463   41.375   20.833
  15.577   46.818   20.215
  14.462   47.468   20.797
  17.456   40.985   21.365
  16.491   40.659   19.880
  15.730   40.714   21.454
  14.434   48.183   21.749
  13.469   47.857   20.265
  14.781   48.092   20.452
  16.094    3.414   45.093
  15.909    3.375   46.430
  15.745    4.552   47.198
  15.553    4.512   48.585
  15.519    3.294   49.252
  16.278    3.452   43.756
  16.443    2.275   42.988
  14.521    3.732   49.733
  16.302    3.819   49.981
  15.488    2.278   49.824
  15.660    1.750   42.258
  17.441    1.837   42.507
  16.499    2.792   42.404
  36.342   26.964   12.919
  36.278   27.140   11.582
  37.354   26.799   10.728
  37.287   26.981    9.342
  36.143   27.512    8.759
  36.405   26.788   14.256
  35.330   27.130   15.109
  36.241   26.577    8.026
  36.915   28.236    8.212
  35.189   27.956    8.258
  34.558   26.405   15.657
  35.232   28.064   15.843
  35.821   26.868   15.657
  13.849   42.281   17.376
  15.166   41.989   17.432
  15.639   40.655   17.437
  17.004   40.352   17.495
  17.946   41.372   17.548
  12.533   42.574   17.321
  12.060   43.908   17.315
  18.463   40.764   16.663
  18.383   40.743   18.462
  18.747   42.218   17.594
  11.623   44.536   16.402
  11.543   44.515   18.200
  11.367   43.550   17.280
  41.823   16.795   19.286
  43.018   17.424   19.291
  43.465   18.178   20.402
  44.704   18.830   20.407
  45.540   18.751   19.300
  40.629   16.166   19.282
  40.182   15.413   18.171
  46.367   18.463   20.109
  45.594   19.935   19.420
  46.252   18.693   18.378
  40.128   14.228   18.051
  39.355   15.701   17.362
  39.561   15.302   18.631
  10.171   15.973    2.242
  10.382   14.944    3.090
   9.364   14.015    3.410
   9.583   12.948    4.289
  10.828   12.772    4.880
   9.960   17.002    1.394
  10.978   17.932    1.074
  10.704   11.648    4.503
  10.194   12.683    5.885
  11.868   12.612    5.383
  11.612   18.021    0.069
  11.102   19.055    1.451
  10.411   18.240    0.634
  26.868   46.193   21.540
  28.151   46.416   21.898
  28.584   47.666   22.399
  29.914   47.897   22.770
  30.858   46.885   22.654
  25.586   45.971   21.181
  25.153   44.720   20.681
  31.125   47.182   23.777
  31.499   47.724   22.101
  31.661   46.044   22.562
  24.512   43.881   21.233
  24.886   44.423   19.558
  24.466   45.091   20.647
  34.170   49.234   13.776
  33.147   48.640   13.125
  32.738   49.051   11.835
  31.677   48.435   11.160
  30.987   47.385   11.753
  35.192   49.828   14.426
  35.601   49.417   15.717
  31.174   46.844   10.707
  30.024   48.016   11.445
  30.399   46.503   12.238
  36.564   48.786   16.024
  35.414   49.958   16.762
  36.122   49.990   15.618
  24.924   40.391   14.997
  24.820   41.727   15.161
  23.567   42.369   15.307
  23.458   43.754   15.477
  24.598   44.547   15.508
  25.029   39.055   14.833
  26.282   38.413   14.687
  24.103   44.993   16.496
  24.005   45.205   14.711
  25.547   45.224   15.536
  26.876   37.756   15.484
  26.777   37.967   13.699
  25.831   37.778   14.637
  13.953    8.495   12.044
  14.785    9.478   12.450
  14.479   10.846   12.258
  15.341   11.865   12.679
  16.540   11.553   13.308
  13.122    7.512   11.638
  13.428    6.143   11.830
  16.176   12.352   14.113
  17.003   12.312   12.515
  17.549   11.305   13.837
  12.964    5.384   12.623
  13.792    5.344   11.025
  12.738    6.049   11.476
  38.700   14.628   23.676
  38.971   13.323   23.887
  40.244   12.881   24.319
  40.525   11.527   24.537
  39.543   10.566   24.331
  38.429   15.934   23.466
  37.156   16.375   23.034
  39.870   10.188   25.413
  40.394   10.021   23.699
  38.729    9.750   24.162
  36.306   16.921   23.666
  36.829   16.754   21.952
  37.503   17.074   23.072
  38.098   39.308   47.767
  37.078   39.110   46.904
  36.183   40.148   46.551
  35.126   39.943   45.656
  34.926   38.693   45.083
  39.117   39.506   48.630
  40.012   38.468   48.983
  34.872   39.312   44.066
  33.800   38.854   45.438
  34.747   37.649   44.595
  41.138   38.307   48.628
  40.066   37.849   50.000
  40.328   39.034   49.419
  42.327    7.544   31.131
  43.146    8.596   30.920
  42.655    9.860   30.515
  43.505   10.951   30.297
  44.876   10.817   30.475
  41.507    6.492   31.342
  41.998    5.228   31.746
  44.757   11.809   31.124
  44.934   11.326   29.399
  46.029   10.718   30.620
  41.940    4.719   32.822
  42.117    4.236   31.098
  41.240    5.044   31.720
   6.653   14.536   22.108
   7.813   13.857   21.989
   7.848   12.447   21.866
   9.052   11.743   21.742
  10.263   12.423   21.736
   5.492   15.215   22.228
   5.457   16.624   22.351
  10.478   11.768   20.764
  10.572   11.614   22.555
  11.287   12.981   21.730
   5.148   17.433   21.532
   5.242   17.279   23.323
   4.687   16.496   22.380
  25.394   14.092   35.010
  24.384   14.975   34.866
  23.554   14.986   33.720
  22.506   15.902   33.571
  22.250   16.840   34.563
  26.405   13.209   35.154
  27.235   13.198   36.300
  21.127   16.455   34.455
  22.251   17.610   33.653
  22.024   17.633   35.387
  27.234   12.428   37.210
  28.357   13.583   36.407
  27.572   12.606   35.920
  25.712   12.219   42.354
  26.775   12.447   43.154
  26.713   12.256   44.555
  27.815   12.492   45.386
  29.019   12.926   44.845
  24.649   11.992   41.553
  24.711   12.183   40.152
  29.481   12.040   45.495
  28.958   13.750   45.704
  30.035   13.291   44.404
  24.773   11.359   39.293
  24.249   13.069   39.502
  23.967   11.950   40.194
  28.441   10.701    3.284
  28.260   11.938    3.794
  29.343   12.816    4.035
  29.156   14.098    4.564
  27.878   14.549    4.870
  28.621    9.465    2.774
  27.538    8.587    2.532
  28.208   15.510    4.247
  28.373   14.847    5.912
  26.811   14.940    5.132
  27.042    8.289    1.490
  27.208    7.627    3.156
  28.112    8.117    2.288
  48.664    5.445   24.571
  48.009    5.591   25.743
  48.121    4.642   26.787
  47.443    4.794   28.002
  46.628    5.898   28.216
  49.318    5.299   23.399
  49.207    6.248   22.355
  47.237    5.987   29.237
  45.833    5.082   28.565
  45.941    6.821   28.409
  50.001    7.064   22.006
  48.597    6.159   21.334
  49.695    5.754   21.998
  26.893   47.020   24.119
  25.627   46.796   23.706
  25.187   45.515   23.296
  23.874   45.284   22.868
  22.955   46.325   22.834
  28.159   47.243   24.532
  28.599   48.524   24.941
  22.259   45.556   23.421
  22.745   45.931   21.729
  22.173   47.190   22.800
  28.809   48.918   26.046
  29.295   49.292   24.354
  29.271   48.141   25.050
  13.432    9.124   39.231
  13.282    9.051   40.570
  12.326    8.200   41.173
  12.171    8.125   42.563
  12.967    8.898   43.399
  13.581    9.197   37.891
  14.537   10.048   37.288
  13.146    7.866   43.967
  11.928    9.190   43.903
  13.628    9.541   44.112
  15.577    9.756   36.783
  14.359   11.080   36.719
  14.240    9.742   36.634
  19.792   47.301   37.086
  18.651   47.923   36.718
  18.514   49.330   36.771
  17.331   49.975   36.389
  16.244   49.235   35.941
  20.932   46.679   37.455
  21.070   45.272   37.402
  16.250   50.015   35.040
  15.638   49.893   36.729
  15.324   48.627   35.564
  21.675   44.614   36.615
  21.064   44.492   38.303
  21.783   45.438   37.673
  27.887   24.857    2.184
  27.153   24.946    3.314
  26.344   26.072    3.596
  25.583   26.164    4.768
  25.604   25.133    5.699
  28.621   24.769    1.055
  29.430   23.643    0.772
  24.417   25.229    5.637
  25.803   26.014    6.476
  25.612   24.275    6.488
  29.230   22.762   -0.005
  30.616   23.547    0.834
  29.589   24.052    0.127
  24.017   16.458   26.983
  24.863   17.491   26.782
  24.903   18.607   27.650
  25.780   19.679   27.442
  26.647   19.672   26.356
  23.172   15.425   27.184
  23.131   14.309   26.315
  27.468   19.944   27.177
  26.221   20.770   26.175
  27.381   19.679   25.450
  23.558   13.211   26.497
  22.311   14.036   25.495
  22.577   14.075   26.813
   9.519    9.726    4.299
   8.952    9.455    5.494
   7.553    9.526    5.694
   6.965    9.244    6.933
   7.756    8.882    8.016
  10.086    9.997    3.104
  11.485    9.926    2.905
   6.975    7.988    8.121
   7.129    9.720    8.587
   8.407    8.577    8.934
  12.112    9.089    2.334
  12.266   10.821    2.800
  11.285   10.139    2.180
   4.004   30.836   19.886
   5.277   30.960   20.319
   6.055   29.839   20.694
   7.375   29.968   21.142
   7.964   31.223   21.232
   2.731   30.712   19.454
   1.954   31.833   19.079
   8.854   30.704   20.634
   8.264   30.860   22.327
   8.471   32.270   21.312
   1.654   32.196   17.984
   1.064   32.352   19.677
   1.418   31.282   18.943
  37.827   17.498   20.136
  37.237   18.709   20.043
  37.949   19.860   19.629
  37.337   21.116   19.532
  35.992   21.265   19.845
  38.416   16.288   20.230
  37.705   15.137   20.644
  35.944   21.830   18.797
  36.381   22.175   20.508
  34.863   21.404   20.105
  37.315   14.227   19.980
  37.752   14.572   21.692
  38.400   14.798   20.535
  20.056    0.385   32.521
  20.590    0.790   33.694
  20.187    0.236   34.932
  20.740    0.656   36.148
  21.716    1.644   36.168
  19.523   -0.020   31.349
  19.926    0.535   30.111
  22.301    0.871   36.860
  21.022    2.129   37.008
  22.535    2.473   36.200
  20.619    0.050   29.272
  19.341    1.309   29.419
  19.397    0.030   29.834
  20.046   14.546   49.101
  19.037   13.649   49.101
  17.679   14.047   49.101
  16.633   13.117   49.102
  16.907   11.755   49.102
  21.055   15.443   49.101
  22.412   15.044   49.101
  16.126   11.730   48.202
  16.126   11.730   50.002
  17.123   10.609   49.102
  23.193   15.069   48.201
  23.193   15.069   50.001
  22.529   15.817   49.101
  26.309   39.402   22.234
  26.148   40.164   23.337
  25.932   41.560   23.258
  25.765   42.351   24.401
  25.808   41.773   25.664
  26.470   38.639   21.132
  26.686   37.243   21.211
  24.795   42.378   25.833
  26.572   42.657   25.900
  25.842   41.302   26.730
  25.921   36.360   20.975
  27.698   36.638   21.042
  26.704   37.310   20.433
  47.335   14.447    8.114
  47.818   14.147    9.338
  48.456   12.913    9.611
  48.957   12.602   10.881
  48.838   13.513   11.923
  46.852   14.747    6.889
  46.215   15.980    6.616
  50.000   13.295   12.073
  48.413   12.574   12.522
  48.745   14.268   12.806
  46.639   16.919    6.017
  45.053   16.198    6.467
  46.154   15.669    5.903
   8.230    2.815   33.562
   9.054    3.586   34.303
  10.008    4.447   33.712
  10.863    5.247   34.480
  10.793    5.214   35.867
   7.406    2.044   32.821
   6.452    1.182   33.413
  10.759    6.401   35.764
  11.974    5.074   35.793
  10.746    5.196   37.032
   5.271    1.323   33.487
   6.486   -0.004   33.516
   6.292    1.020   32.666
  12.169   13.757   27.201
  12.479   15.070   27.257
  11.484   16.072   27.343
  11.806   17.434   27.401
  13.134   17.841   27.376
  11.859   12.444   27.144
  12.854   11.442   27.058
  12.816   18.492   28.322
  12.754   18.584   26.525
  14.244   18.197   27.355
  13.234   10.698   27.909
  13.172   10.790   26.112
  12.230   10.972   27.056
  45.216    4.580   18.210
  46.189    4.024   17.457
  47.551    4.070   17.838
  48.560    3.493   17.057
  48.243    2.850   15.867
  44.244    5.135   18.964
  42.882    5.089   18.583
  48.919    1.975   16.311
  49.116    3.527   15.420
  47.990    2.307   14.867
  42.009    4.413   19.030
  42.205    5.964   18.139
  42.792    5.484   19.251
  36.816    1.890   12.109
  38.031    2.397   12.406
  39.064    1.598   12.950
  40.325    2.124   13.259
  40.596    3.468   13.035
  35.601    1.382   11.811
  34.567    2.181   11.267
  41.571    3.047   12.494
  41.000    3.439   14.156
  40.837    4.594   12.852
  34.163    2.210   10.147
  33.592    2.602   11.808
  34.176    1.505   11.293
   6.974    4.407   27.052
   6.820    5.136   25.926
   5.564    5.661   25.538
   5.405    6.417   24.371
   6.495    6.675   23.549
   7.128    3.679   28.178
   8.383    3.154   28.565
   6.110    7.801   23.611
   5.767    6.296   22.684
   7.401    6.898   22.850
   9.111    3.532   29.430
   8.768    2.027   28.503
   7.964    2.880   29.165
  39.580   17.494   12.379
  39.850   16.785   11.263
  41.075   16.919   10.568
  41.356   16.184    9.410
  40.422   15.287    8.907
  39.309   18.204   13.496
  38.084   18.070   14.191
  41.347   14.537    8.883
  40.632   15.847    7.876
  39.646   14.531    8.474
  37.874   17.510   15.222
  37.158   18.820   14.216
  38.412   18.605   14.656
   8.829   30.463   24.986
   9.321   29.230   25.233
   8.477   28.110   25.422
   8.988   26.832   25.678
  10.360   26.628   25.755
   8.337   31.695   24.739
   9.180   32.816   24.550
  10.138   25.731   25.002
  10.089   26.067   26.770
  11.510   26.444   25.821
   9.451   33.378   23.534
   9.402   33.713   25.302
   8.496   33.182   24.461
  10.467   43.175   37.656
  10.920   44.446   37.637
  10.041   45.555   37.609
  10.510   46.874   37.589
  11.875   47.131   37.597
  10.014   41.903   37.675
  10.893   40.794   37.703
  11.597   47.880   38.481
  11.614   47.847   36.681
  13.019   47.361   37.603
  11.155   40.078   38.619
  11.172   40.045   36.819
  10.221   40.397   37.704
   9.985    4.227   48.264
  10.867    3.220   48.435
  12.265    3.439   48.437
  13.180    2.394   48.614
  12.729    1.093   48.796
   9.102    5.235   48.093
   7.704    5.015   48.091
  13.477    1.102   49.724
  13.521    0.838   47.944
  12.365   -0.004   48.950
   6.912    5.270   48.943
   6.956    5.006   47.163
   7.691    5.788   47.976
  26.207   42.839   47.137
  26.338   41.616   47.693
  26.189   40.429   46.937
  26.324   39.160   47.513
  26.614   39.033   48.866
  26.077   44.063   46.582
  26.226   45.250   47.338
  27.460   38.287   48.482
  25.699   38.269   48.857
  26.857   38.912   50.000
  27.141   46.014   47.347
  25.380   45.996   47.722
  26.076   45.582   46.647
  21.903   29.976   39.646
  21.936   29.746   40.976
  21.393   30.660   41.909
  21.428   30.421   43.288
  22.008   29.259   43.783
  21.869   30.206   38.316
  22.412   29.292   37.382
  20.994   29.172   44.403
  22.583   30.010   44.508
  22.491   28.288   44.211
  21.837   28.542   36.658
  23.426   29.380   36.763
  22.163   29.829   36.873
  19.999   24.493   27.429
  21.240   24.316   26.926
  22.014   25.397   26.443
  23.300   25.214   25.922
  23.858   23.943   25.866
  18.759   24.669   27.931
  17.984   23.588   28.415
  24.795   24.473   26.378
  24.096   24.239   24.736
  24.339   22.882   25.813
  17.747   23.292   29.544
  17.048   23.058   27.902
  17.468   24.158   28.553
  23.839   29.929   32.909
  23.316   28.819   33.472
  23.639   28.424   34.792
  23.097   27.273   35.376
  22.213   26.475   34.661
  24.361   31.039   32.346
  24.038   31.433   31.026
  21.545   26.559   35.644
  22.927   25.590   35.017
  21.470   25.797   34.072
  23.324   32.318   30.669
  24.706   31.350   30.042
  24.526   32.019   31.195
  17.938   19.952   17.179
  19.255   20.251   17.180
  20.251   19.255   17.044
  21.616   19.565   17.046
  22.034   20.883   17.184
  16.622   19.653   17.177
  15.626   20.649   17.314
  22.707   20.632   16.233
  22.751   20.431   18.021
  22.399   21.985   17.299
  14.909   21.102   16.476
  14.953   20.900   18.264
  15.151   20.032   17.256
  48.032   18.865   24.780
  47.969   19.907   25.636
  46.759   20.594   25.893
  46.693   21.675   26.780
  47.836   22.107   27.443
  48.095   17.823   23.924
  49.305   17.135   23.667
  47.140   22.048   28.409
  47.496   23.181   27.056
  48.787   22.479   28.006
  49.644   16.061   24.054
  50.001   17.193   22.701
  48.843   16.718   23.195
   3.909   44.411   38.770
   4.032   43.207   38.172
   5.144   42.364   38.406
   5.272   41.115   37.786
   4.292   40.665   36.910
   3.786   45.615   39.367
   2.673   46.458   39.133
   4.345   39.672   37.566
   5.219   40.442   36.193
   3.478   40.275   36.172
   1.747   46.680   39.850
   2.620   47.451   38.477
   3.053   46.921   39.635
  12.020    8.749   46.056
  11.210    7.714   45.748
  11.089    7.224   44.426
  10.249    6.151   44.106
   9.500    5.529   45.096
  12.830    9.784   46.365
  12.951   10.273   47.687
   9.953    4.530   44.631
   8.601    5.679   44.329
   8.865    4.998   45.918
  13.850   10.123   48.455
  12.497   11.272   48.153
  13.448   10.769   47.345
  15.094   23.059    5.881
  16.207   22.882    6.624
  16.264   23.251    7.989
  17.418   23.067    8.759
  18.557   22.508    8.192
  13.980   23.237    5.138
  13.923   22.868    3.773
  18.531   21.803    9.153
  19.104   23.444    8.686
  19.519   22.040    7.729
  13.376   21.932    3.279
  13.949   23.573    2.812
  13.195   23.141    3.839
  16.421   31.209    6.995
  16.455   29.863    7.094
  17.674   29.143    7.119
  17.709   27.748    7.222
  16.527   27.022    7.303
  16.388   32.555    6.896
  15.169   33.275    6.870
  17.063   26.502    8.232
  17.021   26.369    6.437
  15.543   26.400    7.372
  14.675   33.928    7.736
  14.634   33.795    5.941
  15.654   33.885    6.814
  19.360   11.007   30.359
  19.456   11.859   31.401
  18.939   13.175   31.344
  19.038   14.059   32.425
  19.658   13.659   33.602
  19.264   10.155   29.316
  19.781    8.839   29.374
  18.673   14.092   34.115
  20.252   14.685   33.486
  20.175   13.335   34.596
  19.187    7.812   29.490
  20.766    8.405   28.861
  19.501    8.811   28.645
  41.519   36.485    2.862
  42.003   37.692    3.226
  41.207   38.861    3.189
  41.709   40.113    3.566
  43.025   40.239    3.995
  41.035   35.279    2.498
  41.831   34.109    2.536
  42.534   40.833    4.904
  43.058   41.134    3.209
  44.127   40.359    4.356
  41.798   33.214    3.322
  42.321   33.516    1.626
  41.172   33.781    2.274
  31.458   32.609   43.806
  31.700   31.814   44.869
  32.158   32.331   46.104
  32.409   31.506   47.207
  32.210   30.134   47.115
  31.216   33.405   42.742
  30.759   32.887   41.507
  31.601   30.285   48.128
  33.304   30.076   47.584
  32.048   28.981   47.051
  29.665   32.946   41.038
  31.368   32.736   40.494
  30.786   33.640   41.303
  26.882   31.021   20.896
  28.219   30.888   20.760
  29.127   31.788   21.366
  30.513   31.651   21.225
  31.041   30.609   20.473
  25.546   31.153   21.032
  24.638   30.253   20.426
  31.727   30.437   21.432
  31.680   31.474   19.961
  31.497   29.738   19.845
  23.998   29.387   20.938
  23.951   30.424   19.467
  24.113   30.717   20.770
  10.368    7.796    9.553
  10.080    6.497    9.777
  10.644    5.779   10.859
  10.345    4.431   11.092
   9.472    3.753   10.251
  10.656    9.096    9.329
  10.092    9.813    8.247
   8.954    3.420   11.271
  10.338    2.934   10.227
   8.741    3.171    9.553
   9.227   10.632    8.271
  10.610   10.146    7.227
  10.521   10.393    8.546
  49.391   22.512   24.040
  49.091   23.458   24.955
  49.668   23.463   26.247
  49.357   24.445   27.195
  48.458   25.457   26.885
  49.691   21.565   23.126
  49.114   21.561   21.834
  49.312   26.169   27.314
  47.957   25.152   27.923
  47.705   26.313   26.638
  49.614   21.866   20.796
  48.260   20.849   21.405
  49.557   20.922   21.754
  37.980   48.106   45.826
  38.704   46.967   45.804
  40.119   46.978   45.783
  40.870   45.796   45.761
  40.233   44.562   45.758
  37.256   49.246   45.847
  35.841   49.235   45.868
  40.989   44.315   46.645
  40.963   44.333   44.845
  39.710   43.519   45.756
  35.111   49.464   46.781
  35.084   49.482   44.982
  35.941   50.009   45.874
  28.191   17.654   25.165
  29.143   17.624   26.121
  30.389   16.983   25.919
  31.376   16.951   26.911
  31.154   17.559   28.140
  27.239   17.684   24.209
  25.993   18.325   24.411
  32.219   18.055   27.942
  31.532   16.517   28.578
  30.980   18.066   29.176
  25.615   19.367   23.973
  24.928   17.830   24.609
  25.868   18.079   23.680
  27.750    4.771   37.196
  26.558    4.753   37.831
  26.292    5.579   38.949
  25.056    5.560   39.607
  24.043    4.716   39.171
  28.941    4.788   36.562
  29.208    3.963   35.444
  23.376    5.702   39.222
  23.980    4.410   40.321
  23.184    4.012   38.815
  29.271    4.268   34.294
  29.875    2.976   35.392
  29.902    4.319   35.481
  22.432   41.466   31.495
  21.632   42.004   30.551
  20.221   41.965   30.652
  19.391   42.523   29.672
  19.943   43.140   28.556
  23.232   40.928   32.440
  24.643   40.966   32.339
  19.194   44.024   28.836
  19.174   42.452   27.958
  20.392   43.660   27.614
  25.411   41.653   32.937
  25.391   40.082   32.059
  24.596   40.587   33.020
  30.533   37.892   35.752
  29.827   38.983   35.388
  30.400   40.277   35.375
  29.668   41.409   34.999
  28.336   41.288   34.621
  31.240   36.800   36.115
  30.667   35.506   36.128
  28.678   41.939   33.684
  28.171   42.180   35.394
  27.218   41.201   34.303
  30.832   34.614   35.355
  30.325   34.855   37.065
  31.383   35.307   36.368
  16.765   34.174   20.790
  17.670   33.175   20.710
  19.063   33.419   20.766
  20.002   32.384   20.683
  19.581   31.067   20.542
  15.860   35.172   20.869
  14.467   34.928   20.814
  20.334   30.867   21.444
  20.374   31.046   19.653
  19.242   29.958   20.424
  13.674   34.950   21.703
  13.714   35.128   19.912
  14.436   35.705   20.891
  42.127   46.884   10.781
  41.921   45.734   11.458
  42.986   44.996   12.026
  42.772   43.804   12.728
  41.484   43.308   12.888
  42.334   48.033   10.104
  41.269   48.772    9.537
  41.800   43.221   14.034
  41.969   42.289   12.503
  40.409   42.880   13.029
  40.784   49.790    9.922
  40.953   48.858    8.391
  41.852   49.241    9.316
  47.032   46.580   17.233
  45.966   46.727   18.047
  46.083   46.657   19.456
  44.977   46.810   20.301
  43.715   47.039   19.767
  48.098   46.432   16.418
  47.981   46.502   15.009
  43.684   47.929   20.560
  43.389   46.154   20.496
  42.650   47.232   19.333
  48.307   47.387   14.281
  48.012   45.613   14.217
  48.751   46.373   15.045
  20.330    3.121   27.424
  19.388    2.475   26.704
  18.194    3.111   26.289
  17.218    2.441   25.543
  17.400    1.111   25.185
  21.272    3.768   28.144
  22.466    3.132   28.559
  17.105    1.499   24.098
  16.299    0.978   25.620
  17.540   -0.005   24.878
  23.568    3.264   28.124
  22.761    2.744   29.646
  22.605    3.833   28.872
  38.365   16.559    8.705
  39.395   17.384    8.993
  39.275   18.791    8.910
  40.342   19.646    9.209
  41.569   19.124    9.601
  37.336   15.735    8.417
  37.456   14.328    8.500
  41.475   19.914   10.488
  42.001   19.858    8.767
  42.603   18.699    9.931
  37.024   13.594    9.333
  37.550   13.538    7.612
  36.710   14.357    8.271
  44.844   10.373   34.544
  45.434    9.159   34.519
  44.761    7.989   34.943
  45.373    6.730   34.917
  46.680    6.597   34.466
  44.254   11.587   34.570
  44.927   12.757   34.146
  46.223    5.721   33.799
  46.827    5.980   35.475
  47.777    6.470   34.089
  44.780   13.374   33.137
  45.385   13.633   34.812
  44.248   13.090   34.339
  48.800   17.891    5.448
  48.744   16.542    5.464
  49.910   15.744    5.544
  49.852   14.345    5.561
  48.626   13.695    5.498
  48.856   19.240    5.432
  47.690   20.038    5.351
  49.047   13.088    6.434
  49.153   13.062    4.637
  47.604   13.136    5.446
  47.163   20.670    6.213
  47.269   20.644    4.416
  48.214   20.617    5.374
  14.154   38.724   44.479
  15.346   39.279   44.785
  15.448   40.433   45.598
  16.684   41.009   45.916
  17.861   40.452   45.433
  12.962   38.168   44.172
  12.860   37.014   43.359
  18.212   40.530   46.569
  18.104   41.571   45.105
  18.857   39.994   45.034
  12.617   35.895   43.688
  12.509   36.936   42.223
  12.097   37.120   43.490
  17.516   13.716   41.678
  18.252   14.742   41.203
  18.017   15.306   39.926
  18.781   16.371   39.433
  19.807   16.910   40.199
  16.779   12.689   42.154
  17.014   12.125   43.430
  19.286   17.948   39.931
  20.445   16.779   39.202
  20.671   17.372   40.832
  16.375   12.256   44.428
  17.534   11.088   43.699
  16.418   11.666   43.220
  23.106   30.753   17.311
  22.890   29.596   16.649
  23.722   29.174   15.586
  23.498   27.974   14.900
  22.434   27.154   15.253
  23.322   31.910   17.972
  22.490   32.333   19.036
  23.263   26.298   15.255
  22.206   27.165   14.083
  21.544   26.457   15.539
  22.718   32.322   20.205
  21.661   33.189   19.034
  22.983   32.939   19.040
  32.813   16.653    9.147
  32.760   17.428   10.250
  31.698   18.335   10.479
  31.643   19.139   11.623
  32.647   19.065   12.581
  32.867   15.877    8.043
  33.929   14.970    7.814
  31.735   18.964   13.341
  32.651   20.252   12.481
  33.483   19.012   13.392
  33.924   13.782    7.914
  34.840   15.071    7.054
  33.523   14.824    7.163
  27.961   20.858   35.986
  27.206   21.711   36.711
  27.460   21.958   38.081
  26.677   22.842   38.833
  25.612   23.511   38.242
  28.715   20.006   35.261
  28.461   19.758   33.891
  26.107   24.472   38.743
  25.009   23.118   39.192
  24.716   24.078   37.759
  29.065   20.150   32.942
  27.967   18.796   33.390
  29.077   19.285   33.972
  24.219   38.576   47.259
  24.037   39.882   47.546
  23.618   40.317   48.826
  23.430   41.672   49.125
  23.653   42.640   48.154
  24.400   37.269   46.971
  24.819   36.834   45.691
  24.299   43.162   49.008
  22.581   43.037   48.488
  23.837   43.463   47.348
  25.892   36.437   45.356
  24.173   36.313   44.836
  24.767   36.133   46.030
  37.893   28.703   13.525
  38.831   27.748   13.701
  40.208   28.002   13.498
  41.180   27.012   13.680
  40.810   25.731   14.071
  36.955   29.659   13.350
  35.578   29.404   13.552
  41.666   25.873   14.887
  41.500   25.394   13.160
  40.513   24.652   14.399
  34.888   29.742   14.463
  34.722   29.262   12.736
  35.518   30.156   13.349
  30.157   44.443   22.438
  30.629   43.924   23.591
  30.049   42.781   24.192
  30.539   42.243   25.388
  31.626   42.827   26.026
  29.686   44.963   21.285
  30.266   46.105   20.684
  32.043   41.711   26.054
  30.926   42.769   26.988
  32.537   43.308   26.571
  30.965   46.163   19.721
  29.848   47.221   20.655
  29.705   45.981   20.155
   7.321   37.307   10.070
   7.840   38.133   11.004
   7.056   38.658   12.059
   7.594   39.515   13.027
   8.934   39.877   12.974
   6.803   36.481    9.137
   7.586   35.956    8.081
   8.930   39.561   14.123
   8.506   40.982   13.102
  10.057   40.189   12.942
   8.015   34.851    7.954
   7.591   36.271    6.932
   6.910   35.616    7.890
  23.372   44.755   30.190
  23.014   46.057   30.166
  23.052   46.867   31.325
  22.681   48.216   31.300
  22.259   48.804   30.115
  23.730   43.454   30.214
  23.692   42.644   29.054
  23.048   49.649   30.404
  21.349   49.189   30.781
  21.903   49.310   29.126
  24.602   42.259   28.388
  22.903   41.799   28.764
  23.949   42.102   29.554
  32.427   39.754   19.380
  31.720   39.826   20.527
  31.155   41.040   20.985
  30.422   41.115   22.176
  30.228   39.978   22.951
  33.134   39.682   18.232
  33.699   38.468   17.774
  29.086   40.319   22.932
  30.597   40.680   23.840
  30.057   39.032   23.611
  33.329   37.766   16.885
  34.841   38.128   17.793
  33.941   38.925   17.189
  26.254   31.374   10.859
  25.117   31.537   10.148
  24.105   32.440   10.550
  22.926   32.609    9.813
  22.718   31.880    8.649
  27.390   31.212   11.569
  28.403   30.309   11.168
  22.447   32.944    8.186
  21.662   31.638    9.144
  22.531   31.275    7.670
  29.460   30.551   10.673
  28.674   29.245   11.630
  28.749   30.575   11.815
  42.931   22.903    7.158
  43.485   21.685    6.977
  42.698   20.525    6.782
  43.272   19.263    6.594
  44.654   19.115    6.594
  42.377   24.121    7.340
  43.164   25.281    7.534
  44.459   18.511    5.585
  44.429   18.233    7.363
  45.812   18.976    6.591
  43.389   26.163    6.765
  43.359   25.885    8.543
  42.462   25.621    7.576
  34.413   13.608   22.304
  33.229   13.849   22.907
  32.833   15.153   23.289
  31.605   15.402   23.914
  30.730   14.357   24.178
  35.597   13.368   21.702
  35.993   12.064   21.320
  29.927   15.070   23.661
  30.698   14.832   25.270
  29.985   13.489   24.406
  36.025   11.589   20.228
  36.795   11.351   21.837
  36.628   12.445   21.072
  22.367    7.827   11.165
  21.985    7.086   12.226
  21.674    5.711   12.108
  21.278    4.942   13.209
  21.178    5.521   14.468
  22.749    8.569   10.103
  23.060    9.944   10.222
  21.827    4.582   14.808
  20.107    4.999   14.480
  21.090    5.995   15.530
  24.131   10.467   10.209
  22.411   10.884    9.881
  23.189    9.872    9.455
  11.115   45.727    7.862
  11.810   46.276    8.881
  11.939   45.630   10.134
  12.660   46.199   11.191
  13.277   47.433   11.033
  10.420   45.179    6.842
  10.291   45.825    5.590
  14.226   46.871   11.484
  12.731   47.692   12.061
  13.800   48.469   10.914
  10.837   45.567    4.562
   9.342   46.387    5.139
   9.876   45.185    5.423
  27.704   23.759    6.929
  28.108   24.723    6.074
  28.952   24.443    4.973
  29.370   25.442    4.086
  28.960   26.757    4.269
  27.300   22.795    7.784
  26.457   23.075    8.885
  28.675   26.692    3.114
  30.120   26.999    4.143
  28.624   27.864    4.411
  25.297   22.833    9.011
  26.741   23.140   10.040
  26.535   22.307    9.004
  22.415   10.746   45.524
  23.318   11.609   46.036
  24.531   11.168   46.616
  25.468   12.063   47.147
  25.225   13.431   47.117
  21.512    9.883   45.012
  20.298   10.324   44.432
  26.326   13.485   46.664
  25.519   13.377   48.270
  25.033   14.581   47.098
  20.004   10.377   43.279
  19.197   10.269   44.884
  20.193    9.557   44.328
  22.591   42.171   46.076
  22.211   41.302   47.036
  20.997   40.579   46.955
  20.603   39.677   47.951
  21.408   39.466   49.063
  22.971   43.041   45.116
  24.185   43.764   45.197
  21.246   38.315   48.799
  20.397   39.644   49.667
  22.075   39.278   50.001
  25.196   43.585   44.592
  24.348   44.914   45.460
  23.936   44.051   44.514
  47.148   28.691   45.533
  47.520   28.271   44.305
  48.029   26.970   44.080
  48.414   26.535   42.806
  48.304   27.384   41.713
  46.777   29.111   46.761
  46.267   30.412   46.987
  47.760   26.452   41.208
  49.430   27.054   41.507
  48.216   28.087   40.786
  45.141   30.742   47.193
  46.810   31.345   47.492
  46.228   30.154   47.723
   6.410    3.842   42.757
   5.466    4.744   43.101
   4.085    4.481   42.947
   3.107    5.417   43.304
   3.475    6.650   43.827
   7.353    2.939   42.412
   8.734    3.203   42.566
   2.672    6.387   44.668
   2.725    7.077   43.006
   3.771    7.688   44.267
   9.485    2.776   43.387
   9.538    3.465   41.725
   8.796    2.483   42.269
  25.021   27.303   12.482
  23.742   27.716   12.608
  23.414   29.060   12.908
  22.088   29.488   13.039
  21.042   28.588   12.875
  26.300   26.890   12.355
  26.629   25.547   12.056
  20.607   29.426   12.147
  20.658   29.046   13.906
  20.155   27.843   12.740
  27.012   25.089   11.025
  27.063   24.709   12.783
  27.356   25.827   12.095
   9.798   30.255   45.687
   8.544   29.894   45.342
   7.867   30.486   44.249
   6.567   30.111   43.891
   5.897   29.130   44.612
  11.052   30.617   46.033
  11.729   30.024   47.125
   5.681   28.670   43.534
   5.015   29.931   44.632
   5.324   28.309   45.208
  12.612   29.224   47.105
  11.945   30.485   48.203
  12.295   30.516   46.904
  41.128   26.937   42.082
  42.330   27.148   41.504
  42.838   26.294   40.496
  44.084   26.514   39.897
  44.867   27.594   40.284
  39.926   26.725   42.659
  39.418   27.579   43.667
  44.942   27.793   39.112
  45.727   26.774   40.371
  45.533   28.498   40.600
  38.558   28.399   43.580
  39.343   27.380   44.840
  38.818   27.080   43.638
  43.199   39.305   25.263
  42.433   40.095   26.046
  41.364   40.860   25.522
  40.569   41.678   26.334
  40.815   41.760   27.699
  43.965   38.516   24.481
  45.034   37.751   25.005
  39.644   41.559   27.790
  40.769   42.935   27.505
  41.010   41.838   28.846
  45.079   36.576   25.199
  46.205   37.952   24.914
  45.106   37.537   24.257
  46.522    3.118   22.848
  45.848    2.718   21.749
  44.818    3.500   21.174
  44.119    3.085   20.035
  44.425    1.873   19.429
  47.196    3.518   23.947
  48.226    2.736   24.521
  44.457    2.527   18.433
  43.246    1.700   19.477
  44.671    0.857   18.910
  49.404    2.908   24.473
  48.193    2.081   25.517
  48.253    3.332   25.025
  38.776   22.287   46.757
  38.179   23.415   47.197
  37.129   23.387   48.145
  36.509   24.557   48.601
  36.918   25.797   48.125
  39.373   21.159   46.318
  40.423   21.187   45.369
  36.954   26.084   49.281
  35.752   25.967   47.946
  37.251   26.844   47.734
  41.589   21.017   45.548
  40.387   20.901   44.213
  40.390   20.413   45.467
  41.890   41.429   44.475
  42.210   41.325   43.167
  43.230   42.110   42.580
  43.561   42.001   41.224
  42.884   41.104   40.407
  41.571   41.534   45.782
  40.551   40.749   46.370
  43.982   40.772   40.082
  42.773   42.045   39.685
  42.324   40.355   39.711
  40.662   39.808   47.092
  39.453   41.081   46.695
  40.760   41.147   47.009
  12.843   37.651   23.870
  14.004   36.963   23.827
  14.055   35.564   24.039
  15.258   34.850   23.995
  16.454   35.509   23.736
  11.683   38.340   23.913
  11.632   39.738   23.701
  16.607   34.642   22.933
  16.837   34.918   24.697
  17.464   36.050   23.520
  11.249   40.329   22.740
  11.478   40.605   24.503
  10.869   39.620   23.818
  14.281   16.878   44.565
  14.379   16.263   43.367
  13.252   15.716   42.710
  13.354   15.079   41.467
  14.587   14.966   40.838
  14.183   17.493   45.762
  15.311   18.040   46.419
  13.998   15.393   39.894
  14.278   13.821   40.724
  15.616   14.864   40.298
  15.620   19.185   46.533
  15.899   17.612   47.363
  14.774   18.227   46.955
  38.818   28.817   20.905
  40.008   29.087   21.484
  40.282   30.336   22.088
  41.515   30.616   22.688
  42.519   29.656   22.705
  37.629   28.548   20.326
  37.355   27.298   19.722
  42.575   29.922   23.865
  43.198   30.545   22.295
  43.370   28.859   22.726
  36.676   26.408   20.132
  37.298   27.031   18.562
  36.665   27.637   19.583
  47.821   42.528   29.334
  46.590   42.023   29.563
  46.390   40.858   30.342
  45.114   40.334   30.579
  43.992   40.956   30.047
  49.052   43.033   29.105
  49.251   44.198   28.327
  43.576   40.870   31.160
  43.717   39.857   29.679
  43.041   41.469   29.606
  49.526   45.298   28.694
  49.667   44.284   27.214
  50.000   44.054   28.497
  15.384   11.513    3.167
  14.875   10.301    3.477
  15.654    9.297    4.097
  15.126    8.040    4.418
  13.800    7.744    4.130
  15.893   12.724    2.857
  15.114   13.729    2.237
  13.771    7.377    5.264
  14.261    6.758    3.646
  12.688    7.483    3.894
  14.653   14.715    2.721
  15.142   14.096    1.103
  15.783   14.129    2.286
  38.297   27.702   41.244
  37.033   27.482   41.665
  36.716   27.325   43.035
  35.406   27.097   43.472
  34.365   27.019   42.555
  39.561   27.921   40.823
  39.878   28.079   39.453
  33.834   27.794   43.287
  34.094   26.019   43.143
  33.483   26.951   41.795
  40.149   29.079   38.864
  40.409   27.303   38.721
  40.600   28.161   39.739
  36.892   24.299   35.545
  38.028   24.131   36.255
  38.723   25.222   36.829
  39.901   25.047   37.565
  40.426   23.775   37.753
  35.756   24.468   34.835
  35.062   23.377   34.261
  40.474   24.106   38.897
  41.442   24.283   37.390
  40.879   22.713   37.918
  34.047   22.869   34.624
  35.014   23.046   33.117
  34.583   23.945   34.021
   3.167   37.365   14.653
   4.346   36.717   14.537
   5.308   37.079   13.565
   6.531   36.407   13.445
   6.834   35.349   14.292
   1.988   38.013   14.769
   1.026   37.651   15.740
   7.859   35.936   14.446
   7.113   34.787   13.279
   7.101   34.459   14.997
   0.747   38.212   16.754
   0.000   37.063   15.586
   0.630   38.239   15.414
  34.517   29.570   39.490
  34.806   28.334   39.950
  34.510   27.168   39.205
  34.810   25.886   39.683
  35.415   25.725   40.923
  34.228   30.805   39.029
  34.523   31.972   39.774
  36.163   25.020   40.321
  34.543   24.932   41.100
  35.922   25.576   41.962
  35.395   32.765   39.597
  33.775   32.677   40.376
  34.205   32.321   39.152
  15.926   19.219   20.653
  15.730   18.767   19.396
  16.469   17.684   18.864
  16.265   17.216   17.560
  15.315   17.814   16.742
  16.122   19.670   21.910
  15.383   20.753   22.442
  14.958   16.692   16.556
  16.205   17.841   15.949
  14.521   18.307   16.045
  14.494   20.727   23.234
  15.740   21.875   22.628
  15.824   20.607   23.070
  22.986   39.779   40.916
  21.648   39.681   40.762
  21.048   39.546   39.488
  19.660   39.444   39.328
  18.824   39.474   40.437
  24.323   39.877   41.070
  24.924   40.012   42.345
  18.347   38.502   39.941
  18.231   40.293   39.806
  18.111   39.498   41.359
  25.516   39.193   42.976
  25.401   40.984   42.841
  25.577   40.022   41.918
  45.087   19.319   47.159
  46.184   20.085   46.982
  47.476   19.524   46.842
  48.614   20.318   46.659
  48.502   21.702   46.610
  43.989   18.554   47.336
  42.698   19.115   47.476
  49.159   21.590   45.622
  49.388   21.672   47.405
  48.421   22.865   46.566
  41.811   19.144   46.680
  42.040   19.227   48.464
  42.494   18.363   47.537
  35.084    7.847   36.120
  34.911    6.819   36.978
  33.632    6.279   37.254
  33.453    5.213   38.143
  34.545    4.649   38.789
  35.257    8.875   35.262
  36.536    9.414   34.987
  34.076    3.622   38.408
  33.876    4.788   39.765
  35.454    4.166   39.338
  37.206    9.275   34.011
  37.006   10.441   35.368
  36.120    9.884   34.522
   4.607   48.591    6.760
   3.440   48.542    7.436
   3.124   49.469    8.457
   1.914   49.418    9.158
   0.975   48.437    8.864
   5.775   48.641    6.084
   6.090   47.713    5.063
   0.219   49.357    8.823
   0.972   48.269   10.043
   0.179   47.619    8.626
   6.094   47.881    3.884
   6.847   46.794    5.104
   6.748   48.134    5.032
  18.238   37.992   17.112
  17.486   37.382   16.171
  17.780   37.489   14.791
  17.000   36.857   13.815
  15.898   36.096   14.184
  18.990   38.601   18.054
  18.695   38.494   19.434
  16.383   35.280   13.464
  15.337   36.741   13.354
  14.970   35.454   14.481
  19.256   37.849   20.264
  18.210   39.310   20.154
  19.326   38.951   19.495
   6.283   13.705   29.249
   5.406   13.290   30.187
   4.682   12.081   30.055
   3.772   11.651   31.028
   3.554   12.414   32.169
   7.160   14.120   28.310
   7.884   15.329   28.443
   3.726   11.380   32.736
   2.405   12.264   31.891
   3.361   13.045   33.130
   9.033   15.479   28.720
   7.712   16.362   27.876
   8.175   15.106   27.753
  10.563   15.604    9.959
   9.677   14.611   10.188
   9.860   13.308    9.669
   8.942   12.279    9.907
   7.807   12.516   10.672
  11.449   16.596    9.730
  11.266   17.900   10.250
   8.147   11.529   11.247
   7.242   11.994    9.762
   6.851   12.702   11.313
  11.831   18.422   11.160
  10.926   18.887    9.675
  11.941   18.028    9.878
  22.211   41.069    1.649
  22.588   42.270    2.136
  23.575   43.060    1.502
  23.967   44.306    2.007
  23.385   44.805    3.165
  21.833   39.868    1.162
  20.846   39.077    1.796
  23.239   45.791    2.511
  24.514   44.990    3.498
  22.904   45.237    4.136
  19.717   38.893    1.464
  20.992   38.092    2.450
  21.002   38.595    1.203
  23.852   41.337    6.828
  22.817   40.572    7.236
  21.486   40.833    6.830
  20.413   40.040    7.253
  20.632   38.957    8.096
  24.887   42.103    6.421
  26.217   41.842    6.826
  19.970   38.369    7.298
  19.744   39.437    8.729
  20.801   38.046    8.803
  27.105   41.362    6.192
  26.879   42.430    7.623
  26.362   42.468    6.382
  24.885   15.154   42.190
  24.131   14.038   42.272
  22.750   14.086   42.575
  21.968   12.928   42.660
  22.539   11.680   42.444
  25.639   16.271   42.108
  27.020   16.223   41.805
  21.613   11.526   41.711
  21.993   11.398   43.465
  23.006   10.626   42.266
  27.566   16.505   40.784
  27.947   16.377   42.539
  26.954   16.998   41.876
  47.474   19.160   11.669
  47.917   20.009   10.718
  48.843   19.608    9.726
  49.302   20.489    8.740
  48.852   21.803    8.711
  47.031   18.310   12.620
  46.105   18.711   13.612
  48.652   21.572    7.559
  50.012   22.062    8.631
  48.482   22.909    8.674
  44.945   18.452   13.692
  46.305   18.942   14.764
  46.192   17.969   13.842
  46.992    8.596   27.111
  46.237    9.714   27.049
  44.827    9.662   26.947
  44.044   10.821   26.883
  44.644   12.074   26.920
  47.747    7.479   27.172
  49.157    7.531   27.274
  43.830   12.295   27.762
  43.961   12.285   25.967
  45.134   13.131   26.950
  49.840    7.320   28.228
  49.971    7.310   26.432
  49.079    6.754   27.273
  37.993   13.359   44.846
  38.573   12.704   45.874
  37.855   11.792   46.683
  38.456   11.113   47.749
  39.798   11.320   48.043
  37.413   14.015   43.818
  38.131   14.927   43.009
  39.848   10.130   48.044
  39.396   11.472   49.155
  40.923   11.485   48.301
  38.533   14.775   41.897
  38.081   16.117   43.008
  37.440   14.990   42.651
  31.624   25.848    5.429
  31.062   24.628    5.563
  31.726   23.447    5.153
  31.144   22.182    5.293
  29.877   22.052    5.848
  32.186   27.068    5.294
  31.522   28.249    5.704
  30.400   21.222    6.524
  29.667   21.378    4.888
  28.814   21.928    6.312
  31.731   28.922    6.664
  30.998   29.079    5.027
  32.178   28.582    5.442
  28.785   30.750   25.102
  28.153   31.924   25.308
  26.768   31.991   25.593
  26.112   33.209   25.807
  26.818   34.405   25.744
  29.417   29.575   24.896
  30.802   29.508   24.612
  26.284   34.624   26.787
  25.928   34.741   25.026
  27.398   35.415   25.694
  31.691   29.171   25.329
  31.336   29.289   23.569
  30.652   28.742   24.591
   5.333   36.618   24.598
   4.792   36.220   23.427
   4.017   35.040   23.322
   3.457   34.627   22.107
   3.652   35.378   20.955
   5.873   37.017   25.769
   6.648   38.196   25.875
   2.470   35.274   20.844
   3.958   34.329   20.479
   3.807   35.999   19.980
   6.342   39.245   26.351
   7.830   38.300   25.986
   6.690   37.975   26.623
   2.455   36.440    6.548
   2.743   36.915    5.318
   3.934   37.630    5.050
   4.233   38.123    3.774
   3.351   37.918    2.720
   2.167   35.965    7.779
   0.976   35.250    8.047
   4.326   37.545    2.146
   3.490   39.088    2.546
   2.619   37.753    1.827
   0.836   34.080    8.221
  -0.000   35.623    8.621
   1.278   35.227    8.767
  32.086   38.955   41.501
  30.787   38.591   41.517
  29.754   39.509   41.822
  28.406   39.131   41.838
  28.043   37.821   41.550
  33.386   39.320   41.485
  34.419   38.401   41.179
  27.266   38.338   40.809
  27.405   37.915   42.553
  27.724   36.726   41.310
  35.056   38.308   40.177
  35.196   37.885   41.921
  34.867   39.030   41.296
  26.650    5.070    2.201
  27.766    5.789    1.955
  29.025    5.175    1.751
  30.182    5.921    1.496
  30.122    7.307    1.436
  25.535    4.351    2.447
  24.276    4.965    2.651
  30.718    7.159    0.415
  31.049    7.250    2.182
  30.085    8.472    1.383
  23.349    5.022    1.905
  23.680    5.113    3.672
  24.046    4.223    2.732
   4.772    9.122   37.205
   5.793    9.415   38.037
   5.651    9.367   39.445
   6.711    9.670   40.308
   7.950   10.031   39.795
   3.750    8.830   36.372
   3.892    8.877   34.965
   8.359    9.210   40.555
   7.858   10.938   40.562
   8.996   10.336   39.378
   3.984    7.970   34.198
   3.483    9.699   34.205
   3.142    8.660   34.989
  23.826   33.492   26.484
  24.089   32.348   25.818
  23.173   31.790   24.894
  23.446   30.603   24.204
  24.644   29.932   24.412
  23.563   34.637   27.150
  24.479   35.194   28.073
  24.699   29.929   23.222
  23.937   28.982   24.549
  25.645   29.358   24.577
  25.186   36.144   27.936
  24.424   35.197   29.264
  23.920   35.736   28.139
  29.521   15.395   47.874
  29.502   14.110   48.289
  30.625   13.260   48.148
  30.605   11.928   48.578
  29.462   11.398   49.164
  29.540   16.679   47.459
  28.418   17.530   47.600
  30.222   11.028   50.004
  29.629   10.513   48.384
  28.510   10.941   49.658
  28.251   18.415   48.380
  27.658   17.900   46.761
  28.899   18.044   47.261
  22.615   34.515   10.921
  22.095   33.742   11.898
  21.827   32.366   11.704
  21.288   31.565   12.717
  20.997   32.111   13.961
  23.135   35.288    9.944
  23.403   36.664   10.138
  21.605   31.171   14.371
  19.945   31.574   13.805
  20.748   32.556   15.010
  24.455   37.200   10.294
  22.794   37.603    9.729
  23.643   36.613    9.397
  42.220   36.303   41.697
  40.913   36.503   41.967
  40.448   37.687   42.588
  39.092   37.895   42.867
  38.152   36.927   42.536
  43.528   36.102   41.428
  43.992   34.918   40.807
  37.572   37.844   42.044
  37.789   37.082   43.660
  37.353   36.122   42.264
  44.356   34.764   39.683
  44.573   34.001   41.299
  44.683   35.276   40.883
  48.297   40.565   39.744
  48.338   41.116   38.513
  47.585   40.597   37.433
  47.628   41.168   36.156
  48.425   42.280   35.913
  48.256   40.013   40.976
  49.009   40.533   42.056
  47.434   42.721   35.419
  48.806   41.641   34.982
  49.090   43.213   35.695
  48.628   41.171   42.987
  50.000   40.092   42.549
  48.667   39.944   42.438
   9.680   20.980   45.163
  10.583   21.383   44.243
  11.943   21.594   44.570
  12.879   22.013   43.616
  12.487   22.235   42.302
   8.778   20.576   46.082
   7.417   20.365   45.756
  13.427   21.550   42.043
  13.065   23.268   42.442
  12.172   22.426   41.195
   6.839   19.333   45.616
   6.477   21.050   46.015
   7.375   20.180   46.513
  43.485   46.140   15.896
  43.998   45.040   15.305
  45.393   44.840   15.175
  45.924   43.699   14.562
  45.080   42.717   14.058
  42.972   47.240   16.487
  41.578   47.441   16.617
  45.785   41.979   14.673
  45.757   42.820   13.082
  44.383   41.886   13.630
  40.901   47.338   17.593
  40.873   48.179   16.002
  41.812   48.101   16.962
  45.921    7.830   16.307
  46.046    8.653   15.245
  45.966    8.178   13.914
  46.095    9.032   12.812
  46.309   10.391   13.002
  45.797    7.006   17.370
  45.876    7.482   18.700
  45.413   10.508   12.225
  47.191   10.230   12.217
  46.488   11.535   13.146
  44.994    7.644   19.485
  46.772    7.365   19.478
  45.759    6.727   18.864
  41.114   10.883   13.921
  40.546   11.758   13.064
  41.147   12.096   11.828
  40.557   13.003   10.939
  39.345   13.604   11.255
  41.683   10.009   14.777
  41.082    9.671   16.013
  39.035   13.254   10.158
  39.914   14.608   10.956
  38.328   14.116   11.507
  40.513    8.667   16.312
  41.392   10.020   17.109
  41.717    9.221   16.077
  32.960   17.225   32.597
  32.034   16.633   33.380
  32.386   15.687   34.372
  31.426   15.072   35.185
  30.080   15.381   35.035
  33.885   17.818   31.813
  33.534   18.764   30.821
  30.114   15.524   36.217
  29.944   14.197   35.012
  28.947   15.631   34.919
  33.669   19.948   30.844
  33.499   18.622   29.639
  34.306   18.771   30.705
   5.527   13.283   32.832
   5.123   14.428   33.421
   4.800   15.584   32.671
   4.381   16.772   33.282
   4.268   16.846   34.664
   5.932   12.137   32.243
   6.254   10.982   32.993
   3.192   17.297   34.422
   4.903   17.845   34.532
   4.169   16.922   35.824
   5.619    9.982   33.125
   7.330   10.530   33.235
   6.394   10.689   32.282
  19.315    4.309   43.819
  19.762    3.418   44.730
  21.136    3.291   45.044
  21.599    2.367   45.988
  20.704    1.537   46.652
  18.869    5.201   42.908
  17.495    5.327   42.594
  21.280    1.912   47.625
  21.463    0.677   46.328
  19.964    0.834   47.216
  16.736    6.187   42.918
  16.918    4.953   41.621
  17.765    5.877   42.110
  21.586   12.870   18.225
  20.513   13.676   18.080
  20.178   14.660   19.040
  19.065   15.496   18.889
  18.248   15.378   17.772
  22.659   12.064   18.371
  22.995   11.081   17.410
  18.389   16.559   17.705
  17.369   15.360   18.577
  17.553   15.290   16.839
  23.873   11.099   16.605
  22.853    9.900   17.477
  23.580   10.946   17.909
  32.665    0.685   22.093
  31.922    1.242   21.113
  30.600    0.816   20.839
  29.830    1.394   19.823
  30.353    2.419   19.045
  33.408    0.127   23.072
  34.729    0.554   23.346
  29.327    2.966   19.308
  29.961    1.754   18.137
  30.779    3.280   18.385
  35.121    1.219   24.254
  35.755    0.007   23.084
  34.681   -0.001   23.894
  42.129   14.742   14.826
  43.427   14.747   14.457
  44.468   14.450   15.369
  45.814   14.455   14.986
  46.169   14.758   13.677
  40.830   14.737   15.195
  39.790   15.034   14.283
  46.820   13.764   13.761
  46.937   15.507   14.196
  46.480   15.011   12.582
  39.022   14.286   13.764
  39.138   16.029   14.199
  39.346   14.907   14.913
  26.201   26.102   29.257
  26.435   25.886   30.569
  25.393   25.887   31.527
  25.636   25.663   32.887
  26.929   25.430   33.339
  25.967   26.318   27.945
  27.009   26.317   26.988
  26.429   24.501   33.892
  26.660   26.268   34.142
  28.009   25.233   33.731
  27.277   25.479   26.184
  27.509   27.246   26.434
  26.417   26.464   26.500
  19.172    8.751    2.081
  17.857    8.670    1.786
  16.972    7.847    2.521
  15.609    7.763    2.215
  15.081    8.500    1.162
  20.487    8.832    2.377
  21.371    9.656    1.641
  14.264    8.822    1.967
  14.601    7.457    0.843
  14.626    9.113    0.280
  21.852   10.699    1.960
  22.188    9.333    0.836
  21.891    9.367    2.148
  28.220   29.267    1.466
  26.919   28.916    1.388
  25.908   29.852    1.063
  24.559   29.488    0.982
  24.172   28.176    1.223
  29.522   29.618    1.544
  30.533   28.682    1.869
  23.578   28.300    0.197
  23.370   28.682    1.944
  23.834   27.078    1.423
  31.335   28.176    1.147
  31.127   28.558    2.894
  30.991   29.309    1.786
  24.546   16.227   22.940
  25.408   16.323   21.906
  26.811   16.299   22.095
  27.705   16.399   21.023
  27.230   16.527   19.724
  23.683   16.130   23.974
  22.281   16.154   23.785
  27.994   15.641   19.495
  28.001   17.433   19.669
  26.844   16.634   18.628
  21.509   15.248   23.840
  21.516   17.040   24.014
  22.282   16.079   24.563
  40.225   22.570   35.815
  41.258   23.203   35.219
  41.084   23.988   34.054
  42.154   24.644   33.435
  43.437   24.539   33.959
  39.193   21.937   36.412
  39.367   21.152   37.577
  43.435   25.727   33.858
  43.733   24.276   32.835
  44.518   24.460   34.388
  39.070   21.415   38.700
  39.369   19.964   37.678
  38.597   21.051   37.495
  31.845   29.718   13.929
  31.667   28.470   14.412
  32.695   27.499   14.378
  32.510   26.205   14.879
  31.290   25.836   15.432
  32.024   30.966   13.446
  30.996   31.938   13.480
  31.965   25.438   16.329
  31.396   24.893   14.711
  30.272   25.513   15.899
  30.890   32.881   14.201
  30.321   32.336   12.583
  31.545   32.377   13.140
  13.710   27.163   22.275
  13.162   26.603   21.176
  13.341   27.155   19.885
  12.772   26.574   18.745
  12.006   25.421   18.855
  14.258   27.723   23.374
  14.080   27.172   24.665
  12.702   25.030   17.970
  11.225   26.033   18.195
  11.360   24.453   18.933
  14.861   26.559   25.325
  13.384   27.563   25.550
  14.525   27.780   24.870
  16.160   39.801   35.433
  15.882   40.659   34.428
  14.574   41.146   34.198
  14.286   42.035   33.156
  15.296   42.469   32.307
  16.437   38.944   36.438
  17.746   38.456   36.669
  14.854   43.550   32.545
  14.529   42.160   31.449
  16.134   42.841   31.587
  18.513   38.766   37.527
  18.188   37.376   36.430
  17.388   38.080   37.252
  26.448    0.425   27.581
  27.566    0.899   26.991
  28.544    0.040   26.436
  29.703    0.532   25.824
  29.925    1.901   25.744
  25.331   -0.050   28.171
  24.353    0.810   28.726
  30.143    1.668   24.596
  30.999    1.621   26.179
  30.124    3.048   25.671
  23.280    1.090   28.292
  24.136    1.043   29.874
  24.005    0.131   28.894
  35.399   42.195   14.483
  35.355   43.369   13.816
  35.485   44.612   14.479
  35.439   45.829   13.788
  35.263   45.845   12.410
  35.443   41.022   15.149
  35.314   39.778   14.487
  36.199   46.582   12.429
  34.415   46.645   12.659
  35.115   45.873   11.253
  36.161   38.978   14.238
  34.377   39.042   14.468
  35.397   39.503   15.213
  38.116   17.085   40.979
  39.314   17.249   41.580
  40.379   16.338   41.391
  41.621   16.509   42.014
  41.841   17.596   42.850
  36.919   16.920   40.378
  35.853   17.832   40.567
  42.828   17.734   42.196
  42.253   16.769   43.603
  42.040   18.505   43.554
  35.441   18.659   39.815
  34.866   17.694   41.222
  35.488   17.341   40.082
  44.399   16.793   21.834
  44.462   15.576   21.253
  43.371   15.031   20.536
  43.436   13.768   19.934
  44.594   13.007   20.027
  44.336   18.010   22.415
  45.427   18.556   23.132
  44.462   12.897   18.848
  43.844   12.143   20.361
  45.560   12.358   20.098
  46.177   19.420   22.798
  45.560   18.666   24.311
  44.930   19.152   23.226
  18.381    7.926   32.832
  18.949    7.206   31.842
  20.274    7.443   31.406
  20.863    6.696   30.379
  20.147    5.685   29.751
  17.814    8.647   33.823
  16.488    8.409   34.259
  21.125    5.038   29.964
  20.515    6.222   28.753
  19.558    4.833   29.215
  16.120    7.872   35.256
  15.510    9.056   34.046
  16.657    8.995   34.747
   3.567    1.426   20.859
   4.755    1.298   20.229
   5.287    0.033   19.882
   6.518   -0.100   19.229
   7.261    1.027   18.900
   2.380    1.554   21.488
   1.848    2.818   21.836
   7.318    0.516   17.825
   8.153    0.430   19.418
   7.895    1.965   18.619
   0.956    3.415   21.319
   1.791    3.329   22.911
   1.267    2.378   22.117
   8.614   17.476   18.977
   8.672   16.129   18.911
   9.426   15.459   17.920
   9.487   14.062   17.851
   8.794   13.285   18.772
   8.555   18.823   19.043
   7.801   19.494   20.035
   9.839   12.723   18.888
   8.404   12.715   17.802
   8.218   12.622   19.539
   8.192   20.065   21.005
   6.756   20.056   19.919
   8.076   20.125   19.666
  16.764   43.344   45.238
  17.988   43.842   44.959
  19.144   43.427   45.663
  20.413   43.944   45.374
  20.571   44.892   44.372
  15.541   42.847   45.516
  14.385   43.261   44.813
  21.444   44.169   44.004
  21.183   45.483   45.207
  20.718   45.689   43.533
  13.773   42.671   43.978
  13.512   43.984   45.180
  14.039   42.752   45.294
  35.545   36.014   20.108
  35.473   35.948   21.455
  34.265   36.178   22.153
  34.190   36.109   23.550
  35.322   35.808   24.297
  35.617   36.080   18.762
  36.826   35.850   18.063
  34.605   35.013   24.821
  35.000   36.766   24.929
  36.264   35.556   24.937
  37.147   34.892   17.431
  37.543   36.645   17.539
  36.371   35.991   17.444
  23.962   36.978   42.750
  23.532   38.256   42.819
  22.156   38.582   42.878
  21.710   39.907   42.949
  22.623   40.953   42.965
  24.393   35.701   42.681
  25.768   35.375   42.623
  21.988   41.323   43.903
  21.929   41.400   42.105
  23.379   41.841   42.979
  26.462   34.928   43.482
  26.404   35.006   41.685
  25.486   34.647   42.600
   8.060   24.180   35.124
   9.268   24.778   35.183
   9.543   25.826   36.094
  10.796   26.447   36.155
  11.820   26.042   35.307
   6.851   23.581   35.065
   6.577   22.533   34.154
  12.460   26.004   36.312
  11.923   27.209   35.087
  12.688   25.712   34.602
   6.474   21.367   34.374
   5.937   22.572   33.150
   5.874   22.565   34.493
  23.217    0.827   21.115
  22.013    1.034   21.691
  21.310   -0.000   22.353
  20.062    0.215   22.950
  19.472    1.471   22.905
  24.420    0.621   20.540
  25.123    1.655   19.877
  19.330    1.303   24.076
  18.516    0.866   22.531
  18.965    2.521   22.875
  26.078    2.260   20.251
  25.265    1.824   18.706
  25.644    1.084   19.765
  34.861   30.992   48.840
  34.316   32.226   48.780
  35.106   33.398   48.843
  34.541   34.678   48.781
  33.166   34.830   48.655
  35.406   29.758   48.900
  34.616   28.586   48.837
  33.461   35.574   47.772
  33.298   35.589   49.564
  32.014   34.973   48.549
  34.485   27.827   47.927
  34.321   27.842   49.720
  35.313   28.240   48.903
  10.443   35.201   15.617
  10.783   34.027   16.190
  10.444   32.783   15.607
  10.797   31.565   16.200
  11.502   31.548   17.398
  10.102   36.376   15.045
  10.441   37.620   15.628
  12.209   30.782   16.821
  10.657   30.777   17.733
  12.093   31.519   18.403
  11.286   38.391   15.292
   9.734   38.386   16.205
  10.070   37.895   14.998
  17.697   45.257    2.733
  18.120   44.078    2.229
  17.382   43.374    1.248
  17.820   42.152    0.725
  19.012   41.590    1.165
  17.275   46.436    3.237
  18.013   47.140    4.218
  19.239   41.482   -0.000
  18.349   40.608    1.298
  20.011   41.107    1.524
  18.676   48.122    4.085
  17.786   47.248    5.383
  17.420   47.644    4.150
   3.186    9.799   44.064
   4.446   10.277   43.979
   5.565    9.522   44.402
   6.871   10.018   44.313
   7.105   11.287   43.798
   1.927    9.321   44.150
   0.807   10.076   43.726
   7.916   10.724   43.130
   7.763   11.424   44.782
   7.315   12.350   43.367
   0.149    9.939   42.742
  -0.004   10.639   44.394
   0.422    9.438   43.961
  16.089   39.545   47.922
  15.252   40.602   47.996
  14.291   40.727   49.028
  13.424   41.823   49.104
  13.485   42.833   48.152
  16.926   38.489   47.848
  17.886   38.363   46.817
  13.507   43.550   49.104
  12.307   42.670   48.092
  13.527   43.688   47.360
  19.065   38.526   46.877
  17.865   37.646   45.866
  18.052   37.701   47.197
  28.589   34.416   47.523
  22.634   20.325   45.267
  38.503   19.031    4.603
   5.753   20.763   42.646
  23.204   26.247   44.620
  17.857   17.290   48.986
  15.783    5.479    2.540
  29.668   38.155    9.016
  11.499   31.410   37.240
  33.340   29.144    8.147
  43.691   35.962    5.964
  11.893   45.013   48.150
  33.736   43.671   28.381
  15.544    1.854   33.286
   6.713   11.055   48.484
  44.162    6.275   42.129
  34.633    1.449   14.360
  43.109   18.145   35.037
  46.220   47.316   22.044
  17.593   14.548   45.328
   0.893   37.295   47.745
  12.016   21.537   36.043
   3.633   28.606   39.621
  47.016   43.623   10.856
  39.932   36.099   46.575
  32.504   26.995   46.221
  11.636   44.010   43.834
  28.307   37.614    6.153
  25.858   12.731   32.109
  32.108   23.663   32.632
  31.212   38.059   14.528
  48.771   37.835   29.934
  47.696   20.780   23.623
  23.080   32.826   35.145
  32.090   35.649   29.448
  15.080    5.032   40.415
  21.669    8.238   43.366
  24.653    8.782   31.314
  32.900   15.366   36.791
  25.243   13.912   27.725
  46.186   18.578   32.174
  22.510   40.637   36.307
   6.791   15.584   26.036
  16.097    7.336   25.166
  12.898    9.983    5.814
   9.822   31.371   27.706
  45.532   23.469   38.017
   3.235   46.061    9.297
  27.598   45.410   13.593
   8.863   26.482   50.011
  42.566    4.178   21.145
  16.374   10.105   17.793
   5.515   18.417    1.302
  37.345   19.470   31.964
  39.989    0.956   39.952
   0.775   26.644   33.196
  17.866   35.281   39.442
  33.017   43.158   49.532
  37.669   16.332   34.000
  22.993    6.851    4.846
  22.112   24.313   41.923
  24.276   36.263    3.943
  40.494   21.114   24.401
  41.952    8.099   13.718
  10.966   28.543   26.711
   8.820    3.963   24.017
  32.634   17.169   14.241
  41.345   27.478   34.076
  36.256    6.152   45.324
  31.350    8.157   27.602
  15.866   48.382   26.156
  10.302   10.757   10.727
  39.121    8.741   39.596
  45.750    0.725   20.823
  46.429   11.954   32.546
  17.419    8.440   47.312
  16.620    7.054   47.298
  18.217    9.826   47.325
  16.032    9.239   47.298
  18.805    7.641   47.326
  17.438    8.445   45.712
  17.400    8.435   48.912
  31.390   15.846   16.298
  31.486   15.235   14.822
  31.294   16.458   17.773
  29.848   15.427   16.371
  32.933   16.265   16.224
  30.975   17.264   15.683
  31.805   14.428   16.912
  38.459    8.762   13.437
  38.456   10.231   14.070
  38.462    7.293   12.804
  38.966    8.162   14.831
  37.952    9.362   12.043
  39.977    8.965   12.973
  36.942    8.559   13.902
   7.913   16.251   12.282
   6.565   16.754   11.583
   9.262   15.747   12.980
   7.053   15.530   13.422
   8.773   16.971   11.141
   7.958   17.588   13.159
   7.869   14.914   11.404
  39.134    2.536    8.462
  40.020    3.868    8.472
  38.248    1.204    8.452
  39.785    2.093    9.855
  38.484    2.980    7.069
  40.297    1.769    7.675
  37.972    3.304    9.249
  32.126   29.573   41.329
  30.663   29.602   40.682
  33.589   29.544   41.976
  32.634   28.633   40.138
  31.618   30.513   42.520
  31.724   28.279   42.179
  32.528   30.867   40.479
  20.513   31.319   24.094
  21.734   31.381   23.062
  19.291   31.257   25.126
  21.012   32.682   24.767
  20.013   29.956   23.421
  21.418   30.483   25.114
  19.607   32.155   23.073
  11.627   26.293   42.247
  12.852   25.973   43.225
  10.402   26.613   41.268
  10.607   26.114   43.466
  12.647   26.471   41.027
  11.492   24.735   41.906
  11.762   27.850   42.587
  24.669   28.830    9.883
  25.913   29.662    9.316
  23.426   27.998   10.449
  23.683   30.017    9.461
  25.656   27.643   10.304
  24.871   29.507   11.318
  24.468   28.153    8.447
  42.467   14.637   30.325
  43.522   15.827   30.146
  41.412   13.448   30.504
  43.365   13.700   29.390
  41.569   15.575   31.260
  41.667   15.153   29.039
  43.267   14.121   31.611
   8.384    4.725   17.607
   7.178    5.529   18.285
   9.589    3.922   16.929
   9.395    5.895   18.018
   7.372    3.556   17.195
   8.095    5.464   16.217
   8.673    3.987   18.996
  37.725   17.315   26.325
  36.577   18.241   25.703
  38.872   16.390   26.948
  36.792   17.009   27.589
  38.657   17.621   25.062
  38.337   18.584   27.084
  37.112   16.047   25.567
  31.906   19.996   33.998
  32.312   21.169   32.989
  31.500   18.822   35.006
  32.730   20.714   35.166
  31.081   19.277   32.830
  33.215   19.179   33.575
  30.596   20.812   34.420
  38.165   33.280   42.026
  39.265   33.914   42.999
  37.064   32.646   41.053
  37.011   34.028   42.844
  39.319   32.533   41.208
  38.034   32.016   42.997
  38.296   34.545   41.054
  20.865   35.550   21.978
  19.333   35.763   22.387
  22.398   35.337   21.570
  21.041   37.132   21.814
  20.689   33.968   22.142
  20.440   35.438   20.440
  21.291   35.662   23.516
  32.589    4.311   16.268
  32.047    5.119   17.538
  33.132    3.502   14.998
  32.544    2.953   17.113
  32.635    5.669   15.423
  34.094    4.561   16.751
  31.085    4.060   15.785
  25.568    9.255   37.195
  26.530    9.389   35.924
  24.606    9.120   38.466
  26.210   10.580   37.821
  24.926    7.929   36.569
  26.673    8.368   37.938
  24.462   10.141   36.452
   7.217   44.160    5.830
   8.001   45.347    6.563
   6.433   42.973    5.098
   6.896   43.496    7.250
   7.539   44.824    4.411
   8.574   43.317    5.744
   5.860   45.003    5.917
  12.903   42.267    8.151
  13.755   41.122    7.428
  12.051   43.413    8.873
  12.273   42.688    6.741
  13.533   41.847    9.560
  14.102   43.302    7.924
  11.704   41.232    8.377
  26.799   20.896   30.799
  25.398   20.145   30.978
  28.201   21.646   30.619
  27.561   19.610   31.372
  26.038   22.181   30.226
  26.675   21.483   32.282
  26.924   20.308   29.316
  47.420   18.533   43.982
  46.321   19.011   45.042
  48.520   18.055   42.922
  47.934   17.425   45.015
  46.906   19.642   42.949
  48.463   19.583   44.590
  46.377   17.483   43.374
  24.581    2.368   46.265
  23.516    1.268   45.801
  25.647    3.468   46.728
  23.475    3.511   46.097
  25.688    1.225   46.433
  25.028    2.577   44.743
  24.135    2.159   47.787
  16.020   34.675   28.862
  15.800   33.376   27.954
  16.240   35.973   29.771
  16.699   35.427   27.624
  15.341   33.923   30.101
  17.452   34.119   29.310
  14.588   35.231   28.415
   3.952   12.468   22.363
   2.494   12.046   21.856
   5.409   12.891   22.871
   4.609   11.416   21.353
   3.295   13.520   23.374
   3.885   11.339   23.495
   4.018   13.597   21.232
   2.502    3.752   47.142
   3.091    2.436   46.447
   1.914    5.068   47.836
   3.012    3.228   48.565
   1.992    4.276   45.718
   1.104    3.007   47.368
   3.900    4.497   46.915
   5.243   33.497   35.706
   4.937   32.491   36.912
   5.550   34.503   34.500
   4.127   34.500   36.260
   6.360   32.493   35.152
   4.139   32.762   34.812
   6.348   34.232   36.600
  31.135   23.228   42.772
  29.858   22.883   43.672
  32.412   23.574   41.873
  31.444   21.667   42.610
  30.827   24.790   42.935
  32.048   23.272   44.085
  30.222   23.185   41.459
  20.563   30.011   33.773
  21.132   28.566   33.388
  19.994   31.456   34.158
  22.053   30.522   34.056
  19.074   29.500   33.491
  20.431   29.552   35.301
  20.695   30.470   32.246
  30.043   40.628   38.957
  29.706   42.182   38.784
  30.379   39.073   39.130
  28.872   40.495   40.040
  31.213   40.761   37.874
  31.080   40.982   40.122
  29.005   40.273   37.792
  33.671   20.274   46.600
  35.238   20.061   46.359
  32.103   20.486   46.840
  33.810   19.642   48.063
  33.532   20.905   45.136
  33.381   18.819   46.000
  33.960   21.728   47.200
  45.062   48.297    7.883
  45.762   49.292    8.922
  44.362   47.302    6.844
  44.300   47.573    9.089
  45.824   49.021    6.677
  46.283   47.274    8.040
  43.841   49.319    7.726
  22.249   45.342    7.769
  20.821   45.974    7.421
  23.677   44.709    8.116
  22.763   46.773    8.264
  21.735   43.910    7.273
  22.756   45.672    6.288
  21.742   45.011    9.250
  20.755    9.467    7.245
  20.857    8.016    6.578
  20.654   10.917    7.913
  22.315    9.700    6.975
  19.196    9.233    7.516
  21.098    8.833    8.674
  20.413   10.100    5.817
   7.455   17.095    2.859
   7.123   16.857    4.406
   7.787   17.333    1.312
   8.929   17.579    3.249
   5.981   16.611    2.468
   6.928   18.602    2.977
   7.981   15.589    2.740
   9.258   28.583   39.602
   9.723   30.096   39.832
   8.792   27.069   39.373
  10.781   28.101   39.693
   7.735   29.065   39.511
   9.413   28.775   38.021
   9.103   28.391   41.183
  17.361   27.344   28.816
  17.473   26.803   27.315
  17.248   27.886   30.318
  15.992   28.086   28.446
  18.729   26.603   29.186
  18.182   28.655   28.405
  16.540   26.034   29.228
   6.886   23.286   40.128
   7.486   24.011   41.421
   6.286   22.560   38.834
   8.332   22.691   39.790
   5.439   23.880   40.465
   7.214   24.582   39.249
   6.558   21.989   41.007
  27.671   21.509    2.948
  28.262   20.207    3.667
  27.081   22.811    2.230
  29.146   22.120    2.845
  26.196   20.897    3.052
  27.481   22.209    4.375
  27.861   20.808    1.522
   7.082   23.822   10.875
   8.440   24.668   10.887
   5.723   22.977   10.863
   7.927   22.464   10.844
   6.236   25.180   10.906
   7.076   23.855    9.275
   7.088   23.790   12.474
   7.268   34.532   27.385
   5.894   35.352   27.405
   8.641   33.712   27.366
   8.087   35.900   27.516
   6.449   33.164   27.255
   7.318   34.654   25.791
   7.217   34.410   28.980
  16.192   17.665   41.665
  14.598   17.757   41.767
  17.786   17.573   41.564
  16.072   17.297   40.112
  16.312   18.032   43.218
  16.126   16.110   42.038
  16.258   19.219   41.292
  23.485   32.445   41.963
  24.303   32.913   43.257
  22.668   31.977   40.669
  23.319   33.972   41.516
  23.652   30.918   42.410
  22.120   32.539   42.792
  24.851   32.351   41.134
   4.872   29.849   12.552
   6.332   30.503   12.555
   3.411   29.195   12.549
   4.277   31.174   13.225
   5.466   28.525   11.879
   5.144   29.234   14.004
   4.599   30.464   11.101
  37.392   47.406   18.370
  36.536   46.958   19.645
  38.247   47.854   17.094
  36.383   46.612   17.414
  38.400   48.200   19.325
  38.292   46.091   18.512
  36.491   48.721   18.228
  40.007   31.185   27.876
  39.119   32.228   27.050
  40.896   30.142   28.701
  38.677   30.514   28.460
  41.337   31.856   27.291
  40.042   32.196   29.115
  39.973   30.174   26.636
  39.555   33.530   17.772
  38.939   34.463   18.916
  40.171   32.596   16.628
  39.835   32.386   18.856
  39.275   34.673   16.689
  41.005   34.147   18.049
  38.105   32.913   17.495
  14.747   35.962   10.111
  14.274   37.459   10.423
  15.220   34.466    9.798
  15.454   36.467    8.767
  14.039   35.458   11.455
  13.392   35.703    9.300
  16.101   36.221   10.922
  26.953    1.366   30.691
  27.817    2.659   31.068
  26.089    0.073   30.313
  25.612    2.151   31.071
  28.294    0.581   30.311
  27.075    0.844   32.198
  26.831    1.888   29.183
  48.549   14.954   32.539
  49.200   13.513   32.294
  47.899   16.395   32.785
  48.808   14.804   34.111
  48.290   15.105   30.968
  47.111   14.275   32.712
  49.988   15.633   32.367
  17.903    2.558   18.134
  17.766    4.148   18.249
  18.040    0.968   18.018
  18.349    2.485   19.668
  17.456    2.631   16.599
  19.433    2.722   17.696
  16.372    2.394   18.571
  10.674    1.155   31.443
   9.942    2.309   32.275
  11.406    0.000   30.612
  11.396    2.262   30.542
   9.952    0.048   32.345
   9.448    1.117   30.416
  11.900    1.192   32.471
  14.807   24.313   48.897
  15.735   23.620   50.001
  13.878   25.006   47.794
  13.625   23.294   49.252
  15.988   25.332   48.543
  15.356   23.292   47.794
  14.258   25.333   50.001
   1.592   30.495   15.616
   1.732   28.931   15.924
   1.452   32.059   15.309
   2.602   30.344   14.385
   0.582   30.647   16.848
   2.825   30.797   16.591
   0.359   30.193   14.642
  33.808    5.458   11.298
  32.578    4.443   11.159
  35.037    6.472   11.438
  34.700    4.503   10.375
  32.915    6.412   12.221
  34.310    4.671   12.598
  33.306    6.245    9.999
   2.304   16.033   39.846
   3.017   17.076   38.864
   1.591   14.990   40.827
   2.875   14.820   38.971
   1.734   17.246   40.720
   0.990   16.073   38.934
   3.618   15.993   40.758
  36.780   48.335   34.961
  35.916   47.100   35.498
  37.643   49.571   34.424
  36.620   47.796   33.464
  36.939   48.875   36.459
  38.117   47.473   35.129
  35.442   49.197   34.794
  48.392   39.943    3.077
  49.924   39.544    3.306
  46.859   40.342    2.848
  48.827   41.458    2.803
  47.956   38.428    3.351
  48.243   40.268    4.637
  48.540   39.618    1.518
  11.082    8.497   48.972
  11.770    9.512   50.000
  10.394    7.482   47.945
  11.321    7.294   50.000
  10.842    9.699   47.945
  12.506    8.208   48.303
   9.657    8.785   49.641
  32.565    9.386    9.715
  33.155    8.727   11.049
  31.975   10.045    8.382
  31.161    8.667    9.982
  33.970   10.104    9.449
  33.054    8.117    8.872
  32.076   10.654   10.559
  17.754   21.298   46.609
  16.156   21.314   46.676
  19.353   21.282   46.541
  17.745   19.705   46.760
  17.764   22.891   46.457
  17.823   21.449   48.200
  17.686   21.147   45.017
   1.359   19.647   47.863
   1.593   18.225   48.558
   1.125   21.069   47.167
   0.000   19.827   48.688
   2.718   19.467   47.037
   0.548   18.936   46.681
   2.171   20.358   49.044
   4.690   26.497   20.155
   3.154   26.945   20.130
   6.226   26.049   20.180
   5.136   28.010   19.887
   4.245   24.984   20.422
   4.639   26.233   18.577
   4.742   26.760   21.732
  22.794   42.146   23.229
  23.773   40.880   23.230
  21.814   43.411   23.228
  21.529   41.166   23.209
  24.059   43.125   23.249
  22.810   42.157   21.629
  22.777   42.134   24.829
  15.071   21.556   30.090
  14.416   20.121   29.822
  15.725   22.991   30.358
  16.476   20.857   30.402
  13.666   22.255   29.778
  14.674   21.448   31.636
  15.467   21.664   28.544
  10.709   33.652   20.510
   9.910   32.687   19.515
  11.508   34.617   21.505
  10.791   34.765   19.364
  10.627   32.538   21.656
  12.093   33.028   20.003
   9.325   34.275   21.017
  30.221   22.959   37.539
  31.652   22.256   37.406
  28.790   23.662   37.672
  30.934   24.384   37.681
  29.508   21.534   37.397
  30.277   22.773   39.127
  30.165   23.146   35.951
   7.614   43.126   26.542
   6.035   43.188   26.792
   9.193   43.063   26.293
   7.496   41.571   26.184
   7.732   44.680   26.901
   7.843   42.753   28.082
   7.386   43.498   25.003
  30.137   10.347   13.425
  30.126    8.817   13.893
  30.147   11.878   12.957
  28.548   10.302   13.240
  31.725   10.393   13.610
  30.326    9.882   11.906
  29.947   10.813   14.944
  12.693   41.256   41.461
  11.097   41.154   41.437
  14.290   41.358   41.486
  12.798   39.681   41.198
  12.589   42.831   41.724
  12.686   40.992   43.039
  12.701   41.520   39.883
  46.038   24.568   47.320
  47.070   25.753   47.620
  45.006   23.383   47.019
  46.804   24.247   45.952
  45.272   24.888   48.687
  45.085   25.594   46.545
  46.991   23.542   48.094
  12.874   45.209    1.630
  13.848   44.484    0.587
  11.901   45.934    2.672
  13.062   46.590    0.844
  12.687   43.828    2.415
  14.130   45.565    2.555
  11.618   44.854    0.705
   7.190   40.640   42.117
   5.668   40.409   42.553
   8.712   40.870   41.681
   7.423   39.057   42.094
   6.957   42.222   42.140
   7.625   40.682   43.656
   6.755   40.598   40.578
  11.456   18.255   14.140
  12.388   18.569   15.402
  10.524   17.941   12.879
  10.708   19.655   14.344
  12.203   16.855   13.937
  10.392   17.547   15.103
  12.520   18.964   13.178
  34.885   13.119   42.037
  33.601   12.539   42.795
  36.169   13.699   41.279
  34.001   14.321   41.459
  35.769   11.917   42.615
  34.525   12.236   40.752
  35.245   14.002   43.322
  16.776   27.008    1.531
  17.343   26.532    0.113
  16.208   27.484    2.949
  17.293   28.494    1.240
  16.258   25.523    1.822
  18.179   26.653    2.212
  15.372   27.364    0.850
