   9.668   31.914   44.867
   9.433   30.860   45.677
   8.187   30.559   45.675
   7.468   31.300   44.930
   8.587   32.355   44.294
   7.667   32.631   43.887
   9.151   33.118   43.784
   7.818   29.787   46.230
   7.381   30.910   45.230
  42.123   35.813   46.709
  41.837   36.838   45.878
  42.568   36.782   44.827
  43.378   35.800   44.800
  43.054   35.035   46.242
  43.806   34.476   45.782
  42.991   34.409   47.116
  42.494   37.475   44.082
  43.272   36.180   44.492
  18.677    3.783   33.411
  18.465    3.949   34.734
  18.513    5.191   35.045
  18.742    5.971   34.065
  18.874    4.909   32.791
  19.019    5.861   32.388
  18.991    4.390   31.854
  18.375    5.512   36.003
  18.664    6.032   34.555
  18.433   34.666   32.555
  17.262   35.332   32.466
  16.274   34.525   32.592
  16.606   33.309   32.768
  18.269   33.390   32.744
  18.031   32.385   32.893
  19.335   33.239   32.758
  15.307   34.848   32.552
  16.173   33.556   32.735
   2.683    9.408   20.406
   1.716    8.499   20.160
   2.021    7.366   20.675
   3.136    7.349   21.287
   3.669    8.914   21.095
   4.407    8.424   21.648
   4.177    9.864   21.078
   1.409    6.555   20.592
   2.778    7.013   21.196
  17.084   11.177    7.544
  17.080   12.526    7.604
  18.260   12.988    7.412
  19.148   12.098    7.213
  18.266   10.690    7.309
  19.251   10.401    7.119
  17.875    9.687    7.335
  18.454   13.989    7.421
  19.147   12.598    7.235
  14.881   40.026   20.012
  14.476   38.998   20.788
  13.433   38.443   20.291
  13.022   38.970   19.207
  14.123   40.195   18.970
  13.456   40.247   18.168
  14.726   41.027   18.647
  12.982   37.646   20.739
  12.872   38.589   19.494
  32.462   29.882   42.845
  31.634   28.899   43.258
  31.227   28.204   42.261
  31.681   28.584   41.134
  32.638   29.879   41.557
  32.713   29.791   40.519
  33.295   30.729   41.629
  30.592   27.415   42.378
  31.374   28.220   41.287
  16.137   42.094   11.084
  17.043   41.199   10.638
  18.168   41.364   11.230
  18.180   42.307   12.085
  16.623   42.888   11.992
  17.106   43.473   12.709
  15.677   43.397   12.075
  18.976   40.778   11.023
  18.515   41.976   11.919
  31.200   26.609   27.842
  30.237   26.692   28.785
  29.722   25.540   29.005
  30.218   24.599   28.305
  31.362   25.398   27.398
  31.414   24.396   27.110
  32.140   25.730   26.731
  28.977   25.404   29.688
  29.861   24.630   28.655
  19.625    5.840    8.841
  19.706    6.471    7.650
  20.683    6.009    6.961
  21.342    5.084    7.536
  20.545    4.933    8.990
  21.319    4.233    9.011
  20.169    4.690    9.969
  20.902    6.364    6.031
  21.372    5.317    7.095
  35.322   29.020   46.180
  35.738   30.298   46.057
  34.736   31.089   45.949
  33.602   30.511   45.981
  34.027   28.911   46.158
  32.983   28.931   46.130
  34.099   27.843   46.272
  34.854   32.097   45.847
  33.756   30.984   45.935
  12.195    8.236   20.264
  12.909    8.788   21.268
  12.222    8.811   22.350
  11.052    8.322   22.241
  11.005    7.870   20.639
  10.075    7.614   21.039
  10.784    7.515   19.647
  12.597    9.193   23.218
  11.316    8.527   22.612
  13.748   29.176   37.376
  14.113   27.884   37.237
  15.312   27.800   36.790
  15.876   28.922   36.582
  14.690   30.002   37.027
  15.506   30.578   36.724
  14.060   30.843   37.263
  15.761   26.901   36.620
  16.011   28.444   36.531
  34.353   29.971   37.361
  33.919   28.737   37.027
  34.479   27.848   37.760
  35.297   28.313   38.617
  35.219   29.950   38.331
  35.903   29.826   39.110
  35.305   31.023   38.297
  34.275   26.855   37.653
  35.137   27.856   38.494
  25.475   25.962   37.212
  25.249   24.652   36.979
  26.356   24.007   36.925
  27.392   24.725   37.097
  26.740   26.240   37.321
  27.775   26.358   37.392
  26.513   27.280   37.486
  26.385   23.002   36.756
  27.309   24.240   37.011
  13.213    7.591   29.866
  12.660    6.404   29.539
  12.810    5.559   30.491
  13.431    6.014   31.505
  13.754    7.581   31.049
  14.156    7.471   32.006
  14.052    8.610   30.937
  12.456    4.605   30.425
  13.226    5.574   31.384
  15.408   29.196   19.769
  16.314   29.666   18.886
  15.853   29.605   17.692
  14.676   29.128   17.606
  14.309   28.804   19.197
  13.471   28.518   18.644
  13.892   28.529   20.151
  16.397   29.916   16.887
  15.011   29.302   17.279
  31.056   23.181    9.253
  29.948   22.554    8.802
  29.640   21.576    9.571
  30.424   21.417   10.561
  31.526   22.644   10.339
  31.823   22.142   11.206
  32.327   23.365   10.367
  28.830   20.984    9.390
  30.014   21.185   10.394
  23.882   34.394   -0.001
  25.141   33.904   -0.001
  25.995   34.860   -0.001
  25.482   36.025   -0.001
  23.851   35.693   -0.001
  23.934   36.734   -0.000
  22.774   35.683   -0.001
  26.999   34.684   -0.001
  25.948   35.844   -0.001
  49.806   22.590    3.177
  50.000   21.489    3.933
  49.301   20.510    3.491
  48.599   20.785    2.465
  48.970   22.386    2.202
  48.291   22.120    1.455
  49.081   23.405    1.873
  49.318   19.592    3.935
  48.671   20.377    2.746
  22.299   45.968   26.498
  21.094   45.382   26.666
  21.220   44.110   26.755
  22.419   43.692   26.668
  23.273   45.107   26.469
  23.980   44.340   26.459
  23.989   45.900   26.334
  20.416   43.497   26.885
  21.973   43.476   26.730
  46.699   14.810   29.924
  47.198   15.573   30.920
  47.564   16.716   30.471
  47.382   16.874   29.222
  46.714   15.417   28.774
  46.770   15.988   27.902
  46.278   14.556   28.296
  47.967   17.429   31.079
  47.566   17.157   29.591
  22.979   47.393   31.297
  23.293   46.477   30.356
  24.555   46.481   30.128
  25.212   47.323   30.820
  24.019   48.041   31.731
  24.912   48.502   32.012
  23.400   48.616   32.399
  24.980   45.854   29.445
  25.329   46.984   30.471
  39.373   26.756    1.461
  40.167   27.789    1.813
  41.354   27.618    1.363
  41.518   26.543    0.703
  40.002   25.857    0.763
  40.595   25.198    0.212
  39.107   25.263    0.691
  42.096   28.298    1.530
  41.812   26.926    0.833
  38.268    1.060    4.661
  39.316    0.497    5.300
  39.108    0.465    6.564
  37.992    0.956    6.927
  37.323    1.424    5.477
  36.626    1.679    6.211
  36.732    1.789    4.654
  39.792    0.073    7.212
  38.380    0.748    7.163
  33.413    3.732   10.645
  32.832    4.937   10.467
  33.714    5.867   10.470
  34.908    5.459   10.635
  34.704    3.813   10.773
  35.730    3.985   10.864
  34.776    2.744   10.884
  33.463    6.848   10.348
  34.693    5.906   10.569
  48.969   28.123   45.142
  48.843   28.661   43.911
  49.323   29.850   43.888
  49.798   30.247   45.000
  49.537   28.932   45.986
  50.000   29.653   46.583
  49.457   28.197   46.769
  49.316   30.417   43.040
  49.751   30.447   44.543
   8.401   30.418   37.950
   8.893   29.171   37.795
   7.941   28.314   37.752
   6.776   28.815   37.862
   7.103   30.439   38.016
   6.063   30.349   38.058
   7.110   31.510   38.128
   8.119   27.316   37.639
   6.958   28.352   37.805
  27.548   14.840   45.750
  28.840   14.774   45.364
  29.570   15.525   46.104
  28.933   16.148   47.012
  27.369   15.638   46.762
  27.331   16.296   47.571
  26.312   15.429   46.758
  30.576   15.604   45.962
  29.411   16.124   46.869
  44.275   21.978   44.460
  43.649   22.861   43.654
  44.398   23.877   43.431
  45.534   23.829   44.003
  45.465   22.372   44.805
  46.402   22.776   45.022
  45.609   21.477   45.387
  44.094   24.651   42.842
  45.302   24.156   43.705
  48.627   32.822   16.039
  48.448   32.953   14.707
  48.641   34.167   14.345
  48.951   34.957   15.294
  48.947   33.943   16.614
  49.198   34.889   16.977
  48.996   33.455   17.573
  48.550   34.460   13.372
  48.884   35.006   14.801
  38.508   16.414   15.590
  38.652   15.173   16.102
  37.510   14.680   16.414
  36.523   15.448   16.177
  37.266   16.794   15.541
  36.244   17.003   15.544
  37.557   17.739   15.114
  37.418   13.748   16.817
  36.576   14.988   16.367
  11.316   12.086   27.897
  11.563   13.023   26.957
  10.487   13.646   26.648
   9.453   13.254   27.278
  10.065   12.050   28.249
   9.044   12.100   28.461
  10.268   11.252   28.944
  10.477   14.392   25.952
   9.544   13.601   26.930
  33.941    1.714    8.695
  34.566    2.911    8.701
  35.826    2.762    8.521
  36.199    1.553    8.381
  34.762    0.723    8.511
  35.500   -0.000    8.359
  33.949    0.019    8.567
  36.464    3.557    8.496
  36.430    1.996    8.383
  12.695   38.270   27.885
  12.507   39.113   28.923
  11.661   40.025   28.615
  11.199   39.937   27.432
  11.982   38.590   26.846
  11.371   38.928   26.071
  12.382   37.755   26.296
  11.391   40.754   29.275
  11.130   40.249   27.816
  30.951   47.048   10.887
  29.887   46.589   11.580
  28.887   46.405   10.799
  29.113   46.687    9.579
  30.700   47.187    9.619
  30.399   47.263    8.622
  31.703   47.537    9.443
  27.991   46.060   11.143
  28.719   46.517    9.835
  48.834   32.477   35.014
  49.486   31.365   34.614
  48.850   30.314   34.981
  47.775   30.546   35.622
  47.739   32.209   35.662
  46.883   31.890   36.167
  47.540   33.260   35.792
  49.191   29.377   34.768
  48.017   30.134   35.474
  47.562   14.170   16.496
  46.442   13.416   16.544
  46.737   12.170   16.504
  47.984   11.925   16.431
  48.644   13.453   16.423
  49.449   12.790   16.366
  49.251   14.343   16.406
  46.019   11.446   16.531
  47.569   11.646   16.449
  37.862   29.539    7.472
  38.253   29.845    6.217
  37.884   31.033    5.909
  37.249   31.643    6.828
  37.218   30.511    8.047
  36.715   31.347    8.417
  37.095   29.922    8.940
  38.091   31.441    4.997
  37.394   31.756    6.363
  27.990   45.385   37.274
  29.176   45.237   37.901
  29.381   44.005   38.192
  28.447   43.218   37.835
  27.360   44.258   37.124
  26.937   43.306   37.052
  26.544   44.761   36.632
  30.228   43.699   38.670
  28.886   43.163   38.067
   4.467   40.779   29.586
   3.716   40.253   28.595
   3.598   41.088   27.630
   4.197   42.195   27.814
   4.877   41.983   29.318
   5.154   42.941   29.009
   5.389   42.036   30.264
   3.063   40.866   26.790
   3.919   42.000   27.447
  48.163   34.491   28.718
  49.360   33.868   28.683
  49.205   32.595   28.685
  47.992   32.212   28.719
  47.166   33.657   28.745
  46.438   32.908   28.765
  46.464   34.473   28.767
  50.000   31.956   28.662
  48.435   31.982   28.706
  35.349   39.347   19.332
  36.456   39.871   19.900
  36.178   40.973   20.493
  34.956   41.319   20.417
  34.293   40.080   19.525
  33.508   40.736   19.735
  33.688   39.383   18.969
  36.890   41.515   20.982
  35.366   41.513   20.628
  43.819   20.496   46.207
  42.968   21.544   46.238
  41.753   21.137   46.218
  41.621   19.872   46.175
  43.202   19.352   46.166
  42.615   18.490   46.134
  44.143   18.828   46.153
  40.967   21.787   46.235
  41.306   20.260   46.187
  49.809   24.794    8.323
  49.326   23.538    8.217
  48.649   23.405    7.137
  48.583   24.458    6.424
  49.471   25.546    7.318
  49.148   26.064    6.471
  50.000   26.381    7.745
  48.205   22.523    6.885
  48.404   23.993    6.385
  44.847   11.276   20.535
  46.009   11.916   20.783
  45.786   13.085   21.258
  44.554   13.375   21.387
  43.806   11.995   20.836
  43.039   12.649   21.108
  43.148   11.202   20.521
  46.546   13.719   21.507
  44.984   13.612   21.479
  30.787   17.369   13.295
  30.264   18.395   12.591
  28.988   18.291   12.524
  28.511   17.272   13.118
  29.879   16.542   13.723
  29.077   15.942   14.018
  30.633   15.930   14.188
  28.418   18.977   12.030
  28.317   17.652   12.857
  47.141   40.879   15.610
  47.121   39.599   15.183
  45.919   39.156   15.145
  45.036   39.997   15.507
  45.953   41.337   15.872
  44.961   41.608   16.053
  46.366   42.291   16.153
  45.705   38.204   14.846
  45.029   39.523   15.349
  22.114   -0.001   14.751
  23.382   -0.000   15.215
  23.955    1.117   14.956
  23.222    1.954   14.337
  21.795    1.115   14.166
  21.638    2.045   13.719
  20.806    0.742   13.960
  24.919    1.304   15.231
  23.692    1.954   14.509
  37.750   12.792    3.697
  36.676   12.270    3.068
  36.884   12.200    1.805
  38.025   12.626    1.435
  38.714   13.089    2.877
  39.425   13.292    2.140
  39.321   13.441    3.694
  36.183   11.831    1.164
  37.627   12.433    1.202
  23.396   43.845   10.397
  24.484   44.188   11.118
  24.175   45.044   12.020
  22.945   45.371   12.036
  22.320   44.459   10.792
  21.518   45.000   11.183
  21.738   43.957   10.037
  24.869   45.422   12.665
  23.348   45.498   12.303
  18.758   36.013    2.313
  17.540   35.501    2.591
  17.211   34.623    1.717
  18.081   34.434    0.807
  19.286   35.495    1.244
  19.621   35.020    0.377
  20.163   36.110    1.361
  16.322   34.126    1.761
  17.630   34.245    0.910
  29.898    6.255    2.471
  29.692    5.952    3.771
  28.518    6.314    4.136
  27.827    6.864    3.219
  28.870    6.830    1.923
  27.995    7.283    1.577
  29.391    6.900    0.983
  28.181    6.167    5.087
  27.751    6.751    3.700
  33.555   40.437   32.370
  32.462   40.850   31.693
  31.497   41.091   32.501
  31.774   40.892   33.727
  33.358   40.387   33.654
  33.099   40.381   34.666
  34.368   40.047   33.812
  30.587   41.414   32.171
  31.369   41.045   33.476
  42.954    9.733   36.683
  42.421    8.771   35.900
  42.095    9.250   34.757
  42.338   10.492   34.617
  43.002   10.890   36.091
  42.997   11.770   35.530
  43.446   11.336   36.965
  41.676    8.671   34.030
  42.141   10.136   34.327
  21.620    1.569    5.218
  20.636    2.053    4.430
  20.478    3.309    4.628
  21.261    3.808    5.499
  22.153    2.485    5.971
  22.513    3.290    6.530
  22.825    1.762    6.401
  19.778    3.850    4.121
  20.896    3.987    5.207
  17.655   34.712   29.788
  17.015   33.567   29.470
  17.713   32.550   29.820
  18.822   32.838   30.375
  18.802   34.502   30.362
  19.703   34.227   30.813
  18.972   35.562   30.446
  17.391   31.595   29.661
  18.585   32.413   30.257
  12.440   28.652   13.548
  11.729   28.426   14.673
  11.158   27.279   14.622
  11.382   26.627   13.552
  12.370   27.665   12.705
  12.250   26.822   12.100
  13.008   28.189   12.014
  10.576   26.933   15.385
  11.119   26.543   13.969
  29.990   14.206   32.589
  30.266   15.343   31.917
  29.183   15.943   31.584
  28.118   15.350   31.951
  28.713   14.005   32.729
  27.673   13.936   32.788
  28.900   13.088   33.263
  29.192   16.823   31.068
  28.220   15.772   31.702
  28.468   11.750   24.078
  28.819   12.262   25.277
  29.434   13.377   25.128
  29.573   13.743   23.917
  28.836   12.504   23.085
  29.173   13.177   22.361
  28.410   11.810   22.380
  29.777   13.913   25.924
  29.703   13.933   24.361
  -0.001   36.114   48.566
   0.493   36.712   47.461
   1.766   36.569   47.403
   2.267   35.915   48.373
   0.924   35.551   49.286
   1.737   35.134   49.790
   0.188   35.223   50.001
   2.317   36.955   46.636
   2.450   36.136   47.963
  39.146   21.255   41.291
  40.490   21.358   41.372
  41.027   20.197   41.449
  40.198   19.231   41.433
  38.738   20.021   41.311
  38.513   19.001   41.335
  37.713   20.343   41.234
  42.037   20.074   41.518
  40.695   19.269   41.463
   8.579   44.862   30.183
   9.147   43.642   30.083
  10.209   43.697   29.366
  10.483   44.858   28.921
   9.240   45.776   29.538
   9.840   46.433   28.991
   8.528   46.526   29.840
  10.775   42.870   29.178
  10.694   44.406   28.884
  42.276   36.692   15.571
  43.528   36.836   16.054
  43.653   37.962   16.653
  42.598   38.674   16.661
  41.519   37.716   15.831
  40.996   38.583   16.090
  40.688   37.251   15.328
  44.532   38.248   17.084
  43.062   38.727   16.840
  26.590   40.161   28.641
  27.891   40.452   28.851
  28.642   39.541   28.351
  28.012   38.592   27.784
  26.424   39.046   27.994
  26.399   38.142   27.473
  25.355   39.167   28.028
  29.659   39.589   28.412
  28.494   38.699   27.862
  26.600   50.003    6.501
  25.250   50.004    6.457
  24.774   49.093    7.221
  25.654   48.408    7.836
  27.073   49.091    7.297
  27.351   48.331    7.957
  28.081   49.394    7.070
  23.771   48.941    7.318
  25.155   48.408    7.819
  46.415   42.593   38.049
  47.635   42.015   38.040
  48.522   42.845   37.630
  48.068   43.996   37.332
  46.443   43.828   37.646
  46.572   44.808   37.310
  45.379   43.915   37.789
  49.506   42.588   37.555
  48.520   43.782   37.328
  36.496   37.749   29.491
  35.994   36.534   29.183
  34.776   36.635   28.797
  34.322   37.824   28.791
  35.631   38.704   29.322
  34.866   39.396   29.155
  36.352   39.436   29.645
  34.230   35.819   28.522
  34.137   37.374   28.676
  47.056   10.968   44.417
  47.282    9.659   44.174
  46.183    9.052   43.917
  45.151    9.797   43.946
  45.797   11.282   44.330
  44.768   11.431   44.237
  46.021   12.308   44.569
  46.154    8.055   43.708
  45.235    9.312   43.857
  15.365   37.263   32.196
  14.534   36.556   31.402
  14.621   36.959   30.188
  15.448   37.909   30.007
  16.036   38.164   31.542
  16.524   38.853   30.929
  16.531   38.475   32.447
  14.066   36.541   29.441
  15.140   37.647   29.712
  28.263   49.146   29.173
  26.936   49.292   28.972
  26.390   48.156   28.735
  27.197   47.172   28.742
  28.651   47.909   29.078
  28.859   46.891   28.981
  29.668   48.196   29.284
  25.390   48.067   28.557
  26.705   47.226   28.667
  37.277   46.090   21.251
  36.294   47.001   21.410
  36.786   48.181   21.504
  38.055   48.230   21.430
  38.460   46.628   21.233
  39.361   47.156   21.233
  38.916   45.661   21.102
  36.194   49.002   21.629
  37.691   48.568   21.489
  21.143   46.683    3.388
  21.296   45.630    2.557
  21.986   44.709    3.120
  22.364   44.983    4.304
  21.726   46.502    4.536
  22.225   46.261    5.420
  21.400   47.472    4.871
  22.206   43.834    2.644
  22.421   44.593    3.996
  40.257    7.122   16.929
  39.944    8.329   16.411
  40.355    9.269   17.180
  40.950    8.867   18.231
  40.889    7.212   18.062
  41.388    7.392   18.961
  40.949    6.139   18.131
  40.209   10.252   16.954
  40.834    9.314   18.039
   5.858   35.479   17.263
   6.811   36.409   17.036
   6.307   37.438   16.463
   5.056   37.358   16.241
   4.685   35.854   16.850
   3.789   36.248   16.485
   4.253   34.926   17.184
   6.876   38.247   16.212
   5.409   37.703   16.157
  13.954   23.505   30.751
  14.631   23.452   29.584
  13.828   23.243   28.607
  12.605   23.134   28.945
  12.675   23.333   30.596
  11.668   23.185   30.366
  12.517   23.436   31.656
  14.157   23.171   27.645
  12.856   23.115   28.512
  30.447   19.361   25.089
  30.967   18.167   25.443
  32.190   18.080   25.068
  32.629   19.110   24.461
  31.302   20.115   24.464
  32.060   20.639   23.975
  30.567   20.895   24.367
  32.750   17.248   25.248
  32.822   18.667   24.593
  48.104   34.475   20.830
  48.042   35.043   22.053
  48.807   34.426   22.875
  49.438   33.442   22.370
  48.912   33.458   20.791
  49.581   32.659   20.865
  48.696   33.306   19.747
  48.892   34.712   23.850
  49.415   33.652   22.823
  16.605    8.718   45.334
  17.479    9.660   45.747
  18.344    9.903   44.832
  18.191    9.222   43.768
  16.854    8.298   44.129
  17.137    8.030   43.160
  16.015    7.624   44.174
  19.087   10.589   44.963
  18.515    9.571   43.921
  43.908   45.362   11.031
  43.074   46.423   11.045
  43.732   47.514   10.902
  44.989   47.359   10.783
  45.152   45.705   10.879
  46.117   46.083   10.753
  45.458   44.673   10.918
  43.270   48.423   10.888
  44.681   47.752   10.788
  36.932   38.898   14.895
  35.870   39.183   14.111
  35.655   40.446   14.087
  36.466   41.132   14.788
  37.463   39.960   15.423
  37.814   40.870   15.795
  38.203   39.360   15.925
  34.892   40.852   13.546
  36.073   41.237   14.497
  48.502    5.248   44.252
  48.863    4.327   43.334
  49.626    4.851   42.447
  49.867    6.088   42.624
  49.011    6.420   44.011
  49.466    7.317   43.732
  48.529    6.826   44.885
  50.001    4.307   41.670
  50.001    5.747   42.283
  27.685   47.492    3.055
  28.888   48.104    3.048
  28.746   49.377    3.018
  27.536   49.772    3.001
  26.695   48.335    3.030
  25.975   49.090    3.008
  25.985   47.526    3.044
  29.547   50.009    3.008
  27.981   49.998    2.999
  47.279   29.272   45.958
  46.589   28.112   45.942
  45.329   28.337   46.017
  45.018   29.569   46.089
  46.506   30.313   46.045
  45.802   31.081   46.116
  47.361   30.968   46.030
  44.646   27.580   46.018
  44.762   29.140   46.083
  36.362   37.382    4.833
  36.175   36.195    5.448
  37.244   35.828    6.053
  38.217   36.641    5.944
  37.563   37.851    5.006
  38.547   38.139    5.203
  37.324   38.721    4.418
  37.294   34.953    6.575
  38.147   36.202    6.171
  45.989    6.189   47.370
  46.707    5.054   47.234
  46.726    4.677   46.009
  46.080    5.434   45.215
  45.501    6.610   46.241
  45.157    6.863   45.288
  45.042    7.450   46.735
  47.221    3.837   45.712
  46.346    5.014   45.165
  24.939   32.978   37.286
  25.637   32.124   38.064
  24.845   31.328   38.682
  23.611   31.514   38.432
  23.655   32.783   37.356
  22.646   32.547   37.482
  23.480   33.586   36.660
  25.191   30.610   39.318
  23.869   31.198   38.721
  25.332    3.709   23.432
  26.531    3.355   22.925
  27.358    3.090   23.867
  26.879    3.216   25.039
  25.314    3.693   24.732
  25.403    3.650   25.771
  24.283    4.005   24.737
  28.318    2.803   23.677
  27.323    3.085   24.851
  23.027    8.931   45.440
  22.113    9.900   45.661
  22.622   11.056   45.444
  23.841   11.035   45.079
  24.179    9.405   45.068
  25.059    9.884   44.777
  24.585    8.410   45.002
  22.080   11.912   45.559
  23.502   11.394   45.161
  38.297   28.041   37.891
  39.564   27.600   38.044
  40.394   28.432   37.533
  39.856   29.460   37.009
  38.236   29.183   37.272
  38.294   30.096   36.770
  37.161   29.183   37.346
  41.401   28.269   37.552
  40.325   29.297   37.066
  25.543   30.236   21.659
  25.441   29.705   22.897
  24.234   29.783   23.322
  23.423   30.327   22.506
  24.408   30.686   21.214
  23.453   31.016   20.949
  24.874   30.994   20.293
  23.963   29.433   24.240
  23.385   30.131   22.964
  13.014   17.166   13.258
  11.897   16.480   12.936
  12.051   15.230   13.175
  13.191   14.922   13.649
  13.955   16.398   13.723
  14.643   15.700   14.083
  14.607   17.247   13.846
  11.311   14.552   12.994
  12.778   14.668   13.529
  38.118   41.037   39.079
  37.922   41.708   37.924
  37.205   42.751   38.125
  36.847   42.919   39.335
  37.539   41.609   40.094
  37.040   42.143   40.839
  37.901   40.839   40.754
  36.951   43.384   37.367
  36.774   43.167   38.907
  10.124   33.274   31.857
  11.159   33.578   32.670
  12.273   33.444   32.050
  12.160   33.066   30.840
  10.510   32.927   30.665
  10.921   32.664   29.742
   9.488   32.781   30.360
  13.167   33.630   32.504
  12.543   33.178   31.141
  -0.013   15.738    3.474
   0.403   17.021    3.541
   1.683   17.078    3.574
   2.261   15.944    3.538
   0.974   14.893    3.460
   1.832   14.299    3.454
   0.285   14.066    3.406
   2.181   17.966    3.626
   2.415   16.419    3.563
  13.047   26.570   43.700
  12.459   25.703   44.551
  13.335   25.146   45.303
  14.531   25.523   45.087
  14.337   26.623   43.853
  15.361   26.593   44.054
  14.416   27.355   43.066
  13.078   24.459   46.011
  14.313   25.202   45.402
  36.585   22.694   21.192
  36.276   21.398   20.976
  36.756   20.660   21.907
  37.399   21.294   22.803
  37.282   22.868   22.276
  37.837   22.900   23.160
  37.317   23.930   22.102
  36.624   19.648   21.913
  37.285   20.814   22.723
  38.537   38.833   49.833
  39.696   38.703   49.152
  39.500   38.868   47.896
  38.292   39.111   47.579
  37.527   39.090   49.057
  36.785   39.293   48.351
  36.863   39.117   49.904
  40.261   38.806   47.220
  38.721   39.063   47.327
  30.180    3.326   43.290
  28.997    2.678   43.233
  29.130    1.463   43.616
  30.315    1.144   43.956
  31.146    2.566   43.713
  31.849    1.877   44.061
  31.846    3.379   43.621
  28.342    0.816   43.641
  29.877    0.905   43.935
   7.161   39.592    7.608
   6.544   40.767    7.359
   7.287   41.521    6.636
   8.409   41.009    6.321
   8.337   39.519    7.059
   9.264   39.560    6.581
   8.478   38.528    7.457
   6.988   42.451    6.345
   8.180   41.444    6.229
  41.562   20.488   30.986
  42.360   20.220   32.042
  42.460   18.955   32.221
  41.805   18.252   31.387
  41.102   19.411   30.422
  40.787   18.491   30.042
  40.566   20.002   29.697
  43.023   18.561   32.974
  42.100   18.153   31.778
  37.195   41.033   24.794
  36.635   40.642   25.959
  37.538   40.267   26.788
  38.727   40.343   26.342
  38.491   40.932   24.804
  39.523   40.814   24.912
  38.543   41.303   23.794
  37.305   39.937   27.725
  38.520   40.198   26.774
  13.004   18.703    7.091
  13.238   19.951    6.631
  13.454   20.757    7.603
  13.400   20.218    8.755
  13.054   18.632    8.388
  13.116   18.680    9.430
  12.835   17.578    8.354
  13.650   21.745    7.450
  13.487   20.680    8.585
  47.347   16.300   36.502
  48.645   16.109   36.819
  49.044   14.961   36.411
  48.153   14.276   35.813
  46.833   15.287   35.870
  46.516   14.427   35.370
  45.882   15.790   35.806
  50.000   14.639   36.560
  48.634   14.205   35.931
  30.647   10.563   35.431
  29.975   11.716   35.226
  30.792   12.689   35.058
  32.021   12.362   35.121
  31.937   10.725   35.408
  32.953   10.959   35.371
  32.087    9.674   35.593
  30.468   13.641   34.890
  31.772   12.789   35.045
  28.022   29.826   44.286
  27.501   28.585   44.394
  26.226   28.640   44.512
  25.747   29.819   44.501
  27.113   30.754   44.328
  26.310   31.421   44.372
  27.865   31.517   44.220
  25.657   27.799   44.605
  25.554   29.359   44.541
  19.875   29.697   20.536
  20.898   30.289   19.883
  21.699   29.409   19.409
  21.363   28.205   19.652
  19.957   28.400   20.522
  20.114   27.370   20.453
  19.046   28.320   21.091
  22.533   29.668   18.882
  21.741   28.425   19.410
  41.465   31.236   38.940
  40.790   31.440   40.091
  41.604   31.652   41.058
  42.833   31.624   40.728
  42.754   31.304   39.096
  43.769   31.379   39.326
  42.907   31.105   38.049
  41.278   31.827   42.008
  42.583   31.700   41.154
  15.515   47.482    2.656
  15.965   46.315    2.148
  17.237   46.350    1.998
  17.779   47.447    2.350
  16.470   48.339    2.862
  17.306   48.952    2.991
  15.763   49.062    3.232
  17.758   45.556    1.625
  17.945   47.015    2.162
   9.689   21.322   43.445
   9.050   20.985   42.305
   8.697   22.034   41.660
   9.018   23.131   42.221
   9.786   22.609   43.602
   9.811   23.652   43.635
  10.306   22.471   44.535
   8.200   21.978   40.771
   8.781   23.006   41.799
  34.612   25.631    2.583
  35.490   26.607    2.899
  36.665   26.306    2.485
  36.741   25.187    1.884
  35.169   24.644    1.946
  35.709   23.906    1.442
  34.224   24.130    1.885
  37.462   26.925    2.632
  37.066   25.548    2.001
  15.295   11.896    6.484
  14.528   12.177    7.559
  13.963   13.319    7.423
  14.242   13.918    6.336
  15.269   12.841    5.591
  15.181   13.652    4.940
  15.939   12.283    4.959
  13.344   13.702    8.138
  13.958   14.022    6.734
  25.780   20.532    1.723
  25.242   21.769    1.770
  24.009   21.710    2.117
  23.579   20.532    2.334
  24.927   19.603    2.036
  24.170   18.935    2.302
  25.677   18.844    1.891
  23.435   22.548    2.207
  23.379   20.990    2.351
  33.467   14.816   24.566
  32.963   13.861   23.756
  33.909   13.214   23.182
  35.079   13.604   23.494
  34.767   14.841   24.562
  35.806   14.779   24.489
  34.769   15.658   25.264
  33.721   12.451   22.531
  34.893   13.250   23.194
  18.604   40.128   32.120
  19.426   39.141   32.535
  19.098   38.746   33.709
  18.099   39.355   34.210
  17.699   40.429   33.003
  17.015   40.594   33.774
  17.291   41.183   32.350
  19.606   38.003   34.189
  18.404   38.990   34.364
  33.454    7.808   43.751
  33.849    8.505   44.838
  34.470    9.570   44.488
  34.573    9.730   43.230
  33.797    8.383   42.636
  34.117    8.923   41.802
  33.341    7.590   42.069
  34.844   10.225   45.174
  34.720    9.988   43.632
  49.211   19.273   23.804
  48.190   19.226   22.922
  47.273   20.060   23.250
  47.521   20.728   24.304
  49.012   20.139   24.753
  48.759   20.857   25.467
  49.961   19.891   25.199
  46.421   20.166   22.700
  47.143   20.710   23.978
  14.053   36.367   47.168
  14.774   37.352   46.590
  14.001   38.196   46.013
  12.761   37.925   46.110
  12.773   36.518   46.997
  11.769   36.728   46.805
  12.578   35.617   47.554
  14.365   39.011   45.521
  13.027   38.290   45.896
  22.603    4.206   22.386
  21.331    4.561   22.670
  20.540    3.565   22.510
  21.113    2.493   22.130
  22.707    2.961   22.027
  22.683    1.954   21.753
  23.771    3.070   21.902
  19.537    3.642   22.677
  20.642    2.624   22.235
  36.785   40.078   17.571
  37.728   40.940   18.007
  38.618   40.324   18.693
  38.422   39.072   18.807
  37.012   38.855   17.949
  37.282   37.911   18.302
  36.121   38.518   17.446
  39.413   40.812   19.106
  38.771   39.391   18.968
  31.376    7.256   32.184
  30.106    6.802   32.251
  29.867    6.302   33.406
  30.852    6.343   34.212
  32.030    7.075   33.292
  32.466    6.885   34.222
  32.910    7.527   32.865
  28.957    5.908   33.645
  30.382    6.175   34.236
  20.111   35.569   47.850
  20.059   34.445   48.596
  19.032   34.460   49.361
  18.309   35.502   49.252
  19.121   36.376   48.091
  18.291   36.950   48.357
  19.496   37.078   47.366
  18.825   33.693   50.000
  18.290   35.086   49.529
  15.085   21.648   42.503
  14.195   22.652   42.655
  14.761   23.787   42.473
  16.001   23.719   42.197
  16.277   22.078   42.213
  17.194   22.522   41.985
  16.649   21.068   42.178
  14.245   24.664   42.548
  15.671   24.091   42.253
  10.409   46.741   32.416
  11.525   46.340   33.061
  12.528   47.057   32.713
  12.258   47.963   31.861
  10.627   47.741   31.614
  10.905   48.540   31.002
   9.590   47.755   31.324
  13.460   46.902   33.096
  12.671   47.815   32.100
  10.685   21.756   14.390
  10.461   22.309   15.601
  11.529   22.856   16.051
  12.536   22.758   15.278
  11.911   21.913   13.988
  12.914   22.091   13.757
  11.696   21.382   13.076
  11.553   23.326   16.955
  12.453   22.963   15.727
  31.127    4.262   22.607
  32.048    5.243   22.501
  31.751    6.037   21.539
  30.685    5.733   20.915
  30.182    4.365   21.720
  29.475    4.536   20.971
  29.701    3.483   22.107
  32.333    6.842   21.307
  31.026    6.096   20.876
   6.663   31.375    6.450
   5.430   31.917    6.546
   5.229   32.749    5.592
   6.209   32.877    4.790
   7.330   31.826    5.429
   7.779   32.249    4.587
   8.173   31.207    5.687
   4.351   33.260    5.499
   5.752   33.078    4.825
  43.578    1.271   46.366
  43.239    2.315   45.579
  44.120    2.495   44.666
  45.091    1.673   44.702
  44.697    0.717   46.006
  45.601    0.345   45.638
  44.617   -0.000   46.806
  44.035    3.239   43.974
  44.966    2.059   44.410
  30.480   29.930   30.478
  30.843   31.212   30.696
  29.850   31.892   31.136
  28.772   31.226   31.266
  29.232   29.707   30.765
  28.223   29.633   31.022
  29.335   28.674   30.481
  29.932   32.883   31.359
  28.907   31.701   31.347
  35.614    6.593    1.871
  36.765    7.284    2.016
  37.770    6.488    2.019
  37.468    5.258    1.889
  35.809    5.311    1.772
  36.071    4.303    1.702
  34.749    5.142    1.680
  38.726    6.829    2.119
  37.894    5.514    1.942
  26.033   45.472   45.389
  26.644   46.673   45.302
  25.873   47.531   44.742
  24.735   47.074   44.403
  24.832   45.485   44.890
  23.885   45.600   44.468
  24.704   44.443   45.132
  26.164   48.496   44.590
  24.962   47.518   44.370
  44.422   17.067   24.162
  44.730   16.106   25.058
  46.001   16.008   25.194
  46.671   16.816   24.474
  45.476   17.646   23.667
  46.380   18.045   23.332
  44.858   18.284   23.058
  46.424   15.333   25.831
  46.786   16.460   24.806
  45.414   49.184   17.625
  44.410   48.324   17.898
  44.864   47.265   18.459
  46.126   47.260   18.630
  46.575   48.731   17.995
  47.456   48.279   18.326
  47.056   49.625   17.636
  44.252   46.500   18.740
  45.754   46.941   18.731
  38.617   42.917   15.575
  37.430   43.502   15.845
  37.571   44.769   15.971
  38.765   45.184   15.817
  39.593   43.774   15.511
  40.304   44.538   15.481
  40.293   42.983   15.299
  36.782   45.381   16.176
  38.325   45.401   15.917
  23.373    4.920   38.902
  23.936    6.138   39.049
  25.138    6.136   38.604
  25.524    5.017   38.136
  24.179    4.060   38.353
  24.900    3.449   37.909
  23.424    3.294   38.408
  25.724    6.970   38.631
  25.732    5.468   38.190
  17.131   34.942   14.770
  18.004   35.961   14.627
  18.568   35.913   13.478
  18.191   34.943   12.746
  17.081   34.176   13.720
  17.115   33.626   12.833
  16.343   33.550   14.193
  19.261   36.604   13.189
  18.515   35.320   12.693
  11.188   16.468   24.761
  12.319   16.842   25.396
  12.273   18.086   25.701
  11.202   18.676   25.348
  10.346   17.448   24.619
   9.742   18.297   24.556
   9.650   16.797   24.118
  13.040   18.550   26.187
  11.620   18.814   25.583
  14.925   45.904    6.059
  13.726   45.721    6.652
  13.245   46.841    7.049
  13.984   47.848    6.804
  15.288   47.152    6.040
  15.487   48.176    6.074
  16.203   46.893    5.534
  12.343   46.902    7.522
  13.540   47.780    7.024
  15.599   30.359   48.319
  14.990   31.507   47.954
  15.800   32.258   47.303
  16.964   31.769   47.150
  16.836   30.302   47.925
  17.815   30.353   47.565
  16.950   29.328   48.372
  15.518   33.170   46.945
  16.739   32.194   47.015
  10.745   15.034   30.277
  11.396   16.216   30.271
  10.562   17.189   30.267
   9.339   16.835   30.270
   9.452   15.174   30.278
   8.432   15.394   30.277
   9.321   14.105   30.283
  10.869   18.162   30.262
   9.580   17.273   30.267
  35.699   48.273   24.783
  35.415   47.074   24.231
  34.241   46.689   24.570
  33.620   47.499   25.330
  34.724   48.732   25.510
  33.887   49.010   26.068
  35.293   49.615   25.744
  33.851   45.803   24.248
  33.515   47.055   25.125
  17.282   15.727   34.389
  17.132   15.372   35.683
  16.601   16.326   36.353
  16.341   17.368   35.670
  16.857   16.932   34.149
  16.490   17.905   34.061
  17.128   16.837   33.111
  16.410   16.242   37.351
  16.285   17.237   36.149
  15.998   36.341    9.902
  16.722   37.393    9.466
  16.125   38.494    9.739
  15.013   38.355   10.343
  14.891   36.700   10.481
  14.031   37.091   10.926
  14.634   35.671   10.665
  16.521   39.399    9.486
  15.281   38.744   10.182
  28.436   20.703   29.867
  27.841   21.261   28.792
  27.497   20.359   27.949
  27.784   19.171   28.303
  28.510   19.408   29.782
  28.520   18.377   29.618
  28.999   19.357   30.740
  27.032   20.591   27.072
  27.563   19.378   27.905
  44.785   26.321   44.097
  43.443   26.447   44.012
  43.118   27.670   43.812
  44.104   28.472   43.740
  45.404   27.455   43.957
  45.803   28.412   43.833
  46.357   26.968   44.077
  42.145   27.961   43.721
  43.607   28.519   43.709
  12.027   14.920   35.234
  12.344   16.072   35.863
  11.744   17.063   35.315
  11.003   16.750   34.328
  11.203   15.100   34.245
  10.545   15.350   33.474
  11.204   14.045   34.032
  11.861   18.018   35.654
  11.120   17.177   34.561
  29.092    3.669   41.002
  30.037    2.707   40.944
  31.160    3.200   40.573
  31.137    4.453   40.348
  29.551    4.840   40.672
  30.014    5.733   40.392
  28.582    5.282   40.832
  31.994    2.623   40.471
  31.486    4.096   40.326
   0.493   28.043   35.144
   1.299   27.298   34.358
   2.170   28.037   33.777
   2.084   29.275   34.062
   0.797   29.307   35.116
   1.120   30.295   35.025
  -0.001   29.529   35.805
   2.867   27.649   33.142
   2.383   28.998   33.771
  40.687   40.886   38.934
  41.707   41.752   39.110
  42.818   41.121   39.223
  42.714   39.855   39.147
  41.078   39.647   38.924
  41.493   38.689   38.930
  40.065   39.312   38.775
  43.702   41.609   39.362
  43.092   40.176   39.212
  14.556   43.280   30.117
  14.887   41.973   30.176
  16.155   41.824   30.062
  16.802   42.910   29.923
  15.591   44.051   29.962
  16.482   44.581   29.838
  14.960   44.924   29.963
  16.592   40.903   30.084
  16.925   42.426   29.945
  29.405   12.554   11.023
  30.609   12.660   10.422
  31.271   13.643   10.911
  30.663   14.283   11.828
  29.219   13.462   11.935
  29.168   14.228   12.642
  28.240   13.067   12.150
  32.206   13.880   10.580
  31.109   14.323   11.605
  47.540    7.861   39.856
  48.695    8.293   40.407
  48.482    8.782   41.572
  47.264    8.753   41.941
  46.515    8.047   40.634
  45.761    8.238   41.330
  45.859    7.612   39.899
  49.238    9.160   42.143
  47.692    8.913   42.145
  11.492   21.520    8.973
  11.267   20.969    7.761
  10.069   21.208    7.374
   9.376   21.891    8.194
  10.451   22.145    9.439
   9.565   22.619    9.722
  10.992   22.413   10.331
   9.715   20.870    6.479
   9.293   21.687    7.745
  48.352   48.188   40.701
  47.036   48.412   40.500
  46.855   49.110   39.441
  47.926   49.428   38.830
  49.097   48.728   39.783
  49.604   49.198   39.001
  49.986   48.354   40.263
  45.923   49.380   39.126
  47.438   49.511   38.756
  10.040    3.807   14.862
   9.689    4.933   14.204
   9.927    4.813   12.950
  10.426    3.691   12.613
  10.524    2.896   14.072
  10.897    2.233   13.356
  10.666    2.227   14.904
   9.726    5.564   12.290
  10.296    4.108   12.369
   1.829   16.657    8.381
   2.006   17.953    8.050
   1.125   18.324    7.196
   0.302   17.414    6.859
   0.823   16.115    7.760
  -0.000   15.776    7.215
   1.005   15.175    8.254
   1.100   19.275    6.826
   0.368   17.894    6.737
   4.626    4.308   49.259
   3.896    3.677   48.315
   3.593    4.485   47.367
   4.035    5.669   47.522
   4.837    5.559   48.977
   4.949    6.547   48.659
   5.398    5.686   49.887
   3.042    4.188   46.562
   3.764    5.435   47.173
  34.584   35.926   49.002
  34.104   34.667   48.919
  34.725   34.007   48.013
  35.630   34.667   47.409
  35.543   36.152   48.154
  36.300   36.232   47.439
  35.639   37.165   48.508
  34.499   33.035   47.805
  35.453   34.200   47.378
   1.724   20.499   26.480
   3.068   20.482   26.348
   3.440   19.462   25.668
   2.488   18.712   25.279
   1.151   19.491   25.893
   0.790   18.649   25.392
   0.181   19.841   26.202
   4.423   19.280   25.464
   2.986   18.706   25.230
  22.071   38.938   23.880
  23.263   39.420   23.468
  24.184   38.544   23.634
  23.782   37.445   24.135
  22.153   37.723   24.335
  22.324   36.752   24.678
  21.095   37.711   24.538
  25.154   38.728   23.379
  24.223   37.624   23.983
  10.061   23.338   28.032
  10.740   22.184   27.858
  11.591   22.301   26.907
  11.606   23.447   26.352
  10.434   24.267   27.202
  10.803   24.942   26.496
   9.722   24.954   27.629
  12.198   21.530   26.629
  11.858   23.020   26.288
  20.756   14.057    8.926
  21.945   13.469    8.674
  22.881   14.343    8.642
  22.494   15.538    8.850
  20.856   15.345    9.072
  21.042   16.368    9.172
  19.795   15.424    9.241
  23.852   14.086    8.464
  22.934   15.320    8.757
  19.210   15.860    2.488
  20.016   15.281    3.403
  19.646   14.075    3.629
  18.630   13.702    2.960
  18.273   15.062    2.070
  17.561   14.347    1.801
  17.889   15.829    1.419
  20.136   13.477    4.293
  18.928   13.487    3.299
  22.243   44.205   13.764
  22.379   43.359   12.721
  21.241   42.879   12.379
  20.262   43.296   13.077
  21.008   44.321   14.155
  19.992   44.345   14.391
  21.302   45.014   14.926
  21.145   42.220   11.607
  20.313   42.982   12.691
   8.534   29.315   30.753
   7.602   28.606   31.425
   8.155   27.845   32.294
   9.425   27.923   32.330
   9.744   29.051   31.149
  10.671   28.771   31.538
  10.146   29.751   30.436
   7.609   27.232   32.899
   9.080   27.660   32.579
  21.898   25.021   43.573
  21.764   26.360   43.473
  20.698   26.751   44.066
  20.021   25.816   44.603
  20.926   24.469   44.236
  20.104   24.125   44.781
  21.366   23.495   44.101
  20.428   27.734   44.097
  19.971   26.313   44.566
  16.719    3.757    3.078
  16.472    4.858    2.337
  15.904    5.761    3.049
  15.706    5.428    4.261
  16.326    3.885    4.311
  15.977    4.086    5.274
  16.671    2.891    4.540
  15.640    6.666    2.660
  15.614    5.836    3.987
   6.040   21.106   46.084
   4.817   21.666   46.191
   3.906   20.765   46.164
   4.344   19.576   46.045
   5.990   19.811   45.981
   5.843   18.781   45.905
   7.065   19.759   45.923
   2.915   20.999   46.233
   3.891   19.784   46.085
  37.709   33.192    2.303
  36.540   32.605    1.971
  35.575   33.445    2.053
  35.923   34.613    2.419
  37.567   34.446    2.618
  37.348   35.439    2.853
  38.625   34.536    2.800
  34.613   33.182    1.839
  35.490   34.395    2.296
  13.046    2.277   13.826
  13.145    3.585   14.145
  14.349    3.879   14.470
  15.162    2.900   14.422
  14.181    1.650   13.926
  15.135    1.242   14.038
  13.717    0.729   13.617
  14.617    4.824   14.743
  15.198    3.385   14.540
  28.059   36.050   45.148
  26.927   36.487   45.740
  26.037   36.763   44.860
  26.406   36.568   43.658
  27.965   36.017   43.852
  27.789   36.027   42.823
  28.974   35.649   43.773
  25.113   37.109   45.119
  25.987   36.730   43.877
   2.452   42.260   46.187
   2.751   41.019   45.748
   2.235   40.134   46.518
   1.574   40.608   47.497
   1.726   42.249   47.265
   1.147   42.131   48.126
   1.710   43.325   47.285
   2.354   39.136   46.346
   1.685   40.148   47.335
   7.040   21.866   32.146
   7.890   22.876   32.429
   7.847   23.771   31.513
   7.036   23.516   30.565
   6.400   22.050   31.030
   5.939   22.291   30.124
   5.879   21.116   31.157
   8.422   24.612   31.554
   7.351   23.890   30.670
  28.134   39.621   15.743
  28.165   40.450   14.678
  29.371   40.636   14.288
  30.247   40.015   14.970
  29.318   39.223   16.101
  30.308   38.963   16.308
  28.897   38.639   16.902
  29.593   41.235   13.493
  30.259   40.322   14.576
   3.825   19.703   35.774
   4.465   18.643   36.311
   3.949   17.547   35.893
   2.975   17.697   35.088
   2.858   19.353   34.979
   2.108   18.970   34.362
   2.627   20.386   34.780
   4.302   16.638   36.191
   3.212   17.304   35.286
  41.834   43.064   45.486
  42.070   44.271   46.042
  41.591   45.206   45.309
  41.015   44.801   44.248
  41.189   43.150   44.360
  40.672   43.326   43.470
  41.201   42.078   44.254
  41.672   46.189   45.568
  41.103   45.248   44.454
  21.483   48.797    8.140
  21.885   47.509    8.168
  20.902   46.737    8.450
  19.796   47.339    8.636
  20.217   48.932    8.403
  19.197   48.932    8.624
  20.292   50.000    8.291
  21.014   45.725    8.517
  19.945   46.861    8.647
   2.092   10.310    5.007
   3.059    9.390    4.805
   2.550    8.219    4.694
   1.282    8.185    4.796
   0.903    9.787    5.038
  -0.005    9.272    5.047
   0.464   10.757    5.202
   3.128    7.394    4.538
   1.640    7.844    4.721
   6.173   23.056   45.073
   6.479   24.242   45.641
   5.652   25.147   45.267
   4.751   24.739   44.467
   5.130   23.127   44.300
   4.288   23.288   43.705
   5.213   22.078   44.067
   5.725   26.110   45.594
   4.865   25.178   44.677
  19.216   26.113   18.291
  19.744   25.059   18.949
  20.592   24.445   18.210
  20.745   24.952   17.052
  19.694   26.241   17.088
  20.137   26.257   16.143
  19.079   27.109   16.920
  21.095   23.621   18.538
  20.940   24.561   17.296
   0.029   23.870   20.150
  -0.000   22.681   19.511
   0.017   22.852   18.241
   0.056   24.070   17.875
   0.066   24.878   19.330
   0.095   25.615   18.591
   0.079   25.569   20.156
  -0.000   22.066   17.592
   0.045   23.630   17.638
  28.867   19.387   36.192
  28.376   20.506   36.765
  28.767   21.547   36.127
  29.511   21.301   35.124
  29.603   19.639   35.151
  30.175   19.947   34.333
  29.782   18.587   35.003
  28.497   22.487   36.414
  29.329   21.715   35.336
   9.604    5.867   30.808
   8.460    5.767   30.098
   8.249    6.840   29.431
   9.139    7.737   29.580
  10.198    7.012   30.639
  10.594    7.956   30.438
  10.989    6.717   31.309
   7.429    6.950   28.833
   8.715    7.700   29.317
  29.689   38.141   20.807
  29.878   38.304   22.134
  28.784   38.108   22.772
  27.790   37.811   22.034
  28.462   37.829   20.511
  27.456   37.584   20.379
  28.708   37.792   19.464
  28.730   38.188   23.787
  27.860   37.872   22.525
  24.504   24.804   34.904
  25.030   23.561   34.933
  24.101   22.680   34.997
  22.922   23.159   35.018
  23.205   24.798   34.947
  22.168   24.685   34.986
  23.183   25.874   34.908
  24.307   21.682   35.028
  23.117   22.699   35.029
  25.763   38.868   12.057
  27.042   39.299   12.023
  27.085   40.580   11.991
  25.944   41.145   11.997
  24.906   39.845   12.047
  24.302   40.697   12.037
  24.086   39.147   12.079
  27.968   41.088   11.963
  26.418   41.304   11.985
   3.658   32.293   17.520
   3.373   32.107   16.213
   4.329   32.541   15.478
   5.307   33.037   16.124
   4.814   32.858   17.704
   5.753   33.313   17.745
   4.674   32.830   18.772
   4.294   32.485   14.460
   5.202   32.968   15.641
  21.096   22.493    9.937
  21.453   23.126    8.800
  20.422   23.380    8.083
  19.320   22.991    8.588
  19.813   22.302   10.021
  18.774   22.198    9.993
  19.931   21.819   10.977
  20.495   23.856    7.184
  19.453   23.225    8.167
  38.987   44.733    4.040
  38.957   46.082    4.008
  38.964   46.561    5.197
  38.998   45.683    6.118
  39.016   44.262    5.251
  39.038   43.986    6.258
  39.033   43.253    4.875
  38.945   47.565    5.373
  38.987   46.183    6.106
  46.863    4.137   14.406
  47.589    3.007   14.546
  46.819    1.988   14.652
  45.576    2.260   14.603
  45.583    3.913   14.413
  44.578    3.629   14.431
  45.383    4.964   14.290
  47.187    1.044   14.766
  45.845    1.841   14.655
  44.745   44.740   22.224
  43.897   45.618   21.648
  44.394   46.799   21.660
  45.545   46.880   22.197
  45.840   45.304   22.642
  46.678   45.849   22.941
  46.208   44.357   23.001
  43.896   47.597   21.267
  45.231   47.205   21.984
  30.414   35.659   23.473
  29.651   34.696   24.034
  29.862   33.567   23.467
  30.720   33.601   22.527
  31.162   35.206   22.511
  31.720   34.745   21.758
  31.572   36.188   22.347
  29.374   32.719   23.756
  30.438   33.245   22.735
  37.059   32.111   37.153
  36.398   31.628   36.080
  36.045   32.582   35.301
  36.387   33.742   35.700
  37.171   33.406   37.129
  37.208   34.444   37.017
  37.705   33.393   38.065
  35.534   32.410   34.436
  36.142   33.562   35.303
  29.644   36.954   26.134
  28.702   36.637   27.047
  29.228   36.511   28.210
  30.485   36.707   28.244
  30.832   37.051   26.653
  31.740   37.105   27.164
  31.250   37.293   25.690
  28.670   36.273   29.030
  30.136   36.590   28.582
   1.548   30.190    7.636
   1.402   31.510    7.878
   2.141   32.197    7.087
   2.829   31.502    6.272
   2.389   29.948    6.675
   3.078   29.860    5.895
   2.235   28.888    6.787
   2.164   33.216    7.121
   2.775   31.991    6.362
  23.536   41.462   29.249
  22.358   40.891   28.916
  22.320   39.674   29.316
  23.370   39.284   29.920
  24.325   40.646   29.883
  24.882   39.918   30.382
  25.079   41.412   29.960
  21.507   39.080   29.154
  22.934   39.073   29.797
   2.520    2.455    5.544
   2.323    3.557    4.789
   3.444    4.092    4.473
   4.465    3.484    4.928
   3.780    2.215    5.759
   4.812    2.111    5.874
   3.530    1.343    6.340
   3.496    4.936    3.903
   4.392    3.892    4.648
  28.932   46.030   48.269
  27.595   45.928   48.427
  27.098   45.131   47.556
  27.950   44.626   46.757
  29.375   45.304   47.286
  29.629   44.690   46.480
  30.383   45.633   47.477
  26.099   44.929   47.519
  27.455   44.588   46.816
  13.499   29.290   35.193
  12.384   29.793   35.764
  11.381   29.026   35.544
  11.651   27.989   34.856
  13.281   28.169   34.571
  13.003   27.278   34.103
  14.318   28.108   34.285
  10.450   29.242   35.899
  11.238   28.176   35.067
  20.371   37.533    5.086
  19.129   37.103    5.395
  18.313   37.363    4.441
  18.840   37.951    3.443
  20.429   38.095    3.915
  20.370   38.526    2.966
  21.483   38.280    4.038
  17.326   37.111    4.494
  18.380   37.792    3.557
  22.338    0.988   30.002
  21.098    0.525   29.734
  20.607    1.118   28.710
  21.375    1.988   28.187
  22.719    1.907   29.166
  22.930    2.634   28.446
  23.663    2.001   29.675
  19.676    0.900   28.356
  20.916    1.816   28.088
  19.579   20.456   34.783
  19.207   21.287   33.786
  20.132   22.139   33.541
  21.168   22.016   34.271
  20.767   20.723   35.239
  21.724   21.017   35.533
  20.693   19.916   35.948
  20.032   22.851   32.818
  21.030   22.324   33.902
  14.507   27.619    5.649
  15.671   27.997    6.219
  16.492   27.014    6.260
  16.041   25.930    5.768
  14.509   26.370    5.289
  14.611   25.362    5.039
  13.502   26.460    4.917
  17.427   27.109    6.657
  16.472   26.070    5.979
  27.478   39.457    8.210
  26.153   39.710    8.159
  25.485   38.617    8.193
  26.198   37.565    8.265
  27.742   38.186    8.280
  27.848   37.149    8.334
  28.799   38.391    8.301
  24.465   38.608    8.163
  25.707   37.659    8.246
  20.442   29.284   11.913
  21.038   28.368   12.705
  22.187   28.046   12.236
  22.502   28.645   11.158
  21.171   29.607   10.886
  21.830   29.797   10.099
  20.413   30.291   10.543
  22.786   27.365   12.701
  22.722   28.305   11.452
  25.846   42.547   43.865
  25.714   41.204   43.846
  25.136   40.824   42.766
  24.825   41.771   41.975
  25.362   43.113   42.800
  24.947   43.468   41.910
  25.638   44.085   43.172
  24.950   39.841   42.573
  24.776   41.273   41.968
   5.211   23.886   21.777
   6.445   24.329   22.098
   6.762   25.341   21.377
   5.868   25.693   20.542
   4.659   24.585   20.830
   4.306   25.206   20.069
   3.777   23.969   20.868
   7.660   25.813   21.477
   6.325   25.857   20.661
   3.256    1.841   11.575
   4.124    2.717   12.124
   3.992    3.875   11.591
   3.097    3.940   10.688
   2.513    2.382   10.655
   1.969    2.909    9.937
   2.011    1.444   10.487
   4.564    4.669   11.878
   3.419    4.265   10.891
   3.667   13.335   12.931
   3.510   13.561   11.609
   2.811   14.618   11.413
   2.431   15.203   12.478
   3.078   14.232   13.665
   2.575   14.999   14.162
   3.410   13.738   14.562
   2.587   14.949   10.475
   2.373   15.286   11.988
  11.708   48.056   35.862
  11.034   47.638   36.954
   9.776   47.837   36.810
   9.451   48.369   35.701
  10.925   48.549   34.949
  10.214   48.924   34.283
  11.768   48.746   34.310
   9.104   47.583   37.535
   9.201   48.214   36.105
  28.234    6.764   45.387
  26.956    6.386   45.177
  26.860    5.108   45.170
  27.960    4.496   45.358
  29.038    5.752   45.528
  29.598    4.877   45.627
  29.876    6.417   45.662
  25.967    4.636   45.025
  27.486    4.356   45.280
  10.434   31.503    7.878
  10.333   30.160    7.788
  10.625   29.765    6.604
  10.936   30.700    5.798
  10.796   32.054    6.757
  11.089   32.396    5.816
  10.762   33.031    7.209
  10.605   28.779    6.344
  10.898   30.203    5.765
  42.836   12.141   32.496
  42.369   12.769   33.596
  41.215   12.315   33.918
  40.777   11.399   33.151
  42.010   11.245   32.044
  41.281   10.552   31.762
  42.689   11.000   31.244
  40.703   12.670   34.725
  40.604   11.631   33.558
  34.580   15.274   43.799
  34.199   16.328   44.552
  33.999   15.965   45.765
  34.197   14.727   45.984
  34.647   14.170   44.481
  34.670   13.340   45.115
  34.953   13.628   43.602
  33.705   16.626   46.484
  34.057   15.117   46.263
  27.000   41.203   16.878
  27.260   41.656   18.123
  26.192   42.103   18.672
  25.152   42.023   17.943
  25.748   41.331   16.552
  24.727   41.477   16.387
  25.940   40.897   15.585
  26.193   42.488   19.616
  25.248   42.191   18.404
  38.146   31.242   39.405
  38.721   30.031   39.243
  38.208   29.178   40.050
  37.296   29.647   40.803
  37.228   31.240   40.325
  36.513   31.134   41.079
  37.037   32.287   40.158
  38.516   28.206   40.073
  37.509   29.199   40.743
  22.279   35.896   30.014
  23.112   36.886   29.630
  23.959   36.454   28.770
  23.829   35.222   28.477
  22.538   34.767   29.424
  22.827   33.912   28.899
  21.731   34.288   29.952
  24.671   37.061   28.364
  24.138   35.589   28.334
  23.120   27.371   36.547
  22.140   27.657   35.664
  22.069   28.922   35.465
  22.913   29.607   36.126
  23.738   28.434   36.970
  24.169   29.344   37.246
  24.379   27.832   37.592
  21.385   29.328   34.827
  22.550   29.713   35.799
  24.237   40.266   36.738
  24.950   39.144   36.972
  25.822   38.964   36.051
  25.823   39.858   35.145
  24.608   40.876   35.651
  24.979   41.287   34.766
  23.869   41.643   35.811
  26.456   38.165   36.058
  26.087   39.442   35.231
  27.617    7.950   29.810
  27.998    8.985   30.589
  29.276    9.058   30.645
  29.885    8.165   29.973
  28.626    7.295   29.318
  29.501    6.839   28.976
  27.960    6.620   28.809
  29.751    9.779   31.188
  30.027    8.548   30.262
  18.710   44.881   27.001
  18.875   44.586   25.694
  18.685   43.336   25.488
  18.392   42.668   26.531
  18.405   43.838   27.714
  18.165   42.944   28.196
  18.365   44.441   28.606
  18.766   42.925   24.558
  18.453   42.559   26.047
   3.620   38.515    7.785
   2.399   37.941    7.731
   2.499   36.664    7.768
   3.694   36.232    7.846
   4.580   37.641    7.860
   5.274   36.863    7.918
   5.315   38.427    7.882
   1.679   36.059    7.738
   3.241   36.020    7.826
   6.392   10.953   18.322
   7.041    9.809   18.624
   8.228    9.823   18.140
   8.523   10.882   17.500
   7.122   11.773   17.625
   7.787   12.357   17.071
   6.318   12.489   17.596
   8.870    9.041   18.266
   8.763   10.458   17.612
  27.966   45.930   34.471
  27.934   47.214   34.888
  28.688   47.944   34.153
  29.282   47.315   33.219
  28.742   45.757   33.443
  29.386   45.724   32.622
  28.511   44.705   33.426
  28.792   48.945   34.315
  29.271   47.791   33.373
  27.790   24.803   12.001
  27.211   24.651   10.791
  26.172   25.394   10.692
  25.922   26.091   11.727
  27.157   25.654   12.754
  26.580   26.349   13.276
  27.868   25.502   13.549
  25.602   25.413    9.846
  25.708   26.034   11.279
  15.974   35.507   27.205
  16.623   36.510   27.835
  16.003   37.619   27.672
  14.943   37.533   26.973
  14.897   35.911   26.600
  14.056   36.335   26.149
  14.695   34.910   26.258
  16.344   38.491   28.076
  15.183   37.904   27.206
  39.573    5.070   32.039
  39.860    5.678   33.210
  38.865    5.601   34.013
  37.855    4.986   33.542
  38.376    4.565   32.019
  37.402    4.197   32.103
  38.527    4.208   31.014
  38.896    6.005   34.949
  37.961    5.211   33.976
  41.256    0.572   35.216
  41.584    0.853   33.938
  42.847    0.725   33.759
  43.493    0.372   34.797
  42.287    0.246   35.938
  43.175   -0.001   36.428
  41.659    0.112   36.802
  43.283    0.897   32.853
  43.614    0.476   34.324
  40.285    3.205   24.949
  40.566    1.919   24.648
  41.154    1.841   23.512
  41.339    2.961   22.936
  40.677    4.032   24.025
  41.027    4.609   23.229
  40.304    4.867   24.593
  41.444    0.947   23.117
  41.442    2.485   22.825
   1.229   12.024    9.123
   0.774   12.988    8.295
   1.285   12.855    7.127
   2.085   11.872    7.010
   2.060   11.213    8.538
   2.713   10.621    7.979
   2.177   10.650    9.449
   1.058   13.494    6.364
   1.916   12.229    6.703
  20.535   14.889   15.788
  19.651   13.972   15.344
  18.502   14.157   15.881
  18.451   15.137   16.691
  20.009   15.720   16.639
  19.494   16.333   17.308
  20.949   16.236   16.739
  17.704   13.559   15.666
  18.124   14.797   16.527
  13.975   20.962   38.710
  15.032   21.352   37.965
  15.493   20.366   37.289
  14.871   19.269   37.465
  13.694   19.702   38.558
  13.550   18.686   38.368
  12.875   19.786   39.253
  16.294   20.468   36.666
  15.262   19.413   37.189
  38.287   13.493   12.141
  37.783   12.646   13.063
  37.341   11.581   12.503
  37.471   11.560   11.237
  38.200   13.025   10.932
  38.083   12.562   10.003
  38.664   13.913   10.538
  36.922   10.823   13.041
  37.285   11.246   11.578
  11.358   44.204    0.478
  12.603   43.995   -0.000
  13.454   44.717    0.629
  12.951   45.451    1.540
  11.333   45.074    1.444
  11.420   45.780    2.208
  10.265   44.965    1.536
  14.449   44.694    0.406
  13.412   45.373    1.363
  47.318    6.943   22.135
  48.551    6.392   22.136
  48.472    5.113   22.140
  47.284    4.658   22.144
  46.372    6.051   22.140
  45.691    5.260   22.144
  45.622    6.824   22.138
  49.304    4.523   22.141
  47.740    4.454   22.144
  13.408   42.532   23.273
  14.378   42.185   24.146
  13.986   41.222   24.895
  12.802   40.818   24.658
  12.333   41.813   23.409
  11.521   41.184   23.597
  11.853   42.352   22.609
  14.585   40.825   25.618
  13.162   40.690   24.981
   2.423    8.444    1.016
   1.107    8.745    1.053
   0.938   10.014    1.116
   2.016   10.689    1.130
   3.179    9.501    1.054
   3.695   10.407    1.089
   4.064    8.888    1.010
   0.008   10.431    1.152
   1.529   10.801    1.144
  11.489   10.113   12.881
  12.758   10.567   12.805
  12.804   11.820   13.070
  11.676   12.344   13.339
  10.642   11.047   13.201
  10.046   11.864   13.460
   9.827   10.343   13.160
  13.681   12.340   13.062
  12.146   12.512   13.311
  32.936   33.315    8.808
  33.680   32.973    9.882
  33.889   31.709    9.900
  33.364   31.074    8.930
  32.622   32.291    8.071
  32.425   31.409    7.549
  32.084   32.928    7.389
  34.433   31.264   10.639
  33.639   30.947    9.327
  36.627   23.194   46.949
  36.179   22.463   47.992
  36.313   23.114   49.088
  36.824   24.272   48.954
  37.075   24.360   47.311
  37.411   25.267   47.703
  37.312   24.603   46.289
  36.029   22.722   49.986
  36.658   24.002   49.340
  34.290   18.293   48.870
  35.591   18.653   48.893
  35.708   19.927   48.812
  34.603   20.552   48.728
  33.491   19.314   48.771
  32.938   20.196   48.691
  32.633   18.663   48.784
  36.619   20.385   48.814
  35.084   20.685   48.737
  16.201   26.739   38.786
  14.928   26.342   38.578
  14.902   25.212   37.973
  16.051   24.729   37.711
  17.071   25.889   38.329
  17.687   25.147   37.929
  17.881   26.516   38.662
  14.026   24.751   37.729
  15.579   24.582   37.633
   2.073   17.630   23.089
   1.923   16.331   23.424
   3.057   15.804   23.703
   4.046   16.599   23.605
   3.313   18.017   23.132
   4.334   18.227   23.197
   3.030   19.011   22.828
   3.143   14.826   23.979
   3.990   16.118   23.729
  41.678    5.717   37.909
  41.144    6.905   37.552
  39.917    6.763   37.212
  39.486    5.568   37.284
  40.826    4.740   37.820
  40.070    4.027   37.714
  41.571    4.039   38.158
  39.347    7.553   36.911
  39.288    6.008   37.152
  14.376   26.562   25.817
  15.565   26.581   25.177
  15.758   25.479   24.553
  14.814   24.634   24.672
  13.733   25.445   25.643
  13.300   24.517   25.443
  12.921   25.800   26.254
  16.605   25.308   24.010
  15.254   24.641   24.435
  44.330   24.776    6.095
  43.353   25.579    6.568
  42.264   24.921    6.719
  42.341   23.692    6.398
  43.927   23.553    5.912
  43.507   22.604    5.801
  44.905   23.267    5.564
  41.413   25.362    7.068
  41.980   23.990    6.573
  38.350   25.991   49.805
  37.507   26.945   49.356
  38.156   27.870   48.751
  39.415   27.689   48.708
  39.592   26.244   49.515
  40.554   26.538   49.235
  39.906   25.335   50.000
  37.686   28.678   48.342
  39.103   28.042   48.541
  16.884   47.787   28.459
  17.992   48.274   27.860
  18.307   49.413   28.355
  17.529   49.821   29.275
  16.420   48.584   29.375
  16.129   49.290   30.087
  15.617   47.898   29.587
  19.119   49.936   28.027
  17.939   50.002   29.053
  17.126   26.984   21.226
  16.590   28.215   21.362
  15.425   28.142   21.893
  15.044   26.959   22.166
  16.340   26.045   21.661
  15.638   25.368   22.035
  17.066   25.294   21.398
  14.864   28.974   22.074
  14.845   27.415   22.216
   3.822    3.233   39.653
   4.395    2.016   39.537
   5.671    2.112   39.591
   6.104    3.301   39.737
   4.695    4.186   39.788
   5.473    4.875   39.890
   3.909    4.920   39.843
   6.277    1.295   39.520
   6.316    2.850   39.694
  16.884   42.769   22.224
  17.677   41.797   22.724
  17.619   40.748   21.991
  16.849   40.851   20.983
  16.268   42.403   21.139
  15.824   42.014   20.278
  15.788   43.364   21.069
  18.153   39.907   22.211
  17.143   40.491   21.168
   8.729   15.498   15.229
   8.942   16.474   16.137
   9.628   17.426   15.621
   9.947   17.246   14.402
   9.265   15.763   14.074
   9.730   16.069   13.191
   8.902   14.831   13.674
   9.888   18.254   16.157
  10.026   17.607   14.738
  15.707   38.941   16.190
  14.728   39.871   16.214
  13.577   39.314   16.131
  13.610   38.045   16.047
  15.244   37.730   16.091
  14.773   36.802   16.010
  16.244   37.331   16.104
  12.714   39.859   16.134
  13.248   38.389   16.056
   7.205   49.821   42.803
   5.870   50.000   42.893
   5.257   48.880   42.782
   6.021   47.876   42.616
   7.532   48.575   42.628
   7.688   47.552   42.490
   8.577   48.835   42.608
   4.240   48.817   42.825
   5.527   47.942   42.649
  14.111   16.278   11.528
  15.320   15.907   12.000
  15.641   14.749   11.555
  14.774   14.220   10.788
  13.581   15.380   10.750
  13.244   14.600   10.143
  12.713   15.999   10.601
  16.523   14.302   11.805
  15.222   14.083   10.963
  10.268   35.591   32.440
  10.227   35.342   31.114
   9.906   36.401   30.467
   9.703   37.423   31.198
   9.976   36.825   32.727
   9.729   37.832   32.851
  10.108   36.629   33.777
   9.825   36.407   29.451
   9.688   37.331   30.706
   5.527   23.923   49.185
   4.996   22.699   49.388
   4.054   22.472   48.548
   3.835   23.425   47.733
   4.960   24.558   48.202
   4.441   24.981   47.402
   5.608   25.404   48.355
   3.533   21.596   48.547
   3.638   22.971   47.808
  31.426   30.372    2.947
  32.151   31.430    3.368
  31.397   32.290    3.947
  30.167   31.965    3.995
  30.162   30.487    3.229
  29.172   30.675    3.501
  29.957   29.535    2.770
  31.768   33.158    4.333
  30.436   32.357    4.151
  17.840   39.992    1.179
  16.533   39.654    1.150
  16.399   38.380    1.134
  17.495   37.734    1.147
  18.625   38.956    1.182
  19.166   38.063    1.183
  19.492   39.594    1.206
  15.481   37.936    1.111
  17.011   37.609    1.137
  32.793   35.670   31.404
  32.777   34.404   30.935
  31.744   34.208   30.202
  30.985   35.222   30.082
  31.772   36.366   31.000
  30.919   36.836   30.623
  32.126   37.228   31.539
  31.561   33.308   29.759
  30.979   34.753   29.908
   5.164   42.991   18.315
   4.393   42.098   17.660
   3.726   42.674   16.729
   3.934   43.926   16.632
   5.040   44.197   17.845
   4.871   45.125   17.397
   5.748   44.568   18.567
   3.087   42.158   16.126
   3.648   43.595   16.389
  17.441   47.324   12.303
  16.788   48.444   11.926
  17.488   49.112   11.085
  18.612   48.587   10.801
  18.601   47.205   11.728
  19.511   47.202   11.216
  18.779   46.277   12.246
  17.157   49.990   10.687
  18.370   49.002   10.661
  47.464   17.393   17.103
  46.991   18.184   18.090
  45.715   18.276   18.020
  45.191   17.620   17.064
  46.520   16.928   16.340
  45.693   16.609   15.789
  47.243   16.399   15.742
  45.178   18.834   18.684
  45.015   17.913   17.429
  12.578   15.413   45.963
  11.901   16.421   46.553
  12.476   17.543   46.323
  13.526   17.461   45.610
  13.628   15.826   45.317
  14.444   16.257   44.830
  13.862   14.817   45.022
  12.108   18.421   46.690
  13.276   17.834   45.828
  26.465   19.500   37.186
  25.802   18.471   36.617
  24.573   18.779   36.426
  24.259   19.953   36.804
  25.703   20.532   37.395
  25.010   21.303   37.520
  26.530   21.078   37.817
  23.913   18.125   36.004
  24.013   19.572   36.593
   8.545   26.800   29.970
   7.209   26.841   30.157
   6.701   27.852   29.555
   7.545   28.573   28.933
   8.977   27.783   29.237
   9.222   28.605   28.642
   9.988   27.420   29.320
   5.700   28.049   29.583
   7.050   28.588   29.002
  12.196   15.291   40.080
  11.277   16.245   40.339
  11.819   17.406   40.331
  13.069   17.402   40.088
  13.385   15.780   39.890
  14.297   16.271   39.754
  13.783   14.792   39.730
  11.280   18.254   40.507
  12.728   17.756   40.184
   5.603   36.325   33.967
   5.354   34.999   33.985
   6.449   34.334   33.951
   7.500   35.052   33.910
   6.874   36.594   33.920
   7.912   36.704   33.883
   6.666   37.651   33.920
   6.461   33.314   33.958
   7.407   34.560   33.916
  30.079    5.795    6.136
  31.327    6.135    5.753
  32.035    5.087    5.544
  31.421    3.990    5.739
  29.908    4.508    6.197
  29.873    3.464    6.215
  28.885    4.643    6.508
  33.009    5.146    5.247
  31.884    4.116    5.597
  34.306    3.879   33.433
  34.297    2.541   33.254
  34.726    2.240   32.085
  35.057    3.241   31.371
  34.742    4.520   32.389
  35.104    4.938   31.504
  34.604    5.462   32.891
  34.792    1.273   31.767
  35.054    2.745   31.305
  12.957    6.511   38.185
  13.575    7.699   38.356
  12.714    8.635   38.515
  11.502    8.248   38.477
  11.662    6.611   38.224
  10.636    6.796   38.271
  11.560    5.550   38.063
  12.994    9.605   38.658
  11.731    8.688   38.541
  35.369   46.029   28.132
  34.129   45.730   28.574
  33.697   46.648   29.357
  34.510   47.610   29.539
  35.810   47.157   28.604
  36.070   48.071   29.036
  36.734   47.039   28.065
  32.775   46.596   29.791
  34.051   47.499   29.703
   4.876   32.349   11.361
   6.064   31.768   11.092
   5.939   30.493   11.036
   4.756   30.071   11.239
   3.914   31.484   11.493
   3.216   30.713   11.581
   3.208   32.275   11.681
   6.732   29.883   10.842
   5.196   29.855   11.140
  16.587    5.405   28.504
  16.959    4.649   27.449
  18.148    4.201   27.613
  18.700    4.559   28.702
  17.516    5.490   29.410
  18.321    5.495   30.074
  16.885    6.115   30.019
  18.601    3.608   26.917
  18.838    4.278   28.312
   2.104    9.642   17.912
   2.044    8.338   17.570
   0.857    7.883   17.735
   0.022    8.738   18.172
   0.959   10.106   18.317
  -0.000   10.379   18.625
   1.392   11.079   18.477
   0.619    6.913   17.528
  -0.000    8.255   18.045
  25.969   48.425    5.105
  26.740   47.540    5.773
  26.013   46.666    6.363
  24.761   46.820    6.193
  24.700   48.172    5.225
  23.708   47.886    5.383
  24.457   49.021    4.607
  26.419   45.914    6.919
  25.046   46.493    6.441
  24.173   18.638   15.538
  24.765   17.970   14.525
  24.159   18.199   13.419
  23.161   18.983   13.518
  23.149   19.337   15.145
  22.348   19.861   14.729
  22.979   19.681   16.151
  24.464   17.779   12.541
  23.380   18.735   13.143
  17.734   32.150    8.629
  17.605   33.202    9.466
  18.720   33.459   10.042
  19.676   32.687    9.707
  18.941   31.667    8.617
  19.936   31.355    8.678
  18.651   30.919    7.898
  18.818   34.222   10.711
  19.628   33.077   10.017
  44.277   20.719   39.715
  43.993   19.422   39.470
  45.000   18.832   38.942
  46.017   19.579   38.770
  45.485   21.042   39.358
  46.467   21.199   39.041
  45.328   22.055   39.688
  44.974   17.845   38.687
  45.912   19.098   38.680
   8.246    8.870   40.637
   9.504    9.305   40.410
   9.536   10.585   40.363
   8.406   11.147   40.534
   7.393    9.844   40.748
   6.790   10.693   40.822
   6.590    9.143   40.907
  10.403   11.097   40.199
   8.872   11.308   40.450
  34.124   42.917   30.169
  33.848   44.238   30.167
  34.265   44.788   31.247
  34.832   43.988   32.059
  34.737   42.536   31.251
  35.223   42.334   32.152
  34.772   41.521   30.893
  34.145   45.785   31.425
  34.729   44.478   32.058
  43.151   25.786   11.538
  42.448   24.656   11.313
  41.404   24.621   12.055
  41.265   25.631   12.818
  42.602   26.546   12.438
  42.084   27.082   13.169
  43.393   27.270   12.333
  40.748   23.841   12.025
  41.005   25.212   12.735
  36.367   29.236   23.288
  37.129   29.602   22.235
  36.805   28.934   21.191
  35.863   28.097   21.372
  35.506   28.311   22.984
  34.855   27.571   22.640
  35.135   28.303   23.995
  37.273   29.073   20.295
  36.145   28.233   20.982
  42.837   14.840   36.888
  42.263   14.208   37.934
  41.301   14.909   38.409
  41.106   16.014   37.807
  42.280   15.985   36.627
  41.766   16.885   36.501
  42.963   16.149   35.811
  40.746   14.594   39.205
  40.893   15.780   38.194
  46.237   40.032   19.441
  45.581   40.789   18.536
  44.396   40.338   18.346
  44.109   39.306   19.034
  45.514   39.049   19.888
  44.856   38.294   20.183
  46.323   38.723   20.521
  43.749   40.781   17.695
  43.866   39.586   18.699
  29.889   13.975   14.867
  30.010   12.734   14.349
  30.327   11.894   15.264
  30.455   12.401   16.424
  30.122   14.008   16.146
  30.326   13.928   17.166
  29.940   15.069   16.167
  30.463   10.903   15.062
  30.500   11.942   16.232
  10.207    6.858    2.251
   9.935    8.179    2.209
   9.156    8.509    3.172
   8.822    7.545    3.932
   9.620    6.257    3.243
   9.107    5.871    4.066
  10.051    5.315    2.948
   8.840    9.469    3.304
   8.721    8.034    3.917
  42.014   22.783   13.480
  41.140   23.161   14.436
  41.653   23.009   15.600
  42.840   22.550   15.597
  43.143   22.366   13.971
  44.009   22.052   14.463
  43.523   22.179   12.981
  41.139   23.243   16.450
  42.516   22.690   15.951
   0.528   37.356   10.063
   1.427   36.808   10.908
   2.493   37.518   10.954
   2.468   38.553   10.213
   0.962   38.452    9.513
   1.401   39.317    9.128
   0.040   38.560    8.966
   3.286   37.261   11.540
   2.801   38.350   10.526
  11.479   44.144   47.390
  12.567   43.369   47.584
  13.631   44.083   47.601
  13.431   45.329   47.435
  11.777   45.403   47.269
  12.120   46.386   47.185
  10.737   45.653   47.141
  14.554   43.671   47.737
  13.834   45.042   47.507
  32.129   29.486   25.879
  31.503   29.612   24.690
  31.371   30.849   24.379
  31.846   31.661   25.237
  32.438   30.634   26.405
  32.641   31.602   26.741
  32.876   30.143   27.258
  30.919   31.141   23.513
  31.614   31.707   24.796
   6.800    0.791   19.043
   5.771    1.242   18.295
   6.116    2.289   17.640
   7.318    2.660   17.835
   7.869    1.520   18.915
   8.671    2.166   18.744
   8.402    0.887   19.605
   5.469    2.772   17.018
   6.937    2.827   17.558
   9.513   45.388   24.940
  10.411   46.202   25.534
  10.028   47.423   25.464
   8.916   47.592   24.867
   8.497   46.036   24.452
   7.728   46.647   24.097
   8.059   45.117   24.102
  10.579   48.184   25.859
   9.249   47.894   25.087
  32.031   43.251    3.646
  31.339   44.410    3.656
  30.109   44.196    3.945
  29.821   42.974    4.153
  31.289   42.222    3.928
  30.610   41.465    4.164
  32.135   41.564    3.825
  29.429   44.955    4.001
  29.564   43.403    4.157
  32.324    6.961   39.649
  32.130    7.462   38.410
  32.577    6.652   37.523
  33.089    5.586   37.992
  32.907    5.800   39.633
  33.376    4.875   39.513
  32.881    5.754   40.709
  32.518    6.860   36.526
  33.017    5.772   37.534
   6.773   41.550    1.723
   7.003   42.797    2.185
   5.975   43.244    2.807
   4.993   42.435    2.849
   5.583   41.119    2.020
   4.611   40.867    2.306
   5.780   40.184    1.522
   5.961   44.173    3.227
   5.078   42.897    3.020
  32.887   29.523   18.012
  32.617   29.459   19.333
  33.176   28.432   19.858
  33.843   27.720   19.040
  33.636   28.541   17.607
  34.237   27.717   17.383
  33.620   28.924   16.600
  33.085   28.217   20.850
  33.743   27.697   19.529
  17.101   35.017   38.240
  17.498   36.292   38.042
  16.668   37.110   38.577
  15.683   36.553   39.160
  15.993   34.937   38.914
  15.103   34.980   39.459
  16.020   33.862   38.860
  16.801   38.120   38.531
  15.829   37.026   39.087
  15.736   21.018   32.432
  15.720   19.751   32.898
  15.541   18.921   31.938
  15.422   19.460   30.791
  15.569   21.080   31.144
  15.428   21.022   30.111
  15.639   22.154   31.171
  15.500   17.915   32.097
  15.416   18.991   30.964
   8.572   17.978    9.205
   8.369   16.836    9.896
   9.449   16.466   10.479
  10.444   17.234   10.282
   9.794   18.410    9.300
  10.795   18.672    9.440
   9.561   19.252    8.670
   9.490   15.622   11.050
  10.369   16.811   10.538
  21.498   40.122   16.881
  21.857   40.073   18.181
  20.822   39.953   18.929
  19.718   39.908   18.297
  20.212   40.037   16.713
  19.171   39.961   16.685
  20.331   40.107   15.645
  20.895   39.900   19.944
  19.851   39.890   18.779
  10.155   25.415   47.845
   8.994   24.803   48.163
   8.613   24.037   47.209
   9.391   24.024   46.202
  10.590   25.080   46.667
  10.853   24.748   45.713
  11.448   25.721   46.785
   7.755   23.490   47.268
   8.962   23.797   46.320
  35.882   26.365   36.134
  35.874   27.315   35.175
  34.695   28.013   34.820
  34.687   28.998   33.825
  35.857   29.321   33.150
  35.890   25.415   37.093
  37.069   24.718   37.449
  35.549   30.440   33.417
  35.180   29.187   32.179
  36.833   29.602   32.576
  37.746   24.852   38.420
  37.377   23.599   37.182
  36.583   24.367   37.949
  15.292   26.806    8.406
  16.080   27.397    9.329
  17.478   27.531    9.147
  18.295   28.143   10.104
  17.745   28.645   11.277
  14.503   26.215    7.484
  13.106   26.082    7.665
  18.367   29.622   10.998
  18.623   28.031   11.798
  17.296   29.070   12.266
  12.228   26.697    7.144
  12.484   25.105    7.945
  13.156   25.738    6.966
  28.377   11.752   18.421
  27.706   10.634   18.072
  28.359    9.391   17.899
  27.664    8.231   17.537
  26.290    8.273   17.334
  29.047   12.870   18.771
  28.394   14.114   18.943
  26.285    7.326   18.056
  26.554    7.708   16.318
  25.137    8.294   17.160
  28.130   14.679   19.959
  28.399   15.061   18.220
  29.119   14.352   19.108
  35.302   47.358   33.683
  35.952   47.098   34.837
  37.281   46.613   34.857
  37.955   46.343   36.054
  37.323   46.548   37.274
  34.652   47.619   32.529
  33.323   48.103   32.509
  38.323   47.136   37.546
  37.708   45.445   37.511
  36.805   46.715   38.306
  32.938   49.206   32.273
  32.323   47.515   32.238
  33.438   48.077   31.737
  10.354    3.220   23.788
  11.278    3.943   23.121
  12.511    3.385   22.707
  13.470    4.135   22.016
  13.230    5.469   21.713
   9.429    2.497   24.455
   8.196    3.055   24.868
  13.568    5.146   20.617
  14.314    5.635   22.180
  13.042    6.590   21.452
   7.113    2.889   24.401
   7.859    3.378   25.965
   8.085    2.334   25.147
  16.722    6.132   25.182
  16.322    4.925   24.727
  16.636    3.725   25.408
  16.222    2.474   24.936
  15.479    2.378   23.766
  17.121    7.338   25.637
  16.807    8.538   24.956
  14.765    1.693   24.430
  16.285    1.549   23.477
  14.855    2.283   22.786
  16.002    9.367   25.245
  17.522    9.223   24.292
  17.208    8.854   25.547
  43.788    3.838   32.850
  42.692    3.124   32.514
  41.446    3.741   32.253
  40.310    3.001   31.904
  40.380    1.618   31.803
  44.883    4.551   33.187
  46.130    3.934   33.448
  39.846    1.798   30.753
  39.408    1.648   32.492
  40.424    0.456   31.714
  47.101    3.903   32.758
  46.663    3.754   34.498
  46.351    4.673   33.567
  45.096   45.128   25.445
  43.804   45.128   25.836
  42.767   44.657   24.996
  41.427   44.657   25.401
  41.076   45.129   26.660
  46.389   45.128   25.055
  47.426   45.599   25.894
  40.471   44.105   26.732
  40.266   45.760   26.055
  40.768   45.522   27.714
  48.235   44.967   26.499
  48.031   46.623   25.822
  47.867   45.402   25.281
  32.163   32.308   42.803
  31.653   31.705   43.899
  30.259   31.583   44.107
  29.731   30.958   45.243
  30.578   30.433   46.211
  32.672   32.911   41.708
  34.066   33.033   41.499
  29.893   29.465   46.099
  29.884   31.043   46.964
  31.277   29.988   47.031
  34.760   32.423   40.747
  34.751   34.001   41.611
  33.830   33.389   40.846
  15.542   31.825   17.844
  15.018   31.610   16.619
  15.829   31.510   15.464
  15.286   31.286   14.193
  13.912   31.155   14.032
  16.067   32.040   19.070
  15.256   32.140   20.225
  14.208   30.179   13.416
  14.068   31.956   13.164
  12.761   31.043   13.883
  15.100   31.339   21.094
  14.959   33.116   20.842
  15.948   32.244   20.572
  34.732   19.799   23.042
  35.036   20.912   23.744
  35.386   22.127   23.109
  35.702   23.281   23.837
  35.679   23.260   25.226
  34.428   18.687   22.340
  34.078   17.472   22.975
  35.023   24.247   25.100
  36.756   23.759   25.121
  35.664   23.256   26.392
  33.001   16.972   23.079
  34.734   16.485   23.100
  34.018   17.226   22.236
   7.366   15.655   24.979
   6.575   15.121   24.024
   7.074   14.216   23.057
   6.254   13.662   22.067
   4.906   13.992   22.009
   8.157   16.190   25.934
   7.658   17.095   26.901
   4.752   12.812   21.948
   5.137   14.191   20.857
   3.772   14.261   21.949
   7.426   16.896   28.053
   7.811   18.275   26.962
   8.400   17.079   27.143
  40.664   24.511   23.139
  39.998   24.402   21.970
  39.345   23.206   21.587
  38.654   23.094   20.375
  38.591   24.172   19.502
  41.330   24.620   24.308
  41.983   25.816   24.691
  37.424   23.933   19.496
  38.931   23.368   18.690
  38.531   25.070   18.759
  41.643   26.620   25.502
  43.150   26.054   24.696
  42.161   25.391   25.322
  11.768   34.222   10.980
  12.825   34.812   11.577
  13.791   34.070   12.296
  14.888   34.682   12.915
  15.058   36.058   12.837
  10.711   33.632   10.383
   9.745   34.375    9.663
  16.167   35.772   12.511
  15.203   35.977   14.016
  15.212   37.213   12.778
   9.599   34.456    8.483
   8.635   34.661    9.989
   9.433   33.666    9.560
  41.103   12.769   26.740
  40.468   11.679   26.259
  41.144   10.685   25.514
  40.485    9.555   25.015
  39.126    9.379   25.245
  41.738   13.859   27.221
  41.062   14.854   27.966
  39.459    8.288   25.592
  39.087    9.176   24.071
  37.986    9.218   25.430
  41.101   15.056   29.140
  40.730   15.944   27.619
  41.773   15.176   27.981
  33.357   17.256   20.138
  32.183   17.005   20.755
  31.599   17.925   21.658
  30.381   17.665   22.298
  29.704   16.476   22.058
  34.531   17.506   19.521
  35.115   16.587   18.617
  28.769   17.195   21.885
  29.652   16.417   23.247
  29.125   15.482   21.865
  35.167   16.646   17.428
  36.049   15.868   18.791
  35.665   17.139   18.576
  42.859   33.465   34.686
  42.092   33.387   33.578
  41.535   32.164   33.135
  40.740   32.083   31.986
  40.472   33.223   31.239
  43.626   33.542   35.794
  44.183   34.766   36.237
  39.343   32.851   31.316
  40.811   32.543   30.321
  40.239   34.172   30.602
  43.844   35.446   37.155
  45.312   35.138   36.160
  44.470   34.308   36.801
   2.514   17.556   30.819
   2.843   16.527   31.629
   3.394   16.731   32.916
   3.735   15.664   33.755
   3.538   14.354   33.337
   2.185   18.585   30.010
   1.634   18.381   28.723
   3.009   14.233   34.399
   4.665   14.208   33.693
   3.377   13.250   32.999
   0.506   18.527   28.367
   2.162   18.502   27.662
   1.641   19.161   28.712
  24.194   15.802   10.554
  23.640   14.581   10.705
  22.238   14.393   10.746
  21.663   13.126   10.902
  22.470   12.001   11.023
  24.748   17.024   10.403
  26.150   17.212   10.362
  21.756   11.558   10.179
  21.780   11.768   11.966
  23.136   11.049   11.126
  26.840   17.446    9.418
  26.864   17.656   11.206
  25.940   17.960   10.277
  35.242    9.718   24.668
  36.009    8.607   24.683
  35.906    7.611   23.683
  36.702    6.459   23.699
  37.629    6.262   24.715
  34.474   10.829   24.653
  34.577   11.825   25.653
  38.375    6.036   23.814
  37.124    5.186   24.789
  38.410    6.085   25.562
  35.082   12.901   25.579
  33.831   12.051   26.554
  34.016   12.160   25.226
   7.861    6.468   26.434
   8.474    5.320   26.793
   9.054    5.148   28.073
   9.690    3.958   28.445
   9.769    2.897   27.552
   7.248    7.616   26.075
   6.668    7.787   24.796
   9.360    2.261   28.473
  10.923    2.901   27.850
   9.842    1.999   26.812
   5.514    7.783   24.498
   7.077    8.423   23.875
   6.495    8.492   25.086
  26.369    4.137   47.174
  27.142    5.099   47.721
  28.454    4.836   48.181
  29.255    5.834   48.749
  28.773    7.131   48.876
  25.597    3.174   46.627
  24.284    3.437   46.167
  29.810    7.428   48.370
  29.159    7.025   49.999
  28.381    8.223   48.989
  23.899    3.543   45.045
  23.247    3.141   46.674
  24.309    2.677   45.989
  25.046    6.320   48.002
  23.947    5.561   48.196
  24.030    4.215   48.624
  22.890    3.428   48.825
  21.625    3.959   48.606
  26.146    7.079   47.808
  26.062    8.425   47.380
  21.391    3.507   49.684
  21.461    2.966   47.968
  20.558    4.392   48.426
  26.226    9.418   48.018
  26.296    8.877   46.303
  26.840    8.377   47.427
  45.734   33.448   45.524
  46.273   34.015   46.625
  47.016   35.217   46.563
  47.574   35.804   47.705
  47.409   35.210   48.949
  45.196   32.882   44.423
  44.452   31.680   44.486
  47.079   36.305   49.284
  48.589   35.358   49.032
  47.278   34.722   50.000
  43.273   31.531   44.403
  44.783   30.585   44.151
  44.398   31.798   43.716
   9.461   13.747   39.613
   8.162   13.794   39.976
   7.697   13.205   41.176
   6.350   13.254   41.553
   5.419   13.892   40.743
  10.761   13.700   39.249
  11.226   14.289   38.049
   5.098   14.430   41.757
   4.799   12.885   40.883
   4.627   14.425   40.072
  11.846   15.296   37.909
  11.546   13.751   37.035
  11.910   14.012   38.304
   6.874   15.808   31.909
   7.502   16.959   31.587
   7.712   17.990   32.533
   8.363   19.183   32.199
   8.827   19.389   30.906
   6.247   14.658   32.232
   6.036   13.627   31.285
   9.839   19.695   31.456
   8.259   20.431   31.007
   9.221   19.574   29.824
   6.605   12.585   31.184
   5.025   13.321   30.734
   5.700   13.279   31.897
  14.893   25.621   29.322
  16.112   25.131   29.012
  17.252   25.398   29.807
  18.516   24.890   29.485
  18.685   24.097   28.357
  13.673   26.111   29.633
  12.533   25.844   28.838
  19.250   23.369   29.113
  19.590   24.838   28.131
  18.842   23.429   27.414
  11.628   25.102   29.064
  11.969   26.571   28.082
  12.184   26.286   29.379
  35.731   45.650   19.170
  34.767   46.300   19.856
  34.620   47.706   19.792
  33.620   48.381   20.503
  32.733   47.673   21.305
  36.695   45.000   18.483
  36.842   43.594   18.548
  31.907   48.307   20.725
  33.026   48.489   22.124
  31.982   47.092   21.982
  36.550   42.779   17.729
  37.668   42.960   19.128
  37.432   43.740   18.057
  13.139   13.010   46.048
  14.035   13.528   46.915
  15.429   13.460   46.682
  16.359   13.997   47.580
  15.928   14.621   48.744
  12.242   12.493   45.182
  10.848   12.561   45.415
  16.666   15.490   48.396
  16.734   13.916   49.266
  15.580   15.148   49.724
  10.042   13.267   44.892
  10.110   11.692   45.763
  10.823   12.183   44.732
   3.777    8.471   48.217
   4.601    9.535   48.108
   5.883    9.432   47.518
   6.738   10.535   47.405
   6.341   11.780   47.878
   2.952    7.407   48.326
   1.670    7.510   48.915
   6.696   12.156   46.804
   7.405   11.771   48.413
   6.020   12.830   48.271
   0.605    7.518   48.380
   1.315    7.133   49.989
   1.647    6.748   48.743
  26.557   40.198    4.256
  27.842   39.809    4.113
  28.397   39.506    2.847
  29.729   39.103    2.698
  30.554   38.988    3.810
  25.272   40.587    4.400
  24.717   40.889    5.666
  31.309   39.638    3.156
  30.810   37.920    3.348
  31.257   38.887    4.735
  24.461   41.958    6.128
  23.963   40.239    6.320
  24.080   41.026    5.235
  44.753   15.560   22.475
  45.747   15.036   23.223
  45.767   13.671   23.594
  46.798   13.127   24.370
  47.846   13.930   24.803
  43.759   16.084   21.727
  43.739   17.450   21.357
  48.526   13.053   24.368
  47.606   13.446   25.865
  48.731   14.593   25.173
  43.979   17.934   20.295
  43.059   18.327   21.791
  43.075   17.235   21.005
   5.771   32.770   23.347
   4.804   32.713   22.406
   3.652   33.532   22.465
   2.650   33.473   21.489
   2.764   32.593   20.420
   6.738   32.827   24.288
   7.890   32.008   24.230
   2.504   33.556   19.768
   1.652   32.289   20.721
   2.847   31.859   19.518
   9.002   32.312   23.929
   8.150   31.045   24.882
   8.063   32.388   24.890
  20.905   43.151   16.309
  20.014   42.279   15.791
  18.788   42.706   15.229
  17.864   41.802   14.691
  18.133   40.439   14.696
  21.797   44.023   16.828
  23.023   43.596   17.390
  17.827   40.506   13.547
  17.037   40.356   15.157
  18.347   39.293   14.694
  24.119   43.679   16.929
  23.329   43.529   18.539
  23.114   44.363   17.506
  11.405   39.129   39.704
  12.097   38.682   38.635
  13.326   37.995   38.770
  14.044   37.531   37.661
  13.557   37.738   36.376
  10.713   39.576   40.774
   9.484   40.263   40.639
  13.774   36.574   36.247
  14.658   38.140   36.163
  13.159   37.905   35.293
   8.382   39.861   40.852
   9.266   41.427   40.768
   9.529   40.279   41.418
  42.271   33.600   11.352
  41.401   32.654   10.940
  41.749   31.686    9.968
  40.846   30.706    9.540
  39.562   30.658   10.068
  43.142   34.545   11.765
  42.794   35.513   12.737
  39.811   29.503   10.227
  39.233   30.604    8.924
  38.482   30.606   10.504
  43.123   35.567   13.881
  42.545   36.667   12.579
  43.527   35.749   12.611
  31.893   47.595   18.643
  33.104   47.861   18.110
  33.879   46.862   17.475
  35.136   47.137   16.922
  35.661   48.421   16.983
  30.681   47.330   19.177
  29.906   48.329   19.812
  35.852   48.259   15.818
  36.632   47.864   17.392
  36.114   49.495   17.028
  28.935   48.886   19.403
  29.715   48.492   20.976
  29.410   47.733   19.908
  10.767   33.492   42.340
  10.860   32.318   41.679
  11.859   31.363   41.983
  11.955   30.146   41.298
  11.056   29.840   40.284
  10.675   34.665   43.001
   9.676   35.620   42.697
  10.943   28.810   40.872
  12.040   29.575   39.668
  10.307   29.571   39.431
   8.691   35.886   43.313
   9.788   36.650   42.109
  10.029   36.016   43.270
  10.252   48.409    5.822
  11.178   48.616    6.783
  10.837   48.657    8.156
  11.797   48.871    9.153
  13.132   49.052    8.812
   9.327   48.203    4.861
   9.668   48.161    3.488
  13.322   48.225    9.649
  13.051   50.001    9.528
  14.255   49.205    8.540
   9.748   47.212    2.772
   9.477   48.988    2.651
   8.900   48.039    3.411
  45.113   47.993   24.055
  43.766   48.072   24.118
  43.047   47.707   25.281
  41.651   47.789   25.346
  40.924   48.239   24.251
  46.459   47.915   23.992
  47.178   48.280   22.830
  40.402   48.948   25.054
  40.274   47.259   24.444
  40.302   48.615   23.339
  47.828   49.260   22.636
  47.700   47.571   22.027
  47.788   48.074   23.271
  33.719   27.058    8.140
  33.086   27.242    9.318
  33.734   27.031   10.558
  33.077   27.222   11.780
  31.750   27.632   11.805
  34.352   26.873    6.962
  33.705   27.085    5.722
  32.151   28.443   12.581
  31.619   26.723   12.565
  30.637   27.976   11.841
  33.836   27.994    4.962
  33.304   26.274    4.946
  34.402   26.872    5.442
  19.142   26.507    2.732
  17.980   26.958    2.213
  17.840   28.278    1.723
  16.635   28.746    1.186
  15.527   27.911    1.119
  20.304   26.055    3.250
  20.444   24.735    3.740
  15.479   28.281   -0.013
  14.964   28.833    1.621
  14.590   27.220    1.057
  21.007   23.813    3.237
  20.493   24.365    4.871
  21.171   24.980    3.886
  13.042   25.827   15.278
  13.628   26.201   14.120
  13.752   25.315   13.023
  14.359   25.702   11.822
  14.864   26.988   11.675
  12.457   25.454   16.436
  12.333   26.340   17.533
  14.243   26.975   10.658
  15.837   26.422   11.286
  15.291   28.064   11.539
  11.359   26.906   17.922
  12.953   26.352   18.550
  11.989   25.719   17.858
  33.509   21.427    9.132
  34.695   21.303    9.767
  34.946   21.924   11.014
  36.175   21.796   11.672
  37.196   21.043   11.107
  32.324   21.550    8.498
  32.073   20.929    7.251
  37.249   20.543   12.188
  37.858   22.007   11.335
  38.062   20.413   10.644
  31.411   19.965    7.023
  32.020   21.428    6.171
  31.377   21.271    7.342
  17.355   35.258   45.318
  16.609   35.006   46.415
  16.552   35.904   47.506
  15.778   35.642   48.643
  15.034   34.472   48.729
  18.101   35.511   44.222
  18.158   34.612   43.130
  14.151   35.211   49.037
  15.551   34.375   49.798
  14.404   33.494   48.814
  17.640   34.710   42.061
  19.041   33.874   42.822
  18.638   35.158   42.844
   4.690   38.624   29.970
   3.463   38.080   29.823
   2.316   38.873   29.581
   1.043   38.309   29.429
   0.873   36.932   29.513
   5.917   39.168   30.117
   7.064   38.376   30.360
   0.271   37.075   28.494
  -0.004   37.218   30.267
   0.716   35.779   29.582
   7.941   38.090   29.605
   7.666   38.233   31.378
   7.415   39.073   30.358
  41.988   21.819    4.005
  41.796   23.153    4.069
  42.876   24.068    4.045
  42.677   25.452    4.111
  41.391   25.971    4.204
  42.179   20.484    3.941
  41.100   19.569    3.965
  41.750   26.672    3.310
  41.851   26.601    5.105
  40.318   26.420    4.282
  40.641   18.940    3.064
  40.741   18.868    4.859
  41.679   19.048    3.912
   0.431   16.395   34.728
   0.849   17.378   35.554
  -0.001   18.437   35.951
   0.433   19.456   36.807
   1.733   19.452   37.298
   0.012   15.413   33.903
   0.862   14.353   33.506
   1.198   19.620   38.349
   1.737   20.585   36.928
   2.821   19.460   37.717
   0.858   13.220   33.875
   1.397   14.185   32.454
   0.225   14.131   33.113
  11.081   12.345   16.607
   9.868   12.641   16.093
   9.079   11.673   15.427
   7.821   11.980   14.894
   7.307   13.265   15.009
  12.293   12.049   17.121
  13.082   13.017   17.787
   6.335   12.701   15.403
   7.106   13.149   13.840
   6.864   14.340   15.098
  13.283   13.133   18.956
  14.054   13.581   17.393
  13.573   12.414   17.857
  28.682   44.942   40.055
  29.769   45.312   40.766
  30.949   45.782   40.141
  32.076   46.166   40.878
  32.063   46.094   42.265
  27.595   44.572   39.345
  26.415   44.103   39.970
  32.473   47.211   42.197
  33.100   45.526   42.115
  32.066   46.039   43.430
  25.379   44.671   40.119
  26.006   42.986   40.038
  26.173   44.048   39.230
  30.978   13.078   42.000
  30.327   14.234   41.748
  28.993   14.449   42.165
  28.317   15.647   41.903
  28.953   16.673   41.215
  31.630   11.923   42.253
  32.964   11.708   41.836
  28.556   17.347   42.114
  27.960   16.670   40.556
  29.475   17.542   40.638
  33.957   11.710   42.494
  33.361   11.034   40.936
  32.848   11.016   42.180
   3.784    3.323   30.325
   4.694    4.189   30.819
   5.250    4.037   32.111
   6.194    4.935   32.623
   6.615    6.018   31.862
   2.874    2.456   29.831
   2.318    2.609   28.539
   7.705    5.638   32.161
   6.377    6.639   32.850
   6.978    6.931   31.233
   2.556    1.987   27.550
   1.229    2.988   28.240
   1.935    1.960   28.743
  44.851   45.697   46.564
  43.789   46.525   46.468
  43.886   47.803   45.868
  42.784   48.661   45.768
  41.546   48.272   46.264
  45.913   44.870   46.661
  45.816   43.592   47.260
  41.153   48.622   45.195
  41.568   49.340   46.793
  40.501   47.958   46.676
  45.794   42.524   46.732
  46.209   43.242   48.329
  46.574   43.565   47.076
  47.825    8.000   28.819
  48.231    7.483   29.998
  49.579    7.549   30.422
  50.000    7.012   31.645
  49.087    6.390   32.487
  47.419    8.518   27.640
  46.070    8.451   27.217
  49.570    7.095   33.317
  49.901    5.520   32.512
  48.332    5.865   33.204
  45.257    9.321   27.192
  45.587    7.746   26.386
  46.358    8.829   26.596
   7.516   32.985    0.898
   7.539   31.635    0.898
   6.352   30.865    0.898
   6.376   29.465    0.897
   7.587   28.786    0.897
   7.493   34.335    0.898
   8.680   35.105    0.898
   7.098   28.177   -0.003
   7.098   28.177    1.797
   8.597   28.203    0.897
   9.170   35.714   -0.002
   9.170   35.713    1.798
   8.170   35.697    0.898
  37.137   16.219   39.402
  37.367   15.042   40.023
  38.638   14.706   40.545
  38.877   13.486   41.189
  37.852   12.558   41.333
  36.906   17.396   38.782
  35.635   17.732   38.260
  38.206   12.539   42.471
  38.656   11.796   40.895
  37.001   11.771   41.461
  34.831   18.495   38.698
  35.282   17.752   37.122
  36.009   18.387   38.058
  47.449   29.985   17.202
  48.000   29.089   16.355
  49.394   29.040   16.118
  49.965   28.111   15.240
  49.162   27.198   14.568
  46.899   30.881   18.049
  45.505   30.930   18.286
  49.955   26.404   14.967
  49.766   27.571   13.610
  48.500   26.427   13.997
  44.901   30.558   19.243
  44.712   31.725   17.886
  45.713   31.515   18.759
  17.027   26.933   17.694
  16.527   26.030   16.824
  15.584   25.051   17.219
  15.065   24.115   16.316
  15.470   24.125   14.988
  17.528   27.836   18.564
  18.471   28.815   18.170
  14.300   24.090   14.766
  15.641   22.959   15.167
  15.801   24.121   13.869
  18.299   29.980   17.990
  19.641   28.850   18.391
  18.416   29.017   18.922
  34.914   32.421    7.751
  35.265   33.516    8.457
  35.000   34.826    7.990
  35.363   35.962    8.723
  36.004   35.830    9.948
  34.564   31.325    7.044
  34.829   30.015    7.511
  35.171   36.596   10.320
  36.766   36.622    9.488
  36.543   35.733   10.978
  34.067   29.223    7.971
  35.663   29.250    7.139
  34.482   29.820    6.839
  15.594   33.566   41.121
  14.872   34.596   41.613
  13.598   34.407   42.198
  12.850   35.475   42.708
  13.350   36.770   42.651
  16.315   32.536   40.629
  17.589   32.726   40.043
  13.051   36.796   43.805
  12.279   37.024   42.195
  13.757   37.861   42.610
  18.660   32.471   40.500
  17.887   32.699   38.890
  17.546   31.951   39.955
  29.431   22.580   21.259
  29.166   23.715   21.939
  29.993   24.859   21.839
  29.718   26.037   22.544
  28.608   26.113   23.375
  29.695   21.444   20.579
  28.869   20.300   20.679
  28.400   27.129   22.789
  29.392   26.534   24.168
  27.679   26.190   24.077
  28.085   19.878   19.887
  29.077   19.283   21.266
  29.392   20.009   20.177
  14.373    1.787    6.877
  15.519    2.481    6.706
  16.549    2.479    7.677
  17.737    3.197    7.500
  17.938    3.944    6.345
  13.227    1.094    7.048
  12.198    1.096    6.077
  18.985    3.375    6.316
  18.237    4.806    7.111
  18.120    4.575    5.381
  11.899    0.234    5.311
  11.151    1.665    6.107
  11.852    0.627    6.597
  34.595   30.074   43.900
  34.600   28.730   44.029
  33.407   27.987   44.188
  33.412   26.593   44.322
  34.612   25.893   44.301
  34.589   31.418   43.771
  35.783   32.161   43.612
  34.050   25.211   43.501
  34.182   25.383   45.288
  35.612   25.293   44.285
  36.213   32.671   42.624
  36.345   32.842   44.411
  35.282   32.759   43.591
   3.796   42.414    5.496
   5.029   42.887    5.220
   5.550   44.041    5.851
   6.829   44.531    5.564
   7.635   43.884    4.635
   2.562   41.942    5.773
   2.041   40.787    5.142
   8.457   43.953    5.494
   7.771   44.979    4.184
   8.321   43.351    3.858
   1.905   39.693    5.592
   1.218   40.719    4.283
   1.424   40.949    5.592
  31.562    6.144   28.646
  31.634    4.971   29.310
  30.993    3.801   28.837
  31.068    2.584   29.526
  31.786    2.494   30.712
  31.490    7.317   27.982
  32.130    8.487   28.455
  32.274    1.539   30.192
  30.794    1.974   31.121
  32.385    2.404   31.708
  33.121    9.007   28.046
  31.642    9.442   28.975
  31.815    8.793   27.809
  30.120   17.775   28.181
  30.118   19.120   28.301
  30.379   19.972   27.201
  30.377   21.366   27.326
  30.114   21.959   28.554
  30.122   16.431   28.061
  29.862   15.579   29.161
  29.344   22.616   27.926
  31.100   22.584   28.317
  29.895   22.469   29.580
  28.875   14.954   29.398
  30.632   14.922   29.789
  29.971   15.025   28.621
  47.074   17.982   21.245
  45.989   18.671   20.831
  46.086   19.988   20.323
  44.961   20.701   19.893
  43.699   20.124   19.956
  48.159   17.294   21.660
  48.063   15.977   22.168
  43.617   20.490   18.825
  43.399   21.148   20.487
  42.634   19.651   20.004
  48.362   14.953   21.638
  48.145   15.610   23.299
  48.836   16.061   22.236
  33.903   13.684   35.414
  34.346   13.216   36.601
  34.817   14.078   37.619
  35.276   13.593   38.849
  35.279   12.228   39.106
  33.461   14.152   34.228
  32.989   13.289   33.210
  34.737   12.548   40.117
  36.403   12.427   39.448
  35.287   11.084   39.334
  31.865   13.090   32.868
  33.532   12.969   32.199
  32.887   13.965   32.832
  23.619   37.911   10.184
  24.656   37.052   10.082
  25.594   36.881   11.128
  26.669   35.991   11.022
  26.845   35.240    9.866
  22.582   38.769   10.286
  21.645   38.941    9.240
  26.948   34.330   10.629
  27.965   35.642    9.932
  27.005   34.604    8.902
  20.525   38.539    9.174
  21.542   39.851    8.478
  21.334   39.449    9.745
   3.405   43.460   40.222
   3.057   42.879   39.054
   1.843   43.186   38.395
   1.483   42.583   37.184
   2.323   41.651   36.589
   3.752   44.042   41.389
   4.966   43.734   42.049
   2.156   42.315   35.614
   1.331   40.995   36.518
   3.019   40.866   36.079
   5.958   44.390   42.120
   5.133   43.070   43.024
   4.695   44.256   42.563
  43.594   32.774   23.232
  44.624   32.228   22.552
  45.111   30.931   22.841
  46.179   30.365   22.135
  46.799   31.075   21.114
  42.564   33.320   23.913
  42.078   34.617   23.624
  46.643   30.069   20.495
  47.799   30.768   21.685
  47.328   31.660   20.256
  41.078   34.924   23.054
  42.234   35.623   24.243
  41.584   34.446   24.204
  22.938   14.928   25.417
  22.067   14.449   24.504
  21.237   15.303   23.738
  20.334   14.806   22.791
  20.228   13.438   22.576
  23.809   15.407   26.330
  24.639   14.554   27.095
  20.333   13.742   21.428
  19.060   13.641   22.696
  20.128   12.291   22.385
  25.807   14.351   26.975
  24.533   14.250   28.243
  24.882   15.233   27.394
   9.239    9.000   24.126
   9.801    8.249   25.096
  10.417    8.828   26.231
  11.000    8.050   27.238
  10.989    6.664   27.145
   8.676    9.751   23.155
   8.061    9.171   22.020
  10.579    6.723   28.263
  12.151    6.768   27.387
  10.986    5.499   27.081
   6.898    9.067   21.779
   8.470    9.112   20.903
   7.937    9.920   21.837
  10.837   13.866    4.498
  10.525   13.058    3.463
  11.165   13.167    2.206
  10.841   12.329    1.132
   9.865   11.351    1.278
  11.150   14.674    5.533
  10.509   14.564    6.791
  10.693   10.638    0.802
   9.438   11.812    0.265
   9.048   10.527    1.386
  10.937   14.104    7.803
   9.681   15.277    7.266
  10.987   15.156    6.966
   6.921   22.589   20.708
   6.747   23.681   19.933
   5.661   23.796   19.033
   5.481   24.928   18.229
   6.379   25.986   18.297
   7.096   21.498   21.483
   8.182   21.382   22.383
   5.393   26.646   18.405
   6.386   25.886   17.110
   7.126   26.880   18.344
   8.175   21.482   23.570
   9.167   20.722   22.275
   7.847   20.693   22.531
   3.077   29.222   31.534
   4.140   29.267   32.365
   5.038   30.360   32.375
   6.140   30.407   33.237
   6.383   29.363   34.120
   2.015   29.177   30.703
   1.116   28.083   30.693
   6.479   30.237   34.924
   7.489   29.419   33.679
   6.599   28.493   34.867
   0.011   28.027   31.134
   1.020   27.209   29.889
   0.772   28.508   30.135
   5.595   22.980   16.991
   6.790   23.603   17.060
   8.011   22.890   17.011
   9.251   23.536   17.083
   9.315   24.918   17.206
   4.399   22.357   16.922
   3.178   23.071   16.971
  10.089   24.832   16.304
  10.068   24.674   18.096
   9.382   26.078   17.309
   2.425   23.315   16.080
   2.404   23.156   17.873
   2.878   22.353   16.904
  16.682    6.269   22.491
  17.270    5.394   21.648
  18.538    5.644   21.072
  19.148    4.736   20.198
  18.513    3.545   19.870
  16.093    7.145   23.333
  14.826    6.895   23.910
  19.564    3.058   20.149
  18.768    3.868   18.752
  17.990    2.542   19.587
  14.570    6.572   25.028
  13.774    7.381   23.631
  14.956    7.591   24.239
  32.615   41.006   15.680
  31.899   41.807   14.863
  31.594   43.146   15.205
  30.852   43.977   14.358
  30.387   43.499   13.139
  33.331   40.204   16.496
  33.636   38.865   16.155
  30.867   44.502   12.710
  29.348   43.954   13.504
  29.991   43.111   12.113
  34.676   38.411   15.789
  33.156   37.862   16.583
  33.993   38.881   16.849
  29.921   12.982   39.557
  31.054   13.691   39.744
  31.133   15.072   39.446
  32.308   15.807   39.640
  33.447   15.187   40.138
  28.787   12.273   39.370
  28.709   10.891   39.668
  33.461   16.109   40.893
  33.982   15.718   39.215
  34.411   14.679   40.555
  28.174   10.360   40.591
  28.695    9.969   38.913
  27.975   10.988   39.418
   3.222    1.003   18.532
   3.625    1.638   17.411
   3.088    1.328   16.139
   3.507    1.987   14.977
   4.477    2.979   15.045
   2.818    0.367   19.653
   3.355    0.677   20.925
   3.697    3.605   14.396
   4.981    2.367   14.157
   5.290    3.814   15.089
   2.850    1.290   21.814
   4.134    0.052   21.574
   2.859    0.119   21.152
  31.141   39.771   21.089
  30.487   40.673   21.851
  30.966   41.070   23.122
  30.287   42.005   23.912
  29.105   42.577   23.459
  31.796   38.869   20.328
  31.317   38.472   19.057
  29.634   43.600   23.766
  28.696   42.270   24.535
  28.112   43.065   23.091
  31.725   38.779   17.980
  30.788   37.449   18.749
  31.959   38.027   19.071
  44.042   31.760    6.844
  43.107   30.804    7.031
  43.439   29.429    7.074
  42.469   28.438    7.268
  41.133   28.786    7.424
  44.977   32.716    6.658
  44.646   34.091    6.614
  41.191   28.067    8.372
  40.954   27.953    6.591
  40.009   29.065    7.556
  44.825   34.924    7.447
  44.588   34.810    5.666
  45.416   34.164    6.507
  24.702   30.012   31.085
  25.828   29.804   31.799
  26.540   30.867   32.404
  27.708   30.651   33.144
  28.207   29.365   33.306
  23.575   30.220   30.371
  22.863   29.157   29.766
  28.252   29.667   34.458
  29.235   29.859   32.962
  28.636   28.290   33.450
  21.835   28.662   30.110
  22.818   28.854   28.614
  22.398   29.740   29.536
  45.956    7.480   11.683
  45.025    7.492   10.705
  44.659    6.319   10.003
  43.694    6.332    8.989
  43.059    7.518    8.642
  46.887    7.467   12.660
  47.253    8.640   13.363
  42.067    6.867    8.750
  43.350    7.197    7.532
  42.519    8.507    8.341
  46.962    8.961   14.473
  48.245    9.291   13.254
  47.730    8.143   13.730
  37.692   13.322   30.547
  36.825   14.233   31.037
  35.454   13.940   31.223
  34.555   14.885   31.731
  34.995   16.157   32.072
  38.559   12.411   30.057
  39.931   12.704   29.872
  34.413   15.945   33.090
  34.065   16.513   31.418
  35.352   17.229   32.363
  40.861   12.348   30.526
  40.514   12.917   28.854
  39.945   11.966   29.618
  37.396   10.251   34.910
  38.038   11.146   35.690
  39.432   11.074   35.923
  40.098   12.003   36.732
  39.393   13.037   37.337
  36.754    9.356   34.130
  35.360    9.428   33.896
  40.258   13.718   36.881
  39.964   12.676   38.319
  38.814   13.909   37.850
  34.790    9.788   32.914
  34.495    8.746   34.352
  35.507    8.792   33.466
  11.885   18.449   22.934
  12.386   19.679   23.175
  11.878   20.508   24.203
  12.397   21.784   24.453
  13.445   22.276   23.684
  11.384   17.219   22.693
  11.893   16.390   21.665
  13.931   22.529   24.743
  12.748   23.238   23.585
  14.324   22.701   23.047
  12.589   15.428   21.764
  11.407   16.137   20.607
  11.342   15.904   21.930
  22.893   41.646   14.003
  24.172   42.070   14.085
  24.533   43.226   14.817
  25.860   43.665   14.902
  26.872   42.964   14.259
  21.613   41.223   13.921
  21.252   40.066   13.189
  27.415   43.033   15.318
  27.176   44.039   13.845
  27.732   42.385   13.724
  20.948   38.991   13.604
  20.710   39.998   12.131
  20.538   40.262   13.439
  23.706   29.509   26.711
  24.754   28.692   26.948
  24.753   27.761   28.014
  25.840   26.914   28.260
  26.966   26.966   27.447
  22.658   30.327   26.475
  22.658   31.257   25.408
  26.827   25.783   27.400
  27.551   27.025   28.484
  27.917   26.999   26.773
  22.073   31.198   24.372
  22.797   32.440   25.455
  21.950   31.422   25.693
  44.048   13.696   17.939
  45.020   12.779   18.130
  44.728   11.410   18.342
  45.736   10.459   18.540
  47.072   10.842   18.533
  43.076   14.613   17.748
  43.367   15.981   17.535
  47.194    9.931   17.775
  47.120   10.222   19.549
  48.196   11.150   18.529
  43.318   16.601   16.519
  43.244   16.893   18.293
  42.589   16.031   17.495
  28.279   43.044   28.531
  29.026   42.125   27.884
  28.643   41.596   26.629
  29.418   40.642   25.957
  30.605   40.185   26.517
  27.531   43.963   29.179
  27.915   44.492   30.434
  31.055   40.428   25.441
  30.154   39.109   26.272
  31.602   39.792   26.976
  28.366   45.568   30.679
  27.465   44.250   31.510
  27.250   44.893   30.348
  23.885   35.167   15.997
  24.139   34.786   17.267
  24.650   33.504   17.578
  24.913   33.109   18.895
  24.675   33.982   19.948
  23.632   35.548   14.727
  23.121   36.831   14.417
  25.781   33.683   20.275
  24.103   33.050   20.421
  24.480   34.706   20.842
  23.694   37.763   13.944
  22.015   37.130   14.090
  23.162   36.554   13.688
   8.348    6.578   47.709
   9.637    6.715   48.087
  10.026    7.602   49.119
  11.362    7.744   49.511
  12.358    7.005   48.884
   7.060    6.441   47.331
   6.671    5.555   46.299
  12.687    6.746   50.000
  12.902    8.061   48.790
  13.204    6.390   48.367
   6.127    4.499   46.393
   6.342    5.814   45.183
   5.962    5.831   46.474
  24.963   39.045   25.629
  23.816   38.500   26.088
  23.707   37.121   26.385
  22.518   36.556   26.861
  21.395   37.350   27.056
  26.110   39.589   25.170
  26.219   40.969   24.873
  21.367   36.821   28.124
  20.844   36.498   26.432
  20.445   38.005   27.225
  26.770   41.821   25.498
  26.247   41.498   23.806
  26.949   40.762   24.687
  10.440   40.277   31.200
  11.618   40.153   31.848
  11.691   39.723   33.194
  12.912   39.594   33.866
  14.104   39.892   33.217
   9.262   40.401   30.552
   9.189   40.832   29.206
  14.448   38.832   33.639
  14.323   40.540   34.193
  15.111   40.139   32.684
   8.970   40.184   28.230
   8.844   41.892   28.784
   8.423   40.736   29.328
  37.175   46.889   32.160
  37.508   45.626   32.499
  36.606   44.766   33.170
  36.951   43.456   33.521
  38.211   42.958   33.213
  36.842   48.153   31.821
  37.744   49.012   31.150
  37.596   42.037   32.773
  38.216   42.625   34.357
  39.265   42.527   32.961
  37.739   49.345   30.006
  38.358   49.933   31.591
  37.143   49.508   31.201
  20.943   15.749    0.522
  22.135   15.131    0.665
  22.320   13.770    0.322
  23.555   13.129    0.470
  24.650   13.825    0.966
  19.752   16.368    0.380
  19.567   17.728    0.723
  25.207   13.368    0.016
  24.756   12.885    1.690
  25.578   14.398    1.381
  19.462   18.668   -0.002
  19.011   18.185    1.672
  18.839   17.579    0.483
   3.086   30.133    2.656
   3.409   31.430    2.464
   3.904   32.243    3.512
   4.238   33.587    3.312
   4.091   34.167    2.059
   2.763   28.836    2.848
   2.269   28.024    1.801
   5.207   34.541    2.244
   3.524   35.023    2.665
   3.972   34.666    1.011
   2.835   27.168    1.195
   1.153   27.649    1.616
   2.257   27.486    2.367
  19.502    6.649   24.306
  19.663    5.311   24.377
  18.598    4.445   24.720
  18.765    3.057   24.794
  20.003    2.485   24.528
  19.341    7.988   24.235
  20.406    8.854   23.892
  19.372    1.766   23.816
  19.814    1.912   25.555
  21.036    1.993   24.306
  20.595    9.427   22.864
  21.037    9.573   24.603
  19.854    9.398   23.987
  12.094    4.375    7.329
  12.467    3.631    6.266
  13.774    3.694    5.728
  14.161    2.923    4.625
  13.253    2.061    4.021
  11.721    5.118    8.393
  10.414    5.055    8.930
  14.137    1.268    4.123
  13.618    2.590    3.017
  12.502    1.334    3.504
  10.049    4.526    9.934
   9.530    5.848    8.828
  10.707    5.584    9.425
  20.517   28.379   23.771
  20.227   29.666   23.484
  21.017   30.433   22.596
  20.717   31.767   22.299
  19.615   32.383   22.880
  20.807   27.092   24.057
  20.016   26.325   24.946
  19.370   32.708   21.760
  20.396   33.245   23.137
  18.693   32.911   23.360
  19.235   25.462   24.688
  20.262   26.000   26.066
  20.541   25.774   24.769
  39.584   29.947   41.789
  40.461   28.930   41.648
  40.037   27.584   41.536
  40.946   26.530   41.391
  42.312   26.783   41.352
  38.708   30.964   41.929
  39.132   32.309   42.041
  42.280   26.093   40.380
  42.364   25.918   42.170
  43.460   26.981   41.317
  39.080   33.174   41.223
  39.163   32.999   43.013
  38.362   32.436   42.090
  10.710   48.152   21.843
   9.944   47.109   21.459
   8.579   47.010   21.817
   7.784   45.928   21.418
   8.326   44.908   20.648
  11.477   49.195   22.228
  12.842   49.294   21.870
   7.366   45.088   19.966
   7.823   44.200   21.464
   8.769   44.044   20.001
  13.346   50.001   21.054
  13.803   49.114   22.551
  12.791   49.957   22.279
  23.977   22.537   22.779
  22.809   23.167   22.532
  21.595   22.458   22.368
  20.383   23.112   22.112
  20.343   24.497   22.010
  25.145   21.906   23.026
  26.359   22.615   23.190
  19.434   24.396   22.774
  19.743   24.276   21.005
  20.295   25.659   21.922
  26.959   22.836   24.195
  27.268   22.715   22.426
  26.643   21.894   23.289
  36.572   37.829   11.688
  35.307   37.839   12.159
  34.581   39.042   12.334
  33.269   39.052   12.823
  32.636   37.860   13.153
  37.837   37.819   11.217
  38.562   36.617   11.041
  31.750   38.297   12.486
  32.378   38.430   14.168
  32.092   36.868   13.435
  38.820   36.048   10.027
  39.448   36.181   11.709
  39.115   37.111   10.796
  16.621   16.002   46.257
  17.613   15.150   45.922
  17.365   13.786   45.635
  18.393   12.902   45.287
  19.706   13.350   45.213
  15.630   16.855   46.593
  15.878   18.218   46.879
  19.695   12.804   44.154
  19.932   12.396   45.891
  20.812   13.712   45.147
  15.652   19.172   46.202
  15.889   18.764   47.939
  15.104   18.226   46.987
   6.885   23.906   39.699
   8.108   24.288   40.125
   9.284   23.601   39.742
  10.552   23.997   40.184
  10.689   25.094   41.026
   5.663   23.524   39.272
   4.486   24.210   39.656
  11.521   25.429   40.241
  11.358   24.350   41.673
  10.818   26.013   41.732
   3.817   24.954   39.009
   3.654   23.875   40.440
   4.150   23.666   39.207
  13.782    5.276   36.561
  14.948    5.583   37.169
  15.158    5.352   38.549
  16.367    5.670   39.179
  17.409    6.230   38.451
  12.616    4.969   35.954
  12.406    5.200   34.574
  18.058    5.376   38.970
  17.432    7.022   39.341
  18.292    6.701   37.852
  12.383    4.408   33.684
  11.757    6.054   34.055
  11.705    4.897   34.738
  21.919    8.254   17.468
  22.028    9.272   16.588
  23.267    9.902   16.320
  23.381   10.958   15.408
  22.260   11.422   14.731
  21.809    7.236   18.347
  20.570    6.607   18.616
  22.955   11.312   13.770
  22.643   12.490   15.094
  21.327   11.821   14.156
  20.187    5.538   18.252
  19.875    6.717   19.577
  21.012    6.181   19.099
  13.556   49.515   14.694
  14.768   49.109   15.128
  15.698   50.006   15.704
  16.955   49.584   16.154
  17.326   48.250   16.045
  12.344   49.922   14.260
  11.413   49.024   13.685
  17.625   48.374   17.191
  18.318   48.701   15.562
  17.651   47.133   15.958
  10.421   48.574   14.167
  11.114   48.900   12.538
  10.982   49.673   13.631
  41.029   34.325   44.924
  41.696   34.762   43.834
  41.706   34.035   42.620
  42.397   34.488   41.490
  43.102   35.684   41.534
  40.363   33.887   46.014
  40.352   34.614   47.228
  42.514   35.918   40.524
  43.984   35.031   41.068
  43.698   36.686   41.557
  39.471   35.267   47.694
  40.941   34.381   48.237
  39.906   34.016   47.459
   8.568    1.563   14.958
   8.286    1.891   13.679
   6.959    2.098   13.232
   6.667    2.438   11.906
   7.691    2.584   10.979
   8.850    1.235   16.236
  10.176    1.028   16.683
   7.143    3.612   10.730
   7.013    1.867   10.311
   8.541    2.709   10.190
  10.855    1.745   17.351
  10.724   -0.000   16.932
   9.814    0.893   17.361
   3.547   14.619   26.485
   3.474   13.272   26.534
   2.236   12.589   26.590
   2.162   11.192   26.642
   3.322   10.428   26.638
   3.619   15.966   26.436
   4.857   16.649   26.379
   2.767    9.825   25.773
   2.814    9.888   27.571
   4.288    9.775   26.636
   5.364   17.189   25.446
   5.412   17.252   27.244
   4.390   17.275   26.370
  10.859    7.609    0.288
  11.651    8.681    0.502
  12.969    8.753   -0.008
  13.791    9.864    0.214
  13.324   10.944    0.953
  10.066    6.537    0.075
   8.748    6.465    0.585
  13.730   11.583    0.033
  14.354   10.821    1.540
  12.944   11.857    1.572
   7.718    6.588   -0.002
   8.342    5.826    1.505
   8.762    5.771    0.228
   4.573   39.652   10.466
   4.094   40.851   10.860
   2.713   41.157   10.819
   2.215   42.400   11.228
   3.081   43.382   11.692
   5.053   38.454   10.072
   6.434   38.148   10.113
   2.310   43.451   12.598
   2.498   44.078   10.921
   3.797   44.215   12.084
   7.017   37.452   10.884
   7.205   38.079    9.208
   6.182   37.465    9.829
  22.522    3.218   41.595
  21.362    2.902   42.209
  20.381    3.878   42.506
  19.178    3.550   43.143
  18.913    2.235   43.505
  23.682    3.534   40.981
  24.663    2.559   40.683
  17.872    2.431   42.959
  18.642    2.718   44.561
  18.678    1.136   43.815
  24.934    2.077   39.628
  25.704    2.363   41.230
  25.038    3.179   40.392
  28.784    2.013   27.531
  29.841    1.723   26.743
  31.054    1.218   27.269
  32.149    0.918   26.451
  32.072    1.112   25.078
  27.728    2.303   28.320
  26.515    2.808   27.794
  32.496   -0.001   25.028
  33.108    1.680   25.230
  32.020    1.270   23.923
  25.479    2.240   27.641
  26.091    3.920   27.844
  26.306    2.793   28.546
   9.963   46.570   43.994
   9.265   46.253   45.104
   7.895   46.579   45.248
   7.171   46.250   46.400
   7.790   45.583   47.449
  10.662   46.887   42.883
  12.031   46.561   42.740
   6.844   44.862   47.378
   7.297   46.441   48.114
   8.297   45.024   48.338
  12.524   45.703   42.075
  12.977   47.282   42.811
  11.933   46.911   42.048
   5.267   24.678   31.331
   4.535   24.044   30.391
   4.326   24.594   29.104
   3.567   23.936   28.129
   2.988   22.704   28.407
   6.000   25.313   32.270
   6.208   24.762   33.557
   3.487   22.383   27.373
   2.004   23.213   27.968
   2.497   21.669   28.627
   7.192   24.253   33.996
   5.709   25.083   34.591
   6.616   25.421   33.656
  28.208   10.327   15.649
  29.040    9.278   15.475
  28.572    7.942   15.473
  29.434    6.854   15.292
  30.795    7.063   15.106
  27.377   11.376   15.824
  27.845   12.712   15.825
  30.648    6.329   14.179
  30.905    6.237   15.958
  31.939    7.223   14.949
  27.734   13.538   14.973
  27.991   13.446   16.752
  27.088   12.865   15.942
   9.580   30.639    3.869
  10.513   31.614    3.842
  11.898   31.326    3.802
  12.866   32.338    3.774
  12.483   33.673    3.785
   8.648   29.663    3.897
   7.263   29.951    3.937
  13.232   33.761    2.863
  13.284   33.762    4.662
  12.175   34.798    3.793
   6.461   29.862    3.059
   6.513   29.863    4.859
   7.209   29.172    3.938
  22.017   42.838   47.255
  21.982   42.831   45.905
  22.579   43.856   45.135
  22.543   43.849   43.735
  21.910   42.816   43.056
  22.051   42.845   48.605
  21.454   41.819   49.375
  22.923   42.779   42.431
  21.379   43.704   42.465
  21.381   41.954   42.474
  21.985   40.931   49.967
  20.441   41.855   50.001
  21.726   42.251   49.966
  37.816   33.771    4.697
  36.526   34.168    4.669
  35.463   33.252    4.487
  34.126   33.663    4.457
  33.803   35.006    4.607
  39.106   33.374    4.726
  40.169   34.290    4.908
  33.031   34.596    5.417
  33.140   34.822    3.634
  33.518   36.130    4.733
  40.832   34.474    5.881
  40.942   34.701    4.099
  40.598   33.640    4.852
  10.091   39.124   45.458
  10.446   39.669   46.641
  11.778   39.625   47.118
  12.146   40.191   48.345
  11.195   40.820   49.139
   9.737   38.579   44.275
   8.405   38.623   43.798
  11.999   41.699   49.177
  11.652   40.137   50.001
  10.407   41.352   49.814
   7.948   39.306   42.936
   7.601   37.744   43.760
   8.720   38.236   43.197
  17.577    6.825    5.999
  16.497    6.950    6.800
  15.804    5.824    7.305
  14.684    5.954    8.135
  14.218    7.214    8.490
  18.657    6.700    5.198
  19.351    7.825    4.693
  14.235    6.766    9.594
  13.163    6.777    8.148
  13.816    8.265    8.796
  20.405    8.262    5.036
  19.334    8.273    3.589
  19.791    7.272    4.363
  13.904   21.707   17.358
  14.168   20.401   17.138
  13.937   19.791   15.882
  14.211   18.437   15.654
  14.726   17.645   16.673
  13.640   23.012   17.578
  13.871   23.623   18.834
  15.522   17.326   15.845
  13.850   16.900   16.360
  15.158   16.970   17.519
  14.747   24.368   19.147
  13.075   23.942   19.661
  13.596   24.251   18.460
   0.705   22.298   11.191
   1.278   21.077   11.133
   0.846   20.089   10.218
   1.441   18.822   10.158
   2.488   18.500   11.012
   0.132   23.519   11.248
   0.563   24.508   12.164
   3.020   18.133   10.011
   1.840   17.522   11.226
   3.368   18.216   11.723
   1.211   25.485   11.950
   0.032   24.875   13.165
  -0.004   24.921   11.821
   7.498   31.561   26.919
   7.700   30.226   26.904
   6.627   29.305   26.854
   6.837   27.921   26.839
   8.128   27.408   26.872
   7.296   32.895   26.934
   8.369   33.816   26.983
   7.753   26.755   25.949
   7.695   26.726   27.748
   9.206   26.965   26.900
   8.802   34.499   26.108
   8.744   34.470   27.907
   7.785   34.335   26.973
  27.817   40.064   34.003
  28.835   39.738   34.827
  28.615   39.122   36.083
  29.671   38.783   36.938
  30.983   39.048   36.568
  26.799   40.391   33.178
  27.019   41.007   31.923
  31.163   37.911   36.879
  31.055   39.532   37.654
  32.090   39.264   36.270
  26.947   40.522   30.837
  26.839   42.143   31.613
  26.239   40.971   31.889
  19.485   19.358   24.183
  19.770   18.610   23.096
  20.038   19.192   21.834
  20.334   18.417   20.707
  20.373   17.031   20.801
  19.200   20.106   25.270
  18.932   19.524   26.531
  21.421   17.153   20.247
  19.669   17.076   19.840
  20.408   15.867   20.866
  19.635   19.479   27.492
  17.884   19.403   27.085
  18.851   20.273   26.740
  25.294   46.781   41.737
  24.325   46.456   40.855
  23.174   47.260   40.677
  22.169   46.923   39.762
  22.279   45.771   38.994
  26.263   47.106   42.619
  27.415   46.303   42.798
  22.019   46.504   38.091
  21.167   45.568   39.371
  22.359   44.807   38.342
  28.527   46.505   42.420
  27.675   45.570   43.701
  27.590   46.857   43.320
  14.991   10.196   45.109
  14.593   10.048   43.828
  14.355   11.159   42.983
  13.943   11.006   41.654
  13.755    9.736   41.122
  15.388   10.344   46.391
  15.626    9.233   47.235
  14.431   10.151   40.232
  12.711   10.185   40.762
  13.592    8.677   40.662
  16.669    8.785   47.595
  14.949    8.819   48.125
  15.795    9.796   47.750
  25.135   21.856   26.224
  25.542   21.160   25.141
  24.977   19.909   24.798
  25.399   19.188   23.675
  26.401   19.692   22.855
  24.728   22.552   27.307
  25.293   23.803   27.651
  25.632   19.440   21.980
  26.873   18.605   22.982
  27.241   20.104   22.158
  24.821   24.890   27.524
  26.061   24.055   28.526
  24.782   23.752   28.240
  37.397   37.821    7.755
  38.542   37.194    8.095
  39.736   37.904    8.362
  40.925   37.253    8.714
  40.961   35.868    8.812
  36.251   38.449    7.415
  35.057   37.739    7.147
  41.475   36.086    9.865
  41.930   35.975    8.127
  41.006   34.706    8.898
  34.088   37.631    7.833
  34.543   37.521    6.095
  34.780   38.459    7.029
  27.543   22.303   42.686
  28.625   21.508   42.543
  28.543   20.101   42.668
  29.665   19.277   42.519
  30.909   19.830   42.241
  26.461   23.097   42.829
  26.542   24.505   42.704
  30.939   19.006   41.381
  31.272   19.143   43.144
  31.958   20.282   42.008
  26.179   25.192   41.801
  26.513   25.329   43.565
  25.777   24.456   42.853
   5.351   46.597   26.881
   5.724   47.172   25.718
   4.861   47.230   24.599
   5.248   47.826   23.393
   6.512   48.387   23.263
   4.978   46.022   28.044
   5.842   45.964   29.164
   5.911   49.323   22.837
   6.553   47.743   22.261
   7.571   48.861   23.141
   5.801   46.608   30.166
   6.443   45.028   29.590
   5.230   45.599   29.483
  45.516    3.087   16.640
  44.391    2.344   16.686
  44.427    0.929   16.726
  43.260    0.158   16.773
  42.014    0.773   16.783
  46.642    3.831   16.594
  46.605    5.245   16.555
  41.810    0.051   17.709
  41.770   -0.000   15.910
  40.963    1.276   16.792
  46.849    6.019   17.429
  46.810    5.968   15.630
  47.381    5.159   16.541
   2.924   31.020   21.990
   4.073   30.823   21.311
   4.614   29.530   21.112
   5.807   29.325   20.407
   6.501   30.406   19.878
   1.774   31.217   22.669
   1.233   32.510   22.869
   6.506   29.749   18.883
   7.437   29.902   20.416
   7.094   31.304   19.428
   0.297   33.014   22.331
   1.228   33.167   23.863
   0.681   32.105   23.245
  44.393    1.581   40.716
  45.315    2.567   40.699
  46.543    2.457   41.393
  47.500    3.479   41.375
  47.263    4.647   40.662
  43.470    0.596   40.734
  42.242    0.706   40.040
  48.350    4.444   40.218
  47.592    5.179   41.676
  47.076    5.633   40.067
  41.913    0.174   39.025
  41.155    0.909   40.483
  42.130   -0.006   40.341
   2.738    4.529   31.839
   2.306    5.660   31.243
   1.871    5.679   29.896
   1.423    6.852   29.277
   1.394    8.048   29.983
   3.171    3.398   32.436
   3.606    3.379   33.783
   0.280    8.118   29.564
   1.960    8.476   29.026
   1.364    9.059   30.563
   3.039    2.951   34.740
   4.719    3.310   34.202
   3.717    2.622   33.625
  45.302   31.570   24.937
  44.160   30.853   24.983
  44.160   29.456   25.211
  42.975   28.712   25.259
  41.747   29.338   25.079
  46.445   32.288   24.891
  46.445   33.684   24.662
  41.448   28.748   26.070
  41.560   28.458   24.298
  40.711   29.851   24.930
  46.633   34.564   25.444
  46.744   34.274   23.671
  47.217   33.587   24.727
  46.734   12.252   30.370
  47.454   11.935   29.273
  47.008   10.975   28.335
  47.755   10.646   27.197
  48.975   11.266   26.958
  46.014   12.569   31.467
  46.460   13.530   32.405
  48.522   11.446   25.870
  49.362   10.151   26.796
  50.000   11.779   26.744
  46.072   14.645   32.567
  46.912   13.351   33.493
  45.787   13.344   32.756
  37.904   23.573   31.507
  37.111   24.216   30.623
  37.123   23.908   29.242
  36.301   24.575   28.326
  35.437   25.574   28.759
  38.696   22.929   32.390
  38.684   23.237   33.771
  34.629   24.968   28.126
  35.918   26.197   27.864
  34.707   26.413   29.108
  38.203   22.613   34.666
  39.492   23.842   34.404
  39.225   22.674   33.793
   6.099   40.368   24.015
   6.629   39.127   23.974
   5.821   37.966   23.992
   6.370   36.679   23.950
   7.748   36.507   23.889
   5.570   41.609   24.055
   6.378   42.771   24.037
   7.485   35.772   22.988
   7.562   35.746   24.786
   8.902   36.349   23.837
   6.563   43.532   23.139
   6.640   43.506   24.938
   5.683   43.126   24.072
  23.576   18.771   28.218
  24.178   19.734   28.949
  25.080   20.659   28.371
  25.704   21.658   29.129
  25.449   21.766   30.490
  22.974   17.808   27.488
  22.073   16.882   28.065
  25.269   22.916   30.232
  26.637   21.798   30.578
  25.244   21.869   31.633
  20.885   16.850   27.978
  22.253   15.733   28.323
  22.042   16.617   27.331
  13.905   40.332    7.696
  13.962   40.259    9.043
  14.018   41.416    9.855
  14.077   41.339   11.252
  14.083   40.103   11.886
  13.848   40.406    6.349
  13.793   39.249    5.536
  13.219   40.585   12.550
  15.017   40.554   12.472
  14.088   39.072   12.431
  12.859   38.798    4.950
  14.657   38.767    4.872
  13.777   39.781    4.965
  16.313    8.674    5.033
  15.092    8.128    4.854
  14.660    7.000    5.591
  13.393    6.433    5.406
  12.514    6.974    4.476
  17.534    9.221    5.212
  17.967   10.349    4.475
  11.737    6.930    5.379
  12.410    5.844    4.111
  11.766    7.417    3.699
  18.071   11.479    4.840
  18.743   10.392    3.572
  18.612   10.249    4.903
  10.194   43.568    7.916
  11.533   43.429    7.815
  12.214   43.597    6.586
  13.603   43.453    6.481
  14.360   43.137    7.602
   8.855   43.706    8.017
   8.174   43.539    9.246
  15.033   44.054    7.245
  14.825   42.301    6.891
  15.008   42.872    8.535
   7.709   44.375    9.957
   7.501   42.622    9.603
   7.553   43.702    8.802
  32.827   16.570   15.281
  33.988   16.142   14.740
  34.285   14.766   14.597
  35.489   14.321   14.037
  36.437   15.237   13.599
  31.667   16.999   15.821
  31.369   18.375   15.964
  36.429   14.575   12.608
  37.188   14.570   14.241
  37.242   15.995   13.227
  30.619   19.042   15.323
  31.377   19.037   16.955
  30.709   18.091   16.270
  29.738   48.210   16.591
  28.422   48.505   16.648
  27.523   47.772   17.458
  26.158   48.078   17.517
  25.644   49.129   16.768
  31.054   47.915   16.534
  31.953   48.649   15.724
  25.145   49.450   17.802
  24.833   48.322   16.434
  25.199   50.008   16.145
  32.764   49.455   16.058
  32.452   48.328   14.690
  32.468   48.143   16.023
  46.580    8.907   33.969
  47.305    8.834   35.106
  48.391    7.938   35.247
  49.142    7.862   36.426
  48.834    8.680   37.506
  45.856    8.980   32.833
  44.770    9.876   32.692
  50.001    8.920   37.490
  48.881    7.662   38.123
  48.586    9.360   38.420
  44.723   10.894   32.074
  43.603    9.636   32.707
  44.733    9.552   31.982
  29.297   34.438   26.772
  28.136   33.959   27.266
  27.147   34.811   27.814
  25.942   34.315   28.327
  25.684   32.950   28.310
  30.459   34.916   26.277
  31.448   34.065   25.730
  24.645   33.284   27.831
  25.403   33.121   29.456
  25.454   31.806   28.303
  31.728   33.894   24.585
  32.487   33.731   26.209
  31.821   34.743   25.624
  22.918   18.130   11.016
  23.794   19.156   10.962
  24.131   19.790    9.742
  25.040   20.854    9.686
  25.644   21.321   10.847
  22.042   17.105   11.070
  21.704   16.471   12.289
  25.295   22.387   10.444
  26.646   21.221   10.211
  26.157   21.723   11.813
  20.701   16.571   12.925
  22.052   15.405   12.692
  21.253   16.042   11.818
  30.604   15.255    6.355
  30.309   16.247    7.222
  29.300   16.109    8.204
  28.995   17.138    9.104
  29.688   18.340    9.053
  30.898   14.264    5.487
  31.907   14.402    4.505
  29.813   18.168   10.226
  28.597   18.820    9.069
  30.262   19.355    9.022
  32.998   13.922    4.489
  31.783   14.574    3.332
  31.686   13.674    4.328
  19.131   42.985   43.230
  19.362   41.781   43.795
  18.653   41.340   44.937
  18.893   40.091   45.523
  19.851   39.240   44.988
  18.899   44.189   42.664
  19.608   44.630   41.522
  18.980   38.430   45.053
  20.231   39.169   46.116
  20.653   38.515   44.549
  19.229   44.701   40.395
  20.480   45.440   41.457
  19.156   45.260   41.616
  38.036   43.501   12.697
  36.722   43.771   12.850
  35.740   42.753   12.830
  34.377   43.033   12.988
  33.948   44.342   13.172
  39.350   43.231   12.545
  40.332   44.250   12.565
  33.342   43.877   14.087
  33.176   44.073   12.305
  33.575   45.435   13.327
  41.104   44.518   13.432
  40.938   44.714   11.650
  40.811   43.643   12.453
  45.752   10.910   12.781
  46.790   11.106   11.941
  48.107   11.319   12.413
  49.184   11.522   11.542
  48.982   11.519   10.168
  44.713   10.714   13.621
  43.396   10.501   13.149
  49.903   10.763   10.165
  49.601   12.537   10.206
  48.827   11.519    9.012
  42.777    9.484   13.111
  42.476   11.258   13.152
  43.243   10.458   13.914
  20.764   37.534   20.007
  21.494   37.858   18.919
  22.893   38.061   18.987
  23.650   38.397   17.859
  23.035   38.543   16.622
  20.034   37.210   21.095
  18.635   37.008   21.027
  23.908   37.823   16.248
  23.639   39.570   16.588
  22.532   38.669   15.577
  18.031   35.981   21.060
  17.762   37.728   21.400
  18.724   36.873   21.791
  16.208   29.375   40.281
  16.950   29.659   39.190
  17.440   28.646   38.331
  18.210   28.940   37.200
  18.519   30.258   36.887
  15.465   29.092   41.372
  14.975   30.105   42.230
  18.132   29.954   35.802
  19.630   29.839   36.792
  18.785   31.360   36.612
  13.864   30.524   42.325
  15.362   30.409   43.315
  14.677   29.491   42.610
  39.745   37.059   23.293
  40.441   36.974   22.139
  41.841   36.765   22.121
  42.563   36.677   20.925
  41.911   36.796   19.704
  39.049   37.144   24.447
  37.650   37.353   24.465
  42.509   35.800   19.436
  42.775   37.580   19.466
  41.376   36.893   18.672
  36.785   36.569   24.703
  37.052   38.349   24.733
  37.763   37.323   25.237
  18.981   19.084   47.126
  18.058   19.021   46.143
  17.679   17.795   45.547
  16.722   17.731   44.527
  16.108   18.890   44.068
  19.905   19.146   48.109
  20.283   20.372   48.705
  15.105   18.266   44.226
  16.403   18.465   42.995
  15.586   19.855   43.674
  19.989   20.797   49.779
  21.287   20.996   48.547
  20.750   19.904   49.121
  26.208   16.430    0.767
  24.960   16.937    0.853
  24.567   18.090    0.132
  23.272   18.616    0.222
  22.324   18.008    1.035
  27.456   15.923    0.681
  27.849   14.771    1.402
  21.637   18.077    0.064
  22.153   19.114    1.442
  21.519   17.507    1.713
  28.020   13.664    0.995
  28.536   14.701    2.372
  28.529   14.908    1.043
  10.532   11.733   32.410
   9.797   12.639   33.090
   9.186   13.742   32.449
   8.424   14.682   33.154
   8.247   14.552   34.525
  11.267   10.827   31.731
  11.878    9.724   32.372
   7.096   14.712   34.260
   8.575   15.697   34.545
   8.090   14.454   35.677
  11.549    8.579   32.352
  13.029    9.564   32.637
  12.120    9.571   31.645
  29.340   14.083    9.060
  28.458   14.316   10.055
  27.136   14.751    9.800
  26.222   14.993   10.832
  26.597   14.808   12.157
  30.221   13.850    8.064
  31.543   13.414    8.320
  25.585   14.183   12.221
  26.133   15.896   12.305
  26.899   14.657   13.273
  32.008   12.327    8.172
  32.556   14.039    8.256
  31.588   13.438    7.540
  21.341   41.828    9.451
  20.101   41.813    8.919
  19.015   42.485    9.529
  17.728   42.469    8.977
  17.482   41.781    7.796
  22.582   41.843    9.983
  23.668   41.171    9.373
  16.959   42.799    7.464
  16.571   41.317    8.409
  17.261   41.207    6.805
  24.578   41.635    8.760
  24.191   40.153    9.705
  24.054   41.461    9.987
   9.271   25.467    1.267
   8.054   25.907    1.649
   6.902   25.717    0.849
   5.639   26.173    1.246
   5.483   26.836    2.457
  10.489   25.027    0.885
  11.641   25.217    1.685
   4.589   26.065    2.615
   4.899   27.637    1.795
   5.338   27.394    3.471
  12.224   24.416    2.347
  12.535   25.988    1.526
  11.984   24.840    1.093
  45.678   35.353   43.572
  45.909   34.251   42.828
  44.855   33.451   42.326
  45.094   32.308   41.554
  46.396   31.924   41.256
  45.448   36.455   44.317
  46.501   37.255   44.819
  45.983   31.856   40.141
  46.029   30.856   41.636
  47.483   31.590   40.999
  46.868   38.323   44.439
  46.915   37.323   45.935
  45.906   37.667   45.113
  25.731    4.549   29.921
  25.210    5.574   29.214
  25.808    6.856   29.201
  25.267    7.920   28.468
  24.109    7.739   27.723
  26.252    3.523   30.627
  25.654    2.241   30.641
  24.743    8.253   26.854
  23.752    8.730   28.279
  23.137    7.601   27.093
  26.011    1.250   30.085
  25.020    1.727   31.509
  26.256    2.082   31.113
  30.979   48.982   34.082
  31.436   48.197   35.082
  31.688   48.705   36.378
  32.161   47.891   37.414
  32.399   46.541   37.191
  30.523   49.766   33.083
  30.270   49.258   31.786
  31.754   46.397   38.183
  33.448   46.774   37.706
  32.603   45.406   37.018
  29.221   49.025   31.272
  30.915   49.402   30.795
  30.067   50.000   31.651
  15.364   27.177   15.056
  14.514   28.136   15.481
  13.370   27.835   16.258
  12.489   28.830   16.698
  12.720   30.162   16.376
  16.213   26.218   14.632
  17.357   26.519   13.855
  12.548   30.338   17.542
  11.578   30.143   16.039
  12.902   31.283   16.114
  18.500   26.537   14.192
  17.529   26.343   12.689
  17.455   25.745   13.892
   9.560   33.276   37.783
   9.051   32.393   38.668
   9.786   31.952   39.794
   9.259   31.036   40.712
   7.978   30.528   40.537
  10.069   34.160   36.898
   9.334   34.601   35.772
   7.840   30.836   41.680
   8.511   29.477   40.709
   6.904   30.095   40.402
   8.800   35.652   35.600
   9.471   34.293   34.629
   9.984   35.014   35.643
  43.025   12.621   41.036
  42.900   13.950   40.828
  43.493   14.593   39.716
  43.364   15.971   39.501
  42.637   16.753   40.390
  43.149   11.293   41.244
  42.557   10.649   42.356
  42.111   17.159   39.400
  43.604   17.450   40.364
  42.030   17.422   41.128
  41.590    9.953   42.382
  43.082   10.244   43.345
  42.888   10.020   42.033
  13.535   30.994    5.901
  13.358   32.123    6.620
  14.416   32.726    7.340
  14.233   33.897    8.086
  12.985   34.505    8.139
  13.712   29.865    5.181
  12.654   29.262    4.461
  13.599   35.491    7.869
  13.178   34.504    9.315
  11.943   35.027    8.191
  12.461   29.263    3.285
  12.040   28.276    4.730
  13.214   28.750    4.275
   6.300   19.259   19.471
   7.175   20.269   19.659
   7.955   20.794   18.601
   8.862   21.842   18.797
   9.022   22.403   20.058
   5.425   18.248   19.282
   4.645   17.724   20.340
   8.884   23.433   19.474
  10.182   22.241   19.840
   9.166   22.883   21.111
   3.485   17.886   20.558
   4.783   16.694   20.924
   4.379   17.259   19.772
  36.722   26.507   10.817
  36.624   25.763   11.940
  35.721   26.089   12.979
  35.619   25.318   14.143
  36.418   24.193   14.309
  36.820   27.250    9.695
  37.724   26.924    8.655
  35.388   23.664   14.590
  36.653   24.678   15.372
  37.082   23.247   14.462
  37.489   26.440    7.592
  38.754   27.454    8.375
  37.414   27.563    8.330
  31.700   43.715    9.965
  30.382   43.420    9.970
  29.388   44.427    9.977
  28.022   44.122    9.982
  27.601   42.798    9.980
  33.017   44.010    9.960
  34.011   43.002    9.953
  26.902   43.157    9.085
  26.910   43.152   10.885
  27.234   41.691    9.979
  34.702   42.648    9.049
  34.710   42.643   10.849
  34.487   43.621    9.953
  21.312   15.012   33.305
  20.219   14.271   33.587
  19.622   13.420   32.627
  18.488   12.653   32.919
  17.910   12.709   34.181
  22.405   15.752   33.024
  23.002   16.603   33.984
  17.957   11.520   34.113
  16.901   12.873   33.569
  17.416   12.747   35.236
  24.012   16.439   34.595
  22.956   17.792   34.052
  23.493   16.748   33.393
  35.121    9.306    6.340
  35.000   10.202    7.342
  36.005   10.366    8.326
  35.880   11.295    9.366
  34.747   12.093    9.460
  35.241    8.411    5.337
  34.237    8.246    4.353
  35.537   12.977    9.573
  34.741   11.727   10.594
  33.801   12.769    9.550
  34.242    8.613    3.219
  33.446    7.362    4.240
  34.737    7.709    4.085
  26.899   45.560   26.559
  26.178   44.419   26.530
  25.935   43.655   27.697
  25.187   42.472   27.667
  24.655   42.011   26.469
  27.620   46.700   26.588
  27.863   47.464   25.422
  23.648   41.921   27.101
  25.151   40.978   26.797
  24.202   41.612   25.471
  27.366   48.497   25.095
  28.869   47.554   24.790
  28.250   47.917   25.928
  10.066   41.315   12.605
  10.574   42.323   13.345
  11.762   42.174   14.100
  12.290   43.219   14.868
  11.648   44.450   14.909
   9.557   40.307   11.864
   8.369   40.456   11.110
  12.734   44.879   14.674
  11.767   44.327   16.088
  11.119   45.489   14.952
   8.250   40.579    9.931
   7.283   40.028   11.345
   8.521   39.713   10.924
  38.926    3.295    4.923
  39.917    2.530    4.417
  41.198    2.470    5.016
  42.226    1.676    4.492
  42.009    0.915    3.350
  37.936    4.060    5.429
  36.655    4.120    4.830
  42.482    0.038    4.003
  43.025    1.417    2.981
  41.841    0.271    2.392
  35.639    3.619    5.199
  36.181    4.997    4.177
  36.519    4.612    5.421
  29.023   33.066    9.863
  29.983   33.994   10.060
  31.335   33.639   10.281
  32.331   34.602   10.486
  32.010   35.954   10.477
  28.063   32.137    9.665
  26.711   32.492    9.444
  32.931   36.034    9.725
  32.625   35.973   11.497
  31.755   37.091   10.471
  26.096   32.472    8.423
  25.790   32.412   10.196
  26.625   31.717    9.403
   7.372   46.090   27.588
   7.393   44.765   27.328
   6.223   43.971   27.385
   6.244   42.597   27.116
   7.437   41.968   26.781
   7.351   47.414   27.848
   8.521   48.208   27.791
   6.798   41.524   25.879
   7.110   41.187   27.619
   8.431   41.428   26.498
   8.848   48.989   26.952
   9.160   48.653   28.693
   8.019   48.773   27.990
  20.248    1.579   35.168
  21.132    2.599   35.161
  22.530    2.379   35.153
  23.448    3.436   35.146
  23.000    4.751   35.147
  19.363    0.560   35.175
  17.965    0.780   35.183
  23.766    4.876   34.242
  23.777    4.878   36.042
  22.638    5.860   35.148
  17.188    0.653   34.288
  17.200    0.655   36.088
  17.949   -0.001   35.184
  24.237    8.818   24.403
  23.144    8.795   25.195
  22.179    7.763   25.112
  21.045    7.740   25.933
  20.836    8.747   26.866
  25.330    8.841   23.612
  26.295    9.873   23.695
  20.656    7.838   27.615
  19.746    8.787   26.386
  20.648    9.586   27.654
  27.385    9.833   24.175
  26.475   10.783   22.946
  26.632    9.458   23.125
  45.401   20.192   16.496
  46.561   20.818   16.788
  47.705   20.110   17.228
  48.908   20.758   17.532
  49.010   22.138   17.406
  44.241   19.567   16.203
  43.098   20.275   15.763
  50.002   21.879   16.798
  49.466   22.074   18.505
  49.110   23.296   17.305
  42.642   20.339   14.664
  42.106   20.534   16.371
  42.790   19.557   15.748
   5.094   35.179    6.514
   4.039   35.427    5.709
   3.368   36.673    5.715
   2.274   36.931    4.880
   1.812   35.951    4.010
   6.148   34.931    7.320
   6.819   33.685    7.314
   1.866   36.827    3.203
   0.750   36.220    4.478
   1.414   35.138    3.274
   7.882   33.416    6.845
   6.765   32.809    8.121
   7.253   34.036    7.860
  38.725    3.518   28.831
  38.686    4.867   28.788
  39.862    5.648   28.690
  39.821    7.047   28.646
  38.604    7.714   28.698
  38.764    2.169   28.874
  37.588    1.388   28.971
  39.031    8.297   27.750
  39.140    8.357   29.546
  37.589    8.287   28.740
  37.052    0.745   28.123
  37.161    0.805   29.919
  38.105    0.802   28.960
  34.860   19.813   35.308
  33.993   18.779   35.253
  34.430   17.440   35.117
  33.532   16.368   35.061
  32.163   16.597   35.138
  35.727   20.847   35.362
  35.290   22.186   35.498
  32.198   15.741   35.966
  32.124   15.898   34.174
  31.013   16.775   35.202
  35.329   22.885   36.462
  35.255   23.042   34.670
  36.058   22.326   35.478
  28.006   20.407   13.733
  27.956   19.349   14.571
  26.968   18.343   14.452
  26.917   17.247   15.321
  27.851   17.117   16.340
  28.055   21.464   12.895
  29.043   22.470   13.015
  27.968   16.010   15.916
  26.890   16.936   17.021
  28.630   16.996   17.200
  30.004   22.651   12.333
  28.927   23.578   13.438
  28.665   22.765   12.398
  38.740   32.937   11.143
  39.298   32.028   11.971
  39.202   32.136   13.378
  39.782   31.194   14.236
  40.478   30.109   13.717
  38.181   33.846   10.316
  38.277   33.738    8.909
  39.797   29.480   14.465
  41.318   30.442   14.495
  41.066   29.195   13.294
  37.438   33.405    8.131
  38.958   34.367    8.161
  37.859   34.397    8.936
  21.124   34.903   11.109
  20.180   35.853   11.282
  20.513   37.213   11.485
  19.534   38.197   11.665
  18.187   37.857   11.646
  22.068   33.954   10.936
  21.735   32.593   10.732
  18.102   38.765   10.879
  18.148   38.487   12.657
  17.053   37.585   11.633
  21.774   31.963    9.722
  21.820   31.686   11.499
  22.512   32.518   10.700
  40.286   31.371    4.872
  39.910   31.598    3.595
  39.675   30.541    2.684
  39.286   30.776    1.360
  39.117   32.077    0.900
  40.661   31.144    6.149
  40.896   32.201    7.060
  38.075   31.661    0.498
  39.803   31.708   -0.002
  38.972   33.163    0.501
  40.210   32.569    7.962
  41.938   32.617    7.462
  41.052   31.608    7.544
  25.919   29.652    5.695
  25.064   30.287    4.865
  24.237   29.582    3.959
  23.350   30.240    3.098
  23.259   31.626    3.112
  26.774   29.018    6.525
  27.602   29.723    7.431
  22.088   31.419    3.184
  23.377   31.516    1.931
  23.173   32.789    3.114
  27.485   29.833    8.611
  28.773   29.930    7.358
  27.835   29.000    7.614
  16.219   10.644    2.692
  15.594   10.392    3.862
  14.222   10.051    3.921
  13.573    9.790    5.134
  14.274    9.862    6.332
  16.844   10.895    1.523
  18.216   11.237    1.464
  13.783    8.795    6.532
  13.356   10.537    6.679
  14.850    9.918    7.344
  19.135   10.561    1.117
  18.708   12.303    1.263
  18.067   11.264    0.698
  43.983   18.128   30.215
  42.896   18.322   29.438
  43.001   18.564   28.048
  41.874   18.765   27.242
  40.602   18.733   27.798
  45.069   17.933   30.992
  44.964   17.692   32.382
  40.368   17.990   26.896
  40.460   19.760   27.211
  39.527   18.709   28.252
  45.105   16.665   32.970
  45.198   18.435   33.284
  45.742   17.661   32.328
  46.253   17.917    2.315
  47.078   17.208    3.115
  48.041   16.312    2.594
  48.897   15.578    3.424
  48.820   15.713    4.804
  45.428   18.625    1.515
  44.464   19.521    2.036
  50.000   15.856    4.726
  48.794   14.522    4.789
  48.766   15.817    5.964
  44.491   20.712    2.052
  43.284   19.378    2.115
  44.308   19.626    1.279
  21.084   36.953   40.120
  22.374   36.665   40.395
  23.445   37.295   39.717
  24.782   36.997   40.003
  25.097   36.058   40.977
  19.794   37.240   39.844
  18.724   36.610   40.522
  25.830   36.909   41.376
  25.806   35.609   40.131
  25.376   35.272   41.792
  18.015   37.058   41.369
  17.992   35.759   40.124
  18.298   37.067   40.053
  29.515   34.889    2.377
  28.394   34.475    3.005
  27.489   35.385    3.601
  26.326   34.956    4.252
  26.027   33.601    4.330
  30.636   35.303    1.749
  31.541   34.393    1.152
  24.957   33.948    3.937
  25.866   33.837    5.487
  25.764   32.467    4.403
  31.702   34.158   -0.004
  32.611   34.047    1.545
  31.922   35.052    0.976
  31.658   28.479   37.689
  32.540   28.399   38.708
  32.569   27.293   39.590
  33.483   27.210   40.646
  34.402   28.230   40.859
  30.776   28.559   36.670
  30.748   29.665   35.788
  35.189   27.336   40.902
  34.015   28.168   41.984
  35.179   29.079   41.048
  31.135   29.727   34.662
  29.961   30.559   35.744
  30.164   29.258   35.466
  10.316   18.940   37.868
  10.694   19.676   38.934
  11.088   21.029   38.810
  11.480   21.792   39.916
  11.491   21.230   41.187
   9.939   18.203   36.801
   9.544   16.850   36.925
  10.882   22.210   41.484
  12.588   21.690   41.240
  11.504   20.770   42.258
   8.446   16.390   36.872
  10.152   15.870   36.627
   9.453   16.916   36.152
  31.374   13.062   22.461
  31.668   12.058   23.315
  31.032   11.933   24.573
  31.337   10.892   25.458
  32.289    9.939   25.117
  31.080   14.066   21.608
  31.716   14.191   20.350
  31.445    9.166   25.448
  32.729   10.180   26.198
  33.086    9.133   24.843
  31.276   13.950   19.269
  32.561   14.964   20.019
  31.252   14.817   20.297
  26.820   45.978   16.199
  27.968   45.513   16.737
  29.231   46.045   16.385
  30.421   45.563   16.943
  30.390   44.532   17.873
  25.673   46.442   15.661
  24.410   45.910   16.013
  31.093   45.257   18.506
  31.229   44.052   17.176
  30.379   43.667   18.656
  23.571   46.390   16.710
  23.707   45.185   15.380
  24.160   46.446   15.502
  31.795   39.654    7.758
  30.924   38.943    7.011
  29.679   39.474    6.600
  28.776   38.736    5.825
  29.087   37.440    5.433
  32.665   40.366    8.505
  33.910   39.835    8.916
  28.766   37.828    4.353
  28.000   37.191    5.852
  29.335   36.351    5.097
  34.998   40.083    8.497
  34.231   39.446    9.996
  33.980   40.537    9.250
  42.097   19.263   12.824
  43.395   18.899   12.900
  43.786   17.574   13.208
  45.131   17.196   13.287
  46.135   18.130   13.060
  40.800   19.627   12.748
  40.409   20.952   12.440
  46.567   17.295   12.329
  46.580   17.706   14.081
  46.987   18.904   12.873
  39.963   21.375   11.419
  39.976   21.787   13.172
  39.694   20.646   12.517
  44.595   14.977   19.790
  45.847   15.464   19.652
  46.932   14.642   19.264
  48.230   15.147   19.121
  48.489   16.491   19.360
  43.343   14.491   19.928
  42.258   15.313   20.316
  49.040   16.438   18.304
  49.376   16.066   20.033
  48.721   17.616   19.557
  41.371   15.737   19.642
  41.707   15.365   21.371
  41.864   14.642   20.248
  38.346   46.707   23.429
  39.118   45.607   23.305
  38.568   44.329   23.048
  39.369   43.188   22.919
  40.749   43.285   23.043
  37.573   47.807   23.553
  38.124   49.085   23.810
  40.754   42.666   22.025
  40.615   42.370   23.795
  41.909   43.351   23.145
  38.258   50.001   23.059
  38.119   49.704   24.829
  37.372   49.297   23.787
  19.531   21.322   20.556
  18.841   21.535   21.697
  18.197   22.767   21.965
  17.481   22.988   23.147
  17.383   21.985   24.104
  20.222   21.109   19.416
  20.866   19.878   19.148
  16.220   22.239   24.063
  17.717   22.849   24.855
  17.294   21.153   24.916
  20.532   19.014   18.397
  22.029   19.625   19.190
  21.064   20.247   18.489
  31.327   46.443   14.836
  32.269   45.608   15.324
  33.623   45.998   15.453
  34.600   45.133   15.959
  34.258   43.845   16.354
  30.385   47.278   14.348
  29.031   46.887   14.219
  34.857   44.129   17.344
  35.188   43.531   15.679
  33.984   42.762   16.689
  28.100   47.202   14.894
  28.432   46.603   13.229
  28.958   47.614   13.943
  19.939    5.755   26.888
  18.711    6.269   27.116
  18.516    7.422   27.913
  17.243    7.955   28.149
  16.120    7.354   27.595
  21.166    5.241   26.661
  21.361    4.088   25.864
  15.859    8.463   27.246
  15.695    7.424   28.707
  15.168    6.859   27.137
  21.785    4.018   24.753
  21.621    2.980   26.214
  22.109    4.221   26.042
  47.139    6.823   36.691
  46.524    7.715   37.497
  45.131    7.954   37.426
  44.493    8.879   38.261
  45.226    9.598   39.197
  47.754    5.932   35.886
  49.147    5.693   35.956
  44.372    9.240   39.948
  44.656   10.535   38.730
  45.828   10.209   39.987
  49.717    4.756   36.423
  50.000    6.051   35.206
  48.982    5.190   35.383
   5.186   38.034   32.111
   5.529   39.329   32.277
   6.753   39.709   32.878
   7.109   41.052   33.051
   6.255   42.062   32.628
   4.842   36.739   31.944
   3.619   36.359   31.343
   7.235   42.495   32.106
   6.440   42.498   33.722
   5.547   42.920   32.278
   3.433   35.923   30.250
   2.639   35.926   31.865
   3.896   35.642   31.481
  20.748   19.766   12.329
  20.093   18.587   12.253
  18.684   18.518   12.145
  18.005   17.296   12.066
  18.712   16.100   12.094
  21.402   20.944   12.404
  22.812   21.014   12.512
  18.053   15.840   11.135
  17.917   15.800   12.930
  19.292   15.089   12.116
  23.606   21.313   11.676
  23.470   21.274   13.471
  22.667   21.781   12.518
  32.456    5.043   32.103
  33.035    5.439   30.949
  33.074    6.798   30.558
  33.674    7.209   29.362
  34.257    6.275   28.514
  31.877    4.647   33.256
  31.839    3.287   33.648
  35.182    7.027   28.534
  33.612    6.825   27.677
  34.751    5.502   27.794
  32.484    2.738   34.485
  30.915    2.535   33.628
  31.464    3.586   34.264
   6.018   15.588   11.193
   6.511   14.346   11.388
   5.684   13.263   11.769
   6.195   11.975   11.972
   7.551   11.725   11.801
   5.526   16.830   10.997
   6.353   17.913   10.616
   7.166   10.815   11.135
   7.456   11.203   12.868
   8.687   11.501   11.662
   6.448   18.435    9.549
   6.737   18.823   11.283
   5.675   18.301   10.643
  36.175   11.999   36.491
  36.477   13.181   35.913
  37.794   13.700   35.913
  38.108   14.926   35.314
  37.116   15.676   34.693
  35.872   10.817   37.069
  34.556   10.297   37.069
  37.896   15.722   33.793
  37.562   16.567   35.347
  36.294   16.315   34.169
  34.110    9.406   36.415
  33.776   10.252   37.969
  34.900    9.715   37.459
  10.401   43.075    4.596
  11.071   44.238    4.451
  11.149   45.194    5.491
  11.843   46.400    5.341
  12.485   46.694    4.144
   9.732   41.912    4.741
   9.654   40.957    3.700
  13.410   46.946    4.852
  11.910   47.733    4.242
  13.028   46.953    3.145
  10.228   39.917    3.602
   8.729   40.704    2.992
   9.233   40.568    4.232
  25.097   32.368   25.456
  25.554   31.114   25.255
  26.248   30.398   26.259
  26.721   29.097   26.050
  26.517   28.465   24.829
  24.641   33.623   25.658
  23.947   34.339   24.654
  26.123   27.568   25.507
  27.683   28.232   24.902
  26.353   27.924   23.809
  22.781   34.572   24.581
  24.341   35.237   23.976
  23.928   34.888   25.208
   9.005    2.623   31.793
  10.067    2.147   31.109
  10.950    3.001   30.406
  12.052    2.507   29.696
  12.310    1.143   29.665
   7.943    3.099   32.477
   7.060    2.246   33.180
  13.414    1.476   29.964
  12.394    1.318   28.489
  12.538   -0.000   29.630
   6.976    2.071   34.355
   5.956    1.912   32.881
   6.710    2.923   33.349
  45.266   32.337   11.645
  46.555   32.281   11.247
  47.089   33.187   10.301
  48.426   33.129    9.889
  49.276   32.161   10.408
  43.977   32.394   12.042
  43.444   31.487   12.989
  50.003   33.087   10.595
  49.543   31.967    9.263
  50.001   31.354   10.836
  43.177   31.682   14.134
  42.717   30.562   12.802
  42.795   31.903   12.863
  39.792   15.765   22.696
  39.566   14.446   22.516
  40.533   13.592   21.934
  40.299   12.224   21.747
  39.089   11.662   22.135
  40.018   17.083   22.877
  39.052   17.937   23.458
  39.784   10.856   22.670
  39.103   11.195   21.039
  38.078   11.177   22.457
  39.037   18.404   24.555
  38.356   18.744   22.924
  39.607   18.473   23.338
  39.136   41.092   10.617
  38.644   41.039    9.361
  39.445   41.321    8.229
  38.935   41.266    6.926
  37.605   40.929    6.709
  39.628   41.144   11.873
  38.826   40.863   13.005
  38.063   40.166    5.916
  37.605   41.904    6.024
  36.491   40.647    6.512
  38.826   39.888   13.690
  38.368   41.625   13.797
  39.493   41.015   13.382
  31.316   43.614   36.552
  32.318   42.784   36.911
  32.077   41.451   37.322
  33.116   40.590   37.694
  34.433   41.031   37.670
  30.314   44.445   36.192
  30.556   45.777   35.782
  34.623   40.022   37.064
  34.470   40.575   38.770
  35.543   41.388   37.654
  30.519   46.233   34.681
  30.366   46.786   36.387
  29.778   45.783   35.710
  39.584   37.485   20.179
  40.526   38.407   20.471
  40.188   39.727   20.855
  41.165   40.683   21.159
  42.512   40.354   21.090
  38.643   36.562   19.886
  38.980   35.242   19.502
  42.554   40.845   22.175
  42.591   41.356   20.449
  43.647   40.092   21.036
  38.902   34.241   20.143
  38.938   34.752   18.417
  38.204   35.169   19.464
   3.268   47.304   26.914
   2.601   46.514   26.046
   3.267   45.777   25.038
   2.575   44.958   24.138
   1.192   44.847   24.213
   3.935   48.093   27.782
   3.269   48.830   28.790
   1.414   43.677   24.173
   1.241   45.067   23.043
   0.032   44.745   24.265
   3.221   48.611   29.960
   3.047   50.000   28.829
   3.998   49.057   28.957
   6.193   45.946    7.124
   5.187   46.173    6.254
   3.899   45.615    6.433
   2.856   45.851    5.530
   3.063   46.654    4.415
   7.199   45.718    7.995
   8.487   46.276    7.816
   2.065   47.194    4.780
   2.559   45.747    3.829
   3.223   47.326    3.476
   8.991   47.183    8.402
   9.485   45.737    7.452
   8.631   45.889    8.479
   0.453   20.528   33.978
   0.913   21.718   34.420
   0.164   22.529   35.304
   0.641   23.763   35.763
   1.883   24.230   35.353
  -0.006   19.338   33.536
   0.743   18.526   32.651
   2.055   24.412   36.518
   1.284   25.231   35.113
   2.925   24.633   35.016
   1.342   17.525   32.891
   0.571   18.344   31.486
   0.120   18.060   32.721
  15.033    8.115   19.403
  15.214    6.789   19.580
  16.482    6.179   19.432
  16.670    4.804   19.617
  15.596    3.990   19.956
  14.852    9.441   19.225
  13.583   10.051   19.373
  16.332    3.594   20.805
  15.993    3.313   19.059
  14.703    3.295   20.241
  13.186   10.728   20.270
  12.847   10.448   18.524
  13.989   10.693   19.191
  21.065   17.506   42.044
  22.332   17.507   41.577
  22.949   16.333   41.083
  24.263   16.334   40.598
  25.006   17.508   40.591
  19.799   17.505   42.511
  19.181   18.679   43.005
  25.228   17.207   39.459
  25.837   16.832   41.111
  25.640   18.487   40.579
  18.349   19.355   42.485
  18.958   18.980   44.137
  18.582   18.189   43.115
  34.969   20.466   12.942
  34.352   19.910   11.878
  33.087   20.355   11.427
  32.447   19.779   10.323
  33.050   18.737    9.631
  35.586   21.022   14.007
  36.851   20.577   14.457
  32.794   19.398    8.673
  31.989   18.210    9.760
  33.545   17.861    9.040
  37.912   21.104   14.328
  37.107   19.916   15.415
  36.741   21.138   14.989
  45.033   14.808   12.547
  43.767   14.500   12.901
  42.830   15.493   13.273
  41.517   15.174   13.640
  41.095   13.850   13.649
  46.299   15.116   12.193
  47.236   14.123   11.821
  40.176   14.276   13.021
  40.694   14.121   14.738
  40.727   12.744   13.660
  47.638   13.852   10.732
  48.155   13.698   12.449
  47.701   14.745   11.737
  12.877   36.186   33.209
  13.605   35.278   33.894
  13.181   34.765   35.143
  13.936   33.824   35.853
  15.141   33.361   35.340
  12.150   37.093   32.524
  12.573   37.606   31.275
  14.684   32.288   35.585
  15.554   33.621   36.427
  16.154   32.964   34.920
  12.160   37.346   30.187
  13.030   38.678   31.029
  11.905   38.006   31.332
  17.689    6.879   12.453
  18.858    6.212   12.362
  20.094    6.882   12.196
  21.307    6.190   12.102
  21.328    4.803   12.171
  16.519    7.547   12.544
  15.284    6.876   12.710
  22.188    4.986   12.976
  21.997    4.894   11.189
  21.361    3.639   12.227
  14.615    6.785   13.692
  14.424    6.693   11.905
  15.007    7.607   12.702
  27.657    8.441   27.613
  28.134    9.487   28.323
  27.339   10.621   28.612
  27.833   11.705   29.347
  29.139   11.693   29.820
  27.181    7.396   26.904
  27.975    6.262   26.615
  28.631   11.999   30.853
  29.189   12.778   29.330
  30.234   11.696   30.223
  27.926    5.176   27.105
  28.484    5.956   25.581
  27.322    6.028   26.256
   7.731   45.018   40.304
   6.497   45.564   40.339
   5.403   44.988   39.651
   4.123   45.555   39.687
   3.892   46.716   40.413
   8.966   44.472   40.268
  10.060   45.047   40.957
   2.975   46.100   40.860
   3.370   47.086   39.408
   3.684   47.691   41.019
  10.582   44.677   41.962
  10.977   45.664   40.510
  10.438   44.438   40.646
  37.714    7.373   21.513
  36.701    8.250   21.347
  35.365    7.826   21.156
  34.314    8.735   20.984
  34.563   10.102   20.997
  38.727    6.497   21.678
  40.063    6.921   21.869
  33.658   10.127   21.773
  33.922   10.096   19.992
  34.757   11.252   21.006
  40.704    6.927   22.874
  40.968    6.896   21.094
  40.191    6.152   21.901
  45.567   33.925   39.518
  44.334   33.952   38.968
  43.187   33.524   39.677
  41.909   33.552   39.106
  41.733   34.009   37.806
  46.799   33.898   40.069
  47.947   34.325   39.360
  40.872   34.673   38.294
  41.112   33.000   37.674
  41.571   34.390   36.716
  48.568   35.334   39.491
  48.808   33.661   38.871
  48.302   34.129   40.027
  25.829   17.011   25.544
  25.647   17.227   26.864
  26.733   17.314   27.767
  26.544   17.538   29.136
  25.262   17.682   29.651
  26.011   16.795   24.224
  24.925   16.707   23.321
  25.720   18.653   30.169
  25.632   16.877   30.448
  24.192   17.805   30.097
  24.555   17.513   22.525
  24.467   15.737   22.803
  25.500   16.598   22.805
  24.556   17.840    4.170
  25.900   17.750    4.088
  26.544   16.635    3.502
  27.938   16.542    3.417
  28.739   17.562    3.916
  23.211   17.929    4.251
  22.568   19.045    4.838
  29.272   17.487    2.853
  29.315   16.669    4.456
  29.423   18.410    4.331
  21.992   19.938    4.299
  22.035   19.119    5.901
  21.927   18.640    4.649
  47.876   20.204   37.333
  48.194   19.838   38.593
  49.058   18.749   38.862
  49.388   18.369   40.168
  48.866   19.064   41.252
  47.558   20.570   36.073
  46.695   21.659   35.804
  50.001   19.089   41.616
  48.587   17.976   41.650
  48.436   19.639   42.171
  46.974   22.747   35.407
  45.560   21.634   35.441
  46.839   21.453   35.065
  29.721   42.379   35.048
  29.413   41.968   36.297
  28.237   41.233   36.575
  27.917   40.806   37.870
  28.763   41.100   38.932
  30.029   42.790   33.800
  31.205   43.526   33.521
  28.654   39.938   39.171
  27.760   41.475   39.457
  29.464   41.340   39.833
  32.208   43.152   32.996
  31.315   44.688   33.282
  30.923   43.497   32.793
  25.665   11.690   19.174
  25.332   12.860   18.586
  26.278   13.893   18.384
  25.933   15.105   17.774
  24.630   15.328   17.346
  25.997   10.521   19.761
  25.052    9.488   19.964
  25.158   15.661   16.332
  24.748   16.353   17.942
  23.540   15.527   16.982
  24.934    8.463   19.369
  24.523    9.155   20.979
  25.671    9.129   20.277
  42.224   29.847   42.591
  42.835   29.438   41.458
  44.129   29.885   41.100
  44.761   29.462   39.926
  44.123   28.576   39.067
  41.614   30.255   43.724
  40.320   29.809   44.082
  45.154   27.982   39.122
  44.429   29.368   38.231
  43.598   27.833   38.337
  40.014   29.016   44.918
  39.289   30.402   44.027
  40.447   30.271   44.699
  33.906   47.374   35.598
  34.018   46.036   35.456
  33.813   45.394   34.212
  33.930   44.007   34.066
  34.256   43.212   35.158
  33.793   48.712   35.740
  33.998   49.354   36.984
  35.068   42.753   34.416
  33.320   42.566   34.802
  34.529   42.533   36.066
  34.934   50.001   37.340
  33.186   49.813   37.725
  33.837   49.991   36.561
  49.331   18.373   29.056
  48.721   19.563   28.873
  49.316   20.781   29.279
  48.683   22.015   29.088
  47.433   22.075   28.485
  49.941   17.182   29.239
  49.346   15.964   28.833
  47.943   22.913   27.809
  47.158   22.759   29.422
  46.383   22.140   27.981
  49.621   15.280   27.897
  48.836   15.126   29.510
  50.007   15.667   29.127
  21.005   18.931   25.861
  21.333   20.239   25.793
  22.678   20.673   25.725
  23.017   22.029   25.655
  22.023   23.000   25.650
  20.678   17.623   25.928
  19.333   17.189   25.996
  22.620   23.421   24.709
  22.686   23.498   26.506
  21.199   23.825   25.646
  18.670   16.691   25.140
  18.736   16.767   26.937
  19.672   16.485   26.013
   5.918    9.843   38.673
   6.174   11.152   38.463
   5.144   12.122   38.436
   5.409   13.480   38.219
   6.714   13.915   38.020
   5.662    8.534   38.883
   6.692    7.564   38.910
   6.433   14.722   38.851
   6.246   14.474   37.078
   7.804   14.294   37.852
   7.160    7.005   39.852
   6.973    6.757   38.079
   6.090    7.083   39.040
  17.676    4.486   13.044
  17.029    4.875   14.163
  16.685    6.227   14.399
  16.014    6.630   15.560
  15.661    5.695   16.525
  18.324    4.098   11.925
  18.667    2.746   11.689
  14.590    6.213   16.449
  16.169    6.470   17.274
  15.359    4.921   17.343
  18.159    1.971   10.939
  19.738    2.227   11.764
  18.962    3.046   11.031
  12.782   20.506   28.903
  12.092   21.042   29.933
  10.698   21.276   29.861
   9.984   21.831   30.929
  10.637   22.173   32.107
  13.471   19.971   27.873
  14.865   19.737   27.945
   9.754   21.560   32.621
  10.064   23.209   31.971
  11.173   22.464   33.101
  15.437   18.700   28.081
  15.747   20.350   27.430
  14.750   19.472   27.219
  27.337   21.729    4.246
  27.208   22.496    3.142
  27.430   21.982    1.842
  27.296   22.778    0.698
  26.936   24.114    0.813
  27.466   20.962    5.349
  27.244   21.475    6.649
  26.132   23.835   -0.022
  27.869   24.293    0.094
  26.634   25.238    0.895
  26.310   21.296    7.368
  28.047   21.755    7.484
  27.423   20.743    6.854
  32.472   34.782   14.353
  33.656   34.402   13.827
  33.884   33.083   13.369
  35.112   32.689   12.823
  36.155   33.601   12.716
  31.288   35.161   14.879
  31.059   36.480   15.338
  36.213   33.205   11.593
  36.791   32.736   13.232
  37.038   34.356   12.620
  30.423   37.345   14.821
  31.001   36.876   16.460
  30.354   36.187   15.502
  42.070   25.183   20.053
  43.042   24.525   19.386
  42.750   23.499   18.455
  43.758   22.817   17.763
  45.093   23.137   17.976
  41.099   25.840   20.721
  41.390   26.866   21.652
  45.138   23.180   16.786
  45.219   21.959   18.106
  46.218   23.394   18.145
  41.264   28.044   21.521
  41.345   26.823   22.842
  40.612   26.883   21.715
   0.303   30.293   17.449
   0.502   29.727   18.659
   0.007   30.309   19.850
   0.213   29.722   21.104
   0.922   28.533   21.212
   0.105   30.859   16.240
   0.600   30.277   15.049
  -0.007   28.190   21.874
   1.524   29.119   22.057
   1.515   27.534   21.317
  -0.001   29.690   14.204
   1.530   30.619   14.386
   0.259   30.902   14.727
   2.677   22.146   24.963
   2.114   23.081   25.758
   0.761   23.001   26.166
   0.176   23.970   26.990
   0.924   25.053   27.436
   3.241   21.212   24.168
   4.594   21.291   23.761
   0.487   24.750   28.502
  -0.007   25.688   27.048
   1.539   25.967   27.817
   5.524   20.656   24.148
   5.031   21.595   22.694
   4.411   20.627   23.393
   5.402   41.958   46.344
   5.295   40.889   47.161
   4.054   40.481   47.705
   3.944   39.372   48.553
   5.071   38.632   48.887
   5.508   43.028   45.527
   6.749   43.436   44.983
   4.393   37.703   48.574
   4.669   38.765   50.000
   6.009   38.001   49.175
   7.151   43.302   43.869
   7.427   44.365   45.296
   6.304   43.989   44.657
   3.701   23.679    5.673
   3.613   23.988    6.984
   2.812   25.058    7.449
   2.720   25.379    8.809
   3.426   24.642    9.751
   3.790   23.369    4.362
   4.591   22.299    3.896
   2.374   24.593   10.310
   3.772   25.715   10.139
   4.013   24.032   10.553
   4.245   21.227    3.508
   5.643   22.348    3.338
   4.317   22.536    3.204
  32.024   32.164   17.648
  31.103   32.610   16.768
  29.742   32.233   16.850
  28.787   32.696   15.937
  29.159   33.553   14.909
  32.945   31.717   18.528
  34.307   32.095   18.446
  28.232   34.199   15.287
  28.560   32.783   14.225
  29.458   34.273   14.041
  34.906   32.865   19.130
  35.234   31.449   18.068
  34.362   31.636   19.075
  32.704   45.080    5.537
  33.015   43.766    5.544
  34.356   43.313    5.548
  34.678   41.950    5.555
  33.671   40.993    5.557
  32.394   46.394    5.531
  31.053   46.847    5.527
  34.295   40.528    6.461
  34.298   40.520    4.661
  32.836   40.179    5.560
  30.427   47.320    6.424
  30.430   47.312    4.624
  31.402   47.546    5.524
   2.473    8.402   43.203
   1.949    7.898   42.065
   2.052    8.576   40.827
   1.509    8.054   39.647
   0.843    6.835   39.663
   2.997    8.906   44.340
   2.893    8.228   45.578
   1.550    6.584   38.737
  -0.000    7.435   39.074
   0.282    5.812   39.662
   3.737    7.628   46.168
   2.187    8.478   46.504
   3.291    8.851   45.831
  10.317   12.062   25.131
   9.203   11.662   25.780
   9.223   10.609   26.725
   8.067   10.195   27.398
   6.851   10.819   27.151
  11.432   12.461   24.482
  11.412   13.515   23.537
   6.792   10.887   28.339
   6.452    9.703   27.026
   5.824   11.334   26.953
  11.812   14.630   23.661
  11.471   13.447   22.349
  12.173   13.346   23.492
  44.996   26.096    3.861
  45.433   24.828    4.016
  45.845   24.038    2.917
  46.299   22.723    3.078
  46.357   22.152    4.343
  44.558   27.364    3.707
  44.147   28.155    4.805
  47.463   21.855    4.016
  45.780   21.250    3.820
  46.411   21.661    5.399
  44.724   29.057    5.328
  43.040   28.452    5.133
  44.022   28.682    4.243
  15.155   45.518   12.622
  15.572   46.095   11.475
  15.063   47.339   11.032
  15.494   47.936    9.842
  16.451   47.312    9.052
  14.739   44.942   13.770
  15.248   43.698   14.212
  16.979   48.380    9.074
  15.676   47.526    8.172
  17.253   46.798    8.379
  16.023   43.484   15.092
  14.720   42.630   14.190
  14.755   43.827   14.803
  21.813   27.245   27.005
  22.615   26.733   26.048
  23.522   27.538   25.319
  24.354   27.007   24.326
  24.307   25.651   24.026
  21.011   27.758   27.963
  20.104   26.952   28.692
  25.492   25.719   24.136
  24.220   26.036   22.902
  24.279   24.515   23.764
  20.191   26.568   29.816
  18.919   26.884   28.582
  19.940   27.634   29.035
  12.775   41.762   45.940
  11.434   41.784   46.094
  10.828   42.043   47.347
   9.437   42.065   47.507
   8.603   41.830   46.422
  14.116   41.741   45.785
  14.722   41.482   44.532
   8.058   42.823   46.791
   8.072   41.062   47.162
   7.892   41.634   45.519
  15.253   42.250   43.792
  15.267   40.489   44.163
  15.376   41.575   44.949
  31.367   22.277   41.295
  30.240   21.575   41.051
  29.129   22.146   40.387
  27.960   21.418   40.134
  27.861   20.092   40.536
  32.493   22.980   41.539
  33.604   22.408   42.203
  27.495   19.915   39.416
  26.822   20.445   40.999
  27.765   18.978   40.868
  34.644   22.055   41.740
  33.971   22.585   43.323
  33.903   23.121   42.091
  33.034   41.313   21.921
  32.180   42.353   21.810
  32.622   43.654   21.473
  31.737   44.732   21.359
  30.377   44.548   21.577
  33.888   40.273   22.032
  33.445   38.972   22.368
  30.265   45.124   20.540
  30.495   45.498   22.286
  29.234   44.407   21.757
  33.328   38.021   21.660
  33.557   38.395   23.405
  34.207   38.811   22.303
   7.542    2.968   44.607
   8.497    3.654   43.944
   8.396    5.046   43.711
   9.386    5.758   43.023
  10.513    5.102   42.543
   6.587    2.283   45.271
   6.688    0.891   45.503
  11.099    5.988   43.082
  10.250    5.668   41.528
  11.464    4.564   42.135
   6.951    0.325   46.518
   6.102    0.004   44.964
   6.000    1.007   45.855
  43.853   26.274   18.327
  42.718   26.373   17.602
  41.841   25.276   17.430
  40.664   25.378   16.678
  40.323   26.581   16.072
  44.988   26.176   19.052
  45.865   27.273   19.224
  39.265   26.389   16.585
  40.167   25.900   15.106
  40.025   27.584   15.558
  46.021   27.953   20.190
  46.923   27.464   18.711
  46.266   26.749   19.642
  11.965   31.689   34.338
  13.232   31.240   34.210
  14.207   31.946   33.465
  15.520   31.481   33.333
  15.907   30.294   33.941
  10.698   32.137   34.465
   9.724   31.431   35.210
  16.818   30.948   34.343
  16.347   30.037   32.864
  16.245   29.299   34.447
   9.284   31.688   36.287
   8.813   30.776   34.808
   9.274   32.028   34.986
  30.752   11.132   27.884
  31.409   12.181   28.422
  32.292   12.031   29.518
  32.974   13.119   30.076
  32.797   14.396   29.558
  30.094   10.083   27.345
  29.211   10.233   26.250
  33.989   14.420   29.560
  32.622   14.693   30.699
  32.658   15.473   29.134
  29.387    9.936   25.109
  28.020   10.209   26.248
  29.135    9.462   26.342
  25.392   30.193   14.781
  24.679   29.216   15.381
  23.929   29.451   16.558
  23.189   28.438   17.181
  23.174   27.154   16.649
  26.104   31.170   14.181
  26.855   30.936   13.004
  21.993   27.260   16.767
  23.426   26.828   17.767
  23.153   26.073   16.213
  26.602   31.262   11.886
  28.036   30.831   12.886
  27.024   31.694   13.088
  23.490   22.785   18.896
  24.215   22.302   17.865
  24.278   20.918   17.576
  25.030   20.417   16.507
  25.747   21.281   15.690
  22.764   23.269   19.927
  22.702   24.653   20.216
  25.213   20.683   14.808
  26.642   20.521   15.891
  26.354   21.996   14.996
  21.807   25.413   20.015
  23.236   25.251   21.097
  22.237   24.403   20.792
  30.805   22.584   22.977
  29.937   22.960   23.939
  29.708   24.321   24.253
  28.807   24.710   25.251
  28.103   23.754   25.972
  31.674   22.208   22.014
  31.903   20.847   21.700
  27.160   24.430   25.698
  28.485   24.372   26.916
  27.506   22.961   26.584
  31.521   20.229   20.756
  32.845   20.171   21.973
  32.395   21.160   21.180
  47.589   14.795   14.277
  46.337   14.384   14.571
  45.940   13.033   14.436
  44.642   12.607   14.741
  43.694   13.518   15.191
  48.841   15.205   13.983
  49.238   16.557   14.118
  43.513   12.709   16.047
  43.011   13.025   14.348
  42.889   14.271   15.569
  49.922   17.049   14.961
  49.419   17.366   13.261
  49.919   16.271   13.863
  23.234    6.169    9.891
  24.336    5.448    9.595
  24.267    4.234    8.870
  25.410    3.486    8.564
  26.663    3.925    8.972
  22.132    6.890   10.186
  22.201    8.103   10.911
  26.961    3.721    7.836
  26.778    2.810    9.378
  27.722    4.282    9.308
  22.087    9.218   10.506
  21.904    8.307   12.047
  21.427    8.085   10.809
  32.564   32.506   48.951
  31.608   33.444   48.780
  31.901   34.828   48.810
  30.909   35.800   48.633
  29.590   35.423   48.419
  33.521   31.569   49.122
  33.228   30.185   49.091
  29.655   36.188   47.507
  29.361   36.211   49.283
  28.478   35.120   48.238
  33.457   29.397   48.227
  33.162   29.420   50.003
  33.996   30.128   49.219
  40.550   11.719    9.906
  40.399   11.146   11.119
  39.499   11.659   12.084
  39.342   11.064   13.342
  40.079    9.936   13.680
  40.701   12.292    8.693
  41.600   11.779    7.729
  39.020    9.503   14.011
  40.325   10.553   14.670
  40.691    8.989   13.977
  41.355   11.162    6.739
  42.660   12.212    7.398
  41.328   12.380    7.311
  24.465   40.277   19.158
  23.625   40.711   20.122
  22.454   41.447   19.821
  21.583   41.897   20.820
  21.852   41.627   22.156
  25.305   39.843   18.194
  26.475   39.107   18.495
  20.718   41.259   22.175
  21.652   42.793   22.297
  22.065   41.408   23.281
  26.675   37.941   18.354
  27.608   39.476   18.476
  26.555   39.121   17.718
  26.213   47.972    0.895
  27.558   48.085    0.886
  28.205   49.344    0.886
  29.600   49.461    0.877
  30.398   48.324    0.868
  24.868   47.859    0.903
  24.221   46.600    0.904
  30.960   48.870    1.766
  30.948   48.875   -0.034
  31.080   47.378    0.861
  23.671   46.049    1.806
  23.659   46.055    0.006
  23.581   47.048    0.910
  27.710   28.076   14.039
  26.677   28.826   13.598
  25.472   28.245   13.136
  24.401   29.022   12.679
  24.497   30.408   12.667
  28.742   27.327   14.480
  29.947   27.907   14.943
  23.440   30.356   13.216
  24.110   30.296   11.546
  24.564   31.572   12.653
  30.334   28.020   16.064
  31.004   27.960   14.394
  30.143   27.159   15.048
  14.249   11.394   32.622
  15.315   10.569   32.700
  15.174    9.182   32.942
  16.279    8.327   33.023
  17.565    8.828   32.866
  13.183   12.219   32.543
  13.325   13.606   32.302
  17.683    7.925   32.097
  17.783    8.223   33.869
  18.650    9.235   32.736
  13.106   14.210   31.298
  13.207   14.509   33.070
  12.545   13.586   32.349
  17.335   20.066   11.102
  18.594   20.095   10.614
  18.905   19.626    9.316
  20.210   19.656    8.809
  21.250   20.156    9.582
  16.077   20.038   11.591
  15.766   20.507   12.889
  21.499   20.790    8.605
  21.796   19.144    9.270
  22.132   20.573   10.221
  15.220   21.519   13.201
  15.516   19.873   13.867
  15.045   20.292   12.679
  17.859   47.974   31.075
  19.012   47.956   30.373
  19.707   49.143   30.041
  20.903   49.124   29.313
  21.446   47.917   28.890
  16.706   47.992   31.777
  16.011   46.805   32.108
  22.447   48.349   29.370
  21.514   48.467   27.835
  21.912   46.912   28.529
  15.942   46.256   33.163
  15.009   46.373   31.628
  15.521   47.312   32.445
  27.179   35.073   23.368
  27.590   33.818   23.087
  27.625   33.319   21.763
  28.051   32.017   21.472
  28.457   31.168   22.494
  26.768   36.328   23.649
  26.733   36.827   24.973
  29.404   30.990   21.793
  27.714   30.397   21.972
  28.800   30.446   23.342
  27.475   37.598   25.495
  25.785   37.005   25.673
  26.470   37.467   24.611
  19.434   15.807   44.877
  19.778   15.959   46.174
  18.966   16.674   47.086
  19.322   16.833   48.431
  20.503   16.282   48.911
  19.090   15.654   43.581
  19.903   14.939   42.669
  19.801   15.853   49.773
  20.676   17.371   49.362
  21.492   15.825   49.328
  19.730   13.850   42.218
  20.605   15.368   41.807
  19.332   15.134   42.172
  17.194   44.048   41.245
  17.598   42.800   41.560
  16.749   41.881   42.222
  17.168   40.586   42.549
  18.452   40.163   42.226
  16.790   45.297   40.930
  17.639   46.216   40.269
  17.886   39.217   41.773
  18.482   39.811   43.364
  19.526   39.795   41.960
  17.609   46.567   39.130
  18.205   47.162   40.721
  17.012   46.677   40.331
  34.210   38.160   31.001
  35.242   37.326   31.249
  35.727   37.101   32.559
  36.797   36.236   32.816
  37.422   35.566   31.771
  33.177   38.994   30.753
  32.693   39.219   29.443
  37.267   34.609   32.465
  38.419   35.979   32.274
  37.954   34.997   30.904
  31.695   38.805   28.940
  32.847   40.175   28.749
  32.197   39.689   29.822
  10.179   36.753    8.288
   9.844   36.663    9.592
   9.399   37.785   10.331
   9.052   37.692   11.684
   9.137   36.474   12.347
  10.514   36.843    6.983
  10.958   35.722    6.244
   8.030   36.737   12.702
   9.730   37.107   13.163
   9.203   35.457   12.915
  10.365   35.088    5.427
  12.065   35.458    5.889
  11.000   36.250    5.670
   7.036    6.829   10.162
   6.884    6.455    8.874
   5.818    5.626    8.454
   5.660    5.238    7.118
   6.564    5.666    6.154
   7.188    7.203   11.451
   8.254    8.033   11.870
   5.581    5.969    5.553
   6.594    4.512    5.857
   7.316    6.018    5.335
   8.225    9.187   12.168
   9.238    7.730   12.471
   7.912    7.940   12.566
  48.224   20.333    8.690
  47.982   21.646    8.890
  47.538   22.145   10.138
  47.287   23.506   10.346
  47.471   24.418    9.313
  48.466   19.020    8.489
  48.910   18.521    7.241
  48.089   25.024   10.132
  46.380   24.787    9.619
  47.621   25.193    8.455
  50.000   18.152    6.935
  48.291   17.916    6.422
  48.888   17.842    7.626
   4.941   23.113   14.155
   4.299   23.870   15.071
   4.909   24.996   15.673
   4.243   25.781   16.623
   2.944   25.468   17.003
   5.582   22.356   13.240
   4.973   21.230   12.637
   2.743   26.623   16.791
   3.381   25.573   18.107
   1.854   25.217   17.332
   4.536   21.125   11.534
   5.174   20.075   12.849
   5.660   21.188   12.270
  18.296   22.872   44.827
  17.883   23.994   45.454
  16.581   24.117   45.993
  16.153   25.281   46.643
  17.013   26.364   46.778
  18.708   21.750   44.200
  20.011   21.627   43.662
  16.676   26.323   47.920
  16.089   26.984   46.351
  17.724   27.280   46.897
  20.935   21.007   44.088
  20.348   21.668   42.519
  19.747   20.920   43.462
  10.914   34.262   14.139
  11.150   35.575   13.932
  12.350   36.037   13.342
  12.595   37.398   13.127
  11.649   38.346   13.495
  10.678   32.949   14.347
   9.477   32.487   14.937
  11.822   38.758   12.390
  12.577   38.879   14.019
  10.863   39.153   13.799
   8.550   31.954   14.412
   9.304   32.075   16.042
   9.818   31.792   14.831
  41.626   18.503   24.211
  41.931   17.189   24.153
  42.450   16.489   25.268
  42.766   15.127   25.207
  42.575   14.416   24.029
  41.322   19.817   24.270
  40.803   20.517   23.155
  42.019   13.639   24.741
  43.692   14.050   24.221
  42.419   13.807   23.046
  39.685   20.883   22.963
  41.359   21.295   22.443
  40.813   21.114   23.659
  16.537    2.632   12.725
  15.520    3.038   11.935
  15.485    4.332   11.364
  14.431    4.753   10.544
  13.374    3.895   10.266
  17.553    2.226   13.516
  17.588    0.932   14.087
  13.583    4.213    9.137
  12.704    4.827   10.583
  12.482    3.184   10.025
  18.259   -0.001   13.770
  17.380    0.613   15.216
  18.261    1.197   14.383
  37.107   40.038    2.669
  38.449   40.189    2.664
  39.065   41.403    2.280
  40.456   41.560    2.275
  41.281   40.508    2.654
  35.766   39.886    2.673
  35.149   38.672    3.058
  41.794   41.331    3.346
  41.853   40.762    1.640
  41.984   39.634    2.970
  34.577   38.419    4.072
  34.636   37.849    2.366
  34.499   39.076    2.901
  37.461   45.515   47.567
  36.148   45.679   47.303
  35.509   45.011   46.231
  34.147   45.181   45.957
  33.374   46.024   46.746
  38.775   45.352   47.830
  39.414   46.020   48.902
  32.633   45.091   46.789
  33.023   46.470   45.698
  32.714   46.728   47.400
  39.764   45.574   49.950
  40.155   46.952   48.860
  40.036   45.631   48.634
  42.240   26.731    9.772
  41.219   27.222   10.506
  40.210   26.386   11.042
  39.151   26.894   11.803
  39.062   28.258   12.056
  43.261   26.240    9.039
  44.270   27.077    8.503
  38.912   27.906   13.184
  37.938   28.121   11.686
  38.976   29.400   12.276
  45.394   27.213    8.873
  44.421   27.428    7.375
  44.540   26.396    8.230
  27.906   36.122   18.230
  27.768   36.593   16.972
  26.502   36.903   16.422
  26.359   37.391   15.118
  27.477   37.587   14.317
  28.044   35.652   19.488
  29.311   35.342   20.038
  26.992   38.659   14.127
  26.847   36.973   13.513
  28.407   37.755   13.634
  29.940   35.955   20.843
  29.795   34.270   20.228
  28.876   35.153   20.659
  17.494   30.115   42.331
  17.648   28.777   42.415
  18.340   28.038   41.427
  18.500   26.649   41.514
  17.974   25.951   42.594
  17.339   31.454   42.246
  16.647   32.193   43.235
  19.065   25.475   42.651
  17.525   25.241   41.749
  17.537   25.352   43.494
  17.096   32.903   44.080
  15.556   32.668   43.178
  16.831   32.789   42.766
  40.073    6.321   44.616
  39.379    5.163   44.652
  38.217    4.960   43.871
  37.498    3.760   43.909
  37.916    2.719   44.729
  40.766    7.479   44.580
  41.929    7.682   45.361
  37.790    2.064   43.741
  36.777    2.712   45.081
  38.255    1.837   45.412
  43.067    7.688   45.009
  42.054    8.337   46.348
  41.913    8.380   45.011
  28.141   24.650    4.952
  28.708   23.617    4.294
  29.764   22.859    4.854
  30.352   21.787    4.172
  29.905   21.435    2.905
  27.574   25.684    5.610
  26.519   26.441    5.049
  29.867   20.336    3.366
  31.064   21.461    2.631
  29.540   21.128    1.841
  25.359   26.414    5.323
  26.557   27.539    4.588
  26.575   26.824    5.727
  16.722   37.937   45.718
  17.566   38.239   46.728
  17.390   39.389   47.533
  18.265   39.702   48.580
  19.347   38.877   48.859
  15.878   37.635   44.708
  16.054   36.485   43.903
  18.944   38.944   49.978
  19.963   39.896   48.841
  20.259   38.192   49.103
  15.437   35.466   43.920
  16.457   36.418   42.783
  15.410   36.760   43.556
  45.455   28.239   33.886
  45.581   29.583   33.882
  44.473   30.441   34.082
  44.603   31.835   34.079
  45.846   32.421   33.875
  45.329   26.895   33.889
  46.436   26.037   33.689
  45.563   33.052   34.845
  45.261   33.076   33.071
  46.884   32.926   33.706
  47.022   25.382   34.494
  46.720   25.406   32.719
  45.890   25.486   33.775
  32.601   36.176   36.792
  32.856   36.663   38.025
  32.958   38.051   38.276
  33.223   38.556   39.555
  33.395   37.691   40.628
  32.345   35.689   35.559
  32.243   34.300   35.307
  32.609   38.407   41.164
  34.376   38.339   40.826
  33.542   36.975   41.537
  31.263   33.652   35.109
  33.030   33.583   34.770
  32.113   34.550   34.579
  10.706   26.272   37.228
  11.599   26.337   38.238
  11.644   27.434   39.131
  12.570   27.502   40.179
  13.485   26.475   40.371
   9.813   26.207   36.218
   9.769   25.109   35.325
  13.109   26.528   41.501
  14.277   27.364   40.416
  14.258   25.619   40.545
   8.977   24.220   35.281
  10.144   25.056   34.196
   9.184   25.522   35.014
  43.647   13.902    5.330
  42.901   12.815    5.037
  41.575   12.924    4.554
  40.802   11.798    4.249
  41.326   10.522    4.416
  44.393   14.988    5.624
  45.719   14.879    6.107
  40.924   10.353    3.308
  40.306   10.320    4.998
  41.754    9.446    4.552
  46.739   15.081    5.525
  46.121   15.048    7.216
  45.671   15.658    6.104
  37.340    1.895   14.000
  38.540    1.598   13.456
  39.229    0.402   13.768
  40.473    0.094   13.204
  41.071    0.971   12.307
  36.141    2.192   14.544
  35.452    3.388   14.232
  41.201   -0.007   11.639
  42.027    0.826   13.004
  41.585    1.698   11.553
  34.496    3.533   13.535
  35.322    4.366   14.901
  34.928    3.091   14.730
  46.217   46.401   34.302
  45.279   47.029   35.043
  45.115   48.434   35.012
  44.142   49.085   35.780
  43.299   48.353   36.607
  47.155   45.774   33.561
  47.319   44.369   33.592
  42.441   48.988   36.077
  43.620   49.156   37.427
  42.585   47.752   37.306
  46.998   43.566   32.773
  48.177   43.734   34.122
  47.885   44.530   33.078
  43.180   42.024   37.184
  42.971   43.122   37.941
  42.096   44.157   37.535
  41.880   45.296   38.321
  42.531   45.440   39.539
  43.388   40.926   36.427
  44.263   39.890   36.832
  41.439   45.690   39.945
  42.805   46.520   39.118
  43.071   45.573   40.564
  43.989   38.810   37.254
  45.355   39.640   36.426
  44.040   39.579   36.151
   1.905   14.587   20.691
   1.609   14.679   22.005
   0.439   14.103   22.553
   0.132   14.198   23.916
   0.985   14.874   24.779
   2.201   14.495   19.377
   3.371   15.072   18.830
   0.883   13.888   25.442
  -0.015   15.418   25.133
   1.692   15.438   25.515
   4.371   14.528   18.476
   3.473   16.057   18.167
   3.083   14.769   18.170
  11.481   25.128   10.884
  12.500   24.266   10.683
  13.685   24.650   10.012
  14.742   23.756    9.803
  14.652   22.446   10.257
  10.462   25.990   11.086
   9.276   25.606   11.757
  15.727   22.669   10.720
  14.998   22.175    9.150
  14.589   21.344   10.633
   8.929   25.877   12.864
   8.201   25.382   11.294
   9.081   26.348   11.614
  27.316    5.353   13.971
  26.849    6.602   14.184
  26.265    7.371   13.150
  25.781    8.666   13.371
  25.862    9.237   14.634
  27.784    4.105   13.758
  28.367    3.336   14.793
  24.711    9.486   14.454
  26.328   10.161   14.043
  25.924    9.729   15.690
  27.902    2.412   15.384
  29.519    3.087   14.974
  28.440    2.812   14.218
   3.605   20.363    7.622
   3.738   19.065    7.273
   4.731   18.632    6.362
   4.870   17.287    6.000
   4.020   16.327    6.537
   3.471   21.660    7.970
   2.479   22.094    8.881
   5.035   15.745    6.766
   3.890   15.995    5.400
   3.314   15.511    6.979
   2.609   22.426   10.018
   1.464   22.675    8.651
   2.802   22.790    8.737
  42.839   41.455   29.957
  41.652   42.098   30.007
  40.421   41.400   30.014
  39.191   42.066   30.065
  39.148   43.454   30.112
  44.025   40.813   29.907
  45.256   41.511   29.900
  38.404   43.270   31.025
  38.361   43.330   29.226
  39.097   44.618   30.152
  46.043   41.635   30.786
  46.000   41.694   28.988
  45.545   40.786   29.869
  44.488   23.807   28.041
  44.618   22.947   29.073
  43.499   22.464   29.793
  43.635   21.572   30.863
  44.893   21.130   31.251
  44.357   24.668   27.009
  45.476   25.150   26.289
  44.387   20.052   31.201
  44.523   21.439   32.341
  45.944   20.751   31.587
  45.846   24.841   25.199
  45.982   26.228   26.339
  44.921   25.531   25.891
  16.679    3.024   30.741
  15.773    3.343   29.792
  15.045    4.555   29.828
  14.105    4.886   28.845
  13.859    4.015   27.790
  17.586    2.705   31.689
  18.314    1.493   31.653
  14.008    4.990   27.121
  12.717    4.186   28.085
  13.644    3.293   26.900
  19.456    1.321   31.358
  18.165    0.518   32.322
  18.623    1.783   32.309
   3.140   49.411    5.409
   3.976   49.189    4.373
   5.110   50.001    4.137
   5.977   49.771    3.062
   5.741   48.721    2.184
   2.304   49.633    6.446
   1.169   48.821    6.681
   6.888   48.468    2.383
   5.895   49.556    1.349
   5.554   47.842    1.440
   1.015   47.985    7.517
   0.021   49.073    6.483
   1.077   49.309    7.284
  46.689    2.988    7.005
  47.498    2.271    6.196
  47.481    0.856    6.184
  48.320    0.111    5.346
  49.204    0.755    4.490
  45.881    3.706    7.813
  45.897    5.121    7.826
  48.739    0.026    3.670
  50.000   -0.000    4.954
  49.952    1.283    3.766
  45.101    5.877    7.361
  46.362    5.851    8.645
  45.344    5.017    8.367
  32.817   21.134   28.817
  33.075   21.127   30.142
  32.085   20.793   31.097
  32.353   20.786   32.471
  33.619   21.111   32.939
  32.559   21.141   27.492
  33.548   21.475   26.537
  33.504   20.106   33.568
  33.020   21.836   33.671
  34.678   21.383   33.346
  34.147   20.750   25.805
  33.664   22.480   25.908
  32.961   21.340   26.039
  22.574   32.447   45.394
  23.379   31.582   46.049
  23.455   30.214   45.696
  24.289   29.318   46.375
  25.077   29.758   47.431
  21.770   33.311   44.739
  21.694   34.679   45.092
  25.947   29.189   46.848
  24.613   28.819   47.998
  25.744   30.114   48.319
  22.158   35.619   44.525
  20.824   35.248   45.675
  21.182   34.693   44.503
  24.076   24.761   30.128
  25.201   25.050   30.816
  25.701   26.370   30.915
  26.868   26.670   31.628
  27.576   25.661   32.268
  22.950   24.472   29.440
  22.450   23.152   29.341
  27.535   26.402   33.200
  28.512   26.143   31.710
  28.180   24.823   32.809
  21.514   22.669   29.898
  22.491   22.411   28.409
  21.898   23.506   28.918
   9.953    9.616   47.193
   9.845    9.510   45.852
  10.555    8.531   45.117
  10.443    8.421   43.726
   9.617    9.286   43.020
  10.061    9.722   48.535
   9.351   10.701   49.269
   9.203    8.282   42.529
  10.576    9.429   42.327
   8.927   10.006   42.415
   8.391   10.559   49.962
   9.764   11.705   49.760
   9.719   10.365   49.870
  26.024    5.561    4.383
  26.022    6.431    5.416
  26.607    7.715    5.315
  26.605    8.618    6.386
  26.016    8.268    7.595
  26.027    4.691    3.351
  25.441    3.407    3.451
  25.475    9.324    7.488
  27.045    8.653    8.058
  25.526    7.987    8.615
  24.412    3.022    2.988
  25.982    2.351    3.558
  25.687    3.354    2.712
  34.746   22.835   28.998
  35.401   21.992   28.172
  36.602   21.348   28.556
  37.281   20.474   27.699
  36.785   20.213   26.428
  34.090   23.677   29.824
  32.890   24.321   29.440
  36.950   19.074   26.739
  37.900   20.456   26.084
  36.380   19.984   25.359
  31.775   24.078   29.784
  32.725   25.459   29.129
  32.947   24.622   30.159
  24.923   41.755   48.219
  24.570   43.057   48.262
  24.084   43.741   47.122
  23.719   45.091   47.166
  23.826   45.807   48.352
  25.275   40.453   48.177
  25.761   39.769   49.317
  22.707   46.134   48.104
  24.389   46.604   47.669
  23.910   46.419   49.341
  25.197   38.972   50.000
  26.880   39.442   49.565
  25.797   39.174   48.813
  26.416   38.086   31.628
  25.068   38.148   31.676
  24.266   36.986   31.760
  22.868   37.051   31.810
  22.223   38.281   31.778
  27.764   38.023   31.580
  28.566   39.186   31.496
  21.636   37.851   32.722
  21.568   37.768   30.925
  21.669   39.306   31.752
  29.221   39.698   32.350
  29.153   39.616   30.553
  29.143   38.659   31.499
  26.389   38.850   45.913
  26.833   39.635   44.907
  28.212   39.819   44.652
  28.672   40.632   43.609
  27.768   41.291   42.785
  25.946   38.066   46.918
  24.567   37.882   47.174
  28.428   40.827   41.908
  28.446   42.243   43.021
  27.020   41.850   42.086
  23.889   36.931   46.938
  23.907   38.346   48.051
  24.842   37.428   47.747
  30.791   28.840   18.274
  31.603   27.764   18.357
  32.049   27.071   17.207
  32.890   25.956   17.292
  33.316   25.493   18.531
  29.980   29.916   18.192
  29.534   30.609   19.342
  34.394   25.515   18.024
  32.955   24.436   18.115
  33.680   25.095   19.565
  29.894   31.666   19.758
  28.456   30.588   19.850
  29.171   31.047   18.807
  34.508   13.958   20.760
  33.769   13.126   19.995
  32.782   12.277   20.549
  32.016   11.414   19.756
  32.210   11.370   18.381
  35.247   14.790   21.525
  36.234   15.639   20.971
  31.024   11.485   18.342
  32.258   10.192   18.557
  32.362   11.322   17.226
  36.186   16.817   20.795
  37.419   15.524   21.011
  36.322   15.848   21.718
  24.294   14.294   34.196
  25.529   14.779   34.443
  26.148   15.724   33.591
  27.430   16.226   33.848
  28.137   15.802   34.966
  23.058   13.809   33.948
  22.439   12.864   34.800
  28.299   16.969   35.145
  29.018   15.629   34.181
  28.742   15.454   35.900
  21.558   13.037   35.584
  22.277   11.697   34.621
  21.862   12.930   34.278
  34.448   15.677    1.932
  35.200   16.753    1.616
  34.663   18.061    1.587
  35.443   19.177    1.260
  36.788   19.024    0.950
  33.696   14.601    2.248
  34.234   13.293    2.277
  36.936   19.905    1.738
  36.512   19.692    0.002
  37.919   18.910    0.687
  34.510   12.625    3.224
  34.086   12.412    1.488
  33.502   13.111    2.478
  34.269   21.711    3.870
  33.428   20.988    3.100
  33.304   19.585    3.239
  32.431   18.835    2.441
  31.653   19.461    1.475
  35.110   22.434    4.639
  35.235   23.837    4.501
  30.766   18.841    1.974
  32.078   18.605    0.764
  30.994   19.974    0.661
  34.811   24.694    5.212
  36.122   24.457    4.002
  35.751   23.741    5.079
  30.612   23.724   18.545
  31.403   23.957   19.613
  32.556   23.181   19.877
  33.377   23.423   20.985
  33.074   24.450   21.869
  29.821   23.490   17.476
  28.668   24.267   17.213
  34.218   24.745   21.716
  33.227   23.608   22.698
  32.831   25.310   22.619
  28.514   25.110   16.384
  27.524   23.972   17.366
  28.614   23.785   16.600
  45.732   38.545   39.402
  44.786   39.139   40.159
  44.693   38.918   41.554
  43.711   39.534   42.339
  42.787   40.393   41.758
  46.679   37.951   38.645
  46.772   38.172   37.250
  43.100   41.122   42.647
  41.993   39.733   42.353
  42.005   41.117   41.283
  47.566   38.832   36.655
  46.459   37.443   36.361
  47.373   37.678   37.320
  19.115   46.730    4.955
  19.224   45.582    4.253
  18.352   44.488    4.465
  18.464   43.298    3.736
  19.452   43.159    2.770
  19.007   47.878    5.658
  19.879   48.972    5.445
  18.550   42.786    2.087
  19.675   42.132    3.330
  20.277   43.030    1.955
  19.656   50.000    4.885
  20.781   49.345    6.128
  19.442   49.292    6.009
  21.554   35.755   35.685
  20.893   36.793   36.240
  19.869   36.604   37.198
  19.183   37.681   37.773
  19.497   38.985   37.411
  22.215   34.717   35.130
  23.239   34.906   34.171
  19.541   39.163   38.588
  18.319   39.091   37.269
  19.751   40.084   37.116
  24.417   34.800   34.314
  23.195   34.727   32.994
  23.259   34.126   34.196
  11.252   41.365    6.234
  12.150   41.248    5.233
  11.792   41.442    3.878
  12.724   41.321    2.840
  14.046   41.002    3.120
  10.353   41.482    7.235
  10.711   41.288    8.590
  14.284   41.933    2.415
  13.893   40.183    2.268
  15.160   40.735    3.341
  10.865   42.107    9.442
  10.473   40.357    9.294
   9.955   41.448    8.702
  22.816   40.296   42.293
  22.619   39.838   41.039
  23.374   40.312   39.940
  23.170   39.836   38.639
  22.203   38.869   38.390
  23.012   40.755   43.547
  22.257   40.281   44.646
  23.087   38.323   37.806
  21.866   39.616   37.525
  21.396   38.058   38.168
  22.595   39.534   45.512
  21.374   40.827   45.231
  22.705   40.788   45.036
  32.192    8.692   16.631
  33.437    9.088   16.289
  33.769    9.458   14.965
  35.060    9.868   14.610
  36.065    9.922   15.568
  30.948    8.297   16.973
  30.615    7.926   18.297
  36.248   11.014   15.127
  36.689    9.308   14.760
  36.918    9.972   16.362
  29.991    8.541   19.105
  30.433    6.835   18.739
  29.912    7.813   17.976
  10.299   40.473   37.303
  10.882   41.683   37.436
  10.154   42.887   37.282
  10.759   44.142   37.420
  12.113   44.238   37.716
   9.716   39.262   37.170
  10.444   38.058   37.324
  11.742   44.994   38.559
  12.126   45.001   36.801
  13.249   44.333   37.964
  10.431   37.295   38.239
  10.814   37.303   36.480
   9.746   37.742   37.170
  31.782   43.279   26.991
  33.073   43.231   27.386
  33.755   42.005   27.571
  35.093   41.955   27.980
  35.796   43.129   28.218
  30.492   43.327   26.597
  29.810   44.553   26.412
  36.619   42.624   27.519
  36.092   42.591   29.240
  36.399   44.106   28.422
  29.515   45.091   25.390
  28.988   45.058   27.111
  29.222   44.075   26.222
   9.815    4.626   37.093
   9.712    3.905   38.230
  10.382    4.279   39.419
  10.276    3.531   40.597
   9.496    2.382   40.629
   9.917    5.348   35.957
   9.247    4.973   34.768
   9.041    2.875   41.614
  10.466    1.894   41.119
   8.845    1.416   40.670
   8.277    5.462   34.278
   9.703    4.480   33.783
   9.595    5.617   34.495
  10.236   39.261   20.444
  10.100   38.876   19.157
  10.982   39.322   18.144
  10.841   38.923   16.810
   9.815   38.063   16.441
  10.371   39.646   21.731
   9.490   39.200   22.744
  10.689   37.461   15.900
   9.617   38.874   15.590
   8.957   37.342   16.117
   9.687   38.389   23.595
   8.616   39.802   23.285
   9.949   39.646   23.192
  22.601   13.480    6.573
  21.912   14.635    6.689
  20.668   14.835    6.044
  19.953   16.032    6.165
  20.456   17.073    6.936
  23.290   12.325    6.456
  24.534   12.126    7.101
  19.364   17.074    7.413
  20.218   17.730    5.970
  20.867   17.955    7.579
  24.772   11.469    8.067
  25.626   12.124    6.624
  24.482   11.428    6.754
   2.129   33.061   36.201
   2.758   31.883   36.399
   3.162   31.058   35.322
   3.814   29.836   35.527
   4.087   29.396   36.816
   1.500   34.239   36.003
   1.096   35.064   37.079
   5.184   29.223   36.385
   3.594   28.381   36.434
   4.322   29.015   37.893
   1.590   36.079   37.461
  -0.001   35.238   37.510
   0.839   35.516   36.497
  45.011   25.510   29.726
  45.886   24.865   30.528
  45.706   23.512   30.900
  46.613   22.844   31.731
  47.732   23.505   32.220
  44.137   26.154   28.925
  44.317   27.507   28.553
  48.313   22.543   31.823
  47.374   23.065   33.267
  48.676   24.048   32.637
  44.675   27.948   27.505
  43.736   28.470   28.949
  43.651   27.379   28.166
  30.531   17.568   48.094
  30.488   18.575   47.197
  31.467   19.597   47.168
  31.422   20.642   46.238
  30.397   20.703   45.302
  30.574   16.560   48.991
  29.596   15.539   49.019
  31.290   20.854   44.527
  30.302   21.832   45.672
  29.543   20.766   44.511
  29.690   14.410   48.650
  28.703   15.387   49.795
  30.033   15.283   49.614
  12.193   43.795   44.170
  12.277   45.125   44.388
  13.246   45.683   45.254
  13.334   47.062   45.480
  12.455   47.932   44.847
  12.108   42.465   43.953
  11.139   41.907   43.086
  13.450   48.524   44.564
  12.304   48.371   45.944
  11.724   48.673   44.322
  11.289   41.468   41.989
  10.144   41.315   43.369
  11.486   41.241   43.300
  19.998   39.560    6.370
  20.726   39.922    5.292
  21.225   41.236    5.130
  21.980   41.611    4.012
  22.262   40.684    3.016
  19.271   39.199    7.448
  18.772   37.885    7.610
  23.380   41.075    3.150
  21.870   41.543    2.288
  22.506   39.917    2.172
  19.163   37.027    8.338
  17.654   37.494    7.476
  18.488   38.188    8.271
  11.821   47.987   39.437
  10.480   48.125   39.360
   9.876   49.255   38.761
   8.485   49.398   38.681
   7.650   48.415   39.196
  13.162   47.850   39.515
  13.766   46.719   40.114
   7.115   48.495   38.134
   7.109   49.335   39.726
   6.937   47.597   39.625
  14.307   45.799   39.584
  14.301   46.638   41.176
  14.420   47.097   39.917
  24.244    7.570    4.798
  24.629    7.839    3.533
  24.231    9.021    2.862
  24.631    9.300    1.550
  25.443    8.408    0.861
  23.858    7.301    6.063
  24.256    6.120    6.734
  26.089    9.381    0.625
  24.629    8.534   -0.000
  26.124    7.668    0.271
  25.070    5.994    7.595
  23.610    5.147    6.970
  23.830    6.430    7.310
  23.619   46.569   22.251
  22.795   46.057   21.313
  21.727   46.805   20.763
  20.872   46.274   19.790
  21.054   44.975   19.333
  24.443   47.082   23.190
  25.511   46.333   23.740
  20.981   45.482   18.257
  19.887   44.873   19.550
  21.196   43.886   18.940
  26.678   46.435   23.522
  25.584   45.826   24.816
  25.623   46.991   24.145
  46.392   20.309   41.708
  46.363   18.968   41.861
  45.173   18.220   41.699
  45.143   16.830   41.859
  46.302   16.137   42.186
  46.421   21.650   41.554
  47.611   22.398   41.716
  45.985   15.436   41.277
  45.616   15.645   43.026
  47.268   15.544   42.461
  48.298   22.891   40.876
  47.928   23.100   42.626
  47.135   22.993   41.544
   6.836   16.526    8.078
   6.684   17.621    7.303
   7.379   18.826    7.563
   7.222   19.962    6.760
   6.363   19.933    5.668
   6.988   15.431    8.853
   6.293   14.226    8.593
   7.298   20.391    5.087
   5.944   20.945    6.136
   5.647   19.923    4.748
   6.712   13.214    8.125
   5.359   13.768    9.174
   6.685   13.988    9.225
   2.165   45.075   37.314
   2.413   44.432   36.153
   3.730   44.181   35.700
   3.986   43.515   34.496
   2.934   43.075   33.702
   1.918   45.718   38.475
   0.601   45.969   38.928
   3.536   42.046   33.702
   3.536   43.621   32.830
   2.061   42.701   33.026
  -0.000   45.423   39.800
   0.000   46.998   38.928
   0.983   46.299   39.524
  44.362   27.973   17.000
  45.558   27.348   16.990
  45.668   25.938   16.973
  46.909   25.290   16.962
  48.085   26.030   16.968
  43.165   28.597   17.010
  43.055   30.008   17.027
  48.383   25.319   16.059
  48.388   25.299   17.859
  49.080   26.639   16.972
  42.752   30.739   16.136
  42.757   30.719   17.935
  42.292   29.843   17.027
  24.785   14.925   20.780
  24.760   16.114   20.141
  23.547   16.773   19.830
  23.521   18.007   19.168
  24.707   18.625   18.794
  24.810   13.736   21.418
  26.023   13.077   21.729
  24.225   19.579   19.320
  24.168   18.727   17.736
  25.696   19.155   18.474
  26.562   12.975   22.787
  26.505   12.123   21.202
  25.534   12.548   22.031
  39.587    6.836   14.835
  38.345    6.958   15.351
  38.089    6.807   16.734
  36.801    6.934   17.269
  35.724    7.217   16.439
  40.828    6.714   14.320
  41.084    6.865   12.936
  35.490    8.060   17.248
  35.215    6.298   17.003
  34.810    7.454   15.754
  41.593    7.784   12.372
  41.318    6.022   12.128
  41.817    6.720   13.164
  25.617   41.276   21.710
  25.112   40.028   21.605
  25.918   38.920   21.252
  25.394   37.626   21.144
  24.045   37.395   21.384
  26.123   42.523   21.815
  25.317   43.632   22.168
  24.453   36.521   22.084
  24.093   36.813   20.345
  22.915   37.186   21.583
  25.268   44.213   23.207
  24.909   44.505   21.467
  25.994   44.013   22.092
  12.506   19.540    1.145
  11.556   20.496    1.074
  11.878   21.873    1.044
  10.892   22.865    0.971
   9.548   22.514    0.925
  13.457   18.584    1.216
  13.135   17.207    1.246
   9.518   23.263   -0.001
   9.442   23.320    1.796
   8.417   22.233    0.886
  13.241   16.400    0.375
  13.165   16.458    2.173
  13.912   17.135    1.281
  29.853   39.162   42.098
  29.052   38.848   41.057
  27.648   38.744   41.196
  26.818   38.418   40.117
  27.363   38.184   38.860
  30.653   39.476   43.139
  32.058   39.579   43.001
  26.523   38.948   38.497
  26.691   37.200   38.896
  27.807   37.985   37.800
  32.729   40.563   42.965
  32.897   38.816   43.364
  32.013   39.749   43.762
  43.977   43.270   35.048
  42.747   43.569   35.518
  41.814   44.312   34.757
  40.539   44.623   35.244
  40.151   44.201   36.509
  45.207   42.970   34.579
  46.140   42.227   35.340
  39.180   43.811   35.939
  39.821   45.338   36.645
  39.813   43.853   37.570
  46.470   41.090   35.204
  47.111   42.618   35.910
  46.582   42.335   34.705
  22.250   33.589   16.410
  21.860   33.951   17.651
  22.751   33.942   18.750
  22.346   34.318   20.037
  21.035   34.715   20.270
  22.640   33.227   15.170
  21.749   33.236   14.071
  21.550   35.641   20.815
  21.096   33.936   21.169
  19.938   35.051   20.480
  21.688   34.015   13.171
  21.234   32.310   13.526
  22.384   32.988   13.690
  16.857    3.864   40.957
  17.884    4.733   41.067
  18.222    5.343   42.298
  19.287    6.244   42.412
  20.052    6.568   41.299
  15.830    2.995   40.847
  15.492    2.385   39.616
  20.969    6.325   42.020
  19.854    7.689   41.650
  20.703    6.848   40.372
  15.689    1.263   39.264
  14.575    2.627   38.895
  14.938    2.051   40.055
  39.511   35.256    0.920
  40.427   34.481    1.539
  41.798   34.519    1.193
  42.748   33.715    1.836
  42.359   32.845    2.847
  38.596   36.031    0.300
  37.224   35.993    0.646
  43.262   33.343    3.444
  42.990   32.048    2.225
  42.047   32.110    3.697
  36.593   36.791    1.268
  36.321   35.495    0.048
  37.177   36.533    0.083
   9.163   28.347   21.712
   7.911   27.934   22.004
   6.902   28.835   22.420
   5.604   28.406   22.723
   5.269   27.062   22.620
  10.414   28.761   21.420
  11.424   27.860   21.004
   4.340   27.475   21.998
   4.823   27.223   23.713
   4.974   25.937   22.537
  11.869   27.699   19.910
  12.352   27.447   21.626
  11.849   28.515   20.980
   1.326   20.781   14.042
   1.214   19.720   14.869
   0.121   18.825   14.798
   0.005   17.725   15.656
   0.979   17.480   16.616
   1.437   21.842   13.214
   2.531   22.737   13.286
   0.953   16.374   16.174
   0.046   17.389   17.352
   1.789   17.264   17.427
   3.463   22.829   12.550
   2.556   23.843   13.728
   2.150   23.081   12.697
  34.422   37.798   34.374
  33.113   37.552   34.158
  32.669   36.382   33.496
  31.311   36.127   33.272
  30.348   37.032   33.701
  35.732   38.045   34.591
  36.175   39.214   35.253
  29.834   36.064   34.169
  29.935   36.920   32.589
  29.530   37.783   34.055
  36.589   39.326   36.364
  36.689   40.182   34.784
  36.876   38.894   35.123
   9.506   36.889   48.554
  10.782   37.307   48.692
  11.539   37.034   49.856
  12.862   37.468   50.000
  13.475   38.191   48.985
   8.230   36.470   48.415
   7.473   36.743   47.251
  14.354   37.399   49.130
  13.771   38.933   49.869
  14.003   38.799   48.141
   7.178   36.001   46.366
   6.594   37.535   47.106
   6.926   36.347   47.642
  36.845   36.570   21.751
  37.020   35.272   21.422
  35.936   34.365   21.345
  36.118   33.019   21.004
  37.389   32.533   20.727
  36.669   37.867   22.080
  37.753   38.774   22.157
  36.865   32.084   19.756
  37.086   31.673   21.494
  38.451   32.111   20.493
  38.057   39.634   21.390
  38.277   39.223   23.129
  37.183   39.273   22.348
  23.325   24.992    8.171
  23.586   24.838    6.856
  23.190   25.799    5.895
  23.460   25.639    4.531
  24.135   24.512    4.078
  23.065   25.147    9.487
  23.461   24.186   10.448
  24.810   25.308    3.503
  23.241   24.451    3.293
  24.702   23.572    3.685
  24.355   24.247   11.233
  22.786   23.390   11.023
  23.120   24.690   10.937
  34.329   31.062   25.367
  33.681   31.046   24.183
  34.021   30.135   23.154
  33.348   30.118   21.926
  32.312   31.011   21.683
  34.977   31.079   26.551
  34.638   31.989   27.579
  31.726   30.034   21.333
  32.905   31.222   20.671
  31.441   31.755   21.466
  34.045   31.778   28.591
  35.224   32.966   27.929
  35.217   31.621   27.951
  34.972   14.708   27.597
  36.009   15.121   28.356
  37.328   14.658   28.140
  38.403   15.087   28.927
  38.197   15.995   29.959
  33.935   14.294   26.838
  32.615   14.757   27.054
  39.114   16.571   29.461
  38.823   15.209   30.600
  38.039   16.756   30.828
  31.990   15.543   26.413
  31.699   14.181   27.552
  32.464   14.285   26.451
   6.513    8.482   36.041
   5.340    9.139   36.162
   4.367    8.768   37.120
   3.151    9.449   37.245
   2.864   10.527   36.417
   7.686    7.825   35.920
   8.659    8.197   34.962
   2.583   11.071   37.439
   1.834    9.953   36.244
   2.610   11.433   35.728
   9.689    8.771   35.134
   8.939    7.652   33.940
   9.046    7.598   35.279
   8.740   30.129   22.971
   9.610   29.332   23.627
   9.230   28.068   24.138
  10.132   27.242   24.819
  11.446   27.650   25.013
   7.870   30.926   22.314
   8.250   32.190   21.803
  11.707   26.568   24.587
  11.238   27.339   26.145
  12.551   27.980   25.183
   8.457   32.501   20.672
   7.988   33.272   22.229
   7.504   32.202   21.572
   5.520    2.343    8.317
   4.884    3.532    8.378
   3.478    3.625    8.505
   2.818    4.858    8.569
   3.542    6.043    8.508
   6.156    1.154    8.255
   7.563    1.061    8.129
   2.901    6.331    9.471
   2.740    6.338    7.678
   4.137    7.045    8.459
   8.364    0.766    8.960
   8.204    0.773    7.167
   7.407    0.296    8.140
   8.309   17.826    5.089
   7.271   18.170    4.297
   6.113   17.365    4.186
   5.037   17.722    3.364
   5.081   18.897    2.624
   9.346   17.482    5.882
  10.504   18.287    5.993
   4.002   19.080    3.095
   4.753   18.188    1.724
   5.105   19.880    1.998
  10.832   18.995    6.893
  11.584   18.104    5.522
  10.723   17.719    6.482
  28.617   26.347    3.586
  27.439   26.398    2.927
  26.917   27.610    2.418
  25.696   27.662    1.735
  24.954   26.505    1.537
  29.794   26.296    4.245
  30.317   25.084    4.754
  24.915   26.879    0.406
  24.056   27.162    1.963
  24.321   25.540    1.364
  31.215   24.426    4.328
  30.356   24.710    5.885
  30.895   25.555    4.987
  10.603   34.360   21.158
   9.643   35.307   21.227
   9.947   36.689   21.186
   8.952   37.670   21.257
   7.616   37.306   21.372
  11.562   33.414   21.089
  11.258   32.032   21.130
   7.464   38.073   20.473
   7.613   38.093   22.267
   6.491   37.014   21.469
  11.261   31.245   20.236
  11.410   31.266   22.030
  12.034   31.968   21.067
   9.685    8.409    6.143
   9.536    7.080    5.960
  10.219    6.132    6.758
  10.065    4.753    6.569
   9.221    4.274    5.574
   9.834    9.738    6.326
   9.150   10.686    5.528
   8.789    3.592    6.451
  10.160    3.599    5.285
   8.517    3.857    4.744
   8.212   11.361    5.818
   9.583   11.368    4.652
   9.536   11.190    5.984
  31.693    8.090   23.497
  32.337    6.960   23.860
  33.287    6.943   24.910
  33.955    5.772   25.286
  33.697    4.576   24.627
  31.049    9.219   23.134
  30.099    9.236   22.084
  33.575    4.145   25.731
  34.885    4.513   24.553
  33.491    3.566   24.083
  28.912    9.300   22.159
  30.221    9.668   20.980
  30.059    9.993   22.276
  24.403   34.851   38.572
  23.223   34.721   39.216
  23.145   34.617   40.625
  21.922   34.483   41.292
  20.733   34.447   40.574
  25.583   34.981   37.928
  25.661   35.085   36.519
  20.385   35.271   41.361
  20.514   33.480   41.236
  19.728   34.415   39.984
  25.880   36.051   35.857
  26.009   34.260   35.733
  26.425   35.129   36.671
  28.529   18.042   32.823
  27.259   18.454   32.623
  26.227   18.179   33.551
  24.910   18.606   33.344
  24.578   19.323   32.201
  29.799   17.629   33.023
  30.832   17.904   32.095
  24.059   20.066   32.976
  23.696   18.527   32.115
  24.286   19.926   31.247
  31.714   18.701   32.181
  31.350   17.162   31.320
  31.260   17.511   32.616
  30.055   34.628   18.021
  31.210   34.901   18.666
  32.301   35.527   18.018
  33.498   35.810   18.687
  33.647   35.475   20.027
  28.901   34.356   17.376
  27.810   33.729   18.024
  34.025   36.600   20.131
  34.670   34.988   19.657
  33.785   35.200   21.152
  26.787   34.216   18.393
  27.432   32.604   17.919
  27.484   33.807   17.318
  36.020    7.513   36.812
  36.936    7.871   35.887
  37.033    7.218   34.636
  37.983    7.588   33.677
  38.871    8.625   33.936
  35.103    7.156   37.736
  35.006    7.809   38.988
  38.523    9.017   32.865
  39.691    7.842   33.569
  39.622    9.494   34.140
  34.186    8.593   39.354
  35.354    7.417   40.058
  34.427    7.295   39.091
  23.414    7.036   31.851
  24.196    6.145   32.498
  25.300    5.522   31.870
  26.111    4.599   32.541
  25.847    4.266   33.864
  22.632    7.926   31.205
  21.527    8.549   31.833
  27.008    4.486   34.015
  25.939    3.147   33.464
  25.636    3.978   34.974
  21.435    9.668   32.232
  20.366    8.329   31.681
  21.459    8.891   31.134
  45.787   26.012   11.469
  45.185   27.150   11.063
  45.923   28.313   10.736
  45.299   29.493   10.314
  43.915   29.553   10.204
  46.388   24.874   11.876
  45.651   23.711   12.203
  44.151   30.004    9.126
  44.038   30.555   10.836
  42.755   29.616   10.107
  45.528   22.708   11.570
  45.416   23.260   13.280
  46.365   23.426   12.341
  27.513   27.720   17.334
  27.204   27.036   18.457
  26.691   25.718   18.415
  26.371   25.009   19.579
  26.552   25.593   20.826
  27.821   28.404   16.212
  28.334   29.722   16.254
  27.110   24.572   21.080
  25.434   25.225   21.016
  26.698   26.072   21.880
  29.451   30.090   16.064
  27.775   30.744   16.000
  28.329   29.635   15.477
  27.401   32.029   24.475
  28.213   32.173   25.543
  29.428   31.457   25.664
  30.271   31.607   26.771
  29.929   32.477   27.799
  26.588   31.885   23.407
  25.373   32.601   23.286
  31.043   32.876   27.656
  30.173   31.543   28.497
  29.654   33.204   28.668
  25.129   33.536   22.589
  24.260   32.202   23.429
  25.330   32.206   22.614
  45.475    2.999   19.460
  44.149    3.223   19.578
  43.215    2.163   19.667
  41.839    2.395   19.790
  41.349    3.694   19.827
  46.801    2.776   19.342
  47.735    3.835   19.253
  40.758    3.305   20.786
  40.597    3.296   18.993
  40.924    4.780   19.860
  48.487    4.233   20.087
  48.326    4.225   18.294
  48.242    3.243   19.210
   8.059   41.875   22.803
   8.904   42.239   23.790
   9.561   41.287   24.605
  10.438   41.665   25.629
  10.689   43.009   25.874
   7.213   41.510   21.816
   6.556   42.463   21.001
  11.831   42.667   25.843
  10.456   42.712   27.004
  10.910   44.133   26.091
   6.790   42.759   19.870
   5.415   42.805   21.031
   6.258   41.819   20.673
  33.941    4.141   20.700
  34.701    3.171   21.253
  34.264    2.422   22.370
  35.051    1.416   22.943
  36.304    1.124   22.419
  33.181    5.111   20.148
  33.618    5.860   19.030
  35.912   -0.000   22.451
  36.656    1.211   23.554
  37.358    0.869   21.989
  33.267    5.773   17.895
  34.011    6.985   18.998
  32.923    6.203   19.122
  30.006   42.216   44.572
  29.325   42.244   45.737
  29.592   41.332   46.785
  28.886   41.362   47.993
  27.887   42.305   48.196
  30.688   42.187   43.406
  30.420   43.099   42.359
  28.461   42.501   49.222
  27.246   41.361   48.540
  27.046   43.092   48.380
  31.061   44.043   42.015
  29.846   42.904   41.333
  30.992   42.700   42.008
  12.249   12.537    5.680
  13.167   12.793    4.724
  12.854   13.542    3.565
  13.806   13.807    2.573
  15.105   13.333    2.705
  11.331   12.281    6.636
  11.644   11.532    7.795
  15.403   14.457    2.445
  14.937   12.942    1.592
  16.199   12.940    2.803
  11.813   11.922    8.908
  11.346   10.408    8.055
  10.893   11.671    7.959
  24.735   34.667   11.803
  24.759   34.890   10.472
  23.574   34.980    9.705
  23.600   35.210    8.324
  24.812   35.359    7.662
  24.710   34.445   13.135
  25.895   34.355   13.902
  24.295   36.331    7.206
  24.351   34.557    6.911
  25.822   35.486    7.093
  26.356   35.157   14.653
  26.412   33.383   14.358
  25.385   34.242   14.482
   2.240    5.139   26.184
   2.496    3.826   26.001
   3.814    3.334   25.843
   4.079    1.973   25.654
   3.037    1.055   25.617
   1.984    6.452   26.366
   0.666    6.944   26.524
   3.707    0.459   26.402
   3.575    0.681   24.621
   2.172    0.273   25.583
   0.129    7.318   27.520
  -0.003    7.539   25.739
   1.042    7.626   26.582
  48.910   41.427   40.777
  48.848   42.683   40.285
  50.000   43.491   40.144
  49.935   44.794   39.635
  48.715   45.334   39.248
  48.973   40.171   41.268
  47.820   39.362   41.409
  49.305   45.618   38.252
  49.060   46.258   39.917
  47.698   45.799   38.919
  47.476   38.438   40.740
  47.231   39.077   42.404
  48.343   38.850   41.682
   8.299   21.454   45.258
   7.473   21.316   44.199
   7.247   22.368   43.281
   6.390   22.224   42.183
   5.728   21.022   41.965
   9.126   21.593   46.316
   9.351   20.541   47.235
   6.147   21.142   40.856
   4.768   21.721   41.857
   5.166   20.019   41.770
  10.311   19.843   47.342
   8.931   20.421   48.344
   9.816   21.073   47.567
  12.666   40.584   35.816
  11.703   41.114   35.033
  10.426   40.516   34.905
   9.427   41.066   34.093
   9.669   42.234   33.379
  13.629   40.054   36.599
  14.906   40.651   36.726
   8.634   42.585   33.855
   9.229   41.610   32.464
   9.858   43.213   32.775
  15.345   41.274   37.642
  15.940   40.300   36.250
  15.025   40.044   37.202
  39.042   32.714   15.643
  38.374   31.587   15.966
  37.756   30.775   14.985
  37.063   29.605   15.320
  36.962   29.207   16.647
  39.711   33.842   15.320
  40.329   34.654   16.300
  37.322   28.153   16.223
  35.802   29.103   16.392
  36.869   28.861   17.757
  41.488   34.758   16.555
  39.969   35.708   16.725
  40.523   35.078   15.674
  21.785    9.131   41.959
  20.608    9.791   41.991
  20.481   11.120   41.520
  19.261   11.805   41.554
  18.124   11.187   42.059
  22.962    8.470   41.927
  23.089    7.141   42.398
  17.624   11.571   41.048
  18.017   12.191   42.691
  17.162   10.679   42.480
  23.196    6.137   41.766
  23.589    6.757   43.409
  23.831    7.248   42.180
  17.550   28.977   28.201
  18.474   29.957   28.294
  19.862   29.687   28.248
  20.820   30.704   28.344
  20.423   32.027   28.490
  16.627   27.996   28.109
  15.239   28.267   28.155
  21.187   32.219   27.596
  21.210   32.028   29.386
  20.104   33.142   28.614
  14.452   28.266   27.260
  14.475   28.075   29.050
  15.193   27.491   28.073
  17.983   31.474   15.912
  17.837   32.414   16.870
  17.685   33.786   16.558
  17.534   34.761   17.551
  17.530   34.399   18.892
  18.128   30.534   14.954
  18.280   29.162   15.267
  16.542   35.064   18.935
  18.329   35.277   18.997
  17.525   34.109   20.022
  17.482   28.284   15.162
  19.268   28.497   15.224
  18.315   29.098   14.489
  19.808   12.358   17.008
  19.784   11.818   15.771
  19.878   10.421   15.561
  19.854    9.861   14.278
  19.734   10.676   13.160
  19.832   12.899   18.244
  19.738   14.295   18.455
  18.872    9.912   12.855
  20.665   10.047   12.762
  19.635   11.349   12.213
  18.807   14.925   18.852
  20.600   15.059   18.759
  19.793   14.079   19.203
  28.436   15.657   38.662
  29.589   16.348   38.536
  29.955   16.981   37.325
  31.151   17.697   37.194
  32.023   17.806   38.270
  27.283   14.966   38.788
  26.916   14.333   40.000
  32.000   18.967   38.004
  32.841   17.467   37.473
  32.764   17.905   39.165
  26.098   14.672   40.796
  26.939   13.171   40.266
  26.290   14.130   39.580
  30.905    8.580    4.467
  31.154    7.816    3.382
  32.228    8.090    2.502
  32.486    7.297    1.377
  31.678    6.204    1.091
  30.657    9.344    5.552
  29.582    9.071    6.431
  32.717    5.629    0.987
  31.641    6.682   -0.000
  31.008    5.283    0.839
  29.619    8.593    7.522
  28.544    9.646    6.535
  29.862    9.701    6.798
   8.811   22.968   14.303
   8.103   22.036   14.975
   6.698   22.123   15.121
   5.963   21.156   15.818
   6.608   20.068   16.393
   9.519   23.901   13.631
  10.924   23.814   13.484
   5.763   19.439   15.836
   5.980   20.372   17.360
   7.136   19.149   16.881
  11.552   23.509   12.518
  11.769   24.443   14.042
  10.817   24.480   13.091
  46.882    9.609   30.987
  47.520   10.177   32.033
  48.037   11.492   31.971
  48.698   12.081   33.056
  48.866   11.374   34.241
  46.244    9.042   29.941
  45.727    7.726   30.002
  48.433   12.366   34.741
  50.001   11.721   34.135
  49.013   10.793   35.241
  44.592    7.379   30.107
  46.159    6.735   29.502
  45.512    7.891   29.269
  43.312   45.098   42.773
  42.105   45.656   42.539
  41.972   46.919   41.915
  40.720   47.498   41.672
  39.558   46.835   42.046
  44.519   44.540   43.007
  44.653   43.277   43.631
  39.215   47.079   40.931
  39.275   47.881   42.541
  38.574   46.289   42.354
  44.936   42.231   43.136
  44.995   43.033   44.746
  45.413   43.426   43.529
  11.632   23.617   35.140
  10.699   22.745   35.576
   9.703   22.221   34.719
   8.734   21.316   35.172
   8.728   20.904   36.498
  12.566   24.489   34.703
  13.562   25.012   35.561
   8.657   19.813   36.023
   7.572   21.186   36.445
   8.711   20.549   37.609
  14.719   24.730   35.614
  13.634   26.103   36.036
  13.778   25.384   34.908
  33.134   33.025   15.500
  34.016   33.883   16.055
  33.803   35.282   16.054
  34.717   36.172   16.630
  35.877   35.695   17.227
  32.252   32.167   14.945
  32.465   30.768   14.945
  35.545   36.395   18.132
  36.408   36.526   16.558
  36.855   35.307   17.731
  31.934   29.936   15.614
  32.797   30.067   14.040
  31.780   30.770   14.570
  39.901   24.262    4.380
  39.974   24.306    5.728
  39.293   25.290    6.484
  39.369   25.335    7.881
  40.128   24.399    8.572
  39.828   24.219    3.033
  40.509   23.235    2.276
  39.142   24.278    9.230
  40.578   25.358    9.118
  40.761   23.619    9.164
  40.059   22.276    1.731
  41.495   23.356    1.618
  40.176   23.615    1.681
  15.904   30.283    5.972
  15.954   30.585    7.286
  16.599   29.745    8.225
  16.651   30.059    9.588
  16.060   31.223   10.062
  15.853   29.980    4.657
  15.208   30.820    3.718
  17.110   31.383   10.601
  15.569   30.493   10.865
  15.567   32.197   10.473
  15.699   31.550    2.915
  14.157   30.660    3.179
  15.443   30.265    3.221
  33.463   48.330    7.374
  34.298   47.269    7.391
  35.674   47.402    7.691
  36.540   46.301    7.709
  36.060   45.029    7.426
  32.629   49.391    7.358
  31.252   49.258    7.057
  36.633   44.732    8.428
  36.989   44.985    6.682
  35.670   43.955    7.191
  30.323   49.302    7.802
  30.679   49.555    6.056
  31.262   50.030    7.171
  13.568   47.635   19.534
  13.024   47.353   20.738
  12.610   46.046   21.086
  12.046   45.754   22.333
  11.877   46.759   23.278
  14.111   47.917   18.331
  14.526   49.224   17.983
  12.408   45.982   24.009
  10.769   46.326   23.349
  11.728   47.593   24.079
  15.633   49.658   17.912
  13.994   50.001   17.251
  14.720   48.870   17.315
  17.497   21.263   29.393
  17.349   22.370   28.635
  16.679   22.342   27.389
  16.526   23.490   26.602
  17.037   24.707   27.034
  17.644   20.156   30.151
  18.314   20.184   31.397
  15.948   25.111   26.768
  17.505   24.751   25.939
  17.462   25.736   27.384
  17.847   20.140   32.493
  19.403   19.780   31.664
  18.135   19.424   31.391
  31.309   13.446    0.968
  30.697   12.243    0.986
  31.426   11.031    1.018
  30.792    9.783    1.037
  29.405    9.703    1.023
  31.921   14.649    0.950
  31.191   15.861    0.917
  29.569    8.960    1.941
  29.588    8.923    0.141
  28.242    9.621    1.012
  31.008   16.641    1.799
  31.027   16.604   -0.000
  31.909   16.169    0.919
  16.760    5.215   48.332
  16.406    4.422   47.299
  16.386    3.011   47.409
  16.019    2.188   46.337
  15.658    2.747   45.118
  17.114    6.008   49.366
  17.133    7.419   49.256
  14.716    2.023   45.212
  16.432    1.958   44.674
  15.352    3.203   44.089
  16.358    8.208   49.700
  18.075    8.143   49.161
  17.365    7.367   50.000
  25.280    5.824   25.465
  24.446    5.928   26.522
  24.125    4.815   27.335
  23.260    4.923   28.431
  22.686    6.146   28.753
  26.113    5.721   24.408
  26.435    6.833   23.594
  23.075    5.893   29.850
  21.675    5.517   28.783
  22.198    7.167   29.034
  27.446    7.462   23.564
  26.047    7.086   22.497
  26.864    6.299   23.219
   8.191   32.599   47.073
   8.029   31.413   47.697
   6.755   30.817   47.857
   6.587   29.587   48.504
   7.687   28.909   49.015
   8.353   33.785   46.449
   9.626   34.380   46.289
   7.223   27.981   48.429
   7.020   28.835   50.000
   8.601   28.329   49.448
  10.293   34.454   45.304
  10.090   35.308   46.875
   9.205   34.934   45.934
  19.222   47.203   21.921
  20.215   46.450   22.440
  20.347   46.239   23.833
  21.376   45.458   24.372
  22.311   44.860   23.536
  18.229   47.956   21.402
  18.098   48.167   20.009
  22.056   43.882   24.166
  23.100   45.343   24.289
  23.103   44.353   22.847
  17.310   47.684   19.256
  18.354   49.146   19.379
  17.482   48.588   20.238
  31.301   29.809    5.068
  32.621   29.820    4.789
  33.465   30.882    5.193
  34.835   30.892    4.903
  35.410   29.841    4.200
  29.980   29.799    5.348
  29.136   28.737    4.944
  36.210   29.859    5.083
  35.875   30.713    3.534
  35.905   28.966    3.611
  28.670   27.865    5.610
  28.336   28.719    4.061
  28.595   29.173    5.301
  19.533   33.649   13.915
  19.881   34.416   14.970
  20.558   35.648   14.811
  20.919   36.443   15.906
  20.616   36.034   17.198
  19.185   32.883   12.860
  18.508   31.651   13.019
  20.182   37.139   17.306
  21.762   36.283   17.407
  20.367   35.703   18.288
  17.361   31.402   12.810
  18.942   30.546   12.911
  18.555   31.646   12.239
   9.765    1.917   22.116
   8.444    2.092   21.899
   7.953    2.741   20.742
   6.583    2.922   20.518
   5.655    2.461   21.443
  11.086    1.742   22.332
  11.577    1.092   23.490
   5.135    1.978   20.485
   5.204    3.559   21.343
   4.866    2.078   22.211
  12.028   -0.006   23.589
  12.097    1.575   24.447
  12.265    1.245   23.154
  22.597   11.779   37.942
  21.546   12.602   37.741
  21.680   14.010   37.765
  20.590   14.864   37.556
  19.327   14.339   37.315
  23.648   10.956   38.144
  23.514    9.548   38.119
  19.328   15.100   36.399
  18.990   15.102   38.167
  18.261   13.912   37.112
  23.850    8.785   37.268
  23.512    8.786   39.036
  24.280    9.578   38.266
  10.963   17.925   27.485
   9.945   18.759   27.182
  10.020   20.151   27.424
   8.965   21.016   27.110
   7.797   20.520   26.543
  11.980   17.091   27.787
  11.906   15.699   27.546
   7.958   21.402   25.758
   7.266   21.153   27.401
   6.812   20.117   26.067
  12.438   15.065   26.688
  11.746   14.817   28.331
  12.625   15.715   27.851
  43.299   44.664   13.498
  43.738   43.410   13.265
  44.769   43.137   12.334
  45.225   41.836   12.092
  44.666   40.761   12.771
  42.859   45.919   13.732
  41.828   46.192   14.663
  45.803   40.473   12.986
  44.576   40.286   11.682
  44.206   39.849   13.335
  41.919   46.666   15.752
  40.692   46.479   14.448
  41.961   46.926   14.433
  23.895   11.937   33.150
  22.951   12.370   32.287
  22.309   11.497   31.378
  21.330   11.946   30.483
  20.958   13.284   30.467
  24.839   11.505   34.012
  25.481   12.378   34.922
  19.852   12.843   30.516
  21.127   13.182   29.292
  20.636   14.405   30.442
  25.312   12.480   36.097
  26.587   12.819   34.872
  25.852   11.721   35.126
  17.135    3.258   16.532
  16.008    2.516   16.491
  15.999    1.146   16.844
  14.830    0.376   16.800
  13.629    0.950   16.403
  18.262    4.000   16.574
  18.271    5.371   16.221
  13.208    0.442   17.395
  13.562   -0.000   15.687
  12.614    1.418   16.071
  18.338    6.321   16.937
  18.693    5.878   15.229
  19.029    5.301   16.397
  41.823   43.899    5.453
  41.802   42.554    5.576
  40.592   41.821    5.590
  40.570   40.427    5.718
  41.758   39.717    5.835
  41.844   45.243    5.330
  43.054   45.976    5.316
  41.289   39.042    4.972
  41.210   39.207    6.763
  42.748   39.108    5.935
  43.602   46.485    4.388
  43.524   46.650    6.179
  42.564   46.579    5.238
  35.486    3.247   28.734
  35.892    4.252   29.538
  36.564    5.391   29.035
  36.985    6.433   29.869
  36.750    6.373   31.237
  35.079    2.242   27.929
  34.407    1.103   28.433
  36.326    7.476   31.080
  37.907    6.648   31.316
  36.559    6.336   32.387
  33.251    0.828   28.354
  34.831    0.000   28.590
  34.413    0.898   27.679
  25.973   32.952    2.097
  26.381   34.239    2.084
  25.465   35.317    2.085
  25.889   36.651    2.071
  27.244   36.955    2.057
  25.564   31.666    2.109
  26.481   30.588    2.109
  26.957   37.685    2.955
  26.941   37.672    1.155
  28.379   37.224    2.045
  26.784   29.871    3.011
  26.768   29.858    1.211
  25.823   30.167    2.118
  22.413    1.781   19.576
  21.222    1.526   20.158
  20.597    0.260   20.063
  19.362   -0.005   20.666
  18.707    0.987   21.385
  23.604    2.037   18.995
  24.229    3.303   19.089
  18.615    0.141   22.219
  17.770    0.669   20.720
  18.146    1.810   21.991
  25.165    3.621   19.754
  24.320    4.149   18.255
  24.774    2.948   18.657
  26.080   18.184   47.857
  25.676   17.535   46.745
  24.320   17.192   46.527
  23.901   16.519   45.374
  24.823   16.164   44.396
  26.484   18.834   48.970
  27.840   19.176   49.187
  24.038   16.672   43.657
  24.305   15.094   44.481
  25.585   15.861   43.568
  28.358   20.247   49.103
  28.624   18.669   49.927
  27.548   19.472   49.848
  28.056   13.756   37.118
  29.311   13.370   37.431
  29.711   12.013   37.391
  31.012   11.612   37.715
  31.961   12.555   38.092
  26.801   14.142   36.805
  26.401   15.499   36.845
  32.640   12.005   37.281
  32.150   11.809   39.002
  32.767   13.335   38.410
  26.212   16.244   35.935
  25.723   16.048   37.656
  25.719   15.194   36.617
   5.651   46.983   18.279
   5.409   46.530   19.528
   4.199   45.881   19.869
   3.948   45.411   21.163
   4.898   45.574   22.163
   5.893   47.436   17.030
   7.103   48.085   16.689
   4.707   44.414   22.354
   3.978   46.001   22.789
   5.687   45.704   23.012
   8.024   47.659   16.064
   7.294   49.246   16.499
   6.762   48.121   15.988
  39.741   18.311   16.032
  39.843   18.314   17.378
  39.288   19.346   18.170
  39.395   19.349   19.566
  40.060   18.320   20.220
  39.638   18.308   14.686
  40.193   17.275   13.893
  39.080   18.290   20.896
  40.622   19.211   20.777
  40.616   17.462   20.781
  39.632   16.384   13.336
  41.174   17.305   13.217
  39.893   17.704   13.314
  35.815   39.196   42.863
  35.200   40.370   43.120
  35.922   41.528   43.497
  35.284   42.745   43.763
  33.903   42.849   43.661
  36.430   38.021   42.607
  35.708   36.864   42.230
  34.154   43.813   43.007
  33.991   43.350   44.739
  32.744   42.950   43.579
  35.620   36.363   41.152
  35.458   35.900   42.884
  36.424   36.553   42.214
  41.338   15.565    5.028
  41.572   15.280    3.729
  40.652   15.621    2.709
  40.895   15.327    1.362
  42.066   14.680    0.987
  41.104   15.849    6.326
  42.024   15.508    7.346
  42.140   15.558    0.184
  41.326   13.965    0.386
  43.045   14.138    0.658
  42.764   16.223    7.947
  41.950   14.630    8.149
  41.482   15.842    7.799
  12.480   44.954   30.585
  12.768   46.270   30.494
  12.370   47.049   29.382
  12.668   48.414   29.288
  13.375   49.047   30.303
  12.192   43.638   30.675
  12.590   42.858   31.787
  12.497   49.850   30.235
  14.044   49.455   29.405
  13.967   49.592   31.147
  11.920   42.451   32.685
  13.468   42.055   31.855
  12.230   42.293   31.385
  32.410   33.802   37.910
  31.208   33.683   37.308
  30.447   32.492   37.382
  29.200   32.369   36.758
  28.669   33.432   36.038
  33.613   33.922   38.512
  34.373   35.113   38.438
  27.693   33.213   36.686
  28.499   32.607   35.195
  28.211   34.316   35.431
  34.544   35.938   39.281
  35.349   35.331   37.790
  34.870   34.697   38.875
  42.916   34.635   28.925
  42.215   33.493   28.763
  42.808   32.219   28.929
  42.081   31.034   28.760
  40.734   31.081   28.421
  43.617   35.777   29.087
  43.024   37.051   28.922
  40.612   30.318   29.328
  41.052   30.296   27.583
  39.604   31.107   28.136
  42.706   37.836   29.760
  43.146   37.814   28.015
  43.745   37.292   29.100
  40.286   16.157   40.683
  41.070   15.489   41.557
  40.609   14.351   42.260
  41.422   13.659   43.166
  42.725   14.081   43.401
  39.502   16.824   39.810
  39.963   17.962   39.107
  42.992   12.935   43.213
  42.408   13.994   44.546
  43.820   14.425   43.608
  40.280   18.049   37.961
  39.696   19.108   39.294
  39.241   17.939   38.809
  17.076   44.546   36.790
  17.894   43.694   36.136
  18.881   42.936   36.809
  19.729   42.053   36.131
  19.620   41.896   34.755
  16.258   45.398   37.444
  15.271   46.156   36.771
  19.611   40.734   35.019
  20.800   42.063   34.773
  19.539   41.754   33.600
  14.091   45.989   36.753
  15.280   47.318   36.507
  15.130   46.416   37.494
   4.277   36.042   38.485
   3.748   36.480   37.323
   4.558   36.933   36.254
   4.009   37.387   35.048
   2.632   37.405   34.869
   4.806   35.604   39.647
   3.996   35.152   40.716
   2.889   36.850   33.846
   2.824   38.524   34.506
   1.477   37.425   34.705
   3.804   34.033   41.079
   3.739   35.706   41.739
   4.691   35.044   41.056
   9.766    4.680   17.616
   8.987    4.866   16.529
   8.673    6.158   16.044
   7.865    6.351   14.917
   7.342    5.260   14.235
  10.545    4.494   18.702
  10.859    3.202   19.188
   7.775    5.817   13.275
   6.316    5.858   14.328
   6.897    4.352   13.654
  11.885    2.603   19.095
  10.426    2.645   20.148
  11.255    3.614   19.720
  21.822   34.826    5.901
  22.796   35.731    5.663
  22.568   37.123    5.769
  23.577   38.061    5.523
  24.851   37.640    5.162
  20.849   33.922    6.138
  21.077   32.529    6.032
  25.200   38.386    6.023
  24.727   38.440    4.288
  25.925   37.300    4.859
  21.201   31.729    6.907
  20.727   31.783    5.171
  20.323   32.498    6.237
  47.875    2.902   30.700
  47.726    3.657   29.591
  46.471    4.187   29.208
  46.316    4.971   28.058
  47.410    5.252   27.250
  48.025    2.147   31.809
  49.280    1.617   32.192
  47.021    6.375   27.337
  46.690    4.892   26.372
  48.320    5.496   26.563
  50.000    1.976   33.070
  49.669    0.494   32.105
  48.858    1.327   32.782
  42.307   44.148   29.220
  41.471   45.067   29.748
  41.886   45.964   30.761
  41.019   46.917   31.308
  39.706   47.007   30.863
  43.143   43.229   28.692
  42.729   42.332   27.679
  39.955   48.169   30.769
  39.447   46.985   32.026
  38.602   47.094   30.498
  42.988   42.355   26.516
  42.480   41.170   27.773
  43.467   42.085   27.744
  47.796   29.718   29.556
  48.127   28.648   28.802
  49.454   28.418   28.368
  49.797   27.309   27.586
  48.826   26.390   27.210
  47.465   30.787   30.310
  46.137   31.017   30.744
  49.611   25.590   27.615
  49.288   26.542   26.122
  48.021   25.611   26.887
  45.676   30.864   31.832
  45.352   31.816   30.339
  46.467   31.644   31.073
   6.747    8.253   15.963
   5.740    7.376   16.160
   4.398    7.797   16.317
   3.354    6.887   16.522
   3.614    5.523   16.576
   7.754    9.130   15.766
   9.095    8.709   15.609
   2.718    5.453   15.794
   2.963    5.571   17.573
   3.818    4.376   16.624
   9.746    8.661   14.612
   9.991    8.779   16.392
   9.217    9.478   15.542
   8.366   24.272    8.859
   9.098   25.392    9.042
  10.509   25.392    8.929
  11.268   26.553    9.118
  10.644   27.755    9.428
   7.634   23.153    8.676
   6.223   23.153    8.790
  11.317   28.183    8.543
  11.459   27.804   10.297
  10.133   28.770    9.689
   5.409   23.104    7.921
   5.550   22.725    9.675
   6.316   22.396    8.619
  19.026    7.876    9.418
  19.802    8.633    8.614
  20.493    9.771    9.094
  21.298   10.557    8.260
  21.440   10.232    6.917
  18.250    7.118   10.223
  17.559    5.981    9.743
  22.603   10.352    7.145
  21.183   11.383    6.746
  21.568    9.972    5.787
  17.816    4.830    9.914
  16.395    5.861    9.514
  17.322    5.943   10.486
  37.251   13.076   23.199
  37.484   12.592   24.438
  37.233   13.358   25.601
  37.475   12.857   26.885
  37.977   11.572   27.053
  37.017   13.559   21.960
  37.268   12.793   20.797
  37.083   11.465   27.833
  38.761   12.112   27.769
  38.398   10.496   27.207
  36.483   12.253   20.080
  38.162   12.900   20.016
  37.006   13.439   20.444
   6.874   10.456    3.308
   7.124   11.631    3.925
   7.870   12.660    3.303
   8.130   13.878    3.942
   7.653   14.110    5.226
   6.623    9.281    2.692
   5.878    8.252    3.314
   7.259   15.131    4.754
   8.776   14.448    5.441
   7.259   14.319    6.303
   4.755    7.915    3.099
   6.272    7.231    3.786
   6.019    7.887    2.638
  47.365    5.336   24.235
  46.384    4.414   24.149
  46.655    3.055   23.861
  45.637    2.098   23.771
  44.311    2.465   23.965
  48.347    6.259   24.322
  48.075    7.618   24.610
  44.297    1.533   24.707
  44.133    1.873   22.947
  43.195    2.760   24.127
  48.253    8.211   25.628
  48.089    8.551   23.868
  48.852    7.676   24.548
  17.228   33.191   27.313
  16.075   32.515   27.503
  16.043   31.105   27.616
  14.847   30.404   27.813
  13.641   31.088   27.905
  18.382   33.867   27.122
  18.414   35.277   27.009
  13.489   30.426   28.883
  13.276   30.288   27.101
  12.622   31.650   27.983
  18.780   36.078   27.812
  18.567   35.939   26.030
  19.180   35.146   26.928
  23.642    2.893   16.498
  22.407    2.400   16.726
  22.141    1.010   16.725
  20.860    0.499   16.962
  19.798    1.360   17.209
  24.878    3.386   16.269
  25.143    4.776   16.271
  19.601    0.640   18.139
  19.247    0.710   16.375
  18.897    2.071   17.418
  25.694    5.426   17.104
  25.340    5.496   15.341
  25.868    4.530   16.115
  22.257   48.295   22.291
  21.402   48.124   23.322
  21.838   47.669   24.589
  20.951   47.491   25.659
  19.598   47.763   25.499
  23.112   48.466   21.260
  22.676   48.921   19.993
  19.738   48.387   26.504
  19.457   46.686   25.989
  18.460   47.987   25.378
  22.817   49.999   19.503
  22.537   48.297   18.988
  23.435   48.848   19.824
  44.702   30.442   15.122
  45.016   31.718   15.432
  44.064   32.615   15.970
  44.391   33.938   16.291
  45.681   34.411   16.085
  44.387   29.166   14.813
  45.339   28.268   14.274
  45.579   34.799   17.207
  45.124   35.315   15.544
  46.760   34.820   15.918
  45.896   27.364   14.816
  45.441   27.880   13.152
  44.729   27.780   14.289
  29.128    6.449   22.424
  29.582    5.991   23.610
  30.219    6.839   24.547
  30.690    6.364   25.777
  30.542    5.024   26.113
  28.673    6.907   21.238
  28.036    6.060   20.301
  30.107    5.462   27.132
  31.701    5.097   26.380
  30.424    3.902   26.408
  26.877    5.987   20.034
  28.471    5.621   19.282
  27.994    6.723   19.890
   7.785   12.303   23.878
   8.568   11.926   22.845
   9.971   11.797   22.975
  10.782   11.406   21.903
  10.219   11.130   20.663
   7.003   12.680   24.912
   5.600   12.810   24.782
  10.869   10.134   20.735
  11.072   11.858   20.259
   9.760   10.895   19.617
   4.747   12.082   25.186
   4.950   13.806   24.711
   5.656   13.011   25.535
   4.097   24.106   23.851
   3.428   23.158   23.160
   2.015   23.125   23.108
   1.322   22.141   22.392
   2.018   21.157   21.702
   4.765   25.055   24.542
   6.179   25.088   24.594
   1.301   21.464   20.801
   1.272   20.418   22.266
   2.590   20.324   21.119
   6.925   25.827   24.031
   6.895   24.781   25.495
   6.041   25.715   25.039
  27.750   15.895    5.795
  27.501   14.622    5.420
  28.542   13.703    5.148
  28.283   12.383    4.759
  26.975   11.935    4.629
  27.999   17.168    6.169
  26.958   18.087    6.442
  27.357   11.026    5.299
  27.354   11.535    3.573
  25.881   11.546    4.517
  26.579   18.486    7.498
  26.576   18.995    5.772
  27.560   18.564    6.581
   1.516   29.147   40.374
   1.365   30.480   40.227
   2.455   31.330   39.923
   2.298   32.713   39.771
   1.045   33.295   39.918
   1.667   27.813   40.521
   0.577   26.964   40.825
   1.311   33.819   38.881
   1.623   34.048   40.639
  -0.001   33.797   40.038
  -0.001   26.211   40.104
   0.312   26.440   41.862
   1.134   26.416   40.797
   4.458   25.705   26.950
   3.354   26.428   26.663
   3.334   27.839   26.766
   2.190   28.589   26.468
   1.025   27.954   26.056
   5.561   24.982   27.237
   5.581   23.571   27.134
   1.048   28.762   25.181
   0.515   28.629   26.895
   0.040   27.434   25.709
   6.091   22.896   26.295
   5.558   22.763   28.009
   6.319   23.671   27.371
  23.767   27.362   41.322
  22.960   26.279   41.304
  21.552   26.395   41.230
  20.715   25.272   41.210
  21.257   23.994   41.264
  24.573   28.444   41.341
  25.982   28.329   41.415
  20.544   23.794   40.330
  20.453   23.830   42.128
  21.699   22.916   41.308
  26.786   28.493   40.551
  26.695   28.530   42.348
  25.940   29.109   41.397
   3.063   45.325   31.522
   2.441   44.256   30.982
   1.201   44.371   30.308
   0.556   43.262   29.748
   1.127   41.999   29.841
   3.685   46.395   32.063
   4.924   46.280   32.736
   0.913   41.958   28.669
   0.044   41.679   30.221
   1.596   40.933   29.911
   6.008   46.600   32.356
   5.139   46.321   33.908
   4.828   47.051   32.821
   2.809   17.036   39.361
   2.494   18.330   39.577
   2.986   19.045   40.695
   2.659   20.388   40.920
   1.830   21.064   40.034
   3.123   15.741   39.144
   2.632   15.026   38.026
   2.686   21.892   40.068
   1.249   21.383   41.024
   1.135   21.644   39.298
   3.213   14.707   37.035
   1.776   14.198   37.992
   3.049   14.449   38.345
   4.419    4.725   41.974
   4.888    3.460   41.916
   4.079    2.345   42.236
   4.566    1.033   42.177
   5.879    0.791   41.795
   3.949    5.989   42.031
   4.759    7.105   41.711
   5.382   -0.001   41.057
   5.902    0.114   42.776
   6.980    0.573   41.476
   4.736    7.782   40.731
   5.256    7.897   42.450
   4.104    7.495   41.883
  32.896   23.113   15.984
  33.319   21.854   16.226
  34.667   21.468   16.043
  35.106   20.162   16.293
  34.210   19.196   16.736
  32.474   24.373   15.743
  31.125   24.759   15.925
  35.042   18.991   17.564
  34.683   18.543   15.858
  33.470   18.375   17.107
  30.653   25.413   16.803
  30.293   24.965   15.097
  31.401   25.449   15.686
  41.850   30.303   23.100
  43.084   29.803   23.324
  43.406   28.453   23.050
  44.686   27.934   23.282
  45.688   28.746   23.796
  40.616   30.804   22.877
  40.293   32.154   23.151
  46.329   28.305   22.894
  45.841   27.849   24.566
  46.539   29.418   24.228
  40.140   33.051   22.381
  39.652   32.595   24.053
  39.594   31.930   22.885
  18.010   17.827   29.434
  16.704   17.686   29.748
  15.862   16.778   29.063
  14.508   16.633   29.389
  13.948   17.389   30.411
  19.315   17.967   29.120
  20.158   18.875   29.805
  13.531   16.338   30.785
  13.108   17.625   29.600
  13.466   18.018   31.266
  20.998   18.640   30.616
  20.575   19.927   29.430
  20.689   18.592   29.307
  25.279   26.450   16.634
  25.341   27.753   16.982
  25.068   28.192   18.299
  25.133   29.544   18.660
  25.474   30.504   17.716
  25.216   25.148   16.287
  25.489   24.709   14.970
  26.242   30.866   18.552
  24.505   31.063   18.125
  25.759   31.321   16.933
  26.459   24.149   14.560
  24.721   24.347   14.133
  25.333   24.011   15.283
  18.724   13.081   28.642
  19.650   12.723   27.727
  19.514   11.555   26.940
  20.474   11.184   25.991
  21.604   11.969   25.795
  17.799   13.438   29.558
  17.934   14.607   30.345
  21.307   11.879   24.644
  22.182   10.932   25.899
  22.557   12.618   25.620
  17.356   15.643   30.240
  18.231   14.696   31.495
  17.252   14.362   30.636
   5.091    4.654   27.943
   5.770    3.487   27.970
   5.498    2.483   28.929
   6.203    1.273   28.956
   7.204    1.025   28.026
   4.411    5.820   27.917
   4.683    6.825   26.958
   6.630   -0.008   27.876
   7.842    0.724   28.986
   8.047    0.804   27.251
   4.045    7.126   25.997
   5.258    7.857   27.108
   4.111    7.194   27.339
  39.219   25.754   25.071
  39.711   25.951   26.313
  40.530   24.992   26.956
  41.039   25.196   28.244
  40.749   26.366   28.935
  38.728   25.557   23.829
  37.909   26.516   23.186
  41.926   26.397   29.116
  40.463   25.619   29.818
  40.513   27.343   29.526
  38.195   27.262   22.303
  36.732   26.484   23.005
  37.918   25.983   22.615
  17.594   16.726   22.222
  18.095   15.904   23.168
  17.396   14.757   23.613
  17.916   13.905   24.594
  19.154   14.169   25.165
  17.092   17.548   21.276
  17.792   18.695   20.831
  19.369   13.024   24.913
  18.570   14.008   26.191
  20.193   14.378   25.653
  18.376   18.856   19.805
  17.577   19.839   21.083
  17.161   18.772   20.377
  18.695   25.332    6.926
  19.529   26.383    6.778
  20.545   26.402    5.792
  21.409   27.492    5.639
  21.289   28.603    6.465
  17.862   24.280    7.074
  16.846   24.261    8.059
  21.316   29.207    5.439
  22.464   28.462    6.608
  21.199   29.541    7.152
  15.671   24.402    7.917
  16.819   23.657    9.086
  16.706   23.558    7.749
  25.303   27.672    9.867
  23.960   27.556    9.795
  23.305   27.149    8.609
  21.912   27.028    8.533
  21.125   27.311    9.642
  26.646   27.789    9.940
  27.301   28.196   11.126
  20.626   26.258    9.394
  20.506   27.976    8.871
  20.451   27.545   10.565
  27.920   27.532   11.898
  27.799   29.250   11.375
  27.936   28.105   10.681
  47.102    8.010   16.529
  45.775    7.913   16.298
  44.978    9.048   16.016
  43.603    8.947   15.776
  42.975    7.708   15.810
  48.429    8.107   16.760
  49.226    6.973   17.042
  42.521    8.055   14.764
  42.199    8.266   16.523
  42.436    6.675   15.835
  50.001    6.415   16.329
  49.679    6.626   18.088
  49.790    7.511   17.081
  17.828   23.028   14.852
  18.034   23.635   13.664
  17.546   23.094   12.451
  17.761   23.723   11.219
  18.471   24.915   11.156
  17.621   22.422   16.041
  18.109   22.963   17.254
  17.546   25.280   10.500
  19.077   24.357   10.295
  19.065   25.916   11.088
  17.502   23.520   18.115
  19.034   22.597   17.910
  17.766   22.327   17.552
   7.487   41.421   17.060
   6.409   41.238   17.851
   6.376   40.242   18.855
   5.257   40.052   19.675
   4.131   40.851   19.520
   8.566   41.605   16.269
   8.599   42.601   15.264
   4.223   40.984   20.700
   3.553   39.809   19.513
   3.180   41.515   19.400
   9.178   43.642   15.271
   8.507   42.467   14.084
   9.314   42.310   15.149
  44.387   15.451   27.200
  44.708   16.696   27.610
  44.613   17.816   26.750
  44.946   19.108   27.176
  45.386   19.325   28.475
  44.066   14.205   26.790
  44.161   13.085   27.649
  44.565   20.189   28.470
  46.265   19.926   27.939
  45.757   19.522   29.563
  43.283   12.484   28.186
  44.982   12.221   27.654
  43.904   12.710   27.014
  16.372   40.685   27.906
  17.611   40.797   27.381
  18.702   40.037   27.865
  19.987   40.154   27.321
  20.226   41.035   26.274
  15.133   40.572   28.430
  14.042   41.332   27.946
  20.753   40.092   25.773
  21.136   41.394   26.956
  20.441   41.771   25.395
  13.132   40.974   27.265
  13.514   42.275   28.448
  13.659   40.939   28.502
  11.593   43.207    2.579
  12.859   43.534    2.913
  13.226   43.850    4.242
  14.540   44.189    4.588
  15.533   44.224    3.617
  10.326   42.880    2.245
   9.959   42.564    0.915
  16.139   43.558    4.398
  15.772   45.293    4.087
  16.376   44.258    2.812
   9.719   41.495    0.446
   9.353   43.230    0.135
   9.256   42.474    1.244
  19.530   45.850   15.928
  19.670   46.917   15.114
  20.881   47.187   14.433
  21.027   48.294   13.588
  19.966   49.171   13.394
  19.389   44.782   16.742
  18.178   44.512   17.423
  20.220   49.016   12.240
  20.782   50.006   13.634
  19.085   49.914   13.222
  17.363   43.677   17.183
  17.925   44.667   18.577
  18.588   43.903   17.690
  28.946   44.745    1.860
  30.230   45.159    1.911
  30.631   46.261    2.702
  31.963   46.691    2.754
  32.940   46.034    2.017
  27.662   44.330    1.810
  27.260   43.228    1.018
  33.532   46.028    3.051
  33.229   47.135    1.664
  33.770   45.492    1.404
  26.971   42.127    1.371
  26.668   43.234   -0.016
  26.560   43.407    1.314
  31.165   20.938   18.294
  29.853   21.244   18.393
  28.847   20.423   17.833
  27.487   20.740   17.936
  27.085   21.890   18.603
  32.476   20.633   18.195
  33.482   21.454   18.755
  26.337   21.149   19.160
  26.437   22.077   17.621
  26.734   22.853   19.161
  34.131   21.267   19.738
  34.231   22.195   18.198
  33.949   20.905   18.455
   3.780   27.678    9.147
   4.214   27.999   10.384
   3.319   28.304   11.437
   3.769   28.638   12.720
   5.130   28.677   12.996
   3.346   27.357    7.909
   4.241   27.051    6.857
   4.827   28.004   13.932
   4.872   29.742   13.465
   6.269   28.714   13.242
   4.500   25.987    6.388
   4.544   27.724    5.921
   3.575   26.961    6.459
   6.612   41.054   42.974
   6.966   41.350   41.705
   6.518   42.525   41.057
   6.885   42.833   39.741
   7.713   41.976   39.027
   6.258   40.757   44.242
   6.707   39.582   44.891
   8.323   42.972   38.792
   6.880   42.085   38.182
   8.408   41.266   38.416
   7.540   39.473   45.736
   6.097   38.586   45.127
   6.281   39.871   45.478
  39.739    4.052   35.508
  38.747    3.138   35.443
  37.382    3.511   35.461
  36.354    2.564   35.393
  36.653    1.211   35.304
  40.732    4.965   35.574
  42.097    4.592   35.556
  35.877    1.231   34.400
  35.869    1.112   36.196
  36.890    0.071   35.229
  42.881    4.691   34.664
  42.872    4.571   36.460
  42.198    5.365   35.608
  14.155   10.417   10.622
  13.117   11.281   10.621
  11.784   10.852   10.830
  10.708   11.747   10.829
  10.926   13.103   10.619
  15.192    9.554   10.623
  16.525    9.982   10.414
  10.250   13.230   11.592
  10.050   12.987    9.820
  11.094   14.244   10.444
  17.401   10.098   11.213
  17.201    9.856    9.441
  16.671    9.220   10.502
  20.709    4.751   34.996
  20.849    4.431   33.692
  21.147    5.404   32.709
  21.292    5.072   31.356
  21.143    3.756   30.939
  20.570    5.071   36.300
  20.272    4.098   37.283
  22.177    3.953   30.380
  20.417    4.233   30.123
  21.021    2.654   30.575
  20.997    3.621   38.099
  19.238    3.901   37.842
  20.302    4.720   37.755
   4.606   13.686   28.587
   3.431   14.252   28.939
   2.285   13.477   29.237
   1.067   14.064   29.601
   0.952   15.446   29.681
   5.780   13.121   28.236
   6.926   13.896   27.938
   0.469   15.214   30.746
  -0.020   15.273   29.015
   0.842   16.605   29.752
   7.899   14.068   28.605
   7.409   14.128   26.874
   7.242   13.190   27.825
  20.445   34.920    3.730
  19.526   34.109    4.296
  18.173   34.497    4.443
  17.220   33.656    5.030
  17.585   32.398    5.491
  21.364   35.731    3.164
  22.717   35.343    3.017
  16.637   32.037    4.865
  17.014   32.737    6.480
  17.878   31.339    5.881
  23.288   35.004    2.028
  23.665   35.704    3.642
  22.775   36.052    2.696
  18.024   45.838   35.276
  17.209   45.074   34.519
  15.885   44.768   34.916
  15.040   43.975   34.131
  15.487   43.460   32.921
  18.840   46.602   36.034
  20.163   46.909   35.637
  14.465   43.907   32.502
  15.059   42.433   33.348
  15.850   43.022   31.903
  20.591   47.936   35.209
  21.185   46.462   36.055
  20.163   47.298   36.314
  23.500   12.165   47.607
  23.117   10.943   48.035
  24.053    9.921   48.321
  23.655    8.654   48.764
  22.308    8.364   48.937
  23.884   13.387   47.179
  22.948   14.409   46.893
  22.665    7.961   50.001
  22.568    7.394   48.295
  21.180    8.107   49.087
  22.688   15.378   47.536
  22.591   14.812   45.830
  23.597   14.809   46.724
  12.711   47.399   16.716
  13.109   46.154   17.053
  14.341   45.615   16.612
  14.754   44.324   16.962
  13.950   43.526   17.766
  12.312   48.644   16.378
  11.080   49.183   16.819
  14.954   43.365   18.387
  14.142   42.708   16.921
  13.285   42.845   18.440
  10.888   50.001   17.664
  10.076   49.344   16.198
  11.324   49.800   16.407
  16.499    9.306   35.545
  17.775    9.173   35.964
  18.853    9.806   35.300
  20.176    9.668   35.735
  20.470    8.893   36.849
  15.222    9.439   35.126
  14.145    8.805   35.790
  21.092    9.850   37.190
  21.289    8.406   36.133
  20.730    8.244   37.783
  13.326    9.292   36.506
  13.523    7.848   35.449
  13.731    9.159   35.230
  27.889    4.678   37.589
  27.207    3.672   37.000
  27.860    2.532   36.474
  27.153    1.489   35.862
  25.770    1.549   35.755
  28.570    5.683   38.178
  27.917    6.824   38.704
  25.817    0.447   36.206
  25.976    1.272   34.615
  24.608    1.587   35.659
  27.711    7.100   39.845
  27.870    7.925   38.253
  28.650    7.028   38.884
  32.512   42.424   18.487
  33.267   42.910   19.495
  34.641   43.204   19.328
  35.424   43.708   20.373
  34.861   43.936   21.623
  31.757   41.938   17.479
  30.383   41.644   17.645
  35.385   45.001   21.520
  35.804   43.322   22.016
  34.401   44.131   22.676
  29.440   42.257   17.252
  29.859   40.578   17.748
  30.445   41.438   16.894
  23.684   32.803   47.853
  22.374   32.889   47.539
  21.496   31.787   47.674
  20.138   31.877   47.348
  19.608   33.071   46.876
  24.994   32.717   48.168
  25.872   33.819   48.033
  18.778   32.882   47.710
  19.149   32.379   46.022
  19.151   34.068   46.479
  26.331   34.511   48.888
  26.702   34.008   47.200
  26.392   33.301   48.301
  47.408   20.190   11.138
  46.745   19.570   10.138
  45.998   18.387   10.354
  45.310   17.744    9.318
  45.345   18.261    8.029
  48.071   20.809   12.137
  48.817   21.992   11.921
  44.161   18.130    8.085
  45.623   17.143    7.727
  45.365   18.685    6.942
  48.539   23.111   12.223
  50.001   22.123   11.865
  48.955   21.918   12.686
  47.379   47.415   36.108
  46.884   47.106   37.325
  45.494   46.970   37.557
  44.981   46.650   38.820
  45.839   46.455   39.896
  47.874   47.724   34.890
  49.263   47.861   34.658
  45.207   45.456   40.051
  45.102   47.208   40.452
  46.547   46.289   40.807
  50.000   47.108   34.102
  49.894   48.859   34.503
  49.019   48.012   33.932
  13.957   13.078   25.623
  13.754   12.518   26.834
  13.533   11.129   26.991
  13.322   10.549   28.247
  13.324   11.336   29.391
  14.161   13.638   24.411
  14.381   15.027   24.254
  14.075   10.508   29.803
  12.303   10.769   29.626
  13.323   11.986   30.360
  15.402   15.595   24.019
  13.630   15.856   23.842
  14.427   14.827   23.501
  13.717   35.049   19.674
  13.671   34.675   18.378
  14.706   34.995   17.467
  14.658   34.608   16.123
  13.572   33.887   15.641
  13.764   35.423   20.971
  12.729   35.103   21.881
  14.413   33.171   15.192
  13.575   34.709   14.779
  12.668   33.281   15.223
  12.727   34.280   22.743
  11.888   35.818   22.330
  13.191   35.489   22.378
  18.224   31.166   20.687
  18.039   30.218   21.630
  16.859   30.156   22.409
  16.667   29.173   23.388
  17.648   28.217   23.621
  18.410   32.114   19.743
  19.589   32.176   18.964
  16.739   27.452   23.532
  17.495   28.527   24.762
  18.462   27.409   23.828
  19.742   31.865   17.824
  20.498   32.941   19.053
  19.223   32.790   18.651
  26.891   13.897   25.115
  27.224   15.205   25.141
  28.570   15.635   25.211
  28.915   16.992   25.238
  27.926   17.967   25.196
  26.559   12.589   25.089
  25.212   12.158   25.019
  28.602   18.431   24.332
  28.513   18.418   26.130
  27.106   18.795   25.161
  24.626   11.707   24.085
  24.536   11.694   25.883
  25.549   11.453   25.030
  38.384   25.097   27.845
  38.544   26.018   28.819
  37.554   26.988   29.104
  37.719   27.943   30.114
  38.882   27.962   30.876
  38.224   24.175   26.872
  39.214   23.205   26.587
  38.124   28.001   31.795
  38.882   29.123   30.609
  39.852   27.989   31.522
  39.213   22.044   26.853
  39.971   23.166   25.668
  38.693   22.987   26.047
  31.908   31.245   38.470
  31.076   30.959   39.494
  31.298   31.451   40.802
  30.434   31.155   41.863
  29.317   30.356   41.654
  32.741   31.531   37.447
  32.519   31.038   36.139
  28.745   31.231   42.224
  29.720   29.768   42.609
  28.376   29.686   41.493
  32.116   31.625   35.184
  33.092   30.162   35.569
  33.175   31.436   35.993
  16.457   10.978   28.070
  16.568   11.254   26.753
  15.435   11.384   25.916
  15.551   11.670   24.550
  16.804   11.836   23.973
  16.346   10.702   29.387
  17.479   10.572   30.224
  16.322   12.830   23.525
  16.388   11.068   23.162
  17.849   11.978   23.476
  17.894   11.339   31.035
  17.960    9.578   30.672
  16.931   10.440   30.765
   6.492   39.064   40.056
   7.053   37.836   40.068
   8.294   37.572   39.441
   8.875   36.298   39.453
   8.236   35.243   40.093
   5.932   40.292   40.045
   4.691   40.556   40.671
   9.302   35.075   40.599
   8.443   34.668   39.069
   7.710   34.349   40.625
   4.483   41.131   41.694
   3.625   40.724   40.165
   4.829   41.276   40.402
  10.880   19.183   33.663
   9.585   19.311   34.024
   8.824   18.213   34.490
   7.482   18.346   34.864
   6.852   19.582   34.786
  12.174   19.055   33.302
  12.935   20.153   32.836
   6.513   19.334   35.901
   6.006   18.969   34.212
   6.312   20.613   34.725
  13.781   20.766   33.409
  13.275   20.401   31.721
  13.493   19.609   32.787
  16.416   22.482    5.619
  16.177   23.551    4.829
  15.368   23.463    3.672
  15.121   24.571    2.853
  15.673   25.808    3.163
  16.655   21.413    6.408
  17.464   21.501    7.565
  14.559   26.200    3.005
  16.012   25.797    2.021
  16.131   26.851    3.412
  17.126   21.511    8.708
  18.578   21.109    7.724
  17.288   20.742    7.616
  46.054   24.068    7.264
  46.473   25.087    6.484
  46.558   26.414    6.966
  46.993   27.471    6.157
  47.358   27.238    4.837
  45.634   23.049    8.044
  45.549   21.721    7.562
  48.331   27.859    5.132
  46.634   28.157    4.611
  47.667   27.056    3.727
  46.273   20.801    7.788
  44.576   21.100    7.266
  45.301   21.585    8.290
   4.884   35.027   23.507
   4.731   34.477   24.730
   5.587   34.799   25.810
   5.428   34.228   27.078
   4.408   33.314   27.312
   5.037   35.578   22.284
   4.182   35.255   21.204
   4.183   34.004   28.257
   5.282   32.658   27.788
   3.557   32.545   27.522
   3.308   35.911   20.727
   4.408   34.565   20.259
   4.642   35.762   20.827
  37.456    5.507   38.445
  37.912    4.278   38.123
  37.038    3.185   37.916
  37.511    1.910   37.582
  38.874    1.683   37.443
  37.001    6.737   38.767
  37.875    7.830   38.974
  38.553    1.174   36.415
  38.662    0.757   38.162
  40.016    1.479   37.323
  38.087    8.756   38.255
  38.196    8.339   40.003
  37.203    8.205   39.106
  12.656   15.367   49.109
  12.827   14.028   49.110
  14.112   13.435   49.111
  14.289   12.047   49.112
  13.187   11.201   49.113
  12.485   16.706   49.108
  11.200   17.298   49.107
  13.759   10.669   50.013
  13.759   10.668   48.213
  12.271   10.479   49.113
  10.628   17.831   50.006
  10.628   17.829   48.206
  11.620   17.957   49.106
  15.976   26.258   33.402
  14.663   26.250   33.090
  14.174   25.624   31.919
  12.812   25.616   31.595
  11.890   26.232   32.432
  17.290   26.267   33.714
  17.779   26.892   34.885
  11.304   25.200   32.332
  11.510   26.740   31.423
  11.106   26.746   33.125
  18.159   26.385   35.894
  18.365   27.925   34.985
  18.463   26.637   34.608
  40.254    8.953   10.773
  38.929    8.948   11.034
  38.222    7.752   11.301
  36.848    7.748   11.572
  36.133    8.939   11.584
  41.579    8.957   10.512
  42.286   10.153   10.244
  35.729    8.534   12.630
  35.384    8.345   10.873
  35.521    9.931   11.598
  43.036   10.747   10.955
  42.690   10.558    9.198
  42.887    9.658   10.179
  13.733   13.480   15.219
  14.928   13.188   14.664
  15.431   11.866   14.618
  16.671   11.563   14.043
  17.453   12.572   13.493
  12.537   13.771   15.773
  12.034   15.093   15.819
  17.517   11.834   12.560
  18.317   12.084   14.153
  18.118   13.409   13.028
  11.170   15.581   15.160
  11.969   15.831   16.753
  11.435   14.740   16.175
  32.348   12.838   45.845
  31.777   13.872   45.191
  32.548   14.861   44.534
  31.956   15.933   43.855
  30.573   16.054   43.809
  32.918   11.804   46.499
  32.147   10.815   47.156
  30.755   16.199   42.640
  30.791   17.175   44.152
  29.414   16.169   43.762
  31.930    9.695   46.813
  31.965   10.671   48.325
  32.854   10.528   47.325
   7.712   16.590   43.681
   8.035   16.653   42.372
   8.154   17.886   41.687
   8.490   17.951   40.329
   8.718   16.786   39.608
   7.388   16.528   44.990
   7.269   15.295   45.675
   9.709   17.349   39.261
   7.964   17.277   38.827
   8.911   15.816   38.990
   8.023   14.804   46.456
   6.277   14.732   46.021
   7.100   15.766   46.274
  25.184   36.783   33.749
  24.151   37.596   34.054
  23.912   38.040   35.376
  22.840   38.884   35.693
  21.969   39.312   34.700
  26.218   35.969   33.443
  26.457   35.525   32.121
  22.171   40.389   35.168
  21.128   38.953   35.463
  21.231   39.680   33.875
  27.298   35.885   31.358
  26.255   34.448   31.653
  27.056   35.160   32.466
  43.128    2.506   39.138
  42.504    3.052   40.203
  42.511    2.431   41.475
  41.864    2.997   42.580
  41.188    4.204   42.453
  43.752    1.960   38.072
  43.745    2.581   36.800
  41.811    4.506   43.423
  40.305    3.618   42.997
  40.617    5.217   42.360
  44.628    3.167   36.256
  43.122    2.278   35.830
  44.169    1.953   36.610
  32.544   31.360    1.207
  33.669   30.639    1.015
  34.908   31.018    1.582
  36.075   30.270    1.383
  36.044   29.116    0.609
  31.419   32.081    1.399
  30.179   31.702    0.832
  36.613   28.634    1.538
  36.987   29.608    0.071
  36.031   28.146   -0.038
  29.236   31.210    1.370
  29.609   32.184   -0.097
  29.935   32.347    1.198
  16.156    7.279   36.460
  16.041    6.630   35.282
  16.124    5.220   35.191
  16.004    4.547   33.969
  15.797    5.259   32.795
  16.272    7.928   37.637
  16.189    9.338   37.728
  14.917    4.474   32.626
  16.697    4.593   32.386
  15.624    5.845   31.801
  15.289   10.004   38.137
  17.069   10.124   37.896
  16.301    9.190   38.487
  39.389   30.482   34.901
  39.263   31.825   34.943
  40.386   32.685   34.937
  40.255   34.078   34.980
  38.995   34.661   35.030
  39.516   29.138   34.860
  38.392   28.278   34.865
  39.412   35.331   34.138
  39.460   35.280   35.936
  37.943   35.163   35.072
  37.927   27.659   33.959
  37.975   27.608   35.758
  38.946   27.729   34.835
  35.437    5.687   12.758
  36.594    5.612   12.067
  37.855    5.736   12.698
  39.055    5.659   11.980
  39.037    5.454   10.606
  34.281    5.761   13.450
  33.020    5.637   12.819
  39.830    4.600   10.854
  39.787    6.380   10.590
  39.036    5.282    9.453
  32.270    4.711   12.836
  32.227    6.491   12.571
  32.763    5.739   13.549
   3.485   33.281   30.475
   4.717   33.826   30.548
   5.845   33.079   30.965
   7.123   33.645   31.041
   7.319   34.979   30.703
   2.252   32.735   30.401
   1.125   33.482   29.985
   8.208   34.544   30.039
   7.895   35.023   31.746
   7.498   36.096   30.423
   0.549   33.438   28.942
   0.236   33.916   30.649
   0.761   32.802   30.109
  29.672   10.814   44.715
  29.852   10.180   43.537
  31.141    9.911   43.019
  31.328    9.253   41.798
  30.232    8.840   41.051
  29.492   11.449   45.893
  28.203   11.717   46.411
  30.815    7.801   41.012
  30.801    9.385   40.156
  29.321    8.487   40.413
  27.634   11.172   47.305
  27.620   12.756   46.450
  28.618   12.034   46.991
  39.525   37.660   13.335
  40.622   37.830   12.567
  41.519   38.907   12.769
  42.657   39.084   11.973
  42.939   38.191   10.947
  38.428   37.489   14.103
  37.531   36.412   13.901
  44.024   38.171   11.439
  43.068   39.182   10.297
  43.188   37.450   10.082
  37.402   35.422   14.551
  36.446   36.433   13.409
  37.163   36.745   14.504
  38.541   13.041    7.450
  38.468   14.044    8.351
  39.610   14.778    8.750
  39.535   15.819    9.683
  38.314   16.163   10.251
  38.614   12.038    6.550
  37.472   11.304    6.151
  38.630   17.270    9.942
  38.919   16.095   11.275
  37.296   16.462   10.735
  36.868   11.372    5.126
  37.156   10.197    6.459
  37.998   10.931    5.709
  22.453   16.871   22.624
  22.499   15.887   21.701
  22.448   14.519   22.059
  22.495   13.499   21.101
  22.595   13.811   19.751
  22.407   17.854   23.548
  22.458   19.222   23.190
  21.686   13.049   19.641
  23.481   13.015   19.766
  22.679   14.059   18.614
  21.572   20.019   23.175
  23.367   19.985   23.300
  22.406   19.317   23.964
  23.361   45.908   35.533
  22.531   45.707   34.487
  21.515   44.722   34.514
  20.655   44.514   33.430
  20.779   45.283   32.280
  24.190   46.109   36.579
  25.206   47.094   36.552
  19.604   45.432   32.409
  20.754   44.228   31.728
  20.872   45.922   31.308
  25.231   48.150   37.104
  26.381   46.945   36.423
  25.344   46.820   37.270
  16.388   14.768    8.723
  15.561   15.154    7.728
  14.923   16.417    7.730
  14.066   16.818    6.698
  13.817   15.970    5.627
  17.214   14.381    9.718
  17.852   13.118    9.715
  14.074   16.932    4.973
  12.676   16.224    5.859
  13.599   15.268    4.721
  18.993   12.864    9.483
  17.595   12.156   10.369
  18.145   13.383   10.389
  40.545    3.181    2.412
  41.665    3.504    3.093
  41.995    4.846    3.400
  43.156    5.181    4.106
  44.028    4.187    4.532
  39.426    2.857    1.730
  39.095    1.516    1.424
  43.952    4.749    5.580
  44.857    4.881    4.030
  44.769    3.363    4.895
  38.267    0.822    1.926
  39.172    0.953    0.376
  38.476    1.856    1.091
  30.527   27.981   25.960
  29.679   28.774   26.648
  29.167   28.405   27.914
  28.287   29.228   28.628
  27.888   30.449   28.101
  31.375   27.188   25.271
  31.887   27.557   24.005
  28.193   30.865   29.175
  26.794   30.063   28.375
  27.545   31.477   27.670
  32.981   27.943   23.731
  31.582   27.141   22.931
  32.247   26.867   24.068
  11.156   20.024   15.788
  11.548   19.737   14.529
  10.628   19.343   13.528
  11.034   19.045   12.222
  12.375   19.131   11.869
  10.764   20.311   17.048
  11.685   20.705   18.048
  11.958   19.767   10.952
  12.191   18.044   11.417
  13.497   19.199   11.560
  11.868   21.792   18.500
  12.101   20.069   18.965
  11.036   20.735   18.483
  13.033   20.628   21.299
  12.872   21.961   21.432
  11.591   22.559   21.499
  11.424   23.942   21.637
  12.533   24.777   21.713
  13.194   19.294   21.165
  14.474   18.696   21.098
  11.970   25.221   22.665
  11.959   25.399   20.874
  13.454   25.489   21.778
  15.048   18.074   21.937
  15.037   18.251   20.146
  14.049   18.043   21.036
  24.695   43.436   36.781
  24.753   44.043   35.576
  25.860   43.884   34.709
  25.920   44.514   33.460
  24.875   45.325   33.034
  24.637   42.829   37.985
  23.530   42.988   38.853
  24.950   44.675   32.037
  25.747   46.101   32.794
  24.005   46.008   32.664
  22.658   42.212   39.092
  23.456   43.637   39.849
  23.953   42.511   39.305
  35.487   18.490   10.443
  35.258   19.222    9.332
  35.572   18.741    8.039
  35.334   19.500    6.887
  34.774   20.768    6.988
  35.716   17.757   11.554
  35.403   18.238   12.847
  34.033   20.365    6.146
  35.679   21.082    6.279
  34.305   21.833    7.057
  34.498   17.924   13.556
  36.144   18.641   13.689
  35.688   17.543   13.059
   2.066   19.736   43.483
   1.750   21.004   43.145
   2.704   21.895   42.599
   2.376   23.210   42.248
   1.082   23.681   42.431
   2.382   18.467   43.821
   1.428   17.577   44.367
   1.195   24.047   41.303
   1.630   24.597   42.961
  -0.000   24.089   42.580
   0.880   16.660   43.837
   1.315   17.210   45.495
   2.039   17.091   44.367
  13.008    6.996   45.386
  12.635    5.738   45.071
  13.581    4.725   44.783
  13.194    3.420   44.457
  11.848    3.081   44.406
  13.381    8.255   45.702
  12.436    9.268   45.989
  12.186    2.166   45.090
  12.139    2.616   43.348
  10.722    2.783   44.360
  12.145    9.732   47.047
  12.097   10.183   45.305
  13.082    9.696   46.083
  40.335   20.617   33.827
  41.365   21.485   33.749
  41.279   22.687   33.006
  42.348   23.587   32.925
  43.541   23.319   33.584
  39.304   19.749   33.905
  39.390   18.547   34.647
  43.419   24.433   33.988
  44.031   23.575   32.529
  44.548   23.105   34.132
  38.900   18.291   35.703
  39.513   17.433   34.244
  38.658   18.461   34.390
  16.560   23.192   35.946
  15.504   22.355   35.856
  14.221   22.712   36.334
  13.127   21.844   36.241
  13.276   20.588   35.666
  17.615   24.029   36.036
  18.898   23.672   35.557
  12.312   20.902   35.041
  12.722   20.214   36.652
  13.388   19.531   35.186
  19.453   24.046   34.571
  19.862   23.358   36.183
  19.077   24.387   35.817
  38.741   25.750   33.229
  39.954   26.229   33.578
  41.145   25.773   32.965
  42.403   26.269   33.326
  42.515   27.240   34.313
  37.528   25.272   32.880
  36.337   25.728   33.493
  43.195   27.795   33.508
  43.345   26.508   34.757
  42.624   28.055   35.140
  35.508   26.460   33.050
  35.657   25.173   34.299
  36.013   25.214   33.002
  22.583   30.350   49.713
  22.706   31.678   49.509
  23.801   32.417   50.015
  23.928   33.795   49.804
  22.965   34.484   49.077
  22.460   29.021   49.917
  21.365   28.282   49.410
  23.906   34.915   48.487
  22.989   35.233   50.003
  22.163   35.074   48.469
  21.340   27.532   48.484
  20.424   27.850   50.001
  21.738   27.692   49.760
   0.297    3.292   30.793
   0.500    4.430   31.491
  -0.001    5.678   31.052
   0.209    6.858   31.775
   0.927    6.832   32.964
   0.095    2.154   30.095
   0.595    0.906   30.535
  -0.000    7.449   33.387
   1.523    7.739   32.473
   1.528    6.823   33.964
  -0.001   -0.002   31.026
   1.523    0.288   30.112
   0.250    0.657   29.880
   4.066   45.653   15.148
   4.661   45.005   14.124
   5.548   45.660   13.236
   6.165   44.988   12.174
   5.917   43.638   11.962
   3.472   46.301   16.173
   2.585   45.647   17.060
   7.105   43.561   11.909
   5.721   43.984   10.838
   5.717   42.504   11.772
   2.781   45.301   18.184
   1.397   45.723   17.113
   2.553   46.357   17.383
  30.859   25.310   37.349
  31.992   25.213   38.077
  32.134   24.270   39.123
  33.308   24.170   39.877
  34.384   25.009   39.614
  29.726   25.406   36.621
  29.585   26.349   35.576
  35.009   23.995   39.619
  34.358   25.196   40.790
  35.294   25.707   39.403
  29.610   26.162   34.399
  28.959   27.364   35.571
  28.878   26.022   35.519
  15.114   10.980   17.217
  15.876   11.504   18.200
  15.355   12.417   19.147
  16.145   12.961   20.167
  17.485   12.611   20.276
  14.352   10.455   16.234
  14.873    9.542   15.287
  17.208   12.417   21.418
  17.653   13.789   20.341
  18.612   12.326   20.378
  14.705    8.364   15.221
  15.150    9.736   14.144
  14.140    9.568   15.017
   6.336   15.845    2.560
   6.721   17.053    2.095
   7.596   17.187    0.991
   7.995   18.439    0.509
   7.533   19.602    1.113
   5.951   14.637    3.025
   5.076   14.503    4.129
   7.274   19.925   -0.004
   8.685   19.906    1.113
   7.152   20.586    1.611
   3.924   14.199    4.129
   5.335   14.180    5.246
   5.181   13.743    3.983
   5.656   36.947   18.889
   4.588   37.594   18.378
   4.685   38.906   17.856
   3.577   39.578   17.326
   2.332   38.961   17.297
   6.724   36.300   19.401
   6.628   34.988   19.922
   2.331   39.309   16.157
   1.959   39.983   17.785
   1.282   38.455   17.267
   7.000   33.966   19.435
   6.629   34.640   21.062
   7.390   35.097   20.051
   6.703   20.526   38.813
   6.673   21.797   38.358
   7.856   22.546   38.150
   7.825   23.864   37.679
   6.612   24.479   37.397
   6.732   19.255   39.268
   5.549   18.506   39.476
   7.141   24.760   36.367
   7.055   25.364   38.061
   5.601   25.007   37.157
   5.106   17.620   38.812
   5.020   18.225   40.506
   6.062   17.959   39.697
   0.359   28.235    9.349
   0.545   28.194    8.013
   0.085   27.113    7.225
   0.278   27.070    5.838
   0.937   28.108    5.191
   0.173   28.276   10.686
   0.633   29.358   11.474
  -0.000   28.071    4.456
   1.570   27.226    4.700
   1.488   28.972    4.635
  -0.000   30.240   11.965
   1.570   29.395   12.209
   0.316   28.935   12.049
  36.634   15.833   44.617
  36.178   15.679   45.878
  36.930   15.008   46.871
  36.457   14.848   48.179
  35.214   15.354   48.541
  37.090   15.988   43.356
  36.338   16.659   42.363
  35.816   15.820   49.457
  35.045   14.263   48.988
  34.173   15.773   48.857
  36.507   17.750   41.915
  35.736   16.192   41.446
  36.960   16.483   41.924
  15.864   42.658   39.303
  17.171   42.329   39.389
  18.190   43.171   38.885
  19.545   42.830   38.974
  19.929   41.635   39.569
  14.558   42.987   39.218
  13.538   42.145   39.721
  20.684   42.329   40.175
  20.580   41.502   38.580
  20.265   40.634   40.066
  12.887   42.277   40.710
  12.783   41.450   39.115
  13.080   42.718   39.454
  32.403   11.500   14.214
  33.275   11.584   15.241
  34.074   12.732   15.455
  34.978   12.819   16.520
  35.116   11.760   17.410
  31.531   11.417   13.187
  30.732   10.269   12.972
  34.989   12.609   18.237
  36.280   11.904   17.198
  35.241   10.879   18.163
  29.568   10.125   13.184
  30.859    9.420   12.145
  30.476   10.690   12.367
  41.081   22.613   38.951
  40.066   21.956   38.351
  39.070   21.277   39.093
  38.017   20.595   38.470
  37.923   20.568   37.084
  42.096   23.270   39.552
  43.092   23.949   38.810
  36.795   20.896   37.285
  37.788   19.395   37.246
  37.832   20.538   35.922
  43.227   25.122   38.649
  44.220   23.621   38.610
  43.363   24.110   39.525
  21.816    7.357    3.380
  22.129    8.670    3.409
  21.138    9.676    3.503
  21.464   11.037    3.534
  22.791   11.441    3.472
  21.502    6.044    3.350
  22.493    5.038    3.256
  22.497   12.107    4.416
  22.393   12.173    2.620
  23.902   11.794    3.421
  22.891    4.307    4.108
  22.787    4.373    2.313
  21.868    4.570    3.275
  10.999   30.876   32.123
  12.240   30.939   31.594
  13.309   30.159   32.095
  14.596   30.225   31.547
  14.859   31.073   30.478
   9.759   30.813   32.652
   8.689   31.593   32.151
  15.357   30.102   29.999
  15.780   31.421   31.149
  15.093   31.780   29.581
   7.768   31.245   31.480
   8.191   32.564   32.631
   8.297   31.225   32.717
   5.044   33.563   35.623
   3.912   33.306   34.935
   3.921   32.585   33.718
   2.746   32.319   33.004
   1.520   32.764   33.483
   6.177   33.820   36.311
   6.168   34.542   37.529
   1.181   31.639   33.284
   1.385   33.178   32.374
   0.485   33.132   33.873
   6.304   34.127   38.638
   6.507   35.666   37.727
   6.938   34.415   37.486
  29.216   36.680   11.414
  29.709   35.452   11.684
  28.865   34.342   11.923
  29.376   33.068   12.202
  30.749   32.861   12.253
  28.724   37.908   11.144
  29.567   39.018   10.905
  30.506   31.945   11.531
  30.499   32.328   13.290
  31.899   32.672   12.299
  29.818   39.551    9.869
  29.810   39.934   11.627
  28.883   39.385   10.822
  33.568    8.348    8.738
  34.757    8.021    8.189
  35.272    6.704    8.244
  36.506    6.366    7.675
  37.268    7.332    7.031
  32.378    8.674    9.287
  31.863    9.991    9.233
  37.325    6.521    6.160
  38.147    6.907    7.714
  37.918    8.133    6.488
  30.984   10.416    8.550
  31.807   10.802   10.104
  31.274    9.663    9.626
   6.367   31.805   14.181
   6.170   32.615   13.120
   7.233   33.323   12.510
   7.030   34.163   11.408
   5.756   34.325   10.878
   6.563   30.994   15.243
   5.501   30.287   15.853
   6.300   34.099    9.842
   6.014   35.486   10.953
   4.692   34.471   10.423
   5.242   29.126   15.778
   4.957   30.513   16.889
   6.076   30.034   16.317
  43.991   27.819   21.026
  43.416   29.033   20.884
  42.321   29.247   20.013
  41.725   30.504   19.866
  42.201   31.593   20.585
  44.566   26.606   21.167
  45.660   26.392   22.039
  41.052   31.748   20.861
  42.193   32.133   19.523
  42.591   32.516   21.183
  45.668   25.852   23.101
  46.809   26.237   21.763
  45.593   25.662   21.771
  13.057   40.661   21.325
  12.501   41.075   20.167
  11.103   41.239   20.023
  10.526   41.668   18.822
  11.326   41.948   17.722
  13.613   40.247   22.484
  15.012   40.082   22.627
  10.698   42.960   17.686
  10.553   41.250   17.144
  11.986   42.187   16.791
  15.785   40.781   23.205
  15.640   39.070   22.663
  14.805   39.871   23.350
  43.435   42.621    8.372
  42.355   43.406    8.573
  42.453   44.816    8.632
  41.333   45.630    8.840
  40.075   45.063    8.998
  44.514   41.836    8.171
  44.416   40.426    8.113
  39.754   45.863    8.176
  40.018   45.771    9.954
  39.013   44.599    9.132
  44.473   39.717    7.156
  44.737   39.625    8.934
  45.187   40.483    8.001
   4.147   17.587   16.198
   4.185   18.583   17.108
   3.358   18.582   18.256
   3.397   19.615   19.200
   4.265   20.686   19.029
   4.109   16.590   15.288
   4.936   16.591   14.139
   4.565   20.456   20.159
   3.292   21.340   19.244
   4.989   21.592   18.898
   5.909   15.937   13.925
   4.637   16.822   13.009
   4.566   15.918   14.003
  27.814   43.878   20.161
  27.278   45.109   20.301
  27.783   46.230   19.600
  27.228   47.507   19.745
  26.149   47.709   20.596
  28.349   42.646   20.022
  27.844   41.525   20.722
  25.678   48.269   19.655
  26.811   48.607   21.013
  25.242   47.892   21.307
  27.181   40.626   20.306
  28.314   40.965   21.663
  28.416   41.160   20.336
  42.650    8.535   23.365
  42.915    7.409   24.061
  42.819    6.125   23.475
  43.093    4.957   24.196
  43.474    5.032   25.530
  42.386    9.661   22.670
  42.482   10.946   23.256
  44.354    4.306   25.185
  42.627    4.208   25.683
  43.794    5.080   26.650
  43.329   11.769   23.103
  41.602   11.671   23.602
  42.263   11.172   22.542
   7.049   30.787   28.929
   5.721   30.705   28.699
   4.794   30.458   29.739
   3.417   30.372   29.501
   2.918   30.531   28.214
   8.377   30.869   29.158
   9.304   31.117   28.118
   2.170   31.296   28.739
   2.328   29.525   28.459
   2.486   30.663   27.139
   9.894   32.123   27.874
  10.052   30.352   27.594
   9.815   31.069   28.707
  26.622   14.188    7.390
  25.775   15.230    7.528
  25.613   16.205    6.515
  24.734   17.285    6.658
  23.986   17.430    7.820
  27.470   13.147    7.252
  27.632   12.172    8.265
  23.077   17.568    7.062
  24.400   18.547    7.792
  23.352   17.563    8.790
  27.218   11.055    8.292
  28.541   12.033    9.023
  28.137   11.874    7.749
  47.735   44.958   17.341
  47.668   45.485   16.100
  47.561   46.880   15.883
  47.491   47.427   14.596
  47.526   46.600   13.481
  47.802   44.430   18.582
  47.908   43.036   18.799
  48.364   47.358   13.105
  46.570   47.228   13.147
  47.554   45.917   12.536
  48.865   42.408   19.133
  47.070   42.277   19.175
  47.910   43.260   19.547
  46.896   23.399   14.901
  47.570   22.230   14.855
  48.984   22.178   14.871
  49.683   20.966   14.822
  48.992   19.762   14.756
  46.222   24.568   14.948
  44.808   24.619   14.932
  49.713   19.449   15.651
  49.737   19.534   13.854
  48.425   18.744   14.700
  44.064   24.847   15.834
  44.088   24.933   14.036
  44.942   25.388   14.971
  35.186   44.664   25.952
  34.110   45.353   26.386
  32.792   45.004   26.003
  31.676   45.719   26.453
  31.836   46.807   27.301
  36.263   43.975   25.519
  37.580   44.323   25.901
  30.995   46.262   27.947
  31.120   47.355   26.521
  31.956   47.723   28.013
  38.296   43.775   26.681
  38.421   44.868   25.256
  37.760   43.712   25.449
  45.822   33.495    2.778
  45.934   34.840    2.731
  45.210   35.684    3.606
  45.326   37.078    3.556
  46.170   37.678    2.629
  45.710   32.151    2.826
  46.434   31.306    1.951
  46.568   38.281    3.577
  45.216   38.351    2.391
  46.874   38.195    1.857
  47.388   30.633    2.190
  46.035   30.703    1.004
  46.057   30.749    2.348
   6.900   16.921   17.021
   7.315   16.500   18.234
   6.423   15.939   19.179
   6.854   15.501   20.437
   8.191   15.610   20.796
   6.485   17.343   15.807
   7.377   17.904   14.863
   8.065   14.467   21.110
   7.751   16.105   21.786
   9.311   15.695   21.110
   7.818   17.408   13.873
   7.504   19.046   14.549
   6.725   17.955   14.436
  37.711   33.484   25.896
  38.571   34.296   26.548
  39.565   33.792   27.420
  40.456   34.634   28.096
  40.385   36.010   27.924
  36.852   32.672   25.245
  35.858   33.177   24.373
  41.558   35.917   27.737
  40.406   36.029   29.116
  40.336   37.168   27.790
  35.837   33.158   23.182
  34.685   33.270   24.561
  35.691   32.418   24.296
  34.223   14.744   10.421
  33.943   15.407    9.279
  34.919   16.169    8.595
  34.628   16.856    7.410
  33.350   16.805    6.868
  34.504   14.081   11.564
  33.527   13.319   12.248
  33.929   16.538    5.861
  33.466   17.990    6.818
  32.282   16.771    6.401
  33.412   12.134   12.298
  32.948   13.587   13.255
  34.124   13.189   12.735
  13.872    2.764   18.164
  13.153    3.835   17.767
  13.290    4.394   16.474
  12.544    5.505   16.063
  11.634    6.097   16.929
  14.592    1.693   18.561
  14.454    1.135   19.854
  10.891    6.011   16.001
  12.184    7.105   16.611
  10.867    6.603   17.647
  13.904    0.127   20.172
  15.197    1.221   20.782
  14.998    0.643   19.583
  17.386   19.252    6.001
  17.841   20.124    5.076
  18.387   19.694    3.844
  18.859   20.598    2.885
  18.800   21.965    3.124
  16.931   18.380    6.926
  16.385   18.810    8.158
  18.307   22.002    2.040
  19.943   21.941    2.787
  18.757   23.116    3.311
  15.242   18.834    8.494
  16.878   18.774    9.242
  16.305   18.042    8.269
  33.091   25.565   36.067
  33.230   24.294   36.500
  33.827   23.988   37.746
  33.972   22.670   38.196
  33.525   21.611   37.415
  32.951   26.836   35.633
  32.354   27.142   34.387
  32.997   21.260   38.424
  34.609   21.166   37.630
  33.155   20.713   36.770
  31.270   27.587   34.173
  32.882   27.493   33.378
  32.509   27.873   34.613
  31.080   41.358    9.663
  30.139   41.583    8.721
  30.405   41.414    7.341
  29.430   41.646    6.364
  28.154   42.057    6.732
  32.020   41.133   10.606
  31.754   41.302   11.985
  27.804   41.174    6.011
  28.325   42.894    5.901
  27.080   42.401    7.027
  31.584   40.465   12.816
  32.105   42.185   12.706
  32.501   41.080   12.047
   8.953    5.681   24.626
   7.663    5.646   24.230
   6.669    4.966   24.974
   5.330    4.930   24.564
   4.939    5.572   23.395
  10.243    5.716   25.021
  11.237    6.395   24.278
   4.086    6.033   24.089
   4.413    4.530   23.153
   4.596    6.106   22.417
  11.763    7.437   24.520
  12.090    5.934   23.584
  11.695    6.135   24.855
  44.521   22.088   26.202
  45.560   22.695   25.591
  46.893   22.252   25.760
  47.971   22.883   25.127
  47.754   23.979   24.301
  43.482   21.480   26.813
  42.149   21.923   26.643
  48.438   23.373   23.536
  48.624   24.474   24.948
  47.586   24.899   23.605
  41.279   21.428   25.996
  41.465   22.529   27.408
  42.002   21.328   27.126
  19.940   47.549   42.197
  20.555   47.963   41.069
  19.916   48.814   40.136
  20.554   49.244   38.966
  21.853   48.839   38.688
  19.325   47.134   43.325
  19.964   46.284   44.259
  22.036   50.001   38.496
  21.400   48.562   37.621
  22.944   48.507   38.442
  20.418   46.561   45.326
  19.782   45.122   44.450
  19.283   46.358   44.632
  37.912   17.318    7.435
  38.094   18.606    7.796
  39.303   19.293    7.537
  39.492   20.629    7.911
  38.478   21.325    8.557
  37.730   16.030    7.074
  36.520   15.342    7.333
  38.698   22.155    7.730
  39.344   21.617    9.322
  37.635   21.921    9.100
  35.655   15.050    6.568
  36.301   14.513    8.160
  36.901   14.758    6.981
  15.014   44.438   22.826
  13.864   44.375   22.121
  13.592   43.314   21.225
  12.400   43.248   20.494
  11.438   44.240   20.633
  16.164   44.502   23.531
  16.436   45.563   24.427
  10.695   43.319   20.777
  11.463   44.250   19.441
  10.622   45.067   20.739
  16.411   45.553   25.618
  17.178   46.484   24.282
  17.100   45.164   24.530
  30.895   39.069   39.877
  30.457   38.025   39.141
  29.284   37.309   39.479
  28.830   36.227   38.717
  29.532   35.821   37.589
  31.334   40.113   40.612
  32.507   40.828   40.274
  28.462   35.862   37.067
  29.438   34.739   38.079
  30.112   35.470   36.640
  32.601   41.910   39.784
  33.577   40.787   40.796
  32.314   41.236   40.912
   4.681   41.750   37.759
   4.657   43.067   37.463
   5.746   43.922   37.757
   5.721   45.287   37.451
   4.607   45.847   36.839
   4.705   40.433   38.054
   3.616   39.578   37.760
   5.411   46.309   36.090
   4.699   46.659   37.706
   3.678   46.330   36.325
   3.524   38.767   36.892
   2.812   39.117   38.508
   4.086   39.044   38.083
   6.843   42.038   35.983
   7.642   43.101   35.750
   7.520   44.306   36.482
   8.348   45.408   36.240
   9.329   45.345   35.258
   6.044   40.975   36.215
   6.166   39.770   35.483
  10.036   45.764   36.121
   8.860   46.382   34.907
  10.156   45.305   34.437
   6.635   38.733   35.835
   5.459   39.351   34.621
   5.575   39.554   35.946
  44.325   44.314   31.423
  44.625   43.034   31.729
  43.621   42.062   31.953
  43.933   40.734   32.271
  45.258   40.331   32.375
  44.025   45.595   31.117
  45.028   46.567   30.893
  44.910   39.446   31.658
  44.898   39.862   33.409
  46.366   39.980   32.465
  45.388   47.037   29.859
  45.377   47.453   31.610
  44.407   47.027   30.780
  42.384   45.242   19.856
  41.896   46.495   19.976
  41.747   47.125   21.234
  41.241   48.424   21.359
  40.864   49.140   20.229
  42.872   43.990   19.736
  43.021   43.360   18.477
  41.533   50.001   20.712
  39.865   49.338   20.847
  40.545   49.752   19.289
  44.021   43.162   17.860
  42.353   42.499   17.995
  43.289   42.775   18.920
   9.040    6.060   45.630
   9.342    4.829   46.095
  10.678    4.375   46.203
  10.990    3.098   46.685
   9.979    2.231   47.076
   8.739    7.291   45.165
   7.403    7.746   45.056
  10.643    2.106   48.058
  10.556    1.452   46.383
   9.139    1.492   47.408
   6.825    8.524   45.750
   6.739    7.870   44.075
   7.755    8.388   44.787
  15.325   44.453   10.032
  16.420   44.426    9.243
  17.639   45.031    9.632
  18.775   45.004    8.813
  18.732   44.371    7.577
  14.230   44.479   10.821
  13.011   43.874   10.432
  19.733   43.846    7.957
  19.214   45.388    7.186
  18.710   43.843    6.538
  12.529   42.857   10.823
  12.010   44.399   10.052
  12.779   44.144   11.127
  37.815   17.794   18.809
  38.552   16.723   18.447
  38.346   15.444   19.017
  39.110   14.333   18.642
  40.107   14.460   17.683
  37.078   18.866   19.171
  37.284   20.145   18.601
  39.582   13.507   17.198
  40.775   13.891   18.490
  40.948   14.553   16.880
  36.616   20.714   17.794
  37.809   21.098   19.086
  36.700   20.337   19.083
  29.933   31.157    8.850
  29.545   31.938    7.819
  28.183   32.097    7.469
  27.780   32.907    6.400
  28.726   33.586    5.642
  30.320   30.377    9.880
  31.682   30.217   10.230
  28.016   34.523    5.834
  28.136   33.114    4.721
  29.509   34.162    4.998
  32.272   30.690   11.151
  32.393   29.280   10.038
  31.377   29.756   10.781
  20.900   42.296   29.775
  20.339   41.068   29.783
  18.951   40.879   29.988
  18.369   39.606   29.996
  19.154   38.476   29.801
  21.461   43.524   29.767
  22.848   43.713   29.563
  18.318   38.193   29.000
  18.595   38.079   30.775
  19.801   37.520   29.638
  23.407   44.111   28.588
  23.684   43.996   30.363
  22.649   44.464   29.642
  17.199   45.496   21.571
  17.730   44.396   20.997
  19.020   43.923   21.334
  19.571   42.781   20.739
  18.851   42.073   19.785
  16.668   46.597   22.146
  15.377   47.070   21.809
  19.144   41.130   20.452
  19.858   42.152   19.154
  18.257   41.469   18.983
  14.370   46.991   22.439
  15.084   48.013   21.141
  15.556   47.617   22.337
  42.285    6.718   42.399
  41.324    7.663   42.460
  39.948    7.334   42.481
  38.951    8.315   42.544
  39.294    9.660   42.589
  43.247    5.772   42.338
  44.623    6.101   42.317
  38.538    9.689   43.510
  38.494    9.760   41.712
  39.569   10.793   42.627
  45.423    6.002   43.194
  45.378    6.073   41.396
  44.699    5.325   42.284
  25.137   28.192    7.737
  25.332   26.858    7.805
  26.627   26.291    7.860
  26.829   24.907    7.930
  25.743   24.041    7.948
  24.942   29.526    7.670
  23.647   30.093    7.615
  26.305   23.564    8.884
  26.344   23.478    7.086
  24.840   23.303    7.963
  23.046   30.656    8.476
  23.085   30.571    6.679
  24.055   30.759    7.592
   7.424   37.275   27.238
   8.591   36.629   27.446
   9.836   37.302   27.418
  11.046   36.632   27.634
  11.054   35.266   27.887
   6.257   37.921   27.029
   5.012   37.249   27.057
  11.754   35.571   28.802
  11.889   35.246   27.037
  11.076   34.119   28.100
   4.177   37.269   27.907
   4.313   36.943   26.142
   4.742   37.965   26.905
  43.420   37.585   34.498
  44.702   37.488   34.087
  45.040   37.234   32.737
  46.369   37.134   32.310
  47.409   37.284   33.219
  42.138   37.682   34.909
  41.800   37.936   36.260
  47.837   38.043   32.406
  47.808   36.273   32.732
  48.291   37.409   33.972
  41.401   38.947   36.747
  41.372   37.177   37.073
  41.074   37.895   35.975
   5.561    8.125   18.345
   5.023    9.256   17.841
   4.155   10.077   18.599
   3.597   11.249   18.076
   3.887   11.643   16.776
   6.099    6.994   18.849
   6.967    6.173   18.090
   4.117   12.696   17.285
   2.704   11.756   16.685
   4.122   11.986   15.686
   8.149    6.061   18.181
   6.736    5.121   17.581
   6.969    5.751   18.747
  32.435   18.715   12.740
  31.830   19.591   13.570
  32.355   20.883   13.810
  31.727   21.791   14.671
  30.551   21.440   15.322
  33.041   17.840   11.910
  32.516   16.548   11.671
  30.162   22.488   14.908
  31.120   21.842   16.289
  29.564   21.158   15.875
  31.947   16.146   10.704
  32.904   15.500   12.084
  33.144   16.494   11.210
  43.798    3.010   27.506
  44.951    2.576   26.953
  46.193    2.689   27.622
  47.388    2.239   27.048
  47.384    1.660   25.785
  42.646    3.444   28.059
  41.404    3.331   27.391
  48.020    0.805   26.318
  48.273    2.424   25.574
  47.394    1.172   24.726
  40.514    2.567   27.601
  40.767    4.186   26.858
  41.142    3.671   28.043
   3.329   37.281   14.328
   2.632   36.138   14.501
   3.268   34.907   14.786
   2.545   33.722   14.966
   1.160   33.725   14.868
   4.026   38.424   14.154
   3.389   39.655   13.869
   1.215   33.141   15.905
   1.338   32.797   14.142
  -0.004   33.714   14.789
   3.211   40.583   14.595
   3.334   40.240   12.833
   4.126   39.914   13.870
  43.534    7.826   20.002
  42.815    8.929   19.704
  41.803    9.420   20.562
  41.058   10.564   20.253
  41.298   11.258   19.073
  44.252    6.722   20.301
  45.265    6.232   19.443
  41.331   12.208   19.792
  40.116   11.187   18.943
  41.490   11.850   18.087
  46.447    6.303   19.573
  45.232    5.282   18.724
  45.328    5.690   20.002
  41.684   16.516   10.037
  42.504   15.467   10.257
  42.024   14.136   10.300
  42.873   13.047   10.528
  44.234   13.250   10.723
  40.865   17.566    9.816
  41.345   18.897    9.774
  44.347   12.394    9.901
  44.070   12.550   11.673
  45.378   13.406   10.887
  41.509   19.596    8.823
  41.232   19.753   10.595
  40.591   19.052    9.642
   9.007   46.461    0.458
   7.708   46.127    0.614
   7.150   44.979    0.003
   5.803   44.632    0.166
   4.967   45.421    0.946
  10.305   46.795    0.301
  10.864   47.943    0.912
   4.671   44.382    1.449
   4.244   45.361   -0.000
   4.254   46.075    1.597
  11.586   48.003    1.857
  11.159   48.982    0.408
  11.509   47.690    0.551
   9.241    3.725   49.290
   8.187    2.885   49.208
   6.868    3.308   49.498
   5.774    2.437   49.412
   5.961    1.114   49.034
  10.295    4.564   49.372
  11.615    4.142   49.082
   5.071    1.341   48.275
   5.303    0.881   50.000
   6.104    0.000   48.718
  12.273    4.375   48.117
  12.505    3.915   49.842
  11.777    4.885   49.259
  40.456   22.085    6.409
  41.121   22.071    7.584
  42.498   21.753    7.662
  43.188   21.739    8.880
  42.526   22.042   10.063
  39.790   22.098    5.235
  38.414   22.417    5.156
  43.449   22.776   10.239
  43.034   21.037   10.453
  41.983   22.295   11.064
  37.905   23.422    4.766
  37.491   21.683    4.981
  38.537   22.293    4.395
  26.311    7.571   32.784
  27.150    6.538   32.560
  27.949    6.460   31.394
  28.819    5.389   31.161
  28.921    4.356   32.085
  25.472    8.605   33.009
  24.673    8.683   34.175
  30.092    4.547   31.974
  28.774    3.660   31.129
  29.017    3.483   32.852
  24.821    9.378   35.131
  23.502    8.491   34.286
  24.439    9.349   33.841
  27.892   48.419   10.567
  29.168   48.579   10.979
  29.747   49.859   11.146
  31.070   50.025   11.573
  31.861   48.916   11.849
  26.617   48.260   10.155
  26.037   46.979    9.988
  32.096   49.498   12.862
  32.652   49.469   11.151
  32.535   47.994   12.084
  25.246   46.426   10.686
  25.802   46.398    8.975
  25.416   47.405    9.779
  13.212   17.422   42.304
  12.161   16.582   42.413
  11.988   15.739   43.537
  10.898   14.868   43.651
   9.941   14.809   42.645
  14.263   18.262   42.194
  14.436   19.105   41.071
   9.173   14.924   43.548
  10.119   13.633   42.725
   9.131   14.749   41.808
  14.259   20.280   40.991
  15.204   18.989   40.167
  15.074   19.321   41.465
  12.662   11.944   38.283
  11.567   11.179   38.087
  10.262   11.726   38.068
   9.127   10.933   37.864
   9.256    9.563   37.672
  13.756   12.710   38.479
  15.061   12.162   38.498
   8.547    9.759   36.735
   8.412    9.497   38.510
   9.350    8.412   37.510
  15.905   12.228   37.660
  15.770   11.966   39.436
  15.257   12.908   38.623
  44.974    8.953   35.472
  45.082   10.138   36.110
  46.133   10.408   37.018
  46.244   11.637   37.680
  45.308   12.639   37.457
  44.867    7.768   34.834
  43.816    7.497   33.926
  46.270   13.323   37.295
  45.267   12.686   38.647
  44.529   13.489   37.279
  43.857    7.451   32.736
  42.853    6.814   34.088
  44.182    6.809   33.873
  32.763   45.772    8.668
  33.474   46.258    9.709
  34.828   46.646    9.576
  35.565   47.149   10.654
  34.974   47.284   11.904
  32.053   45.286    7.628
  30.699   44.899    7.761
  35.430   48.384   11.858
  35.949   46.714   12.283
  34.489   47.402   12.959
  29.723   45.469    7.382
  30.243   43.799    7.808
  30.783   44.732    7.003
   9.959   11.894   35.716
   8.633   11.941   35.466
   7.671   11.861   36.501
   6.296   11.910   36.242
   5.834   12.042   34.938
  11.285   11.846   35.967
  12.247   11.927   34.932
   5.167   12.914   35.401
   5.135   11.122   35.231
   5.433   12.152   33.849
  12.946   12.846   34.639
  12.913   11.054   34.469
  12.742   11.861   35.532
  21.134   31.546   38.728
  20.389   32.235   37.837
  20.149   33.623   37.975
  19.376   34.337   37.051
  18.817   33.690   35.957
  21.879   30.857   39.619
  22.119   29.470   39.481
  19.298   34.591   35.343
  17.819   34.238   36.306
  18.342   33.158   35.034
  23.118   28.921   39.132
  21.639   28.569   40.095
  22.522   29.582   40.141
  16.337   42.169   25.313
  16.885   40.953   25.102
  18.246   40.796   24.748
  18.815   39.536   24.529
  18.044   38.388   24.657
  15.788   43.384   25.524
  14.427   43.541   25.878
  18.948   38.012   25.336
  18.507   38.115   23.594
  17.407   37.416   24.761
  13.964   43.814   26.941
  13.522   43.917   25.199
  14.623   44.297   25.873
   9.980   17.835   19.888
   9.118   17.878   20.927
   7.759   18.235   20.760
   6.866   18.280   21.837
   7.300   17.971   23.120
  10.841   17.791   18.850
  12.200   17.434   19.017
   6.340   17.264   23.133
   6.760   18.993   23.409
   7.651   17.713   24.201
  12.740   16.412   18.728
  13.160   18.141   19.003
  12.216   17.553   18.245
  21.413   10.387   20.292
  20.324   10.103   19.546
  20.426    9.697   18.194
  19.296    9.403   17.421
  18.025    9.503   17.973
  22.503   10.671   21.037
  22.401   11.077   22.389
  17.881    8.414   17.512
  17.790   10.134   16.989
  16.952    9.584   18.423
  22.636   10.447   23.372
  22.546   12.167   22.849
  23.180   11.100   22.329
  10.682   28.394   46.835
   9.590   28.495   46.048
   9.627   28.183   44.669
   8.494   28.287   43.853
   7.283   28.709   44.389
  11.775   28.293   47.621
  11.738   28.606   49.001
   6.851   27.746   43.834
   7.279   29.454   43.459
   6.260   29.061   44.825
  11.741   27.861   49.931
  12.169   29.568   49.555
  12.492   28.407   48.957
  34.673   42.895    2.351
  33.389   42.625    2.032
  33.035   41.529    1.210
  31.704   41.249    0.879
  30.679   42.056    1.359
  35.957   43.165    2.670
  36.311   44.261    3.492
  30.187   41.018    1.677
  30.329   42.065    0.220
  29.809   42.724    1.754
  36.661   44.251    4.632
  36.803   45.298    3.174
  37.031   43.986    3.366
  18.161   20.579   37.823
  18.680   19.825   36.832
  17.936   18.798   36.203
  18.474   18.015   35.175
  19.775   18.231   34.738
  17.643   21.334   38.815
  18.387   22.361   39.444
  19.273   18.233   33.657
  19.877   17.051   34.873
  20.865   18.401   34.362
  18.284   23.541   39.309
  18.888   22.359   40.524
  17.726   22.444   39.852
  39.872   17.416   32.073
  38.954   18.400   31.967
  39.318   19.737   31.678
  38.366   20.758   31.568
  37.016   20.478   31.743
  40.790   16.432   32.180
  40.426   15.095   32.469
  36.893   21.076   30.719
  37.052   21.414   32.480
  35.881   20.257   31.887
  40.391   14.160   31.732
  40.550   14.498   33.493
  41.198   14.987   32.420
  48.984   33.344   44.752
  48.629   32.816   45.943
  49.352   31.755   46.538
  48.984   31.207   47.773
  47.880   31.702   48.457
  49.338   33.872   43.561
  48.615   34.933   42.966
  48.634   31.742   49.380
  47.579   30.552   48.538
  46.956   32.107   49.042
  48.917   36.083   42.886
  47.862   34.892   42.044
  49.156   34.847   42.409
  11.047   34.285   24.992
  11.658   35.394   24.526
  11.094   36.683   24.680
  11.729   37.833   24.197
  12.950   37.736   23.542
  10.435   33.175   25.457
  10.999   31.887   25.303
  13.274   38.603   24.293
  12.417   38.416   22.721
  13.976   37.669   22.991
  11.532   31.207   26.124
  10.675   31.020   24.552
  10.350   31.674   25.682
   4.552   25.289   12.451
   5.524   24.366   12.292
   6.261   24.253   11.090
   7.269   23.295   10.924
   7.575   22.416   11.956
   3.580   26.213   12.610
   2.843   26.326   13.813
   8.696   22.756   11.738
   7.482   21.588   11.103
   7.842   21.672   12.813
   2.935   27.153   14.665
   1.721   25.986   14.030
   2.493   26.903   13.419
  23.998   31.561   35.543
  25.064   31.065   36.208
  26.358   31.037   35.636
  27.463   30.522   36.325
  27.313   30.017   37.610
  22.933   32.057   34.879
  21.639   32.085   35.451
  28.247   30.716   37.854
  27.911   29.084   37.173
  27.201   29.590   38.690
  21.041   33.018   35.888
  20.705   31.386   35.207
  21.458   32.408   34.763
  14.849   15.427   27.315
  15.305   16.423   26.527
  14.511   16.995   25.505
  14.984   18.028   24.687
  16.269   18.527   24.863
  14.393   14.430   28.103
  15.187   13.858   29.125
  15.720   19.585   24.854
  16.351   18.371   23.685
  17.345   18.955   25.000
  15.105   14.015   30.303
  15.736   12.801   29.133
  14.547   13.423   29.231
  46.846   22.011   20.733
  45.858   22.655   21.389
  44.825   23.338   20.704
  43.800   24.007   21.384
  43.771   24.015   22.773
  47.835   21.366   20.077
  48.868   20.683   20.762
  42.636   23.685   22.622
  43.624   25.190   22.633
  43.735   24.031   23.939
  49.015   19.509   20.902
  50.003   21.013   20.913
  49.106   20.532   20.033
  38.618   36.689   45.367
  38.615   35.368   45.643
  37.581   34.761   46.396
  37.578   33.391   46.682
  38.608   32.578   46.226
  38.621   38.011   45.091
  39.655   38.617   44.339
  37.717   31.886   45.841
  38.636   32.201   47.356
  39.467   31.884   45.850
  39.627   38.994   43.209
  40.546   39.308   44.724
  39.226   39.258   44.466
  44.521    9.388   24.148
  44.035    8.852   25.287
  42.838    9.316   25.883
  42.334    8.760   27.065
  43.008    7.721   27.693
  45.008    9.924   23.008
  46.205    9.460   22.412
  41.935    7.203   27.703
  42.877    8.396   28.666
  43.564    6.848   28.231
  46.335    8.784   21.439
  47.278    9.977   22.403
  46.035   10.015   21.890
  31.486   27.644    4.642
  32.069   27.495    3.433
  31.351   27.676    2.227
  31.956   27.521    0.974
  33.299   27.179    0.882
  30.903   27.793    5.850
  31.621   27.612    7.057
  33.346   28.095    0.121
  32.903   26.351    0.123
  34.426   26.893    0.791
  32.017   28.441    7.816
  31.574   26.696    7.817
  30.928   27.789    7.371
  22.857   31.807   41.345
  24.142   32.004   40.980
  24.788   33.252   41.151
  26.120   33.455   40.772
  26.854   32.419   40.210
  21.572   31.611   41.710
  20.927   30.363   41.540
  27.669   32.728   41.023
  27.126   33.233   39.383
  27.482   31.557   39.737
  20.656   29.549   42.367
  20.113   30.054   40.726
  20.327   30.750   41.857
   2.981   42.678   25.352
   3.148   41.515   24.686
   3.177   41.458   23.272
   3.350   40.252   22.582
   3.500   39.061   23.281
   2.814   43.840   26.017
   2.784   43.897   27.431
   4.439   38.909   22.564
   2.656   38.669   22.536
   3.627   38.053   23.855
   3.629   44.289   28.175
   1.845   44.049   28.148
   2.684   44.659   27.292
  29.710   16.912   19.119
  30.748   16.187   18.651
  32.024   16.759   18.433
  33.101   16.008   17.947
  32.940   14.658   17.661
  28.672   17.636   19.588
  27.396   17.064   19.806
  33.930   14.535   18.314
  33.456   14.948   16.627
  32.819   13.524   17.417
  26.880   16.774   20.840
  26.407   17.187   19.153
  27.226   17.792   20.032
  26.648   12.212   31.884
  26.939   11.620   33.062
  27.188   10.231   33.162
  27.490    9.617   34.384
  27.554   10.371   35.549
  26.357   12.804   30.707
  26.107   14.193   30.607
  28.596    9.813   35.699
  26.844    9.519   35.984
  27.611   10.992   36.535
  26.818   15.045   30.171
  25.065   14.751   30.457
  26.014   14.014   29.852
  20.774   22.324   46.436
  22.069   22.018   46.204
  22.938   22.902   45.521
  24.280   22.585   45.282
  24.802   21.373   45.716
  19.480   22.630   46.667
  18.611   21.746   47.350
  25.669   22.056   46.165
  25.210   21.297   44.599
  25.252   20.359   46.075
  18.203   21.822   48.467
  17.744   21.063   46.901
  18.098   22.321   47.222
  30.156   37.494   43.972
  30.602   36.839   42.879
  29.727   36.412   41.852
  30.189   35.733   40.718
  31.542   35.456   40.571
  29.711   38.149   45.065
  30.585   38.575   46.093
  31.388   35.924   39.487
  31.158   34.353   40.335
  32.676   35.217   40.436
  30.970   39.678   46.330
  30.740   38.107   47.177
  29.920   38.840   46.403
   1.762   27.412   23.598
   2.843   28.162   23.897
   2.760   29.566   24.057
   3.881   30.345   24.368
   5.125   29.747   24.530
   0.680   26.661   23.298
   0.763   25.257   23.138
   5.154   30.382   25.538
   5.488   30.602   23.783
   6.175   29.259   24.669
   0.400   24.403   23.885
   0.734   24.622   22.130
  -0.002   25.335   23.002
  23.142   15.618   14.597
  21.959   16.240   14.785
  21.825   17.645   14.676
  20.598   18.290   14.871
  19.461   17.554   15.183
  24.325   14.995   14.408
  24.459   13.591   14.518
  18.969   18.186   14.301
  19.338   18.358   16.054
  18.500   16.949   15.445
  24.582   12.787   13.646
  24.952   12.959   15.400
  25.203   13.755   14.345
  13.285   46.769   13.593
  12.319   46.572   12.671
  10.948   46.525   13.019
   9.946   46.320   12.063
  10.279   46.156   10.724
  14.251   46.966   14.516
  15.621   47.013   14.168
   9.440   46.983   10.548
   9.565   45.205   10.798
  10.545   46.016    9.597
  16.336   47.964   14.094
  16.460   46.186   14.344
  15.703   47.127   14.936
  41.207    4.904   40.148
  39.918    4.574   40.375
  39.500    3.229   40.506
  38.163    2.887   40.742
  37.197    3.878   40.857
  42.497    5.233   39.920
  42.915    6.579   39.789
  36.894    3.288   41.847
  36.601    3.207   40.072
  36.376    4.701   40.955
  43.510    7.250   40.574
  43.217    7.169   38.800
  43.612    6.241   39.690
  42.855    4.866   30.431
  42.946    3.521   30.365
  44.010    2.874   29.692
  44.104    1.479   29.623
  43.139    0.681   30.224
  42.764    6.212   30.498
  41.700    6.859   31.171
  44.080    0.120   30.691
  43.122    0.130   29.167
  42.335   -0.000   30.724
  41.717    7.410   32.228
  40.759    7.420   30.704
  42.082    7.498   30.936
   8.845   15.478    2.213
   9.013   16.755    2.617
  10.185   17.182    3.286
  10.360   18.506    3.706
   9.369   19.451    3.471
   8.676   14.201    1.809
   7.504   13.775    1.140
  10.272   20.101    3.044
   9.515   19.700    4.627
   8.546   20.254    3.280
   7.359   13.526   -0.016
   6.601   13.125    1.567
   7.879   13.089    1.145
  21.535   26.161   14.051
  21.349   27.348   14.666
  22.300   28.392   14.585
  22.107   29.623   15.223
  20.956   29.854   15.964
  21.721   24.973   13.436
  20.769   23.929   13.517
  20.902   30.859   15.326
  21.723   30.225   16.797
  19.993   30.062   16.590
  20.002   23.558   12.684
  20.822   22.925   14.155
  21.292   23.562   13.067
  46.214   24.620   36.737
  44.873   24.494   36.651
  44.012   25.617   36.654
  42.621   25.486   36.565
  42.041   24.227   36.470
  47.555   24.746   36.822
  48.416   23.623   36.819
  41.450   24.711   35.556
  41.344   24.625   37.351
  41.541   23.176   36.390
  49.114   23.225   35.939
  49.007   23.139   37.733
  48.964   24.176   36.878
  23.143   24.249   32.338
  24.118   23.414   32.757
  25.482   23.792   32.753
  26.493   22.926   33.187
  26.176   21.652   33.640
  22.169   25.084   31.919
  20.805   24.706   31.923
  26.866   21.950   34.565
  27.038   21.312   32.891
  25.924   20.579   34.024
  19.943   25.046   32.673
  20.115   24.407   30.999
  20.714   25.428   31.639
   6.850   43.991   16.497
   7.798   44.825   16.974
   7.498   45.847   17.906
   8.481   46.712   18.401
   9.800   46.586   17.982
   5.902   43.157   16.019
   6.202   42.135   15.088
  10.037   46.619   19.150
   9.716   47.759   17.795
  10.910   46.491   17.640
   6.285   40.961   15.275
   5.965   42.102   13.920
   5.436   41.997   15.153
  38.862   29.849   18.654
  38.090   30.741   17.997
  38.307   32.136   18.095
  37.506   33.061   17.413
  36.461   32.623   16.609
  39.634   28.958   19.311
  39.418   27.563   19.213
  36.945   33.357   15.805
  35.829   33.431   17.215
  35.581   32.270   15.931
  40.050   26.755   18.607
  38.934   26.829   20.018
  40.029   27.541   19.699
   3.816   35.092   12.343
   4.945   35.039   13.082
   5.151   35.882   14.199
   6.321   35.827   14.965
   7.328   34.926   14.641
   2.687   35.145   11.604
   2.482   34.302   10.487
   7.275   34.650   15.799
   8.033   35.882   14.729
   8.181   34.174   14.380
   1.776   33.345   10.400
   2.535   34.578    9.329
   1.804   34.689   10.453
  46.804   27.849   31.763
  45.730   28.667   31.734
  44.406   28.167   31.709
  43.293   29.015   31.680
  43.464   30.394   31.674
  47.877   27.031   31.791
  49.201   27.531   31.816
  42.664   30.366   32.557
  42.703   30.354   30.758
  43.593   31.553   31.669
  49.961   27.571   32.732
  50.000   27.559   30.933
  49.375   26.769   31.825
  17.043   35.274    6.510
  18.270   35.389    7.062
  18.562   34.885    8.352
  19.835   35.004    8.924
  20.860   35.631    8.226
  15.816   35.160    5.959
  15.524   35.663    4.669
  21.480   34.656    8.519
  21.007   36.235    9.243
  21.729   36.154    7.652
  15.377   35.059    3.652
  14.904   36.638    4.376
  14.816   35.376    4.834
  45.317   42.952   25.679
  45.333   42.841   24.334
  44.706   41.765   23.662
  44.723   41.651   22.267
  45.367   42.609   21.494
  45.302   43.062   27.025
  45.929   44.138   27.696
  44.346   42.611   20.879
  45.872   41.662   20.975
  45.904   43.405   20.833
  45.423   45.084   28.215
  46.950   44.135   28.311
  45.657   43.764   28.326
   3.044   13.520   43.443
   3.581   14.753   43.323
   4.857   15.069   43.848
   5.414   16.347   43.723
   4.716   17.355   43.069
   2.506   12.288   43.564
   1.231   11.971   43.039
   5.743   17.507   42.483
   4.982   17.991   44.041
   4.141   18.209   42.523
   0.965   11.335   42.067
   0.204   11.819   43.624
   1.399   11.270   43.339
   4.638   18.672   31.855
   4.341   19.939   32.211
   4.468   20.393   33.546
   4.159   21.707   33.916
   3.712   22.615   32.964
   4.936   17.404   31.499
   4.809   16.951   30.164
   4.551   23.320   33.431
   2.852   22.828   33.760
   3.336   23.388   32.175
   5.669   16.738   29.368
   3.969   16.246   29.697
   5.063   16.283   30.479
  28.146   33.774   44.580
  29.451   33.835   44.922
  30.482   33.817   43.952
  31.835   33.880   44.307
  32.205   33.963   45.643
  26.842   33.713   44.239
  25.811   33.731   45.208
  32.883   34.867   45.264
  32.942   33.071   45.360
  32.530   34.033   46.761
  25.074   34.623   45.491
  25.133   32.827   45.587
  25.359   33.682   44.573
  22.092   18.860   37.681
  22.251   20.199   37.750
  21.148   21.086   37.754
  21.312   22.474   37.826
  22.585   23.026   37.897
  21.934   17.522   37.612
  23.037   16.635   37.607
  22.128   23.638   38.812
  22.190   23.723   37.015
  23.648   23.502   37.956
  23.432   15.938   38.489
  23.494   16.024   36.692
  22.470   16.100   37.562
  28.093   39.520    0.282
  29.329   39.041    0.537
  30.491   39.637   -0.009
  31.773   39.141    0.256
  31.939   38.031    1.075
  26.856   39.998    0.027
  25.694   39.402    0.572
  32.747   38.717    1.620
  32.626   37.639    0.184
  32.093   37.100    1.760
  25.007   39.795    1.463
  24.886   38.717    0.027
  25.343   39.974    0.173
   7.916   16.524   48.677
   7.411   17.771   48.788
   6.024   18.007   48.938
   5.499   19.300   49.052
   6.343   20.403   49.020
   8.422   15.277   48.567
   9.809   15.041   48.417
   5.747   20.724   50.001
   5.568   20.810   48.212
   7.040   21.338   48.995
  10.585   14.634   49.225
  10.405   14.720   47.436
   9.573   14.297   48.405
  43.578   20.442   48.410
  42.458   21.194   48.380
  41.166   20.615   48.353
  40.004   21.395   48.322
  40.092   22.782   48.316
  44.699   19.690   48.440
  45.990   20.268   48.467
  39.294   22.706   49.199
  39.336   22.696   47.399
  40.151   23.946   48.311
  46.746   20.354   49.384
  46.788   20.344   47.585
  46.210   19.519   48.476
  35.365   17.695   26.086
  36.450   16.905   25.943
  37.337   17.040   24.848
  38.462   16.220   24.700
  38.740   15.235   25.640
  34.280   18.486   26.230
  33.393   18.351   27.324
  39.832   15.712   25.624
  38.849   14.534   24.682
  38.985   14.405   26.421
  33.284   19.052   28.282
  32.301   17.874   27.340
  33.030   18.942   26.965
  40.671    3.786   14.694
  40.134    3.216   13.594
  38.950    3.710   12.996
  38.393    3.119   11.856
  38.999    2.013   11.273
  41.209    4.356   15.793
  42.392    3.863   16.391
  38.882    2.641   10.268
  37.901    1.553   11.312
  39.498    1.084   10.774
  43.491    4.323   16.352
  42.509    3.234   17.397
  42.262    4.454   16.885
  20.664    2.782    0.855
  20.748    4.129    0.891
  21.577    4.852    0.001
  21.664    6.249    0.038
  20.926    6.972    0.967
  20.580    1.435    0.820
  19.751    0.711    1.710
  20.609    7.619    0.017
  21.970    7.502    1.190
  20.312    7.591    1.741
  18.708    0.181    1.487
  20.068    0.065    2.659
  20.040    0.102    1.315
   9.656   26.333    7.132
   9.173   27.515    7.570
   8.476   27.632    8.796
   7.975   28.858    9.251
   8.153   30.010    8.495
  10.139   25.151    6.694
  10.836   25.033    5.468
   8.536   30.470    9.526
   6.983   30.152    8.673
   8.296   30.985    7.871
  12.006   24.892    5.290
  10.453   24.573    4.438
  10.872   24.283    5.683
  19.480   49.761   24.364
  20.718   49.542   24.857
  21.876   50.067   24.236
  23.159   49.840   24.748
  23.330   49.081   25.898
  18.243   49.980   23.871
  17.084   49.455   24.492
  24.008   49.997   26.246
  24.145   48.508   25.244
  23.488   48.445   26.864
  16.270   50.028   25.147
  16.406   48.539   24.144
  16.731   49.822   23.899
  14.394   31.799   45.641
  15.481   31.028   45.425
  15.685   29.809   46.114
  16.812   29.010   45.890
  17.775   29.400   44.967
  13.308   32.571   45.858
  13.103   33.789   45.169
  17.649   28.287   44.560
  18.534   29.169   45.856
  18.591   29.716   44.196
  12.344   34.020   44.279
  13.229   34.902   45.575
  12.454   33.803   45.602
   3.742   27.112   39.428
   4.703   26.595   40.223
   5.545   27.415   41.012
   6.541   26.879   41.836
   6.732   25.504   41.901
   2.781   27.629   38.633
   1.940   26.810   37.843
   6.698   25.686   43.078
   7.876   25.785   41.720
   6.902   24.352   41.964
   0.796   26.529   38.024
   1.973   26.628   36.666
   1.641   27.501   37.635
  17.236    8.606   40.862
  16.242    7.718   41.078
  15.239    7.936   42.052
  14.209    7.015   42.276
  14.144    5.843   41.533
  18.230    9.494   40.647
  19.233    9.275   39.673
  13.008    6.162   41.369
  14.022    5.327   42.600
  14.079    4.855   40.917
  19.355    9.791   38.606
  20.369    8.956   39.837
  19.486    9.967   39.933
  13.345   20.779   45.069
  12.333   20.041   44.567
  11.138   19.815   45.291
  10.088   19.049   44.770
  10.195   18.483   43.506
  14.358   21.517   45.572
  15.552   21.743   44.848
   9.122   18.972   43.338
   9.842   17.490   44.063
  10.272   18.002   42.446
  15.905   22.736   44.291
  16.626   21.254   45.016
  15.739   22.148   45.489
  30.828   22.558   36.777
  31.514   23.130   35.765
  31.176   24.406   35.256
  31.888   25.000   34.207
  32.964   24.338   33.629
  30.141   21.986   37.789
  30.480   20.710   38.298
  33.525   25.376   33.796
  32.414   24.607   32.607
  33.870   23.793   33.135
  31.030   20.441   39.320
  29.919   19.672   38.131
  29.874   20.855   38.769
  23.506   32.889   43.410
  23.221   34.196   43.226
  24.123   35.220   43.600
  23.827   36.575   43.410
  22.619   36.955   42.839
  23.791   31.583   43.593
  22.889   30.559   43.219
  23.309   37.627   42.139
  22.558   37.693   43.773
  21.608   37.287   42.362
  22.949   29.821   42.285
  22.198   29.886   43.920
  23.458   30.102   43.499
  10.480   30.435    1.873
  10.922   31.663    1.525
  10.150   32.828    1.744
  10.608   34.101    1.383
  11.855   34.254    0.790
  10.039   29.208    2.221
  10.811   28.043    2.001
  12.002   35.096    1.620
  11.252   34.905   -0.005
  12.899   34.396    0.292
  11.414   27.391    2.797
  10.664   27.200    1.171
  10.191   27.699    2.328
  18.067    1.193    4.435
  18.360    1.069    5.747
  19.665    1.284    6.248
  19.969    1.155    7.609
  18.977    0.807    8.517
  17.774    1.318    3.123
  16.469    1.103    2.622
  19.392    1.741    9.130
  19.775   -0.000    8.880
  18.154    0.515    9.290
  15.671    1.910    2.259
  16.054    0.169    2.009
  16.815    1.276    1.944
  20.360   31.261   31.484
  19.575   30.165   31.408
  18.176   30.256   31.220
  17.362   29.120   31.141
  17.919   27.852   31.247
  21.145   32.356   31.560
  22.545   32.265   31.748
  17.287   27.633   30.261
  17.050   27.679   32.045
  18.373   26.781   31.335
  23.413   32.437   30.951
  23.177   32.483   32.734
  22.492   33.044   31.721
  25.168   28.175   20.909
  26.417   27.806   20.556
  27.316   28.705   19.934
  28.612   28.323   19.567
  29.056   27.029   19.810
  23.918   28.543   21.263
  23.019   27.644   21.885
  30.000   27.581   20.283
  29.393   27.070   18.668
  29.441   25.946   20.007
  22.682   27.603   23.027
  22.074   27.092   21.411
  22.549   28.267   21.864
  24.544   25.284   39.134
  23.224   25.535   39.006
  22.736   26.811   38.639
  21.366   27.072   38.507
  20.437   26.065   38.736
  25.865   25.032   39.262
  26.353   23.756   39.629
  19.992   26.416   37.688
  19.913   26.885   39.424
  19.646   25.230   38.926
  26.877   22.936   38.941
  26.798   23.405   40.677
  27.042   24.118   39.562
  16.520   39.015    6.363
  15.358   38.824    7.022
  15.168   37.735    7.907
  13.963   37.537    8.591
  12.905   38.420    8.416
  17.682   39.207    5.703
  17.872   40.295    4.818
  12.883   38.426    9.607
  12.273   37.424    8.242
  12.009   39.153    8.278
  18.504   41.291    4.992
  17.894   40.289    3.627
  18.578   39.971    4.741
   4.802   32.632   46.743
   4.035   32.593   45.632
   3.490   31.383   45.139
   2.695   31.343   43.988
   2.416   32.511   43.289
   5.570   32.670   47.853
   6.114   33.880   48.346
   1.290   32.125   43.350
   2.761   31.873   42.343
   2.174   33.483   42.693
   5.769   34.517   49.292
   7.240   34.266   48.284
   6.406   33.402   48.891
  22.049   15.199   43.645
  22.724   14.077   43.316
  22.211   13.136   42.393
  22.912   11.973   42.052
  24.151   11.710   42.623
  21.373   16.321   43.974
  21.886   17.262   44.897
  24.484   11.519   41.495
  23.677   10.638   42.841
  25.191   11.476   43.094
  22.360   18.333   44.679
  21.552   17.452   46.025
  21.215   17.628   44.734
   4.498   30.405   41.649
   4.252   29.100   41.895
   2.944   28.616   42.135
   2.689   27.263   42.390
   3.732   26.346   42.412
   4.744   31.709   41.404
   6.051   32.193   41.163
   3.026   25.721   41.683
   3.243   26.012   43.446
   4.598   25.566   42.434
   6.540   32.528   40.129
   6.757   32.818   41.892
   5.673   32.873   41.098
  23.183   45.728    9.110
  23.179   46.841    9.873
  22.190   47.070   10.860
  22.186   48.225   11.652
  23.170   49.191   11.485
  23.188   44.614    8.347
  24.176   44.385    7.360
  23.270   49.107   12.670
  22.244   49.941   11.448
  23.989   50.011   11.356
  25.102   43.636    7.397
  24.076   44.469    6.176
  23.767   43.728    7.255
  43.827   43.681   15.537
  42.786   42.891   15.874
  42.801   41.494   15.650
  41.721   40.675   15.999
  40.588   41.223   16.586
  44.868   44.472   15.199
  44.853   45.869   15.424
  40.732   40.346   17.379
  40.012   40.599   15.749
  39.630   41.670   17.078
  45.428   46.493   16.260
  44.708   46.746   14.630
  45.563   45.821   15.102
  13.392    8.957    2.203
  14.614    8.461    1.910
  14.959    8.042    0.603
  16.226    7.528    0.300
  17.192    7.415    1.292
  12.171    9.452    2.495
  11.825    9.872    3.802
  17.887    7.965    0.496
  17.304    6.305    0.875
  18.012    7.315    2.115
  11.713   10.982    4.219
  11.130    9.322    4.598
  11.144   10.032    3.455
   8.917    8.805    8.195
   7.730    8.912    7.560
   7.642    9.225    6.183
   6.412    9.335    5.524
   5.225    9.137    6.219
  10.103    8.698    8.830
  10.191    8.385   10.208
   4.965    8.413    5.309
   4.907   10.167    5.712
   4.222    8.973    6.791
  10.509    7.355   10.715
  10.452    9.108   11.118
  10.956    8.443   10.063
  36.899   34.392   27.975
  36.155   35.329   27.349
  36.651   36.628   27.086
  35.880   37.599   26.437
  34.584   37.307   26.030
  37.643   33.455   28.600
  37.146   32.156   28.864
  34.946   37.766   24.991
  34.319   38.330   26.582
  33.495   37.076   25.682
  37.411   31.134   28.312
  36.784   31.697   29.902
  37.856   32.064   29.176
   3.414   20.649   30.347
   2.698   21.693   30.818
   1.849   21.573   31.943
   1.107   22.656   32.432
   1.188   23.896   31.812
   4.129   19.606   29.876
   4.978   19.726   28.751
   1.366   24.294   32.921
  -0.002   23.844   31.841
   1.247   24.943   31.301
   6.169   19.778   28.722
   4.801   19.328   27.642
   5.108   18.970   28.902
   2.013    9.242   22.668
   1.604    7.962   22.802
   1.915    7.191   23.947
   1.491    5.865   24.086
   0.740    5.261   23.085
   2.422   10.521   22.533
   2.111   11.292   21.388
   0.026    4.951   23.987
   1.539    4.384   23.194
   0.109    4.742   22.253
   1.312   12.169   21.279
   2.825   11.602   20.486
   2.517   11.836   21.775
  36.135   10.364   30.092
  36.670   11.209   30.999
  36.564   10.979   32.391
  37.118   11.855   33.332
  37.798   12.992   32.914
  35.601    9.519   29.184
  35.707    9.749   27.792
  38.637   12.610   33.669
  37.098   13.543   33.706
  38.371   13.951   32.577
  36.406    9.198   27.000
  34.868   10.132   27.037
  35.301    9.082   27.759
  13.809   33.503   27.763
  13.932   32.872   26.576
  12.918   32.923   25.590
  13.046   32.268   24.359
  14.192   31.539   24.070
  13.686   34.135   28.950
  14.700   34.083   29.935
  14.175   32.162   23.055
  13.416   30.690   23.759
  15.149   30.923   23.815
  15.476   34.932   30.247
  14.716   33.460   30.951
  14.194   34.531   30.327
   3.873   34.630   47.106
   2.997   33.762   47.656
   3.421   32.674   48.454
   2.512   31.774   49.024
   1.148   31.930   48.816
   4.749   35.498   46.557
   4.325   36.587   45.758
   1.085   31.810   50.000
   1.190   30.774   48.532
  -0.000   32.050   48.650
   4.283   37.743   46.043
   4.388   36.707   44.574
   5.094   36.720   45.719
  13.146   36.807   18.233
  14.470   37.066   18.173
  15.045   38.188   18.816
  16.418   38.456   18.753
  17.264   37.612   18.045
  11.823   36.549   18.294
  11.248   35.427   17.651
  17.916   37.642   19.042
  17.656   38.626   17.558
  17.986   36.912   17.454
  10.856   34.412   18.138
  10.596   35.396   16.654
  10.593   35.719   17.960
  45.443   19.501   25.069
  46.631   18.918   25.336
  46.890   18.275   26.569
  48.122   17.670   26.846
  49.139   17.686   25.899
  44.256   20.085   24.802
  43.996   20.728   23.569
  49.195   16.518   26.130
  49.804   18.069   26.811
  50.001   17.693   25.114
  43.331   20.345   22.657
  43.940   21.896   23.338
  43.302   20.854   23.902
   6.355   26.538   10.985
   6.834   26.842   12.210
   6.212   26.382   13.394
   6.709   26.697   14.665
   7.846   27.485   14.796
   5.876   26.234    9.760
   6.498   26.695    8.576
   8.202   26.619   15.533
   7.175   28.096   15.568
   8.800   28.144   14.920
   7.169   26.083    7.804
   6.142   27.561    7.839
   5.915   26.297    8.241
  30.521    8.698   33.980
  29.387    8.161   34.479
  29.357    7.499   35.729
  28.181    6.943   36.246
  26.992    7.029   35.532
  31.655    9.234   33.481
  31.684    9.897   32.231
  26.550    7.418   36.568
  26.927    5.860   35.750
  25.988    7.095   34.943
  31.750   11.066   32.013
  32.127    9.508   31.196
  32.439    9.983   32.415
  20.748   21.655   16.746
  19.641   20.889   16.634
  18.948   20.404   17.767
  17.800   19.610   17.651
  17.306   19.274   16.397
  21.854   22.420   16.858
  22.548   22.906   15.724
  16.269   19.648   16.849
  17.293   18.168   16.842
  16.880   18.984   15.351
  22.561   24.011   15.280
  23.585   22.531   15.272
  23.007   23.221   16.273
   1.012   41.995   22.098
   1.074   43.296   21.743
   1.105   43.704   20.389
   1.170   45.053   20.021
   1.207   46.043   20.995
   0.949   40.694   22.452
   0.919   40.286   23.807
   0.334   46.531   20.348
   2.132   46.448   20.363
   1.239   46.884   21.803
  -0.006   39.880   24.439
   1.792   39.798   24.455
   0.889   39.576   23.482
  40.243   31.697   26.031
  41.512   32.045   26.330
  41.896   33.395   26.511
  43.213   33.757   26.820
  44.192   32.782   26.961
  38.973   31.348   25.733
  38.589   29.998   25.552
  44.433   33.355   27.977
  44.811   33.482   26.222
  45.024   31.974   27.081
  37.970   29.297   26.291
  38.348   29.424   24.536
  37.891   30.324   25.425
  41.732   39.046   33.072
  42.239   37.864   32.663
  41.637   36.630   33.005
  42.163   35.404   32.581
  43.310   35.368   31.799
  41.225   40.228   33.482
  41.828   41.462   33.139
  42.662   34.643   31.110
  43.673   34.562   32.598
  44.273   35.324   31.142
  41.466   42.269   32.340
  42.476   42.187   33.828
  41.234   41.747   33.559
  26.955    0.932   26.652
  46.211   27.405   29.691
  13.832   28.771    9.319
  38.661   16.665   27.310
  29.298    8.655   45.024
  49.265   43.022   22.057
  30.084   18.285    6.426
  50.000   10.473   31.198
  20.075   22.006   26.162
  20.004   43.532   47.809
  17.814   23.528   31.063
  43.486    5.332   44.925
  20.485   48.808   19.841
  16.227   24.783   40.032
  45.834   36.274   29.863
  34.037   36.779   14.459
  23.221   19.100   42.806
  28.084   14.311   27.418
  13.370    6.064   18.624
   0.085   41.921   32.453
  15.645   17.333   10.356
   6.640   35.468   28.471
  24.131   24.766   18.162
  48.265   14.933   39.716
  13.348   47.978   37.327
   6.718   -0.000   33.660
  18.546   49.849   37.170
  49.534   32.764    3.332
  49.387   34.464   47.187
  46.844   24.778   28.549
   5.941   33.994   43.813
   6.082   48.046    4.424
  26.266   32.426   33.932
  21.146   36.218   22.899
   8.050   39.372   13.300
  37.066    6.463    9.800
  15.745   37.034   20.861
  48.067   33.794    0.358
  26.713   48.037   33.189
  47.732   27.079   10.944
  32.329   10.459   44.789
  44.903   15.601   37.767
  32.050    8.695   20.156
   7.603   28.764    6.627
  30.040   47.500   41.172
   8.452   43.115   41.922
   5.379   30.582   46.157
  30.619   12.989   47.197
   6.191   10.796   24.118
  26.733   35.628   21.255
  21.286   34.627   27.500
  39.557   -0.000   33.941
   1.697   18.850   47.086
  16.688   25.398   19.234
   7.305   18.240   29.809
  26.325   31.291   30.256
  28.444   22.666   44.660
  11.101   10.087   24.561
  21.845   15.321   35.417
  30.518   41.581   19.840
  17.143   43.330   44.108
  24.386   26.514   13.949
  45.224   20.205   43.569
  18.475   48.464   34.913
  13.081   42.311   37.113
  19.560   24.302   15.316
  48.438    6.079   48.775
  49.935   16.900    9.615
  16.824   15.847   43.223
  41.714   10.651   28.048
  19.151    5.226   44.568
   8.598   18.445   46.794
  11.239   15.350    2.561
  41.728   37.587   41.939
  45.810    1.375   31.214
  18.607   31.264   25.490
  17.651   32.526   25.259
  19.564   30.003   25.721
  19.871   32.142   25.051
  17.343   30.386   25.928
  18.388   30.819   23.969
  18.826   31.709   27.011
   3.485   13.589    1.021
   2.499   14.325   -0.001
   4.471   12.853    2.044
   4.742   14.254    0.287
   2.228   12.925    1.755
   3.572   12.334    0.033
   3.398   14.845    2.009
   5.148    9.128   30.413
   5.079    7.533   30.299
   5.217   10.722   30.528
   6.746    9.055   30.464
   3.550    9.200   30.363
   5.093    9.015   32.008
   5.203    9.240   28.818
   9.770   29.709   12.531
   8.523   29.853   13.523
  11.018   29.564   11.540
   9.937   28.177   12.963
   9.604   31.240   12.099
  10.758   30.149   13.710
   8.782   29.268   11.352
  13.350    5.398    1.287
  14.801    5.856    0.792
  11.898    4.941    1.782
  13.195    6.768    2.099
  13.505    4.028    0.475
  14.005    4.710    2.574
  12.694    6.087   -0.000
  40.999    4.500    7.224
  41.363    2.944    7.158
  40.634    6.057    7.290
  42.556    4.862    7.279
  39.441    4.138    7.170
  40.961    4.424    8.822
  41.037    4.577    5.626
   7.011   48.796    7.039
   6.339   50.009    7.838
   7.683   47.584    6.240
   8.456   49.272    7.534
   5.566   48.321    6.544
   7.149   49.726    5.744
   6.873   47.867    8.334
  44.889   29.107   49.065
  43.614   28.861   48.130
  46.163   29.354   50.000
  45.744   28.099   48.164
  44.033   30.116   49.965
  44.438   27.890   50.000
  45.339   30.325   48.130
  29.878   22.714   32.438
  30.836   22.061   33.541
  28.921   23.367   31.335
  28.660   22.679   33.475
  31.096   22.750   31.401
  29.479   21.254   31.919
  30.277   24.174   32.957
  16.727   36.667   35.149
  16.662   35.142   34.668
  16.792   38.191   35.630
  17.513   37.055   33.811
  15.941   36.278   36.487
  18.119   36.376   35.882
  15.335   36.957   34.416
  25.926   11.175   11.522
  26.951    9.990   11.847
  24.901   12.360   11.197
  27.040   11.891   10.623
  24.813   10.458   12.421
  26.447   11.976   12.805
  25.406   10.373   10.239
   3.175   28.960   18.700
   3.884   27.973   19.740
   2.466   29.948   17.660
   4.327   30.044   18.944
   2.023   27.877   18.456
   2.320   29.601   19.891
   4.030   28.320   17.509
  30.869   43.887   29.972
  29.706   44.604   29.140
  32.033   43.170   30.803
  30.888   42.688   28.912
  30.851   45.086   31.031
  29.771   43.107   30.835
  31.967   44.667   29.108
  25.511   44.352    3.899
  26.515   43.172    3.500
  24.506   45.532    4.298
  24.899   44.330    2.421
  26.123   44.373    5.377
  26.595   45.432    3.434
  24.426   43.271    4.364
  33.627   37.439   45.905
  34.427   36.096   46.247
  32.827   38.781   45.562
  33.461   36.953   44.389
  33.793   37.924   47.420
  35.002   38.161   45.522
  32.251   36.716   46.287
  14.223   47.468   26.179
  14.073   48.375   27.489
  14.373   46.562   24.869
  13.926   48.745   25.261
  14.521   46.192   27.096
  12.659   47.138   26.228
  15.788   47.798   26.130
   5.137   48.435   10.708
   5.067   47.392    9.497
   5.207   49.478   11.920
   3.539   48.503   10.742
   6.735   48.368   10.675
   5.166   49.647    9.664
   5.108   47.224   11.753
  23.944   21.397   41.037
  22.667   21.041   41.932
  25.222   21.753   40.142
  23.955   19.905   40.459
  23.934   22.889   41.614
  24.907   20.941   42.230
  22.981   21.852   39.843
  31.441   36.187    7.313
  31.155   35.248    8.576
  31.727   37.125    6.049
  29.912   36.657    7.316
  32.970   35.716    7.309
  31.067   34.979    6.332
  31.816   37.394    8.294
  23.047   42.506   32.869
  23.230   40.986   33.335
  22.864   44.026   32.404
  21.476   42.261   32.689
  24.618   42.750   33.050
  23.290   42.070   31.349
  22.805   42.942   34.390
  18.098    9.108   21.315
  18.205   10.179   20.130
  17.990    8.038   22.499
  19.612    8.664   21.051
  16.584    9.553   21.579
  17.592    8.005   20.272
  18.603   10.211   22.358
  21.765    5.159   15.649
  22.586    6.218   14.775
  20.944    4.100   16.524
  22.901    5.208   16.775
  20.629    5.110   14.524
  22.537    3.960   14.923
  20.993    6.357   16.376
  38.021   24.054   43.496
  39.183   23.632   44.510
  36.858   24.477   42.481
  38.233   22.691   42.685
  37.808   25.417   44.307
  39.099   24.778   42.561
  36.942   23.330   44.430
   7.796   10.701   33.106
   9.234   10.632   33.804
   6.358   10.770   32.408
   7.917    9.158   32.702
   7.674   12.244   33.510
   8.487   11.117   31.724
   7.105   10.285   34.488
  37.192   19.028    4.644
  37.423   19.761    6.048
  36.962   18.295    3.241
  38.273   17.918    5.046
  36.112   20.137    4.242
  38.350   19.918    3.990
  36.035   18.138    5.299
  28.845   26.245   39.984
  27.357   26.625   39.536
  30.333   25.865   40.433
  28.259   25.198   41.043
  29.432   27.292   38.926
  28.803   27.394   41.097
  28.887   25.096   38.871
  14.641    2.542   35.726
  14.130    3.796   34.872
  15.151    1.289   36.579
  15.876    2.364   34.725
  13.405    2.721   36.727
  13.762    1.564   34.815
  15.520    3.521   36.637
  46.478   47.916    8.293
  45.312   48.790    8.953
  47.645   47.042    7.634
  45.625   46.586    8.546
  47.331   49.246    8.041
  47.165   47.749    9.729
  45.792   48.083    6.858
  24.005    1.050   24.974
  22.486    0.594   25.188
  25.524    1.505   24.761
  24.480   -0.023   26.062
  23.530    2.122   23.886
  23.839    2.146   26.128
  24.172   -0.047   23.821
  14.829   39.622   40.776
  14.323   39.888   39.282
  15.336   39.356   42.270
  13.332   39.790   41.313
  16.327   39.454   40.239
  15.076   41.191   40.972
  14.583   38.053   40.580
   9.486   29.995   18.150
   9.739   29.195   16.788
   9.233   30.795   19.512
   8.495   28.840   18.644
  10.477   31.150   17.656
   8.256   30.761   17.472
  10.716   29.229   18.829
  31.745    2.877   37.340
  32.270    4.048   36.386
  31.220    1.705   38.295
  32.563    1.806   36.477
  30.927    3.947   38.204
  30.474    2.672   36.390
  33.016    3.081   38.291
  25.885   48.483   13.443
  26.292   46.945   13.610
  25.478   50.021   13.275
  24.524   48.209   14.238
  27.246   48.756   12.647
  25.149   48.138   12.064
  26.621   48.828   14.821
  22.966   22.017    5.881
  23.721   20.606    5.886
  22.211   23.428    5.876
  21.559   21.265    5.999
  24.373   22.770    5.763
  22.865   21.957    4.285
  23.067   22.077    7.477
  12.789   31.424    9.840
  14.140   31.299    8.991
  11.439   31.549   10.690
  13.421   32.641   10.665
  12.158   30.207    9.016
  13.371   30.393   10.917
  12.208   32.455    8.764
  20.060    7.641   45.667
  21.394    7.913   46.508
  18.727    7.369   44.826
  20.855    6.607   44.741
  19.266    8.676   46.593
  20.447    8.831   44.669
  19.674    6.452   46.665
  34.504   41.122   46.625
  33.481   40.123   47.342
  35.527   42.121   45.907
  33.389   42.269   46.632
  35.619   39.975   46.617
  33.985   40.627   45.195
  35.023   41.618   48.055
  26.795   18.378   44.440
  26.710   19.867   43.861
  26.879   16.889   45.020
  25.232   18.422   44.781
  28.357   18.335   44.100
  27.127   18.962   45.892
  26.462   17.794   42.988
   2.136   37.936   43.104
   2.424   36.404   43.466
   1.847   39.467   42.742
   0.815   37.901   44.007
   3.456   37.971   42.201
   1.280   37.474   41.833
   2.992   38.398   44.374
  12.316   34.311   38.766
  10.949   35.139   38.835
  13.683   33.483   38.697
  11.488   32.942   38.789
  13.144   35.680   38.744
  12.387   34.294   40.365
  12.245   34.328   37.168
  23.337   15.102    3.811
  22.171   14.279    4.534
  24.503   15.925    3.087
  22.265   16.180    3.310
  24.408   14.024    4.311
  23.107   14.253    2.474
  23.566   15.951    5.147
  38.059    3.727   16.492
  39.146    4.900   16.436
  36.973    2.554   16.549
  36.900    4.810   16.702
  39.218    2.644   16.283
  38.251    3.625   18.078
  37.867    3.829   14.907
  43.178    3.918   12.007
  43.272    2.639   12.964
  43.084    5.197   11.051
  41.581    3.839   12.058
  44.775    3.998   11.956
  43.185    2.960   10.726
  43.171    4.876   13.289
  48.273   48.934   43.530
  49.472   49.587   44.363
  47.074   48.281   42.696
  47.240   49.932   44.234
  49.306   47.935   42.825
  48.040   47.867   44.700
  48.506   50.000   42.360
  47.794   30.223   13.600
  46.228   30.540   13.526
  49.361   29.907   13.674
  48.114   31.655   12.960
  47.475   28.792   14.240
  47.734   29.582   12.135
  47.855   30.865   15.064
  35.439   24.346    8.900
  35.312   24.735    7.353
  35.566   23.957   10.447
  35.723   22.825    8.495
  35.155   25.868    9.306
  33.870   24.039    8.952
  37.008   24.653    8.849
  33.926   41.237   24.862
  32.879   40.407   23.982
  34.974   42.068   25.741
  35.079   40.200   24.469
  32.774   42.275   25.254
  33.560   40.346   26.139
  34.293   42.128   23.584
  29.475    2.150   47.461
  28.209    2.959   46.911
  30.742    1.341   48.010
  30.449    3.276   46.873
  28.501    1.024   48.048
  29.565    1.351   46.077
  29.386    2.949   48.844
  24.196   27.862   33.069
  24.029   29.453   33.104
  24.362   26.271   33.034
  25.787   28.028   33.097
  22.605   27.696   33.041
  24.220   27.900   31.469
  24.172   27.825   34.668
  35.714   17.922   29.255
  36.480   18.805   30.347
  34.948   17.039   28.162
  37.098   17.659   28.497
  34.329   18.185   30.013
  35.475   19.230   28.365
  35.952   16.614   30.145
   9.482   23.981   23.998
   8.999   25.261   24.827
   9.964   22.700   23.169
   7.965   23.672   23.591
  10.998   24.289   24.404
   9.316   23.072   25.304
   9.647   24.889   22.691
  17.048   16.642    4.631
  17.022   16.261    6.185
  17.075   17.023    3.077
  15.788   15.690    4.376
  18.308   17.595    4.886
  18.034   15.414    4.347
  16.063   17.870    4.915
  48.120   44.370   42.656
  48.850   45.793   42.621
  47.390   42.947   42.691
  49.517   43.646   42.366
  46.723   45.094   42.946
  47.846   44.472   41.083
  48.394   44.268   44.229
   0.927   40.730   40.189
   1.843   41.049   38.917
   0.010   40.410   41.461
  -0.001   41.985   39.835
   1.854   39.475   40.542
   1.854   41.669   41.093
  -0.001   39.790   39.284
  29.726   25.660    9.800
  30.200   27.153    9.474
  29.251   24.167   10.126
  28.220   26.058    9.433
  31.231   25.262   10.166
  29.465   26.075   11.323
  29.986   25.244    8.277
  16.721   45.321   46.152
  15.716   44.171   45.675
  17.726   46.471   46.629
  16.166   45.186   47.647
  17.276   45.456   44.658
  15.607   46.425   45.838
  17.835   44.217   46.466
   7.677   35.900    4.379
   6.258   35.212    4.649
   9.096   36.588    4.109
   7.062   37.323    4.776
   8.292   34.477    3.982
   7.267   36.148    2.853
   8.088   35.652    5.905
  47.244    3.414   37.692
  48.220    4.636   38.031
  46.268    2.192   37.353
  48.040    2.491   38.728
  46.448    4.338   36.656
  48.230    2.951   36.520
  46.257    3.877   38.863
  18.654   31.426    2.290
  17.670   32.542    2.879
  19.638   30.310    1.702
  17.504   30.326    2.454
  19.804   32.527    2.127
  19.172   31.104    3.769
  18.136   31.749    0.811
   5.445    9.863    9.284
   3.959    9.347    9.577
   6.931   10.379    8.991
   5.709    8.581    8.364
   5.182   11.145   10.205
   5.977    9.056   10.560
   4.914   10.669    8.009
   6.848    4.336   36.899
   5.619    5.345   37.072
   8.078    3.327   36.725
   5.922    3.124   37.380
   7.775    5.548   36.418
   7.283    4.605   38.415
   6.414    4.067   35.383
  40.947    9.881   38.745
  42.396    9.210   38.837
  39.497   10.552   38.653
  41.603   11.218   38.160
  40.290    8.544   39.330
  41.115   10.449   40.231
  40.778    9.313   37.259
  22.548    7.156   21.748
  23.063    8.482   22.480
  22.033    5.830   21.016
  23.950    7.032   20.987
  21.146    7.279   22.509
  21.974    8.042   20.546
  23.122    6.269   22.950
  35.173   28.896   13.095
  35.001   29.862   14.358
  35.346   27.929   11.832
  36.339   29.836   12.534
  34.007   27.955   13.656
  34.092   29.756   12.289
  36.255   28.035   13.901
  24.223   11.170   29.320
  23.172   12.376   29.360
  25.273    9.963   29.281
  23.082   10.160   29.811
  25.363   12.179   28.829
  24.618   11.463   30.843
  23.828   10.876   27.798
  16.058   35.123   23.580
  15.585   34.822   22.081
  16.531   35.423   25.079
  17.581   35.170   23.090
  14.536   35.076   24.070
  16.194   33.552   23.852
  15.922   36.694   23.308
   1.865   10.731   13.024
   1.167    9.885   11.860
   2.564   11.578   14.189
   2.896    9.534   13.277
   0.835   11.929   12.772
   0.860   10.092   14.092
   2.871   11.371   11.956
   9.706   14.192   18.623
   9.605   12.633   18.277
   9.808   15.751   18.968
   8.136   14.227   18.925
  11.277   14.157   18.321
   9.420   14.550   17.090
   9.993   13.834   20.155
  15.592   21.506   19.835
  17.053   22.014   20.242
  14.130   20.998   19.428
  16.239   20.269   19.054
  14.944   22.743   20.617
  15.658   22.384   18.500
  15.525   20.627   21.171
  43.675   14.863   30.794
  45.004   15.734   30.979
  42.346   13.992   30.609
  43.508   15.434   29.309
  43.842   14.292   32.279
  42.800   16.077   31.359
  44.550   13.648   30.229
  20.306   19.553   40.162
  21.754   18.947   39.853
  18.858   20.159   40.470
  20.677   19.646   41.715
  19.936   19.460   38.608
  19.736   18.075   40.386
  20.877   21.031   39.937
  44.620   42.271    4.672
  44.035   40.794    4.483
  45.205   43.748    4.861
  43.302   42.879    3.999
  45.938   41.663    5.345
  45.313   42.181    3.233
  43.927   42.361    6.111
   7.475    5.816   21.448
   6.712    6.695   22.546
   8.238    4.938   20.349
   6.078    5.486   20.741
   8.872    6.147   22.154
   7.315    4.520   22.372
   7.636    7.112   20.523
  19.660   25.022   48.421
  21.229   25.336   48.441
  18.091   24.709   48.400
  19.352   26.577   48.200
  19.967   23.468   48.642
  19.596   25.235   50.005
  19.723   24.809   46.836
   7.430   25.696    4.637
   7.472   26.863    3.543
   7.388   24.528    5.730
   6.866   26.730    5.719
   7.994   24.661    3.554
   8.926   26.053    5.076
   5.933   25.339    4.198
