  50.000    8.416   23.108
  49.807    8.067   24.398
  49.164    6.961   24.473
  48.859    6.451   23.347
  49.494    7.555   22.276
  49.055    6.808   21.694
  49.830    8.143   21.438
  48.924    6.538   25.369
  48.788    6.322   23.825
  38.370   20.189   26.686
  38.307   19.675   27.933
  37.088   19.472   28.274
  36.232   19.791   27.387
  37.196   20.347   26.150
  36.213   20.435   25.811
  37.643   20.738   25.251
  36.841   19.086   29.185
  36.209   19.600   27.849
  33.827   36.890   22.274
  33.962   35.673   22.843
  33.529   35.690   24.049
  33.081   36.818   24.432
  33.299   37.763   23.079
  32.871   38.385   23.800
  33.359   38.523   22.319
  33.550   34.859   24.641
  33.131   36.368   24.643
   6.685    0.517   24.251
   7.939    0.702   23.785
   8.204    1.952   23.693
   7.254    2.720   24.050
   6.069    1.637   24.486
   5.663    2.586   24.642
   5.191    1.104   24.810
   9.107    2.288   23.358
   7.719    2.789   23.878
  20.844    7.110   13.426
  21.611    6.018   13.217
  22.621    6.020   14.006
  22.676    7.022   14.789
  21.315    7.880   14.362
  21.774    8.427   15.124
  20.496    8.567   14.231
  23.314    5.272   13.995
  22.960    6.618   14.712
  27.003   46.417   29.023
  27.669   45.895   27.970
  28.640   46.658   27.630
  28.759   47.708   28.339
  27.506   47.547   29.422
  27.983   48.444   29.665
  26.763   47.621   30.198
  29.259   46.428   26.852
  29.006   47.515   27.949
  45.569    4.487   40.200
  45.382    5.474   39.298
  45.708    6.608   39.798
  46.123    6.554   41.000
  46.026    4.926   41.335
  46.390    5.378   42.203
  46.034    3.927   41.736
  45.635    7.473   39.264
  46.054    6.919   40.666
  21.198   23.895   30.482
  22.090   24.814   30.908
  23.264   24.303   30.976
  23.326   23.078   30.637
  21.743   22.738   30.251
  22.275   21.853   30.095
  20.790   22.329   29.960
  24.071   24.848   31.279
  23.657   23.418   30.794
  23.737   38.943    4.062
  24.868   39.670    3.942
  24.595   40.874    3.598
  23.353   41.110    3.450
  22.668   39.635    3.803
  21.874   40.274    3.577
  22.047   38.775    3.993
  25.324   41.573    3.458
  23.772   41.379    3.406
  43.778    6.313   37.482
  44.815    7.146   37.249
  44.410    8.360   37.182
  43.157    8.508   37.345
  42.644    6.942   37.579
  41.789    7.537   37.640
  42.126    6.013   37.748
  45.053    9.133   37.011
  43.541    8.816   37.259
  32.954   41.429   45.830
  31.802   41.410   45.126
  31.921   40.668   44.088
  33.067   40.129   43.955
  33.883   40.700   45.287
  34.559   40.091   44.774
  34.569   40.959   46.077
  31.152   40.532   43.432
  32.640   40.122   43.694
  40.732   41.565   37.229
  41.417   40.447   36.907
  41.313   40.201   35.653
  40.607   41.041   35.009
  40.146   42.106   36.202
  39.717   42.460   35.319
  39.750   42.892   36.823
  41.765   39.394   35.224
  40.861   40.627   34.889
  29.710   11.701   37.476
  30.005   12.799   38.203
  30.452   12.468   39.358
  30.517   11.213   39.557
  29.950   10.597   38.119
  30.175    9.771   38.717
  29.615   10.015   37.276
  30.728   13.166   40.048
  30.626   11.620   39.826
  31.908    1.019   15.164
  30.963    0.266   15.768
  30.950    0.488   17.030
  31.806    1.344   17.424
  32.559    1.770   16.002
  33.021    2.331   16.752
  33.158    2.170   15.201
  30.301    0.009   17.655
  31.457    1.065   17.647
  12.744   44.004   45.052
  14.014   44.449   45.153
  14.842   43.479   45.019
  14.298   42.345   44.826
  12.677   42.722   44.847
  12.732   41.692   44.685
  11.601   42.765   44.828
  15.851   43.622   45.066
  14.769   42.510   44.864
  45.267    0.048   27.053
  46.577    0.370   27.119
  46.955    0.942   26.037
  46.038    1.076   25.164
  44.724    0.393   25.924
  44.384    0.709   24.989
  43.774   -0.000   26.243
  47.915    1.258   25.902
  46.523    1.195   25.189
   3.552   30.531    8.367
   2.777   30.572    9.472
   1.760   29.805    9.337
   1.707   29.191    8.223
   3.080   29.734    7.455
   2.620   29.074    6.790
   3.907   29.964    6.804
   1.059   29.705   10.071
   1.420   29.207    8.632
  26.558   16.459   13.109
  27.042   15.198   13.132
  28.040   15.085   12.337
  28.346   16.155   11.719
  27.216   17.232   12.297
  27.806   17.767   11.623
  26.579   18.063   12.548
  28.538   14.203   12.220
  28.525   15.688   11.728
  10.519   36.410   43.504
  10.010   36.183   42.274
  10.255   37.172   41.496
  10.905   38.122   42.040
  11.122   37.559   43.591
  11.580   38.496   43.558
  11.361   37.372   44.625
   9.947   37.182   40.524
  10.716   38.038   41.585
  22.317   29.744    0.103
  21.334   28.818    0.114
  20.184   29.382    0.065
  20.222   30.653    0.018
  21.858   30.959    0.046
  21.391   31.892   -0.000
  22.860   31.354    0.056
  19.319   28.841    0.064
  19.859   30.310    0.022
  27.328   12.095   25.107
  26.048   12.524   25.083
  25.306   11.769   25.806
  25.923   10.809   26.370
  27.487   11.038   25.847
  27.509   10.194   26.462
  28.540   11.020   25.621
  24.306   11.937   25.910
  25.449   10.968   26.361
  47.331   24.501    1.606
  47.025   25.499    2.462
  45.904   26.034    2.147
  45.343   25.520    1.127
  46.424   24.333    0.690
  45.643   24.280   -0.000
  46.990   23.526    0.256
  45.508   26.808    2.681
  45.230   25.890    1.444
   8.655   15.742   17.600
   9.689   16.610   17.581
   9.468   17.556   16.745
   8.354   17.470   16.135
   7.706   16.077   16.777
   7.005   16.432   16.089
   7.129   15.216   17.067
  10.140   18.308   16.593
   8.737   17.791   16.128
  24.810   11.910    4.460
  25.077   11.841    5.782
  24.205   11.116    6.379
  23.307   10.636    5.616
  23.751   11.234    4.128
  22.891   10.665    3.965
  23.873   11.519    3.096
  24.242   10.948    7.384
  23.405   10.610    6.105
  15.468    9.704   28.659
  15.858   10.981   28.861
  15.628   11.691   27.819
  15.098   11.053   26.853
  14.963    9.516   27.476
  14.576    9.470   26.507
  14.794    8.475   27.697
  15.857   12.684   27.783
  15.242   11.526   26.928
  40.061   11.095   19.776
  39.001   10.501   19.187
  38.277    9.906   20.060
  38.705   10.003   21.255
  40.082   10.917   21.063
  40.008   10.718   22.085
  40.991   11.490   21.143
  37.430    9.399   19.802
  38.312    9.783   21.037
   4.098    1.832   13.459
   5.444    1.929   13.494
   5.806    3.159   13.497
   4.843    3.991   13.466
   3.513    2.992   13.437
   3.141    3.968   13.421
   2.544    2.521   13.414
   6.788    3.431   13.521
   5.342    4.028   13.479
  45.159   44.849   36.836
  44.507   46.031   36.824
  45.148   46.905   37.508
  46.227   46.477   38.032
  46.259   44.891   37.528
  47.119   45.028   38.104
  46.456   43.855   37.307
  44.808   47.861   37.614
  45.985   46.915   38.027
   6.715   31.372   44.952
   6.647   30.610   43.840
   7.749   30.666   43.188
   8.637   31.406   43.718
   7.864   31.964   45.083
   8.817   32.392   45.095
   7.540   32.426   46.000
   7.886   30.153   42.317
   8.612   31.124   43.307
  36.066   14.708   26.684
  35.843   15.955   27.149
  36.099   16.021   28.403
  36.496   14.926   28.917
  36.480   13.895   27.611
  36.806   13.326   28.423
  36.535   13.088   26.900
  35.989   16.886   28.931
  36.414   15.388   29.089
  24.223   35.554   32.349
  25.446   35.645   31.784
  25.446   35.107   30.621
  24.325   34.619   30.267
  23.363   34.950   31.583
  22.751   34.456   30.896
  22.592   35.072   32.326
  26.284   35.080   30.040
  24.778   34.652   30.057
  10.104   19.018   13.985
  10.590   20.098   13.338
  11.785   19.878   12.929
  12.235   18.722   13.215
  10.956   18.037   14.031
  11.708   17.313   14.013
  10.252   17.430   14.574
  12.317   20.582   12.418
  12.415   19.123   12.976
  10.224   31.151   37.470
  11.383   31.844   37.472
  11.153   33.105   37.478
   9.919   33.415   37.479
   9.179   31.924   37.473
   8.408   32.629   37.476
   8.526   31.068   37.469
  11.909   33.790   37.481
  10.348   33.672   37.480
  24.073   39.804    6.667
  25.107   38.996    6.984
  26.217   39.518    6.613
  26.102   40.650    6.044
  24.456   40.895    6.072
  24.865   41.734    5.604
  23.435   41.230    5.996
  27.110   39.051    6.769
  26.485   40.351    6.162
  38.864   48.243    6.911
  38.026   47.206    7.120
  38.651   46.223    7.655
  39.888   46.438    7.866
  40.079   47.991    7.300
  41.018   47.692    7.642
  40.398   48.972    6.990
  38.181   45.348    7.888
  39.578   46.053    7.943
   7.244   27.549   38.691
   8.530   27.139   38.698
   9.323   28.145   38.719
   8.739   29.276   38.727
   7.132   28.844   38.706
   7.150   29.888   38.720
   6.058   28.767   38.695
  10.337   28.031   38.727
   9.216   29.124   38.730
  45.307   35.345   43.621
  45.910   34.137   43.645
  45.399   33.398   44.559
  44.464   33.951   45.223
  44.373   35.456   44.518
  43.646   35.444   45.268
  44.163   36.463   44.198
  45.727   32.447   44.728
  44.687   33.504   45.232
  30.940    3.981   17.706
  30.420    4.602   16.627
  29.254    4.143   16.360
  28.856    3.228   17.151
  30.139    3.084   18.200
  29.427    2.390   18.519
  30.855    2.846   18.969
  28.704    4.492   15.576
  28.663    3.458   16.751
   6.866   26.527   22.356
   7.298   27.378   21.400
   8.567   27.282   21.252
   9.124   26.430   22.017
   7.832   25.832   22.880
   8.674   25.327   23.234
   7.137   25.329   23.531
   9.074   27.849   20.573
   9.284   26.745   21.663
  45.596   12.336    6.444
  46.689   12.771    7.106
  46.462   12.820    8.367
  45.289   12.457    8.705
  44.600   12.078    7.238
  43.864   11.901    7.957
  43.988   11.788    6.401
  47.173   13.126    9.031
  45.694   12.619    8.950
  35.570    2.308   26.672
  35.981    1.705   27.808
  37.232    1.434   27.745
  37.793    1.784   26.658
  36.531    2.461   25.811
  37.368    2.537   25.191
  35.855    2.931   25.116
  37.723    0.976   28.513
  37.946    1.560   27.078
   7.406    5.833   41.378
   8.397    4.973   41.696
   8.795    5.169   42.898
   8.185    6.104   43.509
   7.107    6.634   42.357
   6.943    7.227   43.201
   6.350    7.110   41.757
   9.540    4.612   43.316
   8.552    5.786   43.627
  47.942    8.690   47.450
  46.881    9.451   47.104
  47.250   10.656   46.869
  48.498   10.862   47.009
  49.056    9.360   47.458
  49.893    9.983   47.434
  49.601    8.479   47.754
  46.585   11.378   46.592
  48.105   11.144   46.881
  13.291   36.155   42.047
  14.033   35.027   42.007
  15.168   35.254   41.459
  15.341   36.458   41.084
  13.906   37.176   41.527
  14.482   37.929   41.090
  13.061   37.810   41.735
  15.866   34.519   41.340
  15.616   36.041   41.070
  43.024   36.589    4.802
  42.063   36.983    3.939
  42.567   37.687    2.995
  43.826   37.854    3.077
  44.204   37.017    4.465
  45.105   37.407    4.109
  44.641   36.534    5.323
  41.993   38.073    2.246
  43.471   38.000    2.757
  22.319   29.834   37.293
  21.503   30.838   37.680
  20.276   30.510   37.512
  20.103   29.344   37.031
  21.665   28.800   36.852
  21.050   28.026   36.519
  22.588   28.278   36.664
  19.512   31.143   37.750
  19.801   29.716   37.175
  27.419   20.811   40.885
  28.327   20.682   41.876
  27.847   21.111   42.984
  26.655   21.551   42.908
  26.300   21.331   41.297
  25.447   21.753   41.725
  25.889   21.269   40.303
  28.389   21.094   43.848
  26.992   21.503   43.275
  46.634   19.872   25.772
  47.767   19.139   25.805
  48.796   19.902   25.828
  48.529   21.147   25.814
  46.866   21.151   25.771
  47.156   22.153   25.773
  45.809   21.358   25.742
  49.745   19.528   25.855
  48.949   20.875   25.827
  24.602   23.339   34.935
  23.890   22.232   35.233
  24.390   21.637   36.252
  25.418   22.205   36.742
  25.604   23.523   35.743
  26.377   23.580   36.442
  25.886   24.418   35.215
  23.986   20.779   36.627
  25.155   21.795   36.853
  24.414   17.763   50.000
  25.667   18.113   49.642
  25.640   19.015   48.732
  24.471   19.369   48.377
  23.504   18.418   49.341
  22.855   18.994   48.761
  22.724   17.897   49.870
  26.495   19.405   48.335
  24.935   19.499   48.244
   9.979   41.637   18.480
   8.632   41.572   18.418
   8.228   41.748   17.214
   9.159   41.939   16.368
  10.523   41.858   17.320
  10.859   42.037   16.348
  11.505   41.840   17.760
   7.237   41.733   16.971
   8.661   41.915   16.345
  21.705   34.893    5.191
  20.894   34.958    6.268
  19.783   35.520    5.962
  19.693   35.880    4.745
  21.165   35.408    4.127
  20.644   35.843    3.333
  22.045   35.180    3.550
  19.042   35.658    6.649
  19.393   35.905    5.144
  20.521   18.222   13.212
  21.485   17.467   13.779
  21.052   16.916   14.852
  19.843   17.194   15.136
  19.409   18.202   13.885
  18.566   18.120   14.495
  18.946   18.862   13.170
  21.641   16.306   15.419
  20.200   16.915   15.346
  31.831   11.805   34.174
  31.356   13.004   33.777
  30.075   13.004   33.780
  29.549   11.904   34.146
  30.884   10.960   34.457
  30.053   10.360   34.658
  31.610   10.205   34.706
  29.535   13.826   33.508
  29.373   12.349   33.999
  26.498   45.945   40.942
  26.446   45.101   39.889
  25.377   45.295   39.209
  24.622   46.214   39.664
  25.465   46.732   41.003
  24.600   47.316   40.963
  25.854   47.199   41.892
  25.163   44.749   38.374
  24.603   45.901   39.274
  22.143   30.884    8.478
  20.900   30.516    8.854
  20.857   29.259    9.100
  21.964   28.653    8.939
  22.975   29.885    8.458
  23.561   29.021    8.475
  23.772   30.535    8.139
  19.998   28.798    9.399
  21.504   28.517    9.078
  44.615   12.000   38.674
  43.288   11.772   38.582
  43.000   11.239   37.453
  44.002   11.048   36.690
  45.262   11.628   37.610
  45.686   11.298   36.715
  46.193   11.950   38.044
  42.043   10.994   37.201
  43.510   10.964   36.656
  44.495   11.389    2.147
  43.175   11.624    2.310
  42.838   11.468    3.536
  43.795   11.135    4.307
  45.086   11.068    3.260
  45.465   10.820    4.200
  46.030   10.972    2.748
  41.878   11.602    3.852
  43.306   11.222    4.367
  29.986   33.879   18.255
  29.242   34.407   17.260
  29.632   33.963   16.123
  30.606   33.147   16.182
  30.899   33.064   17.818
  31.596   32.430   17.367
  31.238   32.879   18.823
  29.187   34.251   15.252
  30.330   33.342   15.813
  15.689    0.180   17.810
  14.996   -0.011   18.953
  14.632    1.112   19.451
  14.993    2.130   18.778
  15.812    1.438   17.504
  15.855    2.469   17.348
  16.370    1.184   16.619
  14.096    1.169   20.318
  14.737    2.059   19.201
  49.070    2.550   27.599
  48.397    3.519   26.942
  48.420    4.613   27.609
  49.054    4.545   28.711
  49.566    2.962   28.727
  49.922    3.389   29.611
  49.982    1.987   28.918
  47.963    5.460   27.271
  48.805    4.904   28.468
  30.179   36.264   49.771
  30.110   35.163   48.994
  29.830   35.483   47.785
  29.683   36.732   47.591
  29.947   37.359   49.110
  29.748   38.176   48.491
  30.083   37.946   50.002
  29.737   34.781   47.050
  29.658   36.324   47.303
  40.547   14.001   42.849
  41.486   13.338   42.140
  41.378   13.603   40.891
  40.435   14.409   40.604
  39.778   14.731   42.098
  39.217   15.283   41.411
  39.223   15.060   42.961
  42.003   13.194   40.197
  40.783   14.164   40.341
  37.591   34.798   33.300
  38.448   33.780   33.077
  39.628   34.226   32.848
  39.726   35.494   32.879
  38.167   35.962   33.227
  38.721   36.843   33.147
  37.234   36.454   33.443
  40.411   33.602   32.657
  40.044   35.117   32.797
  30.586   19.694    8.883
  31.316   18.612    8.538
  31.117   17.653    9.364
  30.298   17.925   10.300
  29.873   19.496    9.952
  29.342   19.237   10.813
  29.479   20.496    9.894
  31.585   16.752    9.265
  30.569   17.524   10.172
  16.881   21.725    4.626
  17.873   20.980    5.159
  18.322   21.527    6.227
  17.750   22.620    6.540
  16.633   22.796    5.319
  16.511   23.624    5.943
  15.858   23.082    4.628
  19.077   21.108    6.770
  18.117   22.344    6.737
  46.551   29.219    7.868
  45.312   29.755    7.840
  44.446   28.869    7.514
  44.931   27.714    7.294
  46.556   27.956    7.561
  46.453   26.950    7.302
  47.625   27.914    7.687
  43.453   29.089    7.440
  44.473   27.912    7.284
   1.397    1.981   16.931
   0.825    3.193   17.090
   0.922    3.580   18.308
   1.520    2.760   19.076
   1.898    1.515   18.037
   2.265    1.232   18.973
   2.226    0.623   17.531
   0.545    4.476   18.620
   1.307    3.209   19.134
  48.307   35.214   11.921
  47.903   33.985   12.306
  46.652   33.830   12.075
  46.084   34.840   11.550
  47.340   35.924   11.420
  46.499   36.410   11.035
  48.011   36.750   11.255
  46.166   32.962   12.300
  45.934   34.385   11.692
  44.238   45.629    6.697
  44.880   44.450    6.832
  45.854   44.560    7.658
  45.996   45.724    8.153
  44.760   46.569    7.428
  45.250   47.251    8.048
  44.031   47.276    7.067
  46.457   43.770    7.888
  46.234   45.287    8.203
  39.597   10.090   44.575
  38.689    9.786   43.623
  38.712   10.658   42.684
  39.561   11.591   42.853
  40.258   11.176   44.306
  40.731   12.055   44.000
  40.822   11.077   45.218
  38.094   10.596   41.876
  39.225   11.479   42.501
  30.117   10.817   23.432
  28.857   10.423   23.148
  28.750    9.150   23.247
  29.825    8.556   23.583
  30.896    9.821   23.732
  31.437    8.957   23.957
  31.725   10.494   23.877
  27.869    8.668   23.069
  29.358    8.410   23.478
  11.904   22.509   20.363
  11.873   23.858   20.398
  10.663   24.281   20.402
   9.784   23.361   20.372
  10.715   21.982   20.342
   9.722   21.660   20.328
  11.138   20.992   20.319
  10.440   25.276   20.427
   9.772   23.861   20.385
  33.125   28.904   35.642
  32.065   29.138   36.444
  32.087   28.356   37.459
  33.075   27.555   37.485
  33.894   27.957   36.093
  34.442   27.189   36.538
  34.554   28.071   35.250
  31.364   28.385   38.178
  32.683   27.641   37.782
   5.112   14.721   27.153
   4.320   13.764   27.682
   3.105   14.167   27.739
   2.919   15.345   27.296
   4.454   15.797   26.837
   3.837   16.611   26.620
   5.358   16.265   26.485
   2.359   13.578   28.110
   2.626   14.991   27.492
  24.652   38.074   13.455
  24.427   39.293   13.989
  23.369   39.278   14.713
  22.782   38.150   14.766
  23.753   37.201   13.802
  22.984   36.580   14.138
  24.248   36.439   13.225
  23.038   40.111   15.200
  22.699   38.601   14.964
  28.095    3.167   41.838
  28.871    3.351   42.927
  29.179    4.589   43.056
  28.698    5.348   42.155
  27.856    4.275   41.201
  27.724    5.213   40.764
  27.265    3.746   40.472
  29.762    4.922   43.824
  28.985    5.416   42.558
  37.814    1.549   12.084
  36.574    1.505   12.617
  36.517    0.631   13.553
  37.611    0.016   13.767
  38.629    0.706   12.645
  39.202   -0.000   13.159
  39.429    1.025   11.998
  35.658    0.455   14.074
  37.152   -0.000   13.964
  16.801    6.986   47.607
  16.216    8.202   47.580
  14.940    8.087   47.535
  14.520    6.885   47.525
  15.937    6.014   47.580
  15.167    5.310   47.556
  16.731    5.287   47.612
  14.327    8.901   47.509
  14.303    7.336   47.516
   1.085    7.422   36.746
   2.216    7.414   36.008
   2.850    6.312   36.170
   2.289    5.493   36.967
   0.923    6.326   37.426
   0.886    5.412   37.929
  -0.000    6.699   37.837
   3.730    6.122   35.691
   2.708    5.490   36.693
  20.588   25.323   17.920
  20.857   25.838   16.701
  19.780   25.956   16.015
  18.727   25.572   16.618
  19.323   25.078   18.092
  18.292   24.919   18.129
  19.513   24.714   19.087
  19.785   26.329   15.066
  18.827   25.763   16.167
  26.651    8.225   47.130
  27.583    8.346   48.100
  28.037    9.543   48.140
  27.524   10.331   47.283
  26.449    9.338   46.489
  26.362   10.276   46.039
  25.711    8.863   45.866
  28.752    9.826   48.811
  27.869   10.376   47.642
  17.088    4.202   18.471
  17.957    3.522   17.693
  19.025    3.247   18.346
  19.029    3.663   19.549
  17.544    4.405   19.671
  18.000    4.515   20.604
  16.641    4.924   19.944
  19.798    2.735   17.921
  19.351    3.411   19.260
  39.136    1.799   30.005
  38.869    3.070   29.637
  39.491    3.897   30.393
  40.202    3.353   31.297
  39.945    1.732   31.020
  40.597    1.786   31.834
  39.906    0.655   31.000
  39.411    4.906   30.267
  40.103    3.823   31.161
  30.119   25.636   33.307
  29.994   24.298   33.428
  29.944   23.744   32.274
  30.021   24.556   31.297
  30.156   26.025   32.067
  30.176   26.233   31.044
  30.251   27.052   32.376
  29.851   22.734   32.164
  29.975   24.060   31.341
  43.732   40.238   47.684
  44.452   40.229   46.542
  44.538   41.411   46.055
  43.943   42.306   46.737
  43.312   41.427   48.001
  43.024   42.417   48.166
  42.829   41.038   48.882
  45.046   41.602   45.192
  44.210   42.303   46.314
  50.000   45.583   35.213
  50.000   46.911   34.975
  48.865   47.423   35.279
  48.014   46.589   35.725
  48.865   45.159   35.685
  47.919   44.921   36.057
  49.243   44.152   35.733
  48.676   48.419   35.166
  48.014   47.081   35.637
   4.485   24.706   19.378
   4.660   25.933   18.841
   3.570   26.604   18.887
   2.591   25.984   19.413
   3.270   24.515   19.801
   2.274   24.461   20.107
   3.523   23.519   20.124
   3.508   27.556   18.527
   2.656   26.438   19.214
   5.309   44.104    5.846
   6.495   43.819    5.268
   6.691   44.570    4.248
   5.750   45.394    4.013
   4.669   45.055    5.232
   4.239   45.823    4.671
   3.857   44.984    5.936
   7.536   44.500    3.682
   6.189   45.288    3.799
  33.270   43.261   12.714
  32.372   42.559   13.437
  32.072   41.464   12.842
  32.670   41.287   11.732
  33.602   42.661   11.610
  33.801   42.099   10.752
  34.267   43.468   11.353
  31.406   40.801   13.238
  32.338   41.027   12.000
  40.097   30.558   18.641
  39.701   29.268   18.606
  40.632   28.524   18.136
  41.694   29.148   17.816
  41.308   30.722   18.196
  42.282   30.746   17.822
  41.247   31.782   18.375
  40.516   27.516   18.033
  41.547   28.670   17.803
  29.994   29.087   26.547
  30.198   28.812   25.241
  31.241   29.421   24.811
  31.836   30.129   25.685
  30.893   29.889   27.036
  31.660   30.533   27.330
  30.417   29.859   28.002
  31.554   29.334   23.844
  31.911   30.028   25.201
  22.411   43.309   27.263
  21.136   42.866   27.290
  20.339   43.809   27.633
  20.910   44.923   27.866
  22.512   44.564   27.587
  22.485   45.571   27.860
  23.580   44.528   27.456
  19.333   43.663   27.708
  20.438   44.759   27.875
  12.818   40.360   16.484
  11.617   40.004   15.981
  10.864   39.531   16.904
  11.401   39.503   18.058
  12.911   40.138   17.761
  12.884   39.921   18.782
  13.918   40.519   17.770
   9.916   39.209   16.714
  10.956   39.371   17.872
   4.810   39.231    4.159
   6.022   39.594    4.630
   6.681   38.566    5.017
   6.065   37.461    4.874
   4.617   37.947    4.213
   4.560   36.908    4.300
   3.634   38.061    3.788
   7.622   38.643    5.404
   6.514   37.596    5.049
   1.631   11.146   36.042
   2.183   12.367   35.877
   3.328   12.425   36.449
   3.681   11.349   37.031
   2.388   10.345   36.732
   3.066    9.782   37.292
   1.659    9.557   36.645
   3.897   13.271   36.431
   3.886   11.801   36.970
  36.548   14.477   50.000
  36.859   15.791   50.000
  35.796   16.505   50.000
  34.712   15.837   50.000
  35.265   14.267   50.000
  34.223   14.206   50.000
  35.424   13.202   50.000
  35.831   17.525   50.000
  34.828   16.324   50.000
  35.715   10.061   37.885
  35.346    9.527   39.069
  36.028    8.471   39.318
  36.877    8.168   38.419
  36.656    9.381   37.301
  37.408    8.768   36.916
  36.660   10.069   36.473
  35.889    7.929   40.171
  36.741    7.970   38.858
  50.001   13.929   16.854
  49.457   12.731   16.551
  48.370   12.885   15.890
  48.052   14.098   15.673
  49.296   14.926   16.407
  48.662   15.652   16.008
  50.001   15.629   16.818
  47.816   12.089   15.573
  47.851   13.654   15.560
  11.362    8.605   38.919
  10.228    7.942   38.607
   9.285    8.766   38.336
   9.617    9.992   38.418
  11.217    9.895   38.867
  10.998   10.914   38.797
  12.245   10.038   39.154
   8.351    8.450   38.077
   9.197    9.747   38.303
   0.755   37.490   33.116
   0.603   36.952   31.887
   1.705   37.002   31.234
   2.670   37.534   31.871
   1.963   37.919   33.328
   2.957   38.231   33.398
   1.692   38.241   34.319
   1.785   36.642   30.284
   2.614   37.334   31.416
  24.489   17.438   28.803
  23.164   17.496   28.550
  22.769   18.714   28.499
  23.687   19.575   28.693
  25.026   18.615   28.930
  25.359   19.601   29.014
  25.992   18.173   29.106
  21.796   18.957   28.317
  23.197   19.596   28.599
  39.182   10.744   10.431
  39.496    9.518   10.900
  40.218    9.611   11.955
  40.471   10.804   12.316
  39.682   11.700   11.157
  40.126   12.391   11.802
  39.243   12.441   10.510
  40.554    8.786   12.451
  40.588   10.350   12.490
  14.313    7.093    3.643
  15.304    6.339    3.121
  14.849    5.576    2.196
  13.600    5.696    1.982
  13.162    6.861    3.086
  12.288    6.603    2.577
  12.690    7.590    3.723
  15.452    4.933    1.685
  13.967    5.416    1.788
  11.142   12.084   20.111
   9.925   12.475   20.544
   9.419   11.591   21.323
  10.156   10.570   21.509
  11.493   10.925   20.583
  11.680    9.993   21.015
  12.428   10.973   20.051
   8.501   11.712   21.750
   9.705   10.715   21.669
  28.439   14.348   48.872
  27.652   15.391   48.533
  27.580   15.505   47.258
  28.249   14.635   46.613
  28.922   13.729   47.836
  29.257   13.303   46.943
  29.442   13.034   48.474
  27.028   16.239   46.814
  27.957   15.021   46.488
   0.193   45.073   39.568
   0.084   46.407   39.742
   1.238   46.932   39.931
   2.203   46.102   39.914
   1.423   44.659   39.635
   2.439   44.429   39.706
   1.107   43.644   39.462
   1.356   47.934   40.082
   2.163   46.596   39.978
   4.006   47.836   10.515
   5.261   47.917   10.024
   5.667   49.133   10.026
   4.822   49.970   10.477
   3.529   48.995   10.862
   3.240   49.967   11.110
   2.603   48.539   11.171
   6.595   49.391    9.690
   5.286   50.000   10.295
   3.681    7.725   30.754
   3.656    8.985   30.271
   2.651    9.149   29.492
   1.921    8.116   29.350
   2.694    7.001   30.314
   1.870    6.507   29.907
   3.045    6.153   30.878
   2.467   10.040   29.032
   1.912    8.583   29.172
  34.887   30.589   18.259
  34.708   30.348   16.943
  34.987   29.128   16.667
  35.360   28.434   17.667
  35.292   29.539   18.909
  35.613   28.643   19.338
  35.311   30.098   19.830
  34.910   28.759   15.719
  35.293   28.344   17.179
  10.601   31.418   17.823
  10.840   31.384   16.495
  10.233   32.346   15.904
   9.559   33.098   16.678
   9.826   32.403   18.167
   9.200   33.221   18.338
   9.877   32.104   19.200
  10.296   32.483   14.895
   9.647   33.086   16.186
  23.144   28.448    4.601
  23.970   29.193    5.366
  23.912   30.426    5.021
  23.111   30.668    4.062
  22.504   29.157    3.719
  22.043   29.812    3.050
  22.003   28.277    3.353
  24.469   31.142    5.487
  23.417   30.944    4.345
  33.865   12.306   24.204
  32.905   12.564   23.291
  32.506   13.778   23.388
  33.087   14.452   24.298
  34.142   13.338   24.944
  34.289   14.221   25.482
  34.879   12.771   25.487
  31.781   14.157   22.779
  32.731   14.548   23.960
   3.321   17.614    9.492
   2.059   17.832    9.920
   1.330   18.278    8.965
   1.940   18.413    7.856
   3.480   17.907    8.235
   3.503   18.170    7.225
   4.517   17.622    8.284
   0.344   18.502    9.099
   1.473   18.494    8.015
  20.203   15.831   37.268
  19.366   14.898   37.769
  19.147   15.111   39.013
  19.750   16.126   39.488
  20.573   16.701   38.161
  20.809   17.345   38.948
  21.173   17.218   37.431
  18.536   14.507   39.564
  19.440   15.781   39.674
   3.092   13.647    2.515
   2.070   13.738    3.393
   1.717   12.574    3.795
   2.388   11.617    3.292
   3.457   12.418    2.299
   3.674   11.402    2.196
   4.218   12.749    1.613
   0.958   12.442    4.463
   2.010   11.650    3.617
   5.136   31.567   33.988
   5.501   32.815   33.625
   5.812   33.511   34.655
   5.709   32.889   35.761
   5.190   31.385   35.274
   5.265   31.341   36.314
   4.856   30.367   35.159
   6.113   34.482   34.578
   5.845   33.351   35.626
  27.438   46.083    1.942
  28.786   46.139    1.980
  29.287   44.960    1.945
  28.427   44.024    1.883
  26.990   44.864    1.879
  26.733   43.853    1.831
  25.974   45.222    1.867
  30.294   44.802    1.966
  28.926   44.045    1.898
   6.789   36.975   25.560
   7.775   37.895   25.619
   7.372   39.016   25.147
   6.167   39.014   24.739
   5.693   37.448   25.047
   4.864   37.923   24.624
   5.206   36.495   25.167
   7.981   39.834   25.108
   6.532   39.355   24.761
  14.378   47.002   25.685
  13.188   46.433   25.398
  13.355   45.251   24.932
  14.571   44.886   24.845
  15.383   46.220   25.420
  16.117   45.520   25.175
  16.077   46.973   25.756
  12.567   44.664   24.659
  14.130   44.675   24.739
  47.219    2.380   45.625
  47.645    3.646   45.429
  46.655    4.421   45.184
  45.521    3.842   45.180
  45.929    2.264   45.519
  44.890    2.278   45.412
  45.991    1.209   45.724
  46.782    5.417   45.009
  45.679    4.311   45.107
  21.897   36.523   34.039
  23.169   36.131   34.269
  23.228   34.860   34.422
  22.106   34.265   34.325
  21.062   35.527   34.029
  20.475   34.663   34.041
  20.241   36.197   33.833
  24.108   34.380   34.605
  22.577   34.121   34.410
  50.004    8.318   41.241
  50.005    7.770   42.475
  50.003    8.683   43.374
  50.002    9.871   42.917
  50.002    9.618   41.272
  50.000   10.653   41.404
  50.002    9.659   40.196
  50.004    8.460   44.369
  50.002    9.668   43.374
  36.700   34.104    9.472
  37.938   34.438    9.894
  38.742   33.448    9.759
  38.209   32.401    9.270
  36.632   32.881    9.039
  36.682   31.889    8.715
  35.585   33.001    8.818
  39.724   33.511   10.025
  38.667   32.524    9.426
   4.384   24.262   15.410
   3.666   24.161   16.549
   3.940   23.067   17.158
   4.804   22.339   16.571
   5.164   23.239   15.218
   5.751   22.379   15.157
   5.525   23.668   14.298
   3.493   22.815   18.040
   4.538   22.302   16.993
  29.487   21.550   34.582
  28.564   20.582   34.403
  27.533   20.804   35.131
  27.606   21.858   35.841
  29.106   22.453   35.435
  28.709   23.122   36.131
  30.032   22.989   35.305
  26.728   20.177   35.130
  27.264   21.499   35.775
  44.424   16.141   39.404
  43.101   16.239   39.652
  42.565   17.122   38.893
  43.376   17.694   38.096
  44.819   16.955   38.469
  45.034   17.641   37.712
  45.831   16.599   38.566
  41.569   17.336   38.937
  42.885   17.730   38.188
  39.519    6.930   31.846
  38.765    6.958   30.726
  37.525    7.092   31.021
  37.286    7.165   32.268
  38.808    7.042   32.929
  38.151    7.139   33.735
  39.696    6.980   33.536
  36.803    7.133   30.302
  37.007    7.176   31.854
  24.752   38.858   41.714
  23.758   38.181   41.101
  23.538   38.664   39.934
  24.284   39.646   39.621
  25.231   39.817   40.979
  25.545   40.558   40.314
  25.930   40.082   41.754
  22.820   38.281   39.319
  23.916   39.396   39.394
  18.623   38.707   38.762
  18.166   38.850   40.025
  19.043   39.431   40.757
  20.119   39.734   40.150
  19.821   39.186   38.607
  20.781   39.598   38.586
  19.817   38.902   37.568
  18.876   39.626   41.744
  19.950   39.787   40.617
  30.383    7.944   19.868
  29.439    7.079   20.297
  28.293    7.388   19.813
  28.299    8.412   19.057
  29.902    8.861   19.083
  29.419    9.550   18.465
  30.878    9.302   18.974
  27.455    6.847   20.026
  27.949    8.092   19.216
  28.978   37.081   15.794
  28.206   38.128   15.434
  28.421   39.131   16.202
  29.291   38.924   17.108
  29.737   37.347   16.816
  30.302   37.660   17.636
  30.151   36.354   16.786
  27.928   40.016   16.083
  29.005   39.312   16.975
   9.237   11.601   13.964
  10.579   11.485   14.046
  10.924   10.251   14.056
   9.953    9.432   13.987
   8.637   10.449   13.915
   8.254    9.478   13.882
   7.677   10.933   13.860
  11.902    9.966   14.114
  10.450    9.389   14.018
  48.884   16.551   33.232
  49.880   17.463   33.204
  49.402   18.649   33.120
  48.131   18.703   33.083
  47.705   17.096   33.168
  46.809   17.629   33.112
  47.238   16.127   33.213
  50.004   19.471   33.087
  48.499   19.041   33.072
  41.194   34.486   12.494
  40.201   35.352   12.199
  40.577   36.558   12.415
  41.768   36.669   12.849
  42.268   35.083   12.919
  43.077   35.655   13.247
  42.768   34.136   13.033
  39.959   37.352   12.249
  41.401   36.990   12.739
   0.751   25.597    8.720
   1.683   26.270    8.011
   2.421   26.971    8.790
   2.119   26.881   10.024
   0.833   25.826    9.997
   0.981   26.074   11.000
  -0.000   25.169   10.183
   3.182   27.549    8.435
   2.465   27.130    9.761
  12.973    6.322    7.185
  14.287    6.083    7.381
  14.471    5.458    8.485
  13.405    5.209    9.133
  12.232    5.866    8.151
  11.729    5.465    8.973
  11.344    6.225    7.660
  15.402    5.190    8.803
  13.891    5.120    9.206
  40.578   32.381   26.867
  41.479   31.519   27.385
  42.671   31.960   27.218
  42.739   33.080   26.617
  41.136   33.427   26.335
  41.679   34.225   25.936
  40.172   33.823   26.064
  43.487   31.443   27.546
  43.073   32.761   26.810
   3.834   26.571   27.630
   2.820   26.894   26.798
   2.551   28.144   26.881
   3.278   28.786   27.705
   4.278   27.595   28.298
   4.560   28.476   28.782
   5.005   26.975   28.794
   1.812   28.573   26.324
   2.903   28.906   27.397
  28.386   30.979   49.996
  29.679   31.368   49.996
  29.764   32.647   49.996
  28.643   33.249   49.996
  27.562   31.984   49.996
  26.986   32.855   49.995
  26.719   31.313   49.996
  30.664   33.126   49.996
  29.122   33.393   49.996
  45.256   26.038   13.872
  44.170   26.279   14.637
  44.327   25.786   15.810
  45.440   25.195   15.988
  46.177   25.375   14.506
  46.851   24.844   15.101
  46.808   25.388   13.634
  43.609   25.869   16.529
  45.038   25.284   16.271
   7.196   24.692   12.007
   7.440   23.662   11.169
   8.652   23.698   10.754
   9.337   24.669   11.211
   8.236   25.453   12.181
   9.123   25.997   12.254
   7.678   26.089   12.847
   9.022   22.998   10.111
   9.427   24.287   10.900
  23.627   35.873   40.857
  24.804   35.224   40.730
  24.609   33.984   40.474
  23.383   33.648   40.399
  22.604   35.090   40.691
  21.852   34.380   40.542
  21.928   35.912   40.857
  25.382   33.332   40.344
  23.819   33.408   40.352
   8.473   46.839   25.983
   9.013   46.956   24.752
  10.174   47.495   24.819
  10.550   47.792   25.998
   9.254   47.295   26.917
   9.952   47.685   27.589
   8.527   47.041   27.670
  10.737   47.666   23.986
  10.750   47.835   25.542
  42.941   43.837    4.142
  42.069   44.674    3.540
  42.566   45.852    3.449
  43.738   45.968    3.933
  44.051   44.426    4.474
  44.901   44.989    4.699
  44.434   43.507    4.884
  42.051   46.622    3.022
  43.415   46.278    3.710
  48.427   26.759   10.628
  47.723   27.623    9.865
  47.832   28.816   10.320
  48.558   28.920   11.361
  49.030   27.345   11.619
  49.472   27.907   12.380
  49.437   26.403   11.948
  47.368   29.607    9.874
  48.297   29.239   11.078
  30.886   40.088   15.321
  30.694   38.755   15.422
  31.814   38.148   15.563
  32.830   38.915   15.576
  32.142   40.418   15.391
  33.171   40.579   15.458
  31.889   41.460   15.280
  31.869   37.134   15.656
  32.759   38.421   15.613
  37.055    0.482   33.589
  35.824    1.010   33.750
  35.896    2.279   33.917
  37.080    2.746   33.896
  37.995    1.378   33.644
  38.672    2.171   33.703
  38.746    0.623   33.487
  35.065    2.852   34.055
  36.624    2.941   33.955
  23.371   18.513   19.776
  24.389   17.769   20.259
  25.245   18.512   20.858
  24.953   19.751   20.865
  23.510   19.779   20.035
  23.714   20.770   20.293
  22.585   20.000   19.531
  26.084   18.127   21.289
  25.330   19.476   21.044
  28.110   48.475   45.421
  27.576   47.675   46.368
  26.514   47.107   45.930
  26.206   47.416   44.734
  27.424   48.472   44.318
  26.805   48.399   43.480
  28.114   49.165   43.868
  25.971   46.464   46.506
  26.008   47.119   45.085
  34.247   34.866   13.341
  34.221   34.043   14.410
  34.776   34.601   15.422
  35.216   35.774   15.200
  34.821   36.004   13.600
  35.297   36.880   13.908
  34.653   36.336   12.589
  34.850   34.130   16.323
  35.207   35.469   15.596
  29.758    7.672    0.101
  29.768    8.875    0.714
  30.463    8.826    1.790
  30.977    7.687    2.034
  30.447    6.777    0.744
  31.022    6.135    1.333
  30.210    6.036   -0.001
  30.586    9.641    2.389
  30.980    8.132    2.261
  17.589   43.087   22.971
  18.035   41.838   22.723
  17.170   41.178   22.044
  16.113   41.829   21.763
  16.411   43.307   22.467
  15.467   43.382   22.026
  16.418   44.314   22.849
  17.332   40.212   21.761
  16.279   41.366   21.671
   3.946   44.998    2.653
   3.782   43.663    2.770
   2.632   43.310    2.330
   1.919   44.270    1.892
   2.911   45.585    2.130
   2.034   45.958    1.704
   3.398   46.543    2.203
   2.328   42.337    2.336
   1.858   43.775    1.935
   4.745   17.863   17.574
   4.511   18.553   16.437
   5.130   19.675   16.456
   5.809   19.884   17.512
   5.529   18.500   18.393
   6.162   19.090   18.977
   5.470   17.692   19.102
   5.073   20.334   15.680
   5.722   20.139   17.091
  35.749    4.648   36.320
  37.081    4.693   36.109
  37.668    3.735   36.726
  36.886    2.975   37.382
  35.397    3.657   37.086
  35.220    2.836   37.706
  34.363    3.948   37.013
  38.679    3.607   36.684
  37.380    2.992   37.304
  43.964    8.082   21.543
  44.211    7.541   22.754
  43.317    6.672   23.050
  42.420    6.516   22.161
  42.896    7.593   20.986
  42.027    7.139   20.626
  43.038    8.223   20.124
  43.337    6.157   23.930
  42.511    6.316   22.610
  37.889   38.929   15.929
  38.813   38.270   16.660
  39.475   39.088   17.391
  39.125   40.306   17.269
  37.902   40.211   16.145
  37.992   41.222   16.389
  37.099   40.353   15.441
  40.218   38.773   18.014
  39.467   40.062   17.540
  38.718   14.080   44.949
  40.066   14.105   45.012
  40.495   15.312   45.003
  39.580   16.195   44.939
  38.197   15.270   44.896
  37.880   16.264   44.857
  37.206   14.851   44.859
  41.490   15.531   45.045
  40.079   16.205   44.962
   4.903   44.523   48.151
   5.645   45.158   47.219
   6.342   44.316   46.549
   6.185   43.103   46.902
   5.078   43.235   48.138
   5.288   42.216   48.046
   4.379   43.115   48.948
   6.967   44.611   45.799
   6.460   43.339   46.556
   7.269    0.846   16.745
   6.405    0.047   16.082
   5.246    0.589   16.024
   5.167    1.728   16.587
   6.717    1.950   17.153
   6.182    2.801   17.435
   7.647    2.272   17.589
   4.461    0.133   15.560
   4.848    1.432   16.342
  18.842   11.176   12.891
  19.976   10.661   13.412
  20.776   11.598   13.764
  20.336   12.773   13.552
  18.844   12.476   12.878
  18.943   13.514   12.911
  17.863   12.487   12.433
  21.686   11.401   14.180
  20.756   12.582   13.744
  49.618   31.434   15.128
  48.980   30.247   15.213
  47.710   30.416   15.179
  47.343   31.630   15.075
  48.798   32.437   15.034
  48.058   33.171   14.963
  49.623   33.128   14.991
  47.061   29.631   15.232
  47.106   31.190   15.107
  15.257    3.241    5.353
  14.994    2.005    4.880
  13.827    1.963    4.354
  13.192    3.065    4.392
  14.274    4.070    5.159
  13.432    4.654    4.957
  14.829    4.863    5.632
  13.452    1.108    3.942
  13.094    2.607    4.217
  10.564   39.811    4.130
  10.078   41.007    4.523
  10.762   41.961    4.010
  11.722   41.580    3.265
  11.591   39.923    3.341
  12.405   40.120    2.717
  11.669   38.851    3.265
  10.543   42.940    4.194
  11.542   42.024    3.411
  22.068   36.414   25.726
  22.942   37.435   25.845
  22.889   37.938   27.023
  22.049   37.378   27.797
  21.400   36.197   26.820
  20.919   36.104   27.742
  20.867   35.386   26.352
  23.480   38.721   27.301
  22.372   37.756   27.841
  32.476   30.514   44.947
  32.795   31.636   45.626
  32.315   32.670   45.039
  31.663   32.416   43.976
  31.771   30.757   43.882
  31.211   31.057   43.053
  31.730   29.706   43.650
  32.454   33.611   45.406
  31.781   32.831   44.227
  49.034   31.831   28.367
  48.006   30.961   28.272
  47.404   31.096   27.148
  47.895   31.996   26.393
  49.155   32.579   27.310
  49.167   33.127   26.422
  50.002   33.082   27.744
  46.600   30.522   26.896
  47.514   31.673   26.358
  19.923   36.370   16.101
  18.884   37.229   16.019
  19.265   38.423   16.288
  20.502   38.531   16.566
  21.034   36.960   16.429
  21.871   37.525   16.695
  21.561   36.021   16.391
  18.617   39.210   16.277
  20.118   38.849   16.535
  38.317   24.092   40.676
  38.119   23.845   39.364
  39.201   24.035   38.702
  40.192   24.404   39.410
  39.537   24.457   40.938
  40.536   24.739   41.044
  39.300   24.549   41.985
  39.246   23.897   37.693
  40.119   24.313   38.923
  28.762   15.969   17.316
  28.184   17.159   17.586
  29.072   18.077   17.691
  30.267   17.676   17.523
  30.057   16.051   17.231
  31.086   16.221   17.184
  30.126   14.996   17.026
  28.823   19.045   17.894
  30.053   18.116   17.623
  43.620   24.831   35.035
  42.560   24.016   35.214
  41.997   24.249   36.342
  42.548   25.173   37.023
  43.804   25.640   36.037
  43.866   26.242   36.887
  44.659   26.075   35.548
  41.177   23.729   36.653
  42.155   24.871   37.090
  13.020    9.476    0.801
  12.506   10.434   -0.000
  12.436   11.552    0.624
  12.854   11.512    1.825
  13.311    9.920    1.988
  13.509   10.372    2.908
  13.657    8.944    2.284
  12.072   12.395    0.179
  12.664   11.867    1.529
  46.215   36.041   16.662
  46.512   35.249   17.714
  45.740   34.227   17.739
  44.888   34.186   16.794
  45.234   35.576   15.946
  44.442   35.120   15.442
  45.305   36.416   15.276
  45.814   33.513   18.464
  44.998   33.892   17.183
  13.268   27.244   23.974
  12.473   26.169   23.787
  12.905   25.454   22.815
  13.957   25.903   22.257
  14.258   27.286   23.134
  15.015   27.228   22.417
  14.615   28.201   23.575
  12.432   24.598   22.525
  13.663   25.505   22.188
   9.605    3.328   16.382
   9.769    4.455   15.657
  11.010    4.654   15.408
  11.791    3.770   15.887
  10.732    2.734   16.645
  11.684    2.337   16.801
  10.215    1.959   17.184
  11.330    5.459   14.870
  11.852    4.187   15.618
   8.758   10.346   18.654
   9.958   10.119   19.230
  10.308    8.896   19.072
   9.471    8.188   18.426
   8.264    9.284   18.091
   7.956    8.379   17.672
   7.392    9.834   17.781
  11.188    8.537   19.441
   9.915    8.104   18.639
  40.896   29.140   13.786
  41.296   30.428   13.721
  42.574   30.499   13.657
  43.166   29.372   13.667
  41.892   28.305   13.767
  42.757   27.721   13.745
  41.214   27.471   13.829
  43.062   31.393   13.601
  43.314   29.849   13.643
   3.102   38.017    8.824
   1.767   37.848    8.937
   1.145   38.882    8.505
   1.902   39.811    8.076
   3.419   39.169    8.312
   3.568   40.114    7.894
   4.467   38.930    8.384
   0.127   38.939    8.510
   1.408   39.749    8.118
  42.605    6.369   25.994
  42.600    5.158   26.590
  41.558    4.494   26.251
  40.780    5.106   25.451
  41.565    6.557   25.235
  40.699    6.609   24.655
  41.916    7.541   24.973
  41.381    3.553   26.603
  40.779    4.657   25.672
  42.304   33.257   31.589
  42.741   34.240   32.404
  43.870   33.926   32.923
  44.316   32.789   32.564
  43.125   32.251   31.533
  43.847   31.498   31.558
  42.473   31.737   30.847
  44.358   34.547   33.568
  44.478   33.153   32.866
  14.965   46.178   19.619
  15.973   46.501   20.457
  15.561   47.302   21.369
  14.328   47.606   21.284
  13.844   46.751   19.941
  12.997   47.257   20.281
  13.347   46.281   19.109
  16.183   47.657   22.095
  14.701   47.726   21.595
  30.272    2.318   48.722
  28.986    2.686   48.541
  28.215    1.663   48.582
  28.816    0.558   48.779
  30.406    1.036   48.891
  30.407   -0.000   49.016
  31.473    1.146   48.991
  27.205    1.744   48.465
  28.340    0.694   48.712
  13.456   14.063   45.746
  14.615   13.398   45.550
  15.615   14.187   45.689
  15.303   15.388   45.973
  13.641   15.319   46.023
  13.895   16.309   46.237
  12.578   15.474   46.100
  16.576   13.864   45.578
  15.732   15.142   45.901
  41.759    4.159   29.748
  42.543    3.126   29.371
  43.682    3.190   29.954
  43.818    4.184   30.737
  42.346    4.949   30.596
  42.904    5.518   31.271
  41.473    5.577   30.640
  44.409    2.494   29.792
  44.109    3.802   30.597
  23.883   41.074   46.250
  22.627   40.692   45.935
  22.298   41.140   44.780
  23.202   41.825   44.203
  24.438   41.790   45.317
  24.791   42.353   44.513
  25.338   41.881   45.901
  21.382   40.953   44.371
  22.737   41.684   44.086
  19.635    3.111   15.410
  20.358    1.983   15.247
  19.648    1.068   14.698
  18.452    1.417   14.435
  18.416    2.991   14.975
  17.462    2.793   14.599
  18.197    4.006   15.261
  20.025    0.143   14.494
  18.720    0.999   14.374
   6.642    2.529    5.774
   7.411    3.583    6.120
   8.547    3.525    5.528
   8.693    2.515    4.768
   7.236    1.729    4.939
   7.797    1.153    4.273
   6.373    1.085    4.919
   9.263    4.237    5.666
   8.978    2.905    4.896
  42.639    3.773   38.885
  41.296    3.640   38.927
  40.970    2.413   39.103
  41.957    1.614   39.196
  43.258    2.639   39.030
  43.658    1.682   39.155
  44.212    3.131   38.945
  39.996    2.118   39.162
  41.460    1.565   39.211
  47.410   20.129   42.456
  48.219   19.056   42.329
  47.536   17.971   42.367
  46.283   18.142   42.511
  46.159   19.800   42.582
  45.186   19.434   42.677
  45.877   20.838   42.649
  47.977   17.055   42.287
  46.583   17.745   42.465
  29.298    5.662   32.819
  28.986    4.351   32.883
  30.047    3.633   32.862
  31.130    4.298   32.787
  30.580    5.868   32.752
  31.621    5.927   32.702
  30.423    6.933   32.719
  30.010    2.615   32.903
  31.015    3.812   32.811
  17.039   12.740   22.335
  17.468   12.598   23.607
  18.718   12.867   23.693
  19.262   13.199   22.591
  17.987   13.109   21.526
  18.814   13.404   20.961
  17.300   13.109   20.697
  19.221   12.814   24.579
  19.421   13.146   23.063
  40.846   13.895   17.433
  42.007   13.761   18.109
  42.241   14.804   18.815
  41.352   15.711   18.725
  40.263   15.034   17.664
  39.877   15.971   17.915
  39.454   14.771   17.004
  43.076   14.886   19.395
  41.782   15.661   18.976
  45.040   13.816    4.594
  44.069   13.266    3.835
  43.736   14.061    2.886
  44.376   15.161    2.871
  45.390   14.998    4.180
  45.598   15.935    3.769
  46.113   15.079    4.975
  43.015   13.816    2.207
  44.017   14.957    2.589
  40.453    2.581    7.759
  41.336    3.570    7.503
  40.729    4.617    7.083
  39.464    4.497    7.003
  39.224    2.933    7.519
  38.277    3.312    7.297
  38.871    1.961    7.820
  41.233    5.470    6.838
  39.791    4.863    6.908
  31.386   47.031    2.136
  32.159   45.941    2.330
  33.386   46.208    2.072
  33.598   47.407    1.702
  32.069   48.065    1.743
  32.705   48.832    1.431
  31.174   48.662    1.707
  34.120   45.506    2.162
  33.884   47.004    1.774
  14.147   40.586   38.458
  14.124   41.062   37.195
  13.514   40.246   36.417
  13.078   39.198   36.991
  13.553   39.434   38.569
  13.057   38.516   38.552
  13.771   39.406   39.623
  13.397   40.437   35.422
  13.070   39.374   36.523
  41.150   33.182   40.853
  39.986   32.737   40.334
  40.146   32.372   39.116
  41.333   32.506   38.678
  42.130   33.130   40.000
  42.845   33.048   39.244
  42.809   33.532   40.732
  39.375   32.006   38.558
  40.902   32.341   38.486
   1.591    5.148   44.884
   2.316    4.196   45.510
   3.001    4.707   46.465
   2.849    5.963   46.609
   1.765    6.329   45.400
   1.973    7.230   45.883
   1.081    6.757   44.687
   3.612    4.141   47.053
   3.118    5.611   46.840
  11.629   17.183   34.320
  11.049   17.616   35.459
  10.167   16.778   35.862
  10.038   15.752   35.120
  11.156   16.040   33.921
  10.712   15.124   33.687
  11.815   16.046   33.070
   9.623   16.935   36.710
   9.823   15.912   35.542
  21.594   30.075   48.211
  22.244   29.509   49.250
  23.465   29.897   49.283
  23.785   30.706   48.355
  22.359   30.861   47.512
  23.052   31.467   47.019
  21.543   31.088   46.847
  24.113   29.573   50.001
  24.026   30.496   48.740
   0.736   16.511   39.418
   0.474   15.191   39.312
   1.060   14.539   40.247
   1.739   15.260   41.046
   1.506   16.788   40.428
   2.125   16.905   41.261
   1.476   17.836   40.183
   0.978   13.526   40.330
   1.643   14.771   41.006
   4.846   44.096   19.784
   5.156   45.080   20.654
   4.152   45.856   20.834
   3.114   45.536   20.171
   3.623   44.180   19.351
   2.630   44.334   19.065
   3.762   43.302   18.743
   4.198   46.659   21.461
   3.229   45.900   20.493
  38.839    5.343   27.437
  38.575    6.659   27.581
  37.388    6.833   28.031
  36.739    5.758   28.235
  37.837    4.591   27.784
  36.979    4.079   28.087
  38.398    3.704   27.543
  37.010    7.764   28.205
  36.641    6.245   28.289
  15.209   14.964    9.592
  16.290   15.347   10.305
  17.347   14.770    9.864
  17.148   13.988    8.880
  15.505   14.119    8.650
  15.845   13.448    7.926
  14.472   14.071    8.348
  18.264   14.936   10.279
  17.548   14.130    9.144
  22.525   39.397   30.887
  22.195   38.521   29.914
  22.023   37.349   30.403
  22.196   37.273   31.661
  22.585   38.841   32.061
  22.606   38.302   32.955
  22.850   39.783   32.510
  21.768   36.554   29.818
  22.074   36.948   31.301
   1.884   37.072   12.763
   1.764   36.748   11.458
   2.487   35.727   11.180
   3.139   35.258   12.168
   2.691   36.280   13.404
   3.353   35.591   13.824
   2.526   36.824   14.318
   2.525   35.334   10.240
   3.094   35.138   11.685
  42.338    6.476   41.455
  41.279    6.355   42.283
  41.500    6.963   43.390
  42.638    7.529   43.461
  43.306    7.168   41.979
  44.020    7.735   42.487
  43.899    7.042   41.089
  40.811    6.982   44.141
  42.246    7.484   43.767
  33.217   12.738    2.912
  31.993   13.309    2.933
  31.143   12.574    2.318
  31.626   11.499    1.837
  33.227   11.601    2.282
  33.129   10.703    1.758
  34.280   11.487    2.474
  30.163   12.843    2.230
  31.173   11.711    1.845
  33.243   31.020   10.871
  34.149   30.227   10.260
  33.660   29.060   10.056
  32.463   28.911   10.463
  32.117   30.410   11.097
  31.257   29.834   11.232
  31.709   31.299   11.549
  34.200   28.322    9.603
  32.799   28.617   10.237
   7.975   16.636   34.594
   7.349   15.533   34.131
   6.482   15.847   33.242
   6.404   17.094   32.999
   7.547   17.727   34.030
   7.137   18.540   33.521
   8.230   18.316   34.618
   5.909   15.143   32.776
   6.173   16.685   32.827
   9.035   12.844    4.235
   9.470   14.043    3.793
  10.619   13.928    3.238
  11.082   12.743    3.226
   9.878   11.885    3.990
  10.619   11.190    3.748
   9.222   11.168    4.454
  11.108   14.731    2.842
  11.243   13.187    3.062
   2.869   31.578   23.579
   2.514   30.295   23.804
   1.282   30.111   23.503
   0.684   31.148   23.070
   1.888   32.296   23.119
   1.039   32.783   22.755
   2.523   33.165   23.078
   0.833   29.201   23.607
   0.552   30.673   23.153
  30.432   12.641    6.209
  30.063   13.703    5.462
  29.377   13.323    4.448
  29.200   12.065    4.373
  30.005   11.514    5.721
  29.618   10.666    5.250
  30.467   10.971    6.529
  29.010   13.988    3.767
  29.064   12.459    4.096
  24.604   14.126   32.189
  23.538   13.320   32.003
  22.449   13.948   32.253
  22.610   15.158   32.612
  24.266   15.322   32.571
  23.892   16.249   32.873
  25.300   15.620   32.605
  21.537   13.500   32.168
  22.215   14.860   32.543
  38.056   16.862   14.665
  38.112   18.207   14.564
  39.284   18.632   14.859
  40.112   17.718   15.173
  39.189   16.341   15.032
  40.138   16.022   15.329
  38.763   15.352   14.998
  39.518   19.625   14.838
  40.133   18.216   15.135
  19.882   43.025   33.251
  18.887   43.884   32.942
  17.749   43.300   33.019
  17.806   42.075   33.359
  19.443   41.837   33.545
  18.992   40.921   33.763
  20.449   41.490   33.714
  16.877   43.791   32.820
  17.438   42.393   33.245
  18.290   28.918   18.873
  17.546   29.892   19.439
  17.875   30.053   20.667
  18.804   29.282   21.069
  19.143   28.395   19.702
  19.790   28.043   20.442
  19.502   27.728   18.936
  17.420   30.747   21.259
  18.528   29.643   21.278
  12.544    4.382   35.270
  11.290    4.742   34.923
  11.291    5.345   33.792
  12.442    5.468   33.262
  13.428    4.732   34.383
  14.056    5.054   33.614
  14.217    4.304   34.978
  10.432    5.693   33.366
  11.977    5.601   33.133
  33.089    4.718    1.512
  32.966    3.715    0.617
  34.018    2.983    0.613
  34.920    3.354    1.431
  34.228    4.693    2.138
  35.167    4.585    2.582
  33.955    5.568    2.702
  34.109    2.174   -0.000
  34.875    2.983    1.099
   6.319   11.844   29.120
   5.020   11.481   29.050
   4.599   11.547   27.841
   5.474   11.928   26.999
   6.811   12.164   27.961
   7.110   12.400   26.988
   7.769   12.370   28.408
   3.639   11.309   27.592
   4.993   11.794   26.973
  43.309   34.077    6.544
  44.433   34.415    5.876
  45.449   34.374    6.656
  45.182   34.033    7.852
  43.535   33.797    7.793
  43.821   33.593    8.777
  42.489   33.598    7.954
  46.388   34.599    6.328
  45.598   34.158    7.605
   6.826   26.910   34.184
   7.370   27.787   33.315
   8.171   27.189   32.513
   8.273   25.935   32.709
   7.243   25.694   33.994
   7.639   24.756   33.761
   6.634   25.341   34.809
   8.678   27.690   31.784
   8.474   26.260   32.387
  41.907   14.387   48.921
  41.029   15.289   48.434
  41.483   16.480   48.574
  42.628   16.545   49.126
  42.979   14.942   49.404
  43.796   15.483   49.765
  43.380   13.977   49.664
  40.958   17.296   48.263
  42.303   16.879   48.945
  31.670   23.979   29.047
  31.089   22.783   29.280
  29.817   22.911   29.368
  29.395   24.103   29.220
  30.807   24.948   28.971
  30.037   25.653   28.927
  31.597   25.659   28.795
  29.206   22.113   29.542
  29.180   23.660   29.306
  43.315    2.974   17.064
  42.540    1.870   17.007
  42.961    0.981   17.828
  43.988    1.326   18.496
  44.282    2.862   17.926
  45.021    2.673   18.639
  44.630    3.853   17.688
  42.500    0.077   17.925
  43.701    0.917   18.475
  13.118   30.100   22.606
  12.765   30.417   23.870
  11.615   30.983   23.886
  11.077   31.117   22.741
  12.217   30.443   21.734
  11.436   30.755   21.116
  12.823   30.054   20.932
  11.181   31.295   24.755
  10.946   31.234   23.209
  36.647    4.599   19.730
  37.602    5.457   20.147
  37.100    6.612   20.380
  35.846    6.693   20.173
  35.471    5.151   19.670
  34.574    5.685   19.656
  35.037    4.226   19.330
  37.671    7.392   20.705
  36.200    7.010   20.327
  43.088   23.837   44.574
  41.829   24.153   44.948
  41.029   24.068   43.950
  41.583   23.716   42.860
  43.173   23.531   43.314
  43.136   23.303   42.296
  44.232   23.361   43.411
  40.034   24.270   44.040
  41.117   23.832   42.998
  15.285   31.321    4.720
  16.235   31.437    5.672
  16.230   30.412    6.440
  15.355   29.536    6.143
  14.611   30.214    4.818
  14.132   29.301    4.982
  14.015   30.482    3.962
  16.880   30.320    7.220
  15.707   29.579    6.496
  32.912   13.790   18.565
  31.905   14.497   19.119
  31.566   13.990   20.246
  32.235   12.961   20.583
  33.282   12.785   19.301
  33.504   12.008   19.964
  34.029   12.508   18.577
  30.820   14.390   20.814
  31.862   13.223   20.789
  31.803    3.412   47.566
  31.226    3.945   46.468
  31.932    3.703   45.427
  32.991    3.033   45.652
  32.915    2.795   47.297
  33.792    2.327   46.978
  33.043    2.540   48.336
  31.655    4.028   44.501
  32.777    3.230   45.245
  32.821   37.442   11.338
  31.510   37.759   11.286
  31.301   38.664   10.403
  32.346   39.052    9.788
  33.535   38.124   10.491
  34.016   38.719    9.781
  34.430   37.622   10.818
  30.368   39.032   10.220
  31.860   39.170    9.769
  48.185   33.978    8.529
  48.361   32.800    7.894
  49.353   32.162    8.396
  49.935   32.763    9.355
  49.053   34.169    9.478
  49.791   34.227   10.214
  48.611   35.124    9.710
  49.639   31.248    8.044
  50.000   32.327    9.119
  28.639   20.887    2.225
  28.093   21.940    2.870
  29.004   22.756    3.251
  30.188   22.403    2.946
  29.935   20.962    2.153
  30.967   21.116    2.148
  29.975   20.027    1.620
  28.782   23.613    3.756
  29.986   22.793    3.185
  30.661   17.393    3.449
  31.871   16.844    3.213
  32.035   15.792    3.927
  31.048   15.507    4.679
  29.973   16.729    4.329
  29.504   16.127    5.042
  29.156   17.425    4.240
  32.891   15.240    3.884
  31.496   15.304    4.591
  40.055   25.947   28.013
  39.589   27.128   28.473
  38.451   27.397   27.949
  38.024   26.517   27.135
  39.244   25.386   27.166
  38.529   25.020   26.499
  39.917   24.552   27.051
  37.942   28.251   28.177
  37.851   26.954   27.305
  17.940   21.714   31.194
  17.864   23.056   31.317
  17.222   23.563   30.330
  16.810   22.712   29.478
  17.351   21.276   30.120
  16.854   21.027   29.237
  17.613   20.262   30.372
  17.063   24.567   30.251
  16.782   23.209   29.523
  22.616   21.147   14.964
  21.312   21.419   15.188
  20.623   20.339   15.205
  21.301   19.279   15.013
  22.844   19.875   14.824
  22.921   18.838   14.727
  23.894   20.063   14.677
  19.616   20.345   15.361
  20.818   19.380   15.096
  10.922   10.978    8.228
  10.550    9.705    8.478
  10.261    9.098    7.387
  10.385    9.810    6.340
  10.895   11.267    6.961
  10.839   11.398    5.927
  11.225   12.271    7.167
   9.958    8.124    7.377
  10.247    9.338    6.432
  41.230   19.145   36.402
  41.165   20.402   35.914
  39.946   20.788   35.825
  39.091   19.925   36.205
  40.056   18.646   36.656
  39.073   18.339   36.825
  40.503   17.726   36.992
  39.699   21.714   35.476
  39.067   20.391   36.024
  44.902   30.659   43.748
  45.500   30.614   42.539
  44.969   31.465   41.742
  44.021   32.145   42.253
  43.949   31.542   43.802
  43.207   32.274   43.743
  43.750   31.287   44.829
  45.290   31.576   40.781
  44.243   32.128   41.805
   6.927    9.965   39.190
   7.156   10.057   40.518
   7.783   11.141   40.792
   8.043   11.869   39.781
   7.392   10.984   38.531
   7.800   11.841   38.096
   7.039   10.564   37.604
   8.044   11.385   41.747
   8.127   11.903   40.272
  10.348   21.210   26.770
  10.894   20.940   27.975
  12.160   21.137   27.949
  12.609   21.532   26.825
  11.229   21.596   25.896
  12.011   21.895   25.272
  10.463   21.701   25.147
  12.746   20.985   28.769
  12.811   21.432   27.271
  33.207   42.570   48.108
  33.081   41.327   48.620
  34.230   40.774   48.748
  35.207   41.498   48.375
  34.445   42.891   47.876
  35.466   43.052   47.727
  34.142   43.858   47.511
  34.334   39.830   49.120
  35.160   41.038   48.564
  17.196    8.843   14.563
  18.425    8.662   15.092
  18.627    9.487   16.052
  17.652   10.272   16.287
  16.534    9.796   15.150
  16.088   10.573   15.685
  15.693    9.635   14.496
  19.502    9.501   16.575
  18.107   10.205   16.483
   5.981   40.643   39.988
   6.613   41.822   39.807
   6.327   42.314   38.659
   5.532   41.603   37.964
   5.250   40.306   38.968
   4.695   40.127   38.102
   4.947   39.399   39.465
   6.712   43.204   38.344
   5.767   42.040   37.897
  16.167   15.205   16.240
  16.949   15.200   15.139
  18.188   15.215   15.468
  18.400   15.231   16.723
  16.855   15.224   17.342
  17.496   15.239   18.166
  15.950   15.222   17.926
  18.930   15.214   14.769
  18.690   15.229   16.315
  41.585   25.793    4.425
  40.675   26.073    5.383
  40.773   27.295    5.754
  41.681   27.956    5.154
  42.324   26.819    4.123
  42.860   27.699    3.953
  42.864   26.236    3.396
  40.166   27.691    6.471
  41.344   28.060    5.509
  20.058   35.805   10.361
  20.363   35.731   11.674
  21.434   35.049   11.849
  21.957   34.606   10.777
  20.914   35.175    9.612
  21.654   34.644    9.102
  20.365   35.449    8.727
  21.822   34.885   12.778
  22.071   34.578   11.264
  34.292   14.094   21.120
  34.136   15.105   20.239
  34.750   16.155   20.645
  35.353   16.015   21.757
  35.015   14.433   22.146
  35.605   14.802   22.925
  34.909   13.446   22.566
  34.745   17.022   20.109
  35.295   16.390   21.431
  45.869   17.228   10.300
  45.238   17.642    9.181
  45.803   18.691    8.708
  46.805   19.098    9.379
  46.878   17.985   10.615
  47.664   18.652   10.780
  47.087   17.375   11.477
  45.465   19.149    7.862
  46.571   19.251    8.965
  35.949   30.617   46.686
  36.700   29.711   46.025
  35.996   28.688   45.708
  34.779   28.752   46.076
  34.716   30.232   46.834
  33.754   29.833   46.901
  34.478   31.144   47.356
  36.393   27.897   45.202
  35.057   28.416   45.831
  28.401    7.412   10.595
  27.084    7.399   10.893
  26.612    8.590   10.901
  27.465    9.496   10.634
  28.856    8.614   10.393
  29.121    9.613   10.251
  29.842    8.225   10.203
  25.632    8.779   11.106
  26.978    9.491   10.744
  38.154   19.650    6.498
  37.372   20.730    6.286
  38.041   21.810    6.457
  39.258   21.630    6.780
  39.372   19.970    6.819
  40.320   20.330    7.068
  39.641   18.930    6.895
  37.617   22.730    6.340
  38.969   22.030    6.701
  28.129   25.689   41.497
  26.841   25.448   41.175
  26.595   24.191   41.211
  27.592   23.469   41.535
  28.790   24.602   41.761
  29.230   23.675   41.953
  29.683   25.173   41.952
  25.671   23.816   40.996
  27.115   23.380   41.415
  34.795   20.816   30.564
  34.831   19.881   29.591
  34.069   18.894   29.889
  33.466   19.011   31.003
  34.009   20.488   31.545
  33.357   20.133   32.280
  34.241   21.406   32.059
  33.967   18.088   29.272
  33.479   18.664   30.643
  23.620   12.994   13.322
  23.777   12.076   14.299
  24.481   12.554   15.257
  24.865   13.754   15.080
  24.214   14.118   13.592
  24.722   14.976   13.902
  23.881   14.537   12.657
  24.705   12.005   16.087
  24.923   13.414   15.442
  17.713   38.730    3.143
  17.362   39.807    3.879
  18.404   40.432    4.287
  19.507   39.913    3.918
  19.001   38.597    3.034
  20.045   38.580    3.006
  18.874   37.711    2.435
  18.338   41.273    4.858
  19.377   40.312    4.191
  34.066   20.629    0.697
  32.828   20.430    1.195
  32.724   19.251    1.686
  33.783   18.549    1.599
  34.835   19.590    0.838
  35.369   18.707    0.999
  35.650   20.109    0.361
  31.858   18.917    2.110
  33.324   18.475    1.783
  34.307    4.846   27.458
  34.447    4.963   28.796
  34.593    6.192   29.128
  34.573    7.007   28.151
  34.354    5.994   26.849
  34.405    6.960   26.457
  34.217    5.510   25.896
  34.713    6.477   30.100
  34.625    7.050   28.646
  39.428   26.646   48.277
  40.612   27.046   47.769
  40.433   27.778   46.732
  39.212   27.960   46.421
  38.414   27.096   47.599
  37.672   27.506   46.989
  37.728   26.600   48.265
  41.215   28.174   46.211
  39.651   28.108   46.233
  38.845   40.730   39.805
  40.064   40.830   40.375
  40.607   41.953   40.080
  39.897   42.702   39.336
  38.530   41.781   39.108
  38.374   42.666   38.577
  37.581   41.344   38.847
  41.533   42.209   40.422
  40.349   42.740   39.547
   9.525   38.366   45.317
  10.492   38.601   46.229
  10.451   39.819   46.625
   9.533   40.517   46.087
   8.803   39.419   45.072
   8.284   40.316   44.946
   8.207   38.865   44.366
  11.107   40.183   47.316
   9.891   40.604   46.424
   3.672    3.761   26.352
   4.768    3.454   27.079
   5.412    4.516   27.394
   4.890    5.595   26.964
   3.545    5.040   26.156
   3.534    6.079   26.056
   2.641    4.880   25.594
   6.270    4.482   27.944
   5.296    5.481   27.233
  46.698   13.123   43.997
  45.588   13.225   44.760
  45.036   14.371   44.599
  45.638   15.136   43.780
  46.926   14.197   43.300
  47.020   15.100   42.785
  47.809   13.751   42.874
  44.183   14.631   45.094
  45.227   15.174   44.062
  17.675   37.866   17.742
  18.687   37.347   18.469
  18.458   36.117   18.744
  17.358   35.670   18.285
  16.733   37.001   17.506
  16.036   36.236   17.373
  16.172   37.739   16.957
  19.113   35.556   19.288
  17.733   35.477   18.554
  36.723    0.795   45.131
  37.803   -0.007   45.021
  38.878    0.689   44.972
  38.694    1.946   45.036
  37.038    2.056   45.160
  37.394    3.037   45.174
  36.000    2.329   45.246
  39.797    0.255   44.888
  39.094    1.649   44.995
  35.857   35.046   40.269
  36.061   34.305   39.159
  37.271   33.883   39.115
  37.991   34.247   40.100
  36.923   35.146   41.006
  37.829   35.165   41.525
  36.391   35.753   41.719
  37.612   33.305   38.348
  38.066   33.972   39.689
  24.500   42.377    7.697
  25.479   43.179    7.228
  25.173   44.412    7.400
  24.046   44.601    7.959
  23.504   43.046    8.199
  22.759   43.672    8.577
  22.989   42.130    8.438
  25.793   45.166    7.107
  24.408   44.898    7.785
   5.652   31.629   26.794
   5.802   32.964   26.659
   5.156   33.585   27.575
   4.534   32.827   28.386
   4.900   31.311   27.806
   4.287   31.161   28.637
   5.021   30.263   27.586
   5.151   34.603   27.635
   4.590   33.321   28.336
  35.392   48.489   36.653
  36.086   47.997   35.605
  37.299   48.410   35.635
  37.573   49.170   36.618
  36.117   49.247   37.421
  36.781   49.837   37.970
  35.276   49.419   38.072
  37.976   48.142   34.921
  37.830   48.988   36.230
  20.429   38.898   25.855
  20.772   39.264   24.601
  21.692   40.155   24.628
  22.069   40.489   25.797
  21.109   39.532   26.764
  21.704   40.092   27.413
  20.586   39.005   27.544
  22.081   40.554   23.774
  22.196   40.624   25.333
  40.942   28.032   10.364
  40.204   26.913   10.517
  39.306   26.837    9.605
  39.311   27.807    8.781
  40.565   28.745    9.344
  40.187   29.242    8.507
  41.329   29.475    9.552
  38.651   26.058    9.558
  39.037   27.393    8.837
  41.084   16.831   12.569
  42.428   16.911   12.472
  42.814   18.130   12.558
  41.871   18.971   12.711
  40.524   17.994   12.723
  40.173   18.970   12.842
  39.549   17.537   12.755
  43.799   18.388   12.505
  42.369   19.001   12.675
  46.301    1.359   31.496
  45.029    0.918   31.596
  44.638    0.417   30.483
  45.510    0.447   29.556
  46.805    1.170   30.313
  47.115    0.974   29.335
  47.736    1.615   30.621
  43.701    0.031   30.365
  45.039    0.283   29.593
  19.155   27.151   34.586
  20.199   26.584   33.943
  19.973   25.341   33.728
  18.848   24.928   34.154
  18.195   26.306   34.822
  17.486   25.554   34.963
  17.613   27.077   35.298
  20.651   24.746   33.251
  19.234   24.718   33.916
  33.887   35.772   20.380
  35.160   35.992   20.771
  35.624   34.969   21.389
  34.804   34.001   21.493
  33.455   34.595   20.722
  33.204   33.633   21.041
  32.499   34.798   20.269
  36.573   34.949   21.760
  35.276   34.082   21.638
  46.571    7.020   31.070
  47.804    6.471   31.060
  48.703    7.385   31.067
  48.247    8.573   31.080
  46.602    8.320   31.083
  46.734    9.355   31.093
  45.526    8.361   31.087
  49.698    7.161   31.061
  48.704    8.370   31.077
  29.409   42.381   16.904
  29.333   43.697   16.612
  30.240   44.350   17.240
  30.990   43.634   17.977
  30.370   42.108   17.736
  31.164   41.995   18.405
  30.116   41.062   17.711
  30.338   45.361   17.144
  30.961   44.121   17.869
  19.189   29.695    3.573
  19.497   31.009    3.532
  18.435   31.717    3.418
  17.356   31.043    3.369
  17.910   29.479    3.486
  16.871   29.412    3.411
  18.070   28.415    3.550
  18.468   32.735    3.371
  17.470   31.530    3.354
  18.208    0.000   47.806
  16.972    0.046   47.266
  16.641    1.256   47.002
  17.526    2.121   47.300
  18.747    1.178   47.923
  19.089    2.163   47.974
  19.636    0.746   48.352
  15.739    1.489   46.587
  17.068    2.138   47.099
   6.471    4.548   19.775
   5.601    5.554   20.009
   4.407    5.100   20.115
   4.309    3.838   19.979
   5.890    3.387   19.716
   5.330    2.506   19.687
   6.836    2.905   19.533
   3.612    5.713   20.293
   3.987    4.210   20.066
  32.744   15.028   44.211
  31.966   13.986   44.574
  32.669   12.922   44.699
  33.910   13.079   44.461
  33.994   14.698   44.081
  34.969   14.332   44.004
  34.249   15.708   43.810
  32.254   12.031   44.969
  33.622   12.693   44.595
  16.306   49.341   26.894
  17.360   49.449   27.731
  18.411   49.801   27.088
  18.234   49.964   25.838
  16.616   49.616   25.662
  16.966   49.854   24.707
  15.603   49.430   25.349
  19.308   49.933   27.554
  18.624   50.005   26.148
  36.947   24.385   22.512
  36.085   25.215   21.887
  34.877   24.823   22.060
  34.761   23.768   22.762
  36.345   23.409   23.124
  35.770   22.667   23.581
  37.291   23.017   23.460
  34.085   25.327   21.661
  34.442   24.076   22.531
  19.170   41.851   12.811
  20.474   42.169   12.671
  21.140   41.161   12.242
  20.443   40.114   12.050
  18.917   40.619   12.482
  18.820   39.620   12.195
  17.874   40.755   12.713
  22.145   41.211   12.075
  20.926   40.231   11.998
   5.228   40.747   23.449
   3.931   40.723   23.075
   3.804   41.130   21.866
   4.898   41.457   21.303
   6.014   41.170   22.504
   6.556   41.521   21.684
   6.873   41.050   23.143
   2.894   41.181   21.409
   4.417   41.448   21.164
  26.530   45.604   13.065
  26.608   46.807   12.457
  25.580   47.005   11.718
  24.738   46.051   11.720
  25.447   44.956   12.753
  24.551   44.519   12.441
  25.741   44.132   13.382
  25.462   47.862   11.178
  24.767   46.496   11.495
  46.007   23.180   11.867
  46.991   22.302   12.158
  48.135   22.878   12.115
  48.091   24.114   11.816
  46.459   24.373   11.620
  46.920   25.292   11.439
  45.458   24.734   11.451
  48.999   22.372   12.306
  48.455   23.789   11.924
  31.567   11.109   14.976
  30.295   11.305   14.568
  30.267   12.044   13.521
  31.411   12.419   13.110
  32.434   11.711   14.216
  33.046   12.228   13.547
  33.244   11.341   14.822
  29.390   12.301   13.067
  30.940   12.491   12.959
  27.186   12.478   33.472
  27.698   11.314   33.018
  26.758   10.490   32.732
  25.585   10.939   32.933
  25.886   12.473   33.505
  24.848   12.369   33.493
  25.877   13.481   33.885
  26.953    9.555   32.374
  25.774   10.508   32.765
  31.312   22.325   40.921
  32.427   22.289   41.681
  32.927   23.463   41.803
  32.279   24.376   41.198
  31.027   23.524   40.508
  30.886   24.520   40.229
  30.159   23.155   39.989
  33.774   23.634   42.344
  32.692   24.363   41.479
  16.487   26.579   17.636
  16.145   27.751   18.212
  15.139   28.270   17.612
  14.698   27.586   16.634
  15.721   26.274   16.630
  15.054   26.121   15.842
  16.272   25.363   16.467
  14.737   29.160   17.907
  14.571   28.020   16.848
  19.924   23.511   28.025
  19.933   22.169   27.875
  20.405   21.848   26.727
  20.751   22.837   26.004
  20.390   24.134   26.983
  20.779   24.537   26.102
  20.227   25.086   27.460
  20.490   20.875   26.433
  20.754   22.340   25.949
  44.851   45.437   15.296
  44.013   46.169   16.061
  43.589   47.190   15.412
  44.039   47.285   14.225
  45.016   45.943   14.110
  45.082   46.428   13.188
  45.685   45.141   13.845
  42.944   47.862   15.828
  43.728   47.556   14.509
  10.745   25.483   42.595
   9.655   26.268   42.730
   9.844   27.147   43.644
  10.984   27.085   44.206
  11.700   25.808   43.414
  12.402   26.148   44.108
  12.323   25.021   43.024
   9.128   27.831   43.889
  10.580   27.376   44.256
  47.523   10.740   33.666
  47.272   11.971   34.161
  46.052   12.062   34.543
  45.368   11.002   34.377
  46.480    9.965   33.701
  45.589    9.425   33.772
  47.045    9.160   33.262
  45.677   12.921   34.945
  45.275   11.458   34.560
  25.323    3.695   39.413
  24.350    4.622   39.280
  23.213    4.058   39.102
  23.252    2.786   39.091
  24.870    2.480   39.329
  24.409    1.547   39.248
  25.862    2.084   39.472
  22.357    4.599   38.981
  22.891    3.129   39.042
  45.578    0.743   35.335
  44.448    0.013   35.220
  43.741    0.430   34.236
  44.246    1.413   33.604
  45.665    1.674   34.432
  45.641    2.387   33.670
  46.612    1.994   34.833
  42.849   -0.000   33.993
  43.828    1.142   33.561
  35.260   42.946    9.340
  34.894   41.731    8.879
  35.817   40.870    9.096
  36.846   41.337    9.682
  36.442   42.939    9.882
  37.395   42.829   10.294
  36.365   43.991   10.100
  35.720   39.894    8.816
  36.710   40.887    9.511
  32.904   13.050   32.215
  34.072   13.206   32.875
  34.589   12.067   33.149
  33.907   11.069   32.751
  32.600   11.801   32.026
  32.447   10.773   31.925
  31.692   12.082   31.519
  35.475   11.983   33.647
  34.339   11.126   32.995
  46.818   39.946   44.643
  47.475   40.613   45.616
  48.544   39.988   45.948
  48.743   38.907   45.305
  47.425   38.851   44.291
  47.987   37.997   44.081
  46.655   38.639   43.568
  49.172   40.341   46.669
  48.986   39.155   45.665
  40.746   24.531    8.593
  39.583   23.912    8.888
  39.438   22.507    8.797
  38.232   21.864    9.102
  37.128   22.604    9.509
  41.908   25.151    8.298
  42.053   26.556    8.389
  37.081   21.804   10.392
  36.559   21.969    8.677
  36.194   23.212    9.852
  42.623   27.190    9.222
  42.100   27.355    7.507
  42.779   26.389    8.152
  41.449   22.194   46.115
  42.638   22.747   46.435
  43.859   22.054   46.259
  45.092   22.628   46.590
  45.148   23.916   47.110
  40.260   21.640   45.796
  39.038   22.333   45.972
  45.979   24.078   46.271
  45.841   23.412   47.938
  45.210   24.995   47.547
  38.345   22.837   45.144
  38.207   22.171   46.810
  38.744   21.670   45.682
  23.242   32.853   10.199
  22.774   31.950   11.087
  21.666   32.226   11.923
  21.182   31.289   12.845
  21.787   30.045   12.962
  23.709   33.756    9.310
  24.817   33.480    8.474
  20.671   29.638   12.873
  21.781   30.296   14.127
  22.286   28.996   13.071
  24.822   33.229    7.309
  25.933   33.887    8.563
  24.671   34.205    8.222
   8.667    7.703   45.264
   8.245    7.364   46.500
   8.693    6.188   47.149
   8.255    5.836   48.431
   7.355    6.646   49.111
   9.088    8.043   44.027
   8.641    9.219   43.379
   8.136    6.543   50.004
   6.766    5.624   49.284
   6.599    7.317   49.693
   9.229   10.241   43.205
   7.859    9.321   42.485
   9.112    8.959   42.813
  31.692   40.123   21.089
  32.334   41.027   20.319
  33.657   41.444   20.596
  34.323   42.381   19.797
  33.688   42.935   18.692
  31.050   39.219   21.860
  29.727   38.803   21.583
  34.694   42.636   18.127
  34.059   43.967   19.159
  33.167   43.408   17.762
  29.356   37.771   21.115
  28.721   39.102   22.147
  29.844   38.365   22.219
  28.443   30.097   33.753
  28.437   31.214   32.995
  27.295   31.619   32.264
  27.288   32.777   31.479
  28.424   33.573   31.395
  28.450   28.980   34.511
  29.592   28.575   35.241
  27.663   34.458   31.637
  28.230   33.501   30.222
  29.370   34.249   31.316
  29.786   28.647   36.415
  30.353   27.690   34.999
  29.120   27.989   35.449
  33.841   26.690    4.570
  34.717   26.152    5.444
  35.866   26.853    5.882
  36.775   26.294    6.789
  36.568   25.015    7.290
  32.964   27.228    3.696
  31.815   26.527    3.258
  36.762   25.538    8.343
  37.705   24.848    6.974
  36.406   23.943    7.719
  30.679   26.695    3.575
  31.621   26.005    2.205
  31.701   27.183    2.850
  33.699   19.828   39.997
  32.849   20.256   40.955
  33.036   19.937   42.321
  32.155   20.380   43.314
  31.055   21.159   42.976
  34.549   19.401   39.039
  34.362   19.720   37.674
  31.446   21.862   43.856
  30.457   20.372   43.643
  30.128   21.813   42.707
  34.959   20.506   37.007
  33.971   19.017   36.794
  35.015   19.298   37.595
  44.767   39.878   34.102
  43.546   39.327   33.935
  42.522   39.980   33.209
  41.255   39.408   33.036
  40.968   38.164   33.583
  45.988   40.429   34.268
  47.013   39.777   34.994
  40.564   37.921   32.489
  39.999   38.716   34.001
  40.714   37.120   34.037
  47.983   39.224   34.576
  47.417   40.020   36.088
  47.411   40.421   34.804
   9.003   34.657   11.113
   8.582   34.733   12.394
   7.208   34.777   12.731
   6.772   34.855   14.059
   7.694   34.893   15.097
   9.423   34.581    9.833
  10.797   34.537    9.496
   7.015   34.029   15.558
   7.050   35.826   15.463
   8.457   34.924   15.978
  11.442   33.604    9.130
  11.476   35.401    9.035
  10.509   34.504    8.770
  44.486   33.481   24.690
  43.990   32.235   24.840
  44.638   31.259   25.634
  44.124   29.967   25.789
  42.942   29.603   25.156
  44.982   34.728   24.541
  44.333   35.703   23.747
  42.638   29.204   26.237
  43.576   28.658   24.801
  41.951   29.284   24.630
  43.700   36.647   24.102
  44.638   36.102   22.666
  44.939   36.139   23.976
   9.503   21.537   11.683
  10.758   21.525   11.185
  11.633   22.628   11.330
  12.934   22.615   10.813
  13.407   21.500   10.133
   8.249   21.548   12.181
   7.374   20.446   12.036
  14.343   21.614   10.862
  13.734   22.300    9.313
  13.816   20.571    9.560
   7.046   19.645   12.856
   6.438   20.332   11.307
   6.890   20.913   12.433
   1.329   19.425   23.334
   2.149   18.353   23.375
   1.963   17.301   24.302
   2.814   16.190   24.345
   3.881   16.091   23.461
   0.509   20.496   23.293
   0.695   21.548   22.366
   3.450   14.998   23.266
   4.506   15.851   24.447
   4.780   15.996   22.725
   0.070   21.788   21.380
   1.126   22.642   22.561
   0.063   21.834   22.725
   6.196   32.661   21.561
   5.206   31.772   21.334
   3.858   32.051   21.661
   2.831   31.129   21.426
   3.116   29.894   20.856
   7.186   33.551   21.787
   8.535   33.271   21.461
   2.217   30.170   20.124
   2.469   29.472   21.764
   3.341   28.854   20.379
   9.181   33.693   20.553
   9.433   32.995   22.193
   8.642   33.989   21.749
  27.691   35.825   11.598
  28.216   34.745   12.216
  29.242   33.969   11.627
  29.786   32.849   12.268
  29.323   32.466   13.520
  27.166   36.904   10.980
  26.140   37.681   11.569
  30.482   32.436   13.796
  29.242   31.389   13.017
  28.944   32.133   14.572
  26.221   38.758   12.072
  24.981   37.710   11.294
  26.213   38.087   10.906
  14.140    9.221   36.801
  15.019    8.409   37.425
  16.398    8.717   37.504
  17.310    7.875   38.152
  16.876    6.695   38.743
  13.260   10.033   36.176
  11.881    9.726   36.097
  17.495    7.090   39.681
  17.780    6.211   38.136
  16.525    5.702   39.243
  10.977   10.210   36.703
  11.262    9.331   35.159
  11.861   10.403   35.708
  46.295   10.580   20.093
  45.817    9.362   19.761
  46.138    8.740   18.531
  45.642    7.477   18.187
  44.807    6.791   19.060
  46.773   11.798   20.426
  46.452   12.420   21.656
  45.557    5.886   18.859
  44.122    6.658   18.094
  44.105    6.204   19.783
  47.137   12.553   22.621
  45.702   13.325   21.856
  46.909   12.984   21.368
  12.040   33.132   35.181
  10.982   33.496   34.425
  10.650   34.854   34.203
   9.553   35.231   33.419
   8.749   34.264   32.829
  13.098   32.768   35.937
  13.429   31.411   36.159
   8.911   34.916   31.845
   7.860   34.898   33.307
   8.066   33.463   32.328
  14.318   30.776   35.681
  13.268   30.759   37.143
  14.006   31.730   36.577
  23.146   16.451    2.470
  22.307   15.658    3.168
  21.136   16.161    3.784
  20.266   15.338    4.508
  20.536   13.982    4.644
  23.985   17.245    1.771
  25.156   16.742    1.156
  19.403   13.854    4.298
  20.336   14.190    5.800
  20.751   12.842    4.766
  25.356   16.533   -0.001
  26.289   16.869    1.501
  25.235   17.488    0.939
  43.010    8.676    6.729
  42.689    9.971    6.523
  41.423   10.496    6.874
  41.090   11.839    6.660
  42.012   12.705    6.087
  43.331    7.381    6.935
  44.597    6.857    6.584
  41.730   13.408    7.007
  41.103   12.992    5.372
  42.777   13.444    5.606
  45.506    6.571    7.299
  44.880    6.155    5.663
  44.286    6.200    6.870
   8.579    4.285   12.570
   7.997    5.500   12.485
   7.878    6.189   11.254
   7.274    7.449   11.165
   6.769    8.066   12.303
   9.160    3.070   12.656
   9.280    2.381   13.887
   5.798    8.220   11.630
   7.393    9.003   11.914
   6.341    8.594   13.250
   8.656    1.443   14.276
  10.251    2.227   14.560
   9.623    1.846   13.432
  28.732   30.100   18.376
  28.797   28.762   18.545
  29.958   28.126   19.046
  30.026   26.738   19.221
  28.936   25.938   18.901
  28.666   31.438   18.207
  27.506   32.075   17.707
  29.121   25.478   19.985
  29.746   25.298   18.306
  28.029   25.255   18.636
  26.696   32.716   18.301
  27.321   32.535   16.623
  27.945   32.714   17.801
   8.663   44.887   27.247
  10.003   44.833   27.397
  10.696   43.604   27.514
  12.086   43.547   27.669
  12.833   44.717   27.714
   7.322   44.942   27.097
   6.630   46.170   26.980
  13.506   44.165   26.900
  13.308   44.223   28.689
  13.473   45.692   27.753
   6.155   46.665   26.006
   5.957   46.723   27.794
   6.012   45.695   26.927
   7.774   11.602    2.278
   6.679   10.834    2.463
   6.530   10.001    3.597
   5.394    9.205    3.789
   4.367    9.214    2.854
   8.869   12.369    2.093
   9.018   13.203    0.960
   3.674    9.378    3.809
   4.469    8.029    2.922
   3.497    9.212    2.077
   8.915   14.389    0.892
   9.711   13.040    0.004
   9.696   13.375    1.307
  17.986   37.150    8.218
  18.233   36.196    9.141
  17.251   35.783   10.073
  17.507   34.794   11.031
  18.753   34.183   11.091
  17.740   38.103    7.294
  18.721   38.516    6.362
  18.115   33.177   11.099
  18.679   34.439   12.252
  19.795   33.663   11.152
  18.796   38.260    5.201
  19.359   39.522    6.354
  18.146   38.988    6.127
  12.724   10.208   25.580
  12.848   11.278   26.393
  11.735   12.067   26.771
  11.865   13.176   27.615
  13.111   13.538   28.110
  12.599    9.138   24.767
  13.712    8.350   24.389
  12.543   13.565   29.157
  12.805   14.623   27.725
  14.151   13.852   28.533
  14.018    7.264   24.774
  14.281    8.322   23.342
  13.164    7.955   23.997
  43.641    8.023    9.017
  44.789    8.589    8.587
  44.795    9.743    7.768
  45.985   10.330    7.322
  47.211    9.784    7.679
  42.493    7.457    9.447
  42.487    6.303   10.266
  47.476   10.907    7.980
  47.441    9.865    6.513
  48.248    9.337    7.972
  42.258    6.222   11.432
  42.223    5.180    9.965
  41.714    6.401   10.215
  10.771   20.261   41.665
  11.797   21.138   41.642
  12.006   22.076   42.681
  13.070   22.985   42.658
  13.964   22.988   41.594
   9.744   19.385   41.688
   9.536   18.447   40.649
  14.787   22.971   42.455
  13.751   24.161   41.589
  14.721   23.002   40.707
   9.748   17.274   40.654
   8.712   18.465   39.788
   8.929   18.245   41.097
  20.545   32.897    2.663
  21.061   32.913    3.911
  22.443   33.100    4.149
  22.978   33.117    5.442
  22.150   32.946    6.544
  20.029   32.881    1.416
  18.647   32.694    1.178
  22.708   33.918    6.951
  22.964   32.138    6.868
  21.466   32.805    7.478
  17.833   33.502    0.855
  18.089   31.723    0.772
  18.874   32.761    0.434
  13.766   15.213   17.662
  13.621   15.739   18.897
  13.617   14.932   20.059
  13.468   15.477   21.340
  13.316   16.848   21.504
  13.910   14.688   16.427
  13.914   15.495   15.264
  14.177   16.714   22.318
  12.391   16.533   22.186
  13.189   17.997   21.656
  14.840   15.809   14.582
  13.054   15.628   14.451
  14.010   14.803   14.914
  42.013   36.899   36.123
  40.935   37.684   36.331
  39.643   37.145   36.535
  38.525   37.960   36.751
  38.659   39.342   36.772
  43.091   36.113   35.914
  44.384   36.652   35.711
  38.043   39.257   37.788
  37.740   39.313   36.015
  38.758   40.504   36.792
  45.303   36.681   36.468
  45.000   36.737   34.695
  44.574   35.896   35.654
  20.377    9.983   35.228
  20.702    9.441   34.034
  21.630   10.055   33.160
  21.967    9.494   31.923
  21.388    8.299   31.515
  20.052   10.524   36.421
  19.123    9.910   37.295
  22.513    7.981   31.287
  21.174    8.897   30.507
  20.909    7.296   31.161
  19.336    9.312   38.303
  17.997   10.228   37.523
  19.290   10.532   37.737
  36.757    9.333   30.263
  35.860    9.006   31.217
  34.471    9.205   31.040
  33.540    8.867   32.030
  33.967    8.317   33.233
  37.654    9.659   29.308
  39.044    9.460   29.485
  33.123    7.505   33.011
  33.270    9.156   33.713
  34.311    7.855   34.246
  39.741    8.621   29.005
  39.888   10.272   29.707
  39.072    9.764   28.766
   9.835   17.566   20.629
  10.452   16.440   21.046
  10.281   15.932   22.356
  10.921   14.764   22.788
  11.753   14.062   21.926
   9.218   18.692   20.213
   9.388   19.200   18.903
  11.111   13.122   22.280
  12.516   14.099   22.841
  12.455   13.463   21.212
   8.626   19.163   17.988
  10.030   20.139   18.548
   8.901   19.750   19.167
   2.344   13.403    6.251
   3.626   12.979    6.230
   3.963   11.607    6.305
   5.292   11.167    6.282
   6.331   12.084    6.184
   1.063   13.827    6.273
   0.726   15.200    6.198
   6.710   11.364    5.313
   6.779   11.479    7.108
   7.213   12.842    6.102
   0.278   15.804    5.274
   0.346   15.919    7.069
  -0.000   14.914    6.244
  16.139   12.197   33.180
  17.079   13.109   33.506
  17.002   13.872   34.696
  17.977   14.818   35.034
  19.063   15.036   34.195
  15.199   11.284   32.853
  15.275   10.522   31.664
  19.696   14.913   35.197
  18.766   16.183   34.324
  19.979   15.228   33.500
  15.571    9.375   31.536
  14.642   10.645   30.662
  14.608   10.223   31.939
  24.119   31.954   37.808
  24.275   30.618   37.923
  25.551   30.023   38.071
  25.713   28.637   38.191
  24.607   27.798   38.167
  23.962   33.290   37.692
  22.687   33.885   37.545
  25.100   27.334   39.148
  25.243   27.196   37.359
  23.686   27.082   38.149
  22.050   34.487   38.353
  22.193   34.349   36.564
  23.112   34.540   37.528
   5.470   35.602   48.183
   4.979   34.358   48.367
   5.269   33.298   47.476
   4.760   32.008   47.668
   3.942   31.732   48.757
   5.961   36.846   47.998
   5.671   37.907   48.889
   4.683   30.812   48.915
   3.234   31.239   47.935
   3.255   31.488   49.666
   6.379   38.400   49.711
   4.931   38.827   48.731
   6.124   38.305   48.393
  44.543    5.573   43.479
  45.383    6.587   43.777
  45.438    7.158   45.071
  46.309    8.210   45.381
  47.155    8.728   44.408
  43.704    4.558   43.180
  43.649    3.987   41.887
  47.991    8.588   45.246
  46.723    9.776   44.775
  47.871    9.172   43.602
  44.081    2.939   41.519
  42.813    4.127   41.049
  43.104    3.540   42.224
  36.323    9.421   42.968
  36.492    8.286   42.255
  35.726    7.123   42.505
  35.902    5.946   41.767
  36.849    5.891   40.752
  36.154   10.555   43.680
  36.920   11.718   43.430
  35.948    5.445   40.113
  37.184    4.886   41.296
  37.641    5.832   39.898
  36.585   12.724   42.886
  37.821   12.165   44.069
  36.487   12.000   44.015
   6.245   47.453   32.963
   6.159   46.290   33.642
   6.793   46.104   34.894
   6.703   44.898   35.599
   5.977   43.835   35.078
   6.332   48.616   32.283
   5.698   48.802   31.031
   5.484   43.809   36.162
   6.961   43.210   35.326
   5.371   42.934   34.652
   4.714   49.426   30.783
   6.191   48.828   29.946
   6.020   49.511   31.093
  19.102   44.442   41.218
  19.911   44.480   42.298
  21.255   44.916   42.213
  22.094   44.956   43.333
  21.619   44.561   44.578
  18.293   44.403   40.138
  16.949   43.967   40.223
  22.088   45.595   44.940
  22.615   43.906   44.605
  21.234   44.232   45.628
  15.954   44.622   40.195
  16.480   42.933   39.861
  16.962   44.123   39.458
   3.598    6.205   14.405
   3.178    7.256   13.668
   4.085    8.118   13.007
   3.649    9.208   12.243
   2.292    9.474   12.114
   4.018    5.155   15.141
   3.112    4.293   15.803
   2.546    9.532   10.951
   2.613   10.582   12.411
   1.155    9.709   11.997
   2.790    3.184   15.505
   2.857    4.235   16.966
   3.773    3.942   16.025
  21.652   22.472   43.001
  20.517   21.762   43.173
  20.471   20.361   42.975
  19.294   19.625   43.154
  18.121   20.262   43.537
  22.787   23.182   42.828
  22.832   24.583   43.027
  18.073   19.398   44.356
  17.648   19.657   42.626
  17.129   20.784   43.859
  23.306   25.188   43.937
  22.881   25.447   42.208
  23.581   24.479   42.827
  33.329   43.163   44.529
  32.899   43.668   45.705
  31.671   43.274   46.287
  31.226   43.798   47.506
  31.992   44.736   48.187
  33.759   42.657   43.354
  34.987   43.051   42.772
  31.810   44.016   49.119
  30.968   45.342   48.241
  32.626   45.523   48.769
  36.011   42.445   42.718
  35.169   43.771   41.840
  34.766   42.545   42.220
   2.712   45.073   24.573
   3.721   44.272   24.975
   4.351   44.432   26.232
   5.397   43.601   26.649
   5.852   42.580   25.824
   1.702   45.875   24.171
   1.073   45.714   22.914
   5.734   41.912   26.803
   6.925   43.041   26.063
   6.243   41.720   25.141
  -0.000   45.254   22.675
   1.191   46.382   21.935
   0.653   46.323   23.166
   8.181   20.190   32.505
   7.139   20.845   31.950
   6.640   22.053   32.491
   5.559   22.733   31.916
   4.939   22.228   30.780
   9.223   19.534   33.059
   9.723   18.326   32.519
   5.078   23.338   30.369
   3.940   22.404   31.405
   4.410   21.815   29.826
  10.722   18.150   31.894
   9.584   17.216   32.929
  10.219   18.387   33.119
  44.734   27.898   46.764
  43.846   28.352   45.854
  44.228   28.681   44.532
  43.307   29.152   43.589
  41.971   29.311   43.934
  45.622   27.444   47.674
  45.239   27.115   48.996
  41.774   28.699   42.930
  42.108   30.390   43.448
  40.846   29.449   44.210
  45.102   26.036   49.482
  45.436   27.727   50.000
  45.999   26.945   49.060
  10.358   11.806   41.389
   9.653   12.885   41.790
   9.894   14.177   41.265
   9.163   15.295   41.681
   8.163   15.163   42.637
  11.063   10.727   40.988
  10.822    9.435   41.513
   7.511   15.779   41.852
   8.716   16.082   43.155
   7.322   15.065   43.438
  10.269    8.516   40.995
  11.473    8.819   42.297
  11.399    9.244   41.023
  21.705   44.583   33.117
  22.145   43.885   32.048
  21.802   44.247   30.723
  22.258   43.522   29.615
  23.072   42.411   29.792
  21.266   45.282   34.185
  21.608   44.920   35.510
  23.751   42.939   28.968
  22.294   41.886   29.057
  23.756   41.476   29.926
  22.386   45.445   36.245
  20.929   44.392   36.334
  21.169   45.543   35.680
  45.974   12.992   24.452
  46.231   11.667   24.420
  47.432   11.123   24.936
  47.699    9.749   24.902
  46.775    8.870   24.352
  45.717   14.316   24.484
  44.516   14.860   23.969
  46.941    8.266   25.366
  47.719    8.456   23.754
  46.008    8.121   23.893
  43.572   15.273   24.567
  44.350   15.464   22.955
  44.842   15.529   24.205
  15.504   18.587   22.851
  15.418   18.731   24.191
  14.174   18.765   24.863
  14.085   18.914   26.253
  15.237   19.035   27.019
  15.590   18.442   21.512
  16.834   18.409   20.839
  14.729   18.186   27.682
  14.672   19.974   27.486
  16.197   19.138   27.674
  17.400   17.470   20.372
  17.342   19.258   20.175
  16.374   18.325   20.214
  23.366   21.714    8.220
  22.687   21.476    9.362
  22.387   20.164    9.798
  21.683   19.917   10.982
  21.252   20.975   11.773
  24.046   21.952    7.078
  24.345   23.264    6.643
  21.758   20.352   12.654
  20.207   20.403   11.742
  20.885   21.853   12.447
  25.390   23.836    6.674
  23.839   23.887    5.762
  24.680   22.878    6.052
  14.932   21.513   16.873
  13.642   21.909   16.929
  13.060   22.401   18.121
  11.723   22.811   18.180
  10.920   22.744   17.048
  16.221   21.117   16.816
  16.803   20.625   15.624
  10.650   23.869   17.332
  10.156   22.197   17.782
  10.235   22.693   16.106
  17.567   21.171   14.891
  17.074   19.500   15.340
  17.433   20.563   16.083
  38.741   31.119   47.575
  39.651   32.076   47.293
  40.514   31.984   46.175
  41.457   32.977   45.883
  41.570   34.096   46.697
  37.832   30.162   47.857
  36.969   30.253   48.974
  41.515   34.691   45.666
  42.732   33.833   46.677
  41.676   35.041   47.372
  35.807   30.517   48.994
  37.024   29.659   50.005
  36.714   29.568   48.699
  17.274   31.759   31.772
  17.237   32.086   33.081
  16.294   31.517   33.970
  16.256   31.856   35.328
  17.158   32.777   35.845
  17.312   31.432   30.463
  18.254   32.001   29.574
  17.333   31.943   36.677
  16.181   33.277   36.311
  17.909   33.549   36.292
  19.231   31.502   29.108
  18.079   32.836   28.742
  17.887   31.543   29.059
  43.563   10.484   32.212
  44.248   11.622   32.455
  45.452   11.931   31.780
  46.162   13.111   32.032
  45.693   14.024   32.968
  42.878    9.346   31.969
  41.674    9.037   32.644
  45.872   14.815   32.094
  46.809   13.976   33.382
  45.310   14.799   33.751
  40.558    9.085   32.229
  41.495    8.247   33.517
  41.713    8.397   32.198
  41.232   36.489   38.154
  41.935   35.388   37.811
  41.423   34.423   36.911
  42.151   33.282   36.554
  43.417   33.065   37.085
  40.530   37.590   38.498
  41.042   38.555   39.398
  43.719   32.877   35.948
  42.987   31.980   37.326
  44.480   32.870   37.523
  41.471   39.640   39.157
  40.739   38.743   40.535
  40.354   38.897   39.255
  47.389   16.781   17.732
  47.930   17.973   18.062
  49.278   18.291   17.771
  49.839   19.528   18.114
  49.072   20.490   18.759
  46.848   15.589   17.401
  45.500   15.271   17.692
  49.498   21.211   17.912
  50.000   20.541   19.505
  48.440   21.306   19.301
  44.572   15.219   16.946
  45.074   14.550   18.540
  45.696   14.598   17.348
  11.715   27.209   41.352
  11.231   26.676   40.210
  11.096   25.278   40.035
  10.594   24.724   38.851
  10.210   25.548   37.800
  12.199   27.743   42.494
  12.334   29.141   42.669
   9.216   24.891   37.819
  10.884   24.814   37.149
   9.884   26.228   36.911
  11.660   29.876   43.321
  13.328   29.798   42.650
  12.605   28.920   43.368
  43.625   38.110   16.626
  44.960   37.982   16.781
  45.799   39.099   17.004
  47.184   38.967   17.166
  47.778   37.713   17.110
  42.290   38.237   16.470
  41.451   37.120   16.248
  48.300   38.058   18.124
  48.525   38.244   16.348
  48.290   36.666   17.065
  40.705   36.589   17.010
  40.929   36.774   15.233
  40.898   37.672   16.235
  47.055    7.957    9.202
  46.720    8.968   10.031
  46.087    8.738   11.276
  45.740    9.787   12.136
  46.014   11.102   11.783
  47.390    6.946    8.372
  48.022    7.175    7.127
  46.484   11.162   12.876
  44.874   11.282   12.080
  46.237   12.211   11.498
  49.162    6.995    6.830
  47.552    7.116    6.034
  47.985    6.396    7.085
  38.308   24.852   32.074
  38.233   26.170   32.356
  39.264   27.073   32.002
  39.186   28.440   32.294
  38.074   28.953   32.950
  38.384   23.534   31.792
  37.353   22.631   32.146
  38.087   29.756   32.070
  38.887   29.464   33.655
  37.146   29.397   33.500
  36.539   22.121   31.441
  37.339   21.828   33.026
  37.833   22.117   31.808
  41.603   43.999    9.594
  42.170   42.783    9.444
  41.529   41.738    8.737
  42.117   40.477    8.582
  43.367   40.216    9.129
  41.036   45.215    9.744
  41.677   46.259   10.451
  43.612   39.798    8.040
  42.830   39.245    9.564
  44.416   39.983    9.582
  42.214   47.230   10.015
  41.432   46.677   11.540
  41.026   46.646   10.257
  24.537   20.084    5.487
  24.407   20.948    4.458
  25.079   20.755    3.227
  24.944   21.650    2.160
  24.132   22.771    2.284
  24.668   19.221    6.517
  23.995   19.414    7.747
  23.684   22.401    1.244
  25.085   23.348    1.861
  23.454   23.715    2.375
  23.042   18.836    8.170
  24.443   19.783    8.787
  24.363   18.750    7.930
  48.701   13.440    6.197
  48.782   13.297    7.537
  49.581   14.149    8.336
  49.664   14.001    9.725
  48.951   12.995   10.366
  48.621   13.583    4.857
  47.822   12.730    4.058
  48.603   13.879   11.086
  49.999   12.760   10.883
  48.358   12.155   10.916
  46.774   12.965    3.542
  48.170   11.847    3.339
  48.101   13.182    3.485
  20.133   44.991   23.365
  20.815   46.071   22.928
  20.159   47.254   22.510
  20.865   48.374   22.057
  22.253   48.352   22.005
  19.452   43.911   23.802
  20.108   42.729   24.220
  22.161   49.392   22.580
  22.089   48.757   20.897
  23.418   48.347   21.957
  20.273   42.323   25.328
  20.200   41.689   23.645
  19.374   42.491   24.341
  33.047   27.260   13.040
  34.109   26.669   13.628
  35.253   27.404   14.020
  36.355   26.792   14.630
  36.351   25.423   14.870
  31.985   27.850   12.452
  30.841   27.115   12.059
  36.686   25.746   15.967
  37.423   25.462   14.350
  36.362   24.276   15.076
  29.769   27.077   12.579
  30.507   26.793   10.962
  30.599   27.820   11.825
  43.507   13.899   42.803
  43.597   12.719   43.453
  44.704   11.853   43.285
  44.797   10.630   43.959
  43.787   10.228   44.824
  43.418   15.079   42.154
  42.311   15.945   42.321
  44.689   10.024   45.575
  43.845    9.208   44.210
  42.946    9.879   45.553
  42.253   16.965   42.935
  41.409   16.150   41.570
  42.711   16.382   41.812
  17.550   27.039   42.353
  17.372   27.732   41.208
  16.117   27.797   40.558
  15.932   28.516   39.371
  16.997   29.196   38.792
  17.727   26.345   43.497
  18.983   26.280   44.147
  16.227   30.105   38.754
  16.645   28.637   37.800
  17.881   29.771   38.295
  19.334   26.839   45.139
  19.752   25.371   44.185
  18.580   25.839   44.650
  42.431   39.433    4.482
  43.133   38.753    5.413
  42.563   38.368    6.650
  43.291   37.663    7.615
  44.616   37.318    7.379
  41.728   40.113    3.551
  42.299   40.498    2.315
  44.260   36.235    7.727
  44.796   37.790    8.458
  45.729   37.021    7.193
  42.119   40.026    1.236
  42.655   41.581    1.967
  41.586   40.797    2.201
  25.827    7.978    2.777
  25.781    6.688    2.383
  25.017    6.271    1.267
  24.970    4.933    0.857
  25.685    3.964    1.550
  25.873    9.268    3.172
  26.637    9.685    4.288
  26.065    3.655    0.464
  24.648    3.376    1.538
  26.280    3.140    2.122
  27.673   10.272    4.299
  26.256    9.994    5.374
  26.349   10.383    4.089
  46.221   28.657   17.992
  45.272   27.834   18.486
  45.196   26.470   18.117
  44.212   25.616   18.630
  43.268   26.096   19.529
  47.170   29.480   17.498
  47.246   30.844   17.867
  43.578   25.137   20.165
  42.492   25.568   18.796
  42.470   26.486   20.285
  48.023   31.373   18.600
  46.937   31.803   17.231
  47.856   30.832   17.379
  32.289   15.448   12.564
  31.638   14.417   11.986
  32.326   13.365   11.336
  31.651   12.295   10.736
  30.263   12.239   10.764
  32.940   16.480   13.142
  32.251   17.531   13.792
  30.445   11.125   11.146
  30.377   12.037    9.595
  29.098   12.180   10.781
  32.137   17.733   14.961
  32.069   18.646   13.411
  32.978   17.790   13.912
   6.640   40.636   11.018
   7.708   40.522   11.837
   9.036   40.599   11.353
  10.142   40.481   12.202
   9.961   40.282   13.565
   5.573   40.750   10.199
   4.245   40.673   10.683
  10.737   41.181   13.667
  10.746   39.399   13.409
   9.823   40.116   14.711
   3.461   41.556   10.839
   3.469   39.775   10.581
   4.077   40.782    9.928
  27.299    2.945   27.027
  28.508    3.495   26.784
  28.673    4.579   25.890
  29.927    5.149   25.639
  31.060    4.655   26.272
  26.090    2.395   27.270
  25.925    1.311   28.164
  31.260    5.802   26.526
  31.513    4.646   25.170
  32.020    4.250   26.797
  25.472    1.320   29.266
  25.726    0.164   27.910
  25.177    1.391   27.955
  28.591   36.219   38.484
  29.320   37.171   39.105
  28.715   38.261   39.775
  29.471   39.248   40.419
  30.858   39.180   40.416
  27.862   35.268   37.863
  28.467   34.178   37.193
  30.740   39.357   41.588
  30.784   40.317   40.066
  32.024   39.135   40.421
  28.541   33.041   37.543
  28.585   34.001   36.021
  27.722   33.989   37.053
   4.839   31.068   24.552
   5.773   30.843   23.604
   6.483   29.622   23.526
   7.453   29.388   22.544
   7.747   30.368   21.604
   3.904   31.293   25.500
   3.194   32.515   25.578
   7.608   29.478   20.824
   8.875   30.144   21.915
   8.003   31.182   20.809
   2.066   32.739   25.266
   3.333   33.405   26.358
   2.858   32.158   26.186
   8.012    3.723   21.908
   7.032    2.813   21.722
   5.798    2.889   22.410
   4.781    1.945   22.218
   4.963    0.892   21.331
   8.991    4.633   22.093
  10.225    4.557   21.405
   3.900    1.231   20.913
   4.580    0.228   22.244
   5.103    0.002   20.590
  10.608    5.221   20.492
  11.288    4.217   21.823
  10.374    5.204   21.817
  21.378    5.642   16.149
  20.644    5.316   15.064
  19.456    6.007   14.728
  18.694    5.669   13.603
  19.093    4.628   12.774
  22.112    5.968   17.234
  23.301    5.277   17.571
  18.919    5.425   11.906
  17.965    4.267   12.900
  19.417    3.756   12.070
  24.429    5.637   17.445
  23.475    4.479   18.439
  23.302    5.785   18.164
   2.061   33.792   20.886
   2.536   32.903   19.987
   1.679   32.166   19.137
   2.172   31.244   18.205
   3.539   31.028   18.090
   1.586   34.680   21.785
   2.443   35.418   22.635
   3.335   31.184   16.927
   3.232   29.879   18.162
   4.685   30.836   17.984
   2.751   36.567   22.563
   2.648   35.262   23.799
   1.765   35.711   22.888
   9.842   11.817   17.118
   9.916   10.510   16.790
   8.891    9.861   16.062
   8.967    8.505   15.722
  10.071    7.750   16.097
   9.768   13.125   17.446
  10.793   13.774   18.175
  10.070    7.417   14.953
   9.249    6.984   16.495
  10.992    7.104   16.406
  11.615   14.540   17.777
  10.794   14.106   19.319
  10.317   14.387   18.093
   5.128   10.684   25.079
   3.858   10.587   25.525
   2.777   11.205   24.852
   1.460   11.105   25.316
   1.176   10.383   26.468
   6.399   10.780   24.632
   7.479   10.162   25.305
   0.338    9.877   25.789
   0.573   11.363   26.777
   0.924    9.781   27.434
   8.083    9.182   24.996
   8.317   10.669   25.984
   7.888   10.485   24.722
  15.268   25.536   29.427
  16.026   25.518   28.310
  16.221   24.338   27.555
  17.007   24.320   26.396
  17.626   25.482   25.952
  14.510   25.553   30.544
  14.314   26.734   31.299
  17.144   25.183   24.904
  18.594   24.789   25.895
  18.151   26.450   25.568
  13.346   27.426   31.357
  14.797   27.032   32.347
  13.883   26.253   31.740
  37.735   15.356   47.285
  38.635   16.295   46.923
  38.271   17.649   46.735
  39.204   18.623   46.360
  40.534   18.278   46.158
  36.836   14.416   47.647
  37.200   13.062   47.834
  40.748   19.209   46.870
  40.399   18.875   45.136
  41.654   18.001   45.986
  37.335   12.464   48.857
  36.985   12.131   47.123
  36.440   12.991   48.001
  30.994   20.867   11.825
  30.455   19.896   12.592
  30.426   19.984   14.004
  29.866   18.977   14.799
  29.316   17.845   14.211
  31.533   21.838   11.058
  31.562   21.750    9.646
  28.389   18.086   14.921
  29.989   17.264   15.005
  28.850   16.890   13.730
  30.889   22.331    8.853
  32.489   21.509    8.937
  31.915   22.443    9.716
  43.335   44.145   14.260
  43.799   42.879   14.183
  45.182   42.590   14.105
  45.662   41.278   14.026
  44.777   40.207   14.022
  42.872   45.411   14.336
  41.489   45.699   14.414
  45.494   39.779   14.871
  45.409   39.856   13.075
  44.045   39.300   14.018
  40.856   46.051   15.361
  40.771   46.128   13.565
  41.752   46.435   14.433
  39.011   18.388   34.132
  39.852   19.443   34.086
  39.813   20.388   33.033
  40.686   21.482   32.986
  41.628   21.671   33.989
  38.170   17.333   34.178
  38.209   16.389   35.231
  41.198   22.782   34.005
  42.384   21.796   33.077
  42.423   21.841   34.825
  37.453   16.263   36.144
  38.639   15.277   35.216
  37.625   16.069   34.824
  21.996   41.879   38.277
  22.669   42.447   39.300
  23.815   41.843   39.871
  24.514   42.431   40.932
  24.092   43.644   41.460
  21.322   41.312   37.254
  20.177   41.916   36.684
  25.236   43.951   41.329
  24.189   43.076   42.503
  23.748   44.663   41.913
  20.079   42.485   35.641
  19.033   41.609   36.815
  20.198   41.281   36.230
  35.591   25.486   34.744
  34.317   25.416   35.185
  33.320   26.318   34.744
  31.999   26.245   35.201
  31.627   25.268   36.116
  36.865   25.556   34.303
  37.862   24.654   34.744
  30.737   25.072   35.349
  31.145   26.185   36.703
  31.302   24.453   36.884
  38.345   23.736   34.157
  38.753   24.849   35.512
  38.308   25.077   34.262
  14.662   17.884    4.179
  14.311   16.635    4.552
  14.645   16.110    5.823
  14.280   14.815    6.209
  13.569   13.998    5.339
  15.013   19.133    3.806
  14.679   19.658    2.535
  12.861   13.831    6.282
  14.407   13.196    5.614
  12.972   13.302    4.618
  13.841   20.460    2.260
  15.388   19.826    1.592
  15.055   20.284    2.813
  36.332   35.623   46.094
  35.037   35.752   45.736
  34.118   36.505   46.504
  32.775   36.639   46.133
  32.303   36.025   44.979
  37.627   35.494   46.452
  38.547   34.741   45.684
  31.849   37.102   44.748
  31.439   35.630   45.699
  31.894   35.515   44.014
  39.410   35.136   44.964
  39.000   33.664   45.916
  39.039   34.967   46.246
  34.822    4.429   44.505
  34.304    4.798   45.696
  33.287    5.776   45.801
  32.749    6.158   47.036
  33.209    5.575   48.210
  35.341    4.061   43.315
  36.358    3.083   43.210
  32.049    5.419   48.433
  33.301    6.703   48.581
  33.585    5.093   49.203
  36.266    1.954   42.839
  37.518    3.239   42.987
  36.285    3.241   42.449
  30.490    5.716   23.080
  30.686    6.593   24.088
  31.956    6.781   24.682
  32.158    7.690   25.728
  31.098    8.443   26.216
  30.295    4.840   22.072
  29.025    4.652   21.477
  31.853    9.355   26.080
  31.485    8.061   27.276
  30.217    9.082   26.635
  28.638    5.034   20.416
  28.269    3.740   21.612
  29.422    4.138   21.043
  26.324   38.500    8.748
  26.213   39.800    9.095
  25.503   40.211   10.248
  25.389   41.559   10.608
  25.980   42.544    9.827
  26.434   37.200    8.402
  27.145   36.789    7.249
  26.414   42.926   10.869
  24.907   43.058    9.894
  26.472   43.381    9.181
  28.217   36.274    7.182
  26.710   36.407    6.207
  26.923   36.081    7.495
   3.002   41.741   36.358
   4.083   41.431   35.612
   4.919   40.332   35.923
   6.040   40.010   35.149
   6.366   40.775   34.036
   1.921   42.052   37.104
   1.085   43.151   36.793
   6.435   39.717   33.491
   7.454   40.784   34.523
   6.650   41.408   33.099
  -0.002   43.142   36.307
   1.016   44.208   37.338
   0.703   42.903   37.427
  20.100    6.267    1.073
  21.171    7.089    1.048
  21.036    8.497    1.066
  22.146    9.350    1.040
  23.431    8.824    0.994
  19.030    5.445    1.098
  19.165    4.036    1.080
  23.631    9.577    1.896
  23.574    9.595    0.097
  24.515    8.396    0.955
  19.022    3.265    1.977
  18.965    3.284    0.178
  18.385    4.067    1.105
  21.401   13.068   24.730
  21.940   11.860   24.996
  22.983   11.315   24.209
  23.543   10.062   24.484
  23.080    9.308   25.556
  20.861   14.277   24.465
  19.818   14.822   25.251
  24.237    9.213   25.822
  23.021    8.434   24.748
  22.700    8.665   26.452
  19.877   15.695   26.059
  18.660   14.916   24.985
  19.888   15.412   24.744
  48.058   26.376    4.482
  47.413   25.855    5.547
  48.099   25.169    6.577
  47.430   24.628    7.681
  46.052   24.754    7.795
  48.703   26.898    3.417
  48.017   27.584    2.387
  46.308   25.132    8.896
  46.092   23.582    8.007
  44.895   24.852    7.904
  47.977   28.756    2.176
  47.761   27.207    1.286
  48.739   27.651    2.096
  26.003   22.481   13.873
  27.094   23.192   14.226
  28.207   22.591   14.861
  29.340   23.329   15.227
  29.399   24.693   14.971
  24.911   21.770   13.519
  23.798   22.370   12.884
  30.464   24.427   14.507
  29.727   24.761   16.115
  29.463   25.838   14.762
  23.470   22.302   11.741
  22.733   22.636   13.349
  23.523   21.639   12.910
   8.465   43.035   23.936
   8.974   41.784   23.922
   9.751   41.278   24.991
  10.279   39.982   24.976
  10.048   39.144   23.891
   7.956   44.285   23.951
   7.179   44.791   22.882
   9.734   38.359   24.731
  11.226   38.976   23.936
   9.861   38.431   22.988
   6.000   44.960   22.837
   7.493   45.576   22.043
   7.159   45.425   23.337
  45.675   39.257   23.569
  44.674   38.490   23.085
  43.322   38.711   23.438
  42.285   37.915   22.936
  42.563   36.871   22.063
  46.675   40.023   24.053
  48.027   39.803   23.700
  41.695   37.360   21.408
  41.878   36.240   22.806
  42.783   35.992   21.330
  48.713   40.434   22.957
  48.895   39.314   24.355
  48.140   40.413   24.174
  26.202   35.645   42.376
  25.866   36.841   42.905
  24.637   37.045   43.576
  24.288   38.285   44.126
  25.156   39.365   44.023
  26.538   34.450   41.846
  27.767   34.246   41.175
  24.958   39.468   45.194
  24.187   39.941   43.638
  25.875   40.279   43.945
  28.736   33.670   41.561
  27.965   34.142   40.004
  27.482   33.523   41.097
  18.518   16.302    6.009
  18.014   15.212    5.392
  17.119   14.328    6.043
  16.597   13.198    5.403
  16.949   12.911    4.090
  19.022   17.392    6.626
  19.916   18.275    5.976
  15.773   12.799    3.936
  17.166   11.822    4.524
  17.237   12.658    2.989
  19.699   19.364    5.542
  21.092   18.387    6.130
  19.884   18.644    6.664
  36.247   13.459   13.234
  36.125   14.803   13.196
  35.106   15.484   13.904
  34.979   16.878   13.864
  35.867   17.640   13.115
  36.369   12.115   13.272
  37.388   11.434   12.565
  35.959   18.280   14.117
  34.874   18.140   12.688
  36.605   18.292   12.491
  38.382   10.934   12.993
  37.296   10.795   11.564
  37.046   10.810   12.885
  19.397   40.845   21.309
  19.254   41.954   20.552
  18.149   42.826   20.700
  18.001   43.975   19.915
  18.953   44.294   18.954
  19.539   39.736   22.065
  20.644   38.864   21.917
  18.920   45.370   19.465
  18.004   44.417   18.243
  19.744   44.573   18.143
  21.592   38.741   22.628
  20.676   37.788   21.406
  20.280   38.478   22.491
  29.494    2.345    5.391
  29.479    1.942    4.103
  28.722    0.825    3.676
  28.707    0.406    2.340
  29.448    1.089    1.384
  29.508    2.749    6.679
  30.265    3.866    7.106
  28.426    1.076    0.771
  29.833   -0.000    1.092
  30.065    1.654    0.571
  29.880    4.955    7.398
  31.287    3.880    7.719
  29.959    3.674    7.799
   8.106   36.146    4.596
   7.126   35.247    4.829
   5.941   35.212    4.057
   4.925   34.280    4.298
   5.057   33.349    5.321
   9.085   37.045    4.363
  10.270   37.080    5.136
   4.745   32.569    4.476
   3.964   33.717    5.622
   5.156   32.562    6.176
  11.363   36.712    4.835
  10.583   37.859    5.981
  10.439   37.673    4.657
   2.650   28.155   12.910
   2.140   29.356   12.566
   2.858   30.274   11.763
   2.328   31.520   11.406
   1.062   31.892   11.839
   3.161   26.954   13.255
   2.443   26.036   14.058
   0.892   32.165   10.691
   1.612   32.896   12.170
  -0.000   32.218   12.195
   1.893   25.033   13.726
   2.613   25.763   15.205
   3.088   25.607   13.956
  18.661   27.585   48.160
  18.961   28.885   48.367
  17.988   29.821   48.793
  18.300   31.169   49.007
  19.594   31.629   48.804
  18.361   26.285   47.954
  19.333   25.349   47.528
  19.453   32.113   49.884
  19.053   32.478   48.167
  20.677   32.029   48.637
  19.874   24.500   48.165
  19.475   24.865   46.448
  18.725   24.861   47.566
  31.880   28.484   14.885
  30.665   28.053   15.284
  30.476   27.374   16.512
  29.216   26.926   16.925
  28.099   27.141   16.127
  33.095   28.916   14.486
  33.284   29.595   13.259
  27.618   27.553   17.136
  27.906   25.979   16.310
  27.154   27.314   15.466
  33.478   30.756   13.075
  33.766   29.183   12.250
  34.027   29.604   13.501
  20.543    5.638   19.138
  21.109    4.546   18.581
  21.716    3.535   19.363
  22.303    2.403   18.786
  22.305    2.242   17.406
  19.976    6.729   19.695
  19.370    7.741   18.913
  21.891    1.154   17.663
  23.465    2.021   17.563
  22.313    2.094   16.249
  18.209    7.961   18.756
  19.783    8.829   18.656
  19.240    8.057   19.615
  11.596   33.601   42.648
  12.428   33.485   41.591
  12.005   32.926   40.362
  12.867   32.805   39.266
  14.183   33.240   39.360
  10.764   33.718   43.705
  11.187   34.277   44.935
  13.935   33.798   38.337
  14.433   32.166   38.908
  15.290   33.601   39.425
  10.937   35.351   45.386
  11.436   33.719   45.958
  10.449   34.122   45.137
  19.985    8.633   12.092
  18.784    8.038   12.250
  17.577    8.777   12.267
  16.331    8.161   12.431
  16.247    6.782   12.585
  21.186    9.228   11.933
  22.393    8.489   11.917
  15.418    6.869   11.734
  15.559    7.059   13.518
  16.162    5.627   12.715
  23.081    8.212   10.984
  23.222    8.403   12.768
  22.702    9.199   11.816
  13.848   41.420    3.921
  13.882   40.978    5.196
  14.235   39.647    5.519
  14.271   39.189    6.842
  13.953   40.045    7.888
  13.814   41.862    2.645
  13.460   43.193    2.322
  14.972   39.641    8.356
  13.244   39.152    8.232
  13.689   40.754    8.776
  14.169   44.087    1.977
  12.441   43.597    1.854
  13.584   42.937    1.595
  45.065   33.608   49.645
  45.791   32.526   49.291
  45.679   31.292   49.973
  46.432   30.170   49.606
  47.323   30.243   48.542
  44.339   34.689   50.000
  44.450   35.924   49.317
  46.778   29.245   48.187
  48.084   29.751   49.316
  48.074   30.290   47.652
  43.689   36.415   48.544
  44.996   36.922   49.673
  43.913   36.141   49.842
  44.558   16.961   47.721
  44.140   15.743   47.315
  42.772   15.451   47.102
  42.339   14.189   46.680
  43.259   13.172   46.456
  44.975   18.178   48.128
  46.343   18.470   48.341
  42.678   13.051   45.423
  42.522   12.532   47.139
  44.020   12.310   46.265
  47.080   19.110   47.658
  46.924   18.591   49.374
  46.055   19.171   48.527
  15.356   32.640   25.882
  14.127   33.156   26.096
  12.957   32.363   26.024
  11.683   32.899   26.246
  11.533   34.246   26.548
  16.585   32.124   25.668
  17.754   32.917   25.740
  10.857   33.837   27.441
  10.710   34.214   25.687
  11.393   35.376   26.803
  18.577   32.949   26.602
  18.430   33.326   24.848
  18.098   32.237   25.565
   2.556   31.735    3.412
   2.644   30.424    3.721
   3.615   29.929    4.624
   3.706   28.570    4.945
   2.830   27.656    4.374
   2.468   33.046    3.103
   1.497   33.540    2.200
   2.680   27.293    5.499
   3.826   27.048    4.133
   2.100   26.878    3.902
   0.501   34.148    2.441
   1.647   33.902    1.075
   1.842   34.220    2.367
   7.203   33.966   28.290
   6.544   34.420   29.376
   5.908   35.685   29.394
   5.225   36.156   30.521
   5.152   35.380   31.671
   7.862   33.512   27.203
   8.497   32.247   27.185
   3.987   35.626   31.607
   5.506   36.380   32.213
   5.082   34.738   32.642
   8.143   31.247   26.643
   9.661   32.001   27.249
   8.678   32.467   26.458
   9.344   44.851   19.669
   8.164   45.247   19.147
   7.397   46.285   19.727
   6.173   46.695   19.186
   5.671   46.082   18.044
  10.524   44.456   20.191
  11.291   43.418   19.610
   5.529   47.202   17.662
   4.672   45.996   18.687
   5.239   45.576   17.087
  12.290   43.504   18.967
  11.433   42.298   19.992
  11.769   43.583   20.205
  24.085   44.521   47.321
  25.079   44.455   46.410
  26.269   43.729   46.649
  27.300   43.660   45.704
  27.177   44.316   44.486
  23.091   44.587   48.233
  21.901   45.314   47.993
  27.507   43.264   44.034
  28.261   44.734   44.749
  27.086   44.862   43.459
  20.817   44.896   47.730
  21.570   46.366   48.445
  21.725   45.056   48.709
  34.074   35.828   29.383
  34.591   37.026   29.728
  34.053   37.798   30.785
  34.589   39.040   31.144
  35.682   39.555   30.458
  33.557   34.629   29.037
  34.095   33.857   27.980
  36.123   39.725   31.552
  35.013   40.539   30.393
  36.600   39.999   29.892
  34.764   32.874   28.046
  33.653   33.687   26.886
  33.521   33.369   28.186
  37.132   15.690   16.436
  37.826   16.468   17.294
  38.698   17.488   16.844
  39.417   18.295   17.733
  39.291   18.112   19.104
  36.439   14.911   15.579
  35.567   13.891   16.029
  39.121   19.291   19.115
  40.482   18.114   19.083
  39.194   17.968   20.257
  34.375   13.890   16.050
  35.736   12.712   16.018
  35.461   13.790   15.262
  12.542   35.844   19.915
  11.746   36.932   19.985
  10.336   36.827   20.049
   9.510   37.955   20.122
  10.065   39.228   20.134
  13.339   34.756   19.845
  14.748   34.862   19.781
   9.350   39.389   21.074
   9.265   39.443   19.277
  10.517   40.303   20.145
  15.548   34.647   20.638
  15.463   34.701   18.841
  14.699   34.083   19.760
  17.354   27.920   12.051
  17.898   28.237   13.245
  17.639   27.480   14.412
  18.204   27.809   15.650
  19.047   28.907   15.765
  16.810   27.603   10.857
  17.068   28.360    9.689
  19.763   28.135   16.322
  18.347   29.183   16.689
  19.756   29.826   15.876
  17.768   28.084    8.766
  16.352   29.132    9.132
  16.593   27.830    9.369
  17.457   43.332   25.161
  18.140   44.445   25.501
  18.248   45.555   24.630
  18.956   46.709   24.984
  19.582   46.795   26.221
  16.773   42.218   24.820
  16.666   41.108   25.691
  19.024   47.846   26.286
  20.522   47.144   25.576
  20.112   46.880   27.257
  15.726   40.760   26.336
  17.224   40.058   25.626
  16.249   40.818   25.097
  27.275   19.068   44.310
  27.116   18.846   42.988
  26.021   19.376   42.265
  25.856   19.146   40.894
  26.781   18.378   40.197
  27.434   19.290   45.632
  28.529   18.760   46.355
  26.769   19.292   39.432
  25.813   17.811   39.795
  27.550   17.736   39.599
  29.497   19.328   46.757
  28.541   17.846   47.120
  28.180   19.131   46.948
   7.040   46.626    9.940
   6.140   45.676    9.610
   6.208   44.971    8.385
   5.275   43.985    8.043
   4.239   43.670    8.913
   7.940   47.577   10.270
   7.872   48.282   11.495
   4.594   42.548    8.721
   3.559   43.799    7.944
   3.365   43.395    9.635
   8.552   48.153   12.464
   7.517   49.403   11.687
   8.509   48.630   11.208
  10.070   37.395   12.803
  10.177   37.567   11.468
   9.345   38.466   10.759
   9.455   38.644    9.375
  10.401   37.930    8.650
   9.964   37.224   14.138
  10.796   36.325   14.847
  10.676   39.000    8.203
   9.479   37.682    7.938
  11.191   37.337    8.030
  11.719   36.574   15.559
  10.522   35.256   15.294
  10.378   36.584   15.454
  34.252    8.411    6.176
  34.245    7.103    5.843
  34.908    6.126    6.623
  34.901    4.770    6.277
  34.231    4.341    5.138
  34.258    9.719    6.510
  33.595   10.695    5.729
  33.757    3.536    5.878
  35.254    3.776    4.907
  33.672    3.968    4.185
  32.572   11.261    5.961
  34.068   11.501    4.990
  33.876   11.173    6.280
  13.385   33.466   31.629
  12.775   32.640   30.753
  11.801   33.104   29.837
  11.169   32.247   28.928
  11.487   30.895   28.904
  13.994   34.293   32.505
  14.968   33.829   33.421
  11.598   31.076   27.731
  10.305   30.749   28.940
  11.745   29.758   28.872
  16.150   33.975   33.385
  14.857   33.648   34.594
  14.974   34.581   33.632
  33.986   30.056   29.604
  35.319   30.266   29.586
  35.873   31.558   29.416
  37.255   31.776   29.398
  38.134   30.710   29.550
  32.652   29.846   29.621
  32.099   28.555   29.791
  38.641   31.414   30.367
  38.656   31.172   28.583
  38.883   29.825   29.676
  31.576   28.093   30.758
  31.591   27.852   28.974
  31.428   28.951   29.732
  34.284   48.333   17.182
  35.632   48.398   17.219
  36.412   48.474   16.041
  37.810   48.541   16.079
  38.478   48.535   17.297
  32.936   48.269   17.145
  32.157   48.193   18.323
  39.046   49.479   16.843
  39.134   47.682   16.785
  39.051   48.530   18.313
  31.501   49.045   18.836
  31.588   47.249   18.777
  31.570   48.181   17.807
  34.423   27.821   28.517
  35.143   28.801   27.931
  34.547   30.001   27.477
  35.294   31.018   26.870
  36.664   30.870   26.694
  33.703   26.841   29.103
  34.299   25.641   29.557
  36.713   31.954   27.186
  36.426   31.203   25.575
  37.815   30.759   26.541
  34.538   25.308   30.676
  34.251   24.556   29.066
  33.564   25.479   29.764
  33.864    7.594   20.489
  34.502    8.390   19.604
  33.826    8.997   18.519
  34.487    9.823   17.602
  35.847   10.071   17.737
  33.227    6.797   21.373
  33.903    6.190   22.458
  35.520   11.210   17.611
  35.883    9.778   16.583
  36.988   10.288   17.839
  33.867    6.483   23.612
  34.230    5.051   22.584
  33.190    5.905   22.604
  26.405   31.488   34.474
  26.614   32.814   34.616
  26.779   33.671   33.501
  26.995   35.046   33.649
  27.056   35.614   34.915
  26.196   30.162   34.332
  26.032   29.305   35.446
  26.281   36.396   34.460
  28.057   36.111   34.503
  27.109   36.103   35.973
  25.030   28.808   35.858
  26.807   28.523   35.901
  25.959   28.766   34.886
   3.275   12.236   22.835
   4.254   11.337   22.600
   5.624   11.681   22.689
   6.640   10.749   22.446
   6.322    9.440   22.106
   2.295   13.135   23.069
   0.925   12.792   22.981
   7.102    9.165   22.963
   7.101    9.618   21.221
   6.070    8.338   21.819
   0.146   12.614   23.865
   0.145   13.066   22.123
   0.834   13.542   23.176
  27.588   13.768   43.220
  28.393   14.541   43.980
  29.373   13.988   44.837
  30.208   14.790   45.624
  30.091   16.174   45.583
  26.783   12.994   42.461
  25.802   13.547   41.604
  31.273   16.139   45.433
  30.070   16.078   46.770
  30.004   17.337   45.557
  25.824   13.643   40.416
  24.621   13.582   41.753
  25.667   12.794   41.447
  10.758   33.105    6.992
  11.687   34.084    6.960
  12.130   34.659    5.745
  13.093   35.674    5.713
  13.647   36.152    6.894
   9.830   32.125    7.023
   9.386   31.551    8.238
  13.378   37.219    6.436
  14.680   35.981    6.327
  14.119   36.563    7.878
   8.352   31.722    8.805
   9.654   30.484    8.696
   8.943   31.128    7.753
  16.894    5.648   35.556
  16.642    6.970   35.452
  17.631    7.946   35.724
  17.369    9.317   35.616
  16.110    9.761   35.232
  17.146    4.326   35.660
  16.158    3.350   35.388
  16.725   10.430   34.461
  16.212   10.468   36.186
  15.058   10.148   34.911
  16.056    2.643   34.434
  15.544    2.681   36.159
  16.740    2.863   35.572
  12.614   39.053   33.901
  13.705   39.279   33.139
  15.007   38.933   33.571
  16.138   39.168   32.781
  16.008   39.756   31.529
  11.523   38.828   34.664
  10.220   39.173   34.231
  16.690   38.846   31.174
  16.875   40.474   31.920
  15.912   40.249   30.476
   9.353   38.455   33.840
   9.538   40.083   34.586
  10.026   38.877   34.927
  13.351   40.250   42.376
  12.693   40.511   41.227
  11.418   41.126   41.215
  10.736   41.397   40.023
  11.304   41.062   38.800
  14.009   39.989   43.526
  15.283   39.374   43.537
  11.024   42.184   38.510
  10.242   40.564   38.590
  11.769   40.787   37.766
  16.345   39.872   43.747
  15.564   38.253   43.827
  15.197   39.454   44.309
  27.323   14.710   25.224
  26.143   14.661   24.569
  25.698   15.722   23.744
  24.475   15.670   23.065
  23.654   14.556   23.185
  28.502   14.760   25.879
  28.947   13.699   26.703
  23.626   14.610   21.995
  22.808   15.366   23.409
  22.955   13.627   23.277
  29.793   12.890   26.479
  28.975   13.646   27.893
  29.559   14.175   26.803
  10.443    7.683   26.589
  10.684    8.738   25.782
  10.182    8.802   24.460
  10.433    9.896   23.624
  11.194   10.965   24.078
  10.202    6.628   27.396
  10.704    6.564   28.717
  10.290   11.619   23.659
  11.782   10.814   23.053
  11.831   11.869   24.447
  10.116    6.715   29.742
  11.608    5.910   29.137
  10.331    5.877   28.712
  33.738   24.705   38.318
  34.061   24.179   37.117
  34.332   22.800   36.950
  34.667   22.255   35.705
  34.742   23.069   34.582
  33.416   25.231   39.519
  33.145   26.609   39.685
  34.053   22.232   34.089
  35.795   22.534   34.425
  34.810   23.741   33.631
  32.092   27.145   39.842
  33.834   27.447   40.179
  33.040   26.390   40.428
  39.505   28.913    3.808
  40.325   29.871    4.292
  40.491   31.116    3.639
  41.341   32.109    4.140
  42.055   31.893    5.312
  38.686   27.956    3.325
  38.520   26.711    3.978
  41.617   32.957    5.621
  42.980   32.274    4.665
  42.660   31.725    6.295
  37.594   26.330    4.625
  38.958   25.647    3.669
  38.035   26.582    3.379
  26.454    9.699   24.401
  26.409   10.784   23.599
  25.184   11.356   23.181
  25.137   12.481   22.349
  26.313   13.074   21.906
  26.500    8.614   25.203
  27.724    8.041   25.622
  25.796   14.079   22.285
  25.790   13.009   20.837
  27.292   13.581   21.527
  28.247    8.107   26.690
  28.241    7.036   25.243
  27.245    7.546   25.989
  44.086   43.446   34.241
  44.764   42.508   33.547
  46.014   42.780   32.942
  46.717   41.807   32.221
  46.196   40.527   32.080
  43.408   44.384   34.936
  42.158   44.112   35.541
  47.281   40.186   32.434
  46.441   40.695   30.926
  45.769   39.449   31.954
  41.913   43.944   36.695
  41.072   44.453   35.186
  42.220   44.860   35.758
  30.707   16.596    7.139
  32.052   16.687    7.074
  32.878   15.541    6.985
  34.273   15.635    6.917
  34.893   16.878    6.937
  29.362   16.505    7.204
  28.536   17.651    7.294
  35.477   16.457    5.988
  35.569   16.382    7.784
  35.426   17.915    6.953
  27.860   18.147    6.448
  27.952   18.072    8.244
  27.971   17.113    7.301
   8.976   24.187   45.252
   8.027   23.441   44.649
   8.179   22.958   43.328
   7.194   22.185   42.702
   6.022   21.866   43.376
   9.926   24.933   45.855
   9.774   25.416   47.177
   6.269   20.757   43.015
   5.496   22.254   42.380
   5.033   21.591   43.931
  10.299   25.028   48.173
   9.527   26.524   47.538
  10.479   25.719   47.034
   2.059   40.993   25.487
   2.500   41.796   24.496
   1.636   42.676   23.802
   2.094   43.508   22.774
   3.432   43.490   22.402
   1.618   40.190   26.479
   2.482   39.310   27.172
   3.342   44.674   22.504
   2.991   43.382   21.301
   4.553   43.485   22.081
   2.924   39.418   28.273
   2.572   38.126   27.071
   1.823   39.134   27.553
  23.850   46.909   33.276
  23.584   45.624   33.593
  24.170   44.542   32.894
  23.894   43.210   33.223
  23.023   42.912   34.263
  24.116   48.194   32.958
  23.530   49.276   33.657
  23.900   42.187   34.617
  22.520   42.187   33.461
  22.293   42.647   35.134
  24.033   50.001   34.459
  22.653   50.001   33.303
  23.954   49.694   33.152
  26.334   23.975   46.024
  24.987   24.030   45.941
  24.232   25.001   46.641
  22.836   25.058   46.555
  22.145   24.146   45.766
  27.680   23.920   46.107
  28.436   22.950   45.407
  21.610   25.120   45.337
  21.478   24.004   46.743
  21.553   23.387   45.107
  29.103   23.092   44.430
  28.971   21.976   45.836
  29.031   23.317   45.754
  30.230   33.009   45.796
  31.005   32.548   46.801
  30.622   31.442   47.596
  31.426   30.964   48.638
  32.641   31.575   48.922
  29.455   33.470   44.791
  29.837   34.576   43.996
  33.061   30.461   48.893
  32.232   31.572   50.042
  33.662   32.080   49.172
  30.245   34.580   42.877
  29.417   35.691   44.026
  29.154   34.427   43.648
  17.500   25.471    5.142
  16.206   25.605    4.781
  15.744   26.725    4.049
  14.402   26.865    3.676
  13.474   25.890    4.020
  18.794   25.336    5.502
  19.256   24.216    6.234
  13.175   25.952    2.868
  12.836   26.819    4.409
  12.685   25.079    4.303
  19.893   23.288    5.845
  19.554   24.155    7.386
  19.938   24.592    6.173
  18.572   36.445   13.150
  18.871   35.665   14.211
  20.137   35.049   14.355
  20.447   34.241   15.455
  19.503   34.018   16.449
  18.273   37.225   12.090
  17.007   37.841   11.945
  20.394   34.318   17.182
  19.794   32.874   16.289
  18.719   33.824   17.291
  16.715   38.985   12.105
  16.116   37.541   11.213
  17.332   38.111   11.288
  36.277   22.389   27.828
  37.547   21.941   27.736
  38.649   22.825   27.640
  39.966   22.360   27.544
  40.229   20.996   27.542
  35.007   22.837   27.920
  33.905   21.954   28.017
  41.027   21.280   28.379
  40.889   21.257   26.585
  40.463   19.854   27.539
  33.245   21.693   28.974
  33.107   21.670   27.179
  33.506   22.625   28.039
  11.477   14.725   48.325
  10.274   15.193   47.929
  10.047   16.570   47.693
   8.800   17.056   47.282
   7.735   16.183   47.094
  12.679   14.256   48.720
  12.907   12.879   48.957
   7.626   16.749   46.050
   7.144   16.964   47.771
   6.834   15.461   46.932
  13.499   12.098   48.279
  13.017   12.314   50.000
  13.625   13.136   49.126
  36.808   14.712   10.949
  37.072   16.032   10.842
  38.395   16.532   10.815
  38.669   17.901   10.704
  37.629   18.818   10.616
  36.544   13.393   11.056
  35.220   12.892   11.082
  38.247   19.233    9.685
  38.226   19.382   11.479
  36.765   19.598   10.541
  34.623   12.328   10.219
  34.603   12.477   12.013
  35.594   12.209   11.143
  11.591   10.123   11.240
  10.603   11.008   11.495
   9.421   11.056   10.719
   8.397   11.973   10.983
   8.518   12.874   12.034
  12.579    9.239   10.986
  13.761    9.191   11.762
   7.427   12.489   12.319
   8.203   13.676   11.210
   8.607   13.636   12.912
  14.076    8.389   12.585
  14.852    9.576   11.477
  13.936    8.614   11.266
  27.809   20.333   14.676
  27.268   20.185   15.904
  27.102   18.913   16.501
  26.541   18.759   17.775
  26.126   19.872   18.496
  28.350   20.482   13.448
  28.516   21.754   12.850
  26.760   19.377   19.375
  25.123   19.244   18.638
  25.774   20.797   19.112
  29.519   22.381   12.708
  27.883   22.249   11.971
  28.813   21.324   12.269
  46.875   31.884   23.125
  46.580   30.658   23.607
  47.159   30.162   24.799
  46.852   28.891   25.300
  45.955   28.071   24.626
  47.171   33.109   22.642
  46.592   33.606   21.450
  45.455   27.954   25.702
  46.812   27.252   24.750
  45.204   27.373   24.071
  45.735   34.425   21.326
  47.092   33.723   20.375
  47.033   34.227   21.620
  29.072   29.149    4.542
  29.691   29.505    5.688
  30.471   30.681    5.785
  31.113   31.049    6.973
  30.998   30.255    8.107
  28.453   28.794    3.396
  27.672   27.618    3.299
  30.725   31.284    8.642
  32.184   30.357    8.141
  30.909   29.597    9.066
  26.485   27.516    3.265
  27.944   26.589    2.764
  27.579   27.868    2.565
  37.358   10.945    4.564
  37.811   12.085    5.128
  38.868   12.088    6.069
  39.337   13.270    6.654
  38.766   14.491    6.319
  36.906    9.805    4.000
  35.849    9.802    3.059
  39.898   14.830    6.162
  38.708   14.641    7.500
  38.296   15.523    6.047
  35.907    9.653    1.878
  34.717    9.463    3.216
  35.983    9.032    3.070
  40.022    4.015    9.522
  40.031    5.284    9.060
  38.917    6.144    9.210
  38.926    7.459    8.730
  40.049    7.962    8.085
  40.014    2.747    9.985
  41.128    1.887    9.835
  39.913    8.875    8.837
  39.260    8.305    7.259
  40.984    8.396    7.541
  41.916    1.544   10.660
  41.264    0.973    9.083
  40.658    1.388   10.210
  35.392   45.922   14.916
  34.086   45.658   14.697
  33.060   46.267   15.458
  31.706   45.993   15.231
  31.330   45.101   14.235
  36.698   46.185   15.135
  37.724   45.576   14.375
  30.587   45.975   13.913
  30.661   44.622   15.098
  31.000   44.354   13.402
  38.392   46.055   13.512
  38.467   44.702   14.697
  38.179   46.008   14.840
   2.095   26.873   39.653
   1.753   26.185   40.763
   2.615   25.229   41.348
   2.260   24.515   42.500
   1.029   24.734   43.106
   2.438   27.561   38.543
   1.575   28.517   37.957
   1.682   24.832   44.098
   0.949   23.545   43.075
  -0.001   24.907   43.625
   1.655   29.706   37.988
   0.923   28.419   36.965
   2.166   28.583   37.451
  34.602    7.554   11.090
  35.915    7.295   11.263
  36.830    8.294   11.673
  38.192    8.024   11.852
  38.688    6.746   11.627
  33.288    7.814   10.917
  32.374    6.815   10.507
  39.194    6.896   12.696
  39.504    7.319   10.974
  39.118    5.678   11.442
  31.558    6.242   11.160
  31.868    6.666    9.438
  31.867    7.407   10.561
  27.594   38.082   41.667
  26.911   37.419   40.710
  25.974   38.068   39.871
  25.265   37.380   38.878
  25.468   36.019   38.690
  28.277   38.746   42.624
  29.214   38.097   43.463
  25.587   36.328   37.545
  24.278   35.969   38.728
  25.629   34.876   38.520
  30.404   38.147   43.425
  29.095   37.788   44.608
  29.285   38.815   43.760
  44.832    6.577   12.835
  44.340    7.601   12.105
  43.033    8.105   12.305
  42.523    9.167   11.548
  43.303    9.763   10.565
  45.323    5.553   13.565
  46.630    5.050   13.365
  42.971   10.775   11.099
  42.336    9.606    9.886
  43.946   10.273    9.737
  47.597    5.206   14.044
  46.962    4.037   12.831
  46.418    4.567   13.942
  19.357   42.670   31.144
  19.625   43.964   30.871
  18.624   44.963   30.915
  18.903   46.306   30.631
  20.193   46.697   30.294
  19.088   41.375   31.418
  20.089   40.376   31.374
  20.016   47.534   31.123
  19.650   47.243   29.385
  21.271   47.039   30.009
  20.632   39.830   32.283
  20.266   39.538   30.545
  19.490   39.917   31.577
  39.959   40.327   46.690
  40.131   41.666   46.678
  39.037   42.563   46.667
  39.215   43.952   46.654
  40.494   44.493   46.651
  39.787   38.988   46.703
  40.882   38.092   46.714
  40.073   45.160   47.543
  40.077   45.143   45.743
  41.563   44.961   46.648
  41.299   37.442   47.621
  41.303   37.424   45.821
  40.309   37.560   46.718
   5.098   16.351   28.871
   3.828   16.233   29.314
   2.787   17.061   28.832
   1.469   16.939   29.291
   1.147   15.985   30.247
   6.368   16.469   28.429
   7.410   15.641   28.910
   0.270   15.709   29.488
   0.615   16.900   30.793
   0.863   15.188   31.050
   7.942   14.725   28.364
   8.286   15.916   29.669
   7.834   16.065   28.411
  26.766   13.822   30.824
  27.544   12.734   31.008
  28.762   12.796   31.725
  29.569   11.667   31.917
  29.185   10.437   31.398
  25.989   14.910   30.640
  24.770   14.848   29.923
  29.419   10.046   32.499
  30.298   10.416   30.973
  28.876    9.398   30.968
  23.657   14.869   30.348
  24.536   15.239   28.821
  24.752   15.609   30.097
  17.471   18.709    5.790
  17.529   17.827    4.770
  16.934   18.093    3.514
  16.993   17.178    2.456
  17.650   15.964    2.616
  17.413   19.592    6.810
  18.008   19.326    8.066
  18.181   16.264    1.592
  16.648   15.510    2.159
  18.198   14.942    2.737
  19.010   19.780    8.524
  17.477   19.025    9.090
  17.721   20.033    8.232
  34.197   22.095   46.936
  34.489   23.193   47.666
  35.754   23.824   47.599
  36.057   24.962   48.355
  35.105   25.511   49.206
  33.906   20.997   46.207
  32.640   20.367   46.274
  35.399   26.531   48.664
  35.991   25.484   50.002
  34.316   25.982   49.923
  31.755   20.394   45.477
  32.347   19.347   46.816
  32.970   19.888   45.753
  18.174    0.332   26.516
  17.251    0.664   25.589
  16.007   -0.005   25.496
  15.049    0.339   24.535
  15.301    1.364   23.632
  19.098   -0.000   27.443
  20.342    0.669   27.535
  14.225    1.749   23.968
  14.947    0.563   22.823
  15.499    2.222   22.867
  20.695    1.470   28.343
  21.418    0.283   27.199
  20.448    0.166   28.123
  35.993   38.509   49.707
  34.947   37.707   49.413
  33.663   37.915   49.968
  32.579   37.083   49.662
  32.741   36.014   48.790
  37.038   39.311   50.002
  38.323   39.103   49.447
  31.770   36.463   48.265
  32.196   35.397   49.652
  32.863   35.113   48.060
  38.867   39.720   48.585
  39.294   38.655   49.972
  38.494   39.732   49.878
  24.605   14.599   17.713
  23.509   13.836   17.513
  22.897   13.721   16.243
  21.761   12.930   16.035
  21.196   12.226   17.092
  25.700   15.362   17.913
  26.312   15.478   19.184
  21.233   11.310   16.331
  20.182   12.721   16.708
  20.711   11.630   17.969
  27.326   14.983   19.567
  26.275   16.394   19.944
  26.798   15.945   18.789
  34.551   32.001   15.160
  35.892   31.892   15.052
  36.744   33.019   15.124
  38.135   32.905   15.011
  38.723   31.661   14.823
  33.209   32.111   15.269
  32.357   30.984   15.196
  39.427   32.002   15.721
  39.300   32.212   13.938
  39.230   30.623   14.664
  31.779   30.432   16.081
  31.652   30.642   14.298
  31.805   31.527   15.300
  31.973   22.870   33.148
  31.647   21.861   33.984
  31.166   20.618   33.508
  30.828   19.572   34.374
  30.957   19.732   35.748
  32.300   23.879   32.313
  32.780   25.121   32.789
  31.531   18.690   35.684
  29.843   19.309   35.771
  31.061   19.852   36.903
  33.894   25.545   32.766
  32.206   26.164   32.853
  32.801   25.285   32.026
  24.422   27.832   17.271
  25.591   28.357   16.846
  25.644   29.369   15.858
  26.856   29.913   15.418
  28.059   29.466   15.950
  23.253   27.307   17.695
  23.200   26.296   18.683
  28.280   30.628   16.090
  28.380   29.370   14.807
  29.076   29.099   16.389
  22.879   26.391   19.827
  22.978   25.133   18.544
  22.432   26.362   18.558
  34.298    7.042   37.486
  34.442    6.622   36.211
  35.681    6.700   35.531
  35.830    6.264   34.209
  34.746    5.735   33.520
  34.154    7.462   38.761
  32.916    7.384   39.441
  35.507    4.855   33.260
  35.079    6.501   32.670
  33.845    5.289   32.930
  32.583    6.618   40.291
  32.155    8.263   39.701
  33.335    7.700   40.020
  30.301   45.150   34.166
  28.990   45.118   34.483
  28.381   43.970   35.043
  27.021   43.936   35.372
  26.220   45.050   35.153
  31.613   45.183   33.849
  32.221   46.331   33.289
  25.880   44.866   36.280
  25.495   44.264   34.628
  25.537   45.978   34.975
  32.947   47.117   33.814
  32.562   46.516   32.162
  32.855   45.874   33.308
  39.838   21.759   10.938
  40.763   21.280   10.079
  41.553   22.135    9.274
  42.512   21.639    8.383
  42.715   20.269    8.265
  38.913   22.238   11.797
  38.123   21.383   12.602
  43.863   20.560    8.396
  42.619   20.487    7.097
  42.896   19.123    8.156
  38.219   21.165   13.769
  36.975   21.092   12.470
  37.827   22.062   12.847
  46.749   17.746   29.724
  45.623   18.458   29.506
  44.355   17.839   29.392
  43.187   18.577   29.166
  43.245   19.960   29.045
  47.875   17.035   29.943
  49.143   17.653   30.057
  42.357   19.936   29.840
  42.597   19.772   28.063
  43.279   21.121   28.943
  49.791   17.841   31.039
  50.031   17.677   29.263
  49.376   16.914   30.157
  25.748   13.828    2.486
  25.894   15.135    2.795
  26.562   15.558    3.969
  26.713   16.912    4.289
  26.202   17.892    3.447
  25.602   12.522    2.177
  24.934   12.099    1.004
  27.290   18.366    3.552
  25.732   18.327    4.452
  25.778   18.724    2.749
  25.404   11.664   -0.001
  23.846   11.626    0.899
  25.114   11.393    1.284
  29.157   46.820   31.685
  30.287   47.510   31.949
  30.258   48.815   32.496
  31.430   49.530   32.771
  32.672   48.965   32.508
  28.027   46.131   31.421
  28.055   44.826   30.874
  32.919   49.309   33.622
  32.883   50.003   31.962
  33.721   48.504   32.292
  27.844   43.788   31.420
  27.808   44.483   29.759
  27.279   44.903   30.923
  46.777   12.215   26.880
  45.972   11.173   26.581
  44.562   11.286   26.592
  43.728   10.205   26.282
  44.275    8.972   25.950
  47.581   13.257   27.179
  48.991   13.143   27.168
  43.528    9.037   25.023
  43.503    8.558   26.758
  44.720    7.932   25.669
  49.763   13.557   26.360
  49.738   13.079   28.095
  48.947   13.895   27.375
   8.304   40.145    3.548
   8.912   39.288    2.700
   8.899   39.485    1.298
   9.529   38.596    0.419
  10.194   37.479    0.910
   7.696   41.002    4.396
   7.709   40.806    5.797
  11.078   37.857    0.206
   9.559   36.900    0.085
  10.756   36.538    1.308
   8.344   41.385    6.622
   6.825   40.428    6.501
   7.293   41.467    5.786
  32.597   26.336   42.807
  33.825   25.777   42.842
  34.717   25.855   41.747
  35.990   25.274   41.784
  36.417   24.595   42.918
  31.369   26.896   42.771
  30.477   26.818   43.867
  37.389   25.274   42.800
  36.711   23.743   42.139
  36.788   24.022   43.864
  30.183   27.670   44.646
  29.504   26.139   43.985
  30.018   27.229   43.386
   2.790   42.594   28.100
   4.088   42.279   28.297
   4.532   40.937   28.366
   5.877   40.609   28.570
   6.828   41.613   28.712
   1.493   42.910   27.903
   1.049   44.252   27.833
   7.424   40.985   27.894
   7.154   40.988   29.673
   7.636   42.445   28.833
   0.723   44.877   26.872
   0.454   44.880   28.652
   0.357   43.906   27.729
  16.616   21.132   22.401
  17.199   19.988   22.819
  18.589   19.903   23.072
  19.193   18.717   23.506
  18.430   17.574   23.702
  16.033   22.275   21.983
  14.644   22.360   21.730
  18.992   17.536   24.752
  19.274   17.054   23.041
  17.801   16.606   23.870
  13.799   22.879   22.391
  14.082   22.398   20.680
  14.829   23.098   21.553
  11.362   33.545   12.110
  11.468   32.199   12.104
  10.331   31.357   12.107
  10.442   29.961   12.100
  11.693   29.358   12.089
  11.255   34.891   12.117
  12.392   35.733   12.114
  11.237   28.724   11.189
  11.248   28.716   12.989
  12.738   28.839   12.080
  12.838   36.375   11.214
  12.849   36.366   13.014
  11.847   36.292   12.120
  10.401   44.351   24.373
  10.344   43.421   25.350
   9.140   43.119   26.029
   9.081   42.154   27.042
  10.224   41.458   27.413
  10.458   45.281   23.396
  11.662   45.583   22.717
   9.524   40.502   27.291
   9.897   41.766   28.516
  11.176   40.866   27.733
  11.989   45.274   21.613
  12.363   46.539   22.839
  11.199   46.085   22.339
   6.070   16.332    9.636
   4.795   15.890    9.612
   4.437   14.666    8.998
   3.115   14.207    8.972
   2.103   14.957    9.559
   7.345   16.774    9.661
   7.703   17.998   10.274
   1.816   13.923   10.078
   1.548   14.782    8.519
   1.243   15.575   10.048
   8.258   18.172   11.315
   7.990   19.032    9.756
   8.416   17.787   10.035
  43.703   43.373   22.672
  43.290   43.292   21.389
  42.018   42.779   21.042
  41.589   42.696   19.712
  42.418   43.122   18.681
  44.116   43.453   23.954
  45.389   43.966   24.302
  41.450   43.718   18.324
  42.149   42.064   18.203
  43.103   43.476   17.807
  45.657   45.024   24.780
  46.357   43.370   24.659
  45.138   43.807   25.024
  26.097   29.983   12.658
  25.409   30.240   13.790
  24.259   29.499   14.154
  23.546   29.764   15.329
  23.957   30.781   16.182
  26.785   29.727   11.525
  27.934   30.468   11.161
  23.849   29.942   17.022
  22.813   31.111   16.128
  24.290   31.630   16.908
  29.078   30.137   11.216
  28.042   31.307   10.322
  27.920   29.986   10.547
  37.200   22.092   48.776
  38.497   22.409   48.978
  39.062   23.607   48.479
  40.407   23.936   48.688
  41.234   23.079   49.403
  35.904   21.774   48.575
  35.338   20.577   49.073
  41.524   24.068   50.002
  41.968   23.223   48.475
  41.940   22.368   50.002
  34.605   20.433   50.001
  35.049   19.588   48.475
  34.698   20.861   48.729
   5.941   15.739    5.611
   7.220   16.171    5.612
   8.254   15.455    4.963
   9.580   15.903    4.963
   9.920   17.083    5.612
   4.662   15.307    5.611
   3.628   16.023    6.260
  10.467   17.338    4.585
  10.779   16.416    6.099
  10.219   18.072    6.153
   2.769   16.691    5.773
   3.081   15.769    7.287
   3.194   15.433    5.989
  30.076   48.231   39.432
  28.775   48.585   39.368
  27.842   48.200   40.360
  26.493   48.568   40.293
  26.028   49.334   39.232
  31.377   47.876   39.497
  32.309   48.261   38.504
  25.545   50.000   40.094
  25.181   48.499   39.169
  25.625   49.977   38.347
  33.157   49.097   38.567
  32.793   47.596   37.642
  32.800   47.861   38.961
  13.969   35.251    3.565
  14.236   36.411    2.928
  15.247   37.296    3.374
  15.524   38.499    2.713
  14.800   38.860    1.584
  13.702   34.091    4.202
  12.691   33.207    3.756
  15.878   39.052    1.114
  14.678   39.899    2.154
  14.200   39.176    0.635
  12.813   32.167    3.186
  11.613   33.015    4.227
  12.932   32.791    4.372
  12.679   42.633   35.369
  12.253   42.021   34.244
  10.887   41.726   34.021
  10.445   41.092   32.854
  11.354   40.729   31.868
  13.105   43.244   36.495
  14.471   43.539   36.717
  10.586   41.277   31.141
  10.802   39.674   31.930
  12.106   40.419   31.032
  15.023   44.593   36.655
  15.240   42.990   37.444
  14.190   43.830   37.385
  20.821   18.711   26.218
  21.714   18.856   25.215
  22.226   17.746   24.502
  23.152   17.895   23.462
  23.598   19.160   23.098
  19.929   18.567   27.220
  19.417   19.677   27.934
  23.326   18.796   21.996
  24.676   18.660   23.178
  23.980   20.215   22.782
  18.338   20.176   27.853
  19.688   20.040   29.035
  19.027   19.117   28.314
  24.085   19.833    0.660
  22.972   19.405    1.294
  21.757   19.180    0.605
  20.603   18.737    1.262
  20.623   18.502    2.632
  25.198   20.261    0.027
  26.413   20.485    0.715
  20.122   17.464    2.330
  19.637   19.171    2.630
  20.627   18.301    3.780
  27.399   19.816    0.717
  26.914   21.523    1.017
  26.659   20.681    0.000
  32.397    8.651    8.652
  31.069    8.705    8.418
  30.304    7.542    8.164
  28.927    7.598    7.921
  28.264    8.820    7.924
  33.726    8.597    8.886
  34.491    9.760    9.141
  27.504    8.258    8.650
  27.822    8.435    6.887
  27.696    9.838    7.924
  34.933   10.145   10.178
  35.251   10.322    8.415
  35.070    9.239    9.193
  31.050   15.108   36.689
  29.939   15.873   36.630
  29.033   15.964   37.714
  27.882   16.758   37.653
  27.595   17.489   36.507
  32.161   14.342   36.748
  33.067   14.251   35.664
  27.444   18.387   37.275
  26.517   16.992   36.617
  27.342   18.107   35.551
  34.144   14.748   35.555
  33.217   13.353   34.897
  33.440   13.772   36.155
   3.698    9.809   46.512
   4.759   10.290   47.193
   4.886   10.133   48.594
   5.986   10.632   49.300
   7.000   11.307   48.632
   2.636    9.327   45.831
   2.510    9.485   44.430
   7.713   10.566   49.234
   6.844   12.122   49.487
   7.858   11.875   48.083
   2.666    8.670   43.575
   1.797   10.226   43.828
   1.845    9.093   44.553
  10.960    3.222   45.070
   9.759    2.656   44.824
   9.466    2.026   43.591
   8.221    1.439   43.336
   7.225    1.459   44.304
  12.160    3.789   45.316
  12.454    4.418   46.549
   7.149    0.294   44.065
   6.545    1.859   43.411
   6.381    1.469   45.109
  13.134    4.019   47.443
  12.529    5.583   46.789
  13.143    4.539   46.202
  34.814   13.905   38.295
  36.116   14.259   38.247
  36.529   15.609   38.339
  37.879   15.977   38.290
  38.864   15.008   38.145
  33.512   13.551   38.343
  33.099   12.200   38.250
  39.368   15.567   39.068
  39.259   15.724   37.279
  39.701   14.204   38.024
  32.703   11.484   39.116
  32.595   11.641   37.326
  32.391   12.523   38.321
  43.276   10.557   30.032
  42.092   11.189   30.173
  41.253   10.969   31.290
  40.024   11.625   31.436
  39.592   12.524   30.470
  44.461    9.925   29.891
  45.300   10.145   28.773
  39.399   13.237   31.405
  38.580   11.897   30.526
  39.216   13.281   29.666
  46.312   10.771   28.717
  45.492    9.432   27.838
  45.751    9.626   29.144
   8.270    7.405    8.787
   9.175    7.330    9.786
   9.783    6.107   10.157
  10.721    6.030   11.193
  11.086    7.172   11.894
   7.365    7.479    7.788
   6.757    8.702    7.416
  12.195    6.797   11.672
  10.869    6.497   12.851
  11.401    8.124   12.490
   6.974    9.378    6.459
   5.648    9.077    7.638
   6.398    8.243    6.896
  40.533    4.591   21.525
  40.641    3.609   22.444
  40.144    3.756   23.761
  40.256    2.737   24.714
  40.869    1.535   24.385
  40.425    5.574   20.605
  40.922    5.427   19.288
  39.891    1.054   24.867
  41.479    1.720   25.392
  41.381    0.520   24.122
  40.313    5.242   18.281
  41.900    5.908   18.807
  40.642    6.152   19.216
  13.506   32.102    1.099
  14.240   33.235    1.100
  14.251   34.122   -0.002
  15.012   35.297   -0.001
  15.790   35.626    1.102
  12.771   30.969    1.098
  12.761   30.081    2.200
  15.257   36.687    0.999
  16.645   35.788    0.288
  16.447   35.914    2.022
  11.906   29.919    3.014
  13.294   29.020    2.304
  12.269   29.685    1.740
  29.392   39.628   27.023
  29.500   40.866   26.495
  30.615   41.698   26.755
  30.727   42.982   26.208
  29.727   43.480   25.382
  29.285   38.390   27.550
  28.169   37.559   27.290
  30.637   43.748   24.661
  29.792   44.432   26.095
  28.896   43.910   24.687
  28.104   36.606   26.577
  27.260   37.291   28.011
  28.561   37.068   27.755
  27.977   17.322   28.687
  27.341   16.186   28.331
  27.566   14.959   28.999
  26.906   13.781   28.629
  25.998   13.787   27.577
  28.613   18.458   29.044
  28.389   19.685   28.376
  25.291   13.226   28.355
  26.621   12.843   27.205
  25.234   13.779   26.697
  27.765   20.630   28.749
  29.095   20.246   27.598
  28.912   19.941   28.896
  36.811   40.620   27.184
  36.556   39.529   26.431
  37.188   38.286   26.671
  36.923   37.155   25.890
  36.015   37.226   24.840
  37.067   41.710   27.937
  36.435   42.953   27.696
  35.558   36.246   25.340
  36.890   36.707   24.220
  35.256   37.273   23.956
  35.560   43.473   28.316
  36.892   43.934   27.197
  36.871   43.173   28.306
  42.287   11.154   34.511
  42.775    9.907   34.338
  43.809    9.387   35.152
  44.315    8.093   34.972
  43.804    7.274   33.974
  41.800   12.401   34.683
  40.765   12.921   33.870
  43.725    6.472   34.852
  44.952    7.111   33.700
  43.384    6.576   33.139
  39.617   13.084   34.144
  40.844   13.723   32.992
  40.867   13.547   34.326
  26.125   38.832   15.310
  26.706   39.242   14.163
  27.199   40.559   14.001
  27.802   40.985   12.812
  27.934   40.109   11.741
  25.543   38.421   16.457
  25.051   37.104   16.618
  29.065   40.484   11.743
  27.461   41.007   11.116
  28.052   39.385   10.835
  25.524   36.207   17.243
  23.920   36.729   16.617
  24.863   37.375   17.326
  29.307   42.643    5.271
  29.762   43.873    5.589
  29.532   44.453    6.860
  30.004   45.729    7.190
  30.724   46.471    6.262
  28.852   41.413    4.952
  29.082   40.833    3.682
  31.490   46.612    7.163
  29.959   47.336    6.555
  31.329   47.104    5.492
  29.847   39.968    3.389
  28.316   40.692    2.781
  28.679   40.243    3.996
  45.017   15.063    8.792
  43.719   15.069    9.165
  42.832   14.026    8.808
  41.486   14.033    9.194
  40.980   15.082    9.950
  46.315   15.057    8.420
  47.202   16.100    8.777
  40.548   14.208   10.636
  40.119   15.089    9.126
  40.542   15.956   10.586
  48.063   16.093    9.601
  47.634   16.974    8.092
  47.709   15.662    8.377
  32.793   25.864   17.485
  32.814   24.637   18.048
  33.082   23.470   17.295
  33.104   22.198   17.880
  32.857   22.048   19.239
  32.772   27.090   16.921
  32.504   28.257   17.674
  33.852   21.393   19.215
  32.094   21.208   18.875
  32.652   21.908   20.378
  33.266   29.098   18.038
  31.508   28.912   17.698
  32.602   28.600   16.979
  23.474   19.037   17.197
  23.819   20.329   17.008
  25.058   20.697   16.432
  25.416   22.036   16.236
  24.548   23.055   16.609
  23.128   17.746   17.386
  21.889   17.378   17.962
  24.763   23.464   15.511
  25.512   23.503   17.147
  23.829   23.920   16.917
  20.925   16.929   17.424
  21.674   16.969   19.060
  22.172   16.658   17.849
  16.558   23.199   36.648
  17.318   24.262   36.986
  16.756   25.538   37.228
  17.544   26.641   37.579
  18.922   26.507   37.700
  15.799   22.135   36.310
  16.360   20.859   36.067
  18.753   27.058   38.744
  18.946   27.473   37.003
  20.079   26.409   37.805
  16.336   19.893   36.765
  16.529   20.309   35.024
  15.613   20.672   35.940
  48.835   26.727   25.875
  48.997   27.074   24.581
  48.605   28.341   24.090
  48.772   28.701   22.747
  49.338   27.806   21.848
  48.674   26.380   27.170
  49.066   25.112   27.661
  50.026   28.734   21.556
  48.391   28.082   21.178
  49.811   27.064   21.082
  50.012   24.836   28.331
  48.378   24.184   27.953
  48.794   25.406   28.332
   3.749   47.869   12.981
   4.317   46.669   12.735
   5.711   46.460   12.860
   6.301   45.216   12.605
   5.518   44.137   12.217
   3.180   49.068   13.227
   1.786   49.277   13.102
   6.108   43.564   13.079
   6.331   44.024   11.353
   4.872   43.222   11.889
   0.973   49.390   13.965
   1.196   49.849   12.239
   1.983   50.001   13.320
   7.681   34.894   40.583
   8.955   35.232   40.291
   9.841   34.334   39.649
  11.162   34.685   39.346
  11.644   35.947   39.673
   6.407   34.555   40.876
   5.521   35.453   41.517
  12.018   35.954   38.541
  12.551   35.335   40.145
  12.061   37.002   39.942
   4.614   36.065   41.045
   5.147   35.445   42.649
   5.029   34.850   41.448
  46.712   19.084    3.473
  45.646   19.435    2.723
  44.348   19.553    3.272
  43.242   19.917    2.494
  43.396   20.176    1.138
  47.778   18.734    4.224
  49.076   18.616    3.675
  42.785   21.167    1.390
  42.472   19.433    1.023
  43.512   20.396   -0.002
  50.000   19.359    3.789
  49.688   17.625    3.422
  49.255   18.428    4.411
  18.396   42.644   38.671
  19.305   42.387   39.637
  18.934   41.845   40.890
  19.876   41.579   41.891
  21.223   41.846   41.674
  17.488   42.900   37.706
  17.858   43.442   36.453
  21.374   40.734   42.076
  21.150   42.397   42.728
  22.355   42.065   41.505
  17.931   42.891   35.399
  17.707   44.553   36.051
  17.089   43.389   36.323
  34.972   12.835   46.371
  34.877   11.489   46.382
  35.900   10.661   45.862
  35.801    9.264   45.873
  34.676    8.646   46.404
  35.067   14.182   46.361
  34.044   15.010   46.880
  35.476    7.993   46.999
  34.689    8.036   45.381
  33.737    8.114   46.847
  34.031   15.621   47.903
  33.244   15.664   46.285
  34.534   15.575   46.656
   6.024   33.103   38.489
   4.878   32.927   37.797
   4.264   33.984   37.083
   3.076   33.802   36.365
   2.459   32.557   36.337
   7.170   33.278   39.181
   7.784   32.222   39.895
   2.434   32.741   35.160
   1.483   33.179   36.624
   1.930   31.518   36.304
   8.759   31.600   39.608
   7.808   32.038   41.072
   8.303   32.780   40.065
  17.797   33.260    5.399
  18.728   32.294    5.548
  18.376   30.935    5.729
  19.341   29.933    5.883
  20.693   30.253    5.860
  16.866   34.226    5.251
  17.218   35.585    5.070
  20.759   29.359    5.076
  20.730   29.604    6.859
  21.831   30.509    5.844
  17.180   36.234    4.071
  17.151   36.480    5.854
  16.442   35.672    5.045
   8.341   25.620   18.646
   9.254   26.607   18.528
   8.878   27.964   18.385
   9.824   28.988   18.262
  11.182   28.691   18.278
   7.428   24.632   18.765
   7.805   23.276   18.908
  11.230   29.564   19.088
  11.208   29.370   17.298
  12.324   28.457   18.289
   7.778   22.597   19.887
   7.756   22.403   18.098
   7.031   23.174   18.928
  41.175   31.563    7.910
  42.082   31.573    8.909
  43.122   30.617    8.988
  44.063   30.628   10.024
  43.997   31.595   11.020
  40.267   31.553    6.910
  39.227   32.509    6.832
  45.155   31.737   10.777
  44.093   30.661   11.753
  43.954   32.401   11.861
  39.131   33.443    6.099
  38.069   32.366    7.074
  39.047   32.103    6.189
  47.913   46.684    9.845
  48.273   46.132    8.667
  48.343   44.730    8.486
  48.717   44.157    7.264
  49.033   44.965    6.180
  47.553   47.237   11.023
  47.482   48.638   11.203
  48.277   44.254    5.595
  50.001   44.274    6.112
  49.300   45.632    5.261
  46.514   49.330   11.271
  48.238   49.350   11.788
  47.268   48.428   11.924
  20.238   15.537   45.403
  20.638   14.882   44.292
  21.887   14.221   44.220
  22.301   13.542   43.068
  21.482   13.500   41.947
  19.838   16.192   46.513
  18.589   16.853   46.585
  21.706   12.330   41.988
  22.469   13.839   41.373
  20.804   13.456   40.999
  17.601   16.513   47.160
  18.365   18.023   46.544
  18.839   17.020   47.306
  15.443   15.485   12.359
  16.133   14.655   13.171
  15.507   13.587   13.856
  16.222   12.726   14.698
  17.587   12.903   14.884
  14.754   16.315   11.547
  15.380   17.384   10.861
  17.639   11.737   14.645
  17.308   12.826   16.040
  18.734   13.040   15.049
  15.659   17.461    9.706
  15.328   18.550   11.100
  14.653   17.499   10.599
  47.357   13.366    0.898
  46.814   14.602    0.897
  45.413   14.806    0.896
  44.850   16.088    0.896
  45.667   17.211    0.897
  47.900   12.130    0.898
  49.300   11.926    0.899
  44.967   17.559    1.796
  44.969   17.559   -0.004
  46.341   18.163    0.898
  49.998   11.578    1.800
  50.000   11.578   -0.000
  49.084   11.176    0.899
  11.097   33.894   32.265
  10.285   32.818   32.206
  10.776   31.523   31.912
   9.933   30.407   31.851
   8.570   30.545   32.083
  11.910   34.971   32.324
  11.419   36.265   32.618
   8.736   29.627   32.825
   8.468   29.925   31.070
   7.425   30.646   32.275
  11.522   36.885   33.631
  11.254   37.183   31.876
  12.173   36.454   32.535
  41.608   24.350   25.526
  42.595   24.798   26.331
  43.529   25.770   25.901
  44.553   26.236   26.736
  44.678   25.746   28.030
  40.621   23.901   24.721
  39.687   22.929   25.151
  44.736   26.899   28.322
  45.819   25.593   27.722
  44.794   25.343   29.118
  38.546   23.082   25.458
  39.629   21.776   24.858
  39.409   23.031   24.428
  34.901   15.459    9.666
  34.492   16.700   10.005
  33.266   16.930   10.673
  32.842   18.217   11.025
  33.630   19.320   10.721
  35.309   14.218    9.327
  36.535   13.988    8.659
  33.449   19.601   11.865
  32.614   19.760   10.278
  34.281   20.255   10.472
  37.551   13.549    9.101
  36.716   13.708    7.515
  36.301   13.245    8.708
  47.197   31.815    9.918
  46.649   31.674    8.693
  45.276   31.918    8.452
  44.708   31.772    7.181
  45.492   31.377    6.105
  47.744   31.955   11.144
  49.117   31.711   11.385
  44.988   32.310    5.562
  44.618   30.587    5.925
  46.139   31.045    5.193
  49.991   32.501   11.564
  49.621   30.778   11.928
  48.916   31.908   12.113
  18.250   21.675   35.143
  17.525   22.640   34.538
  16.175   22.441   34.164
  15.423   23.441   33.536
  15.995   24.677   33.260
  18.974   20.711   35.749
  20.325   20.910   36.123
  15.011   25.103   33.779
  15.546   24.496   32.171
  16.463   25.719   33.022
  20.774   21.091   37.212
  21.309   20.484   35.604
  20.252   20.175   36.376
  43.872   42.302   27.720
  45.137   42.677   27.438
  45.970   43.291   28.403
  47.283   43.680   28.111
  47.809   43.470   26.843
  42.606   41.926   28.002
  41.773   41.312   27.037
  48.723   42.996   27.443
  48.128   44.615   26.927
  48.264   43.299   25.782
  41.454   40.167   26.953
  40.859   41.786   26.437
  41.264   41.314   27.630
  35.585   34.932   37.104
  35.513   36.129   37.724
  34.307   36.612   38.285
  34.231   37.853   38.928
  35.360   38.657   39.032
  35.658   33.735   36.485
  36.864   33.253   35.924
  35.049   38.720   40.181
  34.634   39.505   38.615
  36.299   39.341   39.127
  37.590   32.404   36.341
  37.175   33.190   34.775
  36.411   32.645   35.739
  37.886   29.281   39.200
  39.064   28.656   38.990
  39.802   28.071   40.046
  41.023   27.422   39.828
  41.550   27.336   38.545
  36.708   29.907   39.411
  35.971   30.492   38.354
  41.673   26.181   38.814
  42.544   27.736   39.067
  42.004   27.256   37.474
  34.977   30.092   37.832
  35.848   31.647   38.086
  35.482   30.671   38.937
   7.441   39.964   47.070
   6.430   40.767   46.676
   6.413   41.381   45.401
   5.365   42.213   44.991
   4.296   42.462   45.842
   8.451   39.161   47.465
   8.468   38.547   48.740
   3.639   42.176   44.889
   4.508   43.601   45.564
   3.392   42.679   46.546
   8.255   37.408   49.018
   9.124   38.833   49.693
   9.144   38.260   48.476
  37.057   15.966   41.972
  36.244   14.888   41.964
  35.292   14.675   40.939
  34.448   13.558   40.930
  34.527   12.613   41.946
  37.870   17.043   41.981
  38.822   17.256   43.005
  34.570   11.836   41.043
  33.345   12.754   41.991
  34.583   11.813   42.793
  40.005   17.116   42.960
  38.780   18.033   43.908
  38.975   17.896   42.584
  13.000   21.108   14.875
  11.658   21.044   15.013
  11.047   20.652   16.228
   9.656   20.585   16.371
   8.826   20.908   15.304
  14.341   21.171   14.737
  14.952   21.563   13.523
   8.273   21.590   16.110
   8.299   19.873   15.569
   8.118   21.177   14.417
  15.479   22.599   13.258
  15.506   20.882   12.717
  15.604   21.443   13.936
  19.561   41.436    7.657
  20.509   40.676    8.245
  21.524   40.033    7.498
  22.508   39.244    8.107
  22.511   39.071    9.486
  18.612   42.196    7.070
  17.597   42.839    7.817
  23.662   39.367    9.389
  22.611   37.916    9.210
  22.526   38.918   10.642
  17.497   43.994    8.093
  16.447   42.543    7.913
  17.379   43.084    7.108
  41.136   36.576   40.354
  42.442   36.593   40.013
  43.374   35.684   40.568
  44.728   35.702   40.215
  45.200   36.629   39.295
  39.830   36.558   40.694
  38.898   37.468   40.139
  45.700   35.675   38.785
  46.033   36.833   40.122
  45.609   37.403   38.524
  38.065   37.264   39.312
  38.398   38.422   40.649
  38.403   37.077   40.600
  45.311   30.763   36.258
  45.893   31.809   35.634
  47.173   32.285   36.004
  47.777   33.371   35.357
  47.121   34.019   34.318
  44.730   29.716   36.882
  43.450   29.240   36.512
  48.158   33.877   33.748
  47.398   35.003   34.929
  46.582   34.571   33.444
  43.172   28.256   35.900
  42.412   29.382   37.082
  43.590   28.731   37.088
  30.501   29.857   20.289
  29.184   29.881   20.583
  28.423   28.695   20.711
  27.056   28.720   21.016
  26.403   29.931   21.204
  31.819   29.834   19.995
  32.580   31.020   19.866
  26.001   29.412   22.198
  25.610   29.472   20.442
  25.842   30.941   21.363
  33.373   31.479   20.628
  32.982   31.539   18.872
  33.153   30.510   19.721
  33.898   23.310   11.160
  34.074   22.423   10.157
  34.258   22.834    8.816
  34.441   21.914    7.776
  34.447   20.550    8.041
  33.722   24.197   12.162
  33.538   23.786   13.503
  35.451   20.562    7.400
  33.671   20.503    7.138
  34.454   19.403    8.250
  34.314   23.833   14.407
  32.534   23.775   14.145
  33.495   24.557   13.622
   7.826   16.607   13.369
   8.876   15.814   13.066
  10.125   16.344   12.665
  11.214   15.522   12.351
  11.093   14.141   12.428
   6.776   17.399   13.671
   5.527   16.869   14.072
  12.103   14.217   13.056
  11.571   14.168   11.337
  11.005   12.979   12.489
   5.049   16.841   15.163
   4.517   16.792   13.444
   5.337   17.626   14.109
   7.865   28.294   13.508
   6.963   28.525   12.530
   6.255   27.474   11.899
   5.320   27.714   10.886
   5.059   29.012   10.466
   8.767   28.063   14.485
   9.475   29.114   15.116
   3.920   28.692   10.613
   5.223   28.555    9.378
   4.830   30.097   10.105
   9.310   29.571   16.204
  10.613   29.434   14.970
   9.790   28.520   15.514
  35.211   40.500    4.932
  36.240   39.708    5.300
  36.255   39.023    6.538
  37.322   38.202    6.919
  38.414   38.037    6.076
  34.181   41.292    4.564
  34.167   41.977    3.326
  38.235   36.877    6.285
  39.044   38.288    7.056
  39.337   37.889    5.378
  33.537   41.726    2.346
  34.346   43.136    3.117
  33.477   42.226    3.593
  34.896   22.174   44.282
  36.188   21.910   43.991
  36.589   20.689   43.400
  37.929   20.415   43.099
  38.915   21.353   43.378
  33.605   22.438   44.572
  33.203   23.659   45.163
  39.247   21.148   42.252
  39.468   20.428   43.888
  39.753   22.131   43.608
  32.651   24.584   44.654
  32.871   23.865   46.289
  32.497   23.329   45.113
  37.439   32.470   43.933
  37.698   33.794   43.888
  36.664   34.760   43.863
  36.933   36.134   43.817
  38.245   36.590   43.794
  37.180   31.146   43.977
  38.214   30.180   44.003
  37.875   37.303   44.674
  37.865   37.245   42.875
  39.342   36.986   43.775
  38.594   29.525   44.922
  38.584   29.466   43.123
  37.608   29.687   44.022
  19.627   41.064   10.242
  20.088   42.305   10.507
  19.288   43.282   11.144
  19.766   44.569   11.419
  21.062   44.924   11.066
  19.166   39.823    9.977
  19.967   38.846    9.339
  21.122   45.315   12.190
  20.531   45.877   10.586
  22.147   45.236   10.776
  20.497   37.893    9.819
  19.906   38.455    8.215
  19.321   38.414    9.426
  36.645   16.418   19.179
  36.917   15.268   19.831
  37.366   15.255   21.173
  37.648   14.062   21.849
  37.490   12.840   21.209
  36.374   17.569   18.526
  35.924   17.582   17.185
  36.883   12.550   22.192
  38.588   12.629   21.621
  37.362   11.807   20.682
  34.826   17.793   16.772
  36.532   17.872   16.201
  35.928   18.354   17.303
  28.696   12.762   41.386
  28.841   12.089   42.547
  29.058   10.691   42.582
  29.208    9.994   43.787
  29.146   10.669   44.999
  28.552   13.434   40.224
  28.334   14.832   40.189
  30.156   10.081   45.231
  28.378    9.806   45.292
  29.095   11.224   46.024
  29.101   15.696   39.896
  27.324   15.420   39.958
  28.327   14.704   39.418
  28.872   41.187   24.412
  27.620   40.719   24.603
  26.481   41.545   24.462
  25.182   41.060   24.661
  24.978   39.730   25.008
  30.124   41.655   24.220
  31.263   40.828   24.361
  24.185   39.756   24.118
  24.288   40.195   25.861
  24.792   38.617   25.299
  31.953   40.363   23.508
  32.056   40.802   25.250
  31.634   41.489   24.173
  31.847    3.401   34.870
  32.429    2.585   33.965
  32.213    1.187   33.968
  32.817    0.341   33.030
  33.659    0.863   32.056
  31.264    4.217   35.774
  31.480    5.615   35.771
  32.989    0.214   31.314
  34.397   -0.001   32.415
  34.367    1.288   31.233
  30.742    6.479   35.412
  32.150    6.264   36.513
  30.997    5.584   36.384
   8.767    4.735   34.439
   9.316    3.509   34.579
   8.896    2.405   33.800
   9.465    1.135   33.946
  10.476    0.923   34.875
   8.218    5.960   34.298
   8.639    7.064   35.077
  11.034    0.407   33.957
   9.802   -0.003   35.204
  11.325    0.731   35.651
   9.313    7.990   34.748
   8.081    7.580   35.995
   8.092    7.432   34.658
   6.751   43.015   42.940
   5.754   42.613   42.124
   5.068   43.515   41.277
   4.034   43.098   40.430
   3.649   41.763   40.400
   7.748   43.418   43.756
   8.434   42.515   44.603
   3.750   41.896   39.220
   2.553   42.211   40.526
   3.317   40.646   40.365
   9.531   42.067   44.477
   8.334   42.383   45.783
   8.822   43.163   44.802
  14.418   11.414   21.506
  15.054   12.600   21.397
  14.774   13.683   22.264
  15.433   14.913   22.151
  16.395   15.104   21.167
  13.783   10.228   21.615
  14.063    9.145   20.748
  17.051   15.519   22.072
  15.777   16.097   20.939
  17.204   15.279   20.346
  14.681    8.152   20.976
  13.407    8.730   19.843
  13.517    8.794   21.183
  33.702   22.022    5.547
  34.841   21.632    4.937
  35.987   22.460    4.887
  37.168   22.055    4.254
  37.246   20.807    3.650
  32.562   22.413    6.157
  31.416   21.584    6.207
  38.258   20.713    4.272
  37.674   21.425    2.726
  37.325   19.762    3.138
  30.988   20.966    7.132
  30.405   21.678    5.585
  31.124   22.194    6.599
  39.988   24.380   30.336
  41.176   24.569   30.949
  42.264   23.682   30.766
  43.496   23.879   31.402
  43.683   24.968   32.243
  38.800   24.191   29.722
  37.713   25.077   29.905
  44.672   25.130   31.598
  44.107   24.149   32.997
  43.855   25.879   32.951
  37.289   25.897   29.151
  36.724   24.915   30.550
  37.363   24.580   29.414
  20.983    7.850   17.094
  22.139    8.444   17.460
  22.577    9.656   16.877
  23.776   10.272   17.257
  24.578    9.698   18.234
  19.828    7.257   16.727
  19.389    6.044   17.311
  24.568   10.794   18.703
  25.447    9.865   17.436
  25.262    9.227   19.054
  18.521    5.877   18.110
  19.400    4.949   16.843
  18.791    6.148   16.820
  18.757   18.012   31.089
  18.113   16.825   31.091
  16.712   16.732   30.921
  16.044   15.502   30.923
  16.754   14.320   31.095
  19.401   19.198   31.088
  20.803   19.291   31.258
  16.145   13.967   30.134
  15.920   14.091   31.915
  17.337   13.321   31.239
  21.637   19.520   30.438
  21.411   19.645   32.220
  20.654   20.054   31.186
  37.429   17.403    1.509
  36.267   16.732    1.359
  35.608   16.121    2.452
  34.403   15.424    2.297
  33.815   15.315    1.043
  38.590   18.075    1.659
  39.250   18.686    0.566
  32.834   15.677    1.616
  33.751   14.157    1.318
  33.310   15.215   -0.003
  39.313   19.844    0.291
  40.230   18.324   -0.006
  39.760   18.885    1.123
   1.405    8.637   23.656
   1.292    7.881   24.769
   1.841    8.285   26.009
   1.723    7.501   27.163
   1.054    6.284   27.117
   1.518    9.394   22.544
   0.970    8.990   21.303
   0.487    6.708   28.076
   2.029    5.875   27.666
   0.494    5.261   27.093
  -0.005    9.399   20.754
   1.537    8.566   20.344
   1.275    9.669   21.068
  22.097    1.088   10.251
  21.033    1.903   10.092
  19.730    1.399    9.865
  18.626    2.245    9.700
  18.786    3.623    9.756
  23.162    0.273   10.410
  24.465    0.776   10.637
  17.869    3.568   10.515
  18.164    3.607    8.740
  18.906    4.783    9.801
  25.087    0.793   11.654
  25.382    0.832    9.878
  24.641    0.015   10.650
  30.121   35.524   36.420
  31.001   34.507   36.533
  30.706   33.338   37.274
  31.619   32.284   37.391
  32.860   32.360   36.772
  29.241   36.542   36.307
  29.536   37.711   35.566
  32.579   31.275   36.366
  33.269   32.037   37.843
  33.905   32.411   36.257
  29.127   38.033   34.494
  29.817   38.795   35.972
  28.818   37.911   35.798
  31.282   36.240   33.979
  30.714   36.356   32.760
  29.317   36.233   32.568
  28.728   36.354   31.304
  29.515   36.600   30.186
  31.850   36.124   35.199
  33.246   36.247   35.390
  28.717   37.460   29.975
  28.908   35.688   29.718
  30.164   36.808   29.239
  33.854   37.159   35.858
  34.045   35.387   35.601
  33.048   36.117   36.134
  30.646   13.539   24.558
  29.975   14.665   24.236
  29.431   14.871   22.946
  28.735   16.040   22.612
  28.559   17.043   23.557
  31.316   12.412   24.880
  31.860   12.206   26.169
  27.419   16.986   23.214
  28.960   17.753   22.687
  28.404   17.894   24.340
  31.460   11.496   27.039
  33.000   12.263   26.512
  32.087   11.530   25.849
  37.385    8.107   14.228
  38.035    9.278   14.399
  37.510   10.317   15.203
  38.184   11.531   15.381
  39.408   11.749   14.762
  36.735    6.936   14.056
  37.261    5.898   13.252
  39.751   12.091   15.850
  38.903   12.772   14.416
  40.436   11.946   14.247
  37.766    4.875   13.598
  36.918    5.556   12.163
  36.603    5.539   13.471
   3.255   48.460    4.672
   4.461   48.623    4.087
   5.395   47.565    3.987
   6.645   47.734    3.380
   7.006   48.967    2.851
   2.050   48.297    5.258
   1.115   49.355    5.357
   7.299   48.324    1.891
   8.005   48.798    3.478
   7.321   49.997    2.403
   0.116   49.523    4.730
   0.822   49.998    6.317
   0.690   48.804    5.712
  12.926   30.993   14.694
  13.342   29.848   14.113
  13.086   28.579   14.687
  13.518   27.392   14.084
  14.222   27.430   12.887
  12.509   32.138   15.275
  12.765   33.406   14.702
  13.430   26.608   12.546
  14.978   26.707   13.459
  14.814   27.447   11.883
  12.010   34.129   14.130
  13.557   34.228   15.044
  12.377   33.652   15.333
  13.710    3.195   16.796
  13.797    3.803   17.998
  13.001    3.407   19.099
  13.092    4.037   20.346
  13.982    5.087   20.536
  13.622    2.587   15.594
  14.419    2.983   14.493
  14.305    4.466   21.500
  13.032    5.636   21.001
  14.724    5.969   20.710
  15.368    2.434   14.028
  14.095    3.604   13.529
  14.028    2.407   14.139
  16.552   21.677   39.408
  15.748   22.280   38.507
  14.544   21.685   38.060
  13.710   22.310   37.125
  14.050   23.552   36.604
  17.357   21.075   40.310
  18.560   21.669   40.757
  12.930   23.835   36.895
  13.825   23.030   35.557
  14.323   24.595   36.159
  18.786   22.192   41.804
  19.681   21.386   40.466
  18.603   21.014   41.180
  35.850    3.417   21.788
  36.253    4.215   22.800
  36.933    5.434   22.569
  37.352    6.261   23.618
  37.106    5.898   24.936
  35.446    2.620   20.777
  34.766    1.401   21.008
  36.687    7.010   25.027
  38.263    6.142   25.083
  36.906    5.606   26.047
  33.609    1.157   20.862
  35.185    0.289   20.917
  34.776    1.370   20.228
  33.772   33.189   31.933
  33.000   33.438   30.854
  32.192   34.596   30.761
  31.391   34.855   29.642
  31.370   33.964   28.576
  34.544   32.940   33.012
  35.352   31.782   33.105
  31.550   34.945   27.923
  30.188   34.055   28.692
  31.343   33.226   27.674
  36.535   31.691   32.989
  35.172   30.802   33.758
  35.537   32.096   33.796
  28.523    6.734   29.184
  28.506    8.078   29.061
  29.673    8.818   28.756
  29.656   10.212   28.628
  28.471   10.916   28.802
  28.540    5.390   29.307
  27.374    4.650   29.613
  28.775   11.428   27.770
  29.131   11.593   29.527
  27.483   11.519   28.946
  26.713    3.972   28.888
  27.069    4.137   30.644
  27.871    4.049   29.568
  19.492    5.921    6.706
  20.811    5.743    6.482
  21.354    4.476    6.163
  22.722    4.291    5.931
  23.596    5.368    6.009
  18.172    6.098    6.929
  17.629    7.366    7.248
  23.977    4.968    4.953
  24.230    4.636    6.704
  24.341    6.263    6.071
  16.996    8.098    6.553
  17.248    7.766    8.304
  16.964    6.958    7.267
  37.528   29.024   12.294
  37.590   29.430   13.580
  37.987   28.560   14.623
  38.051   28.981   15.956
  37.721   30.287   16.294
  37.466   28.617   11.008
  37.069   29.487    9.965
  38.756   30.259   16.883
  37.043   29.763   17.122
  37.446   31.381   16.592
  37.747   30.011    9.137
  36.033   29.516    9.376
  37.193   28.850    9.530
  35.878   46.822   33.248
  35.389   45.576   33.071
  36.198   44.424   33.226
  35.691   43.132   33.043
  34.359   42.945   32.699
  36.366   48.068   33.424
  35.558   49.219   33.270
  34.372   42.162   33.598
  34.811   42.237   31.854
  33.242   42.773   32.410
  35.105   49.927   34.115
  35.545   50.001   32.371
  36.225   49.582   33.453
  40.388    1.585   48.153
  39.372    2.426   47.862
  38.151    2.404   48.576
  37.099    3.276   48.274
  37.230    4.201   47.246
  41.403    0.744   48.445
  42.624    0.766   47.730
  36.835    4.972   48.065
  36.174    3.770   46.899
  37.326    4.983   46.386
  43.679    1.197   48.077
  43.018   -0.005   46.911
  42.801    0.188   48.225
  28.393    9.695    2.224
  27.953    8.604    2.888
  28.836    7.595    3.339
  28.381    6.464    4.027
  27.026    6.302    4.288
  28.832   10.786    1.561
  27.949   11.795    1.110
  27.399    6.084    5.399
  27.201    5.213    3.836
  25.891    6.154    4.514
  27.773   12.884    1.562
  27.576   12.013   -0.001
  28.614   12.112    0.850
  41.528   26.323   15.971
  41.139   25.031   16.032
  39.804   24.637   15.779
  39.401   23.298   15.842
  40.318   22.305   16.162
  41.917   27.614   15.909
  43.252   28.008   16.163
  39.874   21.766   15.197
  39.484   21.967   16.942
  41.078   21.462   16.429
  44.086   28.347   15.383
  43.696   28.548   17.128
  42.958   28.717   16.015
  40.242   22.212   39.584
  41.409   22.351   38.919
  42.251   23.472   39.109
  43.461   23.617   38.420
  43.872   22.646   37.515
  39.076   22.072   40.249
  38.233   20.951   40.058
  44.900   22.708   38.115
  44.043   23.577   36.792
  44.228   21.838   36.753
  38.062   20.020   40.781
  37.205   20.889   39.459
  37.796   21.324   40.587
  24.367   21.500   29.512
  24.220   20.796   30.654
  25.098   20.956   31.752
  24.947   20.226   32.936
  23.911   19.308   33.065
  24.513   22.205   28.369
  23.635   22.044   27.271
  23.714   19.872   34.097
  24.778   18.579   33.435
  23.047   18.535   33.187
  22.768   22.774   26.901
  23.832   21.481   26.240
  24.100   22.587   26.957
  41.055   37.049   26.494
  40.513   36.101   25.701
  39.440   36.382   24.822
  38.877   35.399   23.999
  39.368   34.100   24.026
  41.597   37.997   27.288
  42.670   37.716   28.166
  39.392   34.223   22.841
  38.219   33.807   24.141
  39.770   33.005   24.038
  43.820   38.010   28.051
  42.646   37.593   29.351
  42.590   38.474   28.336
  49.538   35.470   35.292
  49.074   34.822   36.382
  49.621   33.590   36.811
  49.139   32.918   37.941
  48.093   33.454   38.682
  50.002   36.119   34.203
  49.455   37.351   33.773
  48.813   33.245   39.607
  47.631   32.361   38.578
  47.216   33.893   39.312
  49.917   38.444   33.877
  48.735   37.560   32.847
  49.997   37.275   33.216
   3.784   17.163   36.391
   4.862   16.483   36.834
   5.787   15.883   35.948
   6.905   15.177   36.408
   7.139   15.048   37.771
   2.705   17.843   35.947
   1.780   18.444   36.834
   8.237   15.412   37.485
   7.271   13.893   37.507
   7.347   14.931   38.913
   1.649   19.599   37.098
   0.682   18.080   37.120
   1.437   18.654   36.165
  26.888   22.708   29.625
  27.043   23.760   28.793
  25.967   24.282   28.036
  26.128   25.373   27.174
  27.370   25.981   27.038
  26.733   21.656   30.457
  27.809   21.134   31.214
  26.754   26.985   27.219
  27.156   25.861   25.872
  28.407   26.501   26.914
  28.023   21.254   32.380
  28.425   20.130   31.033
  27.256   20.640   31.460
   7.818    7.028   19.713
   7.545    6.368   18.567
   6.479    6.749   17.718
   6.196    6.065   16.529
   6.970    4.976   16.147
   8.091    7.687   20.859
   9.157    7.306   21.708
   7.021    5.545   15.101
   5.914    4.444   15.998
   7.611    4.061   15.815
  10.212    7.838   21.857
   9.106    6.738   22.754
   8.897    7.910   22.129
  30.923    8.931   16.191
  30.969    7.786   15.477
  29.795    7.101   15.083
  29.843    5.913   14.343
  31.065    5.369   13.970
  30.878   10.076   16.905
  32.052   10.761   17.299
  30.565    5.315   12.890
  30.607    4.364   14.418
  32.085    4.901   13.651
  32.510   11.766   16.851
  32.552   10.815   18.379
  31.532   11.250   17.617
   9.690   29.285   47.515
  10.898   29.110   46.939
  11.667   27.941   47.149
  12.920   27.759   46.552
  13.449   28.740   45.723
   8.482   29.460   48.090
   7.713   30.630   47.880
  13.632   27.828   44.978
  14.422   28.603   46.398
  13.905   29.555   45.025
   6.741   30.767   47.204
   7.530   31.542   48.625
   7.216   30.261   48.357
  16.527   17.704   13.046
  17.676   17.038   12.800
  18.337   17.119   11.551
  19.527   16.428   11.295
  20.099   15.632   12.280
  15.379   18.370   13.292
  14.718   18.289   14.541
  21.092   16.230   12.003
  20.146   14.818   11.411
  20.591   14.960   13.097
  14.672   19.103   15.410
  13.725   17.691   14.817
  14.218   18.773   14.187
  38.265    3.683   11.804
  39.368    3.679   12.582
  39.540    2.750   13.635
  40.684    2.745   14.442
  41.698    3.670   14.224
  37.161    3.688   11.027
  36.990    4.617    9.974
  42.403    2.710   14.259
  41.605    3.853   15.398
  42.556    4.440   14.052
  37.082    4.434    8.800
  36.284    5.577    9.938
  36.315    4.233    9.887
  32.299   10.460   46.955
  31.705    9.305   46.586
  31.898    8.740   45.303
  31.282    7.542   44.920
  30.452    6.868   45.806
  32.893   11.615   47.325
  32.700   12.181   48.607
  31.112    5.923   45.503
  29.699    6.849   44.883
  29.752    6.291   46.540
  33.453   12.199   49.531
  32.040   13.125   48.910
  33.182   12.725   48.323
  18.030    5.174   30.924
  18.156    6.407   31.460
  18.185    7.573   30.660
  18.317    8.851   31.216
  18.424    9.009   32.592
  17.903    3.941   30.389
  17.874    2.775   31.189
  17.568    9.822   32.435
  19.359    9.692   32.310
  18.515    9.155   33.745
  16.939    2.091   31.471
  18.730    1.961   31.346
  17.800    2.428   30.493
  22.054   37.417   19.732
  22.347   36.536   20.712
  21.382   35.638   21.225
  21.685   34.724   22.242
  22.965   34.677   22.781
  21.761   38.298   18.751
  22.726   39.197   18.238
  22.863   33.506   22.585
  22.387   34.724   23.822
  24.035   34.626   23.242
  23.304   39.149   17.196
  22.828   40.368   18.433
  22.127   39.418   17.789
  33.295   42.239   30.212
  32.724   41.122   30.709
  32.685   39.911   29.978
  32.092   38.752   30.493
  31.517   38.762   31.758
  33.866   43.357   29.715
  33.905   44.568   30.446
  32.168   37.777   31.919
  30.591   38.262   31.199
  31.032   38.757   32.818
  34.831   45.068   31.005
  33.255   45.553   30.285
  34.275   44.819   29.806
  45.120   37.332   19.710
  46.229   37.046   20.425
  47.270   37.988   20.604
  48.420   37.691   21.344
  48.570   36.442   21.933
  44.011   37.618   18.996
  42.970   36.676   18.817
  48.838   37.076   22.906
  49.643   36.470   21.414
  48.709   35.397   22.433
  41.898   36.648   19.337
  42.702   36.042   17.845
  42.654   37.262   18.409
  48.735   20.048   39.331
  48.938   18.714   39.309
  48.365   17.853   40.275
  48.575   16.469   40.253
  49.365   15.896   39.264
  48.533   21.383   39.352
  49.105   22.244   38.386
  48.443   15.152   39.141
  49.896   15.355   40.183
  50.025   15.403   38.439
  48.574   22.785   37.467
  50.027   22.989   38.509
  48.730   22.787   38.803
  27.284   16.987   41.824
  25.982   16.857   42.155
  25.422   15.610   42.524
  24.072   15.475   42.867
  23.232   16.582   42.854
  28.586   17.117   41.493
  29.145   18.364   41.125
  22.925   16.198   43.939
  22.519   15.871   42.216
  22.517   17.502   42.847
  29.858   19.075   41.763
  29.453   18.747   40.040
  29.793   17.932   41.055
  45.868    4.987   48.227
  46.846    5.237   47.331
  47.500    6.490   47.264
  48.514    6.749   46.334
  48.911    5.764   45.439
  44.890    4.737   49.124
  44.237    3.484   49.191
  50.007    6.051   45.810
  48.777    6.628   44.629
  49.254    4.946   44.681
  44.371    2.619   50.000
  43.141    3.197   48.819
  43.848    3.837   49.769
  15.282   19.867   44.626
  14.843   19.956   43.352
  15.492   20.764   42.389
  15.037   20.856   41.069
  13.915   20.143   40.664
  15.722   19.778   45.899
  15.072   18.970   46.862
  14.616   19.804   39.762
  13.568   21.193   40.221
  12.975   19.550   40.311
  15.419   17.920   47.305
  14.371   19.310   47.764
  15.640   19.247   47.322
  10.560    9.048   47.306
   9.360    9.270   46.729
   9.158   10.314   45.794
   7.914   10.544   45.196
   6.826    9.739   45.511
  11.760    8.827   47.883
  11.961    7.783   48.817
   6.706    9.662   44.328
   6.267   10.779   45.669
   5.905    9.071   45.766
  12.520    6.743   48.659
  12.082    7.860   50.000
  12.689    8.068   48.818
  23.522    1.151   36.565
  22.183    1.186   36.732
  21.416    0.006   36.888
  20.027    0.042   37.062
  19.356    1.258   37.087
  24.861    1.117   36.397
  25.628    2.296   36.242
  18.864    0.818   38.079
  18.638    0.730   36.295
  18.780    2.272   37.109
  26.345    2.824   37.033
  26.120    2.735   35.249
  26.213    1.781   36.193
  14.611    2.050   28.607
  13.516    1.738   29.332
  13.609    1.214   30.643
  12.473    0.891   31.396
  11.204    1.080   30.864
  15.706    2.362   27.881
  15.613    2.886   26.570
  10.994    1.631   31.900
  11.025   -0.040   31.229
  10.133    1.235   30.429
  15.792    4.006   26.205
  15.823    2.336   25.535
  16.392    2.878   26.626
  38.943   15.392   49.121
  39.009   16.741   49.119
  37.847   17.548   49.118
  37.915   18.946   49.116
  39.147   19.587   49.115
  38.878   14.044   49.123
  40.040   13.236   49.124
  38.677   20.212   50.014
  38.677   20.209   48.214
  40.175   20.138   49.113
  40.510   12.614   50.025
  40.510   12.611   48.225
  39.511   12.661   49.125
  36.912   34.947    7.451
  37.821   35.705    8.100
  39.213   35.538    7.905
  40.156   36.324    8.578
  39.741   37.304    9.470
  36.002   34.190    6.802
  34.611   34.356    6.997
  40.493   37.997    8.857
  40.537   36.796   10.197
  39.407   38.131   10.222
  33.815   34.865    6.271
  33.859   33.664    7.610
  34.576   33.775    6.477
  49.701   14.199   46.910
  49.508   15.437   46.408
  49.993   15.813   45.133
  49.794   17.097   44.612
  49.103   18.051   45.348
  49.893   12.960   47.412
  49.408   12.585   48.688
  48.491   18.200   44.336
  50.036   18.743   45.083
  48.524   18.862   45.955
  48.474   11.893   48.952
  50.019   12.436   49.700
  49.740   11.904   48.496
  42.445   15.805   15.983
  42.684   16.875   16.770
  43.404   16.768   17.984
  43.652   17.878   18.800
  43.190   19.135   18.431
  42.205   14.734   15.197
  41.485   14.841   13.983
  44.310   19.471   18.662
  42.772   19.165   19.547
  42.808   20.196   18.134
  41.903   14.811   12.867
  40.366   14.505   13.752
  41.623   14.073   13.957
   8.176   46.729    5.843
   8.911   45.673    6.251
   8.655   44.358    5.794
   9.417   43.263    6.217
  10.463   43.443    7.113
   7.442   47.785    5.434
   7.698   49.099    5.892
  11.079   42.799    6.323
   9.946   42.542    7.697
  11.344   43.580    7.865
   8.216   50.000    5.308
   7.082   49.743    6.683
   7.095   49.266    5.425
  19.067   18.275   40.807
  18.522   17.565   41.818
  19.164   17.430   43.072
  18.598   16.695   44.120
  17.370   16.067   43.951
  19.613   18.985   39.797
  18.971   19.119   38.543
  17.103   16.600   44.983
  17.940   15.119   44.395
  16.340   15.536   43.824
  18.401   20.067   38.099
  19.238   18.586   37.511
  19.607   19.543   38.382
   4.915   30.003    2.322
   5.383   29.391    3.430
   6.242   28.269    3.362
   6.728   27.635    4.512
   6.371   28.100    5.771
   4.447   30.615    1.213
   3.588   31.737    1.281
   7.543   28.049    5.979
   6.114   26.955    5.979
   6.080   28.480    6.834
   3.845   32.882    1.074
   2.416   31.788    1.074
   3.630   31.683    0.503
  38.423   46.004   34.659
  39.554   46.182   33.944
  39.985   47.464   33.529
  41.158   47.648   32.787
  41.941   46.556   32.433
  37.292   45.826   35.375
  36.860   44.544   35.789
  42.831   47.217   32.871
  41.893   47.040   31.345
  42.608   45.649   32.129
  36.908   44.061   36.877
  35.970   43.883   35.351
  36.275   44.958   36.100
  44.905   39.713   26.343
  43.657   39.762   25.829
  42.890   38.592   25.610
  41.597   38.642   25.077
  41.024   39.863   24.743
  46.152   39.665   26.857
  46.919   40.834   27.076
  40.099   39.454   25.373
  40.779   39.319   23.712
  40.531   40.881   24.459
  47.164   41.379   28.107
  47.844   41.244   26.445
  47.442   40.315   27.332
  23.746   30.374   27.938
  22.929   31.000   27.065
  22.557   30.413   25.832
  21.709   31.062   24.927
  21.203   32.322   25.222
  24.563   29.748   28.811
  24.935   30.335   30.044
  20.160   31.831   24.918
  21.588   32.590   24.126
  20.771   33.379   25.457
  24.550   30.067   31.140
  25.977   30.826   30.348
  25.333   29.667   30.121
   1.471   14.949   35.670
   2.287   15.307   36.684
   1.949   16.340   37.590
   2.795   16.712   38.642
   4.011   16.063   38.824
   0.654   14.591   34.656
   0.992   13.558   33.750
   3.642   15.968   39.953
   4.445   17.172   38.882
   5.033   15.528   38.989
   0.558   12.450   33.692
   1.361   13.653   32.621
   0.300   13.747   33.442
  43.319    3.999    6.633
  43.523    4.032    7.967
  43.346    2.887    8.780
  43.558    2.921   10.164
  43.955    4.099   10.783
  43.114    3.967    5.299
  43.291    5.111    4.485
  44.787    3.406   11.279
  43.063    3.853   11.533
  44.289    5.082   11.315
  44.184    5.357    3.735
  42.459    5.805    3.989
  43.079    4.613    3.922
  36.744   12.881   32.055
  35.776   13.688   31.570
  36.028   15.038   31.227
  35.024   15.875   30.724
  33.733   15.392   30.547
  37.712   12.074   32.540
  37.460   10.725   32.883
  33.841   15.874   29.463
  33.423   16.379   31.139
  32.646   15.000   30.394
  37.771    9.738   32.292
  37.352   10.243   33.968
  38.219   10.742   33.068
  44.571   19.607   33.932
  45.829   20.042   34.157
  46.413   20.016   35.446
  47.717   20.468   35.679
  48.485   20.961   34.631
  43.313   19.171   33.707
  42.730   19.197   32.418
  49.311   20.215   35.057
  48.681   21.871   35.376
  49.140   21.378   33.761
  42.534   18.288   31.674
  41.904   19.943   31.992
  42.123   18.892   32.803
  13.827   10.681    7.621
  13.265   11.878    7.892
  13.220   12.406    9.204
  12.636   13.648    9.484
  12.078   14.405    8.462
  14.390    9.484    7.351
  14.435    8.955    6.039
  12.732   15.284    8.931
  11.146   14.477    9.201
  11.605   15.051    7.614
  15.367    8.884    5.300
  13.781    8.077    5.570
  14.797    8.366    6.403
  24.348   16.071   36.868
  24.370   14.790   37.293
  25.577   14.062   37.422
  25.599   12.734   37.863
  24.415   12.085   38.191
  24.327   17.352   36.442
  23.120   18.079   36.314
  25.003   11.793   39.186
  24.841   11.226   37.485
  23.428   11.529   38.470
  22.694   18.939   37.020
  22.532   18.372   35.320
  23.609   18.642   36.080
  15.563   27.997   43.749
  15.389   29.147   43.064
  16.416   30.113   42.945
  16.234   31.306   42.235
  15.019   31.575   41.618
  15.738   26.847   44.434
  14.711   25.882   44.553
  15.702   31.820   40.672
  15.118   32.625   42.173
  14.004   31.814   41.095
  14.612   24.832   43.998
  14.029   25.637   45.499
  15.257   25.507   44.967
   9.429   22.992   28.323
   8.208   22.566   27.936
   7.334   21.890   28.820
   6.068   21.447   28.418
   5.631   21.665   27.118
  10.650   23.419   28.711
  11.523   24.095   27.827
   4.651   22.081   27.655
   5.362   20.505   27.153
   5.251   21.841   26.030
  11.792   25.255   27.792
  12.503   23.679   27.289
  11.985   24.101   28.457
  37.061   19.092   36.352
  36.909   18.926   35.021
  36.599   20.007   34.161
  36.442   19.835   32.781
  36.588   18.576   32.211
  37.212   19.258   37.683
  37.522   18.178   38.543
  37.305   19.148   31.449
  35.549   18.835   31.689
  36.709   17.526   31.720
  38.561   17.919   39.065
  36.805   17.606   39.305
  37.495   18.740   39.085
   4.245   14.852   45.226
   5.582   14.667   45.275
   6.158   13.377   45.363
   7.543   13.185   45.413
   8.403   14.276   45.377
   2.909   15.037   45.178
   2.333   16.327   45.090
   8.953   13.650   44.525
   8.902   13.749   46.322
   9.136   15.183   45.347
   1.834   16.854   44.145
   1.783   16.953   45.941
   1.670   15.914   45.094
  45.525   27.075   20.944
  44.261   27.546   20.999
  43.696   28.304   19.947
  42.385   28.793   20.005
  41.592   28.540   21.117
  46.789   26.604   20.888
  47.353   25.845   21.940
  40.789   28.200   20.306
  41.387   29.713   21.075
  40.916   28.335   22.045
  47.559   24.672   21.982
  48.157   26.185   22.752
  47.972   25.843   21.464
   4.352   13.619   24.901
   3.255   14.275   25.334
   2.048   13.601   25.635
   0.910   14.282   26.085
   0.939   15.661   26.249
   5.449   12.962   24.467
   6.657   13.636   24.166
   0.474   15.413   27.318
  -0.070   15.627   25.616
   0.950   16.819   26.392
   7.665   13.670   24.800
   7.121   13.884   23.097
   6.895   12.912   23.999
  34.786   47.482   20.408
  34.558   47.701   21.720
  34.784   48.963   22.321
  34.548   49.190   23.682
  34.076   48.164   24.491
  35.014   47.263   19.095
  34.787   46.002   18.495
  33.276   48.977   24.833
  34.969   48.495   25.208
  33.680   47.312   25.182
  33.895   45.671   17.778
  35.588   45.188   18.153
  35.036   46.379   17.858
  20.984   33.174   43.082
  20.501   31.919   42.969
  21.351   30.788   42.928
  20.850   29.486   42.811
  19.480   29.268   42.733
  21.467   34.430   43.194
  20.617   35.560   43.236
  19.690   28.466   43.588
  19.773   28.594   41.794
  18.333   29.071   42.666
  20.324   36.234   44.174
  20.406   36.362   42.380
  21.298   35.938   43.294
   4.144   26.424   24.975
   3.146   26.227   24.087
   1.900   25.675   24.470
   0.865   25.470   23.550
   1.039   25.810   22.214
   5.142   26.622   25.862
   6.387   27.174   25.480
  -0.007   26.364   22.354
   0.622   24.712   22.015
   1.171   26.092   21.090
   6.805   28.272   25.679
   7.433   26.620   25.340
   6.543   27.077   26.239
   6.774   18.627   28.550
   7.012   19.057   27.293
   8.202   18.730   26.601
   8.449   19.176   25.298
   7.515   19.966   24.639
   6.535   18.197   29.808
   5.345   18.524   30.499
   7.668   19.181   23.755
   8.456   20.661   24.411
   6.740   20.629   24.075
   4.404   17.830   30.727
   5.193   19.309   31.383
   5.680   18.097   31.061
  42.493   33.727   10.889
  41.516   32.818   11.096
  41.791   31.435   11.208
  40.778   30.492   11.423
  39.455   30.900   11.534
  43.469   34.636   10.681
  43.194   36.020   10.570
  39.464   30.222   12.514
  39.259   30.037   10.735
  38.340   31.228   11.628
  43.391   36.882   11.368
  43.185   36.698    9.589
  43.969   36.058   10.476
  20.835   41.414   15.434
  20.919   40.319   14.648
  19.811   39.466   14.430
  19.897   38.331   13.615
  21.095   38.009   12.989
  20.752   42.508   16.220
  21.860   43.361   16.438
  20.411   37.914   12.018
  20.891   36.926   13.444
  22.094   37.727   12.457
  22.064   44.443   15.983
  22.544   43.456   17.409
  21.342   43.745   16.879
  24.656    6.634   31.781
  24.736    6.399   33.108
  25.857    6.795   33.874
  25.940    6.551   35.249
  24.904    5.901   35.909
  24.576    6.870   30.454
  23.454    6.474   29.688
  24.996    6.809   36.675
  25.781    5.223   36.346
  24.042    5.357   36.474
  22.577    7.152   29.251
  23.362    5.566   28.922
  23.867    6.798   29.110
  24.761   37.966   32.667
  25.076   38.362   33.919
  24.599   37.679   35.064
  24.925   38.089   36.362
  25.740   39.197   36.562
  24.447   37.570   31.416
  24.923   38.253   30.271
  26.334   38.465   37.291
  24.882   39.528   37.320
  26.422   40.125   36.744
  25.781   37.922   29.513
  24.329   38.985   29.542
  24.512   37.701   29.902
  45.200   18.744   31.802
  44.605   17.542   31.644
  44.166   16.772   32.747
  43.549   15.526   32.584
  43.349   15.006   31.312
  45.795   19.945   31.959
  46.235   20.715   30.856
  42.236   14.832   31.699
  43.843   14.026   31.777
  43.176   14.557   30.250
  45.741   21.695   30.391
  47.348   20.888   30.469
  46.454   21.206   31.422
  42.013   37.753   43.765
  42.017   39.103   43.773
  42.743   39.845   44.735
  42.747   41.245   44.743
  42.026   41.953   43.790
  42.009   36.403   43.758
  41.283   35.661   42.796
  43.047   42.550   43.649
  41.611   42.549   44.735
  41.424   42.559   42.996
  41.697   35.065   41.851
  40.261   35.063   42.937
  41.582   35.057   43.191
  21.252    8.639   28.107
  21.682    9.908   28.273
  23.054   10.248   28.214
  23.500   11.564   28.385
  22.589   12.587   28.623
  20.822    7.370   27.942
  19.450    7.029   28.001
  23.179   13.139   27.747
  23.325   12.858   29.519
  21.836   13.454   28.822
  18.714    6.757   27.104
  18.860    6.476   28.876
  19.731    6.313   27.864
  37.570   33.874   26.539
  38.489   33.507   27.457
  39.186   34.457   28.241
  40.140   34.076   29.193
  40.430   32.733   29.395
  36.651   34.241   25.621
  35.954   33.292   24.837
  40.272   33.005   30.544
  41.561   33.096   29.290
  40.684   31.609   29.574
  34.823   32.929   24.941
  36.112   33.020   23.687
  35.623   33.936   24.543
  26.286   26.639   22.602
  25.595   25.605   22.078
  25.221   25.568   20.714
  24.504   24.495   20.169
  24.137   23.421   20.970
  26.977   27.673   23.127
  27.351   27.710   24.491
  24.607   22.771   20.089
  23.060   23.600   20.491
  23.822   22.513   21.631
  28.428   27.531   24.970
  26.881   28.360   25.373
  27.663   28.394   24.278
  47.899   17.131   47.157
  46.728   17.202   46.489
  46.525   18.113   45.426
  45.310   18.186   44.733
  44.256   17.351   45.079
  49.070   17.060   47.825
  49.273   16.148   48.888
  44.218   17.129   43.909
  43.625   18.362   45.079
  43.362   16.655   45.359
  49.904   15.137   48.888
  49.311   16.370   50.058
  49.980   16.481   48.897
  46.340   20.668   45.835
  45.439   20.455   46.818
  44.165   19.897   46.559
  43.231   19.676   47.579
  43.538   20.005   48.893
  47.240   20.882   44.852
  48.514   21.440   45.110
  43.151   18.901   49.123
  42.480   20.552   48.867
  43.783   20.276   50.001
  49.573   20.892   45.137
  48.902   22.543   44.880
  48.592   21.351   44.338
  47.997   21.912   23.742
  47.857   20.572   23.658
  46.586   19.954   23.574
  46.440   18.565   23.487
  47.560   17.743   23.480
  48.137   23.252   23.826
  49.408   23.869   23.910
  47.034   17.253   22.529
  46.967   17.147   24.325
  48.492   17.041   23.473
  50.001   24.464   23.065
  49.934   24.358   24.860
  48.974   24.517   23.932
  33.251    0.927   11.490
  32.096    1.405   12.000
  31.252    0.614   12.815
  30.054    1.109   13.343
  29.657    2.414   13.076
  34.407    0.450   10.981
  35.251    1.241   10.166
  29.500    2.470   14.256
  28.619    1.902   12.792
  29.313    3.506   12.859
  36.289    1.753   10.449
  35.408    1.185    8.986
  35.680    0.588   10.161
  42.017   42.133   23.350
  41.133   42.941   23.973
  41.458   43.630   25.165
  40.541   44.467   25.811
  39.266   44.646   25.287
  42.901   41.325   22.727
  42.577   40.636   21.534
  39.510   45.803   25.433
  38.916   44.407   26.401
  38.193   44.805   24.859
  42.927   40.875   20.420
  42.333   39.478   21.389
  43.310   40.377   21.610
  12.809   37.706   27.952
  11.488   37.923   28.124
  10.515   37.336   27.279
   9.145   37.561   27.457
   8.698   38.381   28.486
  14.130   37.489   27.780
  15.103   38.075   28.625
   7.966   37.470   28.719
   8.058   38.896   27.623
   8.310   39.067   29.346
  15.743   37.561   29.488
  15.835   38.986   28.392
  15.591   37.684   28.157
  19.613   48.844    7.706
  19.472   48.802    9.048
  20.270   49.590    9.911
  20.124   49.547   11.302
  19.174   48.715   11.881
  19.754   48.885    6.364
  18.955   48.097    5.501
  18.869   49.697   12.483
  20.084   48.371   12.570
  18.380   48.020   12.380
  18.045   48.441    4.813
  19.260   47.115    4.899
  19.383   48.454    4.954
  35.123    8.032   15.396
  34.011    8.396   14.723
  34.045    8.742   13.351
  32.892    9.120   12.653
  31.664    9.165   13.301
  36.235    7.668   16.070
  36.201    7.321   17.442
  31.293    8.527   12.365
  31.589   10.247   12.807
  30.627    9.207   13.833
  36.276    6.239   17.936
  36.572    7.959   18.377
  36.967    7.219   17.325
  39.160   15.569   31.347
  37.974   15.744   31.969
  37.458   14.792   32.880
  36.229   14.973   33.525
  35.472   16.112   33.282
  40.345   15.395   30.725
  40.862   16.346   29.814
  35.422   16.174   34.471
  34.587   15.331   33.117
  34.827   17.064   33.087
  41.746   17.127   29.979
  40.912   16.284   28.625
  41.448   15.832   29.773
  29.975   43.224    8.759
  30.528   44.212    9.494
  31.898   44.206    9.850
  32.471   45.231   10.611
  31.696   46.299   11.045
  29.422   42.236    8.024
  28.052   42.242    7.668
  32.582   46.956   10.595
  32.186   46.057   12.103
  31.056   47.201   11.415
  27.562   42.484    6.609
  27.166   41.585    8.118
  28.249   41.571    7.320
  32.320    5.163    6.262
  31.802    4.639    5.131
  31.036    5.413    4.227
  30.499    4.869    3.054
  30.709    3.531    2.743
  32.838    5.688    7.393
  33.603    4.914    8.297
  31.030    3.963    1.680
  29.530    3.521    2.572
  30.877    2.410    2.470
  34.782    4.924    8.468
  33.283    4.482    9.360
  33.634    5.591    8.685
  36.909   48.221    3.337
  35.991   47.426    3.925
  34.601   47.646    3.775
  33.649   46.821    4.385
  34.052   45.746    5.167
  37.828   49.017    2.749
  39.217   48.796    2.899
  33.271   45.138    4.503
  33.283   46.199    5.957
  34.377   44.840    5.826
  39.986   48.343    2.109
  39.998   49.404    3.563
  39.259   49.426    2.439
   8.603   22.910   22.252
   9.568   21.998   22.496
  10.903   22.375   22.774
  11.904   21.430   23.028
  11.605   20.073   23.012
   7.638   23.822   22.007
   6.303   23.445   21.729
  12.175   20.068   24.059
  12.559   20.004   22.301
  11.368   18.931   23.002
   5.349   23.514   22.440
   5.733   23.450   20.683
   6.207   24.218   21.680
  37.356   46.064   21.784
  36.026   46.069   21.550
  35.253   44.885   21.591
  33.874   44.890   21.348
  33.219   46.080   21.055
  38.685   46.059   22.018
  39.459   47.244   21.976
  32.460   45.718   21.900
  32.768   45.456   20.146
  32.657   47.071   20.808
  39.910   47.867   22.886
  40.218   47.605   21.132
  40.035   46.747   22.152
   6.492   40.496   42.320
   5.240   39.997   42.380
   4.099   40.833   42.416
   2.800   40.315   42.478
   2.595   38.941   42.506
   7.745   40.996   42.260
   8.886   40.160   42.224
   1.816   39.171   41.635
   1.891   39.196   43.433
   2.409   37.790   42.529
   9.590   39.905   41.297
   9.666   39.929   43.095
   9.257   40.846   42.199
  24.289   27.524   30.597
  23.341   28.230   29.945
  22.442   29.086   30.625
  21.459   29.818   29.949
  21.339   29.720   28.568
  25.237   26.819   31.249
  26.136   25.963   30.569
  21.340   30.911   28.614
  20.186   29.543   28.811
  21.228   29.648   27.410
  27.289   26.140   30.326
  26.136   24.772   30.523
  26.402   25.842   31.294
  14.323   29.525    9.888
  14.192   28.183    9.822
  12.925   27.555    9.774
  12.789   26.163    9.706
  13.916   25.350    9.685
  14.454   30.867    9.953
  15.721   31.496   10.001
  13.373   24.845    8.752
  13.347   24.760   10.550
  14.853   24.656    9.666
  16.290   32.086    9.137
  16.264   32.001   10.934
  15.282   32.141   10.025
  46.373    8.221   13.930
  47.230    7.308   13.427
  48.589    7.258   13.818
  49.478    6.311   13.296
  49.040    5.379   12.364
  45.516    9.134   14.434
  44.157    9.184   14.042
  49.576    4.597   13.086
  50.001    5.731   11.753
  48.685    4.591   11.580
  43.196    8.832   14.652
  43.621    9.965   13.320
  44.144    9.781   14.546
  22.254   10.636   10.076
  20.916   10.807   10.124
  20.020    9.712   10.132
  18.632    9.889   10.181
  18.090   11.168   10.224
  23.592   10.465   10.029
  24.488   11.561   10.021
  17.462   10.730   11.137
  17.402   10.765    9.338
  17.623   12.235   10.260
  25.176   11.963   10.907
  25.117   11.998    9.108
  25.020   10.989    9.992
  23.845   27.551   23.419
  22.830   26.751   23.027
  23.053   25.443   22.537
  22.000   24.614   22.130
  20.688   25.064   22.200
  24.860   28.350   23.811
  24.638   29.658   24.302
  20.497   24.023   22.749
  20.631   24.673   21.076
  19.581   25.429   22.254
  24.694   30.049   25.426
  24.828   30.699   23.753
  25.416   29.653   24.362
  11.151   18.225   27.650
  12.288   17.521   27.468
  12.752   17.166   26.179
  13.931   16.435   25.990
  14.689   16.034   27.083
  10.014   18.930   27.833
   9.550   19.285   29.122
  15.593   16.504   26.464
  14.656   14.969   26.550
  15.335   15.691   27.992
   9.583   20.350   29.654
   8.647   18.816   29.741
   8.975   19.613   28.708
   3.113   26.397    2.009
   4.029   25.478    2.383
   3.656   24.212    2.893
   4.606   23.259    3.280
   5.963   23.539    3.172
   2.196   27.315    1.635
   2.569   28.582    1.126
   6.005   22.479    2.629
   5.999   23.153    4.299
   7.104   23.761    3.087
   2.532   28.968   -0.001
   2.526   29.642    1.668
   1.795   28.675    1.085
   5.574   38.148   37.716
   4.706   37.215   38.161
   3.516   37.562   38.844
   2.615   36.594   39.304
   2.872   35.245   39.099
   6.443   39.081   37.272
   7.633   38.733   36.589
   1.752   35.227   38.694
   2.631   35.155   40.262
   3.076   34.108   38.933
   7.873   38.823   35.426
   8.753   38.752   36.994
   7.724   39.509   36.573
  39.918   34.339   35.025
  40.691   33.242   34.880
  41.946   33.289   34.228
  42.747   32.151   34.078
  42.322   30.925   34.574
  39.146   35.437   35.170
  37.891   35.390   35.822
  43.411   30.889   35.057
  42.608   30.532   33.486
  41.977   29.890   34.986
  37.605   35.783   36.910
  36.802   35.425   35.339
  37.892   36.151   35.648
  37.673   15.390   23.887
  37.366   14.083   24.031
  38.360   13.077   24.060
  38.041   11.722   24.209
  36.716   11.325   24.335
  37.981   16.696   23.743
  36.986   17.702   23.714
  37.124   10.712   25.272
  37.005   10.543   23.484
  35.608   10.978   24.442
  36.697   18.484   24.565
  36.578   18.315   22.777
  37.609   18.166   23.628
  32.413   42.755   27.603
  33.119   42.156   26.620
  34.463   41.753   26.801
  35.195   41.132   25.782
  34.609   40.892   24.545
  31.708   43.354   28.585
  30.363   43.758   28.404
  35.039   39.792   24.700
  35.600   41.401   24.123
  34.130   40.685   23.503
  29.372   43.248   28.827
  29.934   44.858   28.249
  30.446   43.994   29.144
  43.162   48.290   40.255
  44.423   48.272   40.736
  45.476   47.616   40.055
  46.784   47.597   40.554
  47.086   48.232   41.752
  41.901   48.309   39.774
  40.848   48.964   40.455
  47.975   48.714   41.122
  47.611   47.197   42.019
  47.353   48.762   42.756
  40.323   50.000   40.188
  39.958   48.483   41.085
  40.434   48.704   39.846
  23.528   12.340   35.371
  24.774   12.777   35.654
  25.888   11.905   35.673
  27.180   12.358   35.966
  27.403   13.700   36.250
  22.282   11.903   35.089
  21.168   12.775   35.069
  28.275   13.591   35.445
  27.991   13.268   37.193
  27.605   14.823   36.490
  20.580   13.207   34.126
  20.297   12.884   35.875
  20.790   12.117   34.886
  26.519    4.205   45.214
  27.447    3.313   44.808
  28.155    2.497   45.723
  29.117    1.572   45.302
  29.407    1.430   43.950
  25.591    5.097   45.621
  24.884    5.913   44.706
  29.262    0.269   44.175
  30.537    1.532   44.315
  29.660    1.300   42.819
  23.754    5.811   44.341
  25.029    7.074   44.482
  24.551    6.176   45.362
  24.429   42.343   26.417
  24.137   43.079   25.324
  23.149   44.092   25.344
  22.845   44.855   24.210
  23.519   44.632   23.016
  24.722   41.607   27.511
  25.710   40.595   27.491
  23.668   45.814   23.031
  22.422   44.607   22.552
  24.077   44.456   22.007
  26.808   40.619   27.955
  25.561   39.412   27.476
  25.496   40.519   28.238
  19.916    1.638   12.415
  21.101    1.993   12.955
  22.334    1.613   12.374
  23.563    1.981   12.934
  23.603    2.743   14.095
  18.730    1.283   11.875
  17.497    1.663   12.456
  24.369    3.413   13.475
  24.370    1.908   14.462
  23.651    3.383   15.070
  16.731    2.499   12.089
  16.732    0.994   13.077
  17.210    1.265   11.849
  14.329   38.512   20.900
  13.418   37.607   21.318
  12.441   37.922   22.292
  11.497   36.984   22.725
  11.496   35.698   22.201
  15.240   39.416   20.482
  16.217   39.101   19.508
  10.332   35.902   22.045
  11.457   35.370   23.346
  11.484   34.614   21.768
  16.256   39.429   18.362
  17.381   38.897   19.663
  16.426   39.844   19.631
  23.615   32.529   30.277
  23.933   32.622   28.969
  22.990   33.026   27.994
  23.320   33.122   26.637
  24.606   32.818   26.206
  23.296   32.436   31.586
  24.239   32.033   32.560
  24.524   33.864   25.641
  24.037   32.148   25.401
  25.681   32.566   25.831
  24.808   32.703   33.365
  24.322   30.987   33.125
  23.631   32.138   33.039
  38.605   38.999   12.874
  39.440   39.701   13.670
  40.108   39.105   14.766
  40.975   39.833   15.591
  41.204   41.182   15.349
  37.770   38.298   12.079
  37.102   38.893   10.982
  42.350   40.869   15.439
  40.970   41.296   16.512
  41.405   42.314   15.157
  37.336   38.779    9.819
  35.955   39.206   10.893
  36.816   38.171   10.901
  31.560   37.241   38.201
  31.599   38.589   38.132
  30.423   39.367   38.008
  30.463   40.765   37.936
  31.679   41.434   37.987
  31.522   35.894   38.269
  32.698   35.115   38.394
  31.134   42.093   38.817
  31.261   41.998   37.024
  32.693   42.009   38.029
  33.116   34.552   39.357
  33.243   34.457   37.564
  32.182   34.529   38.389
   6.668    6.202    6.120
   7.552    6.778    5.279
   7.205    7.884    4.467
   8.122    8.482    3.595
   9.419    7.994    3.502
   5.784    5.626    6.962
   6.131    4.520    7.773
   9.720    9.139    3.639
   9.205    8.017    2.330
  10.512    7.595    3.414
   6.345    4.497    8.945
   5.830    3.375    7.635
   5.389    4.591    8.004
  41.661    9.416   21.443
  41.013    9.066   20.311
  39.809    8.324   20.335
  39.137    7.961   19.162
  39.645    8.329   17.922
  42.309    9.765   22.575
  43.513   10.507   22.551
  38.534    8.711   17.724
  39.477    7.179   17.658
  40.061    8.630   16.875
  43.682   11.657   22.815
  44.624   10.125   22.748
  43.449   10.434   23.326
  40.129   25.582   23.387
  39.752   24.440   22.773
  39.945   24.235   21.387
  39.554   23.050   20.750
  38.956   22.029   21.478
  40.506   26.724   24.001
  40.312   26.929   25.387
  39.766   21.344   20.935
  38.147   22.057   20.604
  38.453   21.164   22.077
  41.122   26.901   26.261
  39.503   27.614   25.930
  40.648   27.615   25.224
   3.442   35.229   16.780
   3.651   34.364   15.765
   4.819   34.411   14.967
   5.035   33.513   13.915
   4.091   32.537   13.622
   3.233   36.094   17.795
   2.065   36.047   18.592
   5.033   31.806   13.641
   4.212   32.938   12.507
   3.308   31.712   13.366
   1.944   35.646   19.708
   1.124   36.778   18.574
   2.411   36.652   18.946
  46.031   20.896   37.590
  46.608   21.941   36.960
  46.378   22.211   35.590
  46.977   23.294   34.936
  47.827   24.147   35.630
  45.453   19.851   38.220
  45.683   19.581   39.590
  47.153   25.002   35.145
  48.555   23.962   34.705
  48.542   24.870   36.200
  44.955   19.765   40.515
  46.357   18.726   40.075
  45.197   18.987   39.445
  14.882    9.385   42.280
  14.524   10.150   41.226
  14.345   11.549   41.341
  13.974   12.342   40.248
  13.769   11.764   39.002
  15.240    8.621   43.333
  15.419    7.222   43.218
  14.486   12.637   38.623
  12.750   12.382   39.027
  13.593   11.292   37.950
  16.437    6.604   43.193
  14.702    6.348   43.597
  15.586    7.288   43.978
  40.850   17.612   26.657
  42.089   17.105   26.827
  43.254   17.875   26.596
  44.539   17.349   26.773
  44.706   16.033   27.187
  39.611   18.120   26.487
  38.447   17.349   26.717
  45.447   16.515   27.986
  45.463   15.977   26.268
  44.860   14.930   27.534
  37.690   17.406   27.636
  37.705   16.867   25.918
  38.094   18.014   26.506
   9.248   22.486    4.488
   8.585   22.133    3.366
   8.781   20.878    2.743
   8.093   20.512    1.580
   7.185   21.387    0.998
   9.911   22.839    5.610
   9.715   24.094    6.234
   6.466   20.437    1.000
   7.785   21.141   -0.001
   6.420   22.113    0.500
   9.114   24.340    7.233
  10.434   25.044    6.232
  10.245   23.809    6.732
  40.630   13.200   22.526
  40.474   12.311   23.530
  41.559   11.565   24.047
  41.397   10.643   25.088
  40.144   10.434   25.649
  40.786   14.089   21.522
  39.700   14.835   21.005
  40.723   10.584   26.679
  40.402    9.283   25.477
  39.097   10.249   26.129
  39.442   15.985   21.177
  39.121   14.684   19.975
  40.258   15.125   20.542
  34.083   18.052   46.335
  34.343   18.160   45.015
  35.628   18.502   44.530
  35.898   18.614   43.160
  34.893   18.389   42.228
  33.822   17.943   47.656
  32.538   17.601   48.141
  35.705   17.682   41.717
  35.262   19.426   41.772
  34.059   18.202   41.435
  32.169   16.564   48.597
  31.726   18.308   48.652
  32.897   17.671   48.831
  26.395   24.883   11.026
  26.349   23.535   11.058
  25.246   22.810   10.546
  25.198   21.411   10.579
  26.251   20.687   11.124
  26.441   26.232   10.995
  27.543   26.957   11.507
  26.178   20.065   10.110
  25.386   20.130   11.725
  27.128   20.067   11.579
  28.409   27.514   10.906
  27.616   27.579   12.521
  27.115   27.567   11.272
   4.193   38.311   12.107
   4.887   38.137   10.963
   5.237   36.851   10.486
   5.957   36.671    9.299
   6.354   37.770    8.547
   3.498   38.485   13.252
   3.149   39.770   13.729
   5.876   37.159    7.642
   7.418   37.235    8.566
   6.693   38.683    7.906
   2.084   40.305   13.709
   3.626   40.381   14.634
   2.825   39.352   14.304
  13.112    2.148   35.388
  13.087    2.577   34.108
  11.933    3.162   33.535
  11.908    3.607   32.208
  13.035    3.481   31.406
  13.137    1.720   36.668
  14.291    1.134   37.241
  12.829    4.629   31.161
  12.269    3.004   30.628
  13.974    3.382   30.722
  15.057    1.612   38.019
  14.497   -0.014   37.485
  13.827    1.089   37.867
  46.283   34.471   14.197
  45.734   33.435   14.866
  45.381   32.227   14.219
  44.811   31.152   14.913
  44.574   31.248   16.279
  46.833   35.506   13.528
  47.186   36.714   14.175
  45.131   30.195   16.317
  43.489   30.853   15.986
  44.370   31.315   17.425
  48.271   37.110   14.467
  46.629   37.767   14.136
  47.410   36.911   13.453
   3.492   37.521    6.537
   3.713   38.775    6.089
   2.739   39.491    5.352
   2.968   40.791    4.887
   4.179   41.423    5.142
   3.271   36.267    6.986
   4.245   35.552    7.722
   3.485   42.321    5.505
   4.154   41.655    3.973
   5.191   41.964    5.348
   4.269   35.320    8.891
   4.939   34.654    7.358
   3.690   35.003    7.719
   3.751   15.419   47.557
   2.904   16.449   47.766
   3.319   17.797   47.653
   2.441   18.865   47.870
   1.115   18.624   48.207
   4.598   14.389   47.348
   4.183   13.041   47.460
   0.887   19.400   47.332
   1.328   19.409   49.077
  -0.001   18.435   48.491
   3.969   12.256   46.590
   4.411   12.265   48.335
   4.929   12.907   47.272
  42.601   25.204   29.214
  42.473   26.345   29.925
  41.221   26.783   30.419
  41.088   27.966   31.156
  42.201   28.752   31.426
  42.730   24.064   28.503
  43.982   23.625   28.009
  41.792   28.719   32.544
  41.512   29.637   31.021
  43.127   29.422   31.659
  44.671   22.741   28.413
  44.391   23.659   26.890
  43.547   23.037   27.735
  18.395   19.368   33.235
  17.090   19.568   32.953
  16.570   20.856   32.686
  15.216   21.064   32.394
  14.335   19.991   32.359
  19.700   19.167   33.517
  20.221   17.879   33.784
  14.012   20.457   31.311
  13.669   20.683   33.063
  13.585   19.099   32.326
  20.887   17.187   33.080
  20.544   17.412   34.832
  20.886   18.281   33.863
  18.610   22.344   13.337
  19.300   22.467   14.491
  19.291   23.664   15.246
  20.006   23.791   16.443
  20.755   22.726   16.928
  17.921   22.222   12.183
  17.929   21.025   11.428
  20.182   22.956   17.947
  21.614   23.545   17.029
  21.388   21.840   17.346
  17.070   20.206   11.326
  18.502   20.795   10.408
  17.460   21.441   10.962
  16.687   10.891   39.175
  15.932    9.842   39.564
  16.400    8.887   40.498
  15.617    7.799   40.902
  14.338    7.627   40.386
  17.442   11.941   38.786
  16.975   12.895   37.852
  14.034    7.499   41.532
  14.710    6.513   40.185
  13.263    7.471   39.962
  16.603   14.010   38.053
  17.279   13.024   36.707
  17.680   13.207   37.978
   9.410   12.295   30.568
  10.266   11.416   30.005
   9.842   10.466   29.046
  10.730    9.554   28.462
  12.073    9.561   28.817
   8.553   13.174   31.131
   8.977   14.125   32.089
  12.250    9.566   27.638
  11.908    8.389   28.956
  13.203    9.555   29.105
   9.142   15.297   31.950
   8.800   14.120   33.268
   8.222   14.323   32.070
  43.192   45.118    8.564
  44.286   44.832    9.301
  44.299   44.970   10.710
  45.433   44.673   11.474
  46.596   44.229   10.858
  42.098   45.404    7.826
  42.086   45.266    6.418
  46.554   43.374   11.688
  47.114   45.076   11.516
  47.579   43.854   10.354
  41.568   44.418    5.760
  42.128   46.120    5.589
  41.352   45.517    6.506
  43.836   20.509    5.265
  42.697   19.909    4.860
  41.420   20.439    5.166
  40.239   19.817    4.746
  40.291   18.643    4.005
  44.976   21.109    5.670
  46.252   20.579    5.364
  39.534   19.216    3.285
  39.499   18.255    4.807
  40.320   17.657    3.382
  47.043   20.967    4.562
  47.009   20.005    6.084
  46.490   21.205    5.765
  26.486   33.781   27.962
  26.782   32.474   28.121
  28.112   32.020   28.282
  28.419   30.664   28.447
  27.406   29.714   28.456
  26.190   35.089   27.803
  24.859   35.543   27.642
  27.947   29.337   29.449
  28.101   29.155   27.665
  26.566   28.905   28.466
  24.165   36.101   28.433
  24.319   35.919   26.649
  25.213   36.237   27.601
  34.401   36.605    2.000
  35.515   37.351    2.161
  36.800   36.767    2.267
  37.955   37.541    2.434
  37.866   38.925    2.502
  33.288   35.859    1.839
  32.003   36.442    1.733
  38.734   38.891    1.686
  38.542   38.791    3.473
  37.806   40.089    2.560
  31.326   36.576    0.761
  31.134   36.477    2.548
  31.786   35.695    1.668
   3.361   36.069   28.633
   2.663   34.913   28.608
   1.810   34.529   29.670
   1.087   33.331   29.645
   1.191   32.473   28.557
   4.058   37.224   28.657
   4.911   37.608   27.595
   0.000   32.490   28.595
   1.374   31.644   29.393
   1.269   31.744   27.650
   4.728   38.437   26.759
   6.102   37.591   27.557
   5.027   38.229   28.054
   7.355   43.807   17.693
   7.928   44.265   16.559
   8.402   45.593   16.442
   8.996   46.067   15.267
   9.138   45.231   14.167
   6.782   43.350   18.826
   6.308   42.021   18.944
  10.264   45.620   14.179
   8.651   46.143   13.574
   9.263   44.539   13.236
   6.795   41.109   19.536
   5.182   41.632   18.932
   6.118   42.266   19.661
  30.846    5.534   19.265
  29.687    5.642   18.581
  29.320    6.833   17.911
  28.118    6.946   17.202
  27.241    5.871   17.137
  32.005    5.425   19.949
  32.372    4.234   20.618
  27.253    6.099   15.968
  26.429    6.682   17.458
  26.495    4.976   17.075
  33.184    3.423   20.298
  32.360    4.006   21.788
  33.003    4.657   20.801
  41.466   45.833   20.753
  40.749   45.171   19.820
  39.538   45.686   19.299
  38.795   44.999   18.332
  39.236   43.773   17.850
  42.182   46.495   21.686
  43.393   45.980   22.206
  39.037   44.267   16.784
  38.120   43.426   18.085
  39.595   42.743   17.438
  44.509   46.327   21.971
  43.592   45.486   23.272
  43.373   46.642   22.620
   8.831   42.658   38.110
   8.845   43.039   36.815
   8.816   42.100   35.757
   8.831   42.496   34.414
   8.876   43.844   34.082
   8.817   42.277   39.405
   8.845   43.215   40.464
   7.967   43.563   33.363
   9.766   43.505   33.366
   8.913   44.972   33.789
   7.955   43.555   41.179
   9.754   43.496   41.182
   8.824   42.567   40.898
  14.007   32.318    6.846
  15.260   32.602    7.263
  15.808   33.902    7.156
  17.107   34.197    7.588
  17.903   33.203    8.142
  12.755   32.033    6.430
  12.206   30.733    6.537
  18.081   34.006    9.004
  18.716   33.604    7.368
  18.583   32.377    8.608
  11.394   30.332    7.310
  12.029   29.930    5.675
  11.588   31.083    6.211
   1.920   11.721   15.975
   2.700   11.787   14.876
   2.799   12.963   14.096
   3.609   13.032   12.955
   4.348   11.926   12.554
   1.139   11.655   17.075
   1.040   10.478   17.855
   5.245   12.708   12.502
   3.865   12.152   11.489
   4.974   11.005   12.207
   1.523   10.251   18.920
   0.143    9.696   17.907
   0.554   10.924   18.273
   6.844    3.858   35.806
   6.399    5.017   36.336
   6.354    6.216   35.587
   5.892    7.418   36.137
   5.458    7.463   37.456
   7.290    2.699   35.275
   7.335    1.500   36.024
   4.509    8.011   36.988
   6.180    8.408   37.525
   5.091    7.515   38.561
   6.612    0.554   35.956
   8.284    0.952   36.492
   7.617    1.216   35.354
  14.269   42.095   27.301
  13.613   42.112   26.121
  14.280   41.913   24.890
  13.601   41.931   23.666
  12.229   42.149   23.630
  14.924   42.077   28.481
  14.257   42.277   29.713
  12.225   41.183   22.932
  12.510   42.956   22.800
  11.078   42.331   23.586
  13.976   41.470   30.544
  14.261   43.242   30.412
  14.978   42.182   29.997
  25.713   45.368   15.247
  24.488   45.914   15.400
  24.300   47.310   15.530
  23.029   47.877   15.689
  21.901   47.067   15.722
  26.938   44.822   15.094
  27.126   43.425   14.964
  21.483   47.838   14.915
  21.641   47.692   16.703
  20.946   46.398   15.752
  27.386   42.800   13.983
  27.544   42.654   15.770
  27.876   43.638   14.915
   8.603   23.485   31.355
   8.783   22.862   32.539
   9.871   21.987   32.768
  10.058   21.341   33.997
   9.164   21.548   35.039
   8.423   24.107   30.171
   7.335   24.983   29.942
  10.152   21.743   35.676
   9.159   20.358   35.098
   8.421   21.712   35.923
   7.340   26.173   29.883
   6.346   24.787   29.305
   7.666   25.039   29.237
  30.875   41.340    9.457
  30.623   40.449    8.475
  31.624   40.034    7.565
  31.364   39.109    6.546
  30.093   38.567    6.402
  31.126   42.232   10.439
  30.125   42.647   11.350
  30.682   37.531    6.367
  30.232   38.877    5.260
  29.031   38.103    6.269
  29.986   42.336   12.492
  29.536   43.683   11.385
  30.711   43.077   11.634
   4.533   19.339   10.834
   4.760   18.036   11.106
   6.002   17.580   11.605
   6.238   16.229   11.888
   5.238   15.286   11.680
   4.306   20.642   10.562
   3.063   21.098   10.062
   5.512   14.943   12.788
   6.097   14.694   11.104
   4.409   14.485   11.510
   2.204   21.691   10.638
   2.790   21.441    8.954
   3.428   21.789   10.086
   8.510   13.969   15.101
   9.703   13.357   15.260
  10.922   13.989   14.917
  12.159   13.355   15.082
  12.221   12.065   15.596
   7.317   14.581   14.942
   6.099   13.949   15.285
  13.044   12.533   16.320
  12.922   11.864   14.653
  12.288   10.983   16.025
   5.397   14.151   16.227
   5.276   13.481   14.560
   5.800   14.626   15.034
  15.940   38.562   14.492
  16.507   39.315   15.459
  16.341   40.719   15.510
  16.929   41.500   16.512
  17.703   40.904   17.500
  15.373   37.810   13.526
  15.538   36.405   13.475
  17.022   41.545   18.239
  18.488   41.754   17.216
  18.356   40.416   18.335
  14.753   35.555   13.759
  16.219   35.764   12.736
  15.086   36.482   12.843
   4.524   26.599   36.428
   5.774   27.036   36.163
   6.214   28.325   36.546
   7.510   28.779   36.271
   8.412   27.959   35.604
   3.275   26.162   36.693
   2.835   24.872   36.310
   9.144   28.259   36.495
   8.579   28.920   34.919
   9.179   27.281   35.045
   2.668   23.912   36.995
   2.102   24.572   35.419
   2.173   25.114   36.649
  24.959   46.732   17.734
  24.870   45.405   17.505
  25.659   44.467   18.214
  25.567   43.091   17.977
  24.683   42.602   17.022
  25.047   48.060   17.963
  24.259   48.997   17.255
  24.351   41.864   17.896
  25.634   41.994   16.641
  23.946   42.179   16.224
  23.308   49.605   17.636
  24.591   49.736   16.380
  24.647   49.504   17.704
  21.624   14.615   26.846
  22.722   15.357   26.588
  22.667   16.768   26.492
  23.806   17.537   26.224
  25.039   16.924   26.041
  20.526   13.872   27.105
  20.580   12.461   27.200
  25.413   17.735   26.829
  25.086   17.604   25.064
  26.080   16.422   25.886
  20.533   11.781   28.178
  20.206   11.650   26.412
  19.816   12.548   27.336
   6.111    9.683   33.350
   7.357   10.192   33.252
   8.506    9.366   33.234
   9.798    9.894   33.132
   9.989   11.267   33.046
   4.864    9.174   33.447
   3.716   10.000   33.466
  10.682   10.982   32.120
  10.783   11.081   33.915
  10.163   12.418   32.973
   2.922   10.187   32.597
   3.022   10.286   34.391
   3.352    9.312   33.524
  24.714   30.437   40.780
  26.047   30.479   40.988
  26.818   29.303   41.144
  28.201   29.345   41.360
  28.861   30.566   41.427
  23.380   30.396   40.571
  22.609   31.572   40.415
  29.606   30.058   40.648
  29.327   30.111   42.425
  29.428   31.583   41.486
  22.143   32.027   39.417
  21.864   32.080   41.195
  22.029   31.054   40.340
  38.983   26.686   15.750
  38.747   26.622   17.078
  38.318   27.750   17.817
  38.073   27.684   19.194
  38.248   26.489   19.881
  39.220   26.749   14.422
  39.649   25.621   13.683
  37.161   26.726   20.308
  38.876   27.165   20.635
  38.391   25.493   20.469
  39.021   24.945   12.929
  40.736   25.384   13.255
  39.630   26.134   13.094
   7.653   48.004    7.954
   6.307   48.099    7.921
   5.564   47.830    6.747
   4.168   47.928    6.714
   3.464   48.299    7.853
   8.999   47.910    7.986
   9.742   48.179    9.160
   2.802   47.342    7.597
   2.935   49.072    7.117
   2.862   48.609    8.802
  10.271   47.406    9.896
  10.405   49.135    9.416
  10.342   48.003    8.693
  43.534   12.232   15.824
  43.976   13.476   15.543
  45.349   13.758   15.345
  45.807   15.048   15.053
  44.909   16.103   14.948
  43.093   10.988   16.106
  41.720   10.706   16.304
  45.482   16.319   13.926
  45.667   16.651   15.686
  44.166   16.997   14.858
  40.961   10.158   15.567
  41.147   10.490   17.326
  41.993    9.982   16.412
  34.186   34.018   18.493
  35.176   33.521   19.264
  35.959   32.414   18.859
  36.986   31.899   19.659
  37.267   32.472   20.893
  33.196   34.515   17.722
  32.413   35.622   18.127
  38.390   32.464   20.496
  37.217   31.347   21.282
  37.513   32.944   21.931
  32.462   36.747   17.738
  31.290   35.630   18.524
  32.070   35.496   17.436
  49.642   11.591   29.782
  49.279   10.406   29.248
  50.000    9.216   29.505
  49.623    7.986   28.951
  48.513    7.903   28.121
  50.004   12.777   30.316
  49.283   13.967   30.059
  48.213    6.992   28.829
  49.258    7.316   27.399
  47.583    7.819   27.422
  48.538   14.554   30.781
  49.583   14.878   29.351
  49.829   14.273   30.527
  46.435   46.185    3.501
  45.517   45.624    2.685
  45.790   45.351    1.324
  44.838   44.769    0.478
  43.579   44.439    0.964
  47.352   46.747    4.316
  47.079   47.019    5.677
  43.798   43.388    0.447
  43.196   45.024   -0.001
  42.518   44.157    1.358
  47.462   46.435    6.643
  46.860   48.071    6.194
  47.814   47.285    5.661
   7.982   31.734   24.504
   8.838   30.692   24.577
   8.387   29.351   24.596
   9.274   28.271   24.671
  10.644   28.493   24.731
   7.126   32.776   24.431
   7.577   34.117   24.412
  10.682   27.686   23.856
  10.595   27.740   25.653
  11.796   28.666   24.782
   7.627   34.870   23.491
   7.539   34.925   25.288
   6.811   34.262   24.371
  22.387    5.788   26.155
  21.244    6.211   25.573
  20.756    7.528   25.749
  19.572    7.967   25.145
  18.833    7.105   24.344
  23.529    5.365   26.737
  24.017    4.049   26.561
  18.854    8.013   23.572
  17.919    7.474   25.014
  18.204    6.391   23.669
  24.931    3.680   25.892
  23.997    3.141   27.333
  24.586    4.311   27.028
   3.268   38.506   20.159
   4.422   37.913   19.787
   5.672   38.566   19.902
   6.869   37.950   19.516
   6.858   36.660   19.001
   2.114   39.100   20.531
   0.864   38.447   20.416
   7.722   36.473   19.800
   7.528   37.138   18.139
   6.864   35.578   18.567
   0.194   37.969   21.278
  -0.000   38.634   19.617
   0.604   39.120   20.716
   1.447   47.043   43.121
   1.206   45.723   42.974
   1.575   45.019   41.803
   1.326   43.650   41.651
   0.698   42.936   42.665
   1.687   48.363   43.268
   1.319   49.067   44.439
   1.602   42.175   42.510
  -0.001   42.548   41.781
   0.173   42.324   43.507
   2.018   49.455   45.322
   0.415   49.828   44.593
   1.635   49.666   44.050
   5.057   48.951   40.147
   4.442   48.210   39.201
   3.160   48.542   38.704
   2.522   47.773   37.723
   3.144   46.644   37.205
   5.672   49.693   41.093
   6.955   49.360   41.590
   2.858   47.128   36.154
   2.099   46.121   37.438
   3.654   45.694   36.762
   8.000   49.883   41.357
   7.240   48.876   42.641
   6.836   50.000   42.022
  32.273   29.973   31.784
  33.444   29.324   31.606
  33.623   27.978   32.004
  34.837   27.305   31.819
  35.915   27.955   31.230
  31.103   30.621   31.962
  30.923   31.968   31.565
  35.962   26.979   30.547
  36.515   27.532   32.169
  36.827   28.488   30.737
  30.323   32.390   30.626
  30.876   32.943   32.247
  30.207   31.845   31.851
  10.860   15.284   29.306
  10.876   15.642   28.004
   9.864   16.454   27.438
   9.881   16.825   26.088
  10.909   16.399   25.257
  10.845   14.926   30.607
  11.856   14.114   31.174
  10.965   17.549   24.952
  10.017   16.077   24.535
  11.766   16.048   24.548
  12.748   14.436   31.896
  11.800   12.964   31.479
  11.424   14.210   31.818
  35.350   24.052   20.055
  35.046   22.816   20.505
  35.886   22.117   21.404
  35.571   20.836   21.871
  34.404   20.207   21.456
  35.654   25.287   19.604
  34.813   25.986   18.706
  34.247   20.015   22.622
  35.131   19.291   21.231
  33.427   19.668   21.116
  34.085   26.902   18.930
  34.970   26.178   17.540
  35.369   26.530   18.776
  11.307    6.956   35.702
  10.423    6.775   36.706
   9.435    5.763   36.662
   8.519    5.575   37.704
   8.558    6.392   38.827
  12.191    7.137   34.697
  13.179    8.149   34.741
   8.527    5.359   39.420
   7.389    6.506   38.626
   8.580    7.071   39.775
  14.348    8.035   34.943
  13.210    9.182   34.149
  13.364    7.850   34.044
  21.160    7.427   43.198
  21.890    8.411   42.632
  22.175    8.431   41.246
  22.932    9.451   40.658
  23.431   10.489   41.435
  20.430    6.443   43.765
  20.146    6.423   45.151
  22.953   11.179   40.590
  24.457   10.234   40.885
  23.856   11.365   42.076
  19.120    6.678   45.702
  20.623    5.733   45.997
  19.771    5.766   44.957
  14.818   31.201   13.156
  13.996   31.141   12.087
  13.569   32.303   11.402
  12.717   32.240   10.293
  12.261   31.013    9.829
  15.640   31.262   14.226
  16.067   30.100   14.911
  12.622   31.425    8.771
  11.195   31.543    9.861
  11.872   29.989    9.430
  17.133   29.569   14.879
  15.706   29.687   15.969
  16.444   30.625   15.348
  36.730   42.409    7.215
  35.432   42.653    6.934
  34.502   41.608    6.717
  33.157   41.861    6.426
  32.693   43.168    6.340
  38.028   42.165    7.496
  38.957   43.209    7.713
  31.836   42.774    7.069
  32.222   42.796    5.311
  32.290   44.260    6.266
  39.429   43.581    8.742
  39.814   43.603    6.984
  39.447   42.609    7.813
  43.027   25.677   11.023
  43.883   26.635   11.438
  45.118   26.870   10.788
  46.005   27.863   11.219
  45.689   28.658   12.313
  42.171   24.719   10.608
  40.936   24.485   11.257
  45.987   29.553   11.585
  46.786   28.366   12.677
  45.437   29.332   13.231
  39.839   24.776   10.894
  40.638   23.589   11.986
  40.872   23.935   10.707
  32.164   17.574   33.897
  31.976   18.424   32.864
  31.297   18.034   31.686
  31.103   18.915   30.615
  31.581   20.217   30.685
  32.351   16.724   34.929
  33.030   17.115   36.108
  30.478   20.502   30.335
  32.038   19.969   29.613
  31.977   21.313   30.731
  32.573   17.363   37.180
  34.133   16.829   36.457
  32.874   16.378   36.314
  28.233   18.601   26.418
  29.261   17.951   27.004
  29.672   16.664   26.584
  30.738   15.990   27.192
  31.432   16.580   28.241
  27.204   19.250   25.832
  26.794   20.538   26.252
  32.393   16.279   27.603
  31.252   15.532   28.778
  32.023   17.064   29.122
  26.974   21.586   25.715
  25.833   20.839   26.889
  26.270   20.440   25.681
  11.247   25.965   17.036
  11.434   26.445   18.284
  12.226   25.763   19.238
  12.420   26.260   20.532
  11.830   27.457   20.918
  11.059   25.486   15.788
  10.268   26.168   14.833
  12.927   27.724   21.300
  11.473   26.826   21.863
  11.341   28.461   21.255
  10.626   26.799   13.888
   9.171   25.901   14.451
  10.471   25.560   14.387
  48.456   49.450    6.818
  48.628   49.321    5.485
  47.604   49.640    4.562
  47.782   49.507    3.180
  48.991   49.048    2.671
  48.284   49.579    8.150
  49.308   49.260    9.073
  48.903   50.001    1.960
  48.298   48.308    2.046
  50.000   48.665    2.231
  50.001   50.001    9.698
  49.396   48.308    9.784
  48.765   49.481    9.589
  21.439   27.166   44.546
  21.521   26.834   43.240
  20.370   26.583   42.456
  20.456   26.239   41.101
  21.695   26.135   40.482
  21.357   27.497   45.852
  22.508   27.749   46.636
  21.195   26.830   39.654
  21.271   25.088   40.101
  22.729   26.044   39.950
  22.931   28.795   47.017
  23.008   27.053   47.464
  21.972   27.868   47.192
   6.223    7.462   29.414
   5.789    7.105   30.641
   5.222    5.833   30.895
   4.771    5.463   32.168
   4.871    6.350   33.232
   6.658    7.820   28.187
   7.224    9.092   27.933
   5.359    5.419   33.794
   3.726    6.069   33.405
   4.949    7.086   34.134
   8.369    9.372   27.760
   6.736   10.022   27.372
   7.282    8.803   27.209
  25.142   15.350   34.782
  26.314   15.969   34.526
  27.494   15.248   34.227
  28.709   15.890   33.961
  28.788   17.277   33.985
  23.970   14.731   35.038
  22.790   15.452   35.337
  29.323   17.135   32.930
  29.734   17.082   34.682
  28.868   18.440   34.001
  21.843   15.648   34.640
  22.254   15.595   36.392
  22.489   14.733   35.386
  27.997   24.837   12.533
  26.873   25.274   13.138
  26.756   25.342   14.546
  25.590   25.795   15.174
  24.498   26.198   14.415
  29.122   24.400   11.928
  29.238   24.332   10.519
  24.530   27.160   15.117
  23.891   25.478   15.145
  23.574   26.538   13.790
  29.846   25.052    9.789
  29.207   23.370    9.817
  29.950   24.065   10.697
   5.860   32.564   30.343
   4.759   32.888   31.052
   3.464   32.477   30.657
   2.321   32.814   31.392
   2.433   33.573   32.550
   6.962   32.240   29.633
   8.257   32.651   30.029
   1.749   32.719   33.021
   1.568   34.224   32.051
   2.512   34.210   33.524
   9.122   32.000   30.528
   8.941   33.505   29.558
   8.462   32.260   29.385
  27.909   36.009   14.180
  26.768   35.500   14.691
  26.765   34.364   15.535
  25.581   33.836   16.065
  24.358   34.426   15.770
  29.050   36.517   13.669
  29.053   37.654   12.825
  24.198   34.378   16.950
  24.030   33.310   15.511
  23.325   34.911   15.531
  29.381   38.769   13.084
  29.213   37.701   11.645
  29.823   37.524   12.831
  47.872   12.119   36.276
  47.731   10.790   36.083
  48.773    9.877   36.369
  48.627    8.499   36.170
  47.434    7.985   35.677
  48.013   13.448   36.468
  46.971   14.362   36.182
  47.530    7.232   36.596
  48.147    7.411   34.914
  46.438    7.541   35.264
  46.258   14.936   36.945
  46.875   15.115   35.264
  47.500   14.879   36.432
   3.286   10.519   20.798
   3.524    9.495   21.645
   3.512    8.147   21.215
   3.759    7.085   22.093
   4.026    7.334   23.434
   3.049   11.543   19.951
   3.060   12.891   20.382
   4.951    6.605   23.250
   3.192    6.503   23.619
   4.251    7.528   24.562
   3.894   13.722   20.196
   2.135   13.619   20.565
   2.895   13.021   19.630
  46.248   17.824   35.887
  45.023   17.384   35.528
  43.877   18.209   35.606
  42.607   17.753   35.233
  42.439   16.454   34.768
  47.472   18.264   36.247
  48.619   17.438   36.169
  41.846   16.987   33.882
  41.554   16.422   35.566
  42.283   15.367   34.376
  49.503   17.471   35.371
  49.212   16.906   37.055
  48.969   18.080   36.445
  41.082   14.649    3.439
  41.393   15.252    4.605
  41.770   16.615    4.667
  42.093   17.241    5.877
  42.050   16.527    7.068
  40.771   14.045    2.272
  40.394   12.682    2.210
  41.411   17.457    7.451
  43.136   16.990    7.233
  42.018   15.940    8.075
  39.309   12.219    2.045
  41.033   11.752    1.827
  40.341   12.842    1.447
  25.612   34.557    5.744
  24.567   35.397    5.906
  24.093   36.216    4.855
  23.009   37.086    5.024
  22.361   37.168    6.250
  26.657   33.718    5.581
  27.132   32.899    6.632
  21.377   37.035    5.592
  22.505   38.342    6.101
  21.809   37.247    7.274
  26.988   31.725    6.781
  28.116   33.032    7.290
  27.640   32.673    6.084
   4.202   35.118    2.380
   3.195   35.978    2.644
   2.576   36.041    3.914
   1.532   36.933    4.187
   1.070   37.794    3.200
   5.209   34.258    2.117
   5.828   34.195    0.846
   1.196   38.623    4.046
  -0.000   37.384    3.524
   0.673   38.522    2.380
   6.899   34.606    0.522
   5.703   33.366   -0.000
   6.250   33.640    1.198
  45.389   17.119   20.968
  46.481   16.437   20.563
  46.421   15.070   20.200
  47.554   14.363   19.780
  48.788   14.997   19.708
  44.297   17.801   21.373
  44.357   19.167   21.736
  48.825   14.517   18.618
  49.165   14.049   20.322
  49.829   15.517   19.642
  43.980   20.116   21.121
  44.320   19.648   22.826
  43.594   19.059   21.858
  17.217   14.396   26.668
  16.553   13.527   25.875
  16.965   12.182   25.727
  16.277   11.281   24.906
  15.151   11.694   24.203
  17.881   15.264   27.460
  17.469   16.610   27.608
  14.661   10.712   24.668
  15.702   11.184   23.278
  14.206   12.027   23.608
  16.918   17.119   28.534
  17.959   17.592   27.143
  18.089   16.636   28.082
  46.445    6.936   21.469
  47.216    8.029   21.656
  46.663    9.287   21.995
  47.462   10.420   22.189
  48.842   10.336   22.051
  45.675    5.844   21.282
  46.227    4.586   20.943
  48.851   10.890   23.105
  48.701   11.295   21.358
  50.002   10.279   21.938
  46.368    3.626   21.635
  46.218    4.031   19.888
  45.476    4.371   20.958
  45.653   27.679    4.696
  45.971   28.759    3.952
  47.198   29.447    4.114
  47.528   30.567    3.342
  46.644   31.040    2.380
  45.335   26.599    5.441
  44.109   25.911    5.279
  47.604   31.021    1.675
  46.841   32.092    2.903
  45.911   31.447    1.570
  43.911   24.859    4.755
  43.148   25.931    5.984
  44.404   25.468    5.849
   3.515   43.639   16.572
   4.231   42.497   16.499
   3.854   41.329   17.204
   4.596   40.144   17.129
   5.742   40.085   16.347
   2.799   44.781   16.644
   3.176   45.948   15.939
   5.244   39.090   15.921
   6.232   39.621   17.329
   6.707   40.022   15.694
   2.687   46.413   14.957
   3.675   46.943   16.365
   2.535   46.234   16.282
   3.297   12.843   30.812
   2.545   11.747   31.049
   1.176   11.837   31.394
   0.396   10.701   31.640
   0.958    9.433   31.550
   4.049   13.939   30.574
   5.418   13.848   30.229
   0.005    9.201   30.872
   0.449    9.274   32.615
   1.417    8.364   31.477
   5.927   14.008   29.164
   6.371   14.080   30.907
   5.356   14.627   30.213
  46.897   45.278   33.585
  47.495   44.397   32.756
  48.754   43.823   33.052
  49.373   42.909   32.192
  48.756   42.536   31.004
  46.300   46.160   34.415
  45.040   46.734   34.119
  48.998   41.430   31.377
  49.818   42.787   30.525
  48.249   42.214   30.005
  43.979   46.482   34.598
  44.798   47.839   33.746
  45.161   47.090   34.803
  26.668   12.984   13.193
  25.872   13.550   12.262
  26.398   14.239   11.143
  25.571   14.826   10.178
  24.190   14.746   10.297
  27.465   12.417   14.124
  26.939   11.729   15.243
  24.243   14.386    9.162
  24.235   15.921   10.102
  23.028   14.687   10.384
  26.893   10.554   15.437
  26.885   12.089   16.378
  27.697   11.633   15.406
  44.217    9.817   17.879
  43.683    8.775   17.207
  44.446    7.991   16.308
  43.892    6.911   15.612
  42.555    6.575   15.788
  44.752   10.859   18.551
  43.989   11.642   19.449
  42.987    5.476   15.945
  42.532    6.578   14.597
  41.435    6.283   15.927
  44.012   11.639   20.640
  43.557   12.742   19.292
  44.668   12.020   19.529
   3.741   25.104   29.746
   3.362   24.468   28.617
   2.334   24.969   27.783
   1.941   24.310   26.612
   2.562   23.126   26.233
   4.120   25.740   30.875
   5.147   25.239   31.709
   2.662   23.668   25.177
   1.444   22.730   26.114
   3.074   22.131   25.904
   6.265   25.634   31.828
   5.047   24.696   32.765
   4.975   25.877   32.124
  38.294   37.883   31.256
  37.653   36.725   30.987
  38.349   35.557   30.594
  37.685   34.356   30.315
  36.302   34.281   30.419
  38.934   39.040   31.525
  38.238   40.208   31.918
  36.533   33.304   31.061
  36.377   33.792   29.335
  35.141   34.204   30.502
  38.163   40.698   33.002
  38.006   41.185   31.276
  38.961   40.504   31.936
  21.582    6.999    9.432
  21.473    8.215    8.858
  20.281    8.643    8.227
  20.168    9.905    7.631
  21.243   10.784    7.645
  21.691    5.782   10.006
  22.884    5.354   10.637
  20.434   11.564    8.040
  21.013   10.879    6.480
  22.138   11.532    7.649
  23.114    5.259   11.802
  23.694    4.574   10.242
  22.460    4.710   10.763
  25.448    9.359   36.063
  24.344    8.910   36.696
  23.264    9.765   37.018
  22.118    9.300   37.675
  22.012    7.962   38.032
  26.553    9.808   35.430
  27.633    8.952   35.108
  20.945    8.040   37.507
  21.708    8.405   39.096
  21.909    6.841   38.338
  27.937    8.509   34.044
  28.699    8.873   35.634
  27.929    9.612   34.814
  22.704   17.374   30.717
  24.013   17.456   31.037
  24.694   18.695   31.103
  26.051   18.779   31.435
  26.777   17.627   31.713
  21.395   17.293   30.397
  20.715   16.054   30.331
  27.122   18.234   32.679
  27.556   18.088   30.938
  27.398   16.669   31.948
  19.935   15.593   31.106
  20.370   15.448   29.365
  20.114   16.515   30.143
  12.968   20.845   45.667
  12.596   19.809   44.886
  13.429   18.683   44.686
  13.043   17.608   43.876
  11.809   17.621   43.238
  13.341   21.881   46.448
  12.508   23.007   46.649
  11.704   16.528   43.701
  12.449   17.335   42.275
  10.776   17.619   42.697
  11.867   23.293   47.612
  12.612   24.100   46.186
  13.107   23.238   47.093
  14.346   10.909   46.611
  15.652   11.233   46.500
  16.670   10.251   46.497
  18.025   10.587   46.382
  18.408   11.917   46.267
  13.040   10.585   46.721
  12.021   11.567   46.725
  19.050   11.517   45.346
  19.172   11.637   47.138
  18.744   13.029   46.170
  11.258   11.847   45.854
  11.379   11.967   47.646
  11.563   10.939   46.798
  37.209   32.699   41.746
  35.933   32.317   41.529
  35.075   33.026   40.655
  33.752   32.630   40.431
  33.238   31.510   41.073
  38.486   33.081   41.962
  39.343   32.372   42.836
  32.880   31.207   39.977
  32.338   32.241   41.348
  32.794   30.572   41.605
  40.243   31.641   42.561
  39.702   32.674   43.932
  39.849   32.926   42.618
  13.984   22.660    6.606
  14.491   23.900    6.769
  13.734   25.062    6.488
  14.259   26.349    6.657
  15.560   26.520    7.113
  13.478   21.419    6.443
  14.235   20.257    6.725
  15.053   27.279    7.879
  15.651   27.258    6.182
  16.650   26.678    7.496
  14.144   19.519    7.656
  14.742   19.498    5.959
  13.578   19.902    6.497
  33.997   34.036   10.588
  32.818   34.598   10.249
  32.676   35.404    9.094
  31.453   35.987    8.742
  30.329   35.786    9.532
  35.177   33.473   10.928
  35.318   32.668   12.083
  29.809   35.512    8.496
  30.228   36.972    9.462
  29.377   35.626   10.187
  35.419   31.482   12.153
  35.838   32.942   13.119
  36.056   32.623   11.831
   7.408   46.300   37.537
   8.630   46.091   38.070
   9.051   44.811   38.502
  10.319   44.594   39.055
  11.212   45.650   39.194
   6.185   46.509   37.004
   5.764   47.789   36.572
  11.976   44.902   38.667
  11.319   45.241   40.308
  11.971   46.527   39.317
   5.657   48.197   35.457
   5.000   48.536   37.098
   5.113   47.397   36.392
  38.781   36.117   20.685
  38.482   37.084   21.579
  39.182   37.219   22.801
  38.872   38.221   23.727
  37.850   39.125   23.465
  39.080   35.150   19.792
  38.380   35.015   18.570
  38.668   39.938   23.765
  37.489   38.836   24.563
  36.995   39.890   23.257
  38.741   35.304   17.471
  37.562   34.203   18.269
  38.874   34.418   18.475
  44.585    1.649   37.087
  43.383    1.703   36.474
  42.242    2.248   37.108
  40.996    2.304   36.472
  40.847    1.817   35.180
  45.786    1.596   37.700
  46.928    1.051   37.067
  40.320    2.868   34.984
  39.911    1.243   35.643
  40.708    1.412   34.095
  47.864    1.624   36.603
  47.455   -0.000   37.263
  47.265    1.241   37.745
   3.303   14.284   49.606
   2.617   13.192   49.209
   1.537   12.670   49.961
   0.825   11.538   49.549
   1.167   10.886   48.371
   3.990   15.377   50.003
   5.070   15.898   49.251
  -0.001   10.961   48.143
   1.142    9.911   49.055
   1.443   10.329   47.384
   5.094   16.873   48.566
   6.237   15.823   49.478
   5.084   16.419   49.832
  16.909   16.115   40.649
  17.468   15.130   41.383
  18.824   15.172   41.786
  19.404   14.150   42.547
  18.648   13.051   42.934
  16.350   17.100   39.914
  14.994   17.059   39.512
  19.095   13.287   44.013
  19.569   12.430   42.503
  18.025   12.122   43.265
  14.073   17.680   39.943
  14.547   16.823   38.433
  15.181   17.742   39.183
   3.029   33.756   43.400
   2.507   32.684   42.766
   1.942   32.780   41.472
   1.400   31.669   40.814
   1.405   30.422   41.427
   3.551   34.827   44.033
   4.117   34.731   45.327
   1.862   30.058   40.389
   0.255   30.410   41.118
   1.403   29.370   41.930
   5.268   34.744   45.636
   3.660   35.095   46.366
   4.234   35.496   45.217
  17.477   10.609   48.511
  16.972   11.850   48.670
  16.872   12.763   47.593
  16.348   14.051   47.758
  15.905   14.472   49.005
  17.982    9.367   48.353
  18.082    8.454   49.430
  14.932   14.806   48.403
  16.580   15.428   48.777
  15.530   14.839   50.047
  17.408    7.499   49.658
  19.055    8.121   50.032
  18.382    7.995   48.874
  47.663   21.859    9.133
  47.318   21.219   10.271
  45.966   21.021   10.639
  45.608   20.357   11.819
  46.589   19.868   12.672
  48.008   22.499    7.996
  49.360   22.698    7.628
  45.947   18.865   12.625
  45.958   20.432   13.511
  47.403   19.452   13.397
  49.991   22.133    6.789
  50.002   23.700    7.675
  49.030   23.048    7.012
  24.479   34.406   20.000
  25.479   35.220   19.598
  25.279   36.606   19.392
  26.316   37.451   18.976
  27.588   36.940   18.751
  23.480   33.591   20.401
  23.679   32.206   20.607
  27.933   37.850   19.439
  27.502   37.532   17.721
  28.660   36.524   18.559
  23.765   31.614   21.637
  23.334   31.296   19.919
  22.921   32.233   20.792
  23.890   10.961   12.384
  25.155   10.531   12.577
  25.440    9.309   13.233
  26.752    8.863   13.433
  27.826    9.623   12.986
  22.625   11.391   12.190
  22.341   12.612   11.535
  28.188    8.592   12.510
  28.239    9.452   14.090
  28.736   10.250   12.615
  21.927   12.783   10.430
  21.978   13.643   12.011
  21.604   12.394   11.677
  27.493   26.216    7.928
  26.585   26.632    8.836
  26.128   27.970    8.881
  25.186   28.402    9.822
  24.667   27.510   10.753
  28.402   25.799    7.021
  28.858   24.461    6.976
  23.618   27.949   10.395
  24.948   28.365   11.534
  24.224   26.773   11.539
  28.577   23.606    6.194
  29.907   24.022    7.334
  29.282   24.737    6.381
   1.219   20.836   31.695
   1.018   19.614   32.232
   1.516   19.266   33.511
   1.307   17.999   34.068
   0.594   17.035   33.368
   1.420   22.058   31.157
   0.923   22.406   29.878
  -0.005   16.921   34.391
   1.523   16.338   33.638
  -0.002   16.216   32.790
  -0.005   23.102   29.607
   1.522   22.520   28.855
   1.266   23.087   30.048
  28.475   31.443   47.122
  28.168   32.591   47.762
  27.054   33.381   47.392
  26.736   34.572   48.056
  27.520   35.015   49.114
  28.781   30.294   46.481
  29.895   29.504   46.851
  26.473   35.129   49.672
  27.508   36.048   48.520
  28.170   35.398   50.003
  29.907   28.471   47.445
  30.942   29.389   46.293
  29.638   29.057   46.264
  32.500   36.973   13.516
  33.409   37.963   13.393
  33.040   39.329   13.425
  33.983   40.356   13.297
  35.329   40.054   13.131
  31.591   35.983   13.640
  31.960   34.617   13.607
  35.481   40.842   14.012
  35.257   40.825   12.226
  36.462   39.814   12.992
  32.032   33.846   14.513
  31.808   33.829   12.727
  31.191   34.517   13.704
   2.532   28.229   16.205
   3.748   28.804   16.313
   4.213   29.758   15.377
   5.475   30.355   15.490
   6.317   30.019   16.543
   1.315   27.654   16.096
   0.850   26.700   17.033
   6.413   31.199   16.671
   7.126   29.878   15.679
   7.033   29.746   17.421
   0.041   26.842   17.896
   0.754   25.520   16.904
   0.222   26.709   16.569
  26.950   22.149   22.566
  27.959   21.421   22.041
  27.751   20.505   20.983
  28.797   19.750   20.439
  30.088   19.883   20.934
  25.942   22.877   23.090
  26.150   23.793   24.149
  30.378   20.000   19.784
  30.055   18.693   20.979
  31.176   19.986   21.341
  26.183   24.983   24.105
  25.860   23.676   25.299
  25.381   23.904   24.062
  39.585   29.939   25.524
  40.521   29.749   26.478
  40.205   29.789   27.857
  41.176   29.592   28.846
  42.497   29.348   28.492
  38.649   30.129   24.569
  38.965   30.089   23.191
  42.398   28.440   29.257
  42.731   30.208   29.282
  43.609   29.142   28.209
  38.730   29.229   22.400
  39.064   30.997   22.425
  38.201   30.234   23.120
  25.091   44.977   30.708
  25.146   43.691   31.116
  25.873   43.299   32.266
  25.930   41.966   32.688
  25.264   40.976   31.976
  25.035   46.262   30.301
  24.309   46.654   29.151
  24.845   40.668   33.049
  26.311   40.410   32.036
  24.709   40.136   31.388
  23.262   47.220   29.092
  24.727   46.962   28.078
  24.574   47.360   29.354
  30.327   45.756   21.350
  30.014   46.747   22.212
  29.366   47.931   21.789
  29.041   48.959   22.683
  29.353   48.838   24.032
  30.640   44.765   20.488
  31.289   43.580   20.911
  28.217   49.159   24.190
  29.816   49.927   23.888
  29.610   48.750   25.166
  30.826   42.492   21.054
  32.425   43.260   20.752
  31.230   43.404   20.152
  13.375   36.000   48.227
  12.614   34.885   48.241
  13.133   33.627   48.628
  12.344   32.471   48.643
  11.007   32.532   48.272
  14.136   37.115   48.212
  13.616   38.373   47.825
  10.832   31.938   49.290
  11.291   31.602   47.582
   9.883   32.569   47.963
  13.333   39.302   48.515
  13.791   38.967   46.807
  14.348   38.602   47.977
  47.649   33.820   29.461
  47.417   33.033   30.534
  46.277   32.199   30.620
  46.037   31.384   31.733
  46.929   31.373   32.798
  47.880   34.607   28.389
  49.020   35.440   28.302
  46.864   30.190   32.671
  45.946   31.526   33.454
  47.669   31.354   33.699
  50.003   35.287   27.647
  49.086   36.623   28.429
  48.701   35.625   27.613
  44.121   17.504    4.212
  43.341   17.074    3.197
  42.362   17.903    2.601
  41.553   17.458    1.549
  41.695   16.167    1.055
  44.901   17.934    5.226
  45.881   17.105    5.822
  41.730   16.715   -0.002
  40.511   16.127    1.184
  41.803   15.086    0.632
  47.065   17.144    5.694
  45.845   16.557    6.880
  46.000   17.741    6.260
  25.022    6.666   11.113
  24.958    7.103   12.388
  25.947    6.771   13.345
  25.881    7.224   14.668
  24.824    8.025   15.081
  25.085    6.229    9.837
  24.097    6.561    8.880
  25.690    8.714   15.524
  24.755    7.246   15.980
  23.942    8.698   15.442
  24.166    7.340    7.982
  23.231    5.872    8.438
  24.552    6.127    8.416
   3.884    3.202   10.988
   5.167    3.049   10.598
   6.198    3.902   11.058
   7.529    3.743   10.653
   7.876    2.725    9.773
   2.601    3.355   11.379
   1.570    2.502   10.919
   8.725    2.496   10.578
   8.433    3.600    9.186
   8.181    1.875    9.035
   1.013    1.627   11.506
   0.721    2.731   10.114
   1.132    2.961   11.374
  34.523   23.299    2.175
  34.208   22.213    2.912
  34.907   20.989    2.782
  34.580   19.863    3.546
  33.542   19.919    4.468
  34.838   24.385    1.438
  34.139   25.609    1.568
  34.346   19.442    5.207
  33.187   18.915    3.934
  32.673   19.953    5.245
  34.494   26.613    2.102
  33.335   26.086    0.829
  34.644   25.833    1.016
   5.883   21.160    5.982
   5.981   22.206    6.830
   6.809   22.165    7.978
   6.910   23.249    8.858
   6.188   24.412    8.622
   5.785   20.115    5.133
   4.957   20.156    3.986
   7.239   24.945    8.798
   5.869   24.290    9.764
   5.588   25.394    8.437
   5.277   20.278    2.844
   3.906   19.622    3.809
   5.236   19.432    3.890
  10.289   46.777   12.115
  11.342   47.303   12.774
  11.250   48.526   13.480
  12.343   49.072   14.164
  13.567   48.414   14.167
   9.235   46.250   11.455
   9.327   45.027   10.749
  13.512   48.589   15.344
  13.995   49.483   13.858
  14.600   47.873   14.177
   8.899   43.959   11.057
   9.382   44.853    9.572
   8.576   45.181   10.598
  27.321   36.779   21.388
  26.458   37.788   21.146
  26.899   39.113   20.914
  26.004   40.159   20.663
  24.636   39.919   20.633
  28.184   35.769   21.631
  27.743   34.445   21.862
  24.685   40.515   19.603
  24.587   40.856   21.367
  23.486   39.731   20.605
  27.792   33.507   21.128
  27.694   33.848   22.893
  28.510   34.314   21.930
  36.464   31.185    5.687
  35.739   31.946    4.840
  35.898   33.351    4.771
  35.146   34.140    3.893
  34.208   33.554    3.053
  37.190   30.424    6.533
  37.031   29.019    6.602
  34.751   34.198    2.210
  33.488   34.404    3.477
  33.417   33.074    2.342
  37.750   28.169    6.178
  36.488   28.375    7.444
  37.587   29.090    7.146
  35.659   35.927   10.131
  36.378   35.980   11.272
  36.350   34.934   12.225
  37.096   34.989   13.409
  37.897   36.091   13.681
  34.940   35.874    8.990
  34.968   36.920    8.036
  38.729   35.268   13.904
  37.348   36.065   14.738
  38.573   37.010   13.922
  35.517   36.946    6.979
  34.136   37.743    7.813
  34.470   36.449    7.662
  38.304    4.501    4.748
  38.951    3.319    4.671
  40.067    3.020    5.488
  40.738    1.794    5.408
  40.317    0.823    4.508
  37.657    5.684    4.825
  36.541    5.983    4.008
  40.370    0.105    5.457
  41.470    0.788    4.207
  39.974   -0.001    3.757
  35.389    6.017    4.309
  36.489    6.701    3.058
  36.569    6.657    4.400
  41.528   40.709   30.358
  41.952   39.575   30.956
  43.317   39.351   31.256
  43.756   38.175   31.877
  42.847   37.182   32.219
  41.104   41.842   29.760
  39.740   42.067   29.459
  43.391   37.230   33.278
  43.620   36.464   31.665
  42.094   36.340   32.511
  38.967   42.785   30.013
  39.196   42.019   28.400
  40.022   42.740   29.180
   2.902   38.774   22.656
   4.239   38.592   22.624
   4.818   37.311   22.457
   6.205   37.123   22.424
   7.062   38.208   22.556
   1.565   38.956   22.688
   0.986   40.236   22.855
   7.582   37.749   21.587
   7.594   37.522   23.373
   7.793   39.110   22.666
   0.454   40.922   22.038
   0.466   40.695   23.824
   0.323   39.826   22.807
  27.565   15.551   15.240
  28.888   15.281   15.230
  29.383   13.956   15.220
  30.755   13.676   15.210
  31.680   14.712   15.210
  26.242   15.820   15.250
  25.747   17.146   15.260
  32.162   14.107   14.303
  32.174   14.098   16.103
  32.468   15.572   15.209
  25.253   17.760   14.366
  25.264   17.751   16.166
  25.059   16.776   15.262
   6.132   20.213   45.247
   7.416   20.620   45.156
   7.931   21.661   45.963
   9.263   22.084   45.869
  10.126   21.479   44.964
   4.848   19.806   45.338
   4.332   18.764   44.531
  10.850   21.398   45.907
  10.379   22.602   44.654
  10.862   20.980   44.208
   4.079   17.641   44.841
   3.609   18.845   43.588
   3.679   18.923   44.929
  17.946   22.522   17.951
  17.780   23.189   16.789
  16.558   23.161   16.076
  16.386   23.854   14.871
  17.430   24.599   14.337
  18.112   21.854   19.112
  19.334   21.882   19.825
  16.603   25.452   14.248
  17.168   24.006   13.337
  18.297   25.228   13.877
  19.596   22.474   20.826
  20.161   21.029   19.914
  18.937   21.419   20.313
  47.747   41.547    5.986
  47.945   40.791    7.088
  47.108   40.890    8.225
  47.313   40.106    9.367
  48.362   39.197    9.412
  47.550   42.302    4.885
  48.386   42.204    3.748
  47.518   38.440    9.780
  48.593   39.713   10.461
  49.239   38.429    9.464
  48.156   41.687    2.699
  49.230   42.960    3.380
  47.904   42.756    3.478
  34.668   13.396    6.773
  35.494   13.437    5.706
  36.382   14.516    5.484
  37.237   14.558    4.377
  37.236   13.522    3.452
  33.843   13.356    7.841
  32.955   12.277    8.062
  38.417   13.555    3.607
  37.147   14.405    2.657
  37.245   12.659    2.668
  33.044   11.393    8.857
  31.774   12.244    7.907
  32.767   12.699    8.691
  45.810   21.614    2.466
  44.499   21.926    2.542
  43.890   22.317    3.758
  42.530   22.640    3.837
  41.730   22.583    2.702
  47.121   21.302    2.389
  47.730   20.911    1.173
  41.391   23.673    3.046
  41.003   21.952    3.405
  41.048   22.540    1.758
  48.457   21.542    0.471
  48.069   19.822    0.830
  48.363   20.864    1.629
  21.122    6.741   21.637
  19.986    7.459   21.770
  18.713    6.908   21.490
  17.536    7.653   21.628
  17.590    8.975   22.051
  22.257    6.023   21.503
  23.530    6.573   21.784
  16.746    8.628   22.818
  16.888    9.170   21.107
  17.620   10.086   22.405
  24.231    6.379   22.727
  24.373    6.921   21.017
  23.767    5.858   21.577
  32.051   10.625   29.317
  31.865    9.290   29.244
  32.806    8.371   29.766
  32.613    6.987   29.690
  31.472    6.471   29.088
  32.237   11.960   29.391
  31.296   12.879   28.868
  31.399    5.820   30.083
  32.250    5.789   28.497
  30.519    6.025   28.585
  30.518   13.561   29.459
  31.369   13.530   27.873
  31.814   13.398   29.136
  45.897   32.567   27.903
  46.450   33.498   27.097
  45.793   34.715   26.796
  46.367   35.681   25.960
  47.617   35.464   25.394
  45.344   31.636   28.709
  46.001   30.419   29.010
  47.851   36.555   25.811
  47.071   35.783   24.384
  48.666   35.294   24.913
  46.547   30.100   30.020
  45.767   29.327   28.594
  45.354   30.297   29.430
  17.410   36.048   42.342
  16.360   36.318   43.146
  15.938   35.422   44.157
  14.849   35.702   44.990
  14.143   36.889   44.844
  18.460   35.777   41.538
  18.882   36.674   40.528
  14.296   36.974   46.023
  13.191   36.172   44.849
  13.541   37.882   44.732
  19.833   37.391   40.522
  18.729   36.589   39.349
  19.416   36.118   40.405
  47.691    6.384   10.605
  47.481    5.271    9.869
  46.376    4.418   10.100
  46.158    3.264    9.337
  47.037    2.923    8.317
  47.902    7.496   11.340
  49.007    8.350   11.110
  46.041    2.809    7.673
  47.023    1.852    8.839
  47.767    2.625    7.457
  49.021    9.420   10.588
  50.003    8.464   11.754
  48.688    8.746   11.703
  22.393   27.848   32.811
  21.090   28.196   32.741
  20.640   29.256   31.919
  19.289   29.617   31.847
  18.341   28.931   32.596
  23.695   27.500   32.880
  24.146   26.441   33.702
  17.757   28.869   31.559
  17.994   30.025   32.918
  17.534   28.364   33.219
  24.493   25.347   33.380
  24.730   26.503   34.739
  24.839   26.647   33.406
  12.861    7.473   31.812
  11.531    7.249   31.748
  10.606    8.295   31.519
   9.227    8.063   31.452
   8.724    6.778   31.611
  14.191    7.696   31.877
  15.117    6.651   32.105
   8.121    7.030   30.615
   7.989    7.301   32.389
   8.289    5.704   31.743
  15.852    6.127   31.327
  15.720    6.398   33.101
  15.630    7.237   32.054
  40.676    7.374   35.483
  41.674    6.480   35.647
  41.442    5.084   35.623
  42.477    4.157   35.793
  43.781    4.592   35.992
  39.677    8.268   35.319
  39.910    9.664   35.343
  44.035    3.812   35.128
  43.758    3.828   36.906
  44.880    4.944   36.160
  39.932   10.427   34.428
  39.655   10.444   36.207
  39.138    9.686   35.223
  18.579    4.586   26.593
  17.470    4.945   27.274
  16.653    6.025   26.862
  15.503    6.397   27.568
  15.128    5.702   28.711
  19.688    4.227   25.912
  20.504    3.147   26.324
  14.061    5.666   28.182
  15.043    6.791   29.188
  14.802    5.127   29.672
  20.590    2.058   25.847
  21.571    3.183   26.853
  20.914    3.355   25.692
  39.315   33.567   49.730
  39.626   32.277   49.483
  38.878   31.207   50.030
  39.201   29.869   49.774
  40.283   29.553   48.962
  39.003   34.857   49.976
  39.751   35.927   49.430
  39.499   28.840   48.417
  40.576   28.824   49.859
  41.189   29.273   48.283
  39.458   36.655   48.533
  40.535   36.639   49.975
  39.229   36.353   49.824
  40.383    6.499    3.768
  39.785    5.717    2.845
  39.833    4.305    2.913
  39.213    3.494    1.955
  38.522    4.067    0.895
  40.982    7.281    4.692
  40.934    8.693    4.623
  37.660    3.310    1.217
  39.169    3.313    0.236
  37.939    4.534   -0.001
  40.287    9.447    5.282
  41.796    9.450    4.301
  41.358    8.633    5.276
   6.688    2.329   37.957
   7.698    2.165   38.837
   8.817    3.031   38.864
   9.865    2.861   39.777
   9.831    1.819   40.695
   5.677    2.493   37.076
   4.558    1.627   37.049
  10.086    2.677   41.482
  10.938    1.613   40.306
   9.815    0.949   41.472
   3.451    1.834   37.438
   4.303    0.769   36.263
   4.342    2.099   36.465
  31.208   13.216   42.241
  31.457   14.517   42.501
  30.436   15.496   42.472
  30.695   16.846   42.741
  31.983   17.264   43.049
  30.959   11.915   41.981
  31.980   10.935   42.009
  31.449   17.806   43.966
  31.773   18.093   42.219
  33.060   17.628   43.309
  32.191   10.107   42.839
  32.515   10.394   41.092
  31.386   10.464   41.822
  24.615   22.832   32.794
  23.309   22.684   33.102
  22.426   21.937   32.287
  21.072   21.783   32.607
  20.552   22.372   33.754
  25.921   22.980   32.485
  26.804   23.728   33.300
  20.101   21.287   33.950
  19.711   22.771   33.010
  20.103   22.861   34.712
  27.645   23.329   34.043
  27.255   24.813   33.103
  27.319   23.516   32.752
  20.600   13.140    1.661
  21.401   13.546    2.669
  22.806   13.384    2.622
  23.636   13.805    3.667
  23.092   14.403    4.797
  19.799   12.734    0.653
  18.394   12.896    0.699
  23.928   15.230    4.603
  23.767   13.615    5.381
  22.648   14.907    5.750
  17.718   13.685    0.115
  17.557   12.070    0.893
  18.438   12.554   -0.002
  11.493   20.886   30.614
  12.129   19.706   30.458
  11.493   18.582   29.879
  12.152   17.358   29.717
  13.471   17.214   30.128
  10.857   22.067   30.770
  11.493   23.191   31.349
  13.624   16.754   29.039
  13.060   16.234   30.668
  14.579   17.079   30.468
  11.904   24.170   30.809
  11.341   23.650   32.438
  10.798   23.520   31.214
  13.902   39.761   22.953
  14.223   40.651   21.990
  13.298   41.042   20.993
  13.631   41.965   19.994
  14.899   42.530   19.957
  13.582   38.870   23.916
  14.507   38.479   24.913
  14.299   43.555   19.864
  14.866   42.210   18.810
  15.961   43.011   19.914
  14.540   38.798   26.061
  15.107   37.454   25.007
  13.905   38.040   25.149
  30.975   44.687   31.164
  31.082   45.928   30.644
  31.390   46.146   29.280
  31.501   47.433   28.740
  31.308   48.548   29.546
  30.868   43.446   31.684
  30.561   43.228   33.048
  30.582   48.896   28.668
  32.337   48.911   29.066
  31.150   49.493   30.211
  29.532   42.865   33.528
  31.288   42.881   33.926
  30.616   42.480   32.831
  32.315   37.382   20.754
  31.598   37.087   21.859
  31.777   35.875   22.567
  31.033   35.568   23.713
  30.085   36.463   24.193
  33.032   37.677   19.649
  32.853   38.890   18.941
  30.635   36.287   25.235
  29.379   35.504   24.211
  29.286   37.205   24.605
  33.560   39.849   18.922
  32.303   39.066   17.898
  33.412   38.584   18.489
  31.813   30.594   22.059
  32.891   29.783   22.101
  32.771   28.384   22.278
  33.890   27.543   22.321
  35.168   28.072   22.189
  30.734   31.405   22.017
  30.854   32.804   21.841
  35.301   27.207   21.379
  35.395   27.425   23.164
  36.247   28.502   22.079
  30.626   33.450   20.866
  30.721   33.668   22.650
  30.075   32.769   21.886
   8.433   27.845   41.802
   9.488   28.447   41.213
   9.449   29.803   40.809
  10.544   30.427   40.199
  11.716   29.718   39.971
   7.377   27.243   42.390
   7.416   25.887   42.794
  12.233   30.660   40.486
  11.617   30.161   38.870
  12.707   29.134   39.774
   7.516   25.444   43.895
   6.900   24.944   42.279
   6.687   26.045   43.023
  19.632   10.308   24.286
  20.563   10.059   23.340
  21.341   11.091   22.763
  22.305   10.833   21.782
  22.527    9.534   21.343
  18.702   10.557   25.232
  17.924    9.525   25.809
  23.671    9.800   21.542
  22.427   10.022   20.260
  22.723    8.449   20.965
  18.024    9.037   26.891
  16.780    9.258   25.610
  17.619   10.123   26.208
  40.439   18.173    9.350
  41.203   19.131    9.918
  42.540   18.887   10.314
  43.331   19.880   10.903
  42.815   21.152   11.118
  39.676   17.216    8.782
  38.339   17.459    8.386
  43.821   21.509   10.590
  43.247   21.000   12.218
  42.394   22.223   11.305
  37.906   17.611    7.287
  37.332   17.102    8.915
  38.380   16.711    8.167
  23.743   18.030   40.881
  23.903   18.922   41.882
  23.170   20.132   41.932
  23.336   21.057   42.970
  24.240   20.805   43.994
  23.584   17.138   39.880
  24.316   15.929   39.830
  23.321   21.087   44.699
  24.616   21.911   43.758
  24.995   20.607   44.860
  23.940   14.823   40.066
  25.235   15.646   39.125
  23.903   15.830   39.175
   8.203   36.649   35.325
   6.861   36.548   35.434
   6.002   36.740   34.326
   4.610   36.636   34.439
   4.028   36.336   35.664
   9.544   36.750   35.216
  10.403   36.558   36.324
   3.435   35.517   35.035
   3.334   37.273   35.416
   3.526   36.086   36.686
  11.097   35.622   36.572
  10.997   37.378   36.953
  10.952   36.706   35.789
  27.166    9.460   41.952
  26.061    9.790   42.655
  26.115   10.661   43.769
  24.969   11.003   44.498
  23.730   10.488   44.139
  28.270    9.130   41.249
  28.217    8.259   40.134
  23.382   11.625   44.209
  23.653   10.217   45.296
  22.684   10.062   43.848
  28.294    8.530   38.976
  28.565    7.122   40.064
  28.985    8.399   40.123
  31.286   24.411   26.892
  32.631   24.478   26.800
  33.361   25.588   27.288
  34.756   25.658   27.193
  35.471   24.621   26.607
  29.940   24.343   26.984
  29.210   23.233   26.496
  36.136   24.696   27.592
  35.986   25.500   25.988
  36.083   23.758   26.117
  28.695   22.355   27.114
  28.545   23.158   25.510
  28.605   23.650   26.761
  40.209   30.467   40.701
  39.030   29.889   41.012
  37.869   30.653   41.283
  36.645   30.053   41.605
  36.539   28.670   41.668
  41.389   31.045   40.391
  42.550   30.282   40.120
  35.585   28.842   40.974
  36.022   28.887   42.719
  36.435   27.509   41.724
  43.066   30.064   39.068
  43.503   30.109   40.814
  42.864   30.990   40.023
  30.627   33.181    4.079
  29.727   32.977    3.093
  30.112   32.527    1.808
  29.179   32.315    0.786
  27.829   32.547    1.012
  31.526   33.385    5.065
  31.141   33.836    6.350
  27.696   31.463    0.536
  27.899   33.169   -0.002
  26.692   32.738    1.188
  31.071   33.214    7.364
  31.274   34.920    6.827
  31.910   33.786    6.481
  11.274    4.693   18.398
  10.672    3.536   18.747
   9.542    3.505   19.598
   8.918    2.305   19.959
   9.401    1.093   19.482
  11.876    5.850   18.049
  13.006    5.880   17.198
   8.261    0.899   19.195
   9.343    0.768   20.627
   9.797    0.069   19.090
  13.064    6.205   16.053
  14.146    6.074   17.486
  12.942    6.650   17.317
  42.170   42.366   34.197
  42.607   41.963   35.409
  43.789   41.199   35.563
  44.243   40.781   36.820
  43.532   41.111   37.967
  41.732   42.770   32.986
  40.551   43.534   32.831
  44.597   41.464   38.368
  43.638   39.949   38.210
  42.945   41.381   38.938
  40.445   44.695   32.588
  39.486   43.180   32.430
  40.747   43.488   32.077
  29.390   21.336   17.928
  30.458   21.232   17.108
  30.869   19.992   16.565
  31.976   19.884   15.715
  32.711   21.014   15.376
  28.323   21.439   18.749
  27.912   22.679   19.291
  32.575   20.609   14.264
  33.643   20.341   15.687
  33.336   21.954   15.084
  26.979   23.352   18.980
  28.047   23.084   20.404
  27.362   22.232   19.620
  37.738    8.269    5.337
  38.689    8.233    4.379
  38.400    8.518    3.024
  39.386    8.481    2.031
  40.697    8.158    2.358
  36.787    8.304    6.294
  37.076    8.019    7.649
  40.958    9.139    1.734
  40.601    7.399    1.444
  41.801    7.888    2.619
  37.173    8.778    8.563
  36.816    7.038    8.273
  36.313    8.162    7.732
  19.247   37.054   35.747
  17.899   37.041   35.672
  17.163   35.833   35.626
  15.765   35.819   35.548
  15.054   37.012   35.514
  20.595   37.068   35.822
  21.331   38.275   35.869
  14.410   36.502   36.377
  14.510   36.510   34.580
  14.444   38.006   35.485
  21.875   38.777   36.803
  21.975   38.785   35.006
  21.936   37.781   35.900
  27.549   26.185   35.464
  27.453   26.985   34.381
  28.240   26.777   33.223
  28.140   27.607   32.100
  27.250   28.674   32.094
  27.644   25.385   36.548
  26.858   25.593   37.705
  26.918   28.223   31.043
  28.197   29.293   31.720
  26.508   29.573   32.076
  25.911   24.974   38.080
  27.190   26.044   38.757
  27.250   24.965   37.955
  31.837   18.095   39.517
  31.849   19.285   38.879
  31.263   20.443   39.442
  31.275   21.677   38.781
  31.874   21.797   37.534
  31.825   16.905   40.154
  32.412   15.746   39.591
  32.415   22.737   38.028
  30.850   22.329   37.237
  32.374   21.911   36.486
  33.436   15.214   39.887
  31.871   14.806   39.097
  32.159   15.425   40.257
  27.364   16.550    9.790
  26.203   16.925   10.369
  25.391   17.949    9.826
  24.188   18.338   10.425
  23.753   17.717   11.590
  28.525   16.175    9.212
  29.337   15.151    9.755
  22.725   17.612   10.996
  23.609   18.834   11.978
  23.376   17.204   12.567
  29.480   14.033    9.367
  30.364   15.255   10.349
  29.783   15.324    9.138
  32.195    3.650   40.638
  32.502    2.731   41.578
  33.784    2.666   42.174
  34.101    1.712   43.148
  33.149    0.789   43.561
  31.889    4.570   39.699
  30.607    4.635   39.102
  33.477    1.134   44.654
  34.019   -0.001   43.366
  32.359    0.009   43.917
  29.737    5.425   39.298
  30.279    4.290   38.010
  30.934    5.229   38.716
  12.592   14.979   36.865
  13.216   15.532   35.803
  13.284   14.878   34.550
  13.931   15.451   33.448
  14.532   16.699   33.560
  11.969   14.426   37.927
  11.900   15.080   39.180
  13.923   16.938   32.565
  15.464   16.150   33.059
  15.041   17.745   33.641
  10.969   15.628   39.681
  12.510   14.841   40.176
  11.507   14.434   39.376
  35.659   39.478   34.359
  35.309   38.271   33.867
  35.739   37.826   32.594
  35.375   36.574   32.084
  34.568   35.723   32.827
  36.010   40.685   34.851
  35.580   41.130   36.124
  35.405   34.915   32.567
  33.941   35.646   31.817
  33.892   34.998   33.441
  36.207   41.206   37.134
  34.744   41.938   36.384
  35.996   41.760   35.927
  46.716   32.889   46.643
  45.625   32.187   47.015
  44.475   32.814   47.551
  43.344   32.085   47.937
  43.322   30.703   47.802
  47.806   33.592   46.270
  48.956   32.965   45.734
  42.272   30.901   47.275
  42.950   30.728   48.933
  43.290   29.542   47.693
  49.328   32.940   44.603
  50.006   32.766   46.261
  49.214   33.701   45.706
  10.490   44.648    2.797
  11.012   45.078    3.965
  12.398   45.309    4.128
  12.939   45.754    5.340
  12.113   45.984    6.433
   9.968   44.219    1.628
   8.581   43.988    1.466
  12.691   47.025    6.485
  12.913   45.319    7.013
  11.431   46.181    7.358
   7.781   44.653    0.885
   8.004   42.947    1.413
   8.806   43.794    0.743
  38.722    8.686   39.500
  38.423    9.971   39.788
  37.472   10.705   39.041
  37.162   12.038   39.340
  37.792   12.683   40.397
  39.021    7.402   39.212
  39.972    6.667   39.960
  36.681   12.986   40.704
  37.983   13.539   39.590
  38.314   13.236   41.281
  39.781    5.811   40.767
  41.082    6.364   39.653
  39.777    6.105   39.454
  43.107   21.055   39.527
  43.881   22.003   40.098
  45.292   21.904   40.124
  46.094   22.887   40.716
  45.513   24.004   41.303
  42.334   20.107   38.957
  40.923   20.206   38.930
  46.311   24.602   40.650
  46.221   23.729   42.222
  45.038   24.947   41.800
  40.215   20.482   38.012
  40.125   19.609   39.584
  40.988   19.524   38.556
  23.327    3.753   34.874
  22.310    4.177   35.655
  21.640    3.309   36.549
  20.585    3.749   37.358
  20.163    5.071   37.302
  24.344    3.329   34.094
  25.015    4.197   33.200
  20.254    5.015   38.489
  19.081    4.585   37.193
  19.799    6.179   37.264
  26.097    4.683   33.309
  24.924    4.253   32.013
  25.423    3.549   33.045
   8.414   47.184   43.415
   7.226   46.544   43.417
   5.996   47.244   43.434
   4.764   46.580   43.436
   4.717   45.191   43.421
   9.603   47.825   43.413
  10.832   47.125   43.397
   3.945   45.356   42.529
   3.959   45.337   44.329
   4.664   44.026   43.409
  11.591   46.979   42.489
  11.604   46.959   44.289
  11.123   47.849   43.402
   2.347   43.680   30.134
   1.872   42.417   30.091
   0.487   42.139   30.014
  -0.006   40.829   29.969
   0.869   39.751   29.999
   2.822   44.943   30.178
   4.208   45.221   30.255
   0.239   39.379   29.059
   0.144   39.353   30.857
   1.593   38.836   30.024
   4.933   45.618   29.398
   4.839   45.592   31.195
   3.951   45.958   30.252
  47.593   24.337   18.487
  47.371   23.203   17.789
  46.641   22.119   18.330
  46.411   20.943   17.606
  46.903   20.810   16.313
  47.814   25.470   19.186
  48.544   26.555   18.645
  45.789   20.467   16.064
  47.314   19.767   16.716
  47.310   20.685   15.228
  48.133   27.598   18.242
  49.658   26.898   18.894
  48.390   26.869   19.343
  30.346   20.915   23.320
  30.736   21.848   22.426
  29.812   22.516   21.588
  30.216   23.484   20.661
  31.559   23.818   20.538
  29.956   19.982   24.214
  30.880   19.313   25.052
  31.155   24.935   20.622
  31.359   23.654   19.374
  32.683   24.107   20.424
  31.080   19.477   26.215
  31.285   18.195   24.968
  30.232   18.961   25.308
  19.455   28.347   11.559
  20.046   27.199   11.955
  19.482   25.931   11.679
  20.095   24.741   12.090
  21.294   24.777   12.791
  18.864   29.494   11.164
  19.428   30.762   11.439
  21.639   23.971   11.984
  20.730   24.038   13.536
  22.301   24.792   13.379
  19.992   31.501   10.694
  19.083   31.568   12.246
  18.794   31.009   11.057
  15.738   29.798   22.313
  14.990   30.262   21.289
  14.600   31.619   21.200
  13.824   32.100   20.139
  13.410   31.241   19.128
  16.486   29.333   23.336
  16.876   27.976   23.425
  13.838   32.090   18.410
  12.340   31.721   19.337
  13.056   30.531   18.274
  17.946   27.496   23.216
  16.448   27.127   24.144
  17.219   28.228   24.080
  39.819   23.382   18.592
  41.136   23.204   18.353
  41.968   22.484   19.242
  43.334   22.299   18.994
  43.915   22.828   17.848
  38.502   23.560   18.831
  37.669   24.281   17.943
  44.359   21.730   17.723
  44.726   23.251   18.613
  44.416   23.267   16.891
  36.858   23.859   17.178
  37.226   25.380   18.068
  37.126   24.101   18.474
  48.397   10.826   31.428
  47.367   11.444   30.812
  47.561   12.301   29.703
  46.492   12.942   29.065
  45.191   12.747   29.512
  49.428   10.208   32.044
  49.234    9.351   33.152
  44.966   12.535   28.361
  45.140   13.937   29.477
  44.095   12.593   29.877
  49.285    8.161   33.188
  49.459    9.563   34.303
  50.011    9.290   33.107
   1.908   41.153   45.781
   2.886   40.238   45.610
   2.608   38.855   45.498
   3.621   37.906   45.321
   4.950   38.306   45.248
   0.930   42.068   45.952
   1.208   43.451   46.063
   4.967   37.622   44.273
   5.117   37.448   46.058
   6.069   38.628   45.185
   1.041   44.309   45.253
   1.191   44.135   47.039
   0.432   43.493   46.133
  22.881   28.204   40.967
  21.753   28.940   40.881
  21.000   29.021   39.685
  19.830   29.785   39.596
  19.371   30.494   40.698
  24.009   27.468   41.053
  24.762   27.386   42.249
  18.332   29.972   40.439
  19.302   31.398   39.925
  18.974   31.095   41.616
  24.831   26.482   43.022
  25.801   27.909   42.508
  25.211   26.923   41.809
  43.610   45.576   41.343
  44.214   45.302   42.519
  44.426   46.295   43.504
  45.053   46.010   44.722
  45.491   44.721   45.000
  43.005   45.851   40.168
  42.793   44.858   39.183
  44.909   44.884   46.026
  46.507   45.269   45.294
  45.864   43.644   45.245
  41.777   44.309   38.888
  43.375   44.695   38.156
  42.473   45.458   38.799
  41.131    3.999   46.418
  40.187    4.964   46.454
  40.109    5.897   47.515
  39.130    6.897   47.552
  38.194    6.999   46.530
  42.076    3.035   46.382
  42.154    2.101   45.322
  38.510    8.148   46.532
  37.411    7.039   47.428
  37.402    7.096   45.680
  42.937    2.062   44.424
  41.838    0.952   45.320
  42.759    1.839   45.739
   6.126   32.525   42.403
   6.489   33.722   42.911
   7.231   33.834   44.110
   7.608   35.075   44.637
   7.257   36.249   43.982
   5.762   31.328   41.895
   5.020   31.217   40.695
   8.410   36.517   44.120
   6.877   36.583   45.061
   6.969   37.242   43.443
   5.400   30.882   39.617
   3.867   30.949   40.558
   5.083   30.454   40.852
  20.698   32.507   34.418
  20.214   33.048   35.556
  20.742   32.717   36.827
  20.240   33.278   38.007
  19.193   34.190   37.960
  21.181   31.966   33.279
  20.654   32.298   32.008
  19.901   34.842   38.662
  18.719   33.492   38.801
  18.315   34.957   37.934
  21.128   32.995   31.167
  19.946   31.645   31.306
  21.200   31.794   31.768
  13.395   45.279   32.194
  13.969   46.494   32.076
  14.860   47.001   33.052
  15.456   48.262   32.929
  15.183   49.061   31.826
  12.820   44.063   32.313
  11.929   43.556   31.337
  16.369   49.161   31.767
  14.984   49.901   32.648
  14.961   49.742   30.906
  12.128   42.716   30.515
  10.743   43.456   31.396
  11.912   42.945   31.823
  18.289   30.960   23.359
  17.094   31.582   23.268
  16.983   32.992   23.225
  15.743   33.636   23.131
  14.571   32.893   23.078
  19.484   30.339   23.449
  19.595   28.929   23.492
  14.326   33.590   22.143
  14.214   33.636   23.939
  13.579   32.282   23.032
  19.952   28.186   22.632
  19.840   28.233   24.428
  20.357   29.097   23.535
  40.227    8.017   49.096
  38.949    8.451   49.099
  38.625    9.828   49.100
  37.300   10.279   49.104
  36.251    9.368   49.105
  41.506    7.582   49.093
  41.830    6.205   49.091
  35.842   10.035   48.206
  35.845   10.033   50.006
  35.361    8.614   49.106
  42.235    5.539   48.190
  42.239    5.538   49.990
  42.559    6.485   49.090
  18.935   38.177   32.803
  18.250   38.673   33.856
  18.900   39.107   35.036
  18.190   39.621   36.128
  16.805   39.720   36.078
  19.619   37.681   31.750
  18.970   37.248   30.570
  17.002   40.835   36.450
  16.859   39.178   37.138
  15.643   39.809   36.050
  18.916   37.790   29.511
  18.773   36.133   30.198
  19.703   37.093   30.351
   3.251   20.289   31.054
   3.050   20.089   29.734
   3.720   19.067   29.020
   3.512   18.859   27.651
   2.626   19.665   26.948
   3.452   20.490   32.373
   2.783   21.512   33.087
   2.192   18.626   26.558
   3.532   19.768   26.180
   1.885   20.335   26.345
   1.877   21.409   33.855
   3.216   22.551   33.477
   3.198   21.221   33.682
   8.118   35.854   37.631
   8.087   34.725   36.891
   8.852   34.582   35.709
   8.820   33.412   34.941
   8.023   32.342   35.328
   8.149   36.982   38.371
   7.384   37.125   39.553
   9.017   31.708   35.160
   7.652   32.377   34.197
   7.358   31.437   35.642
   7.755   37.090   40.685
   6.390   37.759   39.722
   7.724   37.828   39.561
  26.385    7.229   29.041
  26.134    6.827   27.776
  25.224    7.513   26.938
  24.964    7.096   25.627
  25.606    5.979   25.107
  26.635    7.630   30.305
  27.546    6.945   31.143
  25.842    6.703   24.190
  24.505    5.656   24.787
  26.138    5.044   24.658
  28.647    7.268   31.463
  27.310    6.221   32.061
  27.335    7.502   31.649
  39.323   18.822   29.881
  39.315   17.734   29.082
  38.641   16.543   29.444
  38.632   15.415   28.615
  39.297   15.437   27.395
  39.331   19.910   30.680
  40.005   21.101   30.319
  38.267   15.010   26.975
  39.761   14.409   27.777
  39.850   15.442   26.369
  39.540   22.130   29.937
  41.035   21.529   30.739
  39.730   21.341   31.009
   1.592   11.925   42.394
   2.599   11.870   41.497
   2.360   11.829   40.103
   3.405   11.772   39.172
   4.726   11.752   39.603
   0.584   11.981   43.291
   0.823   12.021   44.685
   4.864   12.623   38.801
   4.818   10.824   38.861
   5.839   11.736   39.951
   0.731   12.949   45.427
   0.685   11.151   45.487
   0.043   12.042   44.711
   9.507   28.117    7.452
   9.258   29.217    6.710
   9.648   29.310    5.353
   9.391   30.451    4.584
   8.734   31.540    5.144
   9.755   27.016    8.194
   9.365   26.923    9.551
   8.053   31.465    4.169
   9.635   32.161    4.672
   8.184   32.460    5.602
   8.464   26.302   10.023
  10.046   26.998   10.526
   9.695   26.218    9.487
  45.143    4.491   33.119
  46.481    4.557   33.285
  47.187    5.781   33.206
  48.575    5.849   33.377
  49.306    4.696   33.634
  43.805    4.425   32.954
  43.099    3.201   33.033
  49.770    5.343   34.520
  50.001    5.097   32.752
  49.932    3.736   33.849
  42.404    2.800   33.914
  42.635    2.554   32.146
  42.488    3.666   32.888
  33.773    1.884    7.691
  32.611    1.689    8.350
  32.127    2.611    9.308
  30.922    2.408    9.991
  30.157    1.276    9.740
  34.935    2.080    7.033
  35.419    1.158    6.074
  29.267    2.060    9.631
  30.150    1.176   10.927
  29.506    0.329    9.539
  35.426    1.257    4.887
  36.309    0.374    6.183
  36.003    1.675    6.029
   6.344   11.781   16.815
   6.362   12.814   17.684
   7.571   13.365   18.170
   7.589   14.436   19.072
   6.398   14.995   19.519
   6.327   10.748   15.946
   5.117   10.198   15.459
   6.919   16.023   19.218
   6.893   14.865   20.595
   5.406   15.473   19.902
   4.623   10.328   14.383
   4.596    9.169   15.760
   5.609    9.729   15.075
  16.772   45.973   11.046
  17.760   45.901   10.129
  17.576   46.334    8.794
  18.601   46.259    7.842
  19.845   45.749    8.192
  15.785   46.046   11.964
  15.968   45.613   13.299
  20.253   46.739    7.670
  19.704   45.088    7.210
  20.894   45.323    8.471
  16.108   46.274   14.280
  15.560   44.622   13.821
  15.224   45.842   13.363
  40.363   43.633   12.045
  40.837   42.372   12.120
  41.860   42.007   13.027
  42.351   40.699   13.105
  41.837   39.707   12.278
  39.890   44.895   11.970
  38.866   45.260   11.063
  41.743   39.091   13.294
  42.985   39.483   12.051
  41.414   38.866   11.591
  37.718   45.484   11.290
  38.960   45.876   10.047
  38.973   45.961   11.390
  36.796   25.776   36.562
  37.269   27.040   36.548
  36.413   28.160   36.423
  36.903   29.471   36.409
  38.267   29.710   36.518
  36.323   24.512   36.575
  37.179   23.392   36.700
  37.933   30.485   37.359
  38.090   30.406   35.568
  39.410   29.924   36.609
  37.357   22.695   37.650
  37.514   22.617   35.859
  36.503   23.004   36.657
   2.109   32.672   45.081
   1.765   33.942   45.381
   0.601   34.549   44.854
   0.245   35.867   45.165
   1.041   36.625   46.015
   2.452   31.401   44.781
   3.616   30.794   45.309
   0.009   36.853   46.565
   0.956   37.443   45.153
   1.699   37.272   46.727
   3.701   29.976   46.171
   4.648   30.565   44.759
   3.363   30.188   44.886
  42.869   26.648   43.097
  44.134   27.101   42.967
  45.244   26.375   43.460
  46.556   26.845   43.325
  46.805   28.056   42.693
  41.603   26.196   43.227
  40.493   26.921   42.734
  47.609   27.423   42.081
  47.465   28.277   43.660
  47.028   29.071   42.164
  39.832   26.700   41.767
  39.689   27.554   43.345
  40.100   26.313   43.027
  19.598   29.837   34.947
  18.356   29.315   35.024
  17.320   29.947   35.753
  16.032   29.405   35.832
  15.733   28.213   35.185
  20.841   30.359   34.871
  21.877   29.727   34.142
  14.798   28.824   34.769
  15.275   27.906   36.242
  15.468   27.212   34.647
  22.334   30.034   33.086
  22.811   29.116   34.559
  22.285   30.344   34.394
  43.175    6.406   46.283
  42.062    5.981   45.649
  42.098    4.947   44.684
  40.943    4.506   44.026
  39.712    5.084   44.310
  44.289    6.831   46.918
  44.253    7.866   47.883
  39.353    3.953   44.420
  39.626    5.172   43.125
  38.672    5.560   44.539
  44.339    7.777   49.068
  44.612    8.997   47.773
  45.020    7.722   47.910
  48.361   46.456   45.321
  47.320   47.314   45.270
  47.503   48.705   45.085
  46.423   49.595   45.032
  45.122   49.126   45.161
  49.402   45.598   45.373
  49.219   44.207   45.557
  44.929   49.776   44.181
  45.025   50.000   45.964
  44.025   48.745   45.268
  49.316   43.333   44.753
  49.412   43.557   46.537
  49.998   44.207   45.515
  20.991   13.699   20.861
  20.903   15.039   21.000
  22.052   15.861   21.086
  21.961   17.251   21.230
  20.718   17.868   21.293
  21.079   12.359   20.722
  19.931   11.537   20.636
  21.178   18.589   20.463
  21.177   18.403   22.254
  19.681   18.399   21.348
  19.471   11.002   19.676
  19.471   10.816   21.466
  20.469   10.974   20.578
  49.032   30.543   32.113
  48.889   31.873   31.932
  50.001   32.730   31.756
  49.853   34.110   31.569
  48.587   34.682   31.551
  49.175   29.213   32.293
  48.062   28.356   32.469
  48.976   35.196   30.549
  49.064   35.447   32.330
  47.530   35.175   31.534
  47.585   27.590   31.691
  47.673   27.841   33.471
  48.622   27.814   32.518
  20.776   27.156   26.960
  19.616   27.434   27.593
  18.631   28.272   27.019
  17.428   28.560   27.676
  17.168   28.020   28.929
  21.936   26.879   26.327
  22.921   26.041   26.901
  16.127   27.712   28.437
  16.894   29.144   29.213
  16.937   27.573   29.981
  23.196   24.916   26.617
  23.962   26.348   27.393
  23.294   26.202   26.234
   3.470    7.254   17.787
   2.704    7.205   16.676
   1.854    6.108   16.400
   1.060    6.057   15.248
   1.088    7.101   14.331
   4.235    7.304   18.898
   5.085    8.400   19.175
  -0.099    7.041   14.422
   1.240    6.227   13.536
   1.102    7.970   13.554
   4.933    9.275   19.970
   6.272    8.461   19.084
   5.248    7.977   19.811
  15.416   36.954   31.651
  16.494   36.141   31.630
  17.210   35.814   32.806
  18.327   34.971   32.784
  18.769   34.425   31.585
  14.338   37.766   31.672
  13.622   38.094   30.496
  18.762   33.403   32.198
  19.832   34.829   31.944
  19.151   33.961   30.586
  12.560   37.691   30.138
  13.629   39.116   29.884
  13.192   38.507   31.001
  37.966   31.761    3.470
  38.785   32.741    3.908
  39.411   33.648    3.020
  40.260   34.664    3.474
  40.514   34.809    4.832
  37.147   30.781    3.032
  36.521   29.874    3.920
  40.245   35.952    4.627
  41.653   34.840    4.483
  40.736   34.943    5.969
  35.382   29.844    4.269
  36.789   28.732    4.125
  36.228   29.590    3.255
   8.857   22.859   40.064
   7.732   23.577   40.269
   6.484   22.960   40.523
   5.318   23.704   40.735
   5.357   25.092   40.701
   9.982   22.141   39.859
  11.229   22.759   39.605
   4.769   25.005   41.734
   4.426   24.971   39.967
   5.376   26.258   40.675
  12.161   22.880   40.339
  11.817   22.846   38.572
  11.470   22.016   39.572
   0.705   47.309   14.628
   0.968   46.918   13.364
   0.664   45.614   12.904
   0.937   45.208   11.592
   1.523   46.090   10.693
   0.441   47.701   15.893
   0.745   49.005   16.353
   0.637   45.744    9.976
   2.268   45.183   10.489
   2.015   46.821    9.929
  -0.000   49.912   16.557
   1.631   49.351   17.071
   0.441   48.726   17.016
  13.631   24.265   16.717
  12.671   23.988   15.809
  12.976   23.461   14.532
  11.980   23.174   13.590
  10.644   23.404   13.893
  14.591   24.541   17.625
  14.286   25.069   18.902
  10.496   22.291   13.495
  10.636   23.961   12.839
   9.518   23.593   14.133
  14.294   24.512   19.956
  14.433   26.183   19.299
  15.062   25.036   18.983
  44.298   20.079   26.703
  43.523   20.129   25.598
  42.243   19.527   25.552
  41.440   19.579   24.407
  41.887   20.236   23.267
  45.073   20.029   27.807
  46.353   20.631   27.853
  40.817   20.760   23.308
  41.559   19.230   22.718
  42.250   20.784   22.304
  46.680   21.637   28.403
  47.422   20.106   27.812
  46.344   20.346   28.580
  18.686   22.585   45.905
  19.905   22.488   46.476
  20.100   21.853   47.725
  21.365   21.753   48.318
  22.480   22.285   47.682
  17.466   22.681   45.334
  17.271   23.317   44.085
  22.956   21.216   47.904
  22.686   22.784   48.744
  23.423   22.728   47.159
  17.065   22.818   43.023
  16.795   24.387   43.863
  16.528   23.117   44.219
  23.516   10.261   47.494
  23.492    8.926   47.694
  24.653    8.200   48.051
  24.627    6.815   48.258
  23.440    6.108   48.116
  23.540   11.596   47.295
  22.379   12.322   46.938
  23.735    5.655   49.177
  24.103    5.387   47.436
  22.451    5.502   48.000
  21.717   13.043   47.618
  22.084   12.775   45.876
  22.879   12.922   46.952
  47.014   22.751   14.442
  45.692   23.026   14.419
  44.714   22.004   14.417
  43.343   22.289   14.392
  42.903   23.606   14.370
  48.335   22.476   14.466
  49.314   23.498   14.468
  42.200   23.250   15.264
  42.227   23.228   13.464
  42.519   24.707   14.350
  49.990   23.877   15.374
  50.017   23.855   13.574
  49.800   22.887   14.483
   4.973    9.466    9.696
   4.233    8.409   10.095
   4.723    7.083   10.028
   3.956    5.987   10.443
   2.673    6.179   10.939
   5.712   10.522    9.296
   5.223   11.848    9.363
   3.053    5.482   11.828
   2.385    5.320   10.164
   1.594    6.325   11.357
   5.510   12.707   10.138
   4.842   12.545    8.474
   5.926   12.010    9.065
  40.298   26.218   36.303
  39.243   26.278   37.144
  39.401   26.530   38.528
  38.307   26.591   39.400
  37.017   26.402   38.920
  41.352   26.159   35.462
  41.195   25.907   34.079
  36.786   27.404   39.522
  36.931   25.636   39.828
  35.929   26.246   38.530
  41.281   26.673   33.170
  41.426   24.905   33.477
  41.973   25.972   34.087
  25.760   30.918   47.407
  25.236   32.153   47.554
  25.066   32.749   48.826
  24.523   34.031   48.979
  24.131   34.762   47.864
  26.283   29.682   47.260
  26.453   29.086   45.988
  24.773   35.629   48.369
  23.124   34.917   48.482
  23.797   35.386   46.937
  27.460   28.931   45.370
  25.811   28.218   45.483
  26.736   28.499   46.419
   6.551   17.384   43.483
   5.607   16.436   43.306
   4.618   16.540   42.298
   3.639   15.557   42.115
   3.613   14.434   42.932
   7.495   18.333   43.660
   8.483   18.228   44.667
   3.541   13.844   41.899
   2.459   14.707   43.050
   3.580   13.486   43.611
   9.637   17.956   44.549
   8.555   18.818   45.700
   8.710   18.913   44.367
  38.357   23.581    3.207
  39.321   23.438    4.142
  39.357   24.237    5.310
  40.356   24.089    6.279
  41.355   23.137    6.116
  37.394   23.724    2.272
  37.358   22.925    1.105
  41.068   22.833    7.232
  42.083   24.045    6.371
  42.199   22.342    5.991
  36.630   22.017    0.850
  37.645   23.229   -0.011
  36.722   23.354    0.960
  19.552    3.031   23.401
  20.900    2.974   23.422
  21.600    1.747   23.338
  22.999    1.688   23.359
  23.747    2.854   23.465
  18.203    3.088   23.381
  17.503    4.315   23.465
  24.343    2.401   22.537
  24.310    2.260   24.331
  24.388    3.824   23.553
  16.940    4.909   22.598
  16.907    4.767   24.392
  16.883    3.842   23.416
  29.051   30.887    2.986
  27.883   31.563    2.979
  26.748   31.108    3.691
  25.537   31.810    3.683
  25.417   32.992    2.964
  30.220   30.210    2.994
  31.355   30.665    2.281
  24.962   33.413    3.981
  24.430   32.480    2.537
  25.303   33.986    2.363
  32.342   31.177    2.708
  31.810   30.244    1.264
  31.671   30.018    2.583
  15.996   39.092   39.756
  16.386   39.995   40.680
  15.661   41.186   40.918
  16.066   42.123   41.876
  17.211   41.902   42.631
  15.605   38.188   38.831
  16.331   36.997   38.594
  16.499   42.166   43.549
  17.484   43.015   42.304
  18.170   41.729   43.271
  16.058   35.884   38.920
  17.043   36.732   37.675
  15.765   36.883   38.068
  14.462    4.189   41.425
  15.770    4.522   41.396
  16.793    3.544   41.388
  18.150    3.890   41.358
  18.531    5.225   41.334
  13.154    3.856   41.454
  12.131    4.833   41.462
  19.219    4.878   40.425
  19.253    4.900   42.225
  18.866    6.342   41.314
  11.409    5.159   40.571
  11.444    5.181   42.371
  11.674    4.201   41.478
  29.997   31.812   35.742
  29.531   30.829   36.541
  28.147   30.645   36.773
  27.663   29.625   37.602
  28.545   28.754   38.228
  30.464   32.794   34.942
  31.848   32.979   34.710
  27.824   27.914   37.787
  27.914   29.022   39.203
  29.275   28.016   38.760
  32.479   32.711   33.736
  32.569   33.819   35.151
  31.587   33.566   34.267
  32.554   34.711   41.989
  33.266   34.139   42.983
  34.462   33.425   42.734
  35.200   32.832   43.765
  34.769   32.932   45.082
  31.842   35.282   40.994
  30.646   35.997   41.243
  35.893   33.272   45.287
  34.946   31.754   45.093
  34.419   33.009   46.192
  30.469   37.175   41.233
  29.522   35.657   41.038
  30.663   36.085   40.468
  18.227   11.746   40.831
  17.208   12.532   41.238
  16.515   13.384   40.346
  15.458   14.199   40.768
  15.056   14.191   42.097
  19.247   10.960   40.424
  19.939   10.108   41.317
  13.968   14.052   41.632
  15.132   15.376   41.992
  14.708   14.194   43.210
  19.862    8.923   41.422
  21.027   10.248   41.782
  20.340    9.932   40.670
  32.609    1.505   39.435
  31.266    1.361   39.441
  30.393    2.474   39.457
  29.001    2.325   39.464
  28.433    1.057   39.455
  33.951    1.649   39.429
  34.824    0.535   39.413
  27.778    1.500   38.563
  27.788    1.482   40.362
  27.942   -0.001   39.447
  35.469    0.111   38.505
  35.479    0.093   40.305
  35.368    1.096   39.415
  45.285    9.643   39.361
  43.951    9.845   39.412
  43.033    8.774   39.526
  41.650    8.984   39.579
  41.135   10.273   39.520
  46.618    9.440   39.309
  47.536   10.512   39.196
  40.512    9.928   40.475
  40.426    9.812   38.681
  40.690   11.350   39.472
  48.245   10.973   40.034
  48.159   10.857   38.240
  48.055    9.928   39.208
   4.877    9.445   42.267
   5.212   10.723   41.992
   6.115   11.453   42.802
   6.463   12.779   42.517
   5.920   13.423   41.413
   4.542    8.166   42.542
   3.639    7.437   41.732
   7.054   13.710   41.186
   5.681   14.287   42.197
   5.472   13.975   40.488
   3.878    6.572   40.948
   2.505    7.149   41.959
   3.789    6.877   42.255
  22.075   42.864   14.010
  21.108   43.805   14.067
  19.754   43.474   14.308
  18.751   44.449   14.367
  19.067   45.790   14.187
  23.042   41.924   13.953
  24.397   42.255   13.712
  18.433   45.939   15.185
  18.160   45.765   13.414
  19.318   46.919   14.037
  25.304   42.279   14.485
  25.031   42.105   12.714
  24.486   41.481   13.774
  29.690   46.993   36.540
  30.792   46.226   36.399
  31.976   46.716   35.799
  33.118   45.921   35.653
  33.118   44.606   36.101
  28.588   47.760   36.681
  27.404   47.270   37.281
  34.140   44.921   36.626
  33.551   44.373   35.016
  33.131   43.501   36.473
  26.970   47.503   38.366
  26.382   46.954   36.756
  27.153   47.993   37.126
  39.514   40.717    9.066
  38.995   41.325   10.154
  39.152   40.796   11.457
  38.613   41.427   12.584
  37.898   42.610   12.449
  40.034   40.108    7.979
  39.876   40.638    6.676
  38.613   42.990   13.323
  37.093   42.048   13.124
  37.296   43.603   12.350
  40.682   41.200    6.002
  39.161   40.258    5.802
  40.293   40.006    6.484
  22.019    6.991   34.051
  21.497    5.747   34.060
  20.227    5.470   34.621
  19.686    4.179   34.630
  20.394    3.119   34.080
  22.541    8.236   34.042
  23.811    8.513   33.481
  19.368    2.894   33.518
  20.140    2.582   35.113
  20.978    2.219   33.621
  24.065    9.049   32.448
  24.837    8.737   34.043
  23.635    9.239   33.708
  10.147   19.700    4.563
  10.275   20.242    5.793
  11.321   21.140    6.111
  11.455   21.703    7.386
  10.546   21.387    8.389
  10.018   19.157    3.334
   8.972   18.259    3.016
  10.492   22.569    8.532
  11.527   21.185    9.034
   9.791   21.131    9.240
   7.991   18.461    2.370
   9.027   17.077    2.873
   9.321   18.267    2.317
  35.355   14.641   18.199
  34.735   15.839   18.254
  33.325   15.954   18.283
  32.683   17.197   18.340
  33.428   18.369   18.370
  35.974   13.442   18.144
  37.384   13.327   18.115
  32.725   18.639   19.293
  32.693   18.705   17.494
  34.042   19.361   18.395
  38.119   12.991   18.990
  38.087   13.057   17.192
  37.215   12.565   18.090
  43.300   27.230   22.980
  43.422   25.929   23.318
  42.348   25.016   23.190
  42.474   23.667   23.541
  43.680   23.182   24.032
  43.178   28.531   22.641
  44.252   29.443   22.769
  43.522   22.331   23.213
  42.995   22.718   24.889
  44.686   22.761   24.446
  44.937   29.907   21.912
  44.410   30.294   23.589
  43.722   29.943   22.487
  20.674   29.513   45.296
  21.901   29.824   44.827
  22.956   28.881   44.802
  24.228   29.203   44.316
  24.492   30.480   43.837
  19.447   29.203   45.765
  18.392   30.146   45.790
  24.942   29.896   42.901
  25.442   30.411   44.552
  24.726   31.549   43.432
  17.441   30.215   45.075
  17.942   30.731   46.725
  18.002   29.543   46.096
  14.680   37.011   19.318
  15.652   36.880   20.245
  15.361   36.614   21.604
  16.369   36.479   22.566
  17.704   36.605   22.204
  13.707   37.142   18.390
  13.999   37.408   17.031
  17.828   35.582   22.803
  17.751   37.350   23.132
  18.828   36.708   21.913
  13.951   36.663   16.102
  13.874   38.430   16.432
  13.220   37.385   16.970
   5.650    4.736   24.175
   4.314    4.581   24.063
   3.741    3.617   23.200
   2.355    3.456   23.083
   1.493    4.254   23.824
   6.987    4.891   24.288
   7.560    5.855   25.151
   0.984    3.214   24.108
   0.956    4.424   22.774
   0.758    4.917   24.441
   8.097    5.685   26.201
   8.069    6.895   24.868
   8.224    5.558   24.868
  33.969   22.475   24.871
  33.530   23.750   24.929
  34.375   24.848   24.640
  33.920   26.171   24.700
  32.604   26.443   25.052
  34.408   21.200   24.813
  33.563   20.102   25.103
  32.622   27.129   24.078
  33.104   27.215   25.810
  31.502   26.686   25.347
  33.064   19.330   24.345
  33.545   19.416   26.077
  34.211   19.697   24.943
  34.333   37.022   27.544
  35.665   37.114   27.742
  36.417   36.049   28.291
  37.799   36.145   28.497
  38.477   37.310   28.162
  33.001   36.929   27.345
  32.249   37.995   26.796
  39.220   36.563   27.606
  38.928   37.208   29.261
  39.059   38.282   27.886
  31.797   38.096   25.698
  31.505   38.742   27.353
  31.662   37.488   26.890
  12.018   47.573   35.442
  11.124   47.885   34.480
   9.737   47.657   34.643
   8.810   47.980   33.645
   9.237   48.543   32.448
  12.912   47.261   36.404
  14.299   47.489   36.242
   8.374   49.337   32.665
   8.562   47.692   31.958
   9.581   49.016   31.440
  14.974   48.340   36.732
  15.161   46.696   36.025
  14.326   47.184   36.960
  10.712   36.155   30.009
  11.936   35.594   29.902
  12.353   34.922   28.729
  13.622   34.341   28.619
  14.519   34.412   29.678
   9.489   36.715   30.115
   9.071   37.387   31.288
  15.279   34.785   28.839
  14.628   33.239   29.493
  15.281   34.463   30.559
   8.962   38.559   31.473
   8.311   37.014   32.127
   8.418   37.486   30.871
  26.877   34.361   45.430
  27.078   35.628   45.851
  26.193   36.268   46.751
  26.401   37.582   47.187
  27.501   38.302   46.739
  26.677   33.094   45.010
  27.561   32.453   44.110
  27.659   38.532   47.897
  26.692   39.146   46.509
  28.421   38.918   46.371
  28.371   31.610   44.339
  27.403   32.224   42.951
  27.057   31.864   44.200
  43.004   11.764   41.536
  44.140   12.349   41.101
  44.139   13.628   40.494
  45.317   14.235   40.042
  46.537   13.585   40.180
  41.868   11.179   41.972
  41.868    9.900   42.579
  46.892   14.625   40.642
  46.666   13.860   39.028
  47.568   13.050   40.290
  41.739    9.625   43.731
  41.514    8.860   42.117
  41.100   10.037   42.621
  47.168   38.987   38.342
  46.686   40.139   38.856
  46.414   40.288   40.236
  45.914   41.483   40.769
  45.668   42.570   39.940
  47.651   37.836   37.829
  47.922   37.686   36.448
  46.292   43.170   40.758
  44.611   42.585   40.491
  45.456   43.490   39.255
  48.979   37.671   35.897
  47.298   37.086   35.629
  48.135   36.970   36.676
  45.042   24.015    2.965
  46.281   23.618    3.327
  46.706   23.622    4.676
  47.991   23.211    5.051
  48.896   22.781    4.089
  43.803   24.412    2.604
  43.378   24.407    1.254
  49.039   21.855    4.825
  49.635   23.542    4.632
  49.666   22.417    3.292
  42.639   23.646    0.712
  43.236   25.334    0.518
  42.718   24.677    1.572
  19.170   24.223    9.588
  20.455   24.565    9.351
  21.219   25.304   10.284
  22.550   25.659   10.038
  23.166   25.286    8.850
  17.886   23.881    9.825
  17.122   23.141    8.892
  24.032   24.900    9.571
  23.483   26.434    8.805
  23.694   24.980    7.856
  16.805   21.993    8.936
  16.255   23.527    8.171
  16.572   23.218    9.441
  14.240   11.922   43.809
  15.271   11.067   43.642
  16.433   11.126   44.447
  17.502   10.239   44.274
  17.447    9.261   43.289
  13.209   12.778   43.976
  12.048   12.719   43.170
  17.774    8.534   44.175
  18.528    9.672   43.003
  17.415    8.435   42.465
  10.967   12.307   43.456
  11.721   13.446   42.284
  11.835   13.322   43.619
  18.528   13.326   18.533
  17.631   12.330   18.370
  16.306   12.428   18.856
  15.376   11.395   18.687
  15.738   10.228   18.027
  19.425   14.322   18.696
  20.751   14.224   18.210
  14.735   10.419   17.412
  15.254    9.695   18.976
  16.029    9.243   17.474
  21.234   14.758   17.261
  21.754   14.034   18.825
  20.804   14.938   18.523
  35.552   45.528   47.754
  34.345   46.069   47.485
  33.916   46.323   46.161
  32.664   46.884   45.882
  31.797   47.212   46.917
  36.760   44.987   48.024
  37.189   44.733   49.348
  31.001   46.609   46.266
  31.721   48.256   46.349
  31.059   47.491   47.776
  37.265   43.689   49.916
  37.985   45.336   49.998
  37.826   44.474   48.978
  29.493   28.983   23.160
  29.860   27.692   23.309
  30.971   27.145   22.624
  31.352   25.807   22.778
  30.636   24.968   23.623
  29.125   30.273   23.011
  28.015   30.821   23.696
  31.714   24.697   24.054
  30.641   24.234   22.684
  30.044   24.253   24.329
  28.010   31.555   24.635
  26.937   31.092   23.265
  28.229   31.465   23.310
  17.414   44.260    4.946
  18.679   44.014    4.546
  19.711   44.972    4.688
  21.023   44.717    4.273
  21.351   43.494    3.702
  16.148   44.507    5.346
  15.117   43.548    5.203
  22.244   43.512    4.491
  21.857   44.170    2.861
  21.640   42.472    3.220
  14.611   42.872    6.044
  14.224   43.531    4.414
  14.691   44.114    5.533
  47.810    8.076   41.600
  48.128    6.792   41.874
  49.094    6.082   41.123
  49.423    4.751   41.407
  48.798    4.083   42.453
  47.493    9.359   41.326
  46.527   10.070   42.078
  49.912    3.794   42.761
  48.624    3.234   41.635
  48.281    3.511   43.327
  46.701   10.918   42.896
  45.413   10.359   41.769
  46.715   10.641   41.579
  33.999    7.691    2.127
  33.186    7.883    3.188
  32.554    9.125    3.434
  31.712    9.324    4.534
  31.471    8.288    5.428
  34.811    7.499    1.066
  35.443    6.257    0.821
  30.329    8.585    5.263
  31.740    9.108    6.249
  31.260    7.427    6.186
  35.174    5.437   -0.001
  36.586    5.961    0.985
  35.729    6.645    0.206
  18.533   13.135    7.399
  19.387   14.107    7.783
  18.950   15.426    8.051
  19.835   16.435    8.449
  21.189   16.160    8.594
  17.679   12.163    7.014
  18.116   10.844    6.746
  21.052   16.697    9.649
  21.326   17.137    7.926
  22.328   15.944    8.720
  17.979    9.867    7.415
  18.253   10.307    5.691
  17.356   10.736    6.598
  13.746   42.954   47.423
  14.940   42.431   47.071
  16.067   42.494   47.923
  17.305   41.951   47.557
  17.459   41.327   46.326
  12.552   43.477   47.776
  11.425   43.413   46.923
  17.948   40.455   46.976
  18.419   42.028   46.237
  17.603   40.799   45.296
  10.465   42.712   47.013
  10.936   44.285   46.274
  11.088   43.793   47.517
  22.440   11.094   30.490
  21.127   11.075   30.174
  20.181   11.884   30.848
  18.820   11.863   30.521
  18.356   11.033   29.508
  23.752   11.114   30.805
  24.698   10.305   30.132
  17.817   12.023   29.122
  17.548   10.709   30.322
  17.953   10.341   28.661
  25.505   10.629   29.318
  25.237    9.315   30.518
  25.191   10.656   30.626
  45.323   32.131   20.103
  44.090   32.667   19.983
  43.893   34.017   19.606
  42.614   34.573   19.481
  41.487   33.800   19.728
  46.556   31.594   20.224
  46.753   30.245   20.601
  41.121   34.231   18.679
  41.164   34.721   20.411
  40.533   33.162   19.933
  47.076   29.323   19.918
  47.120   29.813   21.650
  47.504   30.445   20.526
  14.161   26.085   38.072
  15.234   25.721   38.806
  15.477   24.373   39.161
  16.589   23.995   39.923
  17.499   24.952   40.356
  13.089   26.450   37.338
  12.846   27.798   36.983
  18.306   24.200   39.906
  17.350   24.425   41.414
  18.270   25.744   40.726
  12.994   28.325   35.924
  12.038   28.550   37.433
  12.222   27.483   36.635
  12.648   48.203   26.589
  12.135   47.425   27.566
  11.835   47.934   28.851
  11.302   47.128   29.864
  11.050   45.782   29.627
  13.162   48.981   25.613
  13.462   48.471   24.327
   9.984   46.033   30.096
  11.649   45.625   30.646
  10.834   44.651   29.442
  12.864   48.628   23.309
  14.528   48.220   23.859
  13.684   49.209   24.203
   4.433   43.102   32.658
   3.347   42.457   33.135
   2.637   42.921   34.268
   1.512   42.252   34.763
   1.056   41.095   34.144
   5.518   43.747   32.180
   6.228   43.282   31.047
  -0.000   41.646   34.183
   1.058   40.657   35.252
   0.663   40.123   33.634
   6.226   43.721   29.939
   7.284   42.732   31.008
   6.666   43.912   31.196
   8.627   24.312   35.720
   9.790   24.801   35.240
   9.960   25.126   33.874
  11.167   25.632   33.376
  12.247   25.831   34.227
   7.463   23.824   36.200
   7.293   23.499   37.566
  12.282   26.909   33.720
  12.849   25.232   33.391
  13.161   26.002   34.931
   6.690   24.097   38.402
   7.258   22.421   38.073
   6.577   23.305   37.321
  10.313   30.779   45.055
   9.521   29.713   45.300
   8.160   29.856   45.659
   7.340   28.751   45.913
   7.851   27.463   45.817
  11.104   31.845   44.810
  12.465   31.702   44.451
   6.883   27.268   45.150
   7.347   27.323   46.888
   8.267   26.376   45.740
  12.969   31.842   43.380
  13.433   31.897   45.118
  12.433   32.483   44.435
  38.483    5.088   34.459
  37.702    4.796   33.397
  38.216    4.168   32.238
  37.406    3.865   31.137
  36.053    4.180   31.156
  39.263    5.380   35.521
  38.749    6.009   36.680
  35.918    3.050   30.803
  36.284    4.662   30.091
  34.916    4.439   31.158
  38.518    5.527   37.745
  38.884    7.139   37.033
  39.491    5.944   36.915
  47.961    5.650   17.541
  47.158    4.785   16.885
  47.572    3.469   16.570
  46.740    2.572   15.889
  45.464    2.959   15.500
  48.763    6.514   18.197
  48.349    7.830   18.513
  45.137    1.935   16.015
  45.793    2.518   14.443
  44.390    3.271   15.168
  48.020    8.271   19.570
  48.676    8.854   17.998
  49.064    7.866   18.825
  11.809   24.216   25.219
  10.502   23.893   25.319
   9.480   24.867   25.229
   8.124   24.532   25.333
   7.743   23.210   25.532
  13.116   24.539   25.118
  14.139   23.565   25.209
   7.001   23.425   24.624
   7.077   23.670   26.406
   7.410   22.106   25.698
  14.805   23.105   24.335
  14.881   23.351   26.116
  14.596   24.189   25.103
  45.665   12.940   48.037
  44.673   12.081   48.352
  44.356   11.761   49.694
  43.327   10.870   50.021
  42.577   10.268   49.019
  46.658   13.799   47.721
  46.975   14.119   46.380
  41.650   10.636   49.671
  42.818    9.267   49.619
  41.940    9.756   48.187
  46.734   15.120   45.779
  47.902   13.751   45.728
  47.514   14.566   46.725
   9.062    3.285   30.383
   9.757    3.052   29.250
  10.932    3.773   28.930
  11.653    3.531   27.754
  11.225    2.561   26.857
   8.366    3.517   31.517
   7.191    2.797   31.837
  12.358    2.195   26.912
  11.368    3.428   26.052
  10.877    1.750   26.095
   7.048    1.930   32.642
   6.058    3.163   31.782
   7.211    3.255   32.470
  16.021   21.852   19.797
  16.376   23.140   19.989
  17.648   23.500   20.496
  18.016   24.836   20.695
  17.125   25.860   20.396
  15.667   20.564   19.605
  14.395   20.204   19.099
  18.054   26.320   19.809
  17.407   26.248   21.487
  16.388   26.729   20.149
  14.113   19.815   18.008
  13.466   19.743   19.686
  14.685   19.483   19.179
  29.654    9.612   21.261
  30.965    9.830   21.498
  31.857    8.775   21.805
  33.217    9.001   22.050
  33.733   10.290   21.997
  28.343    9.394   21.025
  27.451   10.449   20.718
  34.560    9.791   21.300
  34.208   10.003   23.052
  34.179   11.367   21.956
  26.976   10.736   19.664
  26.624   10.949   21.416
  26.936    9.862   20.686
   3.298   13.969   16.954
   4.121   13.362   17.835
   4.227   11.953   17.914
   5.080   11.323   18.828
   5.858   12.080   19.696
   2.475   14.576   16.072
   2.369   15.985   15.993
   6.741   11.380   19.308
   5.414   11.348   20.525
   6.516   12.703   20.430
   2.813   16.717   15.164
   1.487   16.685   16.380
   1.857   15.808   15.430
  42.452   10.849   28.013
  42.065    9.558   28.089
  42.148    8.819   29.293
  41.746    7.480   29.371
  41.247    6.833   28.248
  42.839   12.140   27.938
  42.756   12.879   26.734
  40.367    6.512   28.984
  42.032    5.987   28.547
  40.827    6.277   27.313
  41.972   13.725   26.435
  43.637   13.200   25.998
  43.053   13.444   27.185
  10.083   34.396    3.458
   9.367   34.343    4.601
   9.779   35.015    5.777
   9.037   34.960    6.962
   7.855   34.232    7.015
  10.799   34.449    2.315
  10.387   33.778    1.140
   7.413   35.230    7.493
   8.335   33.771    8.003
   6.861   33.624    7.073
   9.906   34.238    0.152
  10.829   32.779    0.662
  11.043   34.093    0.857
  26.966   44.682   21.181
  26.912   45.239   22.410
  25.776   45.110   23.243
  25.720   45.688   24.517
  26.799   46.415   25.003
  27.020   44.124   19.953
  28.157   44.253   19.120
  26.660   45.729   25.968
  25.968   47.231   25.256
  27.697   47.028   25.424
  28.987   43.437   18.867
  28.296   44.939   18.155
  27.719   43.823   18.637
   9.855   49.775   26.911
  11.103   49.555   27.376
  11.553   50.099   28.603
  12.847   49.872   29.086
  13.738   49.092   28.359
   8.607   49.995   26.445
   8.158   49.451   25.219
  13.901   48.537   29.401
  14.482   50.006   28.537
  14.496   48.439   27.759
   7.414   48.537   25.041
   7.995   50.005   24.177
   7.502   49.826   25.415
  35.413   46.138   44.296
  34.369   45.526   43.698
  33.117   45.381   44.341
  32.033   44.746   43.721
  32.164   44.235   42.436
  36.458   46.750   44.894
  37.710   46.895   44.251
  31.153   44.833   42.235
  31.687   43.255   42.917
  32.260   43.801   41.358
  38.187   47.875   43.769
  38.721   46.297   44.452
  37.894   47.248   44.923
   4.562   12.961   32.608
   5.459   12.088   32.103
   5.070   11.006   31.278
   6.000   10.100   30.755
   7.352   10.243   31.038
   3.665   13.835   33.112
   4.054   14.917   33.937
   7.478   10.127   29.858
   7.284    9.086   31.314
   8.490   10.352   31.267
   4.122   16.074   33.661
   3.928   15.033   35.117
   3.286   15.057   33.935
   6.029   30.548   19.702
   5.435   29.684   20.552
   5.557   28.282   20.404
   4.942   27.387   21.286
   4.181   27.861   22.348
   6.623   31.412   18.851
   6.501   32.814   18.999
   4.839   27.102   22.989
   3.372   27.084   21.946
   3.540   28.245   23.243
   7.310   33.591   19.401
   5.842   33.573   18.358
   6.953   32.814   18.362
  15.681   21.964   27.629
  16.594   22.071   26.640
  16.752   21.068   25.654
  17.698   21.178   24.628
  18.521   22.295   24.552
  14.769   21.858   28.618
  14.611   22.860   29.604
  18.172   22.314   23.413
  19.390   21.487   24.448
  19.218   23.227   24.476
  13.742   23.669   29.708
  14.960   22.842   30.743
  14.060   22.371   29.862
  11.056   28.410   31.503
  10.344   28.086   30.403
  10.968   27.724   29.185
  10.230   27.389   28.044
   8.841   27.403   28.080
  11.768   28.733   32.604
  11.143   29.095   33.821
   8.947   26.320   27.593
   8.952   28.046   27.083
   7.675   27.411   28.096
  11.033   28.451   34.818
  11.037   30.177   34.308
  11.885   29.163   34.058
  24.478   16.460   45.475
  23.503   17.363   45.714
  23.790   18.713   46.025
  22.779   19.649   46.272
  21.444   19.268   46.218
  25.453   15.558   45.236
  25.166   14.207   44.926
  21.333   20.229   45.523
  21.379   19.816   47.274
  20.319   18.962   46.176
  25.230   13.659   43.870
  25.277   13.246   45.621
  25.945   14.160   44.894
  18.807    5.007    4.349
  18.530    6.288    4.025
  19.226    6.970    2.999
  18.938    8.298    2.663
  17.945    8.992    3.342
  19.084    3.726    4.673
  18.388    3.044    5.699
  17.567    9.266    2.245
  18.783    9.832    3.446
  17.113    9.587    3.904
  17.550    2.204    5.596
  18.765    2.771    6.796
  18.866    2.463    5.490
  31.807   39.783   47.241
  33.132   39.607   47.050
  33.806   38.445   47.495
  35.180   38.262   47.296
  35.929   39.235   46.646
  30.483   39.959   47.433
  29.809   41.122   46.988
  36.324   38.314   46.002
  36.658   39.112   47.580
  36.569   40.043   46.102
  29.079   41.244   46.054
  29.413   42.042   47.633
  29.194   40.756   47.303
  38.489   25.849   45.471
  39.719   25.802   46.026
  40.881   26.166   45.305
  42.157   26.118   45.880
  42.316   25.705   47.196
  37.259   25.895   44.917
  36.097   25.531   45.638
  42.968   26.697   47.293
  43.155   24.996   46.735
  42.464   25.359   48.300
  35.257   26.240   46.099
  35.445   24.538   45.542
  35.750   25.714   44.963
  37.507   44.716   43.522
  38.009   44.981   42.297
  38.494   46.263   41.947
  39.015   46.538   40.677
  39.069   45.540   39.711
  37.005   44.451   44.747
  36.519   43.169   45.097
  40.199   45.898   39.591
  38.557   46.363   39.018
  39.120   44.712   38.892
  37.031   42.345   45.790
  35.389   42.811   45.218
  36.382   43.524   45.779
  44.276   38.596   43.673
  44.884   38.770   44.866
  45.128   37.691   45.748
  45.758   37.871   46.985
  46.167   39.138   47.384
  43.668   38.422   42.480
  43.424   39.502   41.598
  47.198   38.589   47.617
  45.597   38.861   48.393
  46.515   40.195   47.731
  43.993   39.778   40.589
  42.392   40.050   41.365
  43.115   38.934   41.159
   9.184   47.745   18.103
   7.944   48.112   18.489
   7.631   49.446   18.842
   6.345   49.826   19.242
   5.324   48.885   19.303
  10.425   47.379   17.718
  10.737   46.045   17.364
   4.716   49.696   18.676
   5.144   49.342   20.388
   4.458   48.106   19.358
  10.918   45.587   16.279
  11.346   45.234   17.991
  11.446   46.353   17.251
  44.827   39.975   29.616
  44.323   41.227   29.586
  43.470   41.717   30.604
  42.947   43.015   30.573
  43.258   43.870   29.523
  45.331   38.723   29.646
  46.183   38.233   28.629
  43.512   44.640   30.396
  42.080   44.041   29.484
  43.511   44.598   28.647
  47.362   38.062   28.667
  45.930   37.463   27.755
  46.169   37.591   29.073
  15.149   17.859   17.213
  16.423   18.250   17.426
  17.494   17.325   17.468
  18.816   17.730   17.689
  19.114   19.074   17.875
  13.874   17.469   17.000
  12.804   18.394   16.958
  19.950   18.868   17.051
  19.713   18.675   18.825
  19.379   20.199   18.033
  12.205   18.792   16.008
  11.968   18.599   17.782
  12.388   17.744   16.832
  25.808    6.747   42.281
  27.136    6.959   42.168
  27.863    7.697   43.132
  29.241    7.916   43.014
  29.941    7.405   41.928
  24.479    6.535   42.394
  23.752    5.797   41.430
  30.686    7.000   42.765
  30.367    8.515   41.847
  30.540    6.982   41.022
  23.326    4.688   41.512
  23.007    6.202   40.593
  23.157    5.962   41.909
  32.272    8.967   36.699
  31.130    8.247   36.663
  30.530    7.733   37.837
  29.346    6.987   37.799
  28.719    6.728   36.587
  33.413    9.686   36.735
  34.013   10.200   35.561
  27.747    7.117   37.155
  28.706    5.604   36.982
  28.183    6.504   35.576
  34.027   11.325   35.166
  34.986    9.811   34.993
  34.535   10.473   36.074
  29.629   26.825    5.504
  28.750   26.123    4.758
  27.371   26.072    5.073
  26.460   25.343    4.298
  26.895   24.641    3.182
  30.507   27.528    6.251
  31.886   27.579    5.936
  25.989   25.195    2.641
  26.278   23.744    3.666
  27.247   24.047    2.242
  32.503   28.476    5.451
  32.792   27.025    6.476
  31.905   28.032    6.572
  26.236   22.746   38.711
  24.903   22.635   38.888
  24.060   23.769   38.970
  22.677   23.653   39.153
  22.087   22.400   39.262
  27.570   22.858   38.534
  28.413   21.724   38.453
  21.335   22.826   38.442
  21.569   22.872   40.226
  21.579   21.354   39.355
  28.932   21.253   37.489
  29.165   21.298   39.273
  28.963   22.272   38.367
  45.550    1.678   40.475
  46.272    2.474   39.658
  47.686    2.511   39.705
  48.435    3.336   38.858
  47.797    4.153   37.933
  44.828    0.882   41.293
  43.414    0.845   41.245
  48.578    3.678   37.169
  48.502    4.999   38.389
  47.274    4.844   37.152
  42.709   -0.001   40.790
  42.633    1.320   42.010
  43.515    0.323   41.817
  46.747    3.742   25.371
  47.511    3.591   24.268
  47.571    4.579   23.257
  48.363    4.422   22.113
  49.122    3.272   21.939
  45.984    3.893   26.474
  45.923    2.904   27.485
  50.000    4.043   21.707
  48.619    3.260   20.858
  49.764    2.311   21.780
  46.426    2.916   28.565
  45.045    2.133   27.717
  45.432    3.418   27.810
  35.000   30.125   24.292
  33.848   30.797   24.497
  33.346   31.729   23.557
  32.151   32.426   23.770
  31.415   32.217   24.929
  36.153   29.452   24.087
  36.655   28.521   25.027
  30.503   32.090   24.173
  31.418   33.407   24.990
  30.788   32.052   25.898
  36.652   27.331   24.967
  37.567   28.648   25.784
  37.225   28.454   24.497
  37.081   40.053   42.004
  35.942   39.333   42.095
  35.943   37.919   42.042
  34.763   37.172   42.136
  33.539   37.813   42.287
  38.219   40.773   41.913
  38.218   42.187   41.967
  33.390   37.036   43.179
  33.204   37.104   41.390
  32.506   38.338   42.414
  38.553   42.896   42.864
  38.368   42.963   41.075
  38.988   42.085   41.883
   5.312   45.320   14.699
   4.179   44.611   14.509
   4.185   43.199   14.415
   3.010   42.464   14.218
   1.787   43.114   14.107
   6.445   46.030   14.889
   6.439   47.442   14.983
   1.436   42.315   14.919
   1.661   42.434   13.137
   0.754   43.647   14.013
   6.565   48.121   15.954
   6.790   48.240   14.172
   7.207   47.333   15.073
  45.666   14.290   12.431
  46.720   15.125   12.555
  47.543   15.128   13.706
  48.636   15.994   13.835
  48.944   16.888   12.817
  44.613   13.455   12.307
  43.790   13.452   11.156
  50.045   16.450   12.943
  48.977   17.684   13.703
  49.214   17.643   11.970
  43.756   12.656   10.270
  42.689   13.889   11.030
  43.421   12.888   11.552
  45.150   41.636    6.792
  44.733   41.690    8.075
  45.562   42.177    9.113
  45.129   42.233   10.444
  43.852   41.804   10.783
  45.567   41.582    5.510
  44.738   41.095    4.471
  43.793   42.850   11.351
  44.425   41.187   11.627
  42.783   41.448   11.082
  44.166   41.712    3.628
  44.797   40.050    3.903
  45.365   41.262    4.037
  36.523   41.722   18.939
  36.241   40.663   18.152
  35.114   40.643   17.297
  34.821   39.544   16.480
  35.646   38.426   16.489
  36.805   42.782   19.727
  37.933   42.802   20.582
  35.611   38.551   15.304
  34.622   37.832   16.625
  36.330   37.481   16.486
  38.957   43.395   20.445
  37.968   42.676   21.766
  37.653   43.509   20.758
   7.889   17.100    7.554
   8.190   15.804    7.780
   9.404   15.227    7.339
   9.716   13.882    7.573
   8.823   13.066    8.257
   7.589   18.397    7.329
   6.375   18.973    7.770
   9.784   12.776    8.900
   9.003   12.324    7.343
   8.084   12.370    8.830
   6.195   19.716    8.685
   5.414   19.264    7.127
   6.678   19.610    7.433
   6.888   16.892   24.304
   7.823   15.987   24.665
   7.944   15.524   25.996
   8.914   14.586   26.370
   9.797   14.077   25.425
   5.953   17.797   23.944
   5.832   18.260   22.612
   9.470   13.024   25.877
  10.623   14.359   26.236
  10.544   13.642   24.643
   5.006   17.979   21.801
   6.159   19.313   22.160
   5.250   18.679   22.924
   8.240   34.514    2.264
   8.188   33.172    2.130
   9.265   32.338    2.510
   9.211   30.946    2.371
   8.078   30.338    1.847
   8.292   35.857    2.397
   7.214   36.691    2.017
   8.170   29.636    2.805
   8.862   29.774    1.149
   7.132   29.815    1.408
   6.430   37.255    2.715
   7.122   37.393    1.059
   7.698   37.251    2.266
  37.060   46.268   30.080
  31.296   35.580   11.497
  22.778   17.095    5.556
  34.948    1.809   17.677
  26.111   12.866   18.666
  37.576   17.180    4.791
  23.235   25.981   29.436
  44.053   25.355   39.669
  27.162   34.862   18.169
   7.898   28.487   10.539
  15.145   37.905   50.000
  35.695   30.082   31.746
  38.939   32.288   17.929
  35.052   13.755    3.574
  32.350   14.711    9.563
  33.584    9.817   48.621
  28.223    1.043   27.635
   1.048   45.364   17.936
  27.531    6.382   46.313
  22.243    3.808    8.768
   0.106   13.396    2.462
  25.723   41.080    0.889
  29.093   19.849    7.101
  23.117   44.801   14.085
  19.911   24.065   41.494
  15.275   13.830   36.289
   2.468   43.933   43.510
   9.057   14.739   20.972
   9.671   13.220   39.002
   8.004   39.888   38.722
  41.953    0.101   35.999
  38.430    8.325   25.294
  31.754   17.926    5.282
   8.889    4.764   17.888
   7.374   25.719   39.919
   1.235    4.981   47.788
  21.809   15.416   39.801
  27.932   28.669   48.392
  40.660    4.056   48.586
   1.088   25.508    2.224
   5.740   46.615   40.195
   9.806   22.700   37.626
  44.588   14.341    6.684
  25.595   37.953    5.110
  44.653   17.660   41.116
  34.904   48.408   39.990
  36.178    6.023   38.003
  16.296   48.693   11.159
  11.793   10.194   18.018
  22.191   33.141   16.706
  45.285    8.904    2.919
  46.974   15.077   22.847
  42.922   43.415   41.630
  14.584   29.337   40.903
  20.196    3.956    7.974
  33.471   46.177   41.798
   8.188   25.947    6.050
  43.111   44.012   26.565
  12.036   33.399   24.132
  19.319   45.954   36.798
  13.895   25.503   26.936
  24.764    8.955    6.612
  16.214   31.862   19.720
   7.770    8.143    0.376
  45.293   12.447   17.128
  47.422   30.560   13.003
  38.748   12.649   26.930
  19.791   44.394    1.891
  19.585   35.173   24.104
  45.155   46.043   48.395
  39.808    2.612   50.010
  23.921   46.511    6.370
  24.909   24.283   13.092
   3.965   17.983   24.906
  38.058   46.897   24.194
  18.397   40.963   28.363
  19.993   40.970   28.481
  16.802   40.956   28.244
  18.462   39.577   27.565
  18.332   42.348   29.160
  18.497   41.763   26.981
  18.298   40.163   29.745
  13.333    5.752   37.599
  13.951    4.297   37.349
  12.715    7.206   37.848
  14.783    6.299   37.997
  11.883    5.204   37.200
  13.056    5.371   39.128
  13.610    6.132   36.069
   3.886   21.255   23.205
   3.441   20.010   22.304
   4.331   22.500   24.106
   5.285   21.315   22.431
   2.487   21.195   23.979
   4.522   20.252   24.277
   3.250   22.258   22.133
  35.837   34.763   49.069
  35.725   36.075   48.160
  35.948   33.451   49.978
  34.647   35.302   49.993
  37.026   34.224   48.145
  36.901   35.503   50.007
  34.773   34.023   48.131
  45.757   22.632   21.418
  45.884   21.495   20.299
  45.631   23.769   22.536
  44.193   22.764   21.106
  47.321   22.499   21.729
  46.071   23.749   20.317
  45.443   21.514   22.519
  25.324    8.150   39.358
  24.366    7.010   38.773
  26.283    9.290   39.944
  26.383    7.034   39.798
  24.266    9.266   38.919
  24.603    8.026   40.781
  26.046    8.274   37.936
   7.616   31.472   12.708
   7.047   32.689   13.578
   8.185   30.256   11.839
   6.760   30.444   13.585
   8.473   32.501   11.831
   8.842   31.319   13.725
   6.390   31.626   11.692
  42.465   32.508   22.404
  42.420   33.413   23.723
  42.510   31.604   21.085
  42.820   33.801   21.530
  42.111   31.216   23.278
  40.906   32.776   22.168
  44.025   32.241   22.641
   6.951   37.982   13.358
   5.930   39.213   13.381
   7.972   36.750   13.334
   8.183   39.003   13.355
   5.719   36.961   13.360
   6.934   37.998   11.758
   6.968   37.965   14.958
  32.466   17.083   22.491
  31.086   16.293   22.663
  33.847   17.873   22.318
  32.151   17.294   20.936
  32.781   16.873   24.045
  33.211   15.708   22.153
  31.721   18.459   22.828
   5.857   26.943   16.229
   5.393   27.929   15.058
   6.322   25.957   17.400
   4.352   26.425   16.390
   7.363   27.461   16.068
   5.577   28.091   17.307
   6.138   25.794   15.151
  19.392   33.079   20.983
  19.158   33.361   19.426
  19.627   32.798   22.541
  19.520   31.513   20.681
  19.264   34.645   21.285
  17.815   32.910   21.190
  20.970   33.248   20.776
  22.293   24.793   36.230
  20.956   25.491   35.696
  23.630   24.096   36.765
  21.526   23.392   36.322
  23.060   26.194   36.139
  21.865   25.126   37.735
  22.721   24.460   34.725
  11.760   17.818   10.498
  12.829   17.437    9.370
  10.691   18.199   11.626
  12.726   17.210   11.619
  10.794   18.426    9.377
  11.065   16.388   10.322
  12.455   19.248   10.674
  26.558   47.514    4.446
  26.696   47.234    6.015
  26.420   47.794    2.877
  25.123   46.807    4.446
  27.993   48.221    4.446
  27.251   46.106    4.134
  25.865   48.922    4.758
  27.298   21.943    8.243
  27.333   23.542    8.269
  27.263   20.343    8.217
  28.876   21.912    7.981
  25.720   21.973    8.505
  27.037   21.974    6.665
  27.560   21.911    9.821
  25.777    1.596   43.222
  25.705   -0.000   43.142
  25.849    3.193   43.302
  24.181    1.663   43.323
  27.372    1.529   43.121
  25.679    1.681   41.627
  25.874    1.512   44.816
  27.697   45.859    9.311
  27.641   46.909   10.517
  27.754   44.809    8.105
  27.541   47.056    8.261
  27.853   44.661   10.360
  26.106   45.704    9.371
  29.288   46.014    9.251
  23.975   34.179   44.315
  23.098   33.009   43.667
  24.852   35.350   44.963
  24.409   33.198   45.502
  23.541   35.161   43.128
  22.709   34.654   45.171
  25.241   33.704   43.459
   6.386    4.853   45.663
   5.972    3.378   46.123
   6.800    6.329   45.204
   4.850    5.195   45.376
   7.923    4.512   45.951
   6.553    4.337   44.158
   6.220    5.369   47.169
  42.111    2.246   20.527
  41.729    0.785   19.997
  42.492    3.706   21.057
  43.648    1.811   20.618
  40.574    2.680   20.436
  41.884    1.758   22.034
  42.338    2.733   19.020
  19.564   26.282   30.450
  20.739   25.797   29.478
  18.390   26.766   31.422
  18.543   26.278   29.218
  20.586   26.285   31.682
  19.935   27.806   30.138
  19.194   24.757   30.762
  21.979   42.610   20.679
  20.788   43.114   21.620
  23.171   42.106   19.737
  22.405   44.128   20.405
  21.553   41.092   20.952
  21.001   42.657   19.414
  22.958   42.563   21.943
  12.104    7.541   44.663
  13.132    8.034   45.785
  11.075    7.049   43.540
  11.090    7.061   45.803
  13.118    8.022   43.522
  12.792    6.097   44.666
  11.415    8.986   44.659
  21.464    4.568   31.432
  20.354    5.419   32.209
  22.574    3.717   30.655
  22.002    3.997   32.826
  20.926    5.139   30.038
  22.483    5.797   31.542
  20.445    3.339   31.322
  41.916   33.533   15.709
  41.215   33.234   14.303
  42.616   33.833   17.116
  42.256   35.019   15.223
  41.575   32.048   16.196
  43.313   33.021   15.122
  40.518   34.046   16.296
   4.165    4.399   38.859
   5.629    4.972   39.157
   2.701    3.826   38.562
   3.832    4.436   40.424
   4.498    4.362   37.295
   4.718    2.906   39.012
   3.612    5.893   38.706
  24.771   29.284    1.562
  23.767   30.492    1.865
  25.775   28.075    1.260
  26.017   30.263    1.783
  23.525   28.304    1.342
  24.752   29.658    0.007
  24.790   28.910    3.118
  11.533   42.856   10.936
  11.435   44.443   11.115
  11.630   41.269   10.756
  12.679   42.800   12.050
  10.386   42.911    9.821
  12.644   43.053    9.802
  10.421   42.659   12.069
  16.621   45.482   28.400
  16.270   44.444   27.234
  16.972   46.520   29.566
  15.521   46.494   27.830
  17.721   44.470   28.970
  17.729   46.159   27.464
  15.514   44.805   29.336
  22.980    1.356    5.664
  21.723    2.331    5.841
  24.236    0.382    5.487
  23.830    2.271    6.664
  22.129    0.442    4.664
  23.487    2.236    4.428
  22.472    0.477    6.900
  24.422    1.108   31.990
  23.322    2.225   32.313
  25.521   -0.009   31.667
  23.714    0.817   30.585
  25.130    1.398   33.395
  23.500   -0.001   32.684
  25.344    2.216   31.296
  25.939   47.565   20.763
  24.540   47.972   20.102
  27.338   47.159   21.424
  26.643   48.804   20.035
  25.235   46.327   21.491
  26.266   46.638   19.501
  25.613   48.493   22.025
  42.187   20.014   42.040
  42.939   19.116   43.130
  41.435   20.912   40.950
  42.861   19.157   40.869
  41.513   20.872   43.211
  43.428   21.023   42.015
  40.945   19.005   42.065
   5.662   20.946   35.291
   4.344   21.838   35.455
   6.980   20.054   35.126
   5.974   21.119   36.850
   5.350   20.773   33.731
   6.514   22.263   34.974
   4.810   19.629   35.607
  20.709   23.609    2.715
  19.787   22.303    2.788
  21.630   24.916    2.642
  19.847   24.282    3.883
  21.570   22.936    1.547
  19.724   24.243    1.624
  21.693   22.976    3.806
   4.443   39.980   31.462
   4.239   41.470   30.915
   4.646   38.491   32.010
   4.425   39.426   29.962
   4.460   40.535   32.963
   2.856   39.795   31.549
   6.030   40.165   31.376
  37.405   38.877   19.800
  37.954   39.197   21.268
  36.856   38.558   18.331
  38.741   38.057   19.479
  36.069   39.697   20.121
  38.093   40.214   19.252
  36.717   37.541   20.348
  42.729   19.508   15.389
  42.288   18.132   14.701
  43.171   20.883   16.076
  41.671   20.299   14.486
  43.788   18.717   16.291
  43.845   19.714   14.260
  41.614   19.302   16.517
  44.078   34.832   29.267
  44.440   36.349   29.626
  43.716   33.316   28.908
  42.532   35.133   29.552
  45.623   34.531   28.982
  44.280   34.421   30.800
  43.875   35.244   27.734
  18.204   48.043    1.575
  18.172   48.852    0.195
  18.237   47.234    2.955
  17.482   46.804    0.866
  18.927   49.282    2.285
  16.777   48.652    1.966
  19.632   47.435    1.185
  42.324   14.179   37.371
  43.019   13.165   36.348
  41.630   15.194   38.395
  43.127   15.395   36.711
  41.522   12.963   38.032
  43.522   13.953   38.408
  41.127   14.406   36.334
  15.218   31.727   47.467
  16.009   31.660   46.078
  14.426   31.794   48.856
  14.396   32.993   46.937
  16.040   30.460   47.997
  16.339   32.702   48.059
  14.096   30.751   46.875
  25.361   33.046   12.148
  23.908   33.715   12.110
  26.814   32.377   12.187
  26.030   34.499   12.168
  24.693   31.592   12.129
  25.404   33.048   10.549
  25.318   33.044   13.748
  26.017   12.670   48.736
  26.355   13.909   49.690
  25.679   11.431   47.783
  27.490   12.090   48.968
  24.544   13.250   48.505
  26.542   13.499   47.473
  25.492   11.841   50.000
   2.049    3.585   33.616
   0.477    3.292   33.671
   3.621    3.878   33.562
   2.347    2.056   33.985
   1.752    5.113   33.248
   2.034    3.957   35.172
   2.064    3.212   32.060
  29.219   40.655   30.068
  28.183   41.721   30.659
  30.256   39.590   29.477
  28.056   39.558   30.007
  30.382   41.752   30.129
  29.584   40.186   31.553
  28.854   41.125   28.583
  14.331   30.385   32.013
  12.785   30.654   31.700
  15.877   30.116   32.326
  14.474   29.596   30.628
  14.188   31.174   33.397
  13.944   29.019   32.751
  14.718   31.751   31.275
  44.156    3.428   24.069
  44.041    4.023   22.588
  44.271    2.834   25.550
  42.754    4.099   24.447
  45.558    2.757   23.690
  44.918    4.753   24.541
  43.394    2.103   23.596
   6.520   12.306   35.173
   5.940   13.788   35.002
   7.099   10.825   35.343
   5.117   11.702   34.696
   7.922   12.910   35.649
   6.014   12.283   36.690
   7.025   12.330   33.655
  27.433   12.925    7.462
  28.363   14.227    7.482
  26.504   11.623    7.442
  28.735   11.995    7.452
  26.131   13.855    7.472
  27.437   12.947    5.862
  27.430   12.903    9.062
  33.324    5.338   16.231
  34.031    4.323   17.246
  32.618    6.353   15.216
  32.373    4.160   15.714
  34.276    6.516   16.747
  34.399    4.962   15.107
  32.249    5.713   17.355
  17.400   35.645   27.131
  17.882   37.145   26.853
  16.917   34.146   27.410
  15.907   36.049   26.719
  18.892   35.242   27.544
  17.084   36.029   28.652
  17.716   35.262   25.611
  18.178   33.506   44.017
  18.103   35.073   44.329
  18.253   31.938   43.705
  16.766   33.587   43.268
  19.590   33.424   44.765
  17.429   33.196   45.396
  18.927   33.816   42.637
  45.061    6.248   28.669
  46.266    5.206   28.818
  43.855    7.290   28.521
  45.371    6.384   27.105
  44.750    6.112   30.233
  46.066    7.455   28.973
  44.055    5.041   28.365
  16.860   17.226   36.303
  16.128   15.969   36.970
  17.592   18.483   35.636
  15.451   17.971   36.161
  18.269   16.481   36.445
  16.661   16.574   34.856
  17.059   17.878   37.751
  29.013   12.729   18.406
  28.051   12.655   19.682
  29.976   12.803   17.129
  29.659   14.079   18.971
  28.368   11.379   17.840
  27.910   13.584   17.623
  30.116   11.874   19.188
   1.186   33.218   16.035
  -0.001   33.737   16.975
   2.372   32.700   15.095
   2.216   33.374   17.249
   0.155   33.063   14.821
   1.488   34.724   15.586
   0.883   31.713   16.484
  40.850   27.582    1.376
  40.725   26.200    0.580
  40.975   28.964    2.172
  39.277   27.823    1.206
  42.422   27.342    1.546
  41.117   28.352   -0.001
  40.583   26.813    2.753
  14.843   29.983   26.947
  14.360   31.427   27.436
  15.326   28.538   26.457
  16.367   30.418   27.165
  13.319   29.547   26.729
  14.907   30.515   25.439
  14.779   29.451   28.455
  17.825    1.130   20.363
  17.052    2.265   19.542
  18.598   -0.005   21.184
  19.056    1.233   19.346
  16.593    1.027   21.380
  17.156    0.007   19.440
  18.493    2.253   21.286
   1.586   32.467    7.016
   1.752   34.012    7.397
   1.420   30.922    6.635
  -0.001   32.655    6.946
   3.173   32.279    7.087
   1.473   32.096    8.569
   1.699   32.838    5.464
  28.731   47.491   16.633
  28.459   45.980   16.182
  29.003   49.002   17.083
  27.199   47.637   17.068
  30.264   47.345   16.197
  28.361   47.996   15.160
  29.102   46.986   18.105
  16.175   33.511   16.176
  15.221   32.227   16.230
  17.129   34.794   16.121
  17.374   32.597   15.638
  14.977   34.424   16.713
  16.637   33.231   17.682
  15.713   33.790   14.669
  41.001   16.176   23.699
  39.973   16.876   24.705
  42.030   15.475   22.693
  42.163   17.153   24.206
  39.840   15.199   23.192
  40.609   17.232   22.563
  41.394   15.120   24.835
  36.122   25.968   11.473
  35.191   25.058   10.542
  37.053   26.878   12.403
  35.589   25.192   12.766
  36.656   26.745   10.179
  34.935   27.031   11.621
  37.309   24.906   11.324
  46.918   27.471   37.638
  45.555   27.667   36.823
  48.280   27.275   38.454
  46.453   25.999   38.061
  47.382   28.943   37.216
  46.220   28.067   38.949
  47.616   26.875   36.328
  46.047   35.370    2.484
  45.570   33.843    2.502
  46.525   36.897    2.465
  44.520   35.847    2.482
  47.574   34.892    2.485
  46.044   35.351    0.884
  46.051   35.388    4.083
  25.918   36.493   23.951
  25.839   38.014   23.461
  25.998   34.972   24.441
  27.478   36.460   23.597
  24.358   36.526   24.305
  25.572   35.997   22.470
  26.265   36.988   25.432
  36.831   20.916   17.572
  36.306   19.968   18.749
  37.356   21.864   16.395
  35.922   22.109   18.128
  37.740   19.723   17.016
  35.624   20.430   16.642
  38.039   21.402   18.502
  34.704    9.895   27.193
  33.825   10.920   28.051
  35.583    8.870   26.334
  35.848   11.003   27.040
  33.561    8.786   27.345
  34.012   10.425   25.851
  35.397    9.365   28.534
  32.465   39.865   34.934
  31.804   39.927   36.389
  33.126   39.803   33.478
  32.968   41.375   35.098
  31.963   38.355   34.770
  31.098   40.390   34.290
  33.833   39.340   35.577
  27.917   41.915   21.765
  27.188   40.664   22.447
  28.646   43.165   21.083
  29.341   41.296   22.152
  26.493   42.533   21.378
  27.878   42.698   23.160
  27.956   41.132   20.370
  34.830   44.067   24.525
  33.815   44.935   23.643
  35.845   43.200   25.407
  33.734   42.908   24.646
  35.926   45.227   24.404
  34.257   44.748   25.854
  35.403   43.387   23.195
  48.870   27.010   15.459
  47.739   26.421   16.425
  50.002   27.598   14.493
  50.001   26.368   16.392
  47.740   27.652   14.526
  48.915   28.352   16.328
  48.826   25.667   14.589
