# Fix print output for fix thermo_out
0 341.472834465064 -2992.56993469979 782.738690060319 -2209.83124463947 -2184.61882914955 8820.77777393755 1.22104794013054
1000 351.622365947488 -2912.4510748681 806.003881827987 -2106.44719304012 3237.36422098041 8907.92717595057 1.2091019962864
2000 364.216281443325 -3524.86566944441 834.872195564817 -2689.99347387959 1629.14261756887 8996.74708666341 1.19716520065144
3000 347.914667843398 -3398.95471868636 797.504937068061 -2601.4497816183 -1496.27098471948 8862.20081010868 1.21534060917805
4000 357.964350083341 -2994.37229315871 820.541250115738 -2173.83104304297 1092.39954484261 8756.40426827185 1.23002458557585
5000 369.666375448865 -2890.55741461852 847.365135008403 -2043.19227961012 2194.0210280777 8739.13397328681 1.23245536275545
6000 349.18288636867 -3231.36320792948 800.412002014344 -2430.95120591513 2436.60434526497 8815.29740295718 1.22180705186447
7000 351.103890480505 -2333.67433972602 804.81541010522 -1528.8589296208 2256.51174359968 8730.00523079307 1.23374410970854
8000 347.235611181676 -3181.767890606 795.94837423721 -2385.81951636879 438.209043844399 8812.82198653717 1.22215024286991
9000 360.293755796039 -3384.05506083601 825.880813888161 -2558.17424694784 2466.74494551873 8843.15785419759 1.21795773735998
10000 354.853653299343 -3367.93595400767 813.410777410067 -2554.52517659761 -927.741563077544 8860.10267977125 1.2156284097933
11000 362.992491231144 -3420.73316322282 832.066971105038 -2588.66619211778 2478.63891845711 8773.73130046267 1.22759543942811
12000 346.393927879043 -3726.64546681332 794.019031638756 -2932.62643517456 -4007.63764725531 8887.98140124343 1.21181537685361
13000 356.918920015681 -3308.47512008932 818.144870435956 -2490.33024965336 3389.46206307894 8897.037828822 1.2105818518973
14000 366.213170826584 -3228.04921287872 839.44955113249 -2388.59966174623 1715.77260411048 8924.00587478305 1.20692351420908
15000 352.922119118942 -2959.77356799403 808.983231843982 -2150.79033615005 1596.80438659063 9072.95722294149 1.18710936980741
16000 350.283052104398 -3082.26430769316 802.933849142189 -2279.33045855097 -1302.25316726124 8839.176682182 1.2185063064671
17000 353.496830305846 -3120.71417423554 810.300609498065 -2310.41356473748 390.964446912675 8922.77146905626 1.20709048400125
18000 358.705880005457 -2963.97475034753 822.241016835944 -2141.73373351159 -37.103716698479 8915.01408662169 1.20814083147424
19000 350.087186312701 -3314.90666697579 802.484877166246 -2512.42178980954 1727.90422563401 8849.31561652034 1.21711022614095
20000 372.345691724472 -3252.54463876342 853.506778794244 -2399.03785996918 -3578.17126288202 8961.37429051696 1.20189071252311
21000 348.904063587726 -3146.82185678357 799.772872466434 -2347.04898431714 102.38386275389 8865.75278478974 1.21485369518694
22000 358.489242757496 -3500.69919658808 821.744431636266 -2678.95476495181 -3594.51098054984 9042.79371928368 1.1910691392028
23000 349.582126982911 -3556.854956496 801.327158489088 -2755.52779800691 2369.95379659681 8935.26244543282 1.20540304182346
24000 368.559510462281 -3512.49483147534 844.827931570158 -2667.66689990518 1689.28018827558 8954.39137269687 1.20282798494341
25000 345.028579876891 -3161.67355065141 790.889322335948 -2370.78422831546 3873.05174939749 8963.88647922302 1.20155387467036
26000 352.942124252007 -3456.82426513233 809.029088468785 -2647.79517666355 -4069.55685809374 9017.07099708138 1.19446686564871
27000 348.900579142124 -3294.54889075656 799.764885270642 -2494.78400548592 -1365.34626200581 9075.19499100381 1.18681665153118
28000 363.31910175972 -2975.09726394669 832.815641779525 -2142.28162216716 293.855230463136 8937.19708986289 1.20514210696241
29000 365.612889772787 -3364.80369230191 838.073561131841 -2526.73013117006 3122.58740576675 8969.53865179439 1.20079671311311
30000 357.218729027928 -3613.28840994569 818.832105524164 -2794.45630442152 -2478.16820073362 8978.3613259674 1.19961673853165
31000 341.305770504726 -3592.61896552945 782.355738878638 -2810.26322665081 923.332175560057 8801.28886073152 1.22375173700644
32000 346.062575111233 -3469.31272909469 793.259490599921 -2676.05323849477 -909.874602004982 8951.60077750102 1.20320295765273
33000 352.387130626942 -3624.67124359962 807.756908256395 -2816.91433534323 -1316.23383884716 8915.44613600817 1.20808228403903
34000 353.962250156411 -3538.25580865262 811.367464859283 -2726.88834379334 -1178.9482204344 8954.13842522082 1.20286196390247
35000 369.925746545031 -3403.55844570455 847.959676569435 -2555.59876913512 -986.969828625104 8709.40383407305 1.23666243251677
36000 337.912266427779 -3636.12527645595 774.577003155588 -2861.54827330036 1733.59625536767 8754.92149000865 1.23023290882818
37000 353.07924831139 -3757.81117437507 809.343410124226 -2948.46776425085 1328.0049901233 8797.45152792727 1.22428552144047
38000 348.367745000494 -3519.90540403289 798.543499977454 -2721.36190405543 4674.87039114527 8721.96377115248 1.23488159476641
39000 336.584762032346 -3421.84971804022 771.534040592671 -2650.31567744755 1173.42952255159 8832.10495839015 1.21948194478645
40000 355.901253440136 -2814.17610052912 815.812131424644 -1998.36396910447 2136.65997885015 8870.12535797651 1.21425482690954
41000 352.748549699492 -3198.50671143681 808.585368569655 -2389.92134286716 3927.94142423562 8921.51679479879 1.2072602427308
42000 344.806647351623 -2841.99024515294 790.380599074311 -2051.60964607863 1510.96831692298 8930.63572857619 1.20602752800139
43000 350.308336423641 -3178.29579824513 802.991806944175 -2375.30399130095 -1111.37148604602 8872.6555943683 1.21390855495981
44000 351.734627674482 -3008.75672321289 806.261212977825 -2202.49551023506 3975.1019322154 8910.77003428077 1.20871624896389
45000 362.932980023298 -3381.08910213249 831.93055695969 -2549.1585451728 -1101.13378794849 8937.18103435502 1.20514427198161
46000 358.114791546741 -3294.91919596646 820.886098496362 -2474.0330974701 -1643.93965432355 8924.26349662983 1.20688867325389
47000 330.864105357478 -3633.29083608935 758.420905783616 -2874.86993030573 1472.01660475377 8667.06134879954 1.24270408362893
48000 345.632404451693 -3428.18244263608 792.273434947564 -2635.90900768851 -3673.31376443985 8855.98551242162 1.21619355814309
49000 355.117138775723 -3535.37474680684 814.014750130048 -2721.35999667679 -3575.13495452083 9109.55215135365 1.18234050941958
50000 356.322994467233 -3802.80834031503 816.778864311642 -2986.02947600338 54.3157851995673 8969.59384080677 1.20078932473122
51000 364.028189332641 -3219.55011266658 834.441042754204 -2385.10906991237 2831.40986291114 8855.97020129977 1.21619566082493
52000 352.019189410305 -3501.16439073462 806.913497604473 -2694.25089313015 -1895.58705736535 8935.0899470085 1.20542631300782
53000 338.027671727667 -3071.10241455753 774.841540138163 -2296.26087441936 -1208.96333878135 8952.7265897436 1.20305165395698
54000 337.725923394569 -3351.13877196618 774.149859655447 -2576.98891231073 -2328.23062470787 8848.61649944084 1.21720638835419
55000 346.285473766584 -3249.58843979813 793.77042846641 -2455.81801133172 996.849387294539 9079.47503826167 1.18625718841976
56000 358.279188478542 -3262.08445763597 821.262936200743 -2440.82152143523 -1938.96294628102 8988.72541866992 1.19823356811465
57000 350.57544296909 -3090.54654092749 803.604080034123 -2286.94246089336 541.804523506928 8852.23900486495 1.21670828423142
58000 378.080610904802 -3045.4727891286 866.652606730589 -2178.82018239801 2047.63285771597 8897.28725541095 1.21054791444049
59000 343.991437956471 -3127.97022368553 788.511941103068 -2339.45828258246 590.650987118409 8872.67526115328 1.21390586426305
60000 356.793218281989 -2811.25383402426 817.856731525807 -1993.39710249845 2689.41117418265 8868.58207463822 1.21446612779474
61000 345.318133553852 -3078.01975625116 791.553049704369 -2286.46670654679 -284.957138065409 8890.23533303196 1.21150814660633
62000 348.318426498634 -3460.50822951971 798.430449990324 -2662.07777952939 -1695.44826471733 8884.19791837857 1.21233144850755
63000 338.055618882306 -3481.73514802345 774.905601805754 -2706.82954621769 589.263956934605 8829.15188305805 1.21988982337964
64000 350.68860555498 -2984.4995436019 803.863476171395 -2180.63606743051 -167.651467249374 8858.88345806657 1.21579571310517
65000 347.642723297325 -3159.84551177005 796.881574105392 -2362.96393766466 -1116.07368076459 8892.72538275093 1.21116891252565
66000 344.20142499248 -3242.89953634851 788.993282401426 -2453.90625394709 2493.4838206291 9003.84988298119 1.19622080234522
67000 344.481946729817 -3078.50288020904 789.636306370112 -2288.86657383893 -193.522528584735 8949.37396213164 1.20350234293374
68000 333.766850672628 -2933.30187882735 765.07470320536 -2168.22717562199 211.977901112407 8844.35656835789 1.21779266224399
69000 377.64770661268 -2955.51217426278 865.660284928276 -2089.85188933451 4167.32735383073 8922.27528976238 1.20715761186769
70000 353.7742479279 -3365.46217433483 810.936518080445 -2554.52565625439 5330.38899379209 8816.10126864151 1.22169564561675
71000 351.533844131738 -3024.6619652085 805.800968321821 -2218.86099688668 -1953.56611124434 9084.14902893502 1.18564683350184
72000 353.886554428844 -3036.48053965314 811.193951863053 -2225.28658779009 -35.4541234224074 9025.72084341792 1.19332214213895
73000 335.352495297642 -2873.02354555233 768.709385884081 -2104.31415966825 1803.36976268862 8911.10665324807 1.20867058944804
74000 358.073920043808 -2902.93077403244 820.79241108279 -2082.13836294965 -2796.78917378958 8894.86733507123 1.21087725375608
75000 346.361601562903 -3330.20657494265 793.94493186918 -2536.26164307347 -2104.33829749801 8877.6174528539 1.21323007985135
76000 354.492135077849 -3316.32901313137 812.582089823341 -2503.74692330803 -2219.85245635302 8831.70188005156 1.21953760186851
77000 343.831408121226 -3147.40188281296 788.145113844887 -2359.25676896808 829.273091874635 8779.49425240073 1.22678963293022
78000 366.387329624709 -3115.8214555912 839.848765405919 -2275.97269018528 -1211.21067304317 8721.65478943793 1.23492534286716
79000 344.685938046198 -3798.30224248071 790.103904022551 -3008.19833845816 -1891.6082034171 8981.99148800298 1.19913190138308
80000 365.902805337827 -3616.66290694771 838.738118035651 -2777.92478891206 1762.13557618099 8794.75674398688 1.22466065233467
81000 347.523789475156 -3021.98462499541 796.608948892574 -2225.37567610283 -790.093259354136 8859.19990161403 1.21575228585297
82000 348.709236975855 -3061.82177213732 799.326282543098 -2262.49548959422 657.469999166261 8882.23760362067 1.2125990107296
83000 365.721929449983 -3418.78847336186 838.323506560814 -2580.46496680105 1628.69892330491 8877.6264928155 1.2132288444363
84000 360.884649883224 -3077.22789870154 827.235286680975 -2249.99261202056 4766.43722134005 8912.41973863985 1.20849251348876
85000 357.845319714903 -2920.68511357556 820.268403595415 -2100.41670998015 1389.15722936791 8779.40592200221 1.22680197577188
86000 330.231689749609 -3292.17072734202 756.971255578635 -2535.19947176339 -3266.3822251921 8877.81730472255 1.21320276837486
87000 326.610985374124 -4112.59035703333 748.671721577923 -3363.9186354554 -3212.95700905595 8748.24757983111 1.23117143552807
88000 359.465982550777 -3137.09581749569 823.98335652035 -2313.11246097534 1543.71582832762 8715.38611819078 1.23581358130941
89000 364.302979376693 -3198.63029541968 835.07092828949 -2363.55936713019 3502.74747023999 8799.60486381635 1.2239859286755
90000 342.035802668641 -3013.02162436587 784.029149943911 -2228.99247442195 -2282.88069327253 8935.92826798504 1.20531322636102
91000 363.786591911539 -3262.17964595029 833.887242774152 -2428.29240317614 -76.1769826607486 8898.5926629339 1.21037032924087
92000 369.374646647083 -3069.49416052932 846.696421725493 -2222.79773880383 -3730.51430225264 8967.54503242388 1.20106366818037
93000 351.076030675329 -3554.13869704447 804.751548663818 -2749.38714838065 -1021.88005020909 9000.01742890093 1.19673018594709
94000 369.51631296044 -3172.76234874919 847.021155330487 -2325.74119341871 1215.42964651564 8835.57074983239 1.21900359763629
95000 344.587673555666 -3204.84926137415 789.878657939012 -2414.97060343514 -4524.981452604 9011.24801638039 1.1952387185035
96000 348.092046251606 -3268.61205205064 797.911531469933 -2470.70052058071 1861.22129417884 8949.44975674736 1.20349215024033
97000 361.248692862937 -3061.2379658658 828.069761626874 -2233.16820423893 -421.061978356958 8835.40264406673 1.21902679086714
98000 354.235265123003 -3548.85834799422 811.993281485815 -2736.86506650841 -1125.43571172503 8916.45020120259 1.20794624409645
99000 351.286746024467 -3357.38394978512 805.234559432795 -2552.14939035233 -3742.15627011126 9000.88727570264 1.1966145338016
100000 358.267651319563 -3040.16277049874 821.236490229657 -2218.92628026908 -2596.14407947245 8987.50979335496 1.19839563781939
101000 337.137233397823 -2728.34158946723 772.800439173356 -1955.54115029387 3357.17216532739 8771.00633201913 1.22797682768703
102000 344.698788916335 -3221.54386735685 790.133361338749 -2431.4105060181 4934.5751338509 8925.08418706769 1.20677769592606
103000 354.940858064727 -3125.60582791123 813.610671916845 -2311.99515599438 457.418103794319 9121.50272314197 1.18079146146499
104000 336.850253026269 -3230.84601781396 772.142610446058 -2458.7034073679 -725.094452294623 8733.19446280086 1.23329356481104
105000 363.844123524187 -3622.88139062101 834.019119206406 -2788.8622714146 -724.957982992762 8860.25592841131 1.21560738405746
106000 341.304003351922 -3418.29235774108 782.351688135117 -2635.94066960596 561.00743580315 8987.08656462652 1.19845207384661
107000 353.704183650271 -3788.22129895571 810.775913735513 -2977.4453852202 -1211.06590816578 9012.1304757148 1.19512168185308
108000 332.726153992121 -3010.97520578407 762.689173598804 -2248.28603218527 -587.953162806681 8967.12696557962 1.20111966436504
109000 348.978093077026 -3230.42572992564 799.942566039779 -2430.48316388586 644.621203803251 8901.38455563649 1.20999070019906
110000 358.377259098732 -3576.97071067865 821.487737886361 -2755.48297279229 -1602.4493069443 8933.18815991102 1.20568293630602
111000 350.011094395624 -3544.79633333687 802.310456007414 -2742.48587732946 743.584675929956 8884.28947906897 1.2123189543284
112000 354.293511502337 -3285.76807935547 812.126796336951 -2473.64128301852 1575.79782525382 8996.65444450124 1.19717752834207
113000 337.483563328638 -3658.96741682502 773.594311508178 -2885.37310531684 -2044.67601465 8878.23301948211 1.21314596131697
114000 345.77938060345 -3590.43732438629 792.610339992079 -2797.82698439421 -2403.76579279796 8862.05869507283 1.21536009880006
115000 336.541618480881 -3151.89289078553 771.435145091918 -2380.45774569361 2619.29225185401 8909.0454605431 1.20895022692578
116000 353.908550767669 -3174.14194825515 811.244372815176 -2362.89757543997 3184.18140977559 8875.51956996853 1.21351684780904
117000 356.574122821824 -2880.78084892542 817.354511506588 -2063.42633741883 130.104848862069 8900.17226675442 1.2101555125453
118000 344.239245174021 -3366.27472069404 789.079975445116 -2577.19474524892 4068.79949301292 8902.14245665949 1.20988768531315
119000 362.577556654531 -3764.10384996228 831.115840256029 -2932.98800970625 -183.294698403262 9003.69996688021 1.19624072001898
120000 366.218924464708 -3647.64612590436 839.462739868792 -2808.18338603556 -737.73150246406 8940.66873773065 1.20467415214284
121000 350.81976337322 -3202.50998701038 804.164121752765 -2398.34586525762 -2037.76425190331 8919.72349137228 1.20750296145768
122000 371.65619473937 -3019.19379154723 851.926284205958 -2167.26750734127 5473.90104772452 8946.62535284828 1.2038720865613
123000 361.354208206818 -2807.71309398152 828.311628427728 -1979.40146555379 3265.42698641668 8946.88022618546 1.20383779137812
124000 350.213463484128 -3224.23480838493 802.774335119474 -2421.46047326545 1325.66215889364 8812.76653165634 1.22215793332623
125000 344.21390261186 -3471.8376214596 789.021884136213 -2682.81573732339 2538.67223306287 8824.59138636458 1.22052025523334
126000 346.976383331698 -3308.69213015294 795.35416103124 -2513.3379691217 -1551.41986832407 8895.24733730213 1.21082552545215
127000 359.463177840728 -3412.19736847866 823.976927443574 -2588.22044103508 1236.51773763363 8780.56038205768 1.22664067696914
128000 373.180503299819 -2960.37468158006 855.420369724423 -2104.95431185563 1235.02202589455 8856.58405787825 1.21611136537849
129000 356.724368452531 -3261.81887236298 817.698910991107 -2444.11996137188 1075.18312636087 8970.9466224896 1.2006082506627
130000 363.031922921002 -3188.936053007 832.157358117273 -2356.77869488973 -1065.12015491259 8934.93770443281 1.20544685228999
131000 371.352340803257 -3169.12025893538 851.229777169619 -2317.89048176576 982.701273817062 8731.90482327894 1.2334757133978
132000 325.933762240144 -2981.02911294086 747.119361638074 -2233.90975130279 -978.125391604967 8760.95691084768 1.22938540171105
133000 349.372895149536 -3282.75370191231 800.847548298626 -2481.90615361368 -931.450769125689 8865.9578604799 1.21482559478719
134000 346.644478886861 -3430.20303756066 794.593355414643 -2635.60968214601 -36.1435448170382 8983.20062448082 1.19897049853967
135000 346.719252967527 -3995.52375668898 794.76475577228 -3200.7590009167 532.630911083519 8725.24986745953 1.23441651469308
136000 357.281921392249 -3319.29454479934 818.976957774411 -2500.31758702493 -1332.90083877888 8727.75394751515 1.23406234822673
137000 351.925708628227 -2970.10282793429 806.699216942809 -2163.40361099148 2388.67870438457 8740.87278078232 1.2322101924302
138000 346.898708504513 -3377.0987167431 795.176111457907 -2581.92260528519 497.512644650821 8821.7035983769 1.22091979299751
139000 351.111667831185 -3250.04954971774 804.833237682319 -2445.21631203542 308.11442396399 8817.10011536329 1.22155724561282
140000 350.714306696057 -3289.98328339729 803.92238943028 -2486.06089396701 -2258.45550280793 8782.12232449644 1.22642251306073
141000 370.498546212885 -3675.89835485108 849.272672557492 -2826.62568229359 -1035.53030338832 8651.6306073143 1.24492052655484
142000 344.335808510655 -3360.63794680326 789.301322070662 -2571.3366247326 -467.14859089638 8771.15996295683 1.22795531910295
143000 345.609612285776 -3128.70541255442 792.221189766416 -2336.484222788 2933.92266534682 8848.28725317817 1.21725168080942
144000 353.733733441334 -3090.49460969683 810.843649035114 -2279.65096066172 711.649199265611 8769.22997850795 1.22822557483528
145000 352.440543666527 -3373.50064808383 807.879343918669 -2565.62130416516 1872.11606588409 8810.39260268335 1.22248723943758
146000 353.367560338628 -3162.38590601091 810.004291329849 -2352.38161468106 -739.562680408435 8837.97571573094 1.21867188569491
147000 364.116814259908 -3272.94339905813 834.644192617017 -2438.29920644112 3519.81950133843 8666.30747681376 1.24281218500865
148000 359.85622116381 -3767.46584221582 824.877878221482 -2942.58796399434 245.743366254076 8626.45802461095 1.24855328809201
149000 368.547754570118 -3316.68842249787 844.80098420948 -2471.88743828839 2655.52483435778 8574.15962259957 1.25616888479972
150000 367.745420494264 -3051.36131583094 842.961839597849 -2208.39947623309 -310.673078699667 8660.0515628758 1.24370997713078
151000 345.79942511722 -3556.14669616503 792.656286887022 -2763.49040927801 -2584.25171714217 8743.72142019018 1.23180874751399
152000 337.949118067204 -3177.78522446292 774.661476065462 -2403.12374839746 262.571615319375 8638.90051230301 1.24675501423785
153000 358.09455498376 -3362.82869294387 820.839711377973 -2541.9889815659 -2036.4469762842 8633.6660398329 1.24751090458256
154000 356.894797043642 -3506.88722649472 818.089574723886 -2688.79765177084 -3129.82002684687 8749.0753825002 1.23105494699004
155000 361.951609910027 -3242.78206747635 829.681018257352 -2413.101049219 -1051.53949427956 8640.62157892243 1.24650668158978
156000 346.396375526615 -3822.37343155047 794.024642241593 -3028.34878930888 -5955.5413630435 8888.01174514933 1.21181123968404
157000 360.26778818456 -3159.43843678633 825.821289814379 -2333.61714697195 1534.94021748675 8582.95053030517 1.25488228007213
158000 337.929461547492 -3993.18774553838 774.616418547154 -3218.57132699123 -6881.4466204547 8734.49272041119 1.23311025333462
159000 355.755428314675 -3245.44451580435 815.477864812015 -2429.96665099233 -2913.81872768625 8701.60627978794 1.23777061210337
160000 372.820737679685 -3250.74027105918 854.595699525771 -2396.1445715334 3034.09259394397 8607.06031493123 1.25136714942397
161000 354.170517231708 -3095.09328115038 811.844863589861 -2283.24841756052 -506.2343851201 8587.73748363362 1.25418278699624
162000 346.30782039259 -3016.806493502 793.821652361847 -2222.98484114016 3316.76911627215 8779.20978592188 1.22682938372052
163000 353.013768740133 -3491.2009484428 809.193315040053 -2682.00763340274 1786.32619849771 8725.19365383169 1.23442446764328
164000 334.52754135454 -3441.81426028673 766.818391041709 -2674.99586924502 -1592.77981930409 8875.58206866341 1.21350830265464
165000 370.744505740122 -3274.11491580295 849.836471544486 -2424.27844425847 645.451019783925 8693.69797798309 1.23889656145087
166000 360.813146717825 -3400.94874708197 827.071384055727 -2573.87736302625 -1656.08629594688 8655.73471382155 1.24433024894087
167000 355.129310057365 -3007.01273263934 814.042649664322 -2192.97008297502 -701.535036037339 8802.53239889359 1.22357885698546
168000 347.585820620883 -3547.25186524529 796.75113934771 -2750.50072589758 -1374.29920414999 8754.4058284857 1.23030537334351
169000 347.851471143044 -3086.46028023276 797.360074878571 -2289.10020535418 2500.95998909172 8724.81463971335 1.23447809219813
170000 343.844004138592 -3146.00009623906 788.173986976621 -2357.82610926244 1864.52985637047 8840.3410512006 1.21834581594032
171000 362.658373984912 -3446.7671219718 831.30109321009 -2615.46602876171 101.480709171875 8816.75036847095 1.22160570290521
172000 342.980838892242 -2757.04042424131 786.195402544591 -1970.84502169672 -657.578705538254 8697.37109436254 1.2383733445842
173000 336.529852513207 -3243.29682935406 771.408174635721 -2471.88865471834 4429.1991706457 8775.30096627095 1.22737585555343
174000 362.209373866435 -3502.83142028447 830.271875863638 -2672.55954442083 240.822815692982 8549.33681615301 1.25981614279904
175000 344.088110587307 -3516.08283398954 788.733538257475 -2727.34929573206 -3233.22175897962 8798.21271015869 1.22417960170247
176000 366.458952373849 -3476.45142239068 840.012942146152 -2636.43848024453 106.317456384116 8719.84342288676 1.23518187298483
177000 349.084408353913 -3643.05267616445 800.186266481409 -2842.86640968304 -1530.06551126251 8768.23315962919 1.22836520598081
178000 335.351836009734 -3050.62042344271 768.707874636036 -2281.91254880668 1543.6853243393 8693.77940297992 1.23888495807979
179000 357.822851118356 -3334.13636656018 820.216900113868 -2513.91946644631 -905.617188134384 8618.92929603192 1.24964391298283
180000 338.832048529158 -3091.04122935168 776.685367173189 -2314.35586217849 -3560.83418466621 8763.65347979014 1.22900712083764
181000 350.705233426535 -3586.28870840487 803.901591292381 -2782.38711711249 -6771.4559376767 8712.21665470411 1.23626316448411
182000 354.262803088743 -3390.37719752795 812.056405193045 -2578.3207923349 684.650518784344 8801.35886897107 1.22374200297491
183000 341.705096513957 -3174.4961204531 783.271091099442 -2391.22502935365 2490.11836483173 8851.34491547519 1.21683118600259
184000 360.331470942504 -3003.36734626479 825.967266165942 -2177.40008009885 -2019.79862514788 8746.48588064802 1.23141941554449
185000 355.404271198113 -2823.93810401748 814.672927394801 -2009.26517662268 -517.400433706438 8826.57339459373 1.22024618724778
186000 347.14679401788 -3699.22422505562 795.744783721573 -2903.47944133405 -137.213476452596 8920.59440205341 1.20738507388436
187000 343.138464882066 -2942.86654710787 786.556719605105 -2156.30982750277 1996.29318781364 8694.57027497305 1.23877226712611
188000 356.988003556987 -2947.48158944339 818.303226694988 -2129.17836274841 -339.789686908977 8729.54375460184 1.23380933001658
189000 362.423035072637 -3122.37113710958 830.761639252638 -2291.60949785694 -295.631747104282 8857.63908965963 1.21596651457488
190000 337.292898669849 -3407.11705980449 773.157261792363 -2633.95979801212 2040.08846025363 8808.41114548559 1.22276223865137
191000 350.185855282755 -2790.94555078383 802.71105041511 -1988.23450036873 -1424.37563786711 8782.58277444133 1.22635821464271
192000 355.603029715492 -3458.91446418792 815.128530200732 -2643.78593398719 -1369.27978321473 8812.48700383577 1.22219669958408
193000 353.044294874603 -2976.00415454189 809.263288355926 -2166.74086618597 -1149.50429193697 8767.31786177124 1.22849344588947
194000 365.174527522474 -3713.30322261884 837.06872836346 -2876.23449425538 -115.597006068542 8744.27520902583 1.23173073510979
195000 354.355661652037 -2930.77154069318 812.269259578103 -2118.50228111507 844.859528786947 8912.41069452487 1.20849373983992
196000 349.070363046493 -2713.5455651156 800.154071224797 -1913.3914938908 6479.45113884205 8760.33130895903 1.2294731958597
197000 356.708014764953 -3468.71821394274 817.661424366401 -2651.05678957634 64.6360799217955 8782.72635141214 1.22633816656304
198000 340.687177191423 -3276.42356362378 780.937772730631 -2495.48579089315 -1078.02830877552 8974.69565165435 1.20010671662501
199000 346.203427067971 -3501.92158294386 793.582357501711 -2708.33922544215 -1188.88679911511 8918.96977065302 1.20760500463352
200000 363.467497266234 -3395.22255239856 833.155800329944 -2562.06675206862 -1474.01224621742 8973.6428192512 1.20024751911336
201000 356.000467223271 -3133.25803814217 816.039553517438 -2317.21848462473 -2157.92496901009 9028.84151555437 1.19290968976039
202000 368.295385713623 -3680.37693216882 844.222493482818 -2836.154438686 2346.38702920352 8877.35164687774 1.2132664064292
203000 351.838776600671 -2963.19431597941 806.499947617386 -2156.69436836203 -367.593433513931 9017.08682070996 1.19446476953936
204000 347.117877929336 -3101.01714513308 795.678501022091 -2305.33864411099 -2573.17913536726 8859.51158821754 1.21570951445447
205000 348.771627289205 -3446.90792452545 799.469296297679 -2647.43862822777 870.010649041549 8776.92429327321 1.22714884751489
206000 340.292484838482 -3420.2146918342 780.033041975689 -2640.18164985851 -270.326615195692 8978.34504723823 1.19961891356902
207000 337.285854388237 -3398.49932720878 773.141114587653 -2625.35821262112 -668.006481127894 8814.30123848861 1.22194513663598
208000 349.146289581495 -3343.94775725798 800.328113287739 -2543.61964397024 -851.715508838905 8901.42070173148 1.20998578677678
209000 358.881427954154 -3228.08863774508 822.643415379948 -2405.44522236513 5740.13895134736 8795.64047148501 1.2245376065715
210000 341.606609998194 -3528.74586150109 783.045336080138 -2745.70052542095 -1695.58293564039 8827.88863924341 1.22006438587548
211000 338.941565672597 -3304.90594193305 776.936407070782 -2527.96953486227 923.244438520849 8904.31465899976 1.2095925339217
212000 347.347137181424 -3157.03410706945 796.204018921471 -2360.83008814798 2556.04506808643 8847.16235906866 1.21740645125331
213000 365.095812959457 -3967.21988859291 836.88829546302 -3130.33159312989 -3435.43584297745 8953.80019071932 1.20290740264446
214000 357.916501514631 -3472.12385696542 820.431569572476 -2651.69228739294 -1269.1822822796 8850.11983271108 1.21699962653684
215000 345.536252445745 -3085.71720012771 792.053031191873 -2293.66416893584 2629.56892812795 8958.65961635734 1.20225491228063
216000 339.985459475839 -2929.74033147087 779.329265259316 -2150.41106621155 4642.80387042766 8879.58399199065 1.21296138883654
217000 366.210231686793 -3583.86841262645 839.442813910088 -2744.42559871637 -1944.8214206369 8847.7894973521 1.21732016052586
218000 338.022457371717 -2683.79141863764 774.829587567609 -1908.96183107003 867.976821488729 8841.89594536678 1.21813156338484
219000 350.652785759545 -3302.99879005943 803.781368498609 -2499.21742156082 -188.095933944619 8818.5781670996 1.22135250457933
220000 354.921018969093 -3460.79151232986 813.565195890173 -2647.22631643969 -1053.82542480475 8862.92733939754 1.2152409828904
221000 347.997553576701 -2742.44107807791 797.694931304092 -1944.74614677382 5378.91562567623 8826.70405843093 1.22022812364804
222000 340.343442521672 -3084.03726880658 780.149849364632 -2303.88741944195 3503.48703605285 8808.02867558691 1.22281533449912
223000 363.707939917549 -3257.61275736358 833.70695329712 -2423.90580406646 -3954.83457334929 8896.93675287776 1.2105956050246
224000 349.56759308826 -3660.39517419804 801.293843271852 -2859.10133092619 472.055389391369 8999.46284393974 1.19680393352239
225000 347.133821637813 -3610.16428954598 795.715047875101 -2814.44924167088 3841.44282515692 8950.0208936633 1.20341535055425
226000 349.159073997587 -3514.070528363 800.35741827512 -2713.71311008788 1755.68746202122 8892.90440754784 1.21114453024752
227000 359.423582050288 -3439.81245634072 823.88616427294 -2615.92629206778 -1466.71411900781 8992.81958477205 1.19768804763458
228000 374.555436930892 -3001.35756154383 858.572051617338 -2142.78550992649 1532.68455539336 8933.52983121148 1.20563682382142
229000 346.697640928847 -3515.22608628721 794.715215729447 -2720.51087055776 -883.141023982886 9033.28810946051 1.19232248553389
230000 354.674286126561 -2937.54847294922 812.999624276661 -2124.54884867256 -3439.48921834746 8932.25555425987 1.20580882015619
231000 364.456472933189 -3448.01956172174 835.422772808931 -2612.59678891281 -366.982911013023 8854.10599311964 1.21645172754712
232000 363.727526564929 -2780.09772367017 833.751850651068 -1946.3458730191 1073.1076656758 8904.47804076485 1.2095703399916
233000 339.616301969042 -3303.32075862862 778.483066574876 -2524.83769205374 -1775.72311661849 8891.87721960932 1.21128444142967
234000 359.419191667796 -3449.53138470339 823.87610044972 -2625.65528425367 -3941.69798764967 9097.8392184843 1.18386270328154
235000 363.475991940511 -3378.09133429657 833.175272186985 -2544.91606210959 -879.875523909258 9050.43914285813 1.19006297497895
236000 359.931826472983 -3265.7851087965 825.051183956787 -2440.73392483971 -3405.73906635443 9071.25274085051 1.18733242683368
237000 361.878194621868 -3316.01948795385 829.512732582229 -2486.50675537162 -130.18793916347 8858.88627938731 1.21579532590643
238000 364.98863647536 -2681.55235544003 836.642620925252 -1844.90973451478 3289.97547632098 8869.92646198042 1.21428205491693
239000 345.850124382543 -3182.91577548666 792.772501919438 -2390.14327356722 -690.232389380627 8843.77069901111 1.21787333681322
240000 349.575647285933 -3601.80645825312 801.312305449511 -2800.4941528036 -5612.73654412619 8835.56945089145 1.2190037768453
241000 356.740110147556 -3018.49973088479 817.734994780208 -2200.76473610458 4085.72172615471 8634.58607339616 1.2473779796348
242000 358.326078580978 -3064.36791452633 821.370419706466 -2242.99749481987 -607.5124175432 8861.87432970639 1.21538538355379
243000 339.717780329309 -3295.14233378809 778.71567962859 -2516.4266541595 -878.191823436793 8749.43352428916 1.23100455604533
244000 363.094093199446 -3668.92547237337 832.299867498395 -2836.62560487498 -598.24875948083 8969.43843972169 1.20081012915117
245000 347.56079214803 -3616.85011419654 796.693768007803 -2820.15634618874 -1001.4770849659 8801.81742867899 1.22367824809929
246000 358.016083356871 -3540.57048334849 820.659835346152 -2719.91064800234 1478.20824722785 8843.89311485517 1.21785647919288
247000 369.378857935045 -3126.96791283037 846.706075020544 -2280.26183780983 1763.30848785146 8774.49198439027 1.22748901593123
248000 357.067123898403 -3110.27613709053 818.484589738095 -2291.79154735244 -2441.21949074033 8878.24393337378 1.21314447001489
249000 360.007625817538 -3261.43934613446 825.224934468324 -2436.21441166614 -1736.45974579897 8806.91653965145 1.22296975141335
250000 345.431332126343 -3366.99464095468 791.812528331674 -2575.18211262301 -685.237150653544 8594.89736395959 1.25313800446056
251000 350.487541257433 -3756.72400102547 803.402587957178 -2953.32141306829 1395.69367351016 8517.47189122187 1.26452927215596
252000 367.131703761767 -3596.22444683033 841.555051757711 -2754.66939507262 -3161.66166884806 8674.72549362691 1.24160615101061
253000 373.066668309401 -3696.42901125138 855.159432272627 -2841.26957897876 2261.63049353182 8736.12469807194 1.23287989851985
254000 340.811422799502 -3549.91635366444 781.222573847142 -2768.69377981729 48.0147580482778 8757.49231171921 1.22987176555126
255000 364.88716474799 -3214.79969686124 836.410023075751 -2378.38967378549 3683.96359963051 8612.29626812124 1.25060636512047
256000 341.913038966414 -3709.56816194739 783.747745715613 -2925.82041623178 -865.450596781467 8811.52016034839 1.22233080503896
257000 341.817811291182 -3355.50246444105 783.529460750468 -2571.97300369058 2611.53600650406 8672.72869239298 1.24189201729126
258000 357.410247999844 -3290.18603385724 819.271113533204 -2470.91492032403 1401.14513011256 8762.88660268569 1.22911467642576
259000 345.190655010969 -3206.57986546494 791.260837915917 -2415.31902754902 54.2271352577226 8880.68471962337 1.21281104681222
260000 364.84997774413 -3213.99281651025 836.324781429122 -2377.66803508112 -1765.09144797258 8771.56528512633 1.22789857694829
261000 335.133039394865 -3504.80990103334 768.206339642835 -2736.6035613905 -2658.99201622235 8830.30663490917 1.21973029663952
262000 350.063174786639 -3516.60047107314 802.429836915429 -2714.17063415771 -2229.72126944639 8909.21675233937 1.20892698321517
263000 368.905972535086 -3522.11909056229 845.62210680652 -2676.49698375577 37.6188446219226 8727.2816442347 1.23412913324859
264000 351.116035748645 -3046.9520318956 804.843250010228 -2242.10878188537 660.096834276682 8763.31562224967 1.22905450351116
265000 332.618411278741 -3260.05050873544 762.442201125968 -2497.60830760947 -1238.40039552038 8696.2837152898 1.23852819018299
266000 351.588027469626 -3813.57842413251 805.925169694934 -3007.65325443758 1380.14736846457 8781.10311206725 1.22656486249597
267000 369.191456827465 -3267.31243244302 846.27650615691 -2421.03592628611 -544.299021259939 8746.13430636473 1.23146891574461
268000 359.040304607439 -3025.75229906123 823.007599264936 -2202.74469979629 -2032.09308840161 8710.68028084623 1.23648121432019
269000 355.074035530423 -3400.85140880676 813.915947020816 -2586.93546178594 -5439.73205005791 8790.94274111746 1.22519197865309
270000 339.830376339892 -3315.00166839358 778.973777037619 -2536.02789135596 2255.9330011685 8739.41443154825 1.23241581178884
271000 357.112351332942 -3518.31000975626 818.588262005087 -2699.72174775118 -1439.43124669915 8831.69815709359 1.21953811595846
272000 335.479366512108 -3698.86974252682 769.000205528266 -2929.86953699855 634.942098920575 8749.22770134196 1.23103351505684
273000 346.367374098792 -4009.36911537656 793.958163923751 -3215.4109514528 -2067.00676042505 8678.84051560991 1.24101745064257
274000 331.171920696812 -3397.49599496611 759.126493318472 -2638.36950164764 -595.789061096549 8618.52608664233 1.2497023763621
275000 349.905431960323 -3440.62990214903 802.068252037292 -2638.56165011174 2267.90329671682 8576.93595802342 1.25576226567719
276000 342.156497345662 -2815.1289076859 784.305811463815 -2030.82309622209 2354.10246325718 8502.86287364581 1.26670189691034
277000 347.339222880798 -3433.64978236415 796.185877421827 -2637.46390494232 3163.29601023649 8595.9712661676 1.25298144883372
278000 362.644892500873 -3524.84627241661 831.270190373636 -2693.57608204298 868.546981568177 8628.5071676687 1.2482567751202
279000 347.431000948818 -3897.4977958029 796.396255049234 -3101.10154075367 -3818.37662767201 8824.25013794205 1.22056745478064
280000 346.45791815175 -3240.76137193857 794.165712888858 -2446.59565904972 2130.58027070516 8808.19270493442 1.22279256279008
281000 361.576116420175 -3003.22385424257 828.82029596056 -2174.40355828201 423.12116994335 8908.18267846988 1.20906731709118
282000 362.110491743635 -3508.66668786351 830.045214016899 -2678.62147384661 -1871.82123539732 8870.85094964191 1.21415550687958
283000 357.924899157607 -3373.48877403588 820.450819010204 -2553.03795502567 -2632.65617654807 8862.17477469063 1.21534417962228
284000 352.112791104078 -3290.65272808324 807.128055425116 -2483.52467265813 2261.4586248879 8866.54078901366 1.21474572637858
285000 354.696830134441 -3619.29688633188 813.051300619303 -2806.24558571258 -1576.96768023233 8873.2259697896 1.21383052430829
286000 365.265614674949 -3701.69201546081 837.277522244594 -2864.41449321622 2450.45610742284 8625.6410881359 1.24867153886452
287000 364.464790426486 -3336.24809313032 835.441838524123 -2500.8062546062 1223.54882730726 8813.50139359 1.2220560308811
288000 378.671114095737 -3603.62176433343 868.006183494236 -2735.61558083919 -1868.92838567712 8939.74765420017 1.20479827259501
289000 354.895566452293 -3378.82330658787 813.506852538526 -2565.31645404934 -1681.27993907932 8849.59571640986 1.2170717032015
290000 364.772429591294 -3530.93138002578 836.147022224169 -2694.78435780161 524.429479102638 8769.93775117885 1.22812645161226
291000 348.138117395731 -3253.71571394233 798.017137724261 -2455.69857621807 -3067.29941697418 8884.134716764 1.21234007301713
292000 355.957970264706 -3799.54687664844 815.942140164687 -2983.60473648375 -2478.33723194901 8892.47665266421 1.21120278994365
293000 362.032602335226 -3576.97798334845 829.866672571273 -2747.11131077718 109.234791942966 8820.11690651077 1.22113942993943
294000 340.633847767 -3585.76305123116 780.81552873462 -2804.94752249654 1458.57249764828 8753.58665561127 1.23042050703999
295000 367.496305284757 -3921.49172135012 842.390807020486 -3079.10091432964 -1366.36163904096 8744.2487510015 1.23173446203507
296000 358.331329713946 -3066.76062589278 821.382456578877 -2245.3781693139 4144.66099071552 8724.40588021224 1.23453593048031
297000 365.181244876482 -3573.59606983948 837.084126170684 -2736.5119436688 -185.881796235211 8802.02495785526 1.22364939690424
298000 342.987980843731 -3678.51441356153 786.211773632386 -2892.30263992915 -1180.58869048498 8665.93115503603 1.2428661546609
299000 346.466462553711 -3568.83128172122 794.185298733831 -2774.64598298739 -3046.03111437962 8766.33366787738 1.22863136851413
300000 361.757958346845 -3386.77965234375 829.237121831066 -2557.54253051269 -2784.18369316468 8856.50650682416 1.21612201412788
301000 354.543342336126 -3251.27456949221 812.699469299013 -2438.57510019319 992.287652714475 8922.73982262607 1.20709476520921
302000 361.539218018078 -3442.34987155617 828.735715859282 -2613.61415569689 -12.967671021223 8789.35218309514 1.22541369453043
303000 358.527035557293 -3302.73213838133 821.831061914346 -2480.90107646699 1734.66579853932 8819.55996144127 1.22121654349018
304000 342.636017595931 -3469.55682192518 785.404988366543 -2684.15183355864 264.617124728046 8882.59436372062 1.21255030796028
305000 331.756478413662 -3767.36422863456 760.466441611192 -3006.89778702336 -379.906710496562 8846.37877540006 1.21751428518599
306000 334.505433582027 -3554.40616322448 766.767714656503 -2787.63844856797 602.043905077726 8674.73563034192 1.24160470015282
307000 356.795036753217 -3313.54906110039 817.860899903619 -2495.68816119677 -2013.82458106425 8788.6476800387 1.22551192439748
308000 358.885622808763 -3452.91195829091 822.653031005762 -2630.25892728515 -1374.44262672021 8855.134914006 1.21631038214675
309000 364.869751567288 -3714.92045127905 836.370107835424 -2878.55034344362 207.667328321301 8634.01787232467 1.24746006905308
310000 350.713647003717 -3262.93608077589 803.920877255179 -2459.01520352071 4379.16175730435 8680.90385600573 1.24072247658454
311000 339.248827204393 -3324.41837511725 777.640725144226 -2546.77764997303 302.244186180661 8780.9833627545 1.226581589586
312000 353.11696722342 -3714.49207982212 809.429871033594 -2905.06220878853 -2093.87284952228 8807.96794813152 1.22282376532722
313000 359.506873333046 -3109.41516906833 824.077088126846 -2285.33808094149 1114.01981372384 8693.99135513624 1.23885475511229
314000 342.796082180626 -3430.63385242436 785.771895278906 -2644.86195714545 938.814968515281 8667.31402572942 1.24266785525972
315000 352.305280909028 -3776.24809140225 807.56928881931 -2968.67880258294 -3131.40048016411 8643.32268698456 1.24611713819668
316000 347.753879508975 -3581.16633403535 797.1363711455 -2784.02996288985 -1724.10464961467 8826.22674980091 1.22029411168919
317000 365.758271285088 -3695.37600837051 838.40681087534 -2856.96919749517 -292.369433354336 8654.9154049014 1.24444804222074
318000 363.064728739742 -3422.04048077356 832.232557023292 -2589.80792375027 -1440.86493414916 8666.06470955223 1.24284700059344
319000 370.909230222954 -3687.71572180793 850.214060075399 -2837.50166173253 -1078.70746011102 8749.87171623419 1.23094290756656
320000 343.769089584869 -3070.82140655558 788.002264620611 -2282.81914193497 1196.96318983011 8823.80108544519 1.22062957073927
321000 344.735126868006 -3144.26133566496 790.216656751501 -2354.04467891346 -4.75608479715508 8856.47816459212 1.21612590592456
322000 349.456342048375 -3509.3921949151 801.038828862393 -2708.35336605271 874.311261488409 8814.40078063765 1.22193133705415
323000 377.614221944793 -3254.02278374477 865.583529935101 -2388.43925380967 1421.48808068672 8758.64352500432 1.22971011441071
324000 347.331983826075 -3542.00884513676 796.169283749829 -2745.83956138693 -1437.22659953556 8881.65688613493 1.21267829519845
325000 373.65103396294 -3140.52682250019 856.498940309579 -2284.02788219061 2422.21782697162 8957.4581249867 1.20241617442467
326000 340.29651440229 -3415.58047425717 780.042278714832 -2635.53819554234 -4170.41989005211 8997.47331773993 1.19706857145992
327000 383.628345584741 -3308.37116549348 879.369362319596 -2429.00180317388 -3373.28137682372 8899.7499145385 1.21021294245819
328000 347.325051953002 -3070.05192968368 796.153394212798 -2273.89853547088 -1251.3955696971 8905.96099497772 1.20936893135839
329000 352.360147073994 -3306.93504568823 807.695055397965 -2499.23999029026 2378.1990438164 8815.5957928798 1.2217656961898
330000 361.887058113738 -3780.75746083004 829.533049858789 -2951.22441097125 2161.19925276507 8746.71568688686 1.23138706193035
331000 345.327698348989 -3488.98098751665 791.574974538385 -2697.40601297826 1761.73548626039 8907.44772070953 1.20916707781224
332000 331.466620240103 -3466.10005002713 759.802016262598 -2706.29803376453 -3177.47572691192 8905.74943282567 1.20939766074222
333000 355.442386350849 -3399.78140920079 814.760296584127 -2585.02111261666 -366.04977680783 8867.78602032214 1.21457514948296
334000 354.821475176597 -3272.57418622426 813.337017335753 -2459.23716888851 1209.26024602185 8805.8925272143 1.22311196712083
335000 357.450284077883 -3715.3156105468 819.36288594997 -2895.95272459683 -569.520718376939 8951.05565038514 1.20327623376492
336000 345.007356904544 -2697.20662649342 790.840674127666 -1906.36595236575 4826.35666904851 8941.908262087 1.20450716061158
337000 345.924819135932 -3341.98394770758 792.943720439685 -2549.0402272679 858.063285041043 9008.86017062318 1.19555552281045
338000 369.219259168438 -3000.65673247262 846.3402358764 -2154.31649659622 1908.64081621872 8870.76967012959 1.21416663172795
339000 343.182973576775 -3338.43810667377 786.658744345806 -2551.77936232796 1144.42177329576 8846.0260059421 1.2175628382712
340000 359.13793475753 -2643.25554892296 823.231391286086 -1820.02415763687 1763.46038634186 8592.6552528336 1.25346499007555
341000 365.872386928551 -3502.83210231318 838.668391652092 -2664.16371066109 3982.80273845104 8928.59671307266 1.2063029474101
342000 350.616537776852 -3773.84174449664 803.698279316611 -2970.14346518003 -723.052689696459 8934.26986256936 1.20553696014262
343000 354.874915679392 -3518.00405375942 813.459515950375 -2704.54453780904 -4889.75646020424 9092.50607338002 1.18455708957386
344000 365.438058665381 -3154.21739322804 837.672805762217 -2316.54458746582 381.83107746188 9052.28558513444 1.18982023157809
345000 364.142558231624 -3550.11692703332 834.703204054133 -2715.41372297919 -2564.23309252464 9107.44332701719 1.18261427982371
346000 356.765331614056 -2613.17609191889 817.792808508438 -1795.38328341045 -997.673944328365 9022.98834653309 1.19368352452257
347000 353.436011846863 -3464.88466704771 810.161198815543 -2654.72346823217 1446.67560053469 9052.25396808862 1.18982438729455
348000 358.156637876985 -3062.24970954015 820.982020450947 -2241.2676890892 -527.930291741477 9118.94380509742 1.18112280998979
349000 362.34537394498 -2882.38953853476 830.583621081952 -2051.80591745281 3395.19967518006 9106.31925090059 1.18276026070034
350000 348.167323452876 -2735.49467554017 798.084085102218 -1937.41059043795 1020.73977892543 9080.1675022149 1.18616672309056
351000 365.343880096874 -3164.67308382528 837.456925604543 -2327.21615822074 2021.14775707875 9028.65282220043 1.19293462084753
352000 364.034306403558 -2830.58538605803 834.455064566756 -1996.13032149127 2384.63203475379 9204.61073895833 1.17013014853842
353000 357.815027653294 -3059.26011108335 820.198966831404 -2239.06114425195 703.536379312107 9258.29748838105 1.16334483145876
354000 368.021560754381 -2808.23623513665 843.594820156362 -1964.64141498029 4053.34506247942 9123.00592731381 1.1805969016165
355000 351.954827004839 -2294.36499159451 806.765963335685 -1487.59902825882 3763.25405880861 8954.32371895742 1.20283707282248
356000 359.361212440373 -3198.61859773865 823.743197975663 -2374.87539976298 -2438.70391268853 9173.82135665285 1.17405736524451
357000 339.708390163537 -2779.15666201384 778.694155087502 -2000.46250692634 3191.37856829851 9202.16272962409 1.17044143291907
358000 360.867804083369 -2774.6294190841 827.196672015382 -1947.43274706872 3118.22020151385 9171.50352028048 1.17435407481436
359000 336.491083508006 -2835.14794330918 771.319306657706 -2063.82863665147 318.873884539729 9051.10820060164 1.18997500554681
360000 354.483123386708 -3035.58176504282 812.561432838049 -2223.02033220477 -1880.09529783783 9459.44313244782 1.13860746139171
361000 349.927477485506 -3310.31180483737 802.118785736498 -2508.19301910087 -1319.25601394849 9207.53184740651 1.16975892233807
362000 342.791892953367 -3633.19885569485 785.762292552345 -2847.43656314251 -84.1356368026457 9136.45187539654 1.17885943888346
363000 330.041419016277 -2960.95518486196 756.535108835665 -2204.42007602629 -2093.9789914956 9092.03118767295 1.18461896015255
364000 343.696771393036 -2867.82261399804 787.836493756783 -2079.98612024126 2637.5057853998 8947.90737952288 1.20369959973703
365000 363.405880259663 -3063.97832247756 833.01455918236 -2230.9637632952 1430.37811365697 8890.88707506174 1.21141933760765
366000 346.307842076691 -3161.35884749736 793.821702067074 -2367.53714543029 -3843.58328364236 9051.95742479412 1.18986336609517
367000 351.356895315584 -3236.18695132298 805.395358649295 -2430.79159267368 -2036.49319082891 9048.56942201072 1.19030887965739
368000 351.037035415979 -3213.21020990087 804.66216205633 -2408.54804784454 731.563694201075 8991.37199256943 1.19788087292091
369000 363.947625218549 -3519.63577763395 834.25637023339 -2685.37940740056 1713.71225425858 8862.66045365976 1.21527757805141
370000 336.495430101799 -3340.52027141825 771.329270106591 -2569.19100131166 -426.636099792596 8846.07988682162 1.21755542217758
371000 350.266153963958 -3281.52384032672 802.895114499261 -2478.62872582746 -1254.40130262243 8925.87821949763 1.20667034283399
372000 353.603707895097 -3270.29102456049 810.545598896235 -2459.74542566426 1646.48910751081 8937.51549146399 1.20509917342268
373000 364.913928625448 -3387.79255635517 836.47137238459 -2551.32118397058 -1401.97708427572 9003.27092985953 1.19629772502956
374000 345.802707677552 -3453.13104246331 792.663811312731 -2660.46723115058 -1506.71036193486 9013.32342642429 1.19496350254553
375000 342.633248893369 -2989.4676420432 785.398641827673 -2204.06900021553 -1526.12761271735 9075.24244845185 1.18681044527389
376000 380.713591510645 -3121.97404639135 872.688037905077 -2249.28600848627 -2055.57199534202 9049.38010575005 1.19020224649111
377000 345.591439860159 -3078.62219337421 792.179534152302 -2286.44265922191 1150.17065852547 8914.0290490226 1.20827433610356
378000 365.808217411141 -3383.61664098822 838.521299529587 -2545.09534145863 -3080.40399776061 8999.63899333196 1.19678050855105
379000 366.394895571738 -3259.733324143 839.866108394493 -2419.86721574851 -2971.23381177305 9023.99508135765 1.19355035481638
380000 352.704455521656 -3783.94337696686 808.484294002324 -2975.45908296453 -4416.3658451912 8928.13989716292 1.20636466893157
381000 349.11920759696 -2585.65312396089 800.266034800199 -1785.38708916069 851.220529310024 9004.28036238251 1.19616361305367
382000 348.896056705786 -2921.31664188139 799.754518747929 -2121.56212313346 -2212.41283743788 8933.37900552787 1.20565717905296
383000 363.042702476705 -3286.49250334559 832.182067477603 -2454.31043586798 1626.51895651047 8869.86680475656 1.21429022197265
384000 367.040383137445 -2766.29230818806 841.345722702386 -1924.94658548567 2846.95551743235 8732.37883452734 1.23340875783233
385000 368.562560673224 -3169.09845005955 844.834923394622 -2324.26352666493 3167.13431730594 8660.5038317853 1.2436450280971
386000 326.794737306577 -3322.6144315788 749.092925645677 -2573.52150593312 -646.086903073226 8842.15535364453 1.21809582623724
387000 357.791470028355 -2990.63066184861 820.144967032228 -2170.48569481638 3404.91263174204 8872.59452755974 1.21391690984643
388000 361.105525513512 -2721.37891025783 827.74158728257 -1893.63732297526 -387.002605758995 8830.03687926625 1.21976755912606
389000 337.308001633082 -3697.06063409473 773.191881453033 -2923.8687526417 -4443.86426608177 8826.87593319229 1.22020436366555
390000 333.22594735362 -2909.34343240179 763.834821397387 -2145.5086110044 1560.8600846416 8789.3517637131 1.22541375300078
391000 338.215490906606 -3171.19818672808 775.272067322912 -2395.92611940517 -2661.42756090158 8890.61393515876 1.21145655516796
392000 355.266474990509 -3264.3341491916 814.357065012353 -2449.97708417924 -2567.03278482313 9035.29668576819 1.19205742830568
393000 348.881393680494 -2963.77991818391 799.720907531892 -2164.05901065202 2655.3420697121 8892.86670811253 1.21114966463966
394000 348.431690319727 -3090.01962864809 798.690078183275 -2291.32955046481 -561.135762384434 8979.54295350521 1.19945887969847
395000 367.867697928641 -2997.10883728138 843.242129182109 -2153.86670809927 3780.08030211581 8858.61140367022 1.2158330510754
396000 339.442549886375 -3548.7832790028 778.084784592079 -2770.69849441073 -135.075060583884 8868.6418796407 1.21445793813607
397000 381.46408729799 -3262.21874268532 874.408356566451 -2387.81038611887 1881.29352390745 8798.36437121547 1.22415850001081
398000 349.964090736402 -3370.42236401307 802.202712201951 -2568.21965181112 -660.920017916919 8745.80096872495 1.23151585197644
399000 352.600844315857 -3433.81504162448 808.246791948523 -2625.56824967596 -5196.33912366803 8960.52442367964 1.20200470663889
400000 352.878388101784 -3152.79963920421 808.882989729148 -2343.91664947506 -690.703150981583 8758.80043573091 1.22968808460092
401000 358.059542000368 -3012.29707884058 820.759453114389 -2191.5376257262 -981.669503450341 8845.91389796626 1.21757826895556
402000 354.380552046672 -3440.10503736209 812.326314409191 -2627.7787229529 -2002.33963240243 8909.15859858266 1.20893487438075
403000 345.104610889159 -3403.69655195809 791.063603886163 -2612.63294807193 741.454774831123 8964.92805696489 1.20141427379866
404000 352.404560010472 -3325.78645906881 807.796860637538 -2517.98959843127 914.414354089184 8952.95053239867 1.20302156168957
405000 330.253649004466 -2847.20723336593 757.021591525296 -2090.18564184064 1090.82151162603 8607.90104190569 1.25124492937145
406000 349.446009876021 -3092.90947747611 801.015145013379 -2291.89433246273 1172.26959929496 8841.56404300359 1.21817729067275
407000 362.248228371998 -3325.40399523392 830.360939829252 -2495.04305540467 -1533.20303171657 8800.20574966089 1.22390235383198
408000 346.235185593168 -3723.47869560937 793.655155756513 -2929.82353985286 -2347.8584669337 8772.32040423643 1.22779287975097
409000 353.887983028546 -3810.70376232112 811.197226560618 -2999.50653576051 1653.80622152693 8778.53781981885 1.22692329318209
410000 352.145663735162 -2938.96009255477 807.203407481257 -2131.75668507352 1587.55515325676 8814.36208172764 1.22193670186789
411000 370.587737093671 -3649.27809158633 849.477119723255 -2799.80097186308 -3801.84598209932 8931.35419918994 1.20593051076091
412000 364.957876660836 -3071.17338701614 836.572111957928 -2234.60127505821 -1551.84102196714 8928.63958755388 1.20629715485766
413000 349.988301452895 -3717.45420560866 802.258209045626 -2915.19599656303 -1919.55542020633 8857.99094721674 1.2159182138925
414000 348.639469929751 -3503.63245078339 799.166359525028 -2704.46609125836 1620.99491847335 8960.14796969358 1.20205520797711
415000 364.784119048435 -3798.4504565548 836.173817299638 -2962.27663925517 -27.0901027815256 8931.18007164462 1.20595402229219
416000 355.037858618441 -3417.49207940686 813.833020750152 -2603.65905865671 4028.98886448274 8795.03527971476 1.22462186775503
417000 366.608103428281 -3107.56925441335 840.354832595944 -2267.21442181741 4300.29738398502 8668.1749053014 1.24254443973303
418000 355.501396936454 -3733.35522449197 814.895563181684 -2918.45966131029 1564.22166008827 8995.52300707937 1.19732810674147
419000 346.673063599632 -3574.63335270251 794.658878520353 -2779.97447418216 -1436.64213634236 8703.15246776733 1.23755071178004
420000 348.790749183876 -3179.38696000049 799.513128325517 -2379.87383167498 2020.97044708984 8759.4275018917 1.22960005421469
421000 368.60158439055 -3244.21026277091 844.924375234705 -2399.2858875362 2262.53182121691 8863.08052695725 1.21521997892907
422000 348.738893537872 -3226.66588517059 799.394262587665 -2427.27162258293 4572.3342893399 8734.25803702421 1.23314338614219
423000 341.403865108906 -3609.1027299526 782.580595541389 -2826.52213441121 -1637.17871852478 8948.1607677589 1.20366551414936
424000 336.329608355275 -3228.46081527685 770.949166380737 -2457.51164889611 -1483.23914067634 8836.28388685623 1.21890521729804
425000 349.116218911576 -3390.773279666 800.259184007263 -2590.51409565874 -2559.0268909219 8804.49638184683 1.22330591826042
426000 347.418900337921 -3392.37992533649 796.368517509475 -2596.01140782701 759.681699076683 8734.21001720462 1.23315016584211
427000 329.76559925686 -3214.57010039552 755.902862942614 -2458.66723745291 3473.92759265962 8798.0407384742 1.22420353023775
428000 358.142538347511 -3147.23939469434 820.949700904214 -2326.28969379013 -213.881995098833 8679.67578772236 1.24089802368551
429000 338.350288677034 -3239.08762255224 775.581056558948 -2463.50656599329 -1739.52635480678 8633.19588688393 1.2475788424515
430000 354.614050415013 -3242.10775710524 812.861549392826 -2429.24620771242 -3039.46167815734 8817.23253654679 1.22153889971398
431000 340.87997586995 -3280.48945204148 781.379714138099 -2499.10973790338 1310.47729496099 8647.91351575082 1.24545562482774
432000 342.975194516413 -3265.43951966989 786.182464264011 -2479.25705540588 2707.16880207224 8590.13947863061 1.25383208945667
433000 346.192746074664 -3666.44189480676 793.557874070334 -2872.88402073643 267.371041652988 8831.41226672792 1.21957759483085
434000 363.03797505455 -3288.04540521603 832.1712310776 -2455.87417413843 -3127.47161725392 8808.56589802882 1.22274075665664
435000 352.31383634916 -3445.59204313092 807.588899966454 -2638.00314316447 -393.777154394719 8731.33049870038 1.23355684827402
436000 340.686029698059 -3983.36585123125 780.935142397082 -3202.43070883417 1804.42976825844 8665.02213881426 1.24299653926673
437000 362.889602384476 -3494.61132709571 831.831124873847 -2662.78020222186 656.389203935247 8674.72510271052 1.24160620696214
438000 348.395160729937 -3424.67653885212 798.6063434894 -2626.07019536272 502.353452369937 8665.47863216033 1.2429310587926
439000 350.500557085708 -3397.53488743151 803.4324233975 -2594.10246403401 -4346.5513801963 8740.70283538973 1.23223415027991
440000 353.278485300968 -3317.25955965541 809.800109704671 -2507.45944995074 -351.08112946525 8697.01804827504 1.23842361501732
441000 357.686193691741 -3146.80564727425 819.903648094091 -2326.90199918016 1218.07869636962 8742.89354610144 1.23192538882261
442000 345.721462933175 -3198.65366041055 792.47757862196 -2406.17608178859 1188.16257008722 8686.07943072887 1.23998319576867
443000 359.477619380957 -3469.97415362519 824.010030962039 -2645.96412266315 358.208968689029 8859.8695697803 1.21566039391286
444000 354.466304461094 -3434.5518144778 812.522879774748 -2622.02893470305 1211.78750298602 8803.57197220765 1.22343437018721
445000 359.725309461413 -3056.25955328778 824.577796797412 -2231.68175649037 535.82512511311 8925.61069214981 1.20670651036669
446000 352.249447123172 -2884.68186816363 807.441304218513 -2077.24056394512 -1897.67695155363 9011.67412853761 1.19518220228448
447000 343.004607304941 -2728.2943607989 786.249885520519 -1942.04447527838 550.775258356704 8897.41542143012 1.21053047666785
448000 354.737196272126 -3270.97118362284 813.143829612962 -2457.82735400988 -184.836914665022 8892.29447347113 1.21122760423063
449000 350.129861911049 -3330.80333120162 802.582700004777 -2528.22063119685 -155.231082238273 8913.1762436791 1.20838994279439
450000 334.981956321338 -3280.60031355253 767.860020535933 -2512.7402930166 -815.550093905289 8855.82823410796 1.21621515757646
451000 356.741950764778 -3566.10059564368 817.739213922021 -2748.36138172166 221.348539607607 8595.82793762411 1.25300234129543
452000 366.136436791369 -3619.22230554687 839.273658082896 -2779.94864746397 3775.15425669782 8724.6075676567 1.23450739161538
453000 364.309858538928 -3549.71050024699 835.086697000477 -2714.62380324652 -1127.32025051274 8788.95154926012 1.22546955354673
454000 344.660834174013 -3308.277166527 790.046359849059 -2518.23080667794 1103.03354000419 8813.52744121056 1.22205241919986
455000 362.3075830179 -3826.70088454103 830.496995096593 -2996.20388944444 1910.20812277023 8736.26081033267 1.23286069006513
456000 354.458465297725 -3447.33969291774 812.504910507951 -2634.83478240979 -1392.72288737522 8847.33151154216 1.21738317561227
457000 318.48335243854 -3253.91380616247 730.041212456292 -2523.87259370618 331.581020819676 8812.27456324031 1.22222616350883
458000 352.986364032018 -2871.39806846688 809.13049679167 -2062.26757167521 482.134862211978 8766.20446165043 1.22864947747156
459000 339.011768192811 -3662.99587436769 777.097328301302 -2885.89854606639 -1325.37487920714 8709.19543770839 1.23669202376399
460000 366.916331817885 -3829.97167921067 841.061366942362 -2988.91031226831 -1740.22669409474 8665.04059409315 1.24299389186449
461000 345.947579301077 -3903.77664834557 792.995892267289 -3110.78075607828 1531.28333239395 8672.50631992194 1.24192386074994
462000 342.112045216995 -4091.74449356114 784.203916386223 -3307.54057717492 -1097.95768436333 8543.05334330495 1.26074274599449
463000 357.950148566601 -3143.81646684275 820.508696789418 -2323.30777005334 3001.9598784487 8770.32466926015 1.22807227068417
464000 356.252865580804 -3284.5526875052 816.618111867646 -2467.93457563755 -1036.52162309473 8664.60002329581 1.24305709464461
465000 339.982989866042 -3900.84006061152 779.323604313723 -3121.5164562978 -2872.08252287084 8662.44160695918 1.24336682657265
466000 347.529735804222 -3698.99875383312 796.622579323325 -2902.37617450979 -1545.90733984089 8733.33068820003 1.23327432748748
467000 351.043614927099 -3465.23368699147 804.677243894167 -2660.55644309731 679.99173798073 8844.77294244509 1.2177353337731
468000 360.239344012169 -3166.09760449747 825.756088861362 -2340.34151563611 2482.9105399245 8721.84242958602 1.23489877490563
469000 354.289372963488 -3432.38866823388 812.117309800539 -2620.27135843334 3133.05136413743 8709.12740971661 1.23670168370704
470000 346.709211517903 -3937.62468770469 794.741738330389 -3142.8829493743 -947.009067499378 8954.98689574249 1.20274799467729
471000 345.748396381006 -3298.87389748153 792.539316627289 -2506.33458085424 2091.35608482096 8914.32418869447 1.20823433198395
472000 345.49893308472 -3328.40846809648 791.96748615047 -2536.44098194601 2198.02519498554 8790.4244396646 1.22526421848484
473000 352.348100678502 -3620.05652688745 807.667442133086 -2812.38908475437 2721.76594487997 8755.13095260488 1.23020347605551
474000 363.543474930985 -3422.90793182123 833.32995959469 -2589.57797222654 545.755900711437 8819.91369665118 1.22116756486009
475000 344.229270531956 -3552.38979254363 789.057111142378 -2763.33268140125 1296.62527463702 8762.86677975299 1.22911745686944
476000 335.932479378309 -3657.73370763372 770.038850291604 -2887.69485734211 -2933.96180048741 8962.22364404786 1.20177680885801
477000 360.821471942996 -3070.46442790204 827.090467494252 -2243.37396040779 1269.54648522027 8813.37670110835 1.22207332064465
478000 353.552836825959 -3520.86141103916 810.42899004774 -2710.43242099142 -1154.28856985523 8807.24871385757 1.22292362588432
479000 360.338681946609 -3256.51428390929 825.983795539109 -2430.53048837018 1008.04596339383 8740.27551541964 1.23229439532131
480000 342.261790020647 -3362.43747908557 784.547167853467 -2577.89031123211 96.5503752768124 8817.73475703472 1.22146932607867
481000 364.874587035971 -3158.12234957518 836.381191904319 -2321.74115767086 -1044.54189722103 8841.79371318952 1.21814564788465
482000 356.941986225443 -3489.76245535856 818.19774379217 -2671.56471156639 -161.115684134469 8889.27793456149 1.21163862920065
483000 339.403679858172 -2573.87116592023 777.995685044803 -1795.87548087543 4487.5732104395 8828.45127206398 1.21998663177734
484000 375.229316745998 -3232.35739274535 860.116747858138 -2372.24064488721 50.5432500922607 8966.96626934607 1.20114118952754
485000 352.021547894352 -3055.52646086659 806.918903822852 -2248.60755704374 1113.72604705249 8694.98473355793 1.23871321931677
486000 359.648075799334 -3259.53080209143 824.400758481673 -2435.13004360976 3598.70265684641 8643.77236013714 1.24605231170674
487000 329.867270049222 -3010.5487540405 756.135917097436 -2254.41283694307 -1693.80122729838 8762.89602116189 1.2291133553571
488000 345.634739269277 -3449.11602328332 792.278786916659 -2656.83723636666 -2854.18453836473 8874.9364834566 1.21359657630144
489000 341.459110525125 -3357.88192962049 782.707231456045 -2575.17469816445 -1292.44994056708 8695.38784827398 1.23865579306547
490000 361.671097110845 -3130.75362640511 829.038014777087 -2301.71561162802 697.77058638495 8797.86810381825 1.22422755196128
491000 370.233062069311 -3446.18245043577 848.664118406768 -2597.51833202901 1486.19668606835 8786.87723500324 1.22575884960702
492000 348.890491709582 -3328.84970812165 799.741762424732 -2529.10794569692 -1134.82169769204 8785.66660195172 1.22592775473895
493000 354.747656874192 -3302.52284468977 813.167807854074 -2489.3550368357 687.079630031741 8832.10336739381 1.21948216446134
494000 357.171286008617 -3350.19006638372 818.723354598646 -2531.46671178508 256.545918710205 8875.21781943662 1.21355810644199
495000 351.306632506387 -3314.87989638934 805.280144080348 -2509.59975230899 834.037492110295 8929.23874318358 1.20621621181736
496000 363.389138756258 -2713.91114793476 832.976183589569 -1880.93496434519 2560.6139422188 8836.00183479485 1.21894412570205
497000 348.338674650888 -3614.57216923535 798.476863674142 -2816.09530556121 -1762.33914898606 9024.06147473393 1.19354157342254
498000 366.194919994313 -3217.19597615316 839.407715791277 -2377.78826036188 -277.035519205273 9072.44682380598 1.18717615439242
499000 340.079044826569 -3207.69594201265 779.543785617734 -2428.15215639491 3963.73483551252 8927.64947637574 1.2064309379212
500000 359.679257793901 -3256.86725405849 824.472235188214 -2432.39501887027 -2143.14622629975 9001.98984258277 1.19646797203289
501000 367.07325687118 -3156.42194626045 841.421077286073 -2315.00086897438 -1017.0652342082 8889.30008306563 1.21163561029219
502000 371.584675805452 -3378.67411286762 851.762345435433 -2526.91176743219 -284.478990550831 8997.01455772872 1.19712961028427
503000 346.204830922324 -3121.80499022913 793.585575476925 -2328.21941475221 4022.99054111346 8989.49330074019 1.1981312150629
504000 360.944967156693 -3323.99477318743 827.373548524548 -2496.62122466289 2668.11269436712 8944.53072281033 1.20415400930409
505000 339.043835892592 -3277.17589761521 777.170835259356 -2500.00506235585 -1652.29118536273 8929.34194145632 1.20620227132427
506000 351.915043478757 -3227.8885078869 806.674769829355 -2421.21373805755 -797.275867633306 9058.84940057324 1.18895811763182
507000 365.541773256139 -2694.26530508925 837.910544799458 -1856.35476028979 2343.08637392146 8875.37113416129 1.21353714322545
508000 381.859129470799 -3021.86028281996 875.313889193513 -2146.54639362645 938.11271119208 9002.79469361378 1.19636100763865
509000 351.31412276935 -3210.48819136504 805.297313582657 -2405.19087778239 911.110749331358 8915.39230144469 1.20808957890393
510000 342.113628677187 -2861.92408137142 784.20754606165 -2077.71653530977 -2656.60220150943 8915.56107648454 1.20806670929819
511000 352.081987108785 -3205.50111558036 807.057445184736 -2398.44367039563 -368.508658183441 9000.53368485735 1.19666154345229
512000 350.416910682812 -3400.39382559005 803.240685521972 -2597.15314006807 1282.57497910083 8969.68997396047 1.20077645520451
513000 339.392222304022 -3409.69011263839 777.969421547326 -2631.72069109107 -3324.05171942101 8868.00615957899 1.21454499888699
514000 362.961864934166 -4043.75131134268 831.996768192366 -3211.75454315031 -1168.38482659361 8886.61634187151 1.21200152193668
515000 360.232117031586 -3667.71161818808 825.739522866226 -2841.97209532185 -188.264796000176 8936.28291769534 1.20526539170868
516000 363.032287215326 -3319.38886001629 832.158193168361 -2487.23066684793 -1656.58072144382 8919.42269533269 1.20754368293944
517000 350.990111420565 -3778.98335737775 804.554600859667 -2974.42875651809 1284.16534473147 8740.68722511279 1.23223635096687
518000 339.419657933692 -3392.88927871549 778.032310675424 -2614.85696804006 -631.608002374116 8900.03549353747 1.21017410987141
519000 362.254401786467 -3327.45746339727 830.375090794915 -2497.08237260236 1800.58547452745 8884.27194409024 1.21232134709476
520000 340.872858966329 -2956.05124804047 781.363400466102 -2174.68784757437 1437.93415011579 8902.14148464853 1.2098878174189
521000 367.834706144462 -2839.24655393265 843.166503998128 -1996.08004993452 -343.882058366638 9108.06095149148 1.18253408585852
522000 347.058653338274 -2536.57452765584 795.542743872039 -1741.0317837838 2749.08391278858 8896.34654008623 1.21067591990535
523000 348.245809844912 -3131.3066445302 798.263994979343 -2333.04264955086 -3820.55742862866 9136.13722638884 1.17890003885952
524000 364.149482751494 -3287.28534504032 834.719076735838 -2452.56626830448 210.614609269546 8990.29795114653 1.19802397982173
525000 349.447002458985 -3119.04541099632 801.017420254659 -2318.02799074166 -348.961701425505 8926.61493274887 1.20657075636834
526000 352.796971942875 -3942.23644453619 808.696364114628 -3133.54008042156 -3862.50755108818 8991.82671172676 1.19782029575471
527000 335.422918032921 -3544.73424958326 768.870811901028 -2775.86343768224 82.0341532342825 9141.36587873332 1.17822573498263
528000 341.993989876236 -3224.99929815805 783.933304866204 -2441.06599329185 2657.3930675675 8961.52816173488 1.20187007582093
529000 352.520461782526 -3317.0701263014 808.062535654924 -2509.00759064648 873.396601314809 9125.18352895862 1.18031516813173
530000 351.690881888031 -3291.94393460933 806.160937008183 -2485.78299760115 1379.39706362972 9036.93613996921 1.19184116877608
531000 353.153441171788 -3081.2170019017 809.513478183814 -2271.70352371789 -23.1786413686793 8948.15601067158 1.20366615405125
532000 357.135512883696 -3246.59365968467 818.641353906015 -2427.95230577865 -51.3798592578749 8942.45146804712 1.20443399326245
533000 354.038438116415 -3366.93954246399 811.542106171835 -2555.39743629215 -442.590107604189 8841.26328835178 1.21821872960234
534000 346.942098865108 -3196.91546572692 795.275572705144 -2401.63989302178 1109.1999626193 8755.37285769566 1.23016948635702
535000 363.534523093983 -2913.8878866633 833.309439809625 -2080.57844685368 -1241.64072867227 9048.63639683636 1.1903000694095
536000 339.082791671819 -2855.12143146936 777.260131368812 -2077.86130010055 2442.63068374739 9099.98047702012 1.18358413607747
537000 356.7894073202 -2962.96335324037 817.847995875595 -2145.11535736478 2613.40083492669 8972.29958602492 1.20042720686587
538000 344.467632171131 -3019.02017855509 789.603493924191 -2229.4166846309 -836.352597441434 9080.62941461741 1.18610638529945
539000 355.158801587167 -3317.41773578604 814.110251414959 -2503.30748437108 -2267.78041388586 8996.2005552206 1.19723793006875
540000 365.331654918009 -2533.51434977159 837.428902524742 -1696.08544724685 2020.01914963427 9069.68605160577 1.1875375255474
541000 345.758527751153 -3286.41887558929 792.562540188863 -2493.85633540043 216.148405537591 9036.5907754114 1.19188671910678
542000 358.367223827684 -2814.38238081044 821.464734607266 -1992.91764620318 -2618.94151210409 9117.38292038261 1.18132501675861
543000 369.140503832743 -2634.61751483906 846.159709515074 -1788.45780532399 4378.38614111271 8833.601466479 1.21927535129211
544000 362.521987691308 -3228.7522603099 830.988462693039 -2397.76379761686 -1859.11233517686 9032.97156902778 1.19236426782808
545000 346.519404322814 -3335.56453242969 794.306654129676 -2541.25787830002 -1441.77558746152 8914.37233760407 1.20822780598712
546000 349.577468666002 -3100.97916848048 801.316480495095 -2299.66268798539 2352.78512269427 8826.19648336237 1.22029829627276
547000 327.522478507297 -3536.14418327186 750.761085266769 -2785.3830980051 -1486.17661475824 8910.22213034177 1.20879057487678
548000 344.499041585653 -3377.69920625624 789.675491932515 -2588.02371432372 -1844.05997634857 8999.00810262595 1.19686441087577
549000 372.964721443967 -3205.48743827681 854.925745291258 -2350.56169298555 -3433.66768717837 8806.975732071 1.2229615317315
550000 342.536674829794 -3016.38139938085 785.177270613372 -2231.20412876748 -1408.90833040909 8881.44389912513 1.21270737658734
551000 358.684444181967 -3084.92515017445 822.191880721133 -2262.73326945332 433.360997533763 8859.77131091074 1.21567387613626
552000 344.37147214175 -3128.68337579662 789.383071776842 -2339.30030401978 -2540.56343504824 8913.3097618053 1.2083718415542
553000 365.114699673576 -3339.43691754046 836.931588399901 -2502.50532914056 -2754.0674801664 9012.81386118199 1.19503106322926
554000 358.022205983452 -3616.95982649092 820.673869893637 -2796.28595659728 2089.58476576251 9022.87866581011 1.19369803475559
555000 341.304277001829 -2296.99638932538 782.352315407182 -1514.6440739182 1465.29553154168 8853.81046717356 1.2164923307483
556000 351.357281967354 -2872.22196225173 805.39624494908 -2066.82571730265 2526.48670659707 8976.16737513777 1.19990994832027
557000 365.962643056923 -3301.18346235092 838.875280624104 -2462.30818172682 338.842563556162 8903.30256079809 1.20973003642934
558000 355.706765803424 -3084.70766897388 815.36631851472 -2269.34135045916 604.916521142604 8982.18562830371 1.1991059834342
559000 382.35591072608 -3222.34284599911 876.452632512916 -2345.89021348619 -1054.86769483926 8800.78340003257 1.22382202147775
560000 349.46685149229 -3489.6014902345 801.062919060889 -2688.53857117361 -3725.1196521836 8999.36733946583 1.19681663442966
561000 358.42288965557 -3323.58370864037 821.592334207595 -2501.99137443278 3862.53675402477 8913.75195277507 1.20831189697426
562000 357.216874629723 -2590.19476352372 818.827854792992 -1771.36690873073 -451.386896646668 9050.40190834333 1.19006787105074
563000 350.768430485586 -2724.08985558033 804.04645430409 -1920.04340127624 -202.576394314365 8922.99659415296 1.20706002939342
564000 350.938150649783 -3387.11130030598 804.435494150286 -2582.67580615569 -2220.70035959214 9064.60678689148 1.18820295071059
565000 359.632201414673 -3327.26826593075 824.364370535689 -2502.90389539506 -4834.52857538266 9069.29801179786 1.18758833563575
566000 331.016771314095 -3353.84237667604 758.770853243084 -2595.07152343296 -62.4874623558707 9053.33141856439 1.18968278451951
567000 340.381701959687 -3711.76718468305 780.237549290868 -2931.52963539218 -2922.490869612 8964.81105392303 1.20142995389763
568000 366.211565257186 -2279.31106524833 839.445870777391 -1439.86519447093 3255.90261189731 8741.16779350144 1.23216860557499
569000 339.138109835778 -3258.57061646258 777.386934038962 -2481.18368242362 719.17614932801 9082.25317099482 1.1858943291311
570000 344.553676415275 -2949.24982991105 789.800728234363 -2159.44910167669 3712.28126026197 9006.70129355768 1.19584209358866
571000 331.982701307577 -3150.01085854572 760.984999440022 -2389.0258591057 -1474.92092841467 9061.42756999654 1.18861983368696
572000 358.245068737864 -3025.95439887381 821.184725466453 -2204.76967340736 1905.98983100153 8982.95035388692 1.19900390260481
573000 371.587611533887 -2994.49626008958 851.769074838178 -2142.7271852514 -1845.6711539946 9082.25160670112 1.18589453338519
574000 351.894182450043 -2929.80079273497 806.626951283804 -2123.17384145117 2785.78301710443 8954.6372858404 1.20279495276116
575000 351.848486064472 -2971.7778263812 806.522204067125 -2165.25562231408 -3906.00126980215 8937.49255983111 1.20510226544113
576000 362.60444626622 -3008.88416421792 831.17747777827 -2177.70668643965 210.954910877088 9047.12981567356 1.19049828516402
577000 337.809163721412 -3422.87189443601 774.340666706014 -2648.53122772999 -2513.16054385096 9106.70978913836 1.18270953841769
578000 360.661013546894 -3397.66118020038 826.722657870477 -2570.9385223299 -1912.15871079107 8966.03071719748 1.20126652148948
579000 352.492726749044 -3481.09376391368 807.998960220554 -2673.09480369313 -1952.47158655313 8916.60023245891 1.20792591911968
580000 353.393913632021 -2996.48379193476 810.064699480271 -2186.41909245449 1515.23657188911 8975.75494409081 1.19996508352832
581000 342.432289328489 -2708.17249717759 784.937993686174 -1923.23450349142 40.4993651518997 9105.88389420878 1.18281680903769
582000 371.118276953175 -3209.86592502572 850.693245964464 -2359.17267906126 4361.208366635 8997.7428767719 1.1970327090609
583000 360.574216517298 -3327.41526992691 826.523697993175 -2500.89157193374 -1548.68747726605 8996.98163444629 1.19713399102415
584000 344.126586090826 -3030.65768709888 788.821733458336 -2241.83595364054 71.5386081244498 8992.23963236004 1.19776529224777
585000 340.250796200239 -3036.15187589183 779.93748148948 -2256.21439440235 379.576269106991 8881.18539257226 1.21274267511898
586000 360.263216069155 -3434.30107128267 825.810809415175 -2608.4902618675 -2052.28521398932 8876.91454218926 1.21332614840735
587000 350.810685708173 -3351.51315134953 804.143313539255 -2547.36983781028 2103.83721641253 8879.81363663538 1.21293001992514
588000 355.327703624061 -3457.21027016407 814.497415914632 -2642.71285424944 1518.64913535592 8942.56651707211 1.20441849782763
589000 350.413349066817 -3395.73663691843 803.232521432892 -2592.50411548554 -3259.13197558879 9165.08358201996 1.17517668385975
590000 348.221145039864 -3410.01347327434 798.207457254391 -2611.80601601995 -3460.2059949863 8946.83707046875 1.20384359817691
591000 348.441780705955 -3861.02637818738 798.713207799751 -3062.31317038763 2397.57135568643 8942.78452766648 1.2043891360565
592000 352.645151083355 -2782.00700472545 808.348353823003 -1973.65865090244 -576.107255410184 8876.10154044814 1.21343728236258
593000 356.141284904018 -2885.75957618316 816.362341850331 -2069.39723433283 123.028762179052 8792.97623374328 1.22490863672339
594000 355.931663912485 -3363.83205190907 815.881839614835 -2547.95021229424 324.827848816125 9025.8208280429 1.19330892296819
595000 352.710582047594 -3032.30703596899 808.49833748808 -2223.80869848091 2608.12431307541 8888.13991791004 1.21179376457749
596000 361.283839929601 -2982.05849518066 828.15032724189 -2153.90816793877 2805.49904364338 8943.25144406152 1.20432625634914
597000 355.693140319921 -3400.47021025123 815.335085596513 -2585.13512465471 -2031.80289278648 8940.78102799654 1.20465902223636
598000 349.653868201909 -3187.36638722305 801.491606791015 -2385.87478043203 -1279.13982751338 8946.51402773173 1.20388706683182
599000 345.261214337128 -3242.88217910386 791.42257703234 -2451.45960207152 1546.16834465712 8977.69628703805 1.19970560228978
600000 352.234251639081 -2785.36384264519 807.406472477561 -1977.95737016763 -1746.01667799964 8915.698843477 1.20804804203271
601000 340.335815041215 -2835.21646225395 780.132365326493 -2055.08409692746 2887.58528596712 8928.7208403894 1.20628617735415
602000 354.246316111906 -2758.56243487101 812.018613036981 -1946.54382183403 483.056843272919 9071.7750395865 1.18726406730944
603000 340.656732569154 -3519.36911002063 780.867986260526 -2738.5011237601 636.078227429619 9161.89964618337 1.17558508029527
604000 352.56032503457 -2952.6810516273 808.153911912526 -2144.52713971477 -132.25603900209 9100.38230877475 1.18353187435109
605000 368.641042147754 -2834.64767977021 845.014821999627 -1989.63285777058 747.303769714743 9038.51193700865 1.19163338017124
606000 357.940126770416 -3292.72435960507 820.485724397982 -2472.23863520709 -1646.10053728937 9128.11163387224 1.17993654802036
607000 350.485582798837 -2980.60333279042 803.398098694312 -2177.2052340961 974.348510699799 9051.99565373223 1.1898583409919
608000 358.946798729074 -2992.73377226234 822.793261076486 -2169.94051118585 1167.74425782263 9109.25763651871 1.1823787361153
609000 358.995553674014 -3023.22250612839 822.90501925425 -2200.31748687414 1709.64778089955 9067.86914777252 1.18777546915324
610000 340.978675040069 -2907.61596019858 781.605956612848 -2126.01000358573 -607.766343424127 9171.88906274558 1.17430471057088
611000 378.408955375967 -3201.3715500359 867.405252022713 -2333.96629801319 2135.66066754655 9038.66350862948 1.19161339737149
612000 351.103032894905 -2681.40708783034 804.813444310694 -1876.59364351965 1859.29002978752 9030.26313883366 1.19272189144721
613000 353.473951402156 -2702.72427044686 810.24816549287 -1892.47610495399 5112.73352646333 9167.42964862818 1.17487594058902
614000 352.379379464927 -3017.86166122073 807.739140710078 -2210.12252051065 -235.898344422682 9174.65422809705 1.17395078478611
615000 355.732852185694 -2809.59014737221 815.426114840006 -1994.16403253221 1840.42795717969 9235.56864819939 1.16620783640816
616000 367.662643753372 -3776.97301213897 842.772095198898 -2934.20091694007 -1870.62981958862 9210.7677308989 1.16934796814864
617000 347.83495602672 -3332.80410857388 797.322218219965 -2535.48189035392 -2113.31905637409 9166.61620087331 1.17498019936621
618000 341.569925964317 -3306.70277614639 782.961247362897 -2523.7415287835 949.724204750364 9069.0466875774 1.1876212464502
619000 344.245849535727 -3498.59910933835 789.095114246532 -2709.50399509182 1413.04985936098 9092.28466626849 1.18458593483919
620000 340.379516827332 -3068.75487522275 780.23254043668 -2288.52233478607 -559.384983842153 9021.43196602007 1.19388945921046
621000 350.336163032927 -3416.43269795005 803.055592292534 -2613.37710565751 1386.23372634795 8856.67603670665 1.21609873575332
622000 364.058548450342 -3097.1827747617 834.510633227067 -2262.67214153464 -63.3819344896346 8935.63293823008 1.20535306291902
623000 350.201297366177 -3329.41813122306 802.746447421634 -2526.67168380143 1978.60591380355 8930.96388224183 1.20598321449175
624000 318.763954570056 -2890.18237257674 730.684420707969 -2159.49795186877 4036.18403109181 8905.61732896992 1.20941560066577
625000 353.901612488889 -3080.62719610544 811.228468594709 -2269.39872751073 -2170.26038137135 9117.3329503206 1.18133149133672
626000 354.33693269208 -3233.72755180836 812.226328252085 -2421.50122355628 677.784143695095 9024.00136966206 1.1935495231002
627000 366.131092777314 -2958.01472653651 839.261408304468 -2118.75331823204 3128.7016032301 8976.34158442987 1.19988666094192
628000 356.903641792896 -2746.62191553271 818.109849037818 -1928.51206649489 2338.5627619442 8972.41073920879 1.20041233557766
629000 349.249567500527 -3144.37975932451 800.564851367305 -2343.8149079572 1494.98296805031 9082.2996661795 1.18588825816032
630000 347.192543405029 -3299.4225822333 795.849652430747 -2503.57292980255 -562.037436225551 8870.4842211629 1.21420570317002
631000 348.138313577015 -3518.88166232219 798.017587419421 -2720.86407490277 -1817.23866549182 8882.99090737042 1.21249617876779
632000 364.772583073752 -3862.94833609595 836.147374043249 -3026.8009620527 1365.32629578767 8803.11462997672 1.22349793044149
633000 355.432660419145 -3609.1822813124 814.738002385954 -2794.44427892645 -3066.81683052105 9099.86470479091 1.18359919412265
634000 350.01254516192 -3323.97096901701 802.313781516196 -2521.65718750082 877.456925294564 8833.26810090475 1.21932136647279
635000 351.466616933604 -3177.50157540786 805.6468672523 -2371.85470815556 2454.75366377475 8920.15595716497 1.20744441946269
636000 354.320900891562 -2815.07550229132 812.189579470716 -2002.88592282061 1734.44875482921 8856.91603981851 1.21606578212933
637000 364.52250294116 -3161.27603607252 835.574129627768 -2325.70190644475 -1545.26810065368 8871.20924516128 1.21410646886617
638000 357.60755227018 -3128.67212167762 819.723382851634 -2308.94873882599 4593.86620333046 8779.44819731847 1.22679606840272
639000 349.288767701195 -3761.70766745061 800.654707750079 -2961.05295970053 -2792.74256548403 9010.69698232631 1.19531181132173
640000 356.692033563974 -2931.38142563623 817.624791571469 -2113.75663406476 2402.06719773254 8826.18797038658 1.22029947326671
641000 350.246869016969 -3322.78172517056 802.8509087159 -2519.93081645466 1877.95341959013 8786.777370672 1.22577278071994
642000 354.605639091181 -3056.50563262858 812.842268595252 -2243.66336403333 2710.68567451122 8838.1872457227 1.21864271844073
643000 360.109839811798 -3340.26773998363 825.459233773856 -2514.80850620977 1650.91479354399 8799.67428346725 1.22397627278675
644000 346.350500269668 -3552.37424547212 793.919485008267 -2758.45476046385 1805.75262353562 9084.88354423775 1.18555097363324
645000 352.683344834733 -3468.48932364489 808.43590317951 -2660.05342046538 -664.246090436662 8950.07351835088 1.20340827470658
646000 362.499038196399 -3093.81487537069 830.935856875622 -2262.87901849506 2964.11165892362 8997.31554406344 1.19708956282213
647000 350.181031998158 -3731.05810299144 802.699994275101 -2928.35810871634 -2930.87991956556 8892.58903521321 1.21118748303401
648000 345.199579007256 -2820.9869227767 791.281293883299 -2029.7056288934 -293.009583939913 8837.60500380492 1.21872300544984
649000 358.467055846201 -3222.39488407028 821.693573845746 -2400.70131022454 4513.43352789149 8841.6735321962 1.21816220560457
650000 349.560719956786 -3385.89210821961 801.278088384834 -2584.61401983478 -1777.58026534848 8837.02006007036 1.21880367567367
651000 367.544136455321 -2816.52258590048 842.500447682972 -1974.02213821751 571.890282199218 8884.05279688479 1.21235125200881
652000 358.732727587348 -2815.84187965897 822.302558015679 -1993.53932164329 648.5117884134 8975.55007379352 1.19999247318148
653000 337.007397418941 -3009.97933058329 772.502823568906 -2237.47650701438 1373.10711451178 8877.78208182879 1.21320758179694
654000 354.19217184194 -2999.02000205826 811.894501217034 -2187.12550084123 -661.394404292682 8895.75162860409 1.21075688495878
655000 363.474021898364 -3576.04504807881 833.170756371805 -2742.87429170701 -130.379610342327 9003.0705968102 1.19632434461102
656000 352.230303209723 -2876.1724780931 807.397421718286 -2068.77505637481 1657.34759116958 8775.78276725962 1.22730847114838
657000 363.447165621399 -3333.26848904858 833.109195260849 -2500.15929378773 -167.919682996792 8846.73005595863 1.21746594087171
658000 344.749443957506 -2914.07140505488 790.249474998663 -2123.82193005622 -109.075116938029 8990.21966481573 1.19803441214764
659000 358.244309192045 -3272.86344255005 821.182984402919 -2451.68045814713 -1141.53928011177 8976.65328173569 1.19984499714721
660000 366.528757843251 -3040.67241195261 840.172953239755 -2200.49945871286 -2801.81173552593 8864.91131862904 1.21496901030267
661000 350.091794836373 -3591.40298626886 802.495441022045 -2788.90754524682 -2172.30985187346 8957.70256639022 1.20238336240673
662000 360.668537674704 -3453.20137053252 826.739904999243 -2626.46146553327 -2244.03879821627 9018.79648926229 1.19423833812406
663000 331.352259123388 -3315.80564000995 759.539872801519 -2556.26576720843 2886.9785037918 9117.49093507725 1.1813110216297
664000 358.966769483677 -3349.98755696734 822.8390388975 -2527.14851806984 -595.816828066618 8959.41650815461 1.20215334574663
665000 330.971748911088 -2586.62726458721 758.66765095817 -1827.95961362905 216.108737852925 8913.85754004456 1.20829758416375
666000 352.463780332517 -2937.3402968929 807.932608001966 -2129.40768889094 -3822.65132488218 9093.21205043745 1.18446512315717
667000 343.247620756663 -3095.88337526443 786.806931386748 -2309.07644387769 955.849708240663 9051.00210359646 1.18998895458614
668000 350.217562984901 -3445.97261639555 802.783732171132 -2643.18888422441 -2232.23505527012 9028.7901603706 1.19291647495478
669000 363.832621029369 -3871.76728252028 833.992752693999 -3037.77452982628 3107.25421166861 8987.54831451144 1.19839050142577
670000 355.801343375657 -3252.19182113676 815.583113285859 -2436.60870785091 1043.99225598944 8835.32742888396 1.21903716844778
671000 362.418653844656 -3365.51434743476 830.751596413781 -2534.76275102098 -876.551198378705 8905.24196772346 1.20946657825279
672000 343.824729226023 -3170.96196672943 788.129804194587 -2382.83216253484 -5159.61101768968 8743.21384780105 1.2318802580729
673000 373.897521437878 -3372.6849191297 857.063949480957 -2515.62096964874 -3657.60836370434 8689.50638135094 1.23949417360819
674000 360.785426810925 -3413.12344992047 827.007843295158 -2586.11560662531 -2518.99606582313 8716.75355306349 1.23561971388194
675000 350.185417693788 -3822.63346518565 802.710047354895 -3019.92341783075 -1162.49345090905 8674.68308013661 1.24161222164742
676000 355.879872019786 -4139.32499251236 815.763120015046 -3323.56187249731 -740.348080519726 8605.83359548438 1.25154552568471
677000 353.92856309335 -3607.15524396685 811.290245927202 -2795.86499803965 -6491.92709086924 8679.34047899628 1.24094596326532
678000 326.712664481028 -3570.1469602376 748.904794791694 -2821.24216544591 -2027.99872949956 8653.36439476312 1.2446710943704
679000 358.286603202183 -3041.42745074482 821.279932548574 -2220.14751819625 -3055.33845143146 8558.45461015799 1.25847399113762
680000 351.627159022154 -3121.76990956812 806.014868719495 -2315.75504084862 -3833.95957741331 8630.03661922875 1.2480355537794
681000 364.917372574484 -3653.15185552351 836.479266752415 -2816.6725887711 -805.492501821278 8784.73847449346 1.22605727677473
682000 363.851448974601 -3352.33529872041 834.035910918315 -2518.2993878021 675.910698221564 8727.9251070522 1.23403814756763
683000 352.194419627874 -3636.13454477687 807.315167831546 -2828.81937694532 -92.3816454652669 8731.59552256111 1.23351940700713
684000 359.81161614941 -3760.30706526496 824.775632692651 -2935.53143257231 400.591891717316 8772.21278687822 1.22780794229327
685000 365.89825136906 -3496.43982524957 838.727679232949 -2657.71214601662 -114.855438999829 8685.28657359381 1.24009639059716
686000 331.518744969222 -3191.28144209002 759.921498804319 -2431.3599432857 -358.548477782909 8791.19260212155 1.22515715656331
687000 366.926373647095 -3482.01163263403 841.084385254357 -2640.92724737967 1841.34772693082 8700.24301449766 1.23796456182524
688000 368.248674717446 -3305.52139555091 844.115420532149 -2461.40597501876 -1656.26809965919 8657.5665800521 1.24406695941931
689000 347.597465813929 -3244.13447804998 796.777832959119 -2447.35664509086 -130.423961157392 8663.18684893712 1.24325986718584
690000 364.341162277445 -3763.29115718906 835.158452773728 -2928.13270441533 -3421.30604663379 8701.44231819786 1.23779393545947
691000 371.767386153988 -3473.90418961589 852.18116193982 -2621.72302767607 -214.375401430583 8722.43700183276 1.23481459699308
692000 340.102407912387 -3321.65572661616 779.597339485986 -2542.05838713017 -1807.88150377185 8578.62844213073 1.25551451538802
693000 329.915854362066 -3531.08495364689 756.247284144986 -2774.8376695019 561.851494827613 8794.93543650894 1.22463577009395
694000 343.909602795235 -2955.11839728302 788.324355033427 -2166.7940422496 -2006.82160458447 8925.79247968801 1.2066819339264
695000 344.643379955397 -3758.97912420723 790.006350539865 -2968.97277366737 3454.68246075401 8878.74738889258 1.21307568055037
696000 353.87351719972 -3566.46200574631 811.164067366788 -2755.29793837953 -709.700703315597 8804.24627488262 1.22334066937028
697000 358.836367608294 -2791.37389487917 822.540126120796 -1968.83376875837 1655.08710984723 8878.88443811445 1.21305695622985
698000 366.227807978768 -3206.60477208301 839.483103041075 -2367.12166904194 1482.69585886445 8840.03393034689 1.21838814376508
699000 329.401081156956 -3298.75915095196 755.067298905817 -2543.69185204614 2522.14640081339 9028.59773505527 1.19294189942662
700000 343.372371863745 -3759.43231493294 787.092891229774 -2972.33942370316 -2568.65731588902 9076.16101357163 1.18669033252168
701000 356.061745080754 -2932.83429029789 816.180017252925 -2116.65427304497 318.912411196621 8841.72627584314 1.21815493888817
702000 347.34075338295 -2963.37941053045 796.189385704562 -2167.19002482589 2581.08349529975 8769.69127586131 1.22816096854651
703000 364.887064675701 -3438.56197388057 836.409793685753 -2602.15218019482 -346.268901059161 9085.77795533674 1.18543426706673
704000 354.810379003883 -3515.42014331697 813.311582212314 -2702.10856110465 2006.40879043325 8808.59476467812 1.22273674961244
705000 341.95929382563 -2820.30144911663 783.853773089555 -2036.44767602708 1542.9706766989 8874.46345266273 1.2136612639927
706000 364.61763664733 -3183.37811521607 835.792199192993 -2347.58591602308 -2510.3615688452 8964.97288711913 1.20140826601839
707000 363.397388262414 -3745.0837344407 832.995093461717 -2912.08864097898 -1519.02962297014 8942.23567506614 1.20446305852211
708000 365.834223242644 -2777.40974998565 838.580911212949 -1938.8288387727 -2835.29297183564 8838.74375311051 1.21856598992649
709000 351.377381530455 -2818.16572660591 805.442318030463 -2012.72340857544 -3834.80734569 8837.2321376421 1.21877442659206
710000 345.923162455401 -2837.25522834134 792.939922925454 -2044.31530541588 2457.76788154735 8700.10219619924 1.23798459929826
711000 340.252783738847 -3536.54516739111 779.942037410798 -2756.60312998031 -1608.96710480855 8788.17980026014 1.22557717024598
712000 382.349578325777 -3486.59010824104 876.438117113103 -2610.15199112793 14.1660725565311 8841.38681893838 1.21820170882524
713000 340.821905658324 -3186.53089370018 781.246603106146 -2405.28429059404 -33.3397285162166 9068.80128931106 1.18765338302323
714000 366.964804272633 -3088.46870979972 841.172477583981 -2247.29623221574 2195.07492110494 8851.67712103886 1.21678551803656
715000 339.111896296396 -3265.85526258246 777.326846238684 -2488.52841634377 -5204.63359121856 9031.94573214819 1.19249969504123
716000 348.240787131698 -3467.60379323883 798.252481700497 -2669.35131153833 -914.995634622552 8968.64556251744 1.20091628731869
717000 348.110210764287 -2714.29219529763 797.953168945676 -1916.33902635195 1337.75116021189 9043.67910317447 1.1909525325191
718000 358.978419185019 -3199.5640906946 822.865742843019 -2376.69834785158 1678.40198809878 8938.31995663105 1.20499071228988
719000 345.765671645668 -2680.87039847941 792.578915730547 -1888.29148274886 -2086.8137711281 8851.83765939245 1.21676345021842
720000 344.420573580694 -3486.31436676254 789.495624203039 -2696.8187425595 1079.95230451639 8771.25067510574 1.22794261960662
721000 355.29300651998 -3476.99893354202 814.417881723165 -2662.58105181886 -2687.44492873647 8752.38855564887 1.23058893726379
722000 365.61114693171 -2834.52631222202 838.069566116705 -1996.45674610532 3100.80377106796 8569.6575455874 1.25682881421108
723000 348.916553723531 -3548.21469421 799.801502891908 -2748.41319131809 656.180573139176 8813.23209715155 1.22209337193068
724000 350.291557841146 -3007.61282845563 802.953346357102 -2204.65948209853 320.547911809667 8771.79848897014 1.22786593248339
725000 353.207717854526 -3209.74735547745 809.637893526 -2400.10946195145 -553.331224942253 8796.88263817974 1.22436469533761
726000 340.258814182646 -3422.96432623796 779.955860652954 -2643.008465585 -848.000633493532 8667.29370026035 1.24267076941123
727000 360.487799974564 -3766.26959185746 826.325610284193 -2939.94398157327 757.982476875509 8742.29326101035 1.23200997834874
728000 343.598273563028 -3314.52574025807 787.61071280248 -2526.91502745559 -438.94178163232 8704.50981339208 1.23735773318848
729000 341.556708627449 -3425.81030160138 782.930950015927 -2642.87935158545 66.7142166502539 8702.13620561826 1.23769523674681
730000 358.120950944225 -3588.12387222491 820.900217331689 -2767.22365489322 508.101228823949 8716.02635170322 1.23572280493518
731000 346.186648070155 -4009.61119046048 793.543895962622 -3216.06729449786 -2932.65902720148 8612.23378450665 1.25061543853952
732000 377.312070914288 -3931.6823506763 864.890926372101 -3066.7914243042 -2974.93520377259 8666.00280670232 1.24285587847787
733000 343.683042631261 -3397.56356664072 787.805024099687 -2609.75854254103 2053.86579153768 8647.56363580595 1.24550601589321
734000 335.231962662401 -3332.37769222927 768.433095803304 -2563.94459642596 -138.781583029304 8708.41337985737 1.23680308471898
735000 353.980273946863 -3323.63897395532 811.40877976549 -2512.23019418983 -1448.66044275226 8836.82022443554 1.21883123766996
736000 358.805010407652 -3754.35352341016 822.468247799369 -2931.88527561079 247.979381664436 8702.09717293259 1.23770078834755
737000 337.545836946681 -3927.40703197994 773.737057768766 -3153.66997421118 -1646.4746396239 8754.7060812082 1.23026317860454
738000 350.894140852924 -3262.33526639958 804.334613004653 -2458.00065339492 251.170762458367 8718.90000666441 1.23531552408939
739000 343.793729542103 -3626.15035991824 788.058745388338 -2838.0916145299 -4609.92286348278 8669.32535643276 1.24237954954866
740000 354.744904715733 -3325.96061293645 813.161499238309 -2512.79911369814 2495.56966821132 8627.3111523074 1.24842982257978
741000 343.838424302937 -3183.11412770077 788.161196637798 -2394.95293106297 2988.6088255839 8797.10201879387 1.22433416234184
742000 369.317393188415 -2942.58486631081 846.565182889732 -2096.01968342108 1565.0769567903 8748.64247045762 1.23111586369951
743000 369.977282902761 -3722.51127266563 848.077810421 -2874.43346224463 362.80115125639 8927.18225190464 1.20649407923959
744000 344.177434891208 -3139.1871853456 788.938291261431 -2350.24889408417 -422.448050183556 8805.92350208103 1.2231076648202
745000 347.229115366022 -3526.45770145787 795.933484249712 -2730.52421720816 -3430.37274912499 8803.82428530091 1.22339930718501
746000 359.181956397029 -3700.81366359997 823.332299577926 -2877.48136402205 -3498.158619251 8795.80723096073 1.22451439059553
747000 351.485376407147 -3918.11944031235 805.689868522869 -3112.42957178948 -1776.23299951796 8866.36713026986 1.21476951867296
748000 346.73906471267 -3020.527378941 794.810169104985 -2225.71720983602 -655.089758946807 8851.29431460839 1.2168381423539
749000 357.86936963415 -3285.72520480992 820.323531852738 -2465.40167295718 1358.07013277984 8642.31603882048 1.24626228465092
750000 367.579234714304 -3160.58755031767 842.580901418927 -2318.00664889874 1334.86319646371 8740.47260336476 1.23226660845197
751000 350.441363357952 -3602.46169088345 803.296736993642 -2799.16495388981 -2563.53078729827 8785.05738291868 1.22601276938243
752000 359.466591824066 -3442.88113978575 823.984753122737 -2618.89638666301 -116.191824478902 8880.87616557948 1.2127849021204
753000 364.425479011362 -3055.94510340918 835.351727210799 -2220.59337619838 2631.77387999773 8853.87337763559 1.21648368706307
754000 340.92503186847 -3612.29898677956 781.482993432092 -2830.81599334747 1707.26925898037 8809.30112199938 1.22263870675488
755000 372.788980653224 -3510.72361202493 854.522904706437 -2656.20070731849 241.970363491894 8789.66964802965 1.22536943508794
756000 353.334553435344 -3504.87824890708 809.928631489207 -2694.94961741787 1583.29301072053 8757.43843682281 1.2298793316009
757000 352.835192728527 -3436.55187588794 808.783975440258 -2627.76790044768 407.487640138717 8773.40364259161 1.22764128609431
758000 360.543692232427 -3531.0540036074 826.453728917034 -2704.60027469037 -1306.25261895351 8734.37569033421 1.23312677552155
759000 341.565496212327 -3514.98936142432 782.951093295222 -2732.0382681291 -992.177237424803 8640.42312246154 1.24653531182015
760000 353.761126910948 -3280.60000742668 810.906441522123 -2469.69356590456 -2142.99506502263 8839.46122928105 1.21846708208162
761000 351.691579047734 -3200.061786877 806.162535067582 -2393.89925180941 -1040.45643306895 8746.64800624398 1.23139659027399
762000 360.541014771189 -3575.20069401033 826.447591525444 -2748.75310248489 347.860482676159 8713.86769715775 1.236028926022
763000 352.734551043003 -3396.19552923393 808.55328024831 -2587.64224898562 -1808.4727284777 8708.85516154494 1.23674034433074
764000 366.440329943001 -3005.97448099229 839.970255010728 -2166.00422598156 1568.14747431331 8793.02095148821 1.22490240733394
765000 345.052644545711 -3323.55581560145 790.944484402878 -2532.61133119857 -2922.17632313591 8808.42022559491 1.22276097817395
766000 343.648093098702 -3098.14766534523 787.724911280827 -2310.4227540644 -517.508361608785 8683.37213931807 1.24036979625078
767000 362.979942031522 -3412.62437456995 832.038205290947 -2580.586169279 1787.09239000769 8673.30847342379 1.24180900105401
768000 369.859500586181 -2928.35467941893 847.807824738723 -2080.54685468021 -934.217887873989 8592.16137768351 1.2535370389097
769000 351.556995350848 -3905.73678450688 805.85403654011 -3099.88274796677 641.639260488654 8733.87922702995 1.23319687062794
770000 331.356945454749 -3309.14415826619 759.550615011441 -2549.59354325475 -2391.40257580762 8590.53583657525 1.25377423901296
771000 359.468395477419 -3664.44605087737 823.988887534381 -2840.45716334299 -140.273146016323 8588.32714035309 1.25409667740869
772000 349.594744897785 -3493.86372279731 801.35608181523 -2692.50764098208 -424.734926979164 8811.34211872164 1.22235550340636
773000 349.476256650846 -3162.71957530993 801.084477969079 -2361.63509734085 -571.083890706958 8700.69255546948 1.23790059958446
774000 351.660902650777 -3478.87280781017 806.092217313586 -2672.78059049658 -275.209712518224 8834.13549354773 1.21920164560327
775000 345.053441728679 -3087.02002910148 790.946311739898 -2296.07371736158 1220.35287140484 8765.05261930783 1.22881093805301
776000 351.587790446298 -3385.97753464748 805.924626379886 -2580.05290826759 -508.699876236582 8739.09269398129 1.23246118428673
777000 359.914814780975 -3060.83480679573 825.012189026082 -2235.82261776965 1239.69793381536 8791.29194936224 1.22514331150122
778000 355.111938258272 -3299.00093452646 814.002829280697 -2484.99810524576 3183.27467259883 8861.96150634364 1.21537342759905
779000 366.273703187111 -3249.48305785692 839.58830600785 -2409.89475184907 2644.20450646908 8726.62079659787 1.23422259111048
780000 344.611138753171 -3108.91304647994 789.932445872057 -2318.98060060788 -2394.21396398825 8673.27765883381 1.24181341297724
781000 358.407806031507 -3344.56960196262 821.557758877002 -2523.01184308562 -3162.96421355341 8810.77613683106 1.22243402442063
782000 352.407129256648 -3497.3206202009 807.802749973917 -2689.51787022698 348.949593020346 8728.37609443719 1.23397438592043
783000 360.952132248201 -2903.07619559996 827.389972654887 -2075.68622294507 3567.02452414356 8557.82901877815 1.2585659876567
784000 341.383864277544 -2900.01763165318 782.534748777135 -2117.48288287605 1854.57469878561 8608.52920652543 1.25115362599355
785000 341.054528928655 -3633.58802412378 781.779832152555 -2851.80819197122 963.522360090248 8692.63783596927 1.23904765555146
786000 356.714251597329 -3624.78071798008 817.675720701312 -2807.10499727877 -3054.90495095775 8762.89114352463 1.22911403951134
787000 346.530813842293 -3524.45079624537 794.332807520018 -2730.11798872535 -2403.71875658086 8749.4998018451 1.23099523117246
788000 359.348648606422 -3644.6669390826 823.714398616135 -2820.95254046646 -2733.29326944919 8704.50854827967 1.23735791302593
789000 345.670261801562 -3359.37257720617 792.36021319009 -2567.01236401608 2509.82857252007 8564.48710052111 1.25758757118804
790000 342.107503744755 -3250.67291701001 784.193506228596 -2466.47941078141 1443.18539241941 8746.88834294317 1.23136275540835
791000 332.551299556657 -3174.61196428554 762.288364755604 -2412.32359952993 2558.48261658938 8726.41613415097 1.23425153758881
792000 347.058442026588 -3425.35596622268 795.54225949432 -2629.81370672836 1926.70014729241 8572.98463823263 1.25634105107135
793000 365.540652211126 -3819.84179024344 837.907975091954 -2981.93381515148 875.400072508425 8553.43820677955 1.25921205845373
794000 346.143036856237 -3225.46509064056 793.443928465917 -2432.02116217464 3768.44464908979 8609.24787152181 1.2510491847776
795000 360.553139512505 -3501.4416433516 826.475384377987 -2674.96625897361 -2503.52470804418 8786.0764294384 1.22587057120605
796000 334.979895620203 -3694.83109839417 767.855296908328 -2926.97580148584 -933.794353529268 8741.91251807906 1.23206363698345
797000 345.880301225331 -3343.23866360431 792.841674573921 -2550.39698903039 2636.50282623248 8827.12890993075 1.22016939382164
798000 347.018612756409 -3698.68370484168 795.450961131408 -2903.23274371027 -3993.36239973821 8800.3296968438 1.22388511592679
799000 339.294355489684 -3372.77515755537 777.745087034228 -2595.03007052114 -2836.63267731292 8727.35016401199 1.2341194439097
800000 337.203920297414 -3401.39638036502 772.953301747364 -2628.44307861765 -3111.27460132339 8743.97495400165 1.2317730309013
801000 363.908985390369 -3306.89409602816 834.167798360487 -2472.72629766767 769.360504141646 8858.49276535185 1.21584933425047
802000 339.895146846949 -3727.70327006044 779.122246774393 -2948.58102328605 -1533.4182962309 8809.87012352524 1.22255974040465
803000 344.720482323236 -2970.08939480237 790.18308789731 -2179.90630690506 315.594109489153 8812.25983686571 1.22222820599971
804000 352.162932871267 -3608.61701389355 807.242992536373 -2801.37402135718 2537.88364578213 8714.52307676617 1.2359359699134
805000 352.634960401009 -3482.26269246477 808.32499430346 -2673.93769816131 -873.042582097248 8833.60410470973 1.21927498714519
806000 351.978168990186 -2857.35289215094 806.819468836533 -2050.53342331441 3730.93979108535 8763.84225557164 1.22898064765694
807000 345.263075465712 -3401.33858935402 791.426843191177 -2609.91174616284 -1784.55954745376 8883.13127468108 1.21247701943956
808000 359.493461180896 -2915.17133996213 824.046344215923 -2091.12499574621 1739.71849434737 8844.50400582238 1.21777236169777
809000 365.273237570174 -3872.67544696593 837.294995772267 -3035.38045119367 332.541503943158 8856.14475323089 1.21617168997677
810000 343.727654139135 -3374.07117348764 787.90728451314 -2586.1638889745 2943.89294261248 8859.51872925155 1.21570853455666
811000 339.637241525969 -3228.50867513944 778.531065126167 -2449.97761001327 -2096.34101694462 8969.68297052231 1.20077739275868
812000 356.12623429129 -3371.91165574211 816.327842189737 -2555.58381355237 3592.19703514956 8987.14989686895 1.1984436283819
813000 356.377724988441 -2865.36173496831 816.904319961853 -2048.45741500646 151.077652885966 8919.48238600428 1.20753560185466
814000 342.806270745415 -3812.80584427871 785.795249944494 -3027.01059433421 -1741.55698773454 8937.32889042038 1.20512433449331
815000 368.200875018822 -3138.51438472269 844.005852010997 -2294.50853271169 859.383608385048 8860.69519180193 1.21554712108603
816000 360.751355699955 -3300.64264982599 826.929744031973 -2473.71290579402 3756.62320349177 8736.76318162761 1.23278979952953
817000 356.02759443047 -2466.55924545394 816.10173566631 -1650.45750978763 59.3389251388036 8838.28791471191 1.21862883797747
818000 345.655784720612 -3289.31607632716 792.327028203659 -2496.9890481235 -773.001961820971 8849.79536804272 1.21704424602959
819000 336.416657062031 -3154.74849258582 771.14870316323 -2383.59978942259 -499.790403292906 8971.15947745954 1.20057976433005
820000 353.744992946714 -3303.14815742665 810.8694585567 -2492.27869886995 2641.0502135197 8828.52677772516 1.21997619788507
821000 360.7930159056 -2799.0692147339 827.025239343759 -1972.04397539014 2877.31666814372 8709.96994160145 1.23658205521147
822000 336.720907753015 -3190.90606130759 771.846119658114 -2419.05994164948 2609.78060131751 8842.36145625559 1.21806743419157
823000 348.673432493656 -3656.28030068338 799.244209971972 -2857.03609071141 916.263202580428 8774.26187373563 1.22752120761927
824000 348.848487593783 -3743.75384316951 799.645478787327 -2944.10836438218 -1814.9348323152 8650.69365818209 1.24505536281805
825000 346.274729335501 -3395.51937742214 793.745799620239 -2601.7735778019 -74.1733129015668 8768.96161629715 1.2282631630179
826000 352.97919883027 -3454.63879022814 809.114072408633 -2645.52471781951 -704.80785704692 8711.12718532239 1.23641777947673
827000 349.278863679479 -3434.50342302076 800.632005326337 -2633.87141769442 2569.28880923938 8651.96649012553 1.24487219680152
828000 364.789710872852 -3425.17771811889 836.186635119616 -2588.99108299927 -1435.21980840268 8717.58494593987 1.23550187328338
829000 353.001034867174 -3356.15762637223 809.164125909811 -2546.99350046242 319.433733219263 8607.3559948784 1.2513241624518
830000 380.588563119403 -3535.37865160421 872.401442459397 -2662.97720914481 -4026.91268998061 8730.67900046668 1.23364889840068
831000 347.157072326051 -3480.25478152813 795.768344100796 -2684.48643742733 -1802.4092599163 8769.95045662667 1.22812467236657
832000 361.149187959802 -3133.8263104002 827.841672216315 -2305.98463818388 1009.28857305333 8744.50776055535 1.23169797844992
833000 354.89937192955 -3667.1486227384 813.515575616857 -2853.63304712155 2301.81102064391 8750.49178523296 1.23085568166486
834000 345.333041935193 -3279.82110898111 791.587223336073 -2488.23388564503 -902.032047591232 8877.61215350817 1.21323080406925
835000 370.086307170721 -3310.32102691079 848.327720528259 -2461.99330638254 -1954.79535179384 8831.42184564255 1.21957627202803
836000 370.181604405234 -3515.03132180085 848.546164940172 -2666.48515686067 -1423.11448822454 8838.50738743942 1.21859857768767
837000 353.643567497061 -3797.71874589132 810.636966786967 -2987.08177910436 -1354.53462596449 8843.53081808509 1.2179063716485
838000 344.140677930166 -2491.62182741456 788.854035377412 -1702.76779203715 2952.17178647609 8765.8031984668 1.2287057200987
839000 350.814413275802 -3277.40054762735 804.151858029792 -2473.24868959756 -952.209135243516 8740.64287633354 1.23224260315892
840000 369.396862472898 -3356.48047736972 846.747345795116 -2509.7331315746 -1067.38978724277 8842.74280691595 1.21801490401733
841000 367.607511977849 -3687.04011085404 842.645719776324 -2844.39439107771 -2448.89151051258 8886.68295460016 1.21199243702514
842000 357.395160107915 -3068.67734625226 819.236528419625 -2249.44081783264 4970.93758529902 8863.43643001316 1.21517118289973
843000 363.202296541786 -3516.82332223312 832.547895844708 -2684.27542638841 -2488.4035806717 8936.69132104347 1.20521031154493
844000 353.744763946205 -3033.28358427431 810.868933631902 -2222.41465064241 1095.68915285126 8808.02053692191 1.22281646438799
845000 353.460394177898 -3053.34731767812 810.217089041437 -2243.13022863668 666.527769567401 8727.15814676107 1.2341465973334
846000 359.185599538488 -3557.36252281566 823.340650543174 -2734.02187227249 1092.63357153094 8739.96574791251 1.23233807109463
847000 347.457383104864 -3089.23349264429 796.456729359867 -2292.77676328442 -341.618692547776 8734.34812832033 1.23313066676298
848000 350.578303650759 -2924.15219542729 803.610637411449 -2120.54155801584 -410.59998277077 8723.08073339359 1.23472347217696
849000 355.274788363855 -3325.12995434169 814.376121283618 -2510.75383305807 1836.01902753235 8758.57509155153 1.2297197225157
850000 359.133333078186 -3679.371260413 823.220843119149 -2856.15041729386 -843.700807149106 8930.21452957855 1.20608441102299
851000 356.086940748192 -3199.54577252097 816.237771843438 -2383.30800067753 972.850637879131 8779.89059957855 1.22673425244418
852000 352.432200759605 -3543.87115213619 807.860219949276 -2736.01093218691 -1579.28470746424 8914.09836262973 1.20826494089058
853000 356.053909692175 -3176.45789597623 816.162056638864 -2360.29583933736 -1527.48220321642 8942.08524384845 1.20448332100447
854000 342.990933086488 -3166.61678670949 786.218540889969 -2380.39824581952 713.403561466916 8773.041652311 1.22769194061429
855000 335.311146403147 -2626.29014847997 768.614604173077 -1857.6755443069 5513.63096534201 8829.16966928441 1.21988736593037
856000 361.519942817752 -3400.50406170244 828.69153241764 -2571.8125292848 1453.47659676553 8852.10964223855 1.2167260649171
857000 337.398869515714 -2925.03455344123 773.400172714419 -2151.63438072681 -518.430659726872 8814.25716243493 1.22195124702265
858000 343.819503252363 -2800.22176910417 788.117824993421 -2012.10394411075 1495.71516022433 8761.7489448016 1.22927426922064
859000 360.723478033207 -3178.67846358735 826.865841647508 -2351.81262193984 3366.20447253046 8874.84979032491 1.21360843120494
860000 352.759164460603 -3067.57284691338 808.609700180748 -2258.96314673263 4953.08112694863 8711.20870914273 1.23640620846468
861000 344.643355022847 -2711.58274454059 790.006293388403 -1921.57645115218 -769.325307953049 8849.26807490995 1.21711676491677
862000 356.003004360136 -3197.11006683231 816.045369251476 -2381.06469758083 1101.28111718536 8731.35297713409 1.2335536725433
863000 360.324741499888 -3609.09073624461 825.951840648692 -2783.13889559592 2321.12545553374 8787.87840924949 1.22561920291015
864000 342.244383771014 -3082.77353514308 784.507268500835 -2298.26626664224 658.877822178763 8705.95225702849 1.2371527218657
865000 357.919044123904 -3081.96050668084 820.437397850604 -2261.52310883024 -1418.79607617895 8890.76724477967 1.21143566518849
866000 359.169523793161 -2742.02879729145 823.303801029628 -1918.72499626182 836.184048971812 8816.37404178015 1.22165784711205
867000 354.125020048854 -3131.34616779446 811.740572994201 -2319.60559480026 -1201.77812335391 8912.64654280227 1.20846176043118
868000 372.478181554481 -3462.10351434999 853.810477670173 -2608.29303667982 -98.0250031631716 8796.51747116244 1.22441552199775
869000 338.986087708046 -3200.97676926552 777.038462391701 -2423.93830687382 -2751.18590834691 8802.92773738309 1.22352390619732
870000 336.736464950398 -3426.7680893345 771.8817805338 -2654.8863088007 -2876.54807126033 8820.75407627052 1.22105122057428
871000 352.699238955304 -3097.71442496572 808.472336364993 -2289.24208860072 2435.39388561464 8686.13391180365 1.23997541835953
872000 369.99613304813 -2964.40213435446 848.121019533422 -2116.28111482104 -572.517435439846 8685.30486524181 1.24009377889763
873000 365.635342034545 -3384.22641351089 838.125027170083 -2546.10138634081 1536.83067630532 8830.18004328411 1.21974778299196
874000 340.843177450228 -3284.7218872717 781.295363220713 -2503.42652405099 -101.611030636277 8975.15484034764 1.20004531652164
875000 357.617104575819 -3022.06339789218 819.745279056684 -2202.3181188355 2610.5658106401 8839.93450842077 1.21840184686389
876000 318.2427984181 -3665.0796032918 729.489804204028 -2935.58979908777 240.087736301317 8961.69939768504 1.20184711105105
877000 355.235820392632 -4002.50964349285 814.286797227146 -3188.2228462657 -84.9872047595246 9120.60795959742 1.18090730123774
878000 347.159179803558 -3384.30681479132 795.773174951208 -2588.53363984011 634.167728248354 9068.02502457753 1.1877550516263
879000 349.748958004661 -3066.05653984032 801.709575718939 -2264.34696412138 783.467596044407 8876.35908572086 1.21340207479236
880000 352.500668249161 -3112.86259997472 808.017164068039 -2304.84543590668 1857.69890928548 8851.20310044577 1.21685068221666
881000 342.622254134301 -3401.74855394751 785.37343916895 -2616.37511477856 44.0667889304147 8978.90255568101 1.19954442811065
882000 352.017226816352 -2750.42390642587 806.908998862364 -1943.51490756351 -519.327525748023 8991.73913087585 1.19783196269914
883000 364.41209412992 -3025.02567565996 835.321045810965 -2189.70462984899 -291.493920291219 8861.4162901997 1.21544820585028
884000 355.31923526969 -2744.59097893542 814.478004389208 -1930.11297454621 1207.7034738204 8888.63526451591 1.21172623363371
885000 347.475919697839 -3068.52309907419 796.499219734031 -2272.02387934015 -721.275997279227 8856.63101170733 1.21610491810919
886000 352.400660213036 -3177.07674912568 807.787921354443 -2369.28882777124 539.774796223148 8955.33308283516 1.20270149994307
887000 348.717264173914 -2946.38980256078 799.344682831086 -2147.0451197297 2740.45593900252 8898.61585264007 1.21036717502759
888000 346.857911430971 -2955.68961819757 795.082594654579 -2160.60702354299 3202.29911944353 8916.07004660079 1.20799774731715
889000 347.853767961153 -3278.21618618386 797.365339743641 -2480.85084644022 -3049.77374173932 8794.94911053815 1.22463386608005
890000 345.949664874364 -3121.39943211692 793.000672907908 -2328.39875920901 1077.53825976646 8890.05996645086 1.2115320449875
891000 359.416343136928 -3591.94963031978 823.869570924982 -2768.0800593948 -3870.02075274599 8912.50349406039 1.20848115665745
892000 373.010344161922 -3074.69967478052 855.030323643866 -2219.66935113666 -732.502432296581 8759.6164666472 1.22957352895819
893000 364.746548300356 -3496.02836860401 836.087696018038 -2659.94067258597 -1327.96275067452 8895.27316218239 1.21082201016671
894000 351.112219774641 -3597.83299536642 804.834502870804 -2792.99849249562 892.110429172563 8820.32335951085 1.22111084732533
895000 358.149044118247 -3135.06986358122 820.964613711178 -2314.10524987004 -957.747970670636 8736.73354041448 1.2327939820292
896000 345.702907375099 -3050.56752665063 792.435044775177 -2258.13248187546 -1448.15440682713 8883.36551274285 1.21244504864352
897000 366.055394756809 -3255.44130764791 839.08789005227 -2416.35341759564 2079.8961219989 8806.9333716486 1.22296741404772
898000 350.237887411908 -3092.58261300363 802.830320695213 -2289.75229230842 -684.479559053926 8814.88341289236 1.22186443390311
899000 354.951067255642 -3436.56785839212 813.634073862525 -2622.9337845296 -1252.0211891399 8852.58381765325 1.21666089280484
900000 354.821833026483 -2834.4632306769 813.337837614622 -2021.12539306228 -797.559275509449 8821.93702035403 1.22088748835609
901000 336.298695594214 -3516.21714632419 770.878306822797 -2745.33883950139 -342.749009393296 8918.13512575887 1.20771802392926
902000 344.990098308773 -3195.59133983006 790.801113233556 -2404.79022659651 -1117.38379725997 8779.74877035383 1.2267540692718
903000 326.692006401609 -3458.97336832623 748.85744145523 -2710.115926871 -3724.6772846612 8853.12521998934 1.21658648935597
904000 347.084022110462 -3366.99152604333 795.600895260691 -2571.39063078264 79.9425959372126 8804.47667566374 1.2233086562642
905000 359.535111261443 -2734.38307090488 824.141816318526 -1910.24125458635 1039.50235773513 8920.55185053036 1.20739083317758
906000 346.080273978521 -3331.63871136449 793.300060703303 -2538.33865066119 2561.69423126515 8817.91337340533 1.22144458389664
907000 351.27212556266 -3259.29393038842 805.201045782607 -2454.09288460581 95.5341238721647 8900.0982114508 1.21016558192114
908000 336.557572600834 -2778.38292041244 771.47171581056 -2006.91120460188 3681.23071195869 8880.71869398391 1.21280640704361
909000 354.324162637226 -2927.54353234196 812.19705618415 -2115.34647615781 441.851361541102 8941.72363650527 1.20453203085409
910000 353.963917837494 -2663.94017660224 811.371287589451 -1852.56888901279 -573.642727549543 8806.4454338562 1.22303517487412
911000 350.966720465434 -3570.32266127119 804.500983108179 -2765.82167816301 -2950.37375316739 8970.89235977511 1.20061551284578
912000 358.481124898902 -3245.12229430455 821.725823532309 -2423.39647077224 -1873.86673486894 8753.78367301582 1.23039281452851
913000 335.439647195805 -3310.67176307849 768.909159206347 -2541.76260387215 -3927.8385442233 8722.35561436251 1.23482611893059
914000 350.469986962313 -3143.94068444997 803.362349248325 -2340.57833520164 350.940932277989 8573.87271980943 1.25621091928865
915000 351.237247321312 -3728.93630931539 805.121096380521 -2923.81521293487 -280.258649848609 8720.19298198151 1.23513235928045
916000 372.023961377539 -3741.89286465632 852.76929468162 -2889.1235699747 -918.44684908436 8801.91029314619 1.22366533769407
917000 361.558925126696 -3488.51939202628 828.780889339651 -2659.73850268663 -2064.58430520075 8722.78249126675 1.23476568881537
918000 350.850561072517 -3389.42399362015 804.234717561192 -2585.18927605896 -2196.13325766298 8704.15601283221 1.23740802845641
919000 364.513519708458 -2997.89066740959 835.553537876132 -2162.33712953346 100.206528273713 8758.80657579802 1.2296872225694
920000 361.762259345179 -3249.63230739207 829.246980764081 -2420.38532662799 807.316472798627 8750.99743007421 1.23078456110623
921000 346.244013465739 -3547.68921798695 793.675391384987 -2754.01382660197 -3264.98172230024 8736.23589776966 1.2328642057348
922000 346.612059863005 -3686.66169493616 794.519043136461 -2892.1426517997 -3409.49146463598 8856.31911696742 1.21614774591633
923000 365.786723146136 -3159.53347437423 838.472029452628 -2321.0614449216 -416.817546654551 9031.02023273846 1.19262190247023
924000 337.141570598352 -3167.59810898349 772.810381090598 -2394.78772789289 -2031.87553513796 8967.50916956198 1.20106847147409
925000 357.527109342563 -3519.67442658285 819.538988119661 -2700.13543846319 29.2160157522886 9046.38674262239 1.19059607306745
926000 342.251907843722 -2945.96804903794 784.524515503294 -2161.44353353464 2311.82043621881 8807.7602752798 1.2228525975491
927000 357.33966624098 -3891.25218912186 819.109322995569 -3072.14286612629 -3001.87620630263 8817.77125721914 1.22146426994211
928000 348.839362613957 -3418.78278701778 799.624562116849 -2619.15822490093 -1462.33892620355 8935.50252519758 1.20537065496241
929000 334.167144200852 -3269.58579475504 765.992273214735 -2503.5935215403 -710.094057291858 8899.17879874988 1.21029060936821
930000 340.185281636244 -2985.84660473868 779.787306193451 -2206.05929854522 3591.84297626066 8867.72085447774 1.21458407497988
931000 351.816286656719 -3700.40825210469 806.448395202402 -2893.95985690228 -1224.15567573298 8801.29913760073 1.22375030808824
932000 354.317197447069 -3435.46934751487 812.181090276266 -2623.2882572386 -265.586977327615 8909.00395352359 1.20895585942083
933000 342.244814547671 -3168.07403238962 784.50825594558 -2383.56577644404 4131.82445808976 8770.95392243118 1.22798416528794
934000 348.476075274979 -3505.80727513076 798.791819283081 -2707.01545584768 1343.91923038606 8820.53051595656 1.22108216866677
935000 371.552357999312 -3264.02684170059 851.688265172845 -2412.33857652774 720.300065833477 8941.83885514663 1.20451651004832
936000 345.753406543136 -3497.24411786225 792.550801136002 -2704.69331672625 -5109.63860325389 8901.19028009812 1.21001710920586
937000 348.124382028969 -3619.05592393739 797.98565292693 -2821.07027101046 -5078.8266679248 9001.19234945429 1.19657397743185
938000 345.299885337792 -3482.65337371225 791.511220360151 -2691.1421533521 2640.08094798842 8864.35854241334 1.21504477505976
939000 328.069636105959 -3047.81713146948 752.015303403049 -2295.80182806644 -800.761026234857 8776.92874388289 1.2271482252516
940000 356.915518708757 -3494.1049541881 818.137073814211 -2675.96788037389 2880.1952553225 8925.4444340134 1.20672898821382
941000 355.550401741112 -3195.73578143629 815.00789409862 -2380.72788733767 -1709.65528884458 8692.80384596326 1.23902399295681
942000 362.906493332875 -3441.06322662923 831.86984303087 -2609.19338359836 -49.8567437891752 8836.84880393453 1.21882729581388
943000 340.928571696074 -2789.11133362071 781.491107576885 -2007.62022604383 114.549812843468 8865.13871830799 1.21493784513181
944000 344.861374451623 -3408.78781984262 790.50604688228 -2618.28177296034 -3706.69445888073 9019.95863107013 1.19408447108785
945000 356.630115431909 -3821.40457836617 817.482860171101 -3003.92171819507 110.939473189926 8903.66764299684 1.20968043317377
946000 345.396274360266 -2996.11123490064 791.732167415296 -2204.37906748535 -6164.25153046776 8964.92401328533 1.20141481570334
947000 342.380719535391 -3496.10357970699 784.819783192623 -2711.28379651437 -3894.0009568251 8937.61809943308 1.20508533832956
948000 338.948836881147 -3127.97464621817 776.953074447162 -2351.02157177101 -616.626756748631 8844.93809568083 1.217712596143
949000 370.855333182435 -3265.76246473846 850.090514965404 -2415.67194977306 -1525.35829508629 8799.37607395035 1.22401775315649
950000 342.249083287755 -3377.5769366211 784.518040934851 -2593.05889568624 -363.016658089107 8850.81425542244 1.21690414242024
951000 353.12454126813 -3722.42440771814 809.44723258402 -2912.97717513412 3799.43598158494 8927.1032344807 1.20650475840971
952000 351.714988333926 -3080.13611078621 806.216194838316 -2273.91991594789 4877.63667057233 8842.11624886813 1.21810121333729
953000 362.821012506176 -3364.16390198747 831.67390021035 -2532.49000177712 1211.76273086984 8843.98245540201 1.21784417659455
954000 333.311218585297 -3272.31477839976 764.0302837752 -2508.28449462456 132.774355563921 8802.03595001962 1.22364786878559
955000 350.207315598279 -3085.39910676646 802.760242671612 -2282.63886409485 31.0943088557631 8766.5565860922 1.22860012656541
956000 336.836334225397 -3281.72317284669 772.110705173187 -2509.61246767351 426.780858873411 8854.85630316375 1.21634865236237
957000 344.333166559799 -3134.39239000877 789.295266077496 -2345.09712393128 627.383131679314 8733.98759575376 1.23318156948746
958000 371.891520145078 -3871.52392535101 852.465707203075 -3019.05821814793 -4755.4204288245 8808.16434337112 1.22279650008136
959000 352.454379929194 -3054.39179145582 807.911059993925 -2246.48073146189 878.101996575312 8761.33833561333 1.22933188043145
960000 353.692503542322 -3702.43160606884 810.749140090665 -2891.68246597817 -5268.55953271335 9100.07319672766 1.18357207666074
961000 363.574644975274 -3275.70378465894 833.401408908291 -2442.30237575065 469.620515788976 8946.1090576941 1.20394156406493
962000 362.462884174625 -3456.93242491743 830.852983074875 -2626.07944184255 -1136.64837180027 8894.71216148063 1.21089837823631
963000 367.864953321737 -3290.4242118604 843.235837876342 -2447.18837398406 -778.543674862285 8830.63903834202 1.21968438348012
964000 369.902297781966 -3341.37628032974 847.905926308119 -2493.47035402162 1391.9449008807 8734.72906449922 1.23307688786718
965000 357.682064218121 -3361.95115330211 819.894182337387 -2542.05697096473 4068.72440328644 8849.26705552862 1.21711690512116
966000 351.597065113303 -3164.03909424334 805.945886169742 -2358.0932080736 178.900103605608 8668.96614116961 1.24243102993162
967000 348.302370742804 -3257.22024929148 798.393646297562 -2458.82660299392 1161.74471433129 8692.61430717575 1.23905100935222
968000 352.764846997803 -3168.81994393322 808.622725936461 -2360.19721799676 -4363.37168951817 8801.90359051956 1.22366626951204
969000 353.582760827403 -2803.40139177111 810.497583128442 -1992.90380864267 6396.28143157859 8693.19001520943 1.23896895298178
970000 365.575692779044 -3778.28170896861 837.988296585973 -2940.29341238264 1233.63092017683 8852.45199743302 1.21667900987646
971000 343.651429909004 -2978.1182299108 787.732560060645 -2190.38566985016 -1843.89969572729 8756.86489519433 1.22995988405924
972000 358.756404728708 -3509.07619617213 822.356831775527 -2686.71936439661 2697.41584174132 8649.7882356826 1.24518568983969
973000 345.275664319258 -3386.26032581744 791.455699901696 -2594.80462591574 -1312.84668014929 8733.9109729949 1.23319238821167
974000 363.122342027876 -2830.73719476325 832.364620675601 -1998.37257408765 1421.44700222729 8846.10492461701 1.21755197603899
975000 338.685488532675 -3183.95998705072 776.349416057657 -2407.61057099307 -2021.17628932986 8804.04974995071 1.2233679769104
976000 347.570283839799 -3759.0434031013 796.715525271138 -2962.32787783016 -1447.19483920376 9034.21685663104 1.19219991086556
977000 375.105473919293 -2754.82215909542 859.832870014386 -1894.98928908103 1309.94611924042 8863.0939806951 1.21521813428531
978000 354.553633322308 -3346.21110614474 812.723058739315 -2533.48804740543 -693.866750659542 8979.24016993151 1.19949932593214
979000 354.327274201255 -3569.0964422008 812.204188644791 -2756.89225355601 -1538.92889926416 8942.26256515991 1.20445943660603
980000 339.422107430756 -3609.78367835605 778.037925517747 -2831.74575283831 -586.83449238221 8732.91945024433 1.23333240305043
981000 354.894537557179 -3789.33078425039 813.504494060977 -2975.82629018941 -1545.2103192353 8881.95233136428 1.21263795721828
982000 347.201103340648 -3244.71782548312 795.869273882639 -2448.84855160048 1225.39518574899 8992.54071982563 1.19772518877452
983000 352.662463771415 -2758.89462105207 808.38803870978 -1950.50658234229 4036.16276051602 8855.53045931615 1.21625605385218
984000 340.708060972074 -3145.1821031919 780.985643429147 -2364.19645976275 -2811.37055099102 8911.42361798398 1.20862759901569
985000 348.276638446812 -3402.66639872953 798.334661624042 -2604.33173710549 902.411617192587 8864.20733497227 1.21506550153922
986000 333.422219250536 -2932.74945152936 764.284724265147 -2168.46472726421 2041.79835279512 8736.66621070574 1.23280348263936
987000 353.134104515276 -3177.55601825364 809.469153869664 -2368.08686438397 -4025.63398554445 8866.56207169203 1.2147428105875
988000 361.255615914375 -3285.35865908192 828.085630942576 -2457.27302813935 3948.72386045037 8771.9845592923 1.2278398871332
989000 349.718020683402 -3562.1191002079 801.638659863059 -2760.48044034484 -3734.98472087871 8944.92030718591 1.20410156394162
990000 338.421051622031 -3654.00768130872 775.743262419213 -2878.2644188895 -5239.19393328539 8843.59811462613 1.21789710382729
991000 347.387584228552 -3070.99180797236 796.296733379228 -2274.69507459313 -1991.62837733095 8760.93346680478 1.22938869151621
992000 349.094950999331 -2999.85570737952 800.210432785816 -2199.6452745937 294.585320055141 8853.55970765963 1.21652678548014
993000 357.929930439084 -3569.86805393403 820.46235192959 -2749.40570200444 -1247.2266530208 8797.2688744495 1.22431094069404
994000 336.376385210574 -3411.42466457787 771.05639029651 -2640.36827428136 1911.7055442024 8866.2209307486 1.214789549611
995000 347.906857839969 -2622.33427447976 797.487034642929 -1824.84723983684 1784.88262343831 8986.77913697074 1.19849307155068
996000 353.119801007232 -2891.82145744682 809.436366754499 -2082.38509069232 -1721.17652739019 9034.1183722027 1.19221290749919
997000 348.813435647358 -2900.52359110656 799.565131211004 -2100.95845989555 -3431.1641909451 8955.98772889939 1.20261358738365
998000 342.38542612484 -3102.15222974722 784.830571839004 -2317.32165790822 -4894.22196472194 9030.98956675748 1.19262595218375
999000 348.904176588734 -3257.55652777202 799.773131492196 -2457.78339627982 1531.65906903756 8689.33831608056 1.23951814734656
1000000 362.945365134587 -3566.60981300229 831.958946643461 -2734.65086635883 3195.03753883621 8890.40676253928 1.21148478566794
