  45.526   48.613    0.593
  46.722   48.226    0.100
  47.238   47.313    0.836
  46.530   46.983    1.841
  45.201   47.972    1.677
  45.034   47.405    2.537
  44.276   48.520    1.742
  48.144   46.896    0.621
  46.972   46.840    1.658
  43.248   34.991   18.730
  43.980   33.980   18.217
  43.396   32.856   18.413
  42.287   32.941   19.031
  42.148   34.579   19.288
  41.295   34.148   19.708
  41.882   35.590   19.545
  43.801   31.976   18.094
  42.558   32.566   18.841
   8.469   24.135   42.134
   8.210   24.407   43.431
   8.216   23.331   44.126
   8.458   22.274   43.460
   8.658   22.867   41.917
   8.792   21.834   41.849
   8.819   23.054   40.869
   8.039   23.338   45.131
   8.362   22.375   43.940
  45.624   40.415   22.558
  44.768   41.362   22.118
  43.586   40.880   22.001
  43.484   39.652   22.316
  45.044   39.267   22.750
  44.487   38.393   22.873
  45.977   38.831   23.066
  42.803   41.449   21.680
  43.167   40.002   22.153
   9.386   36.310    8.317
  10.323   36.182    7.353
  10.174   37.087    6.458
   9.203   37.882    6.669
   8.577   37.304    8.099
   7.984   38.122    7.834
   8.037   37.083    9.004
  10.791   37.150    5.648
   9.550   37.835    6.312
  17.305   35.178    7.388
  17.907   36.387    7.374
  19.181   36.254    7.328
  19.585   35.048    7.307
  18.155   34.196    7.353
  18.916   33.481    7.322
  17.352   33.479    7.377
  19.805   37.060    7.310
  19.807   35.495    7.301
  43.440    0.782   35.972
  42.366   -0.005   36.190
  41.292    0.693   36.207
  41.471    1.939   36.019
  43.122    2.035   35.835
  42.764    3.011   35.740
  44.157    2.298   35.692
  40.376    0.270   36.359
  41.073    1.648   36.100
  18.228    2.628   44.792
  18.699    2.591   43.527
  19.188    3.729   43.196
  19.123    4.615   44.107
  18.386    3.791   45.351
  18.558    4.757   45.707
  17.926    3.435   46.257
  19.592    3.893   42.274
  19.298    4.602   43.639
  35.993   28.235    9.728
  35.387   29.305    9.169
  34.334   28.944    8.533
  34.100   27.694    8.569
  35.366   27.122    9.485
  34.792   26.287    9.235
  36.098   26.569   10.049
  33.744   29.617    8.044
  33.876   28.090    8.362
   8.553   29.270   41.790
   7.261   29.034   42.100
   6.690   30.110   42.499
   7.446   31.133   42.514
   8.892   30.512   41.971
   9.062   31.527   42.148
   9.896   30.302   41.643
   5.709   30.127   42.778
   6.968   31.046   42.629
  39.874   12.152   36.509
  39.184   13.154   35.924
  38.111   12.707   35.384
  37.939   11.452   35.515
  39.287   10.999   36.380
  38.738   10.125   36.222
  40.079   10.517   36.928
  37.459   13.319   34.893
  37.684   11.823   35.298
  20.420   24.332   46.522
  20.843   25.529   46.061
  22.123   25.593   46.084
  22.695   24.544   46.522
  21.402   23.554   46.868
  22.257   23.010   47.117
  20.709   22.780   47.151
  22.626   26.423   45.772
  22.851   24.987   46.352
  12.579    4.392   46.899
  13.528    5.322   47.135
  13.077    6.497   46.889
  11.869    6.525   46.489
  11.460    4.911   46.487
  10.610    5.425   46.164
  11.013    3.934   46.420
  13.652    7.330   47.010
  12.221    6.869   46.576
  34.102   21.310   40.387
  34.998   20.307   40.277
  36.193   20.772   40.252
  36.266   22.040   40.335
  34.664   22.480   40.439
  35.211   23.369   40.474
  33.702   22.957   40.517
  37.006   20.162   40.173
  36.598   21.668   40.294
  30.698   30.373    6.593
  31.875   29.978    6.063
  31.678   29.218    5.049
  30.453   29.011    4.775
  29.674   29.892    5.953
  28.922   29.457    5.374
  28.999   30.394    6.625
  32.452   28.821    4.516
  30.888   28.865    4.579
  24.458   26.049   14.581
  24.239   26.878   15.623
  25.293   27.559   15.886
  26.284   27.310   15.127
  25.666   26.147   14.109
  26.653   26.300   13.806
  25.453   25.398   13.365
  25.318   28.241   16.644
  26.203   27.617   15.513
  11.604   30.905   42.892
  11.600   30.542   44.192
  11.108   31.475   44.919
  10.741   32.509   44.272
  11.114   32.095   42.704
  10.705   33.054   42.659
  11.280   32.012   41.643
  11.023   31.382   45.931
  10.740   32.374   44.754
  20.413   12.787   25.090
  21.089   13.643   24.294
  21.074   13.235   23.079
  20.443   12.145   22.897
  19.923   11.777   24.435
  19.572   11.009   23.820
  19.502   11.374   25.341
  21.535   13.754   22.332
  20.694   12.462   22.603
  17.155   14.737    7.779
  16.241   14.583    6.798
  16.775   14.781    5.650
  18.014   15.070    5.689
  18.333   15.043    7.322
  19.235   15.284    6.856
  18.730   15.073    8.323
  16.238   14.709    4.786
  17.676   15.014    5.325
  25.836   41.713    5.653
  25.491   41.915    6.942
  24.542   42.773    7.026
  24.146   43.231    5.906
  25.129   42.429    4.829
  24.511   43.043    4.253
  25.663   42.016    3.989
  24.148   43.054    7.923
  24.019   43.306    6.384
  16.504   46.912   20.401
  17.454   46.485   19.541
  18.592   46.417   20.125
  18.576   46.758   21.352
  16.975   47.145   21.590
  17.449   47.301   22.507
  15.998   47.436   21.936
  19.432   46.113   19.633
  18.928   46.600   21.033
  11.545   38.685   44.048
  10.853   37.669   43.490
  10.647   36.740   44.348
  11.126   36.975   45.504
  11.825   38.471   45.299
  11.999   38.205   46.294
  12.330   39.421   45.364
  10.138   35.889   44.109
  10.870   36.599   45.297
   7.975   15.888   14.079
   9.179   16.249   13.586
   9.966   15.238   13.534
   9.452   14.149   13.947
   7.914   14.624   14.374
   7.968   13.601   14.577
   6.894   14.733   14.701
  10.922   15.317   13.188
   9.898   14.283   13.764
  36.041   43.118   42.951
  37.082   43.062   42.092
  37.333   44.224   41.614
  36.568   45.147   42.042
  35.560   44.319   43.076
  35.250   45.315   43.107
  34.822   43.967   43.776
  38.088   44.379   40.946
  36.953   45.126   41.724
  33.585    5.714    2.481
  32.574    6.099    3.290
  31.708    6.780    2.634
  31.985    6.937    1.402
  33.430    6.123    1.257
  33.213    6.498    0.307
  34.354    5.654    0.967
  30.872    7.157    3.079
  31.611    7.080    1.701
   8.002    9.947   34.320
   8.519    9.527   33.146
   9.688    9.032   33.320
  10.091    9.045   34.528
   8.807    9.747   35.321
   9.523    9.544   36.054
   8.092   10.176   36.002
  10.238    8.662   32.545
  10.283    8.890   34.093
  19.404   27.107   49.814
  19.177   28.437   49.814
  17.918   28.678   49.808
  17.183   27.640   49.804
  18.306   26.411   49.808
  17.371   25.947   49.803
  18.869   25.493   49.809
  17.552   29.630   49.808
  17.098   28.132   49.804
  13.692   21.178   39.686
  14.676   22.099   39.610
  15.347   21.953   38.528
  14.949   20.999   37.786
  13.671   20.383   38.657
  13.738   19.801   37.794
  12.828   19.852   39.066
  16.133   22.560   38.296
  15.313   21.340   37.758
  41.094   25.756   48.852
  40.388   24.775   49.453
  39.139   25.061   49.465
  38.849   26.175   48.923
  40.341   26.733   48.441
  39.652   27.463   48.151
  41.201   27.256   48.059
  38.448   24.436   49.879
  38.588   25.812   49.146
   8.538   29.517   20.882
   9.129   28.796   21.859
   9.332   29.523   22.895
   8.942   30.728   22.777
   8.325   30.751   21.231
   8.198   31.717   21.606
   7.885   30.962   20.271
   9.770   29.150   23.737
   9.161   30.461   23.138
  31.375   31.377   36.098
  30.772   32.562   35.864
  30.072   32.506   34.792
  30.100   31.379   34.203
  31.100   30.488   35.191
  30.819   29.850   34.414
  31.714   29.761   35.695
  29.541   33.309   34.453
  29.877   31.818   34.116
  27.525   19.648   11.389
  27.198   18.566   10.652
  26.702   17.647   11.396
  26.631   17.951   12.630
  27.259   19.492   12.652
  27.010   19.268   13.641
  27.630   20.480   12.868
  26.396   16.752   11.015
  26.510   17.550   12.357
  29.396   22.715   29.968
  29.703   21.911   31.008
  30.971   21.868   31.184
  31.641   22.573   30.363
  30.448   23.238   29.413
  31.352   23.605   29.039
  29.832   23.759   28.699
  31.393   21.310   31.926
  31.755   22.275   30.748
   7.402   26.155   21.334
   6.177   25.588   21.328
   6.273   24.310   21.336
   7.468   23.871   21.349
   8.360   25.276   21.347
   9.052   24.495   21.357
   9.099   26.059   21.348
   5.450   23.708   21.334
   7.014   23.661   21.346
   7.229   36.403   45.491
   8.232   35.563   45.157
   8.378   34.659   46.054
   7.569   34.751   47.032
   6.670   36.091   46.622
   6.291   35.757   47.536
   5.990   36.921   46.534
   9.090   33.933   45.975
   7.941   34.440   46.909
  -0.000   38.948   41.776
   0.194   38.672   40.469
   1.446   38.610   40.202
   2.207   38.816   41.201
   1.116   39.081   42.429
   2.063   39.167   42.861
   0.577   39.275   43.341
   1.787   38.410   39.262
   2.279   38.714   40.717
  19.001   14.608   32.620
  19.854   15.648   32.513
  19.232   16.703   32.133
  17.984   16.539   31.946
  17.779   14.929   32.315
  16.834   15.287   32.052
  17.449   13.923   32.509
  19.713   17.591   31.996
  18.300   16.925   31.906
  25.361   30.563   42.004
  25.545   30.110   40.745
  26.282   29.062   40.748
  26.666   28.690   41.903
  25.968   29.833   42.892
  26.490   29.186   43.523
  25.606   30.467   43.683
  26.531   28.577   39.886
  26.734   28.523   41.437
  25.057   19.305   35.075
  24.342   18.465   34.296
  23.745   17.586   35.012
  23.953   17.696   36.263
  24.964   19.016   36.339
  24.824   18.703   37.325
  25.613   19.838   36.591
  23.156   16.864   34.598
  23.688   17.385   35.975
   9.520   23.586   24.573
  10.529   22.864   25.105
  10.821   21.872   24.348
  10.115   21.790   23.292
   9.102   23.102   23.441
   8.841   22.636   22.544
   8.369   23.887   23.358
  11.561   21.212   24.587
  10.489   21.523   23.489
  39.050   49.302   21.395
  39.992   49.601   20.474
  41.132   49.768   21.035
  41.124   49.620   22.299
  39.528   49.260   22.603
  40.008   49.250   23.530
  38.555   49.016   22.996
  41.967   50.001   20.498
  41.473   49.731   21.958
  32.482   47.160    5.800
  32.600   46.303    4.764
  32.520   46.930    3.649
  32.352   48.187    3.763
  32.318   48.391    5.414
  32.193   49.343    5.003
  32.270   48.722    6.438
  32.588   46.447    2.753
  32.396   47.869    3.379
  38.250   15.626   31.448
  38.941   14.779   30.656
  40.186   14.792   30.962
  40.485   15.578   31.918
  39.007   16.235   32.311
  39.698   16.669   32.963
  38.157   16.763   32.708
  40.867   14.214   30.470
  40.741   15.264   31.624
   9.650    6.817   21.703
   8.315    6.975   21.575
   7.714    5.851   21.713
   8.486    4.864   21.933
   9.988    5.582   21.930
  10.154    4.567   22.109
  11.029    5.857   21.965
   6.699    5.772   21.649
   7.992    4.923   21.886
  23.267   22.484   31.816
  22.690   21.276   31.642
  21.992   21.262   30.567
  21.998   22.359   29.921
  22.976   23.320   30.864
  22.683   23.912   30.056
  23.572   24.085   31.332
  21.480   20.433   30.268
  21.784   21.912   29.856
  35.513   24.273   28.796
  36.364   25.280   28.505
  37.477   24.817   28.071
  37.532   23.546   28.012
  36.028   23.101   28.566
  36.530   22.212   28.350
  35.121   22.621   28.894
  38.246   25.429   27.800
  37.848   23.919   27.904
   1.943   19.355    1.497
   2.321   20.507    2.091
   1.551   20.779    3.079
   0.627   19.927    3.276
   0.906   18.816    2.068
   0.076   18.466    2.595
   0.925   18.000    1.365
   1.682   21.614    3.650
   0.767   20.353    3.495
  10.075   26.691   44.755
  10.611   27.860   45.165
  11.704   27.656   45.802
  12.032   26.430   45.904
  10.790   25.663   45.104
  11.433   24.908   45.430
  10.089   24.995   44.633
  12.253   28.423   46.189
  12.231   26.863   46.056
  38.809   11.967   22.102
  37.540   12.422   22.035
  36.710   11.486   22.313
  37.251   10.366   22.582
  38.872   10.710   22.427
  38.815    9.701   22.692
  39.947   10.735   22.377
  35.702   11.642   22.313
  36.781   10.535   22.558
  43.332   15.467    1.192
  42.488   14.429    1.013
  41.425   14.588    1.712
  41.402   15.659    2.399
  42.864   16.357    2.015
  42.400   17.009    2.686
  43.750   16.957    1.895
  40.669   13.903    1.706
  41.089   15.275    2.333
   8.776   17.467    6.199
   8.852   16.740    7.334
   8.246   15.619    7.192
   7.722   15.446    6.045
   8.117   16.859    5.258
   7.573   16.289    4.573
   8.271   17.690    4.591
   8.197   14.934    7.946
   7.750   15.177    6.465
  24.435   23.059   23.682
  23.911   24.243   24.066
  22.633   24.168   24.137
  22.156   23.026   23.838
  23.526   22.151   23.483
  22.724   21.497   23.350
  24.282   21.431   23.218
  22.061   24.966   24.412
  21.961   23.465   23.981
   8.762   26.754   15.581
   9.634   27.784   15.533
  10.794   27.410   15.929
  10.865   26.186   16.270
   9.309   25.656   16.011
   9.840   24.829   16.364
   8.373   25.132   15.909
  11.585   28.053   15.963
  11.188   26.567   16.252
  34.007   20.584   20.359
  32.708   20.936   20.470
  32.556   22.182   20.214
  33.632   22.795   19.920
  34.768   21.583   20.025
  35.291   22.446   19.756
  35.637   20.947   20.040
  31.640   22.631   20.247
  33.151   22.925   19.961
  45.351   13.185   30.835
  45.300   12.636   32.068
  44.385   11.741   32.124
  43.745   11.572   31.036
  44.472   12.676   30.024
  43.735   12.204   29.455
  44.809   13.320   29.230
  44.198   11.215   32.978
  43.727   11.369   31.493
  29.966   24.575   41.711
  28.619   24.509   41.788
  28.210   24.971   42.911
  29.136   25.376   43.684
  30.503   25.082   42.781
  30.835   25.499   43.679
  31.487   24.969   42.358
  27.219   25.003   43.151
  28.638   25.352   43.712
  10.201   17.455   26.326
  11.457   17.129   25.953
  11.860   16.092   26.588
  11.012   15.612   27.406
   9.721   16.647   27.224
   9.430   15.945   27.940
   8.796   17.198   27.248
  12.788   15.695   26.438
  11.477   15.491   27.268
  30.993    8.661   21.706
  32.190    8.042   21.788
  33.139    8.860   21.518
  32.753   10.041   21.241
  31.099    9.915   21.379
  31.292   10.906   21.114
  30.029   10.032   21.418
  34.117    8.573   21.529
  33.196    9.812   21.271
  23.012   46.469   26.033
  22.648   47.700   26.450
  22.301   48.428   25.453
  22.374   47.845   24.324
  22.921   46.330   24.744
  22.814   46.320   23.706
  23.266   45.312   24.814
  21.994   49.393   25.572
  22.240   48.301   24.479
  20.994   31.502   41.156
  20.525   30.236   41.180
  21.493   29.397   41.165
  22.650   29.928   41.131
  22.292   31.554   41.124
  23.334   31.488   41.099
  22.264   32.631   41.114
  21.334   28.390   41.179
  22.476   29.460   41.140
  40.381   25.466   21.563
  40.843   26.595   20.983
  40.406   26.695   19.782
  39.655   25.736   19.413
  39.619   24.773   20.770
  39.024   24.292   20.059
  39.474   24.029   21.535
  40.649   27.485   19.185
  39.826   26.154   19.199
  34.717   29.063   14.726
  34.891   30.276   14.159
  33.786   30.710   13.677
  32.797   29.924   13.836
  33.489   28.644   14.643
  32.481   28.400   14.525
  33.748   27.736   15.161
  33.721   31.614   13.209
  32.862   30.374   13.626
  20.720   17.627   40.306
  20.405   16.359   39.963
  21.468   15.664   39.788
  22.552   16.304   39.970
  22.003   17.823   40.371
  23.045   17.878   40.396
  21.847   18.853   40.645
  21.429   14.680   39.524
  22.436   15.835   39.843
  43.536   31.680    0.591
  42.883   32.848    0.769
  42.803   33.134    2.015
  43.343   32.278    2.787
  43.917   31.144    1.712
  44.177   30.799    2.662
  44.355   30.314    1.185
  42.342   33.982    2.345
  43.101   32.710    2.853
  12.331   46.737   12.352
  13.314   45.996   12.907
  14.416   46.650   12.922
  14.342   47.820   12.425
  12.741   47.912   11.976
  13.168   48.827   11.711
  11.755   48.160   11.622
  15.273   46.252   13.305
  14.706   47.545   12.630
  13.713   28.900   29.192
  12.444   28.546   28.897
  12.396   27.323   28.514
  13.523   26.732   28.497
  14.558   27.928   29.016
  15.152   27.086   28.844
  15.373   28.558   29.329
  11.518   26.877   28.248
  13.053   26.601   28.388
  49.777   41.470   40.669
  49.079   40.698   39.809
  47.916   41.196   39.601
  47.684   42.276   40.233
  49.106   42.510   41.066
  48.486   43.310   41.323
  49.933   42.830   41.677
  47.244   40.750   38.977
  47.426   41.990   39.915
  33.474   13.864   40.836
  34.274   13.662   41.904
  34.698   12.453   41.927
  34.284   11.731   40.964
  33.336   12.797   40.106
  33.290   11.890   39.590
  32.691   13.327   39.425
  35.317   12.113   42.663
  34.580   11.656   41.360
  32.694   21.496    1.458
  31.784   21.343    2.444
  31.139   20.246    2.295
  31.490   19.562    1.280
  32.689   20.506    0.616
  32.607   19.667   -0.001
  33.477   20.968    0.044
  30.409   19.958    2.946
  31.153   19.506    1.645
  46.941   21.013   19.380
  48.030   21.811   19.399
  49.082   21.130   19.665
  48.873   19.888   19.847
  47.227   19.770   19.632
  47.560   18.804   19.845
  46.191   19.495   19.532
  50.003   21.563   19.723
  49.277   20.183   19.854
  48.044   32.441   34.228
  48.626   33.235   35.151
  48.730   32.621   36.272
  48.274   31.433   36.265
  47.738   31.268   34.698
  47.533   30.359   35.170
  47.336   30.973   33.743
  49.146   33.063   37.091
  48.490   31.727   36.607
  39.952   15.760   47.290
  41.126   16.299   46.898
  41.598   17.063   47.813
  40.875   17.142   48.857
  39.597   16.145   48.480
  39.403   16.512   49.438
  38.701   15.551   48.422
  42.481   17.560   47.697
  41.310   17.342   48.712
  22.174   44.095   46.389
  21.680   43.898   45.148
  22.155   44.764   44.331
  22.964   45.594   44.856
  22.997   45.100   46.445
  23.640   45.920   46.385
  23.150   44.935   47.498
  21.895   44.773   43.345
  22.781   45.521   44.397
  28.001   21.179   42.528
  29.224   21.154   43.097
  30.087   21.719   42.337
  29.612   22.167   41.244
  28.002   21.763   41.366
  28.109   22.248   40.447
  26.944   21.591   41.261
  31.069   21.796   42.600
  30.065   22.158   41.455
   5.859   29.360   29.427
   6.982   29.770   28.800
   7.916   28.903   28.938
   7.586   27.877   29.614
   6.002   28.204   30.004
   6.218   27.276   30.432
   4.983   28.235   30.353
   8.841   29.039   28.532
   8.002   28.028   29.383
  46.017   11.652    6.564
  46.901   12.275    7.373
  47.697   11.425    7.908
  47.484   10.217    7.569
  46.191   10.364    6.531
  46.413    9.345    6.573
  45.370   10.255    5.844
  48.435   11.711    8.551
  47.812   10.448    7.868
  23.854   27.385   24.796
  24.419   28.401   25.483
  24.200   29.519   24.895
  23.517   29.426   23.825
  23.237   27.788   23.725
  22.771   28.211   22.892
  22.954   26.776   23.489
  24.550   30.401   25.267
  23.726   29.802   24.079
  10.950    9.955   26.710
  11.349    9.043   25.798
  11.623    9.612   24.683
  11.463   10.875   24.683
  10.944   11.166   26.237
  10.973   12.096   25.764
  10.601   11.550   27.183
  11.942    9.083   23.872
  11.611   10.538   24.345
   8.267   12.207    2.044
   7.520   13.061    1.313
   7.760   14.273    1.652
   8.626   14.400    2.576
   9.034   12.818    2.897
   9.609   13.402    3.545
   9.425   11.877    3.244
   7.288   15.060    1.207
   8.349   14.716    2.305
  33.514    7.629    4.761
  32.652    6.861    5.461
  33.273    5.902    6.041
  34.529    5.886    5.836
  34.741    7.210    4.849
  35.690    6.795    4.983
  35.077    8.013    4.215
  32.786    5.216    6.618
  34.209    5.602    6.095
  20.498    8.340   37.108
  20.714    9.662   36.941
  21.250    9.891   35.800
  21.454    8.850   35.096
  20.883    7.638   36.084
  21.221    7.167   35.216
  20.568    6.729   36.569
  21.486   10.835   35.495
  21.534    9.340   35.035
   4.485    7.132    9.937
   3.334    6.868   10.590
   2.451    7.759   10.326
   2.845    8.670    9.529
   4.413    8.210    9.213
   4.253    9.085    8.666
   5.432    8.079    8.890
   1.515    7.726   10.730
   2.418    8.572    9.771
  32.566   11.585   24.481
  32.858   12.686   23.756
  33.835   13.326   24.285
  34.299   12.796   25.346
  33.336   11.450   25.519
  34.003   11.433   26.322
  32.826   10.543   25.799
  34.198   14.187   23.877
  34.407   13.204   25.078
   0.922   27.110   36.569
   1.515   28.263   36.946
   1.408   29.146   36.024
   0.785   28.752   34.986
   0.398   27.182   35.381
   0.013   27.342   34.424
   0.061   26.162   35.452
   1.797   30.083   36.128
   1.005   29.179   35.126
   3.717   45.376   37.421
   4.244   44.133   37.380
   5.515   44.178   37.537
   5.986   45.351   37.692
   4.618   46.295   37.607
   5.414   46.953   37.758
   3.862   47.062   37.580
   6.088   43.334   37.534
   6.181   44.891   37.677
   9.217   47.419   21.594
  10.564   47.498   21.645
  10.945   48.721   21.594
   9.996   49.565   21.509
   8.651   48.586   21.508
   8.295   49.565   21.440
   7.676   48.129   21.493
  11.931   48.979   21.620
  10.495   49.594   21.528
   2.413   40.550    8.022
   3.554   40.985    7.444
   3.315   41.974    6.666
   2.091   42.318    6.612
   1.372   41.235    7.650
   0.603   41.842    7.291
   0.734   40.631    8.274
   4.056   42.437    6.140
   2.513   42.479    6.397
  28.112   45.958   39.894
  28.431   46.184   38.602
  27.373   46.248   37.882
  26.287   46.088   38.526
  26.829   45.863   40.083
  25.788   45.803   40.129
  26.981   45.700   41.137
  27.415   46.413   36.876
  26.405   46.172   38.047
  44.133   13.815   47.320
  42.931   14.339   47.640
  42.966   14.865   48.808
  44.094   14.778   49.391
  45.014   13.972   48.263
  45.644   14.148   49.077
  45.759   13.467   47.672
  42.147   15.311   49.222
  43.648   14.972   49.510
  31.786   48.307   34.331
  30.602   47.662   34.267
  30.272   47.211   35.420
  31.110   47.465   36.344
  32.289   48.311   35.530
  32.607   48.258   36.523
  33.145   48.867   35.186
  29.406   46.694   35.568
  30.672   47.226   36.320
  33.222   41.397   10.744
  32.090   41.285   11.470
  31.313   42.280   11.250
  31.769   43.129   10.419
  33.242   42.471   10.012
  33.161   43.357    9.465
  34.214   42.210    9.629
  30.408   42.369   11.711
  31.349   43.088   10.688
  20.763   24.122    0.125
  20.357   22.958    0.675
  21.176   22.580    1.585
  22.163   23.364    1.765
  21.868   24.564    0.649
  22.753   24.832    1.133
  21.850   25.423   -0.000
  21.035   21.719    2.113
  22.012   22.933    1.968
   4.863   20.984    8.198
   4.006   19.981    7.912
   4.195   18.989    8.700
   5.123   19.163    9.554
   5.656   20.697    9.188
   6.242   20.371    9.988
   6.133   21.659    9.106
   3.640   18.136    8.635
   4.806   18.792    9.448
  20.581   37.517    4.151
  20.991   37.342    2.877
  20.029   37.562    2.060
  18.931   37.888    2.615
  19.330   37.861    4.230
  18.322   38.132    4.186
  19.392   37.898    5.305
  20.150   37.478    1.051
  19.083   37.823    2.143
  47.784   21.348   33.022
  47.002   22.265   33.630
  47.276   22.330   34.881
  48.198   21.540   35.261
  48.608   20.769   33.844
  49.227   20.365   34.581
  49.010   20.170   33.044
  46.785   22.969   35.506
  47.908   21.879   35.486
  23.795   27.045    5.153
  23.453   25.739    5.170
  23.138   25.341    3.993
  23.215   26.239    3.095
  23.720   27.566    3.964
  23.628   27.887    2.975
  24.041   28.520    4.346
  22.851   24.380    3.809
  23.088   25.756    3.102
   6.436   47.124   40.683
   7.660   46.946   41.223
   7.576   46.290   42.321
   6.391   45.963   42.649
   5.490   46.595   41.400
   4.808   46.138   42.045
   4.748   46.926   40.694
   8.401   46.059   42.875
   6.844   45.896   42.850
  42.522   35.928    9.133
  43.806   35.550    9.311
  43.864   34.352    9.761
  42.731   33.799    9.935
  41.677   34.995    9.459
  41.084   34.185    9.745
  40.849   35.632    9.197
  44.754   33.893    9.957
  43.207   33.659   10.001
  20.943    3.906   17.638
  19.909    3.119   17.274
  18.795    3.727   17.454
  18.908    4.906   17.922
  20.558    5.069   18.074
  20.147    5.970   18.405
  21.580    5.362   18.243
  17.901    3.289   17.235
  18.525    4.614   17.787
  34.900    6.774   30.621
  34.739    6.259   31.858
  34.989    7.144   32.751
  35.324    8.280   32.286
  35.263    8.023   30.643
  35.552    9.018   30.768
  35.282    8.052   29.567
  34.920    6.938   33.747
  35.264    8.089   32.744
  10.302   22.973   18.594
  11.164   23.979   18.335
  11.723   24.383   19.415
  11.353   23.763   20.463
  10.255   22.668   19.857
  10.291   22.501   20.887
   9.526   21.900   19.661
  12.407   25.139   19.417
  11.672   24.136   20.367
  40.771   20.571   28.879
  41.459   21.243   27.932
  40.724   22.148   27.400
  39.542   22.211   27.869
  39.553   21.002   29.014
  38.596   21.420   29.044
  39.365   20.277   29.788
  41.072   22.760   26.662
  39.797   22.460   27.518
  28.958   29.307   43.884
  29.720   30.398   44.114
  29.926   30.545   45.370
  29.383   29.656   46.101
  28.628   28.688   44.978
  28.420   28.265   45.909
  28.080   27.952   44.414
  30.483   31.317   45.737
  29.665   30.060   46.186
  20.898   41.164   43.849
  19.731   41.371   43.202
  18.907   42.005   43.951
  19.359   42.290   45.107
  20.895   41.651   45.054
  20.791   42.076   46.002
  21.904   41.309   45.211
  17.971   42.253   43.633
  18.927   42.367   44.867
  47.101   25.621   14.988
  47.813   25.538   13.844
  48.261   24.349   13.677
  47.944   23.533   14.602
  47.048   24.490   15.627
  47.066   23.540   16.060
  46.451   24.938   16.403
  48.823   24.094   12.866
  48.208   23.502   14.178
  25.465   35.735   33.121
  26.342   36.480   32.415
  27.226   35.734   31.864
  27.084   34.490   32.097
  25.731   34.464   33.065
  26.029   33.469   32.958
  24.884   34.243   33.693
  27.974   36.120   31.289
  27.409   34.766   31.835
  36.417   36.501    3.453
  35.285   36.188    4.119
  34.727   37.245    4.580
  35.346   38.326    4.315
  36.655   37.779    3.445
  36.756   38.817    3.497
  37.554   37.624    2.873
  33.858   37.207    5.113
  34.926   38.209    4.562
  26.600   34.145    6.863
  25.551   33.519    7.439
  25.957   32.628    8.265
  27.223   32.532    8.357
  27.744   33.693    7.284
  28.607   33.263    7.685
  28.269   34.384    6.646
  25.306   32.051    8.798
  26.835   32.301    8.571
  21.702    5.828   41.844
  21.596    6.680   40.802
  21.567    6.035   39.695
  21.644    4.771   39.820
  21.749    4.584   41.470
  21.779    3.621   41.068
  21.825    4.263   42.495
  21.490    6.511   38.797
  21.604    5.086   39.434
  17.714    8.765   23.018
  18.525    8.776   21.939
  19.529    8.001   22.122
  19.539    7.410   23.249
  18.148    7.982   23.961
  18.579    7.331   24.654
  17.302    8.234   24.580
  20.252    7.880   21.413
  19.839    7.414   22.850
  37.308   22.724   17.213
  37.888   23.942   17.170
  37.592   24.544   16.078
  36.838   23.879   15.298
  36.604   22.468   16.150
  36.067   22.361   15.262
  36.337   21.501   16.541
  37.940   25.479   15.867
  37.053   24.330   15.282
  37.401    2.028    1.439
  36.534    1.727    2.429
  35.804    2.741    2.712
  36.051    3.778    2.017
  37.281    3.254    1.025
  37.106    4.251    0.766
  38.070    3.106    0.307
  35.088    2.704    3.438
  35.730    3.667    2.383
  15.834    5.182   39.952
  15.784    5.484   41.267
  15.620    4.422   41.967
  15.544    3.350   41.286
  15.705    3.908   39.727
  15.594    2.872   39.652
  15.791    4.071   38.665
  15.559    4.453   42.984
  15.525    3.461   41.773
  15.947    6.476   43.756
  14.870    6.571   42.947
  13.796    6.303   43.593
  13.978    6.014   44.819
  15.631    6.140   44.971
  15.274    5.869   45.914
  16.667    6.170   45.265
  12.880    6.324   43.147
  13.579    6.050   44.520
  14.825   31.735    3.054
  15.048   30.659    2.269
  16.294   30.359    2.260
  17.024   31.120    2.973
  15.914   32.192    3.597
  16.841   32.480    3.982
  15.359   32.969    4.094
  16.655   29.572    1.721
  17.107   30.722    2.682
  25.324   41.434   19.832
  25.256   42.225   18.740
  24.039   42.533   18.482
  23.189   42.039   19.290
  24.155   41.186   20.343
  23.175   41.047   20.674
  24.603   40.586   21.117
  23.790   43.126   17.691
  23.164   42.332   18.885
  38.300   20.106   41.956
  39.228   20.850   42.594
  39.811   20.160   43.504
  39.397   18.960   43.601
  38.229   18.892   42.416
  38.251   17.945   42.855
  37.451   18.653   41.711
  40.543   20.555   44.093
  39.740   19.236   43.837
   1.673    6.360   46.788
   1.483    6.086   45.480
   0.576    6.847   44.989
   0.070    7.668   45.820
   0.901    7.313   47.218
   0.240    8.083   47.463
   1.323    7.231   48.205
   0.294    6.787   44.011
  -0.000    7.567   45.335
  35.255   12.618    5.859
  34.055   12.042    6.084
  34.205   10.871    6.585
  35.418   10.522    6.753
  36.249   11.854    6.201
  36.974   11.167    6.505
  36.954   12.607    5.892
  33.409   10.281    6.822
  34.973   10.308    6.837
   0.641    4.958   35.877
  -0.005    4.809   37.053
   0.378    5.700   37.892
   1.256    6.504   37.442
   1.477    5.953   35.888
   2.119    6.769   35.998
   1.756    5.749   34.868
  -0.001    5.747   38.838
   1.017    6.449   37.878
  22.961   27.972   47.298
  24.255   28.211   47.600
  24.648   27.435   48.541
  23.756   26.635   48.970
  22.443   27.029   48.027
  22.123   26.263   48.661
  21.497   27.137   47.523
  25.600   27.469   48.905
  24.235   26.723   49.082
  16.873   26.830   30.418
  16.956   25.501   30.638
  18.154   25.171   30.953
  18.976   26.142   30.989
  18.012   27.436   30.579
  18.968   27.826   30.732
  17.560   28.383   30.336
  18.411   24.205   31.156
  19.007   25.650   31.070
   5.375    1.998    8.642
   4.622    3.062    8.289
   3.614    2.688    7.591
   3.548    1.433    7.391
   4.897    0.876    8.192
   4.433    0.033    7.787
   5.707    0.331    8.647
   2.930    3.354    7.233
   3.269    1.826    7.261
  26.153    2.654   41.434
  26.812    2.800   40.265
  28.001    3.234   40.470
  28.287    3.426   41.695
  26.877    2.986   42.461
  27.538    3.275   43.216
  26.066    2.750   43.129
  28.651    3.406   39.703
  28.532    3.480   41.262
  17.886   36.109   35.244
  17.570   35.726   33.989
  18.515   35.025   33.480
  19.513   34.849   34.250
  19.054   35.676   35.619
  19.999   35.283   35.824
  18.938   36.151   36.579
  18.455   34.646   32.536
  19.396   34.708   33.785
  46.570    5.194    9.531
  47.000    3.914    9.499
  46.006    3.105    9.483
  44.867    3.671    9.500
  45.273    5.285    9.537
  44.230    5.250    9.539
  45.333    6.360    9.562
  46.136    2.094    9.458
  45.026    3.197    9.488
  45.060    8.399    3.078
  45.500    8.430    4.354
  46.478    7.619    4.513
  46.809    6.980    3.462
  45.729    7.564    2.339
  46.324    6.872    1.834
  45.125    7.815    1.483
  46.943    7.505    5.413
  46.972    6.992    3.935
  33.841   42.774    1.629
  34.917   43.546    1.367
  35.872   43.278    2.179
  35.601   42.369    3.028
  34.038   41.963    2.625
  34.295   41.353    3.433
  33.042   41.566    2.519
  36.768   43.762    2.134
  36.000   42.655    2.931
   6.264   49.533   39.724
   6.210   49.722   41.060
   5.042   49.442   41.507
   4.216   49.060   40.618
   5.134   49.120   39.232
   4.187   48.793   38.937
   5.557   49.095   38.241
   4.811   49.525   42.497
   4.196   49.130   41.113
  27.002   48.362   30.881
  27.600   48.420   32.090
  26.733   48.316   33.027
  25.533   48.185   32.622
  25.713   48.217   30.968
  24.690   48.101   31.144
  25.625   48.215   29.894
  26.998   48.338   34.011
  25.755   48.206   33.070
  12.412   29.392    6.500
  13.547   29.209    7.207
  13.592   28.021    7.686
  12.585   27.298    7.397
  11.658   28.334    6.481
  11.128   27.435    6.527
  10.928   28.845    5.877
  14.378   27.697    8.250
  13.006   27.230    7.659
  25.622    8.339    2.347
  24.884    9.168    1.578
  23.767    8.621    1.270
  23.605    7.451    1.744
  25.024    7.209    2.580
  24.462    6.338    2.708
  25.860    6.869    3.167
  23.076    9.098    0.692
  23.332    7.758    1.459
  49.706   38.990   18.389
  49.174   39.075   17.151
  48.553   40.186   17.004
  48.575   40.942   18.028
  49.459   40.041   19.113
  49.207   40.924   19.609
  50.000   39.617   19.942
  48.086   40.430   16.131
  48.378   40.973   17.569
   9.664   26.747   32.658
  10.768   26.050   32.313
  11.774   26.426   33.013
  11.516   27.346   33.854
   9.893   27.612   33.600
  10.179   28.273   34.356
   8.862   27.925   33.584
  12.698   26.011   32.893
  11.925   27.088   33.726
  14.089   25.570   36.255
  13.770   26.867   36.060
  12.498   27.019   36.038
  11.836   25.944   36.201
  13.041   24.810   36.371
  12.141   24.288   36.450
  13.667   23.942   36.501
  12.067   27.933   35.900
  11.718   26.425   36.128
  16.988   23.476    4.536
  17.308   23.572    3.228
  17.038   22.479    2.617
  16.542   21.570    3.357
  16.492   22.314    4.845
  16.107   21.354    4.990
  16.381   22.618    5.872
  17.213   22.363    1.619
  16.661   21.606    2.873
  14.110   34.315   18.900
  13.728   34.860   20.075
  12.684   35.585   19.916
  12.250   35.630   18.720
  13.335   34.657   17.914
  12.655   34.989   17.195
  13.923   34.073   17.228
  12.248   36.079   20.694
  12.109   35.831   19.155
  13.354   49.350    5.900
  14.537   50.000    5.874
  15.509   49.166    5.899
  15.155   47.944    5.942
  13.494   48.058    5.944
  13.713   47.038    5.978
  12.425   47.927    5.952
  16.482   49.472    5.886
  15.593   48.185    5.933
  39.413   12.308   42.140
  39.392   10.977   41.918
  38.185   10.553   41.832
  37.299   11.457   41.971
  38.220   12.822   42.210
  37.225   13.135   42.249
  38.636   13.801   42.378
  37.970    9.571   41.666
  37.292   10.963   41.889
  29.752   24.448   47.144
  28.774   25.331   46.852
  27.661   24.957   47.367
  27.724   23.867   48.020
  29.328   23.452   47.864
  28.890   22.699   48.439
  30.315   23.021   47.876
  26.805   25.500   47.252
  27.361   24.194   47.912
  41.900    3.527   41.293
  40.732    3.946   40.761
  39.743    3.359   41.327
  40.072    2.535   42.240
  41.733    2.646   42.234
  41.493    1.948   42.972
  42.798    2.578   42.381
  38.778    3.548   41.057
  39.640    2.690   42.043
  14.890   20.741   29.105
  14.645   21.866   29.810
  13.384   22.079   29.894
  12.663   21.207   29.311
  13.802   20.162   28.694
  12.874   19.776   28.411
  14.377   19.383   28.222
  13.006   22.885   30.391
  12.572   21.623   29.572
  39.021   40.279   36.001
  38.996   41.628   35.975
  40.187   42.100   35.972
  41.104   41.218   35.994
  40.230   39.801   36.017
  41.236   39.520   36.028
  39.849   38.794   36.034
  40.369   43.104   35.954
  41.095   41.718   35.985
  43.837    5.576   26.319
  43.265    6.652   25.738
  42.045    6.771   26.113
  41.655    5.873   26.928
  43.020    4.938   27.103
  42.290    4.499   27.707
  43.787    4.221   27.344
  41.450    7.528   25.778
  41.443    6.272   26.713
  20.039   45.237   39.790
  18.928   44.723   39.221
  18.059   45.643   39.020
  18.425   46.804   39.391
  19.952   46.519   39.990
  19.782   47.542   40.107
  20.941   46.536   40.415
  17.153   45.444   38.597
  18.014   46.613   39.180
  49.963   20.908   27.239
  50.003   19.966   28.205
  49.669   18.822   27.732
  49.382   18.828   26.492
  49.601   20.428   26.086
  49.303   19.946   25.209
  49.688   21.402   25.636
  49.641   17.986   28.315
  49.397   18.479   26.850
   4.325   43.813   35.205
   4.133   45.021   34.634
   2.961   45.096   34.122
   2.256   44.045   34.262
   3.287   43.038   35.095
   2.405   42.497   34.954
   3.798   42.252   35.625
   2.634   45.937   33.646
   2.186   44.493   34.051
  20.408   19.439   28.517
  19.146   18.985   28.670
  18.300   19.881   28.316
  18.823   20.968   27.911
  20.451   20.654   28.056
  20.377   21.627   27.685
  21.528   20.641   28.079
  17.294   19.719   28.361
  18.355   20.800   27.967
  43.345    6.749   32.586
  42.206    7.409   32.288
  42.362    8.671   32.448
  43.523    9.013   32.840
  44.303    7.547   32.955
  45.003    8.269   33.237
  44.969    6.711   33.090
  41.607    9.334   32.270
  43.101    9.257   32.730
  12.160   43.087   32.961
  11.438   44.190   32.669
  10.234   44.065   33.091
   9.993   42.960   33.675
  11.463   42.186   33.588
  10.821   41.530   34.086
  12.319   41.533   33.632
   9.539   44.800   32.961
   9.725   43.368   33.566
   4.857   12.233    3.713
   5.658   11.926    4.755
   4.971   11.441    5.723
   3.722   11.359    5.493
   3.606   11.964    3.947
   2.634   11.714    4.232
   3.331   12.319    2.968
   5.405   11.150    6.598
   4.019   11.245    5.879
  21.817    7.354    6.195
  22.416    7.755    5.053
  21.613    7.643    4.061
  20.462    7.192    4.363
  20.593    6.960    6.006
  19.624    6.667    5.749
  20.483    6.745    7.055
  21.889    7.899    3.113
  20.683    7.341    3.940
  39.097    6.624   18.292
  39.111    5.513   19.057
  37.916    5.116   19.297
  37.007    5.837   18.775
  37.892    7.010   17.992
  36.889    7.235   17.809
  38.281    7.842   17.430
  37.727    4.288   19.861
  37.012    5.426   19.058
  15.722   11.037   10.860
  15.954   10.866   12.178
  15.217    9.929   12.647
  14.451    9.382   11.790
  14.821   10.220   10.400
  14.091    9.524   10.132
  14.921   10.640    9.414
  15.253    9.656   13.629
  14.537    9.319   12.279
  40.030    4.526    6.095
  39.965    5.042    7.341
  39.036    4.472    8.016
  38.400    3.572    7.381
  39.147    3.593    5.894
  38.406    2.860    5.834
  39.497    3.458    4.884
  38.837    4.731    8.982
  38.376    3.763    7.842
  37.659   12.934   45.991
  36.825   12.448   45.047
  35.604   12.638   45.386
  35.453   13.227   46.504
  37.025   13.467   46.992
  36.425   13.869   47.746
  37.958   13.710   47.473
  34.828   12.337   44.796
  35.143   13.047   46.155
  20.550   19.568   45.777
  19.764   19.942   46.808
  18.553   19.572   46.609
  18.366   18.951   45.514
  19.893   18.934   44.852
  19.278   18.438   44.170
  20.792   18.822   44.269
  17.812   19.767   47.282
  18.075   19.089   45.896
  40.922   16.480   24.723
  42.245   16.738   24.643
  42.868   15.742   24.131
  42.123   14.758   23.820
  40.614   15.302   24.267
  40.472   14.342   23.880
  39.574   15.471   24.488
  43.878   15.753   23.991
  42.612   14.854   23.791
  34.858   40.310   32.819
  34.201   39.733   31.790
  34.146   40.529   30.788
  34.706   41.656   30.979
  35.264   41.513   32.540
  35.547   42.465   32.219
  35.696   41.611   33.522
  33.686   40.267   29.916
  34.463   41.442   30.598
  44.989   15.950   22.103
  43.731   16.385   21.877
  42.940   15.396   21.684
  43.500   14.254   21.746
  45.083   14.654   22.069
  45.053   13.611   22.020
  46.139   14.710   22.275
  41.946   15.529   21.497
  43.034   14.416   21.662
  10.081   10.989   19.518
   9.622   10.389   18.399
  10.453    9.501   17.992
  11.496    9.386   18.713
  11.234   10.524   19.898
  12.155   10.085   20.119
  11.246   11.198   20.738
  10.277    8.942   17.158
  11.326    9.163   18.298
  46.444   21.748   12.270
  47.261   20.673   12.265
  46.927   19.859   11.333
  45.929   20.234   10.639
  45.536   21.691   11.342
  44.850   21.550   10.568
  45.133   22.639   11.656
  47.431   18.987   11.174
  46.231   19.836   10.637
  20.879   28.123    9.856
  20.653   29.081    8.933
  21.721   29.753    8.710
  22.730   29.380    9.391
  22.107   28.121   10.284
  23.110   28.203   10.561
  21.894   27.294   10.940
  21.744   30.522    8.040
  22.646   29.734    9.048
  13.203   16.803   40.712
  13.456   17.215   41.973
  14.152   16.341   42.601
  14.442   15.308   41.917
  13.722   15.639   40.453
  14.175   14.705   40.347
  13.331   15.671   39.450
  14.441   16.478   43.569
  14.536   15.461   42.383
  36.110   48.698   38.132
  35.223   49.702   37.965
  34.071   49.365   38.415
  34.020   48.192   38.905
  35.581   47.654   38.700
  35.064   46.871   39.158
  36.523   47.134   38.655
  33.272   49.998   38.376
  33.692   48.564   38.844
   7.562   21.344   33.131
   6.762   20.608   32.331
   5.543   20.989   32.441
   5.363   21.950   33.255
   6.907   22.244   33.803
   6.292   22.930   34.294
   7.817   22.580   34.270
   4.791   20.548   31.911
   5.066   21.677   32.959
  20.079   31.989   35.267
  20.636   33.218   35.207
  21.911   33.130   35.119
  22.358   31.938   35.107
  20.963   31.037   35.221
  21.747   30.349   35.177
  20.187   30.293   35.288
  22.505   33.957   35.063
  22.564   32.393   35.085
  39.253   12.337   27.873
  38.607   13.513   27.718
  38.796   13.977   26.538
  39.529   13.248   25.796
  39.895   11.975   26.803
  40.375   11.774   25.897
  40.239   11.080   27.294
  38.385   14.860   26.235
  39.289   13.683   25.738
   2.504   22.653    1.637
   3.781   22.771    1.216
   4.142   24.001    1.216
   3.242   24.814    1.602
   1.966   23.799    1.933
   1.629   24.764    2.144
   1.042   23.314    2.198
   5.078   24.287    0.928
   3.716   24.858    1.446
  26.358   13.677   34.557
  25.970   14.640   33.694
  25.605   15.692   34.328
  25.686   15.599   35.594
  26.266   14.052   35.798
  26.155   14.447   36.758
  26.632   13.095   36.130
  25.278   16.527   33.842
  25.543   15.955   35.275
  30.385   14.132   48.565
  30.969   13.467   49.585
  31.111   12.227   49.291
  30.682   11.907   48.136
  30.116   13.360   47.554
  29.942   12.660   46.799
  29.701   14.192   47.010
  31.535   11.565   49.940
  30.899   11.661   48.513
  26.896   29.416   25.603
  26.968   29.315   24.259
  28.005   28.647   23.912
  28.718   28.239   24.885
  27.883   28.820   26.203
  28.712   28.314   26.586
  27.492   29.106   27.164
  28.227   28.467   22.933
  28.744   28.202   24.387
  18.615   20.894   22.764
  18.497   19.577   22.489
  17.375   19.127   22.915
  16.642   19.996   23.486
  17.575   21.370   23.384
  16.699   21.653   23.876
  18.023   22.349   23.415
  17.108   18.150   22.797
  16.598   19.509   23.384
  15.017   44.471   37.952
  15.022   45.817   37.848
  13.873   46.297   38.151
  13.006   45.423   38.474
  13.864   44.004   38.329
  12.903   43.730   38.633
  14.243   42.996   38.293
  13.685   47.299   38.130
  13.008   45.921   38.435
  36.823   18.604    4.234
  36.704   19.278    3.071
  37.830   19.324    2.460
  38.783   18.740    3.069
  38.032   18.175    4.443
  39.030   17.876    4.516
  37.731   17.735    5.379
  37.936   19.794    1.561
  38.739   18.990    2.638
   0.861   18.442   46.952
   0.024   19.494   46.828
   0.681   20.594   46.834
   1.940   20.455   46.953
   2.107   18.802   47.046
   3.072   19.193   47.114
   2.415   17.773   47.122
   0.217   21.498   46.750
   1.630   20.845   46.907
  21.100   24.692   37.097
  22.223   24.459   37.809
  22.696   23.299   37.537
  22.021   22.643   36.681
  20.782   23.696   36.325
  20.615   22.846   35.742
  19.917   24.229   35.967
  23.545   22.947   37.980
  22.437   22.557   36.945
  22.540    3.986   10.613
  22.600    5.334   10.556
  23.781    5.744   10.836
  24.612    4.817   11.100
  23.679    3.449   10.935
  24.634    3.117   11.198
  23.248    2.463   10.877
  24.019    6.736   10.844
  24.634    5.316   11.079
  41.714    2.297   46.374
  40.938    1.199   46.501
  40.086    1.138   45.546
  40.157    2.099   44.714
  41.408    3.008   45.330
  41.085    3.506   44.471
  42.181    3.719   45.568
  39.412    0.376   45.474
  39.870    1.692   44.761
  30.465   32.111   22.266
  30.235   31.684   21.006
  31.167   32.077   20.220
  32.077   32.765   20.785
  31.559   32.806   22.366
  32.450   33.349   22.341
  31.393   32.945   23.421
  31.165   31.850   19.226
  31.992   32.607   20.319
  41.587   32.234    8.863
  42.675   31.647    8.319
  42.462   30.398    8.124
  41.306   30.000    8.475
  40.609   31.398    9.049
  39.888   30.651    9.158
  39.995   32.183    9.457
  43.172   29.788    7.719
  41.709   29.782    8.274
   7.053   18.726   38.827
   5.820   18.488   39.323
   5.896   18.005   40.507
   7.084   17.859   40.941
   7.997   18.409   39.663
   8.677   18.125   40.403
   8.748   18.720   38.956
   5.064   17.762   41.044
   6.627   17.772   41.125
  42.040   12.937   14.339
  42.853   11.934   13.946
  43.245   12.119   12.739
  42.793   13.178   12.196
  41.859   13.828   13.410
  41.779   14.484   12.602
  41.217   14.398   14.060
  43.867   11.463   12.268
  43.094   12.806   12.050
  12.472   49.831   38.091
  11.413   49.842   37.253
  11.803   49.936   36.036
  13.066   49.997   35.891
  13.607   49.917   37.463
  14.461   49.990   36.867
  14.144   49.879   38.396
  11.142   49.960   35.260
  12.674   50.001   35.581
  31.085   45.800   28.481
  31.145   47.141   28.631
  30.835   47.474   29.829
  30.549   46.495   30.590
  30.734   45.190   29.574
  30.447   44.798   30.497
  30.800   44.235   29.080
  30.824   48.448   30.131
  30.571   46.991   30.646
  29.762   10.119    7.645
  28.448   10.177    7.948
  27.895   11.173    7.361
  28.685   11.867    6.644
  30.134   11.074    6.846
  30.330   11.875    6.205
  31.146   10.706    6.851
  26.902   11.379    7.471
  28.198   11.889    6.756
  30.432   37.218    6.967
  29.087   37.124    7.021
  28.587   38.153    7.599
  29.446   39.011    7.983
  30.880   38.313    7.506
  31.136   39.218    7.960
  31.893   38.029    7.279
  27.582   38.260    7.733
  28.947   38.976    8.003
  41.481   26.646   12.191
  40.813   26.677   13.364
  40.080   25.632   13.492
  40.144   24.822   12.513
  41.219   25.581   11.494
  40.943   24.695   11.014
  41.884   25.909   10.713
  39.501   25.479   14.316
  39.896   24.833   12.947
  14.476   30.417   49.759
  15.137   31.329   49.015
  15.332   30.887   47.829
  14.873   29.718   47.620
  14.207   29.332   49.095
  14.039   28.506   48.478
  13.726   28.904   49.959
  15.817   31.438   47.121
  15.118   30.056   47.345
  28.415   16.784   42.661
  29.275   16.443   43.644
  29.355   15.168   43.750
  28.627   14.525   42.929
  27.890   15.749   42.075
  27.526   14.857   41.672
  27.321   16.388   41.421
  29.958   14.723   44.441
  28.945   14.399   43.293
  27.645   24.284   31.034
  27.197   23.092   31.481
  26.932   22.313   30.499
  27.143   22.822   29.351
  27.694   24.345   29.736
  27.697   24.292   28.693
  28.065   25.355   29.782
  26.581   21.366   30.641
  26.977   22.380   29.517
  23.054   45.330   29.944
  22.674   44.091   30.321
  23.691   43.399   30.682
  24.802   44.016   30.606
  24.338   45.510   30.039
  25.375   45.553   30.150
  24.238   46.521   29.681
  23.601   42.434   31.001
  24.661   43.557   30.746
  34.860   18.256   36.548
  35.725   17.868   37.509
  35.935   16.606   37.442
  35.299   16.014   36.512
  34.461   17.266   35.806
  34.203   16.407   35.270
  33.846   17.930   35.223
  36.563   16.130   38.090
  35.620   15.870   36.868
  34.439   17.717   27.801
  34.726   16.988   26.702
  35.823   16.345   26.862
  36.383   16.531   27.989
  35.335   17.587   28.735
  36.106   17.416   29.417
  34.789   18.261   29.373
  36.202   15.738   26.135
  36.489   16.261   27.582
   5.668    3.730    5.403
   4.775    2.768    5.718
   4.567    2.001    4.712
   5.230    2.307    3.670
   6.090    3.639    4.177
   6.363    3.481    3.182
   6.721    4.501    4.314
   3.920    1.214    4.760
   4.899    1.951    3.786
  22.661   41.833   36.783
  23.350   40.674   36.711
  24.572   40.855   37.053
  24.856   42.053   37.375
  23.398   42.829   37.175
  24.071   43.559   37.496
  22.557   43.498   37.107
  25.247   40.091   37.061
  25.111   41.624   37.349
  16.615   13.037   10.108
  15.618   13.936   10.250
  16.063   15.026   10.756
  17.311   15.019   11.006
  17.762   13.495   10.514
  18.632   13.954   10.865
  18.242   12.566   10.255
  15.454   15.823   10.938
  16.942   15.352   11.059
  25.486    4.804   33.370
  26.539    5.291   34.060
  27.286    4.335   34.474
  26.881    3.172   34.151
  25.492    3.506   33.297
  25.588    2.467   33.297
  24.580    3.518   32.725
  28.132    4.509   35.016
  27.271    3.353   34.407
  10.471   45.742   47.919
   9.527   44.823   48.215
   8.745   44.644   47.215
   9.023   45.353   46.195
  10.352   46.210   46.712
  10.172   46.521   45.732
  11.207   46.848   46.860
   7.968   43.985   47.251
   8.673   45.012   46.305
   5.344    9.172   25.197
   4.052    8.779   25.176
   3.342    9.603   24.498
   3.994   10.581   24.009
   5.543   10.272   24.534
   5.597   11.155   23.979
   6.592   10.244   24.773
   2.339    9.471   24.370
   3.516   10.435   24.001
  18.215   12.589   46.253
  18.244   11.519   47.076
  18.473   10.447   46.412
  18.619   10.624   45.160
  18.424   12.270   45.011
  18.601   11.912   44.046
  18.329   13.301   44.714
  18.531    9.536   46.866
  18.630   10.228   45.465
  42.627   22.755   25.105
  41.548   22.685   24.297
  41.880   22.919   23.082
  43.119   23.159   22.911
  43.718   23.038   24.459
  44.535   23.268   23.851
  44.287   23.004   25.373
  41.197   22.911   22.325
  42.719   23.133   22.612
  41.786   23.362   30.503
  40.820   23.440   29.563
  41.128   24.309   28.672
  42.244   24.889   28.866
  42.773   24.177   30.274
  43.512   24.862   30.002
  43.278   23.838   31.163
  40.518   24.506   27.880
  41.886   24.918   28.518
  29.106    3.856    0.747
  27.842    3.554    1.114
  27.206    4.614    1.451
  27.886    5.686    1.366
  29.358    5.129    0.824
  29.459    6.163    0.921
  30.366    4.966    0.481
  26.234    4.584    1.759
  27.419    5.574    1.502
  27.001   19.789   29.167
  26.018   18.868   29.256
  25.680   18.456   28.090
  26.328   18.992   27.134
  27.355   20.025   27.938
  27.565   20.143   26.922
  28.086   20.742   28.271
  24.950   17.757   27.957
  25.964   18.651   27.167
  41.215    4.012   32.822
  42.271    4.852   32.876
  43.334    4.265   32.466
  43.164    3.056   32.109
  41.536    2.834   32.374
  41.894    1.926   32.005
  40.517    2.501   32.476
  44.235    4.743   32.435
  43.555    3.367   32.129
  25.412   36.848   26.107
  24.258   36.386   25.579
  23.493   37.360   25.247
  23.977   38.513   25.481
  25.459   38.147   26.146
  25.398   39.189   26.133
  26.440   38.114   26.589
  22.576   37.205   24.830
  23.550   38.342   25.286
  27.775   41.438   29.384
  28.893   40.796   28.986
  28.954   39.629   29.512
  27.974   39.343   30.272
  27.048   40.723   30.190
  26.539   40.072   30.828
  26.323   41.516   30.265
  29.731   38.994   29.328
  28.388   39.105   30.125
  35.613    4.400   36.114
  35.097    3.963   37.283
  35.043    2.683   37.300
  35.475    2.123   36.242
  35.922    3.427   35.309
  36.134    2.579   34.739
  36.265    4.129   34.567
  34.681    2.170   38.104
  35.284    1.962   36.674
  16.004   39.240   47.866
  17.251   39.753   47.926
  17.690   39.729   49.130
  16.876   39.240   49.978
  15.566   38.854   49.027
  15.308   38.577   50.000
  14.634   38.538   48.588
  18.618   40.077   49.373
  17.338   39.430   50.000
  41.881   21.050    6.137
  42.982   21.822    6.253
  43.764   21.358    7.156
  43.341   20.303    7.728
  41.888   20.042    6.959
  41.989   19.270    7.654
  40.934   19.710    6.585
  44.648   21.810    7.386
  43.749   20.589    7.771
  17.785   38.626   21.206
  17.312   39.890   21.245
  18.253   40.715   21.522
  19.393   40.175   21.693
  19.060   38.562   21.455
  20.081   38.617   21.665
  19.044   37.491   21.338
  18.086   41.718   21.595
  19.218   40.643   21.708
  17.092   32.275   39.349
  17.024   33.538   38.877
  16.065   34.177   39.438
  15.409   33.499   40.292
  16.182   32.026   40.243
  15.417   31.927   40.947
  16.544   31.018   40.353
  15.858   35.149   39.208
  15.383   33.967   40.117
  29.949   20.347   22.293
  28.933   20.991   21.680
  28.220   21.624   22.537
  28.617   21.508   23.741
  29.951   20.527   23.580
  29.865   20.732   24.600
  30.829   19.911   23.680
  27.404   22.170   22.260
  28.240   21.746   23.514
  43.911    6.882   35.948
  44.184    5.606   35.604
  44.922    5.048   36.491
  45.225    5.800   37.472
  44.457    7.223   37.078
  44.935    7.397   37.989
  44.039    8.213   36.999
  45.232    4.081   36.403
  45.326    5.328   37.345
  11.251   23.829   28.239
  11.513   24.412   29.428
  10.980   23.744   30.383
  10.341   22.709   30.010
  10.534   22.751   28.357
   9.959   21.904   28.559
  10.546   22.607   27.290
  11.071   24.033   31.357
  10.438   22.925   30.450
  19.377   23.529   48.959
  20.553   22.991   49.346
  20.582   21.737   49.084
  19.526   21.290   48.531
  18.579   22.653   48.423
  18.015   21.877   48.011
  17.828   23.410   48.267
  21.393   21.159   49.305
  19.962   21.090   48.675
  43.911   39.753   18.577
  43.640   41.013   18.978
  42.592   41.458   18.390
  42.053   40.636   17.581
  43.052   39.310   17.707
  42.314   39.051   17.016
  43.572   38.368   17.650
  42.232   42.395   18.567
  41.953   41.102   17.730
  44.585   14.143   14.251
  45.718   13.517   14.634
  46.679   14.358   14.749
  46.360   15.561   14.484
  44.748   15.423   14.096
  44.981   16.436   14.001
  43.714   15.536   13.816
  47.615   14.070   15.031
  46.780   15.330   14.626
  23.903   48.555   10.226
  23.615   47.663   11.198
  24.446   47.771   12.167
  25.333   48.670   12.004
  24.936   49.291   10.512
  25.771   49.827   10.834
  24.839   49.816    9.577
  24.388   47.178   12.995
  25.226   48.339   12.364
  31.685   13.784    2.011
  31.772   12.440    2.107
  32.998   12.073    2.172
  33.837   13.028    2.132
  32.849   14.362    2.008
  33.827   14.727    2.013
  32.386   15.331    1.926
  33.262   11.090    2.248
  33.870   12.531    2.168
  13.562   41.390   25.117
  12.231   41.586   25.001
  11.946   42.828   25.134
  12.952   43.580   25.340
  14.213   42.494   25.331
  14.641   43.431   25.500
  15.146   41.957   25.359
  10.987   43.170   25.077
  12.460   43.653   25.297
  42.782   35.679   41.472
  42.454   35.147   40.276
  42.807   33.916   40.219
  43.372   33.481   41.274
  43.365   34.824   42.257
  43.823   34.065   42.809
  43.454   35.569   43.030
  42.641   33.346   39.390
  43.251   33.284   40.831
   5.841   31.726   20.548
   5.892   31.298   19.268
   5.874   32.293   18.460
   5.815   33.431   19.027
   5.788   33.022   20.640
   5.748   34.064   20.606
   5.762   32.960   21.715
   5.906   32.165   17.449
   5.833   33.272   18.553
  10.007   18.181    8.529
   8.734   18.625    8.461
   8.707   19.905    8.407
   9.853   20.458    8.430
  10.876   19.149    8.523
  11.489   19.993    8.512
  11.686   18.442    8.584
   7.830   20.423    8.352
   9.381   20.623    8.404
  32.565   13.505   -0.000
  31.327   12.967   -0.000
  31.392   11.687   -0.000
  32.575   11.220   -0.000
  33.502   12.603   -0.000
  34.175   11.805   -0.000
  34.260   13.368   -0.000
  30.554   11.106   -0.000
  32.117   11.021   -0.000
  32.906   47.540   45.697
  33.684   48.133   44.767
  33.419   49.385   44.690
  32.508   49.780   45.486
  32.094   48.374   46.275
  31.484   49.120   46.677
  31.692   47.583   46.886
  33.908   50.000   44.040
  32.796   49.999   45.142
  45.547   17.615   26.186
  44.495   17.337   25.387
  44.410   18.195   24.439
  45.312   19.094   24.460
  46.203   18.669   25.800
  46.659   19.523   25.409
  46.894   18.558   26.619
  43.675   18.148   23.734
  44.922   18.991   24.165
  29.570    6.061   26.519
  30.227    5.203   25.710
  30.609    4.170   26.365
  30.293    4.181   27.598
  29.489    5.631   27.743
  29.479    5.199   28.694
  28.948    6.516   28.035
  31.123    3.410   25.919
  30.536    3.863   27.298
  31.007   30.185   30.652
  31.298   30.154   29.334
  32.516   29.799   29.151
  33.162   29.561   30.222
  32.019   29.852   31.396
  32.888   29.571   31.903
  31.430   29.990   32.287
  32.919   29.718   28.218
  33.270   29.549   29.734
   8.908    1.855   45.463
   7.609    1.954   45.815
   7.177    3.144   45.612
   8.045    3.945   45.138
   9.391    2.975   45.013
   9.682    3.917   44.669
  10.354    2.517   44.860
   6.215    3.410   45.819
   7.563    3.982   45.268
  23.249    6.875   47.602
  22.838    8.128   47.313
  21.599    8.274   47.605
  21.045    7.235   48.088
  22.298    6.139   48.097
  21.471    5.634   48.484
  22.970    5.301   48.181
  21.111    9.157   47.456
  20.893    7.699   47.981
  38.585   44.478   11.150
  37.375   44.951   10.781
  36.942   44.324    9.751
  37.726   43.420    9.316
  39.003   43.518   10.380
  39.247   42.759    9.706
  39.908   43.429   10.956
  36.042   44.543    9.326
  37.278   43.595    9.179
   9.161   28.287   39.574
   9.508   29.591   39.598
   8.481   30.327   39.811
   7.392   29.683   39.949
   7.889   28.104   39.771
   6.859   28.065   39.937
   8.013   27.038   39.686
   8.547   31.343   39.862
   7.520   30.166   39.958
  45.683   11.118   22.181
  45.940   10.356   23.265
  45.113    9.380   23.335
  44.256    9.346   22.394
  44.674   10.678   21.488
  43.857   10.246   21.004
  44.788   11.484   20.782
  45.151    8.695   24.089
  44.352    9.064   22.795
  35.871   29.945   22.407
  35.657   31.278   22.389
  34.638   31.561   21.665
  34.069   30.551   21.139
  35.002   29.290   21.696
  34.260   28.859   21.102
  35.477   28.357   21.948
  34.321   32.521   21.532
  33.990   31.045   21.132
  43.548   19.084   40.487
  43.725   17.870   39.924
  42.678   17.519   39.272
  41.732   18.370   39.298
  42.378   19.589   40.230
  41.418   19.904   39.968
  42.615   20.470   40.802
  42.625   16.629   38.778
  41.797   17.920   39.090
  40.473    7.581    4.234
  39.720    8.298    3.373
  38.480    8.223    3.690
  38.241    7.510    4.717
  39.764    7.002    5.157
  39.108    6.581    5.851
  40.651    6.575    5.593
  37.758    8.702    3.153
  37.962    7.776    4.398
   0.853   16.875   23.886
   1.084   15.765   23.154
   1.124   16.049   21.905
   0.942   17.281   21.639
   0.730   17.941   23.152
   0.648   18.734   22.477
   0.571   18.546   24.029
   1.289   15.336   21.195
   1.028   16.869   21.368
   1.030   46.629   19.736
   1.756   47.765   19.802
   2.926   47.580   19.313
   3.139   46.400   18.886
   1.690   45.644   19.202
   2.302   44.922   18.761
   0.843   44.990   19.323
   3.619   48.328   19.276
   3.408   46.821   18.911
   2.848   35.994   42.036
   2.577   34.683   41.863
   3.658   33.995   41.873
   4.717   34.680   42.039
   4.120   36.229   42.168
   5.157   36.310   42.263
   3.931   37.283   42.274
   3.652   32.982   41.756
   4.617   34.195   41.975
  14.382   41.730    4.481
  14.319   40.856    5.509
  13.211   40.983    6.141
  12.438   41.879    5.672
  13.318   42.471    4.390
  12.426   43.014    4.402
  13.726   42.979    3.532
  12.984   40.406    6.950
  12.415   41.556    6.053
   8.077   32.608    8.262
   8.574   31.693    9.121
   8.850   30.603    8.506
   8.601   30.624    7.258
   8.002   32.162    7.044
   7.983   31.712    6.102
   7.597   33.102    6.708
   9.238   29.794    8.991
   8.786   30.285    7.576
  23.516    4.930   28.715
  23.620    3.594   28.882
  22.467    3.041   28.811
  21.506    3.850   28.605
  22.289    5.316   28.527
  21.276    5.523   28.384
  22.609    6.342   28.445
  22.346    2.033   28.914
  21.545    3.355   28.667
  29.042   23.944    7.109
  29.054   25.294    7.110
  27.925   25.754    6.714
  27.068   24.861    6.416
  27.906   23.454    6.712
  26.959   23.162    6.382
  28.275   22.451    6.844
  27.745   26.756    6.648
  27.072   25.361    6.416
  29.944   36.273   26.271
  29.165   37.270   25.799
  28.143   36.792   25.191
  28.091   35.520   25.168
  29.471   35.095   25.995
  29.009   34.198   25.725
  30.302   34.627   26.495
  27.439   37.394   24.766
  27.803   35.889   24.993
  42.013   31.323   16.991
  42.447   32.144   16.012
  43.454   31.631   15.407
  43.811   30.493   15.851
  42.715   30.231   17.076
  43.337   29.393   17.061
  42.106   29.885   17.894
  43.919   32.109   14.635
  43.972   30.797   15.488
   0.030   46.975   10.466
   0.316   48.291   10.553
   1.439   48.470   11.144
   2.019   47.397   11.508
   0.952   46.227   10.996
   1.745   45.718   11.445
   0.398   45.339   10.744
   1.822   49.402   11.303
   2.125   47.885   11.540
  14.841   34.057   35.095
  16.163   34.240   34.894
  16.699   33.173   34.429
  15.889   32.205   34.264
  14.446   32.861   34.772
  14.231   31.881   34.484
  13.435   33.102   35.054
  17.694   33.120   34.213
  16.378   32.272   34.190
  22.509   31.161    3.970
  21.234   30.721    3.911
  20.510   31.528    3.227
  21.136   32.537    2.769
  22.682   32.278    3.328
  22.716   33.171    2.788
  23.726   32.287    3.594
  19.516   31.360    3.072
  20.664   32.374    2.747
   4.304   40.527   46.234
   4.614   40.941   44.986
   3.576   40.922   44.235
   2.513   40.528   44.815
   3.048   40.217   46.360
   2.028   39.994   46.357
   3.199   39.963   47.395
   3.615   41.203   43.255
   2.628   40.682   44.353
  23.076   14.477   49.352
  24.087   14.017   48.584
  24.112   14.628   47.458
  23.204   15.509   47.317
  22.390   15.413   48.765
  21.905   16.153   48.211
  21.745   15.499   49.624
  24.809   14.415   46.745
  23.579   15.339   47.033
  38.424   19.540   21.593
  37.620   20.239   20.764
  37.962   21.473   20.740
  38.956   21.759   21.482
  39.332   20.283   22.153
  40.020   20.962   22.547
  39.724   19.431   22.683
  37.468   22.158   20.168
  38.658   22.018   21.175
  24.752   27.043   32.178
  25.140   27.947   31.253
  25.881   27.392   30.366
  26.080   26.149   30.548
  25.219   25.853   31.941
  25.641   24.940   31.664
  24.727   25.469   32.819
  26.271   27.919   29.585
  26.224   26.483   30.206
  15.944   30.522   15.715
  15.368   31.739   15.623
  14.630   31.810   14.578
  14.604   30.748   13.878
  15.611   29.736   14.734
  15.284   29.187   13.908
  16.220   28.946   15.139
  14.112   32.656   14.342
  14.391   31.199   13.844
   3.798   47.217   22.387
   3.704   45.984   21.845
   4.248   45.113   22.612
   4.742   45.590   23.683
   4.408   47.214   23.534
   4.909   47.104   24.444
   4.287   48.280   23.620
   4.274   44.123   22.369
   4.707   45.133   23.483
  45.735   11.324   40.429
  47.037   10.991   40.304
  47.155    9.793   39.864
  46.050    9.200   39.648
  44.937   10.361   40.076
  44.384    9.529   39.771
  44.077   10.970   40.301
  48.068    9.365   39.706
  46.533    9.077   39.602
  22.020   22.016   44.390
  21.101   21.646   45.307
  19.998   22.269   45.114
  20.013   23.076   44.130
  21.564   22.900   43.553
  21.105   23.604   42.934
  22.511   22.925   43.040
  19.184   22.119   45.710
  19.673   22.939   44.469
  47.925   15.889   43.653
  47.549   15.507   44.892
  48.435   15.845   45.755
  49.443   16.449   45.266
  49.075   16.496   43.643
  50.000   16.968   43.743
  49.016   16.624   42.576
  48.325   15.640   46.747
  49.304   16.307   45.725
  14.843   34.039    9.127
  14.938   33.064    8.198
  14.692   33.530    7.029
  14.420   34.773    7.005
  14.529   35.191    8.612
  14.276   36.066    8.103
  14.551   35.649    9.586
  14.716   32.939    6.198
  14.455   34.412    6.661
   4.292   37.938   12.968
   5.488   38.218   12.410
   6.411   37.506   12.942
   6.006   36.715   13.854
   4.372   37.028   13.893
   4.543   36.295   14.616
   3.311   37.089   14.067
   7.385   37.580   12.649
   6.449   36.819   13.647
  10.959   22.922   49.341
  10.387   21.750   49.691
   9.113   21.872   49.752
   8.681   23.037   49.476
  10.086   23.868   49.155
   9.310   24.555   49.030
  10.871   24.566   48.914
   8.509   21.089   50.002
   8.469   22.603   49.605
   0.546   46.581   13.994
   0.012   47.768   13.635
   0.931   48.650   13.495
   2.109   48.225   13.719
   1.841   46.629   14.107
   2.873   46.771   14.170
   1.871   45.587   14.380
   0.718   49.611   13.226
   1.911   48.664   13.586
   8.683   29.100   49.991
   8.718   27.750   50.005
   9.929   27.331   49.996
  10.806   28.254   49.977
   9.870   29.630   49.972
  10.862   29.956   49.958
   9.444   30.620   49.966
  10.155   26.337   50.005
  10.818   27.754   49.982
  14.443   15.312   36.411
  13.820   14.189   35.997
  12.586   14.205   36.344
  12.232   15.247   36.983
  13.648   16.119   37.049
  12.932   16.695   37.544
  14.452   16.821   37.194
  11.953   13.437   36.118
  12.001   14.831   36.830
  32.019   48.228   11.813
  32.556   47.147   11.209
  31.691   46.205   11.119
  30.550   46.490   11.605
  30.776   48.047   12.148
  29.787   47.803   12.376
  30.726   49.042   12.559
  31.915   45.308   10.690
  30.749   46.090   11.382
   8.833   33.783   38.904
   9.294   33.567   40.155
   9.090   34.594   40.893
   8.515   35.563   40.301
   8.306   34.962   38.763
   7.906   35.927   38.753
   8.084   34.756   37.729
   9.371   34.618   41.873
   8.686   35.483   40.764
  29.999    3.400   35.370
  30.251    4.711   35.571
  30.567    5.283   34.469
  30.572    4.511   33.457
  30.137    3.050   34.126
  30.274    2.871   33.106
  29.873    2.034   34.366
  30.792    6.277   34.423
  30.666    4.996   33.532
  39.715   39.821   30.296
  38.798   40.599   29.681
  37.732   39.931   29.437
  37.772   38.718   29.818
  39.293   38.606   30.485
  38.862   37.661   30.589
  40.225   38.339   30.953
  36.927   40.353   28.975
  37.433   39.006   29.590
   3.251   20.000   14.464
   4.229   20.929   14.412
   5.382   20.368   14.387
   5.349   19.096   14.416
   3.715   18.785   14.476
   4.186   17.854   14.481
   2.715   18.387   14.517
   6.244   20.911   14.347
   5.712   19.440   14.397
   8.317    3.421    7.543
   7.157    2.844    7.164
   7.382    1.836    6.406
   8.615    1.608    6.185
   9.359    2.819    7.051
  10.127    2.267    6.609
  10.014    3.519    7.542
   6.625    1.272    6.021
   8.185    1.395    6.045
   4.532   23.765   12.976
   4.648   23.808   11.632
   5.849   23.541   11.274
   6.645   23.302   12.239
   5.653   23.469   13.565
   6.597   23.226   13.939
   5.180   23.532   14.531
   6.128   23.525   10.294
   6.687   23.318   11.741
  26.231   38.773    4.257
  25.505   37.700    4.636
  26.171   36.972    5.453
  27.337   37.409    5.719
  27.408   38.800    4.808
  28.326   38.730    5.300
  27.643   39.719    4.297
  25.785   36.115    5.849
  27.068   37.012    5.859
  47.362   35.459   12.083
  48.359   35.108   11.243
  49.180   34.315   11.826
  48.883   34.042   13.033
  47.482   34.913   13.257
  47.669   34.428   14.163
  46.581   35.398   13.592
  50.000   33.943   11.347
  49.252   33.913   12.721
  18.735   45.692   44.070
  20.083   45.773   44.090
  20.459   46.997   44.161
  19.506   47.839   44.196
  18.163   46.858   44.128
  17.803   47.837   44.177
  17.189   46.399   44.091
  21.445   47.256   44.187
  20.005   47.869   44.204
  43.269   20.476   43.607
  43.785   19.818   42.547
  44.102   18.619   42.872
  43.866   18.323   44.087
  43.222   19.740   44.678
  43.228   19.070   45.478
  42.792   20.554   45.237
  44.508   17.969   42.200
  44.057   18.080   43.695
  13.594    4.707   10.451
  14.730    4.094   10.055
  15.654    4.251   10.928
  15.307    4.932   11.946
  13.720    5.296   11.603
  13.923    5.734   12.529
  12.697    5.630   11.562
  16.587    3.858   10.802
  15.728    4.705   11.799
  48.268   25.051   35.621
  48.317   26.293   36.146
  49.294   26.955   35.646
  49.982   26.312   34.790
  49.210   24.838   34.751
  50.000   24.768   34.072
  48.854   23.835   34.587
  49.490   27.917   35.923
  50.000   26.772   34.984
  37.971   24.234   44.125
  37.704   24.112   45.442
  38.514   24.825   46.133
  39.366   25.472   45.444
  38.968   25.033   43.888
  39.777   25.688   43.805
  38.866   24.872   42.828
  38.466   24.860   47.151
  39.267   25.427   45.932
  48.828   44.446   21.976
  48.154   44.329   23.140
  48.108   43.104   23.512
  48.691   42.292   22.724
  49.256   43.303   21.529
  49.554   42.340   21.257
  49.695   43.785   20.672
  47.639   42.819   24.372
  48.441   42.248   23.155
   9.789    6.168   40.488
  10.122    7.429   40.142
  10.886    7.953   41.028
  11.153    7.189   42.010
  10.318    5.803   41.619
  10.788    5.609   42.530
   9.853    4.835   41.541
  11.242    8.904   40.938
  11.277    7.656   41.882
  15.546   23.222   16.121
  15.729   21.892   16.263
  16.960   21.630   16.507
  17.715   22.653   16.559
  16.648   23.896   16.264
  17.582   24.343   16.397
  16.123   24.821   16.094
  17.290   20.675   16.645
  17.783   22.161   16.612
  44.235   48.563   25.876
  44.997   48.441   24.768
  45.318   47.215   24.577
  44.861   46.408   25.449
  44.020   47.424   26.464
  43.907   46.464   26.858
  43.433   47.910   27.225
  45.894   46.926   23.786
  45.143   46.363   25.039
  14.509   13.851   16.603
  14.652   12.925   17.575
  14.088   13.319   18.657
  13.534   14.462   18.576
  13.845   14.895   17.000
  13.303   15.685   17.414
  13.943   15.346   16.027
  14.092   12.750   19.503
  13.587   14.119   18.936
  11.568   33.292    5.373
  11.255   34.563    5.041
  10.242   34.587    4.257
   9.769   33.440    3.973
  10.775   32.422    4.822
  10.087   31.807    4.335
  11.310   31.614    5.293
   9.859   35.461    3.899
   9.653   33.911    3.850
  11.172   41.955   40.946
  12.463   42.069   40.568
  12.787   41.111   39.779
  11.846   40.289   39.535
  10.587   40.918   40.424
  10.212   40.063   39.956
   9.667   41.166   40.925
  13.725   41.030   39.389
  12.324   40.331   39.395
  17.641   11.793   17.851
  16.729   11.100   17.137
  17.282   10.107   16.544
  18.532    9.998   16.754
  18.836   11.288   17.761
  19.752   10.807   17.625
  19.226   12.055   18.409
  16.749    9.467   15.956
  18.195    9.741   16.490
  42.522   22.099   36.148
  41.767   21.049   35.762
  40.740   21.449   35.108
  40.662   22.712   34.971
  42.027   23.238   35.765
  41.549   24.097   35.413
  42.846   23.766   36.226
  40.051   20.796   34.735
  40.382   22.323   34.829
  33.483    4.151   40.506
  34.305    3.845   39.480
  35.522    4.106   39.785
  35.682    4.581   40.955
  34.122    4.626   41.534
  34.726    4.995   42.302
  33.199    4.731   42.079
  36.288    3.940   39.132
  35.986    4.468   40.574
  32.100   24.266   27.079
  32.134   25.616   27.110
  33.345   26.036   27.098
  34.222   25.114   27.061
  33.287   23.737   27.046
  34.279   23.412   27.021
  32.862   22.747   27.031
  33.570   27.030   27.117
  34.234   25.614   27.073
  20.754   32.640   28.711
  21.206   32.041   27.589
  22.436   32.338   27.384
  22.944   33.110   28.259
  21.666   33.359   29.296
  22.465   33.906   29.686
  20.971   33.638   30.071
  22.950   31.977   26.581
  23.111   32.888   27.844
  28.226    2.848   46.772
  27.828    2.603   48.038
  27.998    1.367   48.332
  28.492    0.665   47.392
  28.677    1.786   46.175
  29.019    0.879   45.787
  28.872    2.352   45.280
  27.753    0.993   49.249
  28.344    0.574   47.861
  20.662   18.532   35.659
  21.992   18.758   35.695
  22.240   20.011   35.584
  21.205   20.743   35.469
  19.973   19.626   35.524
  19.513   20.557   35.415
  19.053   19.067   35.539
  23.192   20.374   35.590
  21.698   20.827   35.482
  15.593   41.437   13.293
  15.927   42.567   13.952
  14.967   43.415   13.906
  13.941   43.015   13.266
  14.399   41.490   12.783
  13.432   41.632   12.414
  14.508   40.496   12.383
  15.036   44.330   14.349
  14.065   43.434   13.510
  19.116   28.701    7.166
  19.131   28.790    5.819
  18.187   29.552    5.407
  17.465   30.044    6.333
  18.161   29.402    7.702
  17.367   29.994    8.033
  18.466   29.092    8.688
  18.040   29.740    4.416
  17.471   30.076    5.834
  48.899   37.822    1.869
  48.982   38.728    0.871
  47.945   39.480    0.859
  47.090   39.214    1.764
  47.803   37.937    2.558
  46.896   38.111    3.046
  48.096   37.116    3.190
  47.829   40.226    0.173
  47.121   39.550    1.394
  46.003   18.540   50.002
  47.300   18.180   49.890
  47.493   17.522   48.808
  46.449   17.357   48.099
  45.284   18.134   48.998
  44.796   17.764   48.152
  44.403   18.579   49.429
  48.413   17.166   48.552
  46.929   17.224   48.058
  28.345   46.846    3.019
  27.185   47.504    3.235
  27.413   48.674    3.704
  28.646   48.950    3.857
  29.388   47.554    3.336
  30.157   48.202    3.619
  30.042   46.750    3.044
  26.656   49.320    3.930
  28.216   49.194    3.937
  23.389   41.363    0.001
  22.950   42.639    0.007
  21.668   42.674    0.008
  21.111   41.530    0.004
  22.418   40.499   -0.002
  21.570   39.890   -0.003
  23.122   39.684   -0.005
  21.153   43.554    0.012
  20.948   42.002    0.006
  12.098   46.875   33.803
  11.271   46.506   34.805
  11.623   47.060   35.906
  12.644   47.814   35.813
  13.031   47.688   34.199
  13.738   48.334   34.616
  13.435   47.736   33.202
  11.115   46.900   36.776
  12.338   47.677   36.184
  26.957   43.561   12.283
  26.831   44.365   11.206
  27.922   45.003   10.991
  28.855   44.744   11.817
  28.135   43.633   12.826
  29.107   43.763   13.186
  27.850   42.915   13.576
  28.018   45.660   10.217
  28.809   45.042   11.418
   8.629   13.875   32.034
   9.962   13.660   32.053
  10.571   14.657   32.579
   9.807   15.602   32.956
   8.301   15.023   32.547
   8.143   15.962   32.976
   7.259   14.826   32.360
  11.586   14.676   32.679
  10.301   15.522   32.963
  31.841   36.845   21.456
  31.615   37.523   20.310
  31.034   36.772   19.450
  30.806   35.587   19.854
  31.419   35.617   21.401
  31.048   34.652   21.257
  31.755   35.440   22.409
  30.783   37.111   18.521
  30.722   35.838   19.430
  38.148   37.329    5.603
  38.360   38.520    6.203
  37.372   39.533    6.230
  37.592   40.767    6.853
  38.807   41.033    7.471
  37.936   36.139    5.002
  38.924   35.126    4.975
  38.121   41.376    8.383
  38.761   42.041    6.838
  39.823   41.269    7.993
  38.970   34.118    5.609
  39.610   34.783    4.064
  38.369   34.744    4.581
  21.515    7.117   31.962
  20.739    6.585   30.993
  20.085    5.341   31.155
  19.281    4.789   30.151
  19.103    5.461   28.948
  22.290    7.649   32.930
  22.945    8.893   32.768
  17.947    5.252   29.152
  19.382    4.407   28.467
  18.945    6.014   27.934
  22.665    9.947   33.248
  24.100    9.102   32.564
  23.196    8.735   33.490
  11.031   30.393   21.566
  10.367   30.652   20.419
  10.545   29.867   19.256
   9.856   30.135   18.067
   8.965   31.198   17.999
  11.695   30.134   22.712
  11.517   30.919   23.876
   8.230   30.383   17.534
   9.565   31.469   17.006
   8.213   32.087   17.928
  10.916   30.648   24.869
  12.251   31.734   24.341
  12.040   30.417   24.166
  18.588    5.691    7.427
  18.345    6.899    7.979
  17.035    7.421    8.093
  16.783    8.674    8.666
  17.832    9.449    9.145
  18.831    4.483    6.875
  20.141    3.961    6.761
  17.151    9.537   10.118
  17.318   10.310    8.501
  18.703   10.109    9.550
  20.655    3.100    7.405
  20.823    3.872    5.788
  19.760    3.362    6.436
   3.973   34.117    1.498
   3.548   32.840    1.396
   4.372   31.814    0.876
   3.931   30.490    0.770
   2.650   30.144    1.181
   4.398   35.394    1.600
   3.574   36.420    2.120
   3.213   29.275    1.770
   2.592   29.614    0.115
   1.577   29.840    1.522
   3.632   36.950    3.185
   3.010   37.289    1.530
   4.205   36.856    1.972
  45.694   34.050   45.156
  45.678   34.443   46.447
  45.031   35.632   46.861
  45.014   36.040   48.200
  45.644   35.274   49.173
  45.710   33.657   43.864
  46.357   32.468   43.450
  44.609   35.392   49.752
  46.133   36.313   49.490
  46.169   34.640   50.000
  45.867   31.429   43.134
  47.392   32.349   42.872
  46.098   32.697   42.750
   2.852    1.149   37.454
   4.191    1.170   37.628
   4.951   -0.019   37.736
   6.339    0.002   37.917
   7.017    1.212   37.996
   1.514    1.129   37.279
   0.754    2.318   37.171
   7.735    0.715   37.186
   7.502    0.728   38.971
   7.598    2.221   38.064
   0.268    2.802   36.197
   0.035    2.815   37.981
   0.166    1.809   37.098
  23.629   35.921   22.570
  24.132   35.262   23.635
  23.297   34.662   24.608
  23.819   33.979   25.713
  25.193   33.871   25.885
  23.126   36.581   21.504
  23.960   37.181   20.532
  24.952   32.715   26.044
  24.953   34.246   26.990
  26.345   33.773   26.041
  24.200   36.806   19.426
  24.202   38.337   20.373
  23.273   37.376   20.217
  15.402   25.808   10.137
  14.073   25.981    9.973
  13.136   25.560   10.946
  11.758   25.739   10.775
  11.268   26.346    9.625
  16.731   25.635   10.302
  17.668   26.056    9.329
  10.650   27.011   10.397
  10.540   25.403    9.595
  10.844   26.853    8.665
  18.397   26.998    9.359
  18.287   25.390    8.557
  18.176   25.764    9.845
   4.022   32.231    6.053
   4.724   33.258    6.578
   5.428   33.137    7.800
   6.156   34.202    8.345
   6.206   35.425    7.688
   3.320   31.205    5.527
   2.616   31.325    4.306
   7.381   35.322    7.860
   5.917   35.864    8.757
   6.256   36.457    7.146
   2.905   30.886    3.236
   1.442   31.428    4.133
   2.435   30.581    4.459
  38.723    5.239    3.231
  39.583    6.182    2.789
  40.640    5.874    1.901
  41.532    6.852    1.443
  41.397    8.171    1.856
  37.863    4.297    3.674
  36.805    4.604    4.562
  41.481    8.408    0.691
  42.562    8.079    2.092
  41.296    9.282    2.195
  35.641    4.696    4.326
  36.722    4.367    5.727
  36.665    3.839    4.491
  31.177   37.392   24.656
  31.666   37.592   25.898
  32.826   36.930   26.364
  33.333   37.137   27.652
  32.697   38.014   28.522
  30.689   37.192   23.413
  29.528   37.855   22.948
  33.793   38.456   28.672
  32.775   37.105   29.289
  32.173   38.747   29.262
  29.449   38.763   22.181
  28.431   37.413   22.798
  29.682   37.443   22.302
  38.676   38.680   47.195
  37.967   39.097   46.125
  38.265   40.307   45.453
  37.530   40.739   44.342
  36.470   39.978   43.865
  39.385   38.263   48.265
  39.088   37.054   48.937
  37.007   40.129   42.812
  35.880   41.012   43.902
  35.579   39.348   43.454
  39.678   36.020   48.900
  38.551   36.903   49.991
  39.691   37.276   49.381
  19.199   29.478   12.968
  18.685   28.939   14.094
  18.472   27.547   14.231
  17.939   26.989   15.399
  17.599   27.803   16.472
  19.714   30.016   11.842
  19.927   31.408   11.706
  18.231   27.014   17.103
  16.570   27.202   16.434
  17.309   28.475   17.380
  20.955   32.009   11.744
  19.294   32.197   11.075
  20.186   31.192   11.002
  37.134   29.027   35.688
  36.087   28.339   36.192
  36.209   26.995   36.618
  35.123   26.282   37.140
  33.878   26.887   37.255
  38.181   29.715   35.185
  38.060   31.059   34.759
  33.918   26.462   38.367
  33.492   25.898   36.712
  32.827   27.382   37.356
  38.445   32.047   35.301
  38.019   31.484   33.646
  38.818   30.964   34.596
  16.221   38.061   46.021
  16.281   36.888   46.685
  15.588   36.679   47.901
  15.650   35.462   48.591
  16.407   34.411   48.089
  16.162   39.235   45.356
  16.855   39.444   44.140
  15.415   33.777   48.278
  16.846   34.370   49.196
  17.039   33.520   47.679
  16.416   39.485   43.033
  17.847   40.078   43.951
  16.526   40.150   44.197
  13.399   27.037   18.537
  13.668   27.143   19.856
  12.690   26.878   20.844
  12.969   26.989   22.212
  14.235   27.368   22.640
  13.131   26.931   17.218
  14.109   27.196   16.230
  14.137   26.416   23.351
  13.632   28.144   23.314
  15.293   27.685   23.013
  14.711   26.420   15.556
  14.206   28.147   15.519
  13.520   27.013   15.751
  46.915   20.545   15.700
  45.999   19.559   15.806
  44.609   19.820   15.766
  43.659   18.797   15.876
  44.065   17.478   16.028
  47.831   21.531   15.595
  49.222   21.270   15.634
  43.297   17.275   15.140
  43.285   17.478   16.929
  44.393   16.366   16.157
  50.002   21.270   14.733
  49.990   21.473   16.522
  49.262   22.045   15.546
  28.835   19.386   15.222
  28.229   18.179   15.235
  28.966   16.970   15.222
  28.338   15.719   15.236
  26.952   15.631   15.262
  29.440   20.592   15.209
  28.703   21.801   15.221
  27.147   14.872   16.159
  27.113   14.870   14.359
  25.790   15.543   15.283
  28.542   22.562   16.124
  28.508   22.560   14.324
  29.419   22.113   15.208
  41.756   46.477   37.354
  40.601   45.780   37.398
  39.340   46.421   37.455
  38.142   45.699   37.501
  38.161   44.310   37.492
  42.912   47.173   37.310
  44.172   46.533   37.253
  37.352   44.434   36.626
  37.428   44.423   38.424
  38.163   43.144   37.484
  44.906   46.420   36.320
  44.981   46.408   38.119
  44.428   47.270   37.246
   6.830   17.573   46.886
   5.781   16.971   47.484
   4.777   17.707   48.158
   3.689   17.082   48.777
   3.565   15.699   48.746
   7.880   18.176   46.288
   8.884   17.440   45.615
   2.453   15.936   48.389
   3.393   15.817   49.919
   3.448   14.538   48.727
   9.055   17.321   44.442
   9.995   17.202   45.972
   9.175   18.154   45.491
  37.130   46.439   13.266
  38.139   46.238   12.393
  39.452   46.703   12.644
  40.499   46.494   11.739
  40.271   45.814   10.549
  36.120   46.640   14.140
  34.807   46.176   13.888
  41.230   45.186   10.875
  40.835   46.742   10.061
  40.093   45.244    9.547
  34.243   45.247   14.377
  33.848   46.803   13.563
  34.672   46.505   14.584
  36.550   25.117   19.597
  35.647   24.427   18.867
  35.741   24.325   17.459
  34.806   23.609   16.703
  33.742   22.970   17.328
  37.452   25.808   20.326
  37.358   25.910   21.734
  34.088   22.036   16.674
  33.091   23.524   16.498
  32.845   22.429   17.840
  38.009   25.356   22.564
  37.012   26.844   22.388
  38.007   26.334   21.640
  37.763    3.092   23.562
  38.129    4.390   23.619
  37.690    5.336   22.662
  38.070    6.682   22.721
  38.902    7.131   23.739
  37.396    1.794   23.505
  37.835    0.849   24.462
  38.077    7.982   23.861
  39.517    7.621   22.843
  39.600    7.521   24.588
  37.219    0.359   25.358
  38.660   -0.003   24.341
  37.405    0.365   24.025
   7.099   43.201    2.714
   6.000   42.487    3.038
   5.654   41.294    2.360
   4.515   40.553    2.696
   3.680   40.979    3.722
   8.198   43.915    2.390
   8.544   45.108    3.067
   3.786   39.854    4.100
   2.819   40.806    2.918
   2.972   41.326    4.581
   9.406   45.281    3.872
   8.439   46.233    2.689
   9.143   45.094    2.566
  29.750   33.240    4.510
  31.056   33.390    4.205
  31.763   34.581    4.497
  33.118   34.736    4.181
  33.815   33.705    3.563
  28.443   33.091    4.814
  27.736   31.900    4.522
  34.613   33.902    4.425
  34.162   34.565    2.814
  34.412   32.849    3.044
  27.389   31.041    5.272
  26.938   31.703    3.660
  27.148   32.295    4.850
   9.342   29.117   47.851
  10.201   30.159   47.859
  11.576   29.999   47.566
  12.467   31.079   47.574
  12.014   32.357   47.876
   8.483   28.075   47.842
   7.108   28.235   48.136
  12.601   32.659   46.884
  12.939   32.367   48.627
  11.647   33.436   48.127
   6.183   28.226   47.384
   6.521   27.934   49.128
   7.101   27.464   48.008
  27.692   34.448    2.865
  28.629   35.342    3.246
  29.140   35.377    4.565
  30.111   36.305    4.960
  30.606   37.231    4.050
  26.755   33.553    2.484
  26.244   33.518    1.165
  31.667   36.857    4.445
  30.370   38.014    4.917
  31.030   38.013    3.296
  26.480   32.735    0.298
  25.183   33.892    0.770
  25.824   32.928    1.457
  19.299   24.905   15.140
  19.719   25.713   16.136
  20.078   27.063   15.906
  20.514   27.901   16.939
  20.606   27.421   18.239
  18.879   24.096   14.144
  18.520   22.747   14.374
  19.995   28.407   18.509
  21.695   27.903   18.201
  20.688   27.030   19.334
  17.431   22.265   14.412
  19.131   21.760   14.104
  18.385   22.762   13.605
  21.187   23.473   39.480
  21.727   24.034   40.583
  22.915   24.800   40.529
  23.475   25.382   41.673
  22.867   25.218   42.911
  20.646   22.912   38.377
  19.458   22.146   38.431
  22.991   26.401   42.982
  23.963   24.913   43.264
  22.366   25.089   43.956
  18.362   22.451   38.078
  19.334   20.963   38.359
  19.588   22.086   37.663
  45.136   21.705   26.932
  44.227   20.720   27.090
  44.600   19.356   27.141
  43.656   18.334   27.305
  42.306   18.641   27.424
  46.046   22.690   26.774
  45.673   24.054   26.723
  42.360   17.921   28.372
  42.176   17.804   26.585
  41.170   18.884   27.525
  45.804   24.890   27.562
  45.619   24.774   25.775
  46.443   24.151   26.637
  17.853   35.562   24.928
  17.594   36.878   24.778
  18.614   37.814   24.484
  18.346   39.180   24.329
  17.048   39.658   24.462
  18.111   34.245   25.078
  17.091   33.310   25.372
  17.281   40.201   23.427
  17.555   40.455   25.188
  15.963   40.072   24.571
  16.585   32.512   24.646
  16.859   32.766   26.407
  17.691   32.810   25.351
  20.432   39.987   27.140
  19.738   40.861   26.379
  18.632   41.582   26.886
  17.913   42.489   26.098
  18.275   42.706   24.774
  21.125   39.113   27.900
  22.232   38.391   27.393
  18.217   43.855   25.083
  17.115   42.530   24.564
  18.569   42.898   23.662
  23.391   38.567   27.604
  22.290   37.242   27.084
  22.239   38.101   28.118
  39.400   21.762   38.178
  40.675   21.378   37.954
  41.033   20.017   37.805
  42.355   19.619   37.574
  43.366   20.568   37.484
  38.125   22.145   38.401
  37.766   23.506   38.550
  43.650   19.981   36.486
  43.924   19.858   38.261
  44.224   21.354   37.406
  37.209   24.216   37.773
  37.482   24.093   39.547
  37.054   23.198   38.639
  25.908   27.659    5.841
  25.244   26.992    6.808
  25.724   26.922    8.137
  25.035   26.230    9.140
  23.841   25.583    8.850
  26.573   28.327    4.874
  26.093   28.396    3.545
  23.444   26.161    9.813
  24.355   24.663    9.406
  22.837   25.035    8.620
  25.579   29.316    2.988
  26.489   27.818    2.581
  26.742   28.818    3.445
  18.652   22.739   21.274
  19.832   23.395   21.247
  20.241   24.246   22.301
  21.465   24.926   22.273
  22.323   24.779   21.190
  17.472   22.084   21.302
  17.063   21.232   20.248
  23.141   24.576   22.032
  22.348   25.970   21.214
  23.052   24.664   20.287
  17.038   20.041   20.224
  16.245   21.434   19.406
  16.436   21.144   20.705
   5.103   29.487   20.735
   5.396   28.725   19.660
   6.595   27.979   19.573
   6.898   27.188   18.459
   6.013   27.115   17.390
   4.810   30.249   21.810
   3.611   30.995   21.897
   6.166   25.940   17.512
   6.984   27.345   16.739
   5.279   27.045   16.487
   2.640   30.766   22.548
   3.458   32.170   21.775
   3.913   31.199   22.587
  24.491   16.746   19.643
  25.476   16.178   20.371
  25.749   14.790   20.311
  26.770   14.202   21.066
  27.555   14.979   21.909
  23.507   17.313   18.914
  23.234   18.701   18.975
  28.458   14.423   21.366
  27.298   14.137   22.712
  28.221   15.620   22.620
  23.491   19.543   18.172
  22.330   19.256   19.517
  22.682   18.506   18.457
  23.661   30.874   30.035
  23.542   29.536   29.898
  22.312   28.868   30.103
  22.188   27.480   29.962
  23.291   26.712   29.610
  23.781   32.211   30.171
  25.011   32.880   29.966
  22.550   26.255   28.796
  22.956   26.041   30.537
  24.208   26.054   29.316
  25.346   33.550   29.040
  25.752   33.336   30.780
  24.579   33.505   30.144
  31.878   17.194   35.993
  31.845   17.222   34.644
  31.338   18.332   33.928
  31.304   18.361   32.529
  31.776   17.280   31.795
  31.910   17.167   37.342
  32.418   16.057   38.058
  32.379   18.116   31.197
  30.736   17.381   31.222
  32.169   16.379   31.167
  33.458   15.955   38.631
  31.815   15.221   38.656
  32.228   16.501   38.672
  40.941   31.139   19.276
  41.775   30.601   20.191
  41.573   29.304   20.719
  42.438   28.746   21.668
  43.537   29.464   22.122
  40.107   31.677   18.362
  40.310   32.974   17.833
  44.131   28.462   21.876
  43.129   29.157   23.199
  44.462   30.057   22.512
  40.717   33.282   16.756
  39.715   33.977   18.080
  39.661   32.798   17.435
  26.473    0.466   26.734
  26.140    0.936   27.954
  25.083    0.376   28.711
  24.737    0.864   29.977
  25.435    1.930   30.531
  26.807   -0.005   25.513
  27.863    0.556   24.756
  25.502    1.221   31.486
  24.346    2.372   30.726
  26.012    2.824   31.008
  28.952    0.113   24.561
  27.797    1.265   23.801
  27.649    0.004   24.247
  21.479   23.794   27.158
  22.283   22.931   27.816
  23.611   23.264   28.170
  24.444   22.369   28.852
  23.978   21.109   29.204
  20.676   24.657   26.500
  19.347   24.324   26.146
  24.411   21.391   30.278
  24.994   20.736   28.706
  23.599   20.048   29.506
  18.331   24.696   26.645
  18.914   24.041   25.073
  19.358   25.046   25.849
  10.081   43.952   35.686
  11.333   44.413   35.480
  12.238   44.627   36.546
  13.537   45.106   36.332
  13.976   45.387   35.045
   8.829   43.490   35.892
   7.924   43.276   34.826
  14.918   44.729   35.362
  14.322   46.420   35.528
  14.357   45.627   33.969
   7.578   42.243   34.342
   6.982   43.933   34.508
   7.455   43.053   35.409
   9.581   36.845   31.968
  10.832   37.139   32.384
  11.835   36.148   32.501
  13.132   36.452   32.933
  13.471   37.758   33.262
   8.331   36.552   31.552
   7.328   37.543   31.435
  14.404   37.558   32.548
  13.908   37.258   34.252
  13.770   38.850   33.542
   6.892   38.044   30.446
   6.395   37.743   32.149
   6.901   36.932   31.203
  34.674   16.222    6.489
  34.786   17.529    6.173
  34.229   18.063    4.986
  34.345   19.419    4.658
  35.021   20.289    5.504
  34.563   14.914    6.806
  35.119   14.380    7.993
  34.045   20.962    5.379
  35.581   20.619    4.505
  35.586   21.031    6.205
  34.559   14.050    8.992
  36.095   13.707    8.117
  34.812   13.718    7.712
   9.160   38.819   19.547
   8.176   38.297   18.784
   8.188   38.398   17.373
   7.168   37.856   16.582
   6.099   37.195   17.174
  10.144   39.341   20.310
  10.132   39.240   21.721
   6.346   36.349   16.372
   5.442   37.902   16.475
   5.196   36.637   17.658
  10.789   38.533   22.420
   9.885   40.086   22.523
  10.802   39.635   21.649
  42.680    7.894    4.515
  42.385    9.211    4.552
  41.050    9.680    4.551
  40.744   11.046    4.590
  41.762   11.991    4.632
  42.975    6.577    4.477
  44.310    6.107    4.479
  41.132   12.439    5.538
  41.154   12.495    3.739
  42.606   12.794    4.667
  44.918    5.603    5.371
  44.940    5.659    3.572
  43.954    5.413    4.453
  36.211   26.701   25.421
  35.759   26.504   24.164
  34.669   25.646   23.886
  34.199   25.442   22.582
  34.804   26.088   21.511
  36.664   26.898   26.678
  37.754   27.755   26.956
  33.685   26.380   21.224
  34.822   24.998   21.031
  35.302   26.624   20.604
  37.737   28.846   27.436
  38.873   27.464   27.244
  37.606   27.531   27.690
   6.612   17.367   18.718
   6.939   18.552   18.161
   6.309   19.027   16.986
   6.648   20.257   16.408
   7.629   21.054   16.984
   6.286   16.181   19.276
   6.916   15.706   20.450
   6.809   21.913   16.877
   8.062   21.097   15.874
   8.450   21.734   17.457
   6.482   15.664   21.560
   7.735   14.847   20.557
   6.432   15.103   20.338
   6.496   12.635   39.037
   7.835   12.527   38.902
   8.566   13.337   38.001
   9.954   13.225   37.861
  10.662   12.298   38.617
   5.157   12.743   39.173
   4.426   11.933   40.074
  11.366   13.228   38.860
  11.136   11.998   37.566
  11.267   11.525   39.246
   3.952   12.234   41.124
   3.722   11.003   39.831
   3.826   12.344   39.789
   4.011    6.478   37.450
   3.183    6.961   38.400
   2.634    6.134   39.408
   1.775    6.635   40.394
   1.435    7.982   40.406
   4.839    5.994   36.500
   5.388    6.821   35.492
   1.737    7.915   41.557
   0.322    7.567   40.500
   1.141    9.111   40.428
   6.501    7.237   35.397
   5.086    6.889   34.341
   5.719    6.149   35.269
   7.790    8.981   14.950
   7.652   10.052   14.139
   8.605   10.364   13.140
   8.462   11.474   12.299
   7.361   12.312   12.427
   7.928    7.911   15.760
   6.976    7.599   16.759
   7.275   12.165   11.248
   8.183   13.176   12.429
   6.442   13.024   12.524
   6.154    6.736   16.758
   7.062    7.747   17.939
   7.466    7.005   16.891
   2.230   29.820   20.338
   2.456   28.489   20.381
   3.379   27.857   19.515
   3.613   26.477   19.559
   2.932   25.681   20.471
   2.005   31.150   20.296
   1.082   31.782   21.162
   4.019   25.264   20.723
   2.709   25.004   19.516
   2.367   25.001   21.231
   1.304   32.460   22.117
  -0.006   32.199   20.910
   1.314   32.418   20.772
  45.821   32.490   32.130
  46.879   32.154   31.362
  46.967   30.899   30.713
  48.065   30.551   29.917
  49.114   31.445   29.741
  44.762   32.826   32.898
  44.675   34.080   33.547
  48.962   31.194   28.586
  49.790   30.506   30.029
  50.001   32.185   29.585
  43.999   35.018   33.259
  44.827   34.330   34.702
  43.996   33.784   33.795
  27.886   25.959   15.793
  27.254   25.182   16.699
  25.963   25.499   17.187
  25.307   24.694   18.125
  25.918   23.544   18.610
  28.519   26.735   14.888
  29.809   26.419   14.400
  24.876   23.033   18.338
  25.615   23.987   19.673
  26.419   22.576   19.025
  30.112   25.975   13.337
  30.851   26.930   14.672
  29.699   27.075   13.992
  27.451   44.566   46.294
  27.227   45.897   46.321
  25.974   46.439   46.694
  25.742   47.819   46.722
  26.754   48.707   46.378
  27.675   43.235   46.267
  28.927   42.692   45.895
  26.452   49.244   47.398
  25.917   49.189   45.681
  27.595   49.462   46.093
  29.764   42.210   46.593
  29.230   42.155   44.875
  28.557   42.019   46.032
  12.091   23.808   16.108
  12.986   23.984   17.103
  14.102   24.843   16.964
  15.031   25.026   17.995
  14.877   24.356   19.202
  11.195   23.632   15.113
  10.079   22.772   15.252
  15.045   25.437   19.674
  16.021   24.066   19.038
  14.760   23.800   20.221
   8.935   23.063   15.417
   9.912   21.691   14.780
   9.939   23.011   14.522
  36.061   26.583   16.571
  36.729   27.350   17.458
  36.574   27.189   18.856
  37.268   27.984   19.776
  38.142   28.968   19.331
  35.392   25.816   15.684
  35.547   25.977   14.287
  38.894   28.469   20.109
  37.545   29.660   20.096
  38.878   29.798   18.972
  36.144   25.285   13.522
  34.794   26.477   13.509
  35.030   25.392   14.269
  32.375   46.556   37.898
  31.861   47.308   38.895
  32.440   47.340   40.185
  31.908   48.119   41.219
  30.776   48.895   40.999
  32.888   45.804   36.902
  32.309   45.772   35.611
  31.429   49.758   41.497
  30.387   48.379   42.000
  29.827   49.550   40.828
  32.698   46.288   34.610
  31.655   44.909   35.113
  32.898   45.277   35.475
  47.228   43.476   20.063
  47.003   44.806   20.001
  47.968   45.750   20.427
  47.735   47.129   20.362
  46.529   47.613   19.870
  47.452   42.146   20.125
  46.488   41.202   19.700
  47.230   48.309   19.204
  46.536   48.270   20.864
  45.522   48.033   19.459
  46.480   40.545   18.706
  45.786   40.506   20.366
  47.041   40.697   19.919
  20.474    0.825   29.634
  21.210    0.821   30.765
  22.625    0.793   30.740
  23.388    0.789   31.914
  22.764    0.812   33.155
  19.739    0.828   28.502
  18.324    0.856   28.527
  23.528    1.700   33.377
  23.492   -0.100   33.394
  22.253    0.832   34.203
  17.596    1.769   28.288
  17.560   -0.031   28.305
  18.416    0.847   27.751
  44.421   31.296   45.241
  43.125   31.045   44.959
  42.097   31.967   45.269
  40.753   31.706   44.976
  40.389   30.514   44.364
  45.717   31.547   45.523
  46.744   30.625   45.213
  39.786   31.228   43.625
  39.583   30.461   45.240
  40.069   29.517   43.850
  47.550   30.678   44.337
  47.347   29.910   45.952
  47.192   31.179   45.533
  41.514   18.361   32.143
  41.223   17.684   31.012
  39.892   17.370   30.648
  39.590   16.668   29.475
  40.608   16.254   28.624
  41.805   19.038   33.274
  43.136   19.352   33.638
  39.931   16.756   27.782
  40.052   15.202   28.682
  41.452   15.902   27.902
  43.692   20.405   33.581
  43.813   18.850   34.481
  42.778   19.679   34.251
  39.869   15.043   34.953
  38.679   15.337   34.387
  37.562   15.741   35.155
  36.328   16.045   34.568
  36.168   15.957   33.191
  41.059   14.749   35.519
  42.176   14.346   34.751
  35.701   17.048   33.306
  35.196   15.328   33.475
  36.019   15.887   32.036
  43.148   14.974   34.466
  42.643   13.255   34.635
  42.515   14.315   35.454
  41.977   45.210   32.719
  41.715   43.886   32.772
  42.692   42.944   33.173
  42.421   41.572   33.228
  41.163   41.093   32.885
  42.238   46.533   32.666
  41.261   47.475   32.266
  41.248   40.505   33.918
  41.781   40.331   32.207
  40.112   40.677   32.599
  40.643   48.237   32.943
  41.176   48.063   31.233
  41.845   47.977   32.397
   6.759   30.626   23.032
   6.686   31.739   23.792
   7.334   32.942   23.425
   7.258   34.096   24.214
   6.532   34.088   25.399
   6.832   29.513   22.271
   6.184   28.310   22.638
   6.051   35.085   24.959
   7.522   34.567   25.857
   5.927   34.095   26.395
   5.194   27.830   22.180
   6.666   27.313   23.078
   6.503   28.059   21.970
   3.017   12.104   44.939
   4.056   12.698   45.564
   4.294   14.090   45.465
   5.372   14.706   46.112
   6.249   13.952   46.882
   1.978   11.510   44.315
   1.739   10.119   44.414
   6.055   14.798   47.698
   7.085   14.519   46.249
   6.994   13.332   47.531
   0.903    9.552   45.047
   1.934    9.273   43.598
   1.136   10.297   43.951
   3.690   34.436   21.290
   2.886   33.898   20.349
   3.332   32.878   19.475
   2.498   32.320   18.499
   1.188   32.761   18.362
   4.495   34.974   22.231
   4.049   35.994   23.105
   0.931   31.598   18.387
   1.474   32.846   17.209
   0.086   33.122   18.237
   3.762   35.909   24.259
   4.306   37.157   23.081
   4.778   35.933   23.377
  10.551   36.181   23.025
   9.444   36.946   23.137
   8.145   36.416   22.953
   6.997   37.209   23.068
   7.108   38.560   23.371
  11.658   35.416   22.914
  12.958   35.946   23.098
   6.285   38.309   24.196
   6.376   38.696   22.441
   7.186   39.695   23.626
  13.689   35.811   24.029
  13.780   36.197   22.273
  13.164   35.208   22.946
  33.109   32.679   34.692
  32.054   32.664   33.850
  32.206   32.442   32.461
  31.111   32.426   31.588
  29.826   32.633   32.073
  34.164   32.694   35.534
  34.012   32.916   36.923
  29.572   31.651   31.447
  29.757   33.422   31.183
  28.742   32.805   32.467
  34.081   32.126   37.813
  34.266   33.897   37.550
  34.789   32.833   36.914
  38.920   12.923   13.736
  37.710   13.380   14.120
  37.567   14.430   15.058
  36.312   14.904   15.456
  35.154   14.345   14.931
  40.131   12.466   13.352
  40.274   11.415   12.415
  34.851   15.481   14.733
  34.822   14.280   16.073
  34.173   13.885   14.497
  40.605   11.481   11.272
  40.577   10.280   12.612
  41.033   11.544   12.546
  17.582   40.794    3.376
  16.878   41.484    4.298
  17.120   41.343    5.685
  16.390   42.058    6.642
  15.392   42.939    6.246
  18.286   40.105    2.453
  18.045   40.245    1.066
  15.946   43.694    6.983
  14.739   42.361    7.058
  14.551   43.682    5.927
  18.697   40.824    0.254
  17.490   39.491    0.329
  18.621   39.721    1.020
   2.089   20.048   24.556
   1.874   20.814   23.466
   2.355   22.141   23.374
   2.131   22.935   22.243
   1.419   22.430   21.163
   2.305   19.282   25.647
   1.824   17.955   25.739
   2.339   22.844   20.529
   0.808   23.449   21.256
   0.822   22.018   20.249
   2.435   16.936   25.645
   0.903   17.541   26.373
   2.170   17.990   26.438
   4.894   16.740   36.564
   3.559   16.879   36.712
   2.721   15.784   37.031
   1.337   15.929   37.185
   0.742   17.174   37.025
   6.228   16.600   36.416
   7.066   17.695   36.097
   0.223   16.914   38.067
  -0.007   16.580   36.313
   0.229   18.213   36.894
   7.814   18.289   36.810
   7.584   17.955   35.056
   7.619   17.145   36.130
  31.350    4.349   39.579
  30.463    4.908   40.429
  30.389    4.533   41.791
  29.469    5.113   42.672
  28.589    6.089   42.222
  32.238    3.789   38.730
  32.311    4.164   37.367
  28.970    6.689   43.178
  27.768    5.415   42.763
  27.844    6.910   41.857
  33.131    4.839   36.826
  31.930    3.564   36.411
  32.881    3.630   37.361
  20.014   36.640   32.934
  19.400   37.164   34.016
  18.162   37.844   33.920
  17.525   38.387   35.042
  18.103   38.270   36.301
  20.628   36.116   31.852
  21.865   35.437   31.948
  17.020   37.889   36.619
  17.893   39.442   36.363
  18.577   38.179   37.362
  22.075   34.265   31.886
  22.948   35.818   31.630
  21.765   35.366   31.177
  26.717   36.010   47.128
  25.677   36.705   46.620
  24.788   36.140   45.674
  23.710   36.861   45.147
  23.481   38.171   45.547
  27.757   35.316   47.636
  28.645   35.880   48.582
  22.365   37.788   45.714
  23.414   38.380   44.376
  23.277   39.272   45.874
  28.712   35.672   49.754
  29.761   36.263   48.416
  28.978   35.175   48.532
  40.126   40.011   28.028
  39.367   38.930   28.310
  39.377   37.773   27.495
  38.590   36.653   27.788
  37.764   36.650   28.905
  40.885   41.091   27.746
  40.874   42.248   28.560
  38.277   35.596   29.120
  36.937   36.279   28.131
  37.067   36.634   29.839
  41.701   42.618   29.334
  40.361   43.302   28.345
  41.392   42.496   28.031
   4.855   20.871   23.751
   4.433   20.049   22.767
   3.302   19.213   22.922
   2.864   18.360   21.902
   3.541   18.313   20.689
   5.278   21.693   24.735
   6.409   22.529   24.579
   2.452   18.444   20.224
   3.508   17.135   20.865
   4.100   18.264   19.667
   6.442   23.708   24.404
   7.498   22.398   25.045
   6.223   22.737   25.309
  32.155   39.352   44.216
  32.645   38.203   44.728
  33.773   38.184   45.581
  34.281   36.992   46.112
  33.679   35.778   45.809
  31.665   40.501   43.704
  30.536   40.521   42.850
  33.715   35.614   46.989
  34.793   35.436   45.559
  33.183   34.751   45.563
  29.422   40.862   43.101
  30.501   40.685   41.671
  30.675   41.289   42.860
  34.597   47.217   42.042
  35.815   47.154   41.462
  36.722   48.239   41.502
  37.984   48.173   40.900
  38.384   47.020   40.237
  33.380   47.281   42.622
  32.472   46.196   42.582
  39.370   47.139   40.896
  38.673   47.778   39.365
  38.733   46.058   39.678
  32.183   45.438   43.455
  31.487   46.076   41.923
  32.028   46.691   42.991
  27.657   31.070   46.254
  27.988   32.224   45.638
  28.551   32.248   44.340
  28.895   33.445   43.702
  28.687   34.663   44.339
  27.325   29.915   46.870
  26.762   29.891   48.167
  28.168   34.965   43.310
  29.817   34.872   44.024
  28.519   35.691   44.862
  25.632   29.682   48.482
  27.281   29.589   49.196
  26.773   29.120   48.043
   8.600   25.799   24.820
   8.142   25.013   25.817
   6.772   24.974   26.172
   6.297   24.160   27.207
   7.174   23.356   27.924
   9.059   26.584   23.822
  10.428   26.623   23.467
   6.373   22.503   27.697
   6.639   23.841   28.872
   7.899   22.676   28.534
  10.963   26.138   22.520
  11.229   27.475   23.694
  10.167   27.138   22.941
  34.861   18.577   12.946
  34.100   19.503   12.324
  32.823   19.196   11.799
  32.034   20.156   11.154
  32.495   21.459   11.012
  35.621   17.650   13.567
  36.898   17.958   14.092
  31.425   21.748   11.448
  32.178   21.309    9.873
  32.870   22.556   10.886
  37.216   18.108   15.231
  37.969   17.670   13.656
  36.880   17.204   14.293
  11.871   36.815   30.293
  13.107   36.497   30.733
  13.680   35.223   30.504
  14.962   34.893   30.960
  15.717   35.825   31.662
  10.636   37.133   29.853
  10.063   38.407   30.083
  16.570   35.524   30.887
  15.867   34.928   32.433
  16.361   36.597   32.253
   9.913   39.303   29.312
   9.209   38.707   30.858
   9.466   38.091   29.690
  21.728    3.604   44.957
  20.822    2.702   45.389
  21.026    1.308   45.250
  20.085    0.373   45.698
  18.907    0.797   46.300
  22.635    4.506   44.526
  22.431    5.900   44.665
  19.203    0.003   47.138
  18.396    0.045   45.530
  17.915    1.139   46.807
  22.943    6.652   45.435
  22.136    6.693   43.826
  23.129    5.929   44.315
  14.390   48.511   20.228
  14.753   48.707   18.942
  14.304   47.863   17.899
  14.681   48.066   16.566
  15.521   49.120   16.229
  14.026   48.315   21.513
  14.475   49.159   22.556
  14.696   49.342   15.399
  16.127   48.278   15.642
  16.226   50.001   15.932
  13.869   50.000   23.143
  15.301   48.937   23.386
  14.042   48.675   22.990
  13.112   38.940   35.961
  13.987   39.444   36.857
  14.845   38.614   37.617
  15.753   39.137   38.546
  15.834   40.509   38.749
  12.238   38.436   35.065
  11.379   39.267   34.306
  17.004   40.328   38.613
  15.752   40.212   39.901
  15.912   41.658   38.930
  11.461   39.564   33.155
  10.209   39.447   34.443
  11.146   38.580   34.016
  14.218   18.348    8.846
  13.590   19.536    8.977
  14.270   20.700    9.410
  13.619   21.932    9.545
  12.265   22.044    9.253
  14.845   17.160    8.715
  14.166   15.997    8.282
  12.616   22.983    8.607
  12.213   22.582   10.315
  11.130   22.153    9.010
  14.218   15.459    7.220
  13.815   15.059    8.928
  14.873   15.678    8.374
  10.471   39.744    4.773
   9.202   39.793    5.232
   8.293   40.795    4.818
   6.977   40.845    5.294
   6.524   39.895    6.201
  11.740   39.696    4.315
  12.649   38.694    4.729
   5.608   39.799    5.444
   6.141   40.847    6.807
   6.130   39.104    6.962
  13.032   37.743    4.122
  13.565   38.790    5.485
  13.128   39.079    4.246
  37.515    7.375   12.993
  37.910    6.174   12.521
  37.010    5.091   12.379
  37.419    3.845   11.889
  38.743    3.637   11.524
  37.121    8.577   13.466
  38.021    9.659   13.608
  38.263    3.198   10.526
  38.641    2.663   12.202
  39.852    3.449   11.214
  38.123   10.633   12.930
  38.501   10.098   14.607
  37.379   10.020   13.868
  25.852    4.263   21.121
  24.576    4.623   21.373
  24.150    5.971   21.308
  22.827    6.345   21.570
  21.882    5.383   21.906
  27.129    3.902   20.868
  27.554    2.554   20.933
  21.230    5.916   21.062
  21.635    6.128   22.803
  21.078    4.587   22.189
  27.801    1.810   20.036
  28.206    2.022   21.777
  28.240    2.873   20.735
   3.265   21.413   34.194
   3.112   22.750   34.091
   4.218   23.634   34.089
   4.060   25.020   33.982
   2.790   25.574   33.873
   3.418   20.076   34.297
   2.312   19.193   34.299
   3.268   26.163   32.954
   3.169   26.290   34.747
   1.730   26.051   33.781
   1.933   18.476   33.425
   1.835   18.603   35.218
   2.876   18.657   34.368
  12.887   41.772    0.427
  12.009   40.844    0.865
  10.873   40.471    0.108
   9.963   39.508    0.562
  10.157   38.885    1.788
  13.764   42.700   -0.010
  14.901   43.073    0.746
   9.977   37.887    1.162
   9.016   39.176    1.970
  10.308   38.354    2.815
  16.042   42.781    0.564
  15.080   44.071    1.372
  15.020   43.545    0.135
   8.843   27.900   26.649
  10.037   28.520   26.759
  11.034   28.410   25.762
  12.273   29.053   25.876
  12.558   29.829   26.992
   7.649   27.280   26.539
   6.652   27.391   27.537
  12.891   30.638   26.183
  13.565   29.192   27.016
  12.811   30.484   27.923
   5.645   28.028   27.513
   6.319   26.582   28.347
   6.260   26.926   27.047
  35.853   33.063   14.608
  35.005   32.207   15.216
  33.668   32.562   15.516
  32.789   31.675   16.147
  33.214   30.401   16.501
  36.702   33.919   13.999
  38.038   33.564   13.699
  32.214   30.055   15.953
  32.739   30.677   17.559
  33.559   29.328   16.804
  38.514   33.288   12.642
  39.038   33.910   14.248
  38.055   34.291   13.413
  24.087    6.470   31.377
  24.063    6.351   32.721
  23.043    5.635   33.393
  23.018    5.512   34.787
  24.011    6.101   35.560
  24.112    6.588   30.032
  25.131    7.304   29.361
  24.072    5.026   36.069
  23.090    6.530   36.183
  24.838    6.591   36.220
  26.051    6.875   28.737
  25.070    8.380   28.852
  24.723    7.086   28.732
  47.115   35.946    1.363
  45.783   36.163    1.365
  45.227   37.415    1.720
  43.845   37.640    1.721
  42.970   36.620    1.368
  48.448   35.729    1.362
  49.004   34.477    1.007
  42.496   37.450    0.656
  42.413   36.926    2.376
  42.224   35.773    1.074
  49.561   34.171   -0.001
  49.477   33.647    1.719
  49.673   34.852    1.154
  27.151   33.205   47.494
  28.500   33.248   47.528
  29.260   33.812   46.476
  30.659   33.856   46.512
  31.348   33.337   47.601
  25.802   33.163   47.459
  25.043   32.599   48.512
  31.916   34.384   47.575
  31.987   32.778   46.765
  31.939   32.906   48.509
  24.403   33.158   49.347
  24.474   31.552   48.538
  24.447   32.805   48.050
  37.865   47.370   21.461
  36.715   47.974   21.095
  35.510   47.791   21.813
  34.317   48.417   21.433
  34.286   49.248   20.320
  39.015   46.766   21.828
  40.221   46.948   21.109
  33.743   50.006   21.063
  33.335   48.596   20.021
  34.247   49.948   19.388
  41.172   47.601   21.409
  40.764   46.191   20.367
  40.496   46.464   21.657
  34.961   46.577   11.479
  35.295   45.270   11.441
  35.264   44.454   12.597
  35.611   43.098   12.558
  36.000   42.509   11.361
  34.626   47.885   11.517
  34.657   48.700   10.361
  35.202   41.677   11.662
  36.915   42.105   12.009
  36.329   42.003   10.364
  33.742   49.104    9.713
  35.455   49.532   10.060
  34.418   49.244   10.868
   1.914   13.153   24.999
   2.613   13.161   23.845
   2.144   13.827   22.688
   2.869   13.834   21.491
   4.090   13.176   21.407
   1.214   13.146   26.154
   1.683   12.480   27.311
   4.466   14.205   20.940
   3.621   12.704   20.419
   5.116   12.627   21.324
   2.152   12.951   28.300
   1.307   11.450   27.778
   1.015   12.752   27.609
  21.876   17.097    9.916
  22.392   16.666   11.087
  21.811   17.004   12.332
  22.346   16.557   13.546
  23.482   15.757   13.559
  21.360   17.527    8.746
  21.941   17.189    7.500
  22.832   15.071   14.285
  23.867   16.541   14.369
  24.434   15.084   13.583
  21.555   16.405    6.690
  22.591   17.875    6.774
  21.350   17.621    7.228
  39.489   16.395   43.806
  38.232   16.174   44.245
  37.834   14.927   44.782
  36.530   14.697   45.237
  35.578   15.706   45.171
  40.747   16.617   43.368
  41.145   17.864   42.831
  35.382   15.418   46.310
  34.906   14.861   44.666
  34.768   16.545   45.121
  41.817   18.709   43.336
  41.341   18.153   41.691
  41.829   17.494   42.758
  42.588   12.358   46.747
  43.343   12.560   45.646
  44.633   11.995   45.507
  45.416   12.205   44.366
  44.936   12.987   43.323
  41.833   12.156   47.848
  40.543   12.721   47.987
  45.273   12.064   42.648
  45.996   13.525   43.412
  44.547   13.642   42.440
  39.484   12.183   47.897
  40.206   13.644   48.661
  40.570   12.349   48.673
  23.990   22.869    7.997
  24.659   23.001    6.832
  24.731   24.236    6.144
  25.425   24.373    4.936
  26.072   23.280    4.372
  23.321   22.736    9.162
  23.250   21.502    9.850
  26.992   24.032    4.291
  25.495   23.614    3.384
  26.619   22.372    3.888
  23.826   21.168   10.838
  22.329   20.750    9.931
  22.827   21.927   10.351
  47.900   22.261    9.906
  46.692   22.863    9.883
  46.554   24.271    9.909
  45.301   24.895    9.884
  44.141   24.133    9.832
  49.108   21.659    9.930
  49.245   20.251    9.904
  43.854   24.867    8.939
  43.799   24.828   10.738
  43.159   23.505    9.789
  49.587   19.556    8.998
  49.533   19.517   10.797
  50.005   20.431    9.931
  13.947   19.765   24.210
  14.843   20.605   24.770
  15.683   20.204   25.836
  16.612   21.075   26.416
  16.735   22.379   25.952
  13.051   18.925   23.650
  12.210   19.326   22.584
  17.898   22.121   25.924
  16.653   22.659   27.108
  16.848   23.475   25.572
  12.292   19.045   21.429
  11.047   19.584   22.613
  11.955   18.591   22.650
  24.549   40.125    3.829
  24.244   39.975    5.136
  23.749   41.045    5.918
  23.433   40.889    7.273
  23.600   39.657    7.894
  24.854   40.276    2.523
  25.349   39.206    1.740
  22.487   39.845    8.275
  24.171   40.298    8.721
  23.736   38.629    8.427
  24.778   38.565    0.913
  26.463   39.019    1.358
  25.349   39.753    1.183
  16.490   28.139    8.841
  16.491   29.065    9.824
  15.533   29.054   10.866
  15.534   30.013   11.885
  16.492   31.019   11.899
  16.489   27.214    7.858
  17.447   27.225    6.817
  16.635   30.688   13.035
  15.552   31.735   12.050
  17.291   31.868   11.923
  18.388   26.509    6.666
  17.304   27.556    5.681
  17.047   26.595    6.586
  28.800   26.725   31.494
  27.982   27.767   31.237
  28.250   28.694   30.201
  27.401   29.774   29.935
  26.253   29.967   30.694
  29.619   25.683   31.752
  29.351   24.756   32.787
  25.723   30.066   29.631
  26.658   31.084   30.784
  25.287   30.141   31.323
  28.947   23.639   32.697
  29.881   24.658   33.850
  30.016   24.438   32.530
   8.395   15.373   22.607
   8.224   16.702   22.772
   9.273   17.544   23.212
   9.095   18.922   23.383
   7.863   19.508   23.120
   8.566   14.044   22.442
   7.518   13.202   22.001
   8.511   20.279   22.484
   8.016   20.004   24.192
   6.834   20.012   22.902
   7.365   12.706   20.929
   6.870   12.430   22.637
   8.070   12.655   22.073
  43.067   32.152   24.948
  41.722   32.180   25.058
  40.972   31.025   25.383
  39.577   31.054   25.498
  38.882   32.239   25.290
  44.412   32.123   24.838
  45.162   33.278   24.512
  38.359   31.961   26.324
  38.207   31.567   24.575
  38.287   33.227   25.119
  45.837   33.951   25.228
  45.686   33.556   23.478
  45.759   32.778   24.573
  33.145   34.488   25.061
  33.730   35.312   24.165
  33.124   36.523   23.754
  33.730   37.378   22.826
  34.964   37.052   22.275
  32.561   33.663   25.956
  33.166   32.452   26.367
  35.250   38.167   22.584
  34.422   37.297   21.243
  35.999   36.791   21.806
  33.708   32.207   27.400
  32.880   31.337   26.059
  32.519   32.400   26.801
   4.754    8.365   16.210
   4.822    7.495   15.181
   6.055    7.121   14.594
   6.125    6.219   13.527
   4.966    5.657   13.007
   4.686    9.235   17.240
   3.453    9.609   17.826
   5.564    4.633   13.125
   5.424    6.000   11.961
   4.000    5.179   12.561
   2.995    9.266   18.872
   2.855   10.633   17.708
   3.921   10.041   18.278
   3.737    6.427   47.879
   4.362    7.595   47.618
   5.568    7.651   46.880
   6.216    8.862   46.610
   5.681   10.060   47.066
   3.112    5.259   48.140
   1.905    5.203   48.877
   5.847   10.413   45.940
   6.787   10.252   47.467
   5.242   11.073   47.443
   0.800    5.011   48.477
   1.740    4.850   50.003
   1.986    4.437   48.747
  39.800   36.886   46.599
  41.066   37.347   46.691
  41.379   38.544   47.378
  42.691   39.023   47.474
  43.737   38.322   46.887
  38.535   36.424   46.506
  38.222   35.227   45.819
  44.251   38.453   47.954
  44.022   39.386   46.432
  44.624   37.744   46.398
  37.937   34.163   46.274
  37.707   35.097   44.752
  37.497   35.414   46.043
  12.135   40.800   36.613
  11.169   39.860   36.678
  10.666   39.386   37.913
   9.664   38.411   37.981
   9.129   37.875   36.817
  13.101   41.741   36.548
  13.604   42.215   35.313
   8.085   38.121   37.337
   9.341   36.832   37.353
   8.671   37.416   35.847
  13.391   43.258   34.776
  14.647   41.968   34.792
  14.048   42.653   35.783
  44.552   27.042   45.069
  45.698   27.031   45.783
  46.811   27.829   45.428
  47.999   27.817   46.168
  48.116   27.006   47.290
  43.406   27.054   44.355
  42.293   26.256   44.710
  48.510   28.003   47.810
  49.138   26.668   46.779
  48.228   26.330   48.234
  41.271   26.593   45.221
  41.900   25.258   44.190
  41.982   26.596   44.079
  37.002   12.184   26.370
  37.434   11.064   26.988
  37.081   10.762   28.325
  37.530    9.602   28.967
  38.347    8.702   28.295
  36.569   13.303   25.751
  36.922   13.605   24.414
  37.565    7.895   28.691
  39.020    8.780   29.275
  39.034    7.938   27.742
  36.249   13.527   23.434
  37.704   14.411   24.017
  36.482   14.235   24.553
  24.089   41.870   28.548
  24.199   40.930   29.511
  24.500   39.581   29.211
  24.614   38.606   30.210
  24.432   38.947   31.545
  23.979   42.809   27.585
  23.678   44.159   27.884
  25.460   38.364   31.699
  23.702   38.006   31.551
  24.282   39.220   32.669
  24.408   45.101   27.878
  22.650   44.743   27.730
  23.729   44.232   27.108
   7.827   32.187   32.861
   9.064   31.647   32.860
   9.554   30.894   33.954
  10.837   30.334   33.953
  11.676   30.507   32.860
   6.589   32.727   32.861
   6.099   33.480   31.768
  11.816   29.326   32.944
  12.472   30.830   33.686
  12.391   30.645   31.948
   5.304   33.157   30.942
   5.960   34.661   31.683
   5.467   33.531   32.224
  28.320    8.770   18.629
  29.340    9.596   18.310
  30.347    9.937   19.243
  31.405   10.793   18.913
  31.493   11.338   17.639
  27.300    7.945   18.947
  26.292    7.604   18.014
  32.618   10.949   17.691
  31.642   12.363   18.229
  31.578   11.803   16.573
  26.143    6.579   17.424
  25.167    7.993   17.962
  26.023    7.188   18.618
  18.810   13.353   41.391
  18.628   14.038   42.540
  17.522   14.900   42.732
  17.333   15.611   43.924
  18.244   15.485   44.966
  18.992   12.668   40.243
  20.098   11.806   40.051
  17.267   15.303   45.624
  18.221   16.676   44.957
  19.000   15.389   45.848
  20.121   10.615   40.060
  21.075   11.988   39.392
  19.761   11.702   39.354
   2.378   43.522   23.308
   3.210   43.237   24.332
   3.676   44.235   25.221
   4.539   43.939   26.282
   4.969   42.635   26.493
   1.545   43.807   22.285
   1.079   42.808   21.396
   4.632   42.843   27.617
   6.048   43.137   26.545
   5.337   41.544   26.681
  -0.000   42.307   21.344
   1.416   42.600   20.273
   0.710   43.417   21.075
  21.350   18.074   21.502
  21.125   18.817   22.607
  20.846   20.202   22.535
  20.613   20.972   23.681
  20.649   20.384   24.939
  21.575   17.332   20.397
  21.853   15.946   20.469
  19.605   20.940   25.086
  21.365   21.299   25.203
  20.677   19.903   26.001
  21.137   15.031   20.205
  22.897   15.390   20.322
  21.889   16.022   19.692
   4.879   43.749    7.983
   6.192   43.600    8.257
   6.809   42.327    8.304
   8.171   42.173    8.588
   8.965   43.285    8.835
   3.565   43.898    7.709
   2.948   45.171    7.662
   9.692   42.783    8.035
   9.312   42.663    9.791
   9.643   44.211    9.045
   2.602   45.793    6.707
   2.222   45.673    8.462
   2.318   44.741    7.497
  37.255    7.378   26.574
  37.858    6.193   26.343
  39.264    6.043   26.396
  39.889    4.813   26.157
  39.130    3.689   25.856
  36.652    8.564   26.805
  35.246    8.714   26.752
  39.790    3.176   26.705
  39.898    3.573   24.952
  38.505    2.738   25.602
  34.478    8.830   27.656
  34.586    9.227   25.903
  35.425    9.453   26.931
  46.960   12.513   16.440
  47.390   13.367   17.394
  47.612   14.738   17.127
  48.058   15.624   18.115
  48.299   15.169   19.406
  46.529   11.659   15.487
  46.307   10.287   15.754
  47.630   16.104   19.720
  49.336   15.741   19.275
  48.504   14.800   20.493
  45.270    9.715   15.885
  46.976    9.352   15.440
  46.109   10.282   14.999
  17.611    0.427   40.329
  16.619    0.901   39.546
  16.170    0.205   38.399
  15.141    0.697   37.587
  14.523    1.902   37.894
  18.604   -0.048   41.111
  19.052    0.649   42.259
  13.520    1.275   37.752
  14.730    2.151   36.748
  13.996    2.913   38.141
  18.845    0.400   43.406
  20.055    1.276   42.401
  19.536    0.038   42.310
  41.457   30.836   13.944
  40.647   30.008   14.637
  41.011   29.486   15.901
  40.170   28.627   16.619
  38.936   28.260   16.099
  42.267   31.664   13.251
  41.903   32.186   11.987
  38.534   28.575   17.176
  39.295   27.157   16.371
  37.897   27.943   15.675
  41.543   33.289   11.716
  42.304   31.870   10.910
  42.603   32.528   12.045
  47.431    9.047    9.968
  47.762    7.948    9.257
  47.828    7.960    7.844
  48.172    6.820    7.107
  48.463    5.628    7.758
  47.099   10.146   10.678
  47.033   10.134   12.091
  49.429    5.633    7.060
  47.693    5.164    6.975
  48.709    4.620    8.291
  47.803   10.597   12.874
  46.067   10.128   12.789
  46.836   10.882   11.983
  11.555   44.450    1.999
  10.525   43.656    1.637
  10.534   42.261    1.871
   9.466   41.438    1.495
   8.350   41.981    0.871
  12.586   45.243    2.361
  12.576   46.639    2.127
   7.750   41.363    1.695
   8.518   41.099    0.089
   7.407   42.424    0.347
  12.407   47.521    2.910
  13.176   47.257    1.304
  13.276   46.594    2.470
   0.962   13.796   15.388
   1.705   14.261   16.415
   1.225   15.257   17.298
   1.995   15.739   18.362
   3.274   15.243   18.582
   0.219   13.332   14.361
   0.700   12.336   13.478
   2.892   15.118   19.704
   3.572   16.395   18.634
   4.349   14.835   18.778
   0.402   11.183   13.427
   1.082   12.460   12.356
  -0.003   12.436   13.152
  23.379   24.361   26.197
  23.498   23.034   25.985
  24.727   22.353   26.157
  24.850   20.976   25.937
  23.748   20.230   25.536
  23.261   25.689   26.410
  22.032   26.370   26.238
  24.078   19.508   26.424
  24.493   19.820   24.701
  22.832   19.592   25.200
  21.287   26.779   27.073
  21.702   27.092   25.350
  22.464   26.984   26.453
  36.464   36.467   48.162
  37.057   37.665   48.350
  36.542   38.855   47.783
  37.157   40.097   47.979
  38.310   40.194   48.748
  35.871   35.269   47.973
  36.387   34.080   48.540
  37.719   41.078   49.287
  38.723   40.812   47.817
  39.277   40.290   49.392
  35.973   33.462   49.472
  36.977   33.196   48.002
  35.771   33.766   48.177
  45.738   10.429   18.371
  44.500   10.351   18.903
  43.460   11.230   18.516
  42.176   11.149   19.068
  41.886   10.186   20.027
  46.976   10.508   17.838
  48.016    9.629   18.225
  40.946    9.962   19.330
  41.433   11.109   20.629
  41.629    9.383   20.833
  48.470    8.706   17.624
  48.956    9.853   18.923
  48.420   10.048   17.704
  32.922   41.677   39.807
  31.610   41.371   39.899
  31.123   40.068   39.635
  29.763   39.751   39.729
  28.841   40.725   40.092
  34.233   41.982   39.716
  34.720   43.285   39.980
  28.470   39.900   40.868
  28.248   40.334   39.135
  28.056   41.532   40.395
  35.313   43.675   40.937
  35.091   44.110   39.204
  35.404   42.949   39.808
   7.731    6.473   38.686
   7.953    7.312   39.720
   6.896    7.844   40.495
   7.127    8.714   41.567
   8.424    9.083   41.903
   7.508    5.634   37.652
   8.566    5.102   36.877
   8.086    8.780   43.005
   7.975   10.187   41.887
   9.507    9.401   42.195
   9.014    3.998   36.892
   8.903    5.405   35.775
   7.974    4.757   36.501
  36.712    9.344    5.301
  36.567    8.378    6.233
  37.670    7.858    6.952
  37.520    6.856    7.918
  36.261    6.339    8.200
  36.857   10.310    4.369
  35.755   10.831    3.651
  36.574    6.545    9.332
  36.806    5.288    8.065
  35.211    5.896    8.447
  35.210   11.882    3.787
  35.442   10.625    2.520
  36.312   11.267    3.321
  30.738   30.970    2.657
  31.755   30.813    3.530
  32.620   31.879    3.874
  33.675   31.715    4.779
  33.903   30.481    5.374
  29.720   31.128    1.784
  28.855   30.062    1.440
  33.933   31.117    6.381
  35.027   30.665    5.025
  34.105   29.450    5.880
  27.731   29.877    1.789
  28.825   29.426    0.433
  28.528   30.613    0.993
  23.510   12.042   43.010
  24.511   11.168   42.770
  24.286    9.773   42.692
  25.324    8.867   42.442
  26.624    9.324   42.263
  22.509   12.915   43.250
  22.733   14.310   43.329
  26.595    8.631   41.294
  26.891    8.483   43.063
  27.719    9.694   42.110
  22.466   15.151   42.528
  22.762   15.004   44.297
  21.963   14.319   43.459
   5.852   16.519   13.949
   5.756   16.246   12.630
   4.583   16.526   11.890
   4.484   16.244   10.522
   5.554   15.671    9.846
   5.948   16.791   15.268
   7.121   16.511   16.008
   5.362   16.550    9.065
   4.728   14.910    9.449
   6.444   15.191    9.266
   7.947   17.273   16.405
   7.313   15.632   16.790
   6.697   16.812   16.591
   4.095   31.374   45.277
   5.376   30.949   45.296
   6.417   31.676   44.671
   7.745   31.235   44.691
   8.081   30.051   45.337
   2.814   31.799   45.258
   1.773   31.073   45.883
   8.927   30.720   45.844
   8.647   29.807   44.317
   8.376   29.060   45.875
   1.206   31.316   46.902
   0.926   30.404   45.376
   1.341   31.663   45.609
  32.456   49.196   23.754
  31.218   48.948   24.232
  30.055   49.185   23.461
  28.771   48.928   23.957
  28.604   48.425   25.241
  33.694   49.444   23.276
  34.856   49.207   24.047
  27.899   47.632   24.699
  27.813   49.310   25.344
  28.449   48.003   26.317
  35.648   48.322   23.944
  35.561   50.000   24.590
  35.209   49.473   23.403
   9.514   14.550   45.226
   9.490   14.921   46.524
   9.639   13.984   47.575
   9.615   14.368   48.921
   9.441   15.703   49.264
   9.537   14.179   43.928
   9.388   15.116   42.878
  10.390   15.513   49.960
   8.606   15.271   49.997
   9.295   16.820   49.567
  10.223   15.549   42.146
   8.439   15.306   42.183
   9.466   14.475   42.439
   8.406   10.197    1.159
   9.741   10.343    1.018
  10.649    9.315    1.368
  12.033    9.466    1.222
  12.559   10.650    0.719
   7.072   10.052    1.301
   6.164   11.079    0.951
  13.169    9.922   -0.000
  13.274   10.584    1.671
  13.013   11.638    0.299
   5.449   11.146   -0.000
   5.554   11.808    1.670
   5.640   10.553    1.192
   4.920   43.211   10.370
   4.705   44.503   10.042
   5.494   45.552   10.569
   5.271   46.892   10.229
   4.249   47.230    9.351
   5.136   41.919   10.698
   4.346   40.870   10.171
   5.101   47.862    8.808
   3.963   48.023   10.193
   3.395   47.528    8.615
   4.632   40.077    9.329
   3.494   40.238   10.714
   4.821   40.434   10.612
  19.649   14.715   25.822
  20.817   15.365   25.635
  21.981   15.043   26.374
  23.193   15.717   26.180
  23.284   16.737   25.241
  18.481   14.065   26.009
  17.317   14.387   25.270
  24.251   16.141   24.880
  23.785   17.341   26.137
  23.375   17.595   24.456
  16.817   13.782   24.374
  16.350   14.983   25.631
  17.012   13.814   25.704
  43.846   23.542   27.836
  44.668   23.079   28.802
  44.690   21.714   29.176
  45.543   21.233   30.177
  46.403   22.100   30.840
  43.024   24.006   26.871
  43.001   25.370   26.497
  47.223   21.274   30.584
  45.952   21.591   31.818
  47.130   22.816   31.404
  43.452   25.879   25.518
  42.181   26.196   26.752
  42.455   25.115   26.000
   7.080    3.726   33.696
   6.911    4.934   33.116
   5.646    5.379   32.665
   5.471    6.632   32.064
   6.555    7.483   31.893
   7.248    2.519   34.275
   8.514    2.074   34.726
   5.833    8.291   32.388
   6.151    7.561   30.774
   7.457    8.208   31.742
   8.918    1.996   35.845
   9.236    1.266   34.231
   8.100    1.443   34.930
  44.019   40.111   33.618
  44.328   40.748   32.468
  44.157   40.138   31.203
  44.477   40.798   30.011
  44.979   42.093   30.042
  43.711   39.474   34.767
  43.881   40.085   36.032
  44.136   42.300   29.225
  45.812   41.649   29.314
  45.401   43.180   30.053
  43.049   40.529   36.760
  44.724   39.878   36.849
  43.602   39.400   36.282
  15.383   42.470   16.724
  14.598   41.579   17.366
  13.318   41.220   16.881
  12.504   40.297   17.547
  12.941   39.698   18.722
  16.168   43.361   16.082
  17.448   43.719   16.567
  12.608   38.691   18.180
  11.872   40.027   19.135
  13.295   39.188   19.710
  18.517   43.389   16.155
  17.781   44.726   17.109
  17.445   44.172   15.930
  45.662   38.185   39.453
  45.881   38.137   40.784
  46.619   39.138   41.459
  46.847   39.088   42.840
  46.344   38.035   43.594
  45.442   38.233   38.122
  44.704   37.233   37.446
  45.940   38.906   44.301
  47.457   37.978   44.017
  45.928   37.157   44.240
  43.592   37.289   37.023
  45.108   36.362   36.740
  44.864   37.682   36.828
  15.003   12.820   31.575
  14.537   13.980   32.085
  14.465   14.212   33.479
  13.982   15.415   34.007
  13.553   16.429   33.160
  15.469   11.660   31.066
  15.540   11.428   29.672
  14.257   17.114   33.836
  12.591   16.433   33.863
  13.190   17.289   32.461
  16.503   11.425   28.969
  14.837   10.744   28.996
  15.825   10.741   29.908
   9.950   40.086   44.732
  10.407   40.784   45.794
  11.643   41.472   45.763
  12.117   42.196   46.863
  11.372   42.257   48.034
   9.492   39.389   43.671
   8.256   38.700   43.702
  11.567   43.429   47.943
  12.403   41.956   48.552
  10.757   42.317   49.023
   7.226   39.002   43.185
   8.062   37.528   43.793
   8.462   38.515   42.972
  29.811   33.144   17.292
  30.873   33.706   17.908
  32.178   33.172   17.789
  33.279   33.755   18.428
  33.114   34.892   19.209
  28.750   32.582   16.676
  27.445   33.115   16.795
  34.030   35.307   18.568
  33.739   34.273   20.013
  32.990   35.847   19.867
  26.820   33.735   15.991
  26.529   32.701   17.436
  27.271   32.513   16.329
   2.890   20.917   16.430
   2.526   21.937   15.625
   2.953   23.266   15.857
   2.575   24.324   15.022
   1.755   24.091   13.925
   3.255   19.896   17.236
   2.827   18.568   17.004
   2.582   24.717   13.338
   1.130   25.006   14.362
   1.068   23.909   13.001
   3.453   17.652   16.567
   2.001   17.941   17.590
   3.252   18.432   17.645
  25.211    2.806   27.215
  23.914    2.524   26.973
  23.519    1.633   25.946
  22.173    1.341   25.695
  21.174    1.928   26.461
  26.509    3.089   27.458
  26.903    3.979   28.485
  20.774    0.810   26.561
  20.692    2.184   25.401
  20.325    2.414   27.096
  27.385    3.724   29.544
  27.303    5.097   28.384
  27.616    3.799   28.221
  16.606   24.560   43.262
  17.110   25.035   44.420
  16.670   24.562   45.680
  17.193   25.055   46.881
  18.174   26.039   46.866
  16.102   24.084   42.103
  16.541   24.557   40.844
  18.735   25.308   47.621
  17.461   26.578   47.654
  18.997   26.865   46.868
  17.254   24.018   40.056
  15.980   25.289   40.089
  16.017   24.039   40.585
  18.599   13.378   20.600
  17.495   14.155   20.611
  17.570   15.566   20.543
  16.425   16.372   20.555
  15.164   15.795   20.636
  19.703   12.601   20.588
  19.627   11.190   20.657
  14.922   16.507   19.712
  14.999   16.591   21.508
  14.100   15.324   20.704
  19.792   10.394   19.785
  19.870   10.478   21.581
  20.405   11.253   20.621
  13.759   42.076   42.517
  13.448   43.390   42.510
  14.148   44.330   43.303
  13.826   45.692   43.296
  12.792   46.163   42.495
  14.069   40.762   42.523
  13.370   39.822   41.730
  13.600   46.969   42.151
  12.436   46.700   43.497
  11.927   46.572   41.829
  13.726   39.284   40.728
  12.562   39.016   42.074
  13.871   39.326   42.065
  38.348   24.390   30.239
  37.818   23.151   30.157
  36.546   22.843   30.695
  35.995   21.558   30.610
  36.698   20.536   29.984
  38.879   25.628   30.321
  40.151   25.936   29.784
  35.670   20.361   29.406
  36.439   19.927   30.975
  37.276   19.669   29.461
  40.410   26.545   28.792
  41.178   26.112   30.362
  39.980   26.645   30.063
  23.964   35.725   28.676
  22.899   35.291   27.970
  21.571   35.595   28.353
  20.466   35.144   27.620
  20.650   34.373   26.479
  25.029   36.160   29.382
  26.357   35.856   28.999
  19.896   35.155   25.988
  19.843   33.660   26.989
  20.790   33.726   25.519
  27.164   36.570   28.490
  27.111   35.074   29.491
  26.524   36.276   29.636
  27.822   32.097   40.567
  29.172   32.094   40.529
  29.955   32.061   41.707
  31.354   32.058   41.668
  32.020   32.087   40.449
  26.473   32.100   40.606
  25.689   32.132   39.428
  32.631   31.173   40.909
  32.637   32.973   40.954
  32.592   32.111   39.433
  25.073   31.247   38.922
  25.078   33.046   38.968
  25.103   32.121   39.944
  21.494   41.452   41.292
  20.503   42.363   41.396
  20.497   43.353   42.407
  19.469   44.298   42.515
  18.411   44.286   41.615
  22.485   40.541   41.189
  22.490   39.551   40.177
  18.652   45.449   41.517
  17.743   44.337   42.600
  17.517   44.288   40.866
  23.159   39.501   39.192
  22.249   38.389   40.276
  23.158   39.348   40.529
   7.225   32.534   12.920
   6.639   31.787   13.880
   7.226   30.594   14.364
   6.618   29.819   15.360
   5.402   30.210   15.906
   7.811   33.281   11.960
   7.224   34.474   11.475
   5.957   30.025   16.944
   5.087   29.083   15.681
   4.382   30.527   16.374
   7.540   35.600   11.701
   6.669   34.659   10.437
   7.864   34.481   11.028
   5.816   19.141   21.094
   5.339   18.216   21.954
   6.183   17.519   22.850
   5.689   16.560   23.742
   4.332   16.264   23.769
   6.293   20.066   20.234
   5.448   20.763   19.338
   4.454   16.417   24.945
   4.709   15.135   23.707
   3.195   16.005   23.803
   5.070   21.892   19.400
   5.325   20.610   18.163
   6.122   21.098   19.130
  24.000   27.446   36.678
  23.844   26.257   36.058
  24.943   25.532   35.539
  24.781   24.299   34.896
  23.515   23.747   34.749
  24.156   28.635   37.299
  23.057   29.360   37.818
  24.032   22.768   35.189
  23.847   23.615   33.612
  22.458   23.272   34.619
  22.726   29.491   38.954
  22.540   30.339   37.377
  23.621   29.861   38.021
   9.502   25.089   34.095
  10.554   24.315   33.755
  11.848   24.534   34.284
  12.940   23.731   33.932
  12.776   22.680   33.038
   8.449   25.864   34.435
   7.155   25.644   33.906
  13.353   22.053   33.871
  13.725   23.160   32.501
  12.652   21.795   32.289
   6.206   25.165   34.443
   6.578   26.271   33.074
   6.983   26.259   34.356
  36.423   16.780   42.478
  36.350   17.223   43.751
  36.174   18.593   44.060
  36.099   19.052   45.380
  36.196   18.157   46.439
  36.496   16.338   41.204
  36.671   14.968   40.895
  35.214   18.711   46.826
  37.000   18.934   46.851
  36.276   17.418   47.337
  35.867   14.191   40.483
  37.653   14.415   40.508
  36.648   15.240   40.163
   1.075   30.726   14.854
   1.485   29.590   15.459
   0.799   28.363   15.295
   1.224   27.186   15.922
   2.350   27.194   16.736
   0.665   31.861   14.249
   1.350   33.088   14.414
   2.668   26.248   16.084
   1.636   26.634   17.508
   3.294   27.186   17.421
   2.064   33.648   13.642
   1.032   34.034   15.065
   0.787   33.344   13.936
  38.878   12.433    9.207
  38.368   13.244   10.158
  37.035   13.716   10.106
  36.507   14.558   11.092
  37.292   14.957   12.166
  39.387   11.621    8.256
  40.720   11.149    8.309
  36.355   14.608   12.814
  36.901   16.046   11.879
  37.941   15.300   13.072
  41.111   10.061    8.595
  41.657   11.499    7.661
  40.509   10.797    7.644
  26.884   48.268    8.529
  25.565   47.987    8.594
  24.628   48.575    7.712
  23.260   48.283    7.780
  22.781   47.393    8.732
  28.202   48.549    8.463
  29.139   47.961    9.346
  22.226   46.897    7.801
  21.993   48.258    8.956
  22.365   46.647    9.527
  29.927   47.095    9.122
  29.694   48.456   10.277
  29.640   48.396    8.934
  21.608   36.189   44.378
  21.988   34.996   44.881
  22.698   34.047   44.108
  23.092   32.809   44.630
  22.790   32.476   45.944
  21.229   37.383   43.875
  20.519   38.332   44.648
  23.945   32.188   46.000
  22.388   31.464   45.458
  22.542   32.183   47.045
  20.920   39.343   45.134
  19.364   38.619   44.592
  20.558   38.743   43.986
  10.028    1.170   32.072
   9.051    1.990   31.631
   7.817    1.495   31.146
   6.804    2.346   30.689
   6.988    3.723   30.700
  11.005    0.349   32.513
  12.239    0.844   32.997
   5.924    3.731   31.235
   6.608    3.652   29.572
   7.130    4.880   30.703
  12.619    0.916   34.124
  13.303    0.837   32.461
  12.385    0.083   33.093
  32.897    7.784   33.466
  32.904    9.059   33.911
  32.474   10.138   33.103
  32.482   11.460   33.565
  32.921   11.749   34.851
  32.889    6.510   33.020
  33.319    5.431   33.828
  31.905   12.367   34.919
  33.582   12.573   34.300
  33.287   12.006   35.928
  32.658    4.607   34.379
  34.336    4.812   33.760
  33.134    5.019   33.190
  23.336   43.587   33.509
  22.098   44.103   33.664
  21.886   45.478   33.925
  20.602   46.013   34.085
  19.485   45.193   33.991
  24.573   43.071   33.354
  24.786   41.696   33.094
  19.089   46.036   33.248
  19.176   45.715   35.017
  18.539   44.516   33.915
  25.094   41.174   32.068
  25.181   40.852   33.837
  25.534   41.920   33.098
  35.287   25.414   33.943
  36.284   25.861   34.735
  37.547   25.224   34.782
  38.582   25.688   35.604
  38.390   26.805   36.407
  34.289   24.966   33.151
  33.026   25.603   33.104
  39.420   27.164   35.929
  38.837   26.105   37.262
  38.243   27.741   37.087
  32.579   26.303   32.249
  31.996   25.243   33.582
  32.878   25.036   32.588
  32.095    9.634    9.625
  31.934   10.065   10.894
  31.692   11.426   11.199
  31.525   11.873   12.515
  31.594   10.975   13.573
  32.256    9.203    8.355
  32.498    7.843    8.050
  30.572   11.491   13.907
  32.345   11.776   14.035
  31.649   10.232   14.471
  31.746    7.041    7.589
  33.519    7.327    7.717
  32.506    8.118    7.319
  41.847   14.421   37.547
  42.790   13.459   37.462
  44.136   13.754   37.138
  45.113   12.756   37.050
  44.781   11.427   37.283
  40.904   15.383   37.632
  39.558   15.088   37.956
  45.729   11.451   38.003
  45.355   11.239   36.256
  44.515   10.308   37.475
  38.984   15.276   38.983
  38.610   15.064   37.235
  39.482   15.861   37.878
  26.896   48.471   41.920
  27.750   48.076   42.889
  27.342   47.941   44.238
  28.227   47.532   45.242
  29.551   47.244   44.935
  26.043   48.865   40.951
  26.450   49.000   39.603
  29.340   46.245   45.550
  29.786   47.962   45.856
  30.665   46.999   44.690
  26.216   48.282   38.681
  26.661   49.999   38.988
  25.704   49.210   39.510
  14.295   28.230   41.107
  15.474   27.824   40.589
  16.289   28.684   39.815
  17.512   28.264   39.278
  17.963   26.968   39.496
  13.116   28.635   41.624
  12.301   27.775   42.398
  18.976   27.513   39.811
  18.132   26.967   38.317
  18.354   25.884   39.672
  12.132   27.776   43.578
  11.289   27.230   42.084
  11.844   28.408   42.426
  36.860   39.766   22.303
  37.640   39.475   21.240
  37.216   38.592   20.219
  38.024   38.291   19.116
  39.285   38.862   18.995
  36.081   40.056   23.367
  36.504   40.940   24.388
  38.917   39.124   17.892
  39.631   37.740   18.794
  40.345   39.335   18.881
  36.158   42.062   24.589
  36.872   40.677   25.490
  35.801   40.768   24.681
  46.830   46.154   16.498
  45.957   45.937   15.492
  44.790   46.720   15.329
  43.884   46.495   14.286
  44.113   45.478   13.368
  47.704   46.372   17.505
  48.871   45.588   17.667
  43.899   46.331   12.564
  42.983   45.184   13.607
  44.294   44.627   12.590
  50.001   45.881   17.428
  49.085   44.734   18.470
  48.975   46.061   18.280
  19.129    4.835   15.583
  19.818    5.846   16.153
  21.232    5.901   16.123
  21.947    6.949   16.715
  21.273    7.980   17.358
  18.440    3.824   15.012
  17.026    3.770   15.042
  21.975    8.678   16.694
  22.043    7.758   18.240
  20.721    8.852   17.901
  16.256    3.991   14.160
  16.325    3.072   15.706
  17.150    3.109   14.643
   7.964    5.409   26.429
   6.625    5.532   26.304
   5.923    6.645   26.824
   4.534    6.773   26.694
   3.799    5.792   26.040
   9.302    5.285   26.554
  10.005    4.173   26.034
   3.334    6.718   25.450
   3.109    5.847   27.009
   3.170    4.977   25.493
  10.695    4.118   25.065
  10.470    3.247   26.624
  10.617    4.553   26.335
   6.065   44.454   14.727
   7.183   44.004   14.118
   7.413   44.198   12.735
   8.572   43.731   12.103
   9.542   43.056   12.831
   4.948   44.903   15.336
   4.718   44.710   16.719
  10.287   43.821   12.302
   9.465   42.259   11.948
  10.365   42.487   13.431
   4.795   45.506   17.603
   3.974   43.945   17.248
   4.058   45.095   16.555
  13.402   11.064   39.553
  13.234   11.163   40.889
  11.986   11.501   41.465
  11.812   11.603   42.850
  12.879   11.370   43.709
  13.570   10.966   38.217
  14.817   10.628   37.641
  12.104   10.660   44.270
  12.542   12.404   44.197
  13.766   11.178   44.441
  15.154    9.594   37.153
  15.593   11.338   37.080
  14.411   10.702   36.978
  43.135   13.576   39.631
  41.933   12.967   39.554
  40.742   13.687   39.302
  39.495   13.055   39.222
  39.396   11.680   39.392
  44.338   14.186   39.708
  45.529   13.466   39.961
  38.760   11.732   38.386
  38.527   11.968   40.155
  39.298   10.526   39.533
  46.398   13.177   39.198
  46.165   13.413   40.967
  45.845   14.178   39.907
  21.063   10.074    4.565
  19.942    9.322    4.548
  18.799    9.696    3.803
  17.637    8.916    3.785
  17.576    7.734    4.512
  22.184   10.827    4.582
  23.327   10.452    5.328
  17.176    7.276    3.487
  16.546    8.183    4.909
  17.512    6.739    5.117
  24.357   10.003    4.931
  23.727   10.910    6.353
  23.608   11.117    5.029
  23.324   39.945   34.635
  22.458   40.710   33.938
  21.135   40.942   34.384
  20.237   41.736   33.661
  20.628   42.324   32.465
  24.191   39.180   35.333
  25.513   38.947   34.886
  20.173   43.312   32.953
  19.613   41.857   32.053
  20.944   42.825   31.460
  26.529   39.415   35.298
  25.969   37.960   34.398
  25.548   38.527   35.543
  12.904   35.915    5.643
  13.324   35.437    4.453
  13.197   34.070    4.106
  13.632   33.574    2.872
  14.211   34.426    1.940
  12.484   36.394    6.833
  12.612   37.760    7.179
  13.436   33.920    1.189
  15.059   33.590    1.895
  14.699   35.130    1.148
  11.764   38.596    7.224
  13.387   38.266    7.930
  12.274   37.514    7.840
  22.361   37.683   13.520
  21.907   36.783   12.622
  21.558   35.463   12.994
  21.087   34.530   12.062
  20.948   34.884   10.726
  22.814   38.583   14.418
  23.163   39.903   14.046
  19.862   34.410   10.848
  21.551   33.874   10.531
  20.827   35.167    9.601
  22.561   40.913   14.241
  24.250   40.377   13.924
  23.325   39.961   14.808
  27.977    3.922    6.359
  26.687    3.580    6.562
  26.323    2.390    7.235
  24.985    2.035    7.445
  23.963    2.858    6.990
  29.267    4.263    6.157
  29.631    5.454    5.484
  23.543    2.731    8.097
  23.531    1.848    6.529
  23.095    3.540    6.612
  30.063    6.464    5.944
  30.051    5.581    4.376
  30.351    5.189    5.627
  17.843   25.227   33.184
  16.917   26.186   32.971
  17.275   27.517   32.650
  16.315   28.511   32.430
  14.962   28.211   32.523
  18.769   24.267   33.396
  18.410   22.937   33.717
  14.900   28.762   31.468
  14.928   29.177   33.219
  13.823   27.972   32.598
  18.444   21.971   33.021
  18.472   22.385   34.772
  19.185   22.843   33.727
  39.557   45.466   30.932
  38.437   45.865   31.573
  37.354   44.984   31.808
  36.193   45.397   32.472
  36.073   46.705   32.924
  40.676   45.068   30.292
  41.759   45.948   30.057
  35.748   46.185   33.946
  35.018   46.662   32.371
  35.959   47.800   33.309
  42.814   45.991   30.610
  42.084   46.469   29.035
  42.065   45.312   29.722
  43.862   15.437   43.850
  42.837   15.551   42.979
  42.722   14.716   41.843
  41.659   14.835   40.939
  40.674   15.793   41.139
  44.887   15.322   44.722
  45.002   16.157   45.858
  39.931   14.879   40.963
  40.884   16.061   39.997
  39.840   16.594   41.296
  44.792   15.890   47.000
  45.745   17.072   46.034
  45.647   15.732   45.973
  43.682   17.142   31.823
  43.708   17.086   33.171
  42.523   17.018   33.942
  42.550   16.959   35.341
  43.763   16.967   36.018
  43.656   17.199   30.474
  44.840   17.267   29.703
  43.302   16.028   36.588
  43.247   17.825   36.665
  44.774   16.973   36.600
  45.355   16.409   29.057
  45.301   18.207   29.133
  44.329   17.277   29.113
  13.085   25.791    4.500
  13.869   25.757    3.401
  13.762   26.726    2.374
  14.574   26.692    1.234
  15.522   25.687    1.080
  12.302   25.824    5.599
  12.409   24.855    6.625
  16.254   26.595    0.838
  15.034   25.572   -0.001
  16.321   24.850    0.938
  12.897   24.970    7.706
  11.676   23.947    6.867
  11.835   25.281    6.941
   6.967   17.726   11.541
   6.104   18.762   11.482
   4.933   18.809   12.275
   4.038   19.884   12.213
   4.281   20.950   11.356
   7.830   16.689   11.601
   9.001   16.642   10.808
   4.068   21.609   12.326
   3.152   20.771   11.023
   4.474   21.851   10.642
  10.131   16.821   11.141
   9.215   15.983    9.838
   9.097   15.961   11.178
  28.928   20.728   35.950
  28.745   19.390   35.960
  27.454   18.811   35.963
  27.264   17.424   35.973
  28.357   16.567   35.981
  29.112   22.065   35.941
  30.402   22.645   35.938
  27.781   16.034   35.084
  27.779   16.047   36.884
  29.266   15.837   35.987
  30.980   23.165   35.035
  30.978   23.178   36.835
  29.988   23.308   35.932
   8.788   32.835   36.919
   9.751   33.581   36.336
  10.135   34.843   36.848
  11.133   35.617   36.244
  11.783   35.155   35.106
   7.825   32.090   37.502
   7.441   30.828   36.991
  12.768   35.442   35.711
  11.527   36.238   34.679
  12.336   34.780   34.150
   7.697   29.745   37.417
   6.455   30.541   36.386
   6.951   30.849   37.598
  10.852   22.175   44.539
  10.824   21.817   43.237
  11.942   21.232   42.596
  11.913   20.861   41.247
  10.766   21.060   40.490
  10.879   22.533   45.840
   9.761   23.117   46.481
  10.931   19.922   40.177
  11.520   21.559   39.714
   9.809   21.222   39.844
   9.006   22.618   47.257
   9.596   24.255   46.794
  10.246   23.116   47.094
  15.173   38.703   13.729
  16.501   38.875   13.557
  17.361   37.799   13.231
  18.738   37.978   13.052
  19.304   39.238   13.194
  13.845   38.531   13.901
  12.986   39.607   14.227
  19.811   38.985   12.146
  20.079   38.668   13.897
  19.793   40.291   13.310
  12.211   40.177   13.524
  12.478   39.860   15.275
  12.446   39.042   14.207
  14.894   17.353   46.343
  15.978   17.545   47.124
  16.877   16.496   47.431
  18.001   16.695   48.241
  18.268   17.950   48.772
  13.809   17.161   45.563
  12.911   18.210   45.256
  19.361   17.759   48.338
  18.385   17.349   49.794
  18.503   18.999   49.225
  12.793   18.811   44.233
  11.818   18.402   45.690
  12.552   17.643   44.856
  17.453   10.212   34.396
  17.572    9.523   33.240
  16.658    9.687   32.172
  16.781    8.973   30.974
  17.823    8.070   30.802
  17.335   10.900   35.551
  18.249   10.737   36.619
  17.981    8.648   29.772
  16.954    7.334   30.450
  18.692    7.309   30.644
  19.117   11.472   36.971
  18.091   10.158   37.648
  17.787   11.270   36.954
  35.483   37.197   16.415
  35.880   38.292   17.098
  36.441   39.418   16.449
  36.852   40.554   17.157
  36.717   40.604   18.539
  35.087   36.102   15.732
  34.526   34.976   16.381
  36.213   41.662   18.321
  37.856   40.951   18.508
  36.609   40.660   19.699
  33.386   34.630   16.412
  35.029   33.918   16.599
  34.491   34.705   15.649
  21.159   12.600   33.968
  19.967   13.067   34.395
  18.757   12.381   34.137
  17.520   12.865   34.581
  17.450   14.054   35.297
  22.352   12.133   33.541
  23.562   12.819   33.799
  16.788   13.409   36.049
  16.596   14.325   34.512
  17.377   15.049   35.900
  24.416   12.547   34.584
  24.224   13.463   33.046
  23.864   12.217   33.402
   1.417   24.299   36.340
   1.287   24.475   37.672
   2.409   24.607   38.524
   2.275   24.790   39.905
   1.013   24.848   40.484
   1.546   24.122   35.008
   0.424   23.991   34.156
   1.439   25.832   41.003
   1.467   24.048   41.242
  -0.040   24.898   40.983
  -0.030   24.790   33.398
  -0.002   23.006   33.637
   0.979   23.926   33.610
  14.915   34.193   25.436
  14.696   33.571   24.258
  14.397   32.190   24.183
  14.170   31.545   22.961
  14.234   32.259   21.771
  15.134   34.815   26.614
  15.432   36.196   26.689
  13.184   31.737   21.554
  14.941   31.364   21.424
  14.284   32.845   20.764
  14.725   37.090   27.036
  16.481   36.718   26.907
  15.456   36.041   27.454
  13.892    2.809   31.207
  13.995    3.694   32.221
  15.246    4.072   32.763
  15.352    4.990   33.815
  14.211    5.561   34.363
  13.789    1.925   30.192
  12.538    1.546   29.651
  14.807    6.582   34.211
  14.702    5.233   35.398
  13.261    6.049   34.832
  12.047    1.875   28.615
  11.942    0.525   29.802
  12.990    1.106   29.190
  42.365   18.091   10.634
  41.859   17.777    9.422
  40.705   16.971    9.277
  40.180   16.645    8.021
  40.790   17.115    6.865
  42.871   18.405   11.846
  44.024   19.211   11.991
  39.684   17.448    6.572
  40.719   15.976    6.521
  41.293   17.502    5.886
  44.095   20.350   12.335
  45.130   18.878   12.283
  43.886   19.087   12.749
  28.210   15.556   10.594
  28.125   16.045    9.339
  27.007   16.794    8.900
  26.918   17.301    7.599
  27.944   17.078    6.689
  28.296   15.067   11.850
  29.414   14.319   12.288
  27.862   18.253    6.507
  27.057   16.735    5.971
  28.797   16.898    5.915
  30.301   14.662   13.007
  29.496   13.144   12.470
  29.006   14.300   12.954
  47.373   38.539   14.862
  46.052   38.669   14.614
  45.442   39.935   14.445
  44.073   40.070   14.187
  43.264   38.944   14.090
  48.693   38.409   15.110
  49.304   37.143   15.279
  42.891   39.460   13.082
  42.566   39.539   14.851
  42.575   38.008   14.005
  50.001   36.549   14.518
  49.677   36.628   16.287
  49.942   37.583   15.376
  13.251    4.317    5.180
  13.080    5.655    5.243
  14.100    6.521    5.704
  13.923    7.908    5.769
  12.719    8.479    5.375
  13.422    2.980    5.118
  12.402    2.114    4.656
  13.421    9.204    4.741
  12.795    9.045    6.421
  11.714    8.972    5.047
  12.326    1.548    3.610
  11.700    1.389    5.291
  12.942    1.571    4.806
  39.646   44.850   33.219
  40.055   45.982   33.831
  39.488   46.422   35.051
  39.913   47.595   35.685
  40.920   48.370   35.123
  39.236   43.719   32.607
  39.803   43.278   31.387
  41.388   48.325   36.218
  40.154   49.265   35.305
  41.764   49.030   34.662
  40.569   42.384   31.205
  39.335   43.324   30.292
  39.290   42.697   31.482
  35.922   30.809   36.130
  35.905   30.617   34.794
  35.077   29.643   34.186
  35.060   29.444   32.801
  35.869   30.212   31.973
  35.939   31.001   37.466
  36.766   31.975   38.074
  34.862   30.374   31.356
  36.179   29.157   31.514
  36.543   30.850   31.267
  36.456   33.030   38.532
  37.773   31.813   38.690
  36.433   31.699   38.724
  41.921   14.865    4.385
  43.227   15.208    4.368
  44.257   14.238    4.364
  45.611   14.594    4.346
  45.983   15.932    4.333
  40.615   14.523    4.401
  39.585   15.493    4.406
  46.680   15.595    3.428
  46.700   15.607    5.228
  46.309   17.052    4.322
  38.868   15.818    3.511
  38.888   15.830    5.311
  39.132   14.857    4.415
  39.123   23.658   32.347
  40.127   22.884   31.883
  40.777   21.929   32.701
  41.818   21.126   32.219
  42.245   21.248   30.903
  38.119   24.433   32.811
  37.469   25.388   31.993
  42.132   20.062   30.893
  43.328   21.309   31.398
  42.614   21.341   29.801
  36.387   25.327   31.499
  37.583   26.574   32.003
  37.062   25.513   32.647
  38.750    9.551   32.066
  38.508    8.815   33.172
  37.197    8.603   33.660
  36.946    7.840   34.807
  37.998    7.260   35.505
  38.992   10.287   30.961
  40.303   10.498   30.472
  37.330    6.276   35.436
  37.470    7.755   36.452
  38.871    6.768   36.101
  40.831   10.004   29.526
  40.971   11.483   30.542
  39.920   10.908   29.929
   9.835    8.890   46.515
  11.023    9.458   46.811
  11.375   10.747   46.344
  12.607   11.337   46.651
  13.530   10.659   47.437
   8.647    8.321   46.218
   8.295    7.032   46.686
  13.570   11.684   48.044
  14.290   10.951   46.566
  14.315   10.101   48.095
   7.535    6.741   47.557
   8.255    6.008   46.079
   7.638    7.185   46.291
  41.002   28.749   12.626
  42.334   28.662   12.828
  43.195   29.768   12.631
  44.577   29.678   12.840
  45.146   28.480   13.252
  39.670   28.835   12.425
  38.808   27.730   12.621
  45.674   29.164   14.073
  45.903   28.681   12.354
  45.637   27.481   13.599
  38.051   27.529   13.520
  38.280   27.046   11.801
  38.267   28.248   12.403
  39.940    0.435   41.598
  41.106    0.879   41.083
  42.145   -0.005   40.706
  43.354    0.455   40.171
  43.568    1.816   39.994
  38.774   -0.008   42.114
  37.736    0.876   42.491
  43.903    1.488   38.898
  44.595    1.596   40.556
  43.760    2.956   39.840
  36.708    1.097   41.928
  37.401    1.204   43.586
  37.380    0.208   42.682
  20.160   43.773   19.516
  19.225   42.857   19.187
  17.921   43.228   18.783
  16.951   42.278   18.441
  17.250   40.923   18.492
  21.095   44.689   19.846
  22.400   44.317   20.250
  16.781   40.911   17.397
  16.234   40.854   19.111
  17.488   39.782   18.531
  23.416   44.386   19.632
  22.868   44.329   21.346
  22.488   45.091   20.304
  41.139   41.985   44.399
  41.211   40.659   44.153
  40.224   39.757   44.615
  40.298   38.382   44.360
  41.362   37.861   43.634
  41.068   43.311   44.644
  42.055   44.213   44.183
  40.503   37.319   43.012
  41.429   37.086   44.537
  42.250   37.411   43.027
  41.987   44.988   43.280
  42.914   44.755   44.806
  41.595   44.733   44.541
  45.210    5.799   45.187
  45.296    6.081   43.869
  45.702    7.353   43.400
  45.792    7.646   42.034
  45.478    6.677   41.088
  45.124    5.516   46.504
  44.718    4.244   46.973
  46.523    6.992   40.609
  44.809    7.542   40.615
  45.218    5.874   40.284
  45.387    3.380   47.447
  43.673    3.929   47.452
  44.828    4.583   47.668
  19.706   19.274    7.692
  19.815   19.837    8.914
  20.641   19.286    9.923
  20.754   19.870   11.190
  20.046   21.025   11.495
  19.596   18.712    6.470
  18.770   19.263    5.462
  21.103   21.415   11.883
  19.724   20.416   12.467
  19.457   21.995   11.764
  19.092   19.872    4.490
  17.713   18.873    5.073
  19.040   18.653    5.056
  44.686    5.988   29.224
  44.222    7.117   28.647
  42.900    7.218   28.153
  42.419    8.389   27.555
  43.243    9.501   27.430
  45.149    4.859   29.800
  46.471    4.758   30.295
  42.315   10.080   27.904
  42.871    9.488   26.298
  43.924   10.441   27.319
  46.843    4.771   31.427
  47.399    4.179   29.821
  46.234    4.037   30.479
  32.179   15.675   18.699
  31.069   16.438   18.597
  29.769   15.881   18.644
  28.619   16.672   18.539
  28.728   18.048   18.383
  33.288   14.912   18.800
  34.588   15.469   18.753
  27.939   18.081   19.276
  27.961   17.877   17.487
  28.805   19.205   18.252
  35.354   15.640   19.649
  35.377   15.436   17.860
  34.796   14.721   18.841
  41.011   22.928   13.222
  41.920   23.726   13.822
  42.482   24.847   13.168
  43.425   25.674   13.791
  43.838   25.410   15.090
  40.102   22.131   12.621
  39.540   21.009   13.276
  43.602   26.565   15.262
  44.930   25.529   14.629
  44.194   25.199   16.181
  38.448   20.890   13.738
  39.776   19.854   13.104
  39.160   20.937   12.597
  20.502    4.716   46.735
  20.689    5.898   46.109
  19.605    6.691   45.666
  19.799    7.916   45.017
  21.084    8.392   44.788
  20.315    3.535   47.361
  21.399    2.741   47.805
  20.657    9.397   45.264
  20.687    8.551   43.676
  22.157    8.803   44.590
  21.796    2.582   48.917
  21.827    1.736   47.329
  20.821    2.273   48.043
  15.647   19.773   39.721
  15.368   20.404   40.881
  14.361   19.943   41.762
  14.071   20.597   42.966
  14.778   21.736   43.331
  15.926   19.142   38.561
  16.933   19.603   37.680
  14.905   21.166   44.370
  13.693   22.191   43.521
  15.364   22.692   43.650
  18.018   19.148   37.490
  16.806   20.173   36.641
  16.702   18.984   37.262
  26.983   44.829   48.820
  28.317   44.671   48.693
  28.915   43.391   48.600
  30.300   43.227   48.469
  31.135   44.336   48.426
  25.648   44.987   48.946
  25.050   46.266   49.039
  31.587   43.796   47.464
  31.750   43.743   49.256
  31.848   45.259   48.388
  24.435   46.860   48.209
  24.598   46.806   50.000
  24.397   45.840   49.086
  19.543   33.123    4.486
  18.910   33.545    3.371
  19.203   34.792    2.769
  18.547   35.230    1.612
  17.574   34.437    1.017
  20.175   32.701    5.602
  19.882   31.454    6.204
  18.192   34.653    0.021
  16.931   35.440    1.036
  16.755   33.782    0.507
  20.525   30.451    6.185
  19.263   31.238    7.199
  20.432   31.688    6.707
  10.023   31.627   10.847
  10.580   32.832   10.605
  11.978   32.995   10.455
  12.556   34.246   10.205
  11.758   35.377   10.096
   9.465   30.421   11.088
   8.067   30.258   11.238
  12.380   35.561    9.097
  12.538   35.843   10.867
  11.099   36.335   10.003
   7.287   29.793   10.467
   7.445   30.074   12.238
   8.273   29.511   11.339
   3.644   26.728    9.335
   4.991   26.819    9.321
   5.663   27.899    8.702
   7.060   27.993    8.687
   7.834   27.011    9.291
   2.297   26.637    9.350
   1.625   25.557    9.969
   8.379   27.939    9.804
   8.424   27.022    8.255
   8.496   26.193    9.794
   1.035   25.546   11.005
   1.081   24.629    9.456
   0.995   25.945    9.721
  25.803   44.178    2.882
  24.584   44.729    2.700
  23.474   43.966    2.266
  22.210   44.537    2.078
  22.010   45.891    2.316
  27.023   43.628    3.064
  28.133   44.391    3.498
  21.078   45.508    2.953
  21.498   45.872    1.241
  21.829   47.026    2.513
  28.645   44.410    4.574
  29.065   44.773    2.862
  28.494   43.701    3.440
  26.951    4.641   46.718
  27.745    5.394   47.508
  27.669    6.807   47.518
  28.492    7.589   48.337
  29.421    6.986   49.177
  26.158    3.887   45.928
  26.234    2.474   45.918
  28.942    7.698   50.004
  30.174    7.773   48.694
  30.204    6.492   49.886
  25.480    1.687   46.401
  26.713    1.762   45.091
  25.666    2.553   45.388
  25.170   11.368   22.692
  24.126   10.638   23.139
  22.971   11.241   23.691
  21.888   10.484   24.154
  21.921    9.097   24.080
  26.214   12.097   22.246
  27.369   11.495   21.694
  20.844    9.227   23.588
  21.591    9.158   25.224
  21.936    7.932   24.025
  27.699   11.433   20.551
  28.446   11.364   22.187
  27.594   12.239   21.623
  30.677   15.375   29.781
  30.399   14.448   30.722
  29.850   13.186   30.394
  29.562   12.225   31.370
  29.812   12.492   32.710
  30.954   16.302   28.839
  31.503   17.564   29.168
  30.354   11.431   32.686
  28.695   12.106   32.861
  30.018   12.703   33.839
  32.621   17.949   29.017
  30.962   18.625   29.193
  31.462   17.664   28.395
  36.223   28.891   25.213
  34.922   28.528   25.216
  33.923   29.321   25.829
  32.575   28.944   25.832
  32.178   27.760   25.223
  37.523   29.254   25.209
  38.522   28.461   24.597
  31.359   28.454   24.705
  31.610   27.573   26.254
  31.830   26.770   24.716
  39.090   28.648   23.566
  39.340   27.767   25.115
  38.984   29.037   24.850
   3.481   26.362   26.573
   2.736   27.450   26.862
   3.320   28.675   27.262
   2.547   29.803   27.561
   1.161   29.746   27.472
   4.227   25.274   26.284
   3.643   24.049   25.884
   1.291   30.747   26.839
   1.201   30.229   28.561
  -0.002   29.712   27.401
   3.603   23.566   24.796
   3.513   23.047   26.517
   4.390   23.824   25.856
  10.486   27.042   13.073
  11.004   28.033   13.830
  12.331   28.493   13.657
  12.868   29.521   14.442
  12.097   30.125   15.427
   9.968   26.051   12.317
   8.641   25.591   12.489
  12.472   31.135   14.918
  13.048   29.920   16.114
  11.461   30.641   16.257
   7.690   25.795   11.802
   8.266   24.581   12.998
   8.844   25.113   11.906
  32.359    4.228   24.295
  32.777    4.832   25.428
  33.788    4.274   26.246
  34.221    4.901   27.421
  33.658    6.107   27.819
  31.942    3.624   23.162
  30.931    4.182   22.343
  34.793    6.450   27.933
  33.543    5.556   28.870
  33.194    7.119   28.166
  31.046    4.732   21.293
  29.795    3.839   22.230
  31.070    3.541   21.918
  42.602   37.635   24.357
  41.748   38.667   24.523
  41.188   39.361   23.424
  40.302   40.431   23.596
  39.944   40.846   24.872
  43.456   36.603   24.191
  44.017   35.909   25.290
  38.835   40.782   24.442
  40.223   41.928   24.458
  39.636   41.204   25.938
  43.738   34.827   25.705
  45.126   35.973   25.721
  44.361   35.500   24.720
   6.780   20.054   36.000
   7.720   20.585   35.190
   9.022   20.038   35.093
   9.996   20.588   34.252
   9.704   21.705   33.478
   5.840   19.523   36.811
   4.538   20.070   36.908
  10.172   21.054   32.596
  10.722   22.126   33.934
   9.472   22.641   32.823
   3.521   19.649   36.452
   4.070   20.720   37.790
   4.445   19.484   37.416
  18.841   35.133    5.041
  20.131   35.479    4.845
  21.179   34.531    4.908
  22.517   34.890    4.704
  22.854   36.210    4.430
  17.551   34.787    5.238
  16.502   35.734    5.174
  23.474   35.728    3.534
  23.657   36.048    5.295
  23.150   37.313    4.199
  15.699   35.896    4.309
  15.881   36.216    6.071
  16.067   35.106    5.334
  27.647   20.490   38.353
  26.888   19.380   38.475
  27.457   18.105   38.708
  26.671   16.954   38.834
  25.288   17.036   38.732
  28.405   21.600   38.230
  27.836   22.875   37.997
  25.306   16.405   39.743
  25.420   16.132   37.968
  24.126   17.091   38.649
  27.704   23.779   38.762
  27.818   23.506   36.987
  28.586   23.094   38.012
  28.449   14.291   29.024
  29.497   14.217   28.176
  29.488   14.859   26.915
  30.575   14.782   26.035
  31.709   14.060   26.386
  27.402   14.366   29.872
  27.411   13.724   31.133
  32.283   15.050   26.053
  31.574   13.573   25.306
  32.667   13.458   26.667
  27.546   14.210   32.213
  26.837   12.734   31.466
  26.699   14.041   31.181
  26.992   19.039    3.813
  27.489   17.948    3.192
  28.840   17.871    2.778
  29.356   16.740    2.134
  28.539   15.645    1.881
  26.495   20.130    4.434
  25.144   20.207    4.848
  29.432   15.029    2.374
  28.983   15.733    0.779
  27.864   14.720    1.662
  24.700   20.119    5.950
  24.251   20.823    4.355
  25.371   20.912    5.095
  40.183   46.123    5.529
  41.091   47.068    5.205
  41.412   47.371    3.860
  42.354   48.351    3.525
  43.009   49.063    4.522
  39.275   45.178    5.853
  38.954   44.876    7.197
  42.684   50.011    3.876
  43.987   48.770    3.908
  43.565   49.669    5.348
  37.975   45.170    7.811
  39.278   43.928    7.843
  38.474   44.363    6.856
  19.859    5.416   34.954
  20.438    4.521   35.782
  21.664    4.788   36.436
  22.265    3.859   37.294
  21.661    2.630   37.529
  19.279    6.311   34.126
  18.053    6.044   33.472
  21.847    2.904   38.674
  22.744    2.198   37.282
  21.165    1.595   37.735
  16.971    6.477   33.720
  17.867    5.770   32.328
  18.172    6.761   33.185
  36.791    3.622   26.661
  37.675    3.236   27.605
  37.749    1.898   28.061
  38.666    1.498   29.041
  39.541    2.421   29.599
  35.906    4.008   25.716
  35.832    5.345   25.260
  40.364    1.596   29.349
  39.157    1.967   30.631
  40.282    3.185   30.076
  36.217    5.800   24.228
  35.009    6.170   25.510
  35.266    5.049   24.812
   5.224    5.642   42.074
   4.280    4.981   41.372
   2.898    5.179   41.602
   1.918    4.493   40.873
   2.286    3.585   39.888
   6.168    6.304   42.777
   7.550    6.106   42.547
   1.502    4.187   39.223
   1.517    2.867   40.446
   2.581    2.820   39.059
   8.320    6.824   41.989
   8.335    5.504   43.212
   7.613    6.635   43.117
  28.333   43.562   38.174
  28.789   43.692   39.438
  27.914   43.797   40.545
  28.387   43.932   41.855
  29.753   43.966   42.106
  27.876   43.432   36.910
  28.752   43.327   35.804
  29.491   43.142   42.926
  29.479   44.933   42.747
  30.897   43.997   42.331
  29.026   42.360   35.163
  29.014   44.151   34.984
  28.079   43.283   35.411
  46.213   19.340   22.343
  45.578   18.571   21.432
  46.157   17.387   20.916
  45.499   16.590   19.972
  44.239   16.948   19.510
  46.847   20.108   23.253
  46.269   21.292   23.769
  43.966   15.817   19.765
  44.724   16.766   18.436
  43.181   17.237   19.113
  45.784   21.475   24.842
  46.541   22.424   23.513
  46.938   21.319   24.169
   5.275   45.688   12.754
   6.519   46.208   12.687
   6.786   47.432   12.030
   8.077   47.971   11.961
   9.146   47.305   12.547
   4.031   45.168   12.820
   3.764   43.943   13.477
   9.378   48.370   13.028
   9.667   47.482   11.490
  10.052   46.756   13.034
   3.244   43.767   14.534
   3.533   42.878   12.996
   3.035   44.102   13.248
  11.917   16.862   20.861
  12.386   16.081   21.858
  12.390   16.508   23.207
  12.877   15.698   24.240
  13.377   14.432   23.960
  11.447   17.643   19.865
  11.443   17.216   18.516
  12.657   14.094   24.848
  14.300   14.793   24.621
  13.799   13.368   23.740
  10.519   16.855   17.855
  12.163   17.554   17.629
  11.127   17.922   18.405
  15.692   42.434    2.708
  14.957   41.346    2.393
  15.422   40.363    1.487
  14.660   39.235    1.160
  13.406   39.049    1.728
  16.426   43.522    3.023
  15.961   44.504    3.929
  13.819   37.957    1.965
  13.068   38.859    0.601
  12.352   38.880    2.197
  16.299   44.694    5.056
  15.548   45.596    3.691
  16.652   44.830    3.764
   7.511   23.202    3.947
   7.010   24.029    4.889
   6.378   23.540    6.057
   5.858   24.398    7.034
   5.951   25.775    6.877
   8.013   22.375    3.005
   8.644   22.864    1.837
   6.374   25.743    7.991
   4.788   25.752    7.138
   6.022   26.933    6.758
   9.806   22.887    1.576
   8.221   22.896    0.723
   8.720   22.101    1.687
  12.871   21.416   36.577
  12.307   22.270   37.457
  13.076   22.996   38.397
  12.490   23.882   39.309
  11.114   24.073   39.314
  13.436   20.562   35.698
  12.667   19.835   34.758
  11.405   25.229   39.300
  11.223   23.887   40.486
   9.960   24.243   39.329
  12.558   20.022   33.586
  12.376   18.680   34.772
  13.369   19.560   34.555
  20.899   43.028   26.681
  22.011   42.662   26.008
  21.957   41.813   24.878
  23.110   41.433   24.180
  24.357   41.890   24.587
  19.788   43.394   27.354
  19.841   44.244   28.485
  24.484   42.176   23.437
  24.660   40.740   24.508
  25.410   42.265   24.918
  19.539   45.394   28.564
  19.714   43.958   29.634
  19.068   44.138   28.469
  43.985   13.618   19.689
  42.671   13.318   19.619
  41.695   14.294   19.305
  40.332   13.983   19.231
  39.896   12.686   19.469
  45.300   13.918   19.760
  46.276   12.942   20.074
  39.300   12.838   18.448
  39.119   13.219   20.198
  39.517   11.601   19.666
  47.053   12.409   19.345
  46.871   12.790   21.095
  46.757   13.551   19.991
  19.273   23.862   41.351
  19.526   24.920   42.150
  20.602   25.806   41.903
  20.864   26.904   42.731
  20.061   27.155   43.836
  19.020   22.803   40.553
  17.944   21.918   40.800
  20.024   28.262   43.395
  21.101   27.238   44.411
  19.394   27.378   44.766
  16.904   21.835   40.225
  17.980   20.811   41.241
  18.221   21.571   40.157
  31.430    5.661   43.525
  31.708    4.458   44.072
  30.772    3.765   44.875
  31.059    2.518   45.442
  32.294    1.919   45.225
  31.153    6.864   42.979
  32.089    7.557   42.176
  31.636    0.966   44.944
  32.289    1.782   46.409
  33.326    1.404   45.051
  32.094    7.693   40.992
  32.747    8.510   42.457
  31.512    8.081   42.141
  19.098   29.943   25.274
  18.185   28.950   25.312
  17.447   28.654   26.483
  16.500   27.624   26.522
  16.256   26.853   25.392
  20.012   30.936   25.237
  20.750   31.232   24.066
  15.115   27.096   25.631
  16.394   25.939   26.145
  16.042   26.198   24.451
  20.612   32.146   23.313
  21.891   30.989   23.827
  21.060   31.780   24.528
   1.469   11.638   34.091
   1.335   11.145   35.341
   2.453   10.888   36.170
   2.314   10.376   37.465
   1.052   10.104   37.979
   1.603   12.131   32.842
   0.485   12.389   32.013
   1.441   10.730   38.916
   1.538    9.054   38.265
  -0.001    9.872   38.423
  -0.000   13.439   31.727
   0.096   11.763   31.077
   1.041   12.615   31.514
  16.114   28.644   37.623
  14.866   28.383   38.066
  14.402   27.060   38.263
  13.107   26.789   38.723
  12.231   27.831   39.001
  17.362   28.905   37.179
  17.826   30.228   36.982
  12.069   27.247   40.027
  11.475   27.202   38.329
  11.485   28.695   39.239
  18.582   30.857   37.655
  17.989   30.812   35.956
  18.476   29.853   36.765
  38.383   46.010    2.753
  39.658   45.739    3.102
  40.093   44.425    3.396
  41.415   44.144    3.759
  42.351   45.168    3.841
  37.107   46.281    2.403
  36.673   47.595    2.109
  43.015   44.439    3.172
  42.592   44.687    4.904
  43.146   46.018    3.913
  36.431   48.077    1.046
  36.009   48.324    2.778
  35.992   47.230    1.995
   8.628   45.952   19.820
   9.524   46.899   19.468
  10.642   46.607   18.651
  11.570   47.589   18.286
  11.414   48.898   18.724
   7.733   45.005   20.172
   6.614   45.297   20.988
  11.584   49.166   17.576
  12.557   48.790   19.042
  11.295   50.000   19.086
   5.471   45.404   20.670
   6.445   45.029   22.137
   6.475   44.535   20.886
  27.500   25.057    8.899
  27.247   23.735    8.793
  25.959   23.196    9.024
  25.697   21.826    8.913
  26.714   20.944    8.567
  27.752   26.379    9.006
  29.040   26.917    8.775
  25.922   20.547    7.770
  26.325   20.330    9.511
  27.559   20.194    8.278
  29.429   27.532    7.831
  29.832   27.314    9.572
  28.674   27.586    8.944
  11.474   43.259   15.281
  11.646   44.597   15.224
  12.931   45.189   15.227
  13.109   46.576   15.167
  12.008   47.421   15.102
  11.302   41.921   15.339
  10.017   41.329   15.336
  12.601   47.911   14.192
  12.559   47.994   15.990
  11.093   48.142   15.047
   9.466   40.756   14.449
   9.424   40.839   16.246
  10.436   40.672   15.376
  36.360   46.152   19.182
  36.759   45.780   20.417
  37.771   44.811   20.618
  38.185   44.426   21.899
  37.602   44.996   23.024
  35.961   46.524   17.947
  34.950   47.493   17.746
  38.732   45.162   23.365
  37.485   43.864   23.377
  37.122   45.466   23.977
  35.067   48.625   17.393
  33.820   47.327   17.405
  35.101   47.340   16.995
  29.850   41.369   20.973
  28.735   42.113   21.131
  28.066   42.705   20.033
  26.910   43.476   20.197
  26.380   43.682   21.465
  30.966   40.625   20.815
  31.634   40.033   21.913
  25.358   43.349   20.950
  26.369   44.827   21.132
  25.924   43.864   22.523
  31.645   38.889   22.246
  32.656   40.367   22.428
  32.110   39.777   21.349
  16.620    9.028   20.020
  16.507    9.442   21.300
  17.103   10.641   21.756
  16.986   11.071   23.083
  16.268   10.316   24.002
  16.734    8.614   18.740
  16.138    7.414   18.284
  15.744   11.356   24.252
  17.240   10.451   24.677
  15.668    9.692   24.783
  15.165    7.279   17.608
  16.661    6.374   18.034
  16.463    7.635   17.609
  25.289    8.937   34.993
  25.831    8.568   33.813
  26.709    9.414   33.093
  27.271    9.031   31.870
  26.976    7.789   31.322
  24.746    9.306   36.172
  23.869    8.461   36.892
  28.159    7.704   31.205
  26.755    8.421   30.336
  26.736    6.749   30.850
  24.089    7.828   37.877
  22.686    8.546   37.008
  23.868    9.063   37.390
  29.087   21.960    2.868
  28.173   21.140    2.308
  28.511   19.849    1.838
  27.562   18.998    1.258
  26.242   19.409    1.126
  30.002   22.781    3.427
  29.663   24.072    3.897
  26.000   18.352    1.622
  26.375   19.040    0.001
  25.130   19.741    1.010
  29.530   24.441    5.022
  29.905   25.128    3.402
  30.423   24.088    4.080
  20.794   15.077   15.114
  20.728   16.368   15.503
  21.885   17.111   15.836
  21.816   18.450   16.239
  20.587   19.093   16.325
  20.861   13.786   14.725
  19.704   13.042   14.392
  21.133   19.940   15.689
  20.978   19.415   17.404
  19.563   19.645   16.402
  19.313   12.720   13.314
  19.158   12.195   15.028
  20.231   12.479   14.268
  10.430   19.981   18.745
  11.050   20.228   17.571
  11.836   21.386   17.367
  12.478   21.642   16.150
  12.357   20.749   15.093
   9.811   19.734   19.919
   9.025   18.575   20.123
  13.544   20.842   15.049
  12.089   21.726   14.467
  12.264   20.007   14.198
   9.293   17.597   20.749
   7.838   18.482   20.167
   8.934   18.891   20.831
  46.143   45.411   28.751
  45.551   46.611   28.925
  44.745   46.893   30.054
  44.130   48.138   30.234
  44.300   49.146   29.293
  46.736   44.210   28.577
  47.542   43.929   27.448
  44.563   49.812   30.245
  43.113   49.225   29.355
  44.434   50.000   28.511
  48.729   43.849   27.386
  47.279   43.262   26.496
  47.607   43.235   27.801
  18.252   36.011   11.996
  19.100   35.259   12.729
  18.844   33.895   13.007
  19.723   33.115   13.767
  20.890   33.670   14.277
  17.404   36.763   11.263
  17.660   38.127   10.985
  21.403   32.707   13.799
  20.525   33.177   15.298
  21.873   34.124   14.710
  18.025   38.620    9.964
  17.147   39.091   11.463
  16.980   38.067   10.605
  40.533   48.777   14.660
  41.611   48.978   15.448
  42.891   48.480   15.109
  44.009   48.688   15.926
  43.886   49.403   17.111
  39.455   48.576   13.872
  38.175   49.074   14.211
  44.829   50.001   16.696
  44.468   48.475   17.579
  43.797   50.000   18.108
  37.592   50.002   13.743
  37.232   48.475   14.625
  37.980   48.730   13.537
  22.121    3.012   34.441
  23.103    3.186   35.350
  24.361    2.551   35.227
  25.379    2.731   36.170
  25.176    3.554   37.271
  21.139    2.838   33.531
  19.880    3.474   33.654
  26.218    4.030   36.945
  25.600    2.622   37.882
  25.018    4.241   38.200
  19.456    4.405   33.044
  18.838    2.998   33.980
  19.741    3.091   32.988
  30.221    6.638   20.571
  31.283    7.105   19.881
  32.599    6.652   20.133
  33.701    7.136   19.417
  33.525    8.091   18.423
  29.159    6.171   21.261
  27.842    6.625   21.009
  34.191    7.348   17.772
  34.408    8.655   18.991
  33.392    8.893   17.587
  26.959    6.061   20.442
  27.176    7.368   21.660
  27.673    6.120   21.581
  20.353    8.799    8.046
  19.337    9.521    7.527
  18.673    9.134    6.339
  17.619    9.883    5.801
  17.193   11.045    6.432
  21.369    8.077    8.565
  22.034    8.464    9.753
  16.111   10.559    6.311
  17.287   11.516    5.341
  16.825   12.022    6.951
  21.939    7.993   10.843
  23.115    8.950    9.874
  22.443    7.815    9.609
   5.110    5.375    1.767
   6.358    4.931    1.505
   7.448    5.210    2.362
   8.742    4.750    2.091
   8.992    3.994    0.952
   3.862    5.819    2.029
   2.772    5.540    1.172
   9.541    3.263    1.716
   9.883    4.769    0.791
   9.215    3.359    0.000
   1.881    4.766    1.333
   2.222    6.272    0.408
   2.383    5.957    1.706
  36.006    4.097   15.143
  36.033    5.431   15.347
  34.848    6.192   15.483
  34.875    7.576   15.694
  36.088    8.248   15.777
  35.980    2.762   14.939
  37.165    2.001   14.803
  35.615    8.713   16.767
  35.586    8.985   14.988
  37.100    8.824   15.849
  37.668    1.263   15.592
  37.639    1.536   13.813
  36.654    1.416   14.722
  40.745    7.077   43.683
  40.193    8.266   44.004
  38.797    8.486   43.943
  38.225    9.720   44.276
  39.029   10.778   44.682
  41.297    5.887   43.362
  42.693    5.667   43.423
  38.250   10.855   45.580
  38.409   11.391   43.869
  39.692   11.674   45.024
  43.313    5.054   44.236
  43.472    5.590   42.524
  42.484    4.955   43.181
  11.803   24.795    2.413
  12.332   23.568    2.604
  13.718   23.373    2.813
  14.266   22.100    3.011
  13.448   20.977    3.008
  11.274   26.023    2.222
   9.889   26.218    2.013
  14.017   20.720    4.024
  14.260   20.548    2.248
  12.773   20.026    3.008
   9.077   26.647    2.773
   9.320   26.475    0.998
  10.109   26.966    1.971
  29.700    8.010   39.948
  29.940    9.308   40.231
  29.995    9.789   41.560
  30.244   11.135   41.853
  30.446   12.049   40.827
  29.461    6.712   39.666
  29.405    6.231   38.336
  31.404   12.357   41.465
  29.636   12.694   41.417
  30.618   12.826   39.975
  30.215    5.586   37.746
  28.448    5.923   37.697
  29.266    5.554   38.699
  28.413    4.507   32.212
  28.837    5.740   32.562
  27.970    6.692   33.151
  28.410    7.971   33.514
  29.731    8.343   33.302
  27.989    3.274   31.861
  28.856    2.323   31.273
  29.678    8.695   34.439
  29.243    9.309   32.804
  30.837    8.669   33.130
  29.344    1.356   31.771
  28.909    1.971   30.136
  28.208    1.886   31.281
  21.042   30.801   43.850
  20.387   31.981   43.865
  18.974   32.054   43.905
  18.295   33.278   43.921
  19.003   34.472   43.898
  21.698   29.621   43.834
  23.110   29.548   43.795
  18.300   34.756   44.817
  18.250   34.752   43.018
  19.586   35.482   43.879
  23.864   29.268   44.675
  23.813   29.264   42.875
  22.965   28.780   43.801
   7.956   17.829   31.829
   7.180   17.221   30.907
   6.162   17.914   30.209
   5.357   17.283   29.253
   5.541   15.938   28.960
   8.733   18.438   32.751
   9.751   17.745   33.448
   5.542   16.317   27.831
   4.361   15.875   29.116
   5.686   14.809   28.705
  10.931   17.808   33.292
   9.751   17.365   34.577
   9.851   18.445   33.780
  36.546   44.013    5.856
  37.468   43.284    5.192
  37.317   41.893    4.983
  38.273   41.137    4.295
  39.416   41.746    3.791
  35.623   44.741    6.520
  35.775   46.133    6.729
  39.121   41.174    2.788
  39.978   40.848    4.337
  40.380   42.244    3.363
  35.214   47.031    6.183
  36.070   46.705    7.732
  35.088   46.046    7.090
  33.718   17.623   18.730
  32.641   17.653   19.543
  32.635   17.009   20.803
  31.518   17.040   21.647
  30.368   17.716   21.260
  34.795   17.593   17.916
  34.802   18.237   16.656
  30.447   18.205   22.344
  29.824   16.703   21.573
  29.396   18.280   20.948
  35.346   19.250   16.344
  34.722   17.748   15.573
  35.527   17.949   16.632
  21.720   21.082   42.090
  20.489   21.217   42.629
  19.612   20.117   42.781
  18.336   20.258   43.340
  17.892   21.503   43.766
  22.950   20.947   41.552
  23.827   22.047   41.399
  17.605   20.915   44.762
  16.924   21.232   43.126
  17.506   22.543   44.128
  24.796   22.318   42.039
  24.114   22.634   40.403
  24.294   21.497   41.099
  28.582    4.814   14.412
  29.889    4.649   14.706
  30.762    5.749   14.883
  32.118    5.578   15.188
  32.649    4.302   15.327
  27.275    4.979   14.118
  26.401    3.879   13.941
  33.095    4.739   16.342
  33.487    4.710   14.585
  33.107    3.236   15.447
  25.563    3.471   14.683
  25.955    3.442   12.927
  25.882    4.449   13.816
  22.919    9.395    7.729
  21.938   10.318    7.827
  22.200   11.705    7.723
  21.183   12.661    7.824
  19.868   12.265    8.033
  23.900    8.473    7.631
  23.638    7.086    7.735
  19.640   12.997    7.121
  19.897   13.082    8.901
  18.760   11.947    8.209
  23.609    6.269    6.867
  23.866    6.354    8.647
  24.410    7.040    7.625
  24.143   17.525   22.161
  23.780   18.710   21.627
  24.655   19.822   21.605
  24.279   21.052   21.051
  23.015   21.213   20.499
  24.506   16.339   22.695
  23.631   15.227   22.717
  23.618   21.665   19.575
  22.987   22.193   21.176
  21.956   21.362   20.032
  23.659   14.247   22.040
  23.028   14.776   23.641
  24.240   14.889   23.069
  48.120   37.223   37.076
  47.032   36.763   37.730
  47.046   36.505   39.121
  45.918   36.028   39.799
  44.735   35.792   39.110
  49.207   37.684   36.422
  49.193   37.942   35.031
  44.248   36.432   39.988
  44.771   34.740   39.669
  43.736   35.590   38.543
  49.157   38.994   34.472
  49.680   37.302   34.152
  49.934   38.145   35.169
  17.017   31.786   42.930
  17.827   31.969   41.866
  18.021   33.243   41.282
  18.861   33.433   40.178
  19.538   32.356   39.620
  16.207   31.602   43.994
  16.013   30.328   44.579
  20.485   33.074   39.703
  19.097   32.777   38.596
  20.111   31.461   39.141
  16.453   29.907   45.603
  15.066   29.610   44.495
  15.546   30.735   45.055
  26.562   13.576   18.599
  25.316   13.157   18.903
  24.188   14.002   18.775
  22.895   13.567   19.091
  22.684   12.272   19.546
  27.809   13.995   18.294
  28.936   13.150   18.423
  21.835   12.255   18.710
  22.062   12.815   20.406
  22.492   11.187   19.930
  29.559   12.607   17.564
  29.785   13.167   19.259
  29.309   13.785   18.163
  43.187   42.097    7.125
  43.092   42.209    8.467
  41.844   42.181    9.135
  41.745   42.297   10.527
  42.890   42.444   11.300
  43.283   41.985    5.783
  44.530   42.013    5.116
  42.411   41.562   11.943
  42.288   43.351   11.786
  43.842   42.568   11.962
  45.132   41.106    4.630
  45.009   42.895    4.473
  44.075   41.926    4.487
  32.136   27.402   22.624
  31.367   26.306   22.451
  31.922   25.041   22.145
  31.125   23.904   21.966
  29.744   23.992   22.087
  32.905   28.498   22.797
  32.350   29.763   23.103
  29.876   23.047   22.801
  29.746   23.415   21.044
  28.583   24.051   22.186
  32.347   30.339   24.146
  32.217   30.707   22.389
  33.101   29.976   23.092
  30.929   20.640   35.041
  31.720   20.231   36.057
  32.374   21.147   36.914
  33.194   20.722   37.967
  33.388   19.367   38.200
  30.139   21.050   34.026
  29.485   20.134   33.169
  33.117   19.654   39.324
  34.540   19.668   38.222
  33.560   18.232   38.406
  28.332   19.832   33.147
  29.755   19.847   32.045
  29.223   20.792   32.840
  10.252   46.851   32.606
   9.354   47.483   33.391
   9.748   48.253   34.511
   8.817   48.908   35.326
   7.458   48.817   35.050
  11.149   46.219   31.820
  10.755   45.448   30.701
   7.488   50.003   35.161
   7.374   48.542   36.206
   6.315   48.748   34.829
  10.839   45.724   29.544
  10.725   44.262   30.589
  11.526   45.342   30.636
  34.610   45.981   30.320
  35.772   46.667   30.271
  35.808   48.068   30.069
  37.013   48.779   30.019
  38.224   48.116   30.169
  33.449   45.295   30.368
  33.413   43.895   30.570
  38.447   48.975   30.964
  38.526   48.716   29.185
  39.248   47.572   30.293
  33.111   43.295   31.554
  33.189   43.036   29.775
  32.642   44.015   30.519
  31.242   39.923   26.799
  32.510   39.463   26.854
  33.622   40.335   26.925
  34.937   39.858   26.981
  35.187   38.491   26.970
  29.974   40.383   26.744
  28.862   39.511   26.674
  35.876   38.741   27.910
  35.965   38.772   26.112
  35.411   37.346   26.961
  28.084   39.230   27.532
  28.173   39.262   25.734
  28.469   40.186   26.666
  46.707   43.788   37.662
  47.471   44.894   37.794
  48.856   44.888   37.504
  49.648   46.034   37.641
  49.083   47.228   38.072
  45.944   42.683   37.530
  44.559   42.689   37.820
  49.645   47.685   37.126
  50.000   47.236   38.833
  48.621   48.236   38.433
  43.642   42.681   37.059
  43.996   42.232   38.765
  44.620   41.939   37.610
  23.834    2.537   41.896
  23.913    3.841   41.552
  24.509    4.262   40.340
  24.591    5.613   39.983
  24.079    6.592   40.826
  23.755    1.234   42.240
  23.159    0.813   43.452
  23.547    6.984   39.835
  25.142    7.105   40.661
  23.654    7.423   41.525
  22.097    0.300   43.617
  23.691    0.421   44.443
  23.354    0.108   43.179
  19.338   23.365    4.968
  18.580   22.572    5.755
  19.131   21.842    6.835
  18.345   21.019    7.652
  16.982   20.897    7.417
  20.095   24.158    4.181
  19.545   24.888    3.101
  16.893   21.119    8.585
  17.206   19.729    7.485
  15.836   20.786    7.232
  19.320   26.056    3.033
  19.633   24.666    1.933
  20.286   25.120    3.019
  13.985    3.281   34.382
  12.763    3.758   34.061
  11.790    2.956   33.419
  10.523    3.451   33.087
  10.184    4.765   33.385
  15.206    2.803   34.702
  16.180    3.605   35.344
   9.206    4.270   33.851
   9.832    4.796   32.247
   9.887    5.866   33.630
  16.533    3.574   36.482
  17.159    4.100   34.878
  16.600    2.948   35.293
  24.338    6.763   24.265
  23.165    6.222   24.659
  23.027    4.837   24.916
  21.812    4.276   25.324
  20.690    5.079   25.491
  25.510    7.304   23.871
  25.648    8.689   23.614
  20.609    4.524   26.542
  20.157    4.249   24.821
  19.742    5.742   25.634
  26.181    9.518   24.283
  25.729    9.244   22.562
  26.383    8.478   23.455
  14.397   17.498   15.795
  15.472   17.680   16.591
  16.642   18.332   16.135
  17.756   18.520   16.961
  17.741   18.063   18.273
  13.322   17.317   14.998
  12.152   16.665   15.454
  18.123   19.163   18.524
  18.792   17.583   17.980
  17.741   17.683   19.375
  11.101   17.144   15.746
  11.771   15.564   15.203
  11.913   16.814   14.726
  39.154   37.483   15.997
  38.265   38.324   15.426
  36.998   37.883   14.976
  36.077   38.755   14.384
  36.389   40.099   14.221
  40.043   36.642   16.567
  41.310   37.083   17.018
  35.322   40.273   14.721
  36.022   39.914   13.102
  36.638   41.229   14.078
  41.677   37.267   18.136
  42.377   36.909   16.518
  41.383   36.331   17.216
   0.775   40.408   13.019
   1.052   39.494   13.973
   0.032   38.849   14.712
   0.318   37.901   15.701
   1.636   37.564   15.987
   0.499   41.323   12.065
   1.519   41.967   11.326
   1.236   36.446   15.881
   1.303   37.755   17.115
   2.737   37.272   16.237
   1.851   41.777   10.198
   1.919   43.085   11.432
   0.907   42.317   10.989
  30.418   40.538   48.827
  29.119   40.905   48.864
  28.570   41.609   49.962
  27.223   41.989   50.000
  26.378   41.679   48.942
  31.717   40.172   48.790
  32.266   39.468   47.692
  26.081   42.831   49.012
  25.663   41.270   49.803
  25.657   41.426   48.061
  32.981   39.878   46.831
  32.563   38.316   47.623
  32.915   39.513   48.125
  16.842   16.442   27.231
  15.754   16.343   28.024
  15.056   15.124   28.191
  13.927   15.021   29.013
  13.456   16.135   29.697
  17.930   16.541   26.438
  18.628   17.761   26.271
  13.462   15.399   30.635
  12.406   15.812   29.236
  13.050   17.061   30.277
  19.679   18.084   26.732
  18.623   18.497   25.334
  19.073   17.320   25.805
  34.783    4.773   49.711
  34.993    6.093   49.523
  34.094    7.073   50.008
  34.312    8.442   49.813
  35.437    8.880   49.126
  34.573    3.453   49.899
  35.471    2.474   49.414
  35.566    9.607   50.061
  34.649    9.532   48.514
  36.377    9.262   48.550
  36.259    1.822   50.025
  35.343    1.747   48.478
  34.955    1.989   49.743
  11.369   45.919    7.317
  10.335   45.171    6.878
  10.526   43.896    6.294
   9.454   43.120    5.839
   8.152   43.590    5.951
  12.403   46.668    7.756
  12.212   47.943    8.339
   7.943   42.518    6.427
   8.079   43.282    4.803
   7.054   43.974    6.039
  12.284   48.251    9.488
  12.421   49.015    7.864
  12.991   47.917    8.393
  39.382   21.124   10.417
  38.253   21.794   10.105
  37.132   21.147    9.532
  35.960   21.842    9.208
  35.868   23.208    9.446
  40.512   20.454   10.729
  41.633   21.100   11.302
  34.835   22.916    9.963
  35.485   23.246    8.318
  35.777   24.354    9.640
  42.016   21.062   12.430
  42.666   21.392   10.784
  41.930   20.378   11.274
  11.144    3.890   13.665
  11.655    5.137   13.751
  10.831    6.275   13.916
  11.361    7.568   14.005
  12.734    7.768   13.932
  10.633    2.643   13.579
  11.458    1.505   13.414
  12.559    8.422   14.913
  12.439    8.595   13.126
  13.884    7.951   13.873
  11.752    0.679   14.221
  11.632    0.851   12.433
  10.769    1.137   13.424
  46.654   40.743    6.177
  46.154   39.498    6.028
  45.816   38.973    4.758
  45.297   37.682    4.603
  45.098   36.870    5.712
  47.154   41.988    6.326
  47.493   42.513    7.596
  45.686   36.061    5.064
  44.016   36.711    5.240
  44.927   36.178    6.635
  48.575   42.673    8.069
  46.905   43.322    8.245
  47.690   43.136    7.168
  14.254    8.296   28.985
  12.967    7.924   29.156
  12.349    7.924   30.429
  11.015    7.539   30.607
  10.251    7.139   29.518
  15.540    8.668   28.814
  16.158    8.668   27.541
   9.457    7.911   29.957
   9.983    6.209   30.212
   9.599    6.802   28.612
  16.426    9.598   26.846
  16.952    7.895   27.102
  16.770    8.919   27.956
  35.223   26.652   29.791
  36.272   27.295   30.346
  36.986   28.302   29.655
  38.074   28.969   30.230
  38.488   28.652   31.518
  34.173   26.010   29.236
  33.460   25.002   29.927
  38.451   29.831   31.681
  39.566   28.585   31.016
  38.845   28.395   32.598
  32.381   25.069   30.430
  33.496   23.823   29.765
  33.048   24.988   29.264
  33.205    9.290   23.691
  31.864    9.143   23.668
  30.989   10.253   23.597
  29.597   10.101   23.573
  29.031    8.834   23.620
  34.547    9.437   23.714
  35.422    8.327   23.786
  28.401    9.223   22.687
  28.361    9.307   24.484
  28.542    7.775   23.659
  36.092    7.853   22.922
  36.052    7.938   24.719
  35.965    8.888   23.771
  19.636   44.147    7.021
  19.388   42.820    7.035
  19.885   41.975    8.055
  19.627   40.599    8.070
  18.864   40.019    7.065
  19.885   45.474    7.006
  19.388   46.319    5.986
  18.272   39.529    7.975
  19.764   39.240    7.010
  18.225   39.519    6.227
  18.488   47.098    6.040
  19.980   46.809    5.075
  19.763   46.864    6.402
  41.644    6.306   20.186
  41.691    7.202   21.195
  41.544    6.817   22.548
  41.594    7.747   23.594
  41.793    9.095   23.323
  41.596    5.409   19.178
  41.743    5.794   17.825
  42.631    9.007   24.165
  40.851    9.244   24.038
  41.959   10.229   23.110
  42.684    5.645   17.109
  40.905    5.882   16.983
  41.649    5.028   17.707
  40.302   35.371   40.676
  40.065   36.674   40.941
  40.052   37.656   39.923
  39.806   39.007   40.198
  39.564   39.423   41.502
  40.540   34.069   40.411
  40.553   33.087   41.429
  38.626   39.973   41.013
  40.389   40.246   41.254
  39.359   39.785   42.591
  39.727   32.264   41.676
  41.490   32.536   41.917
  40.708   32.616   40.825
  39.902   38.294   10.553
  40.363   37.768    9.398
  39.735   38.022    8.156
  40.213   37.476    6.958
  41.335   36.658    6.960
  39.442   38.819   11.708
  40.069   38.566   12.951
  41.697   37.373    6.078
  40.646   35.931    6.315
  42.277   35.970    6.948
  40.759   39.293   13.596
  39.707   37.851   13.833
  39.496   39.027   13.214
  44.127   25.790   18.299
  44.111   24.441   18.274
  42.902   23.706   18.241
  42.884   22.306   18.215
  44.075   21.591   18.222
  44.144   27.140   18.324
  45.353   27.875   18.357
  43.583   21.014   17.303
  43.553   20.981   19.102
  45.068   20.979   18.227
  45.875   28.484   17.476
  45.846   28.452   19.275
  44.861   28.481   18.360
   7.651   11.192   30.113
   6.311   11.054   30.205
   5.454   12.165   30.392
   4.065   12.022   30.488
   3.483   10.763   30.400
   8.991   11.330   30.021
   9.848   10.220   29.834
   2.769   11.292   29.606
   2.912   11.101   31.390
   2.981    9.713   30.328
  10.419    9.882   28.844
  10.562    9.691   30.628
  10.396   10.776   29.849
  18.952   22.250   29.934
  18.554   21.396   30.900
  18.540   19.994   30.704
  18.127   19.109   31.707
  17.712   19.593   32.941
  19.351   23.103   28.967
  19.365   24.505   29.163
  18.467   18.776   33.369
  16.776   18.878   32.761
  17.362   19.986   33.982
  20.301   25.220   29.343
  18.610   25.321   28.735
  19.628   24.498   28.428
  21.368   41.717   11.979
  21.259   40.525   11.356
  20.517   40.369   10.161
  20.403   39.132    9.514
  21.028   38.008   10.039
  21.478   42.910   12.603
  22.220   43.066   13.797
  21.432   37.873    8.926
  19.958   37.504    9.891
  21.547   37.056   10.469
  23.290   43.569   13.946
  21.816   43.200   14.910
  21.985   43.807   13.721
  34.558   10.978   46.620
  35.777   10.420   46.780
  36.049    9.089   46.383
  37.313    8.510   46.548
  38.349    9.240   47.116
  33.339   11.537   46.461
  33.067   12.868   46.858
  38.963    8.860   46.168
  38.482    8.274   47.801
  39.228    9.842   47.591
  32.934   13.834   46.173
  32.453   13.249   47.805
  32.357   12.691   46.585
  23.052   14.061   11.881
  21.968   14.807   12.185
  20.739   14.222   12.572
  19.615   14.995   12.887
  19.680   16.382   12.826
  24.135   13.316   11.577
  25.364   13.901   11.190
  19.197   16.322   13.914
  18.678   16.271   12.191
  19.721   17.546   12.779
  26.366   14.012   11.826
  25.847   13.961   10.103
  25.584   13.153   11.146
  18.455   43.886   21.629
  17.106   43.916   21.572
  16.413   44.728   20.644
  15.014   44.759   20.585
  14.260   43.979   21.452
  19.803   43.856   21.686
  20.497   43.044   22.614
  13.694   43.650   20.456
  13.673   44.997   21.651
  13.614   43.329   22.174
  21.084   42.026   22.416
  21.063   43.373   23.610
  21.120   43.362   22.266
  17.072   44.074   36.455
  16.962   45.381   36.136
  17.802   46.366   36.707
  17.688   47.721   36.376
  16.729   48.140   35.461
  17.183   42.767   36.775
  16.343   41.782   36.203
  17.646   48.715   34.961
  16.466   48.943   36.301
  15.930   48.505   34.695
  16.606   40.979   35.363
  15.426   41.207   36.703
  16.767   41.309   36.657
  18.725   40.992   46.863
  19.851   40.880   47.599
  20.787   39.841   47.383
  21.955   39.724   48.146
  22.228   40.642   49.152
  17.599   41.105   46.126
  16.663   42.144   46.342
  23.297   40.703   48.628
  22.420   39.667   49.811
  22.470   41.406   50.000
  16.471   43.119   45.684
  15.595   42.083   46.867
  16.292   41.787   45.755
  26.529   28.492   21.239
  26.984   28.646   19.978
  26.964   29.899   19.320
  27.436   30.058   18.012
  27.945   28.970   17.314
  26.074   28.339   22.501
  26.095   27.086   23.158
  28.856   29.706   17.090
  27.212   29.344   16.453
  28.376   28.066   16.717
  26.828   26.712   24.020
  25.184   26.350   23.382
  25.778   27.504   23.737
  14.292   14.227   46.146
  14.874   13.460   47.092
  16.267   13.501   47.338
  16.871   12.706   48.320
  16.103   11.842   49.090
  13.710   14.994   45.199
  12.317   14.953   44.953
  16.681   12.348   50.001
  16.934   11.043   48.788
  15.471   11.112   49.744
  11.486   15.751   45.256
  11.739   14.446   44.043
  12.503   15.488   44.416
  25.249   39.577   39.873
  25.506   38.288   40.181
  24.566   37.258   39.941
  24.832   35.921   40.261
  26.047   35.566   40.833
  24.993   40.866   39.564
  25.933   41.896   39.805
  26.059   34.736   39.979
  25.361   34.990   41.618
  27.063   35.255   41.314
  26.619   42.473   39.020
  25.921   42.726   40.659
  25.368   42.338   39.496
  46.433   45.137    5.439
  45.201   45.012    5.977
  44.694   45.945    6.913
  43.417   45.816    7.471
  42.601   44.749    7.114
  47.665   45.261    4.901
  48.172   44.328    3.965
  41.784   45.600    6.945
  42.471   44.623    8.291
  41.906   43.859    6.823
  48.302   44.454    2.787
  48.990   43.478    4.134
  48.794   44.801    3.991
  47.778   33.026   25.696
  47.223   33.435   26.857
  46.857   32.523   27.875
  46.281   32.947   29.079
  46.052   34.298   29.307
  48.333   32.617   24.535
  48.699   33.529   23.517
  46.600   34.083   30.343
  44.962   33.928   29.615
  45.853   35.429   29.512
  49.789   33.899   23.210
  48.150   33.744   22.481
  48.921   32.872   23.157
   7.465   48.092    6.886
   6.855   48.179    5.685
   6.386   49.410    5.169
   5.753   49.500    3.923
   5.567   48.361    3.149
   8.075   48.006    8.088
   8.543   46.774    8.604
   6.039   49.031    2.284
   4.445   48.755    3.073
   5.405   47.414    2.489
   9.666   46.381    8.680
   8.072   46.105    9.469
   8.760   47.229    9.201
  37.527   22.300   23.235
  37.127   21.109   22.742
  35.798   20.885   22.310
  35.382   19.650   21.799
  36.281   18.594   21.701
  37.928   23.491   23.728
  39.257   23.715   24.160
  35.867   18.515   20.587
  35.417   17.979   22.246
  37.024   17.700   21.614
  40.120   24.330   23.616
  39.671   23.795   25.275
  38.974   24.427   24.314
  28.529   10.254   30.327
  27.424   11.021   30.217
  26.133   10.524   30.515
  24.987   11.319   30.401
  25.090   12.640   29.983
  29.635    9.487   30.437
  30.926    9.985   30.139
  24.413   12.859   30.940
  24.220   12.333   29.229
  25.162   13.750   29.634
  31.796   10.292   30.893
  31.602    9.766   29.182
  31.135    9.259   30.338
  43.983   44.330   15.743
  45.227   43.861   15.510
  45.714   43.646   14.199
  47.004   43.160   13.957
  47.854   42.872   15.017
  42.738   44.799   15.977
  42.252   45.014   17.288
  48.635   43.526   14.399
  48.008   41.839   14.443
  48.578   42.626   15.898
  42.097   46.047   17.862
  41.470   44.360   17.906
  41.613   45.241   16.899
   2.291   41.784   14.526
   3.560   41.325   14.553
   3.857   39.942   14.607
   5.173   39.466   14.635
   6.240   40.355   14.610
   1.022   42.243   14.499
   0.725   43.625   14.445
   6.640   39.648   13.739
   6.627   39.715   15.538
   7.144   41.091   14.589
   0.338   44.265   13.517
   0.325   44.333   15.316
  -0.009   43.360   14.449
  31.649   19.029    6.331
  31.513   17.762    5.884
  32.602   16.859    5.848
  32.462   15.545    5.385
  31.227   15.087    4.943
  31.784   20.296    6.777
  30.695   21.199    6.813
  31.454   14.169    5.667
  31.850   14.714    3.998
  30.196   14.690    4.568
  30.072   21.572    7.758
  30.468   22.117    6.089
  31.241   21.679    7.100
  43.944   14.410   32.495
  42.653   14.017   32.548
  42.285   12.650   32.551
  40.947   12.242   32.606
  39.929   13.186   32.661
  45.234   14.803   32.441
  45.602   16.170   32.439
  39.541   12.524   33.573
  39.461   12.543   31.775
  39.065   13.968   32.708
  46.071   16.813   33.326
  45.990   16.832   31.528
  46.321   15.866   32.404
  16.485   14.141   17.525
  16.213   13.921   18.829
  16.356   12.644   19.421
  16.073   12.416   20.773
  15.638   13.459   21.582
  16.757   14.360   16.221
  16.615   15.638   15.630
  16.493   13.072   22.317
  14.786   12.687   21.896
  15.273   14.324   22.273
  17.467   16.409   15.317
  15.760   16.024   14.895
  16.858   15.254   14.995
  30.614   45.370   20.202
  31.360   45.192   21.313
  31.305   46.091   22.405
  32.078   45.907   23.557
  32.934   44.817   23.659
  29.869   45.547   19.090
  29.924   44.649   17.999
  32.407   44.668   24.718
  33.732   45.640   23.984
  33.656   43.907   23.758
  29.126   43.826   17.674
  30.451   44.798   16.940
  29.397   45.143   17.702
  18.956   16.052   34.603
  20.114   15.537   35.068
  21.076   14.957   34.207
  22.277   14.424   34.689
  22.559   14.450   36.049
  17.798   16.566   34.138
  16.835   17.146   34.998
  23.602   14.901   35.692
  22.811   13.297   35.887
  22.808   14.466   37.189
  16.584   18.299   35.160
  15.792   16.694   35.355
  16.453   17.252   34.325
   1.469   39.126   26.739
   1.335   40.467   26.670
   2.453   41.334   26.689
   2.314   42.726   26.618
   1.053   43.299   26.525
   1.602   37.784   26.807
   0.484   36.917   26.788
   1.538   43.905   25.620
   1.442   43.988   27.416
  -0.001   43.794   26.446
   0.095   36.229   25.897
  -0.001   36.311   27.692
   1.041   36.371   26.843
  14.850   41.812   10.654
  15.767   42.588   11.268
  16.680   43.389   10.542
  17.632   44.194   11.179
  17.704   44.227   12.566
  13.932   41.036   10.039
  13.020   40.235   10.765
  17.693   45.408   12.409
  18.867   44.044   12.380
  17.776   44.264   13.730
  11.857   40.418   10.952
  13.031   39.053   10.923
  12.780   40.044   10.047
  38.826   29.750    2.570
  37.802   28.907    2.821
  36.465   29.360    2.922
  35.403   28.485    3.182
  35.640   27.127    3.350
  39.849   30.594    2.319
  41.186   30.141    2.218
  34.754   27.007    2.562
  34.975   27.264    4.330
  35.825   25.984    3.494
  41.851   30.003    1.239
  42.072   30.261    3.007
  41.321   30.900    2.091
   0.980   24.349   24.126
   1.332   25.629   23.881
   1.146   26.230   22.613
   1.512   27.557   22.360
   2.077   28.332   23.365
   0.627   23.069   24.370
   0.813   22.469   25.638
   1.254   29.128   23.035
   2.894   28.581   22.535
   2.552   28.993   24.200
  -0.004   22.220   26.468
   1.636   21.673   25.968
   0.497   21.854   25.275
  21.833   28.038   15.005
  21.481   27.011   14.203
  22.425   26.063   13.740
  22.061   24.998   12.909
  20.739   24.842   12.510
  22.185   29.066   15.807
  21.241   30.013   16.269
  20.899   23.717   12.870
  21.216   24.739   11.423
  19.633   24.699   12.167
  20.764   30.116   17.356
  21.080   31.138   15.909
  21.872   30.313   16.618
   1.200    9.887   15.045
   1.026   10.516   16.226
   1.457   11.848   16.437
   1.277   12.500   17.663
   0.660   11.845   18.721
   1.373    9.258   13.863
   0.942    7.926   13.652
   0.002   12.837   18.782
   1.603   12.231   19.339
   0.144   11.306   19.618
  -0.000    7.540   13.034
   1.600    6.935   13.591
   1.239    8.056   12.941
  26.479   12.604   25.972
  26.878   11.325   26.145
  25.954   10.271   26.338
  26.368    8.946   26.517
  27.721    8.627   26.509
  26.080   13.882   25.799
  27.003   14.936   25.606
  27.385    7.784   25.737
  27.457    8.047   27.516
  28.852    8.347   26.505
  27.267   15.516   24.599
  27.339   15.779   26.379
  26.349   15.361   25.570
  16.259   36.105   17.340
  15.980   34.838   17.715
  16.982   33.841   17.790
  16.693   32.527   18.179
  15.393   32.164   18.506
  16.537   37.372   16.965
  15.535   38.369   16.890
  15.906   31.699   19.476
  15.596   31.259   17.758
  14.306   31.845   18.783
  15.332   39.274   17.638
  15.023   38.834   15.920
  16.141   38.809   16.668
  18.055   37.514   42.849
  16.772   37.322   43.223
  16.430   36.572   44.373
  15.099   36.373   44.760
  14.063   36.917   44.011
  19.338   37.707   42.476
  19.680   38.457   41.326
  13.681   37.312   45.068
  13.615   35.815   44.071
  13.184   37.368   43.392
  20.129   39.559   41.266
  20.063   38.062   40.269
  20.405   38.274   41.553
  12.371    6.421   39.973
  12.449    5.669   41.091
  13.151    4.440   41.121
  13.232    3.660   42.280
  12.615    4.081   43.452
  12.292    7.173   38.855
  11.591    8.402   38.825
  13.675    3.843   43.942
  12.173    2.974   43.463
  12.102    4.422   44.442
  12.033    9.509   38.814
  10.531    8.640   38.335
  11.830    8.399   38.082
  16.186   13.273   27.818
  17.051   14.202   28.279
  18.453   14.021   28.208
  19.350   14.983   28.685
  18.878   16.161   29.250
  15.320   12.345   27.358
  13.919   12.526   27.429
  19.656   16.676   28.509
  19.637   15.891   30.129
  18.495   17.154   29.727
  13.160   12.796   26.551
  13.141   12.011   28.171
  13.918   11.823   27.089
   4.384   41.344   32.883
   5.297   41.731   31.966
   6.543   42.288   32.337
   7.490   42.689   31.387
   7.223   42.548   30.031
   3.472   40.957   33.799
   2.225   40.400   33.428
   8.300   42.039   30.004
   7.573   43.686   29.976
   7.012   42.435   28.889
   1.875   39.263   33.483
   1.148   40.909   33.454
   2.128   40.371   34.202
  45.797   29.859    6.257
  46.229   29.917    4.980
  45.469   29.396    3.906
  45.918   29.456    2.581
  47.143   30.039    2.283
  45.364   29.801    7.535
  46.125   30.322    8.609
  46.513   30.632    1.463
  47.322   29.036    1.664
  48.169   30.526    2.018
  45.945   31.325    9.227
  46.754   29.730    9.429
  45.515   30.066    9.025
   6.538   25.532   38.355
   6.698   24.205   38.547
   7.978   23.607   38.619
   8.144   22.231   38.819
   7.036   21.405   38.954
   6.378   26.859   38.162
   5.097   27.457   38.091
   7.615   21.004   39.915
   7.592   20.742   38.135
   6.114   20.700   39.070
   4.541   28.120   38.910
   4.518   27.858   37.130
   5.523   28.104   37.990
  13.552    8.926   44.343
  14.715    9.268   43.749
  15.701   10.033   44.415
  16.907   10.388   43.799
  17.169    9.991   42.494
  12.389    8.583   44.937
  11.403    7.819   44.271
  18.207    9.626   42.952
  17.449   11.139   42.339
  17.403    9.665   41.399
  11.124    6.671   44.426
  10.365    8.183   43.813
  11.028    7.906   44.950
  10.667   33.469   33.436
   9.485   34.064   33.705
   8.507   33.453   34.526
   7.282   34.070   34.805
   6.991   35.321   34.274
  11.848   32.874   33.167
  12.826   33.485   32.346
   6.695   35.585   35.398
   5.969   34.800   33.949
   6.734   36.370   33.835
  13.847   34.005   32.671
  13.122   33.221   31.223
  13.217   32.828   32.506
  38.111   25.484    5.050
  39.389   25.270    4.672
  39.733   24.296    3.705
  41.059   24.075    3.313
  42.088   24.820    3.874
  36.832   25.697    5.428
  36.489   26.671    6.395
  42.414   24.984    2.740
  42.594   23.754    4.042
  42.962   25.439    4.337
  35.983   27.737    6.227
  36.163   26.508    7.529
  35.768   26.409    6.247
  30.854   13.300   10.389
  29.673   12.649   10.334
  29.470   11.408   10.983
  28.245   10.732   10.925
  27.179   11.274   10.218
  32.035   13.952   10.444
  32.238   15.193    9.796
  26.570   11.050   11.217
  27.116   10.186    9.735
  26.276   11.717    9.627
  32.302   16.281   10.279
  32.847   15.417    8.796
  32.952   15.116   10.104
  11.068    4.252   36.146
  11.037    3.128   36.892
  11.062    1.839   36.308
  11.031    0.673   37.082
  10.973    0.754   38.467
  11.098    5.377   35.400
  11.073    6.666   35.984
  11.876   -0.022   38.420
  10.078   -0.023   38.345
  10.924    0.807   39.631
  11.969    7.442   36.106
  10.170    7.441   36.031
  11.104    6.889   35.236
  38.205   32.411   20.453
  38.103   33.152   19.329
  36.896   33.792   18.960
  36.791   34.561   17.795
  37.888   34.717   16.957
  38.307   31.669   21.576
  39.514   31.029   21.945
  37.611   35.874   17.025
  37.115   34.409   16.103
  38.801   34.856   16.245
  40.287   31.337   22.799
  39.791   29.872   21.878
  39.080   30.795   22.551
   4.139    8.864   37.851
   4.357    9.002   39.176
   3.666    8.224   40.135
   3.892    8.367   41.509
   4.818    9.293   41.974
   3.921    8.726   36.526
   4.612    9.504   35.567
   5.222    8.373   42.614
   3.930    9.624   42.697
   5.592   10.067   42.377
   5.500    9.173   34.844
   4.208   10.424   34.927
   4.177    9.087   35.071
   4.494   24.252   31.187
   5.724   24.585   30.742
   6.901   24.159   31.402
   8.177   24.504   30.940
   8.321   25.287   29.801
   3.263   23.919   31.632
   2.086   24.345   30.972
   9.090   24.438   29.473
   9.057   25.923   30.490
   8.456   25.944   28.847
   1.351   23.709   30.284
   1.317   25.193   31.300
   1.745   23.942   31.548
  31.533   16.838   15.461
  31.965   18.060   15.084
  31.080   19.154   14.932
  31.528   20.421   14.541
  32.877   20.640   14.288
  31.101   15.615   15.838
  31.986   14.521   15.991
  32.726   21.578   15.008
  32.475   21.134   13.281
  34.006   20.837   14.074
  32.388   14.027   16.998
  32.137   13.583   15.272
  31.325   14.151   16.182
  45.237   21.511   34.729
  46.052   20.436   34.669
  46.577   19.827   35.834
  47.422   18.713   35.772
  47.772   18.168   34.544
  44.422   22.585   34.789
  43.898   23.194   33.624
  47.449   17.140   35.054
  48.880   18.230   34.979
  48.075   17.700   33.519
  42.790   23.132   33.189
  44.221   24.222   33.114
  43.565   23.667   34.149
  42.152   32.362   31.810
  42.169   33.444   32.617
  41.124   34.398   32.616
  41.142   35.520   33.452
  42.207   35.730   34.319
  42.134   31.279   31.004
  43.180   30.326   31.005
  41.347   35.889   35.129
  42.203   36.826   33.852
  43.095   35.918   35.052
  43.184   29.230   31.472
  44.039   30.167   30.195
  42.732   29.992   30.459
  27.159   31.752   42.667
  28.254   30.969   42.575
  28.400   29.999   41.555
  29.536   29.186   41.461
  30.567   29.314   42.383
  26.064   32.536   42.758
  25.918   33.506   43.778
  31.256   29.356   41.412
  30.466   28.129   42.465
  31.439   29.410   43.151
  26.019   34.690   43.696
  25.229   33.463   44.749
  25.238   33.632   43.415
  45.696   10.763   25.925
  46.779   10.855   26.726
  47.346    9.722   27.355
  48.468    9.818   28.186
  49.065   11.051   28.417
  44.614   10.670   25.124
  44.047   11.803   24.494
  50.068   10.472   28.139
  48.994   10.725   29.561
  49.575   12.080   28.619
  44.118   12.130   23.350
  43.044   12.383   24.772
  43.552   11.268   24.215
  22.220   38.818    1.805
  21.612   39.958    2.195
  22.333   41.154    2.422
  21.702   42.336    2.827
  20.327   42.365    3.019
  22.829   37.678    1.414
  22.107   36.482    1.187
  20.382   43.339    2.335
  20.613   42.872    4.058
  19.173   42.403    3.184
  21.821   35.975    0.148
  22.051   35.508    1.871
  22.819   36.210    1.018
  15.676   34.742   15.299
  16.425   33.669   15.630
  17.675   33.409   15.020
  18.451   32.295   15.363
  18.005   31.402   16.329
  14.928   35.816   14.968
  13.678   36.076   15.579
  19.097   31.548   16.783
  18.273   30.581   15.508
  17.642   30.644   17.138
  13.410   36.897   16.400
  12.586   35.929   15.125
  13.693   36.693   15.101
  12.552    6.599   27.372
  11.461    5.941   27.818
  11.537    4.625   28.332
  10.406    3.943   28.795
   9.158    4.553   28.761
  13.643    7.257   26.925
  13.567    8.573   26.411
   9.096    4.195   29.896
   8.819    3.534   28.245
   8.105    5.053   28.738
  13.907    9.592   26.927
  13.629    8.931   25.276
  14.337    8.469   26.323
  42.325   24.041   20.647
  41.982   22.789   20.274
  40.632   22.373   20.196
  40.276   21.076   19.809
  41.258   20.148   19.486
  42.668   25.292   21.020
  44.018   25.708   21.098
  40.591   19.973   18.515
  40.655   19.443   20.234
  42.073   19.359   19.212
  44.622   26.413   20.350
  44.686   25.883   22.069
  43.687   26.380   21.317
  31.532   23.363   44.454
  30.518   22.537   44.786
  29.282   23.024   45.275
  28.231   22.166   45.619
  28.377   20.791   45.487
  32.547   24.190   44.122
  33.782   23.703   43.634
  27.332   20.865   44.919
  27.960   20.771   46.604
  28.486   19.635   45.382
  34.199   23.723   42.518
  34.827   23.629   44.202
  33.953   24.465   43.613
  44.675   21.171    1.275
  43.517   20.484    1.176
  43.489   19.074    1.059
  42.288   18.362    0.956
  41.073   19.035    0.965
  45.833   21.858    1.375
  45.862   23.268    1.491
  40.781   18.228    1.792
  40.848   18.374   -0.001
  40.045   19.586    0.972
  46.086   23.928    2.458
  46.154   24.075    0.665
  46.633   23.144    1.510
  40.233   20.660    8.441
  40.670   21.853    7.986
  42.004   22.285    8.176
  42.458   23.522    7.704
  41.594   24.372    7.025
  39.795   19.467    8.897
  38.461   19.035    8.707
  42.478   24.422    6.227
  42.008   25.190    7.786
  40.879   25.095    6.453
  38.047   18.217    7.945
  37.576   18.985    9.504
  38.721   18.408    9.094
  15.902   17.203   41.152
  15.917   16.044   40.459
  15.899   16.016   39.045
  15.914   14.814   38.326
  15.948   13.598   38.997
  15.888   18.361   41.845
  15.906   18.390   43.260
  16.843   13.358   38.248
  15.044   13.321   38.272
  15.976   12.570   39.547
  16.810   18.667   43.985
  15.011   18.630   44.009
  15.889   19.161   43.138
  20.242   16.573   43.515
  19.709   17.029   42.361
  18.829   16.243   41.580
  18.276   16.716   40.384
  18.583   17.992   39.927
  20.775   16.117   44.668
  21.655   16.902   45.450
  17.401   18.094   39.811
  18.804   17.429   38.900
  18.832   19.060   39.532
  21.434   17.464   46.477
  22.837   16.800   45.565
  21.649   16.266   45.903
  37.874    1.516   47.194
  39.110    1.357   47.714
  39.814    2.427   48.315
  41.096    2.262   48.854
  41.719    1.021   48.809
  36.638    1.675   46.675
  35.934    0.606   46.074
  41.914    1.223   49.968
  42.638    1.643   48.374
  42.254   -0.014   48.779
  35.015   -0.017   46.509
  35.739    0.404   44.915
  35.392    1.159   45.973
  46.801   29.054   36.842
  45.590   29.385   36.345
  45.414   29.776   34.997
  44.158   30.120   34.482
  43.034   30.085   35.297
  48.011   28.722   37.338
  48.188   28.331   38.687
  42.562   29.460   34.399
  42.843   31.177   34.860
  42.082   30.059   35.970
  48.379   27.239   39.124
  48.659   28.956   39.585
  48.933   28.270   38.460
   8.214    1.435   41.294
   9.557    1.303   41.281
  10.421    2.423   41.324
  11.814    2.286   41.311
  12.393    1.024   41.254
   6.870    1.566   41.306
   6.006    0.446   41.263
  13.044    1.425   42.169
  13.035    1.501   40.370
  12.893   -0.028   41.207
   5.365   -0.030   42.147
   5.355    0.046   40.349
   5.458    1.002   41.290
  33.232   16.769   46.924
  32.585   17.553   46.035
  32.757   17.403   44.639
  32.087   18.217   43.717
  31.221   19.209   44.159
  33.878   15.985   47.813
  33.706   16.134   49.209
  30.473   18.727   43.367
  31.837   19.900   43.409
  30.491   20.045   44.517
  33.090   15.443   49.959
  34.454   16.616   50.002
  34.214   15.542   49.228
   5.642   19.424   46.886
   5.094   18.610   45.959
   5.210   18.868   44.572
   4.643   18.024   43.611
   3.939   16.892   44.001
   6.189   20.238   47.814
   6.073   19.981   49.200
   4.631   16.344   43.200
   3.111   17.307   43.252
   3.345   15.938   44.315
   6.901   19.565   49.950
   5.381   20.528   50.002
   6.491   20.638   49.250
   2.616   29.372   47.076
   2.144   28.261   46.471
   1.546   28.302   45.189
   1.057   27.150   44.562
   1.148   25.916   45.194
   3.087   30.483   47.681
   3.685   30.442   48.963
   1.604   25.562   44.151
  -0.006   25.831   44.910
   1.219   24.874   45.713
   4.840   30.527   49.246
   3.230   30.797   50.006
   3.755   31.210   48.838
  32.136   42.895   16.969
  30.814   42.628   16.917
  30.320   41.350   16.565
  28.948   41.074   16.511
  28.022   42.067   16.806
  33.459   43.161   17.022
  33.953   44.439   17.374
  27.549   41.233   17.515
  27.520   41.722   15.783
  27.234   42.890   17.052
  34.456   44.784   18.398
  34.426   45.273   16.666
  34.641   44.086   17.263
  27.722   41.577   33.338
  27.996   42.895   33.226
  26.981   43.856   33.009
  27.264   45.222   32.894
  28.574   45.676   32.991
  27.449   40.260   33.449
  28.464   39.299   33.666
  28.110   46.453   33.766
  28.308   46.261   31.987
  29.669   46.070   33.070
  28.730   38.714   34.670
  28.928   38.522   32.891
  27.856   38.809   33.651
  28.784   36.638   20.097
  28.302   35.379   20.027
  29.114   34.249   20.289
  28.614   32.944   20.217
  27.285   32.721   19.880
  29.267   37.897   20.167
  28.455   39.026   19.905
  27.293   32.021   20.844
  27.747   31.944   19.104
  26.171   32.520   19.599
  27.993   39.804   20.681
  28.446   39.726   18.941
  29.119   39.407   20.062
   3.385   47.456   16.782
   4.637   47.670   17.239
   5.660   48.186   16.408
   6.959   48.409   16.882
   7.281   48.122   18.203
   2.133   47.242   16.325
   1.110   46.726   17.155
   7.744   49.220   18.191
   8.203   47.546   17.717
   7.564   47.887   19.309
   0.187   47.302   17.641
   0.646   45.628   17.167
   0.689   46.796   16.501
   3.687   41.179   23.717
   4.921   41.363   24.232
   6.020   41.746   23.428
   7.300   41.938   23.963
   7.526   41.753   25.321
   2.453   40.994   23.201
   1.354   40.611   24.005
   8.054   42.818   25.246
   8.439   41.085   24.946
   7.729   41.601   26.459
   0.440   41.278   24.381
   0.825   39.546   24.081
   0.978   40.646   23.322
   8.549   37.738   46.700
   8.600   36.661   47.512
   9.672   35.739   47.468
   9.725   34.622   48.311
   8.707   34.387   49.227
   8.498   38.815   45.888
   7.426   39.738   45.932
   9.608   34.258   49.997
   8.723   33.288   48.766
   7.860   34.178   50.000
   7.410   40.836   46.393
   6.525   39.866   45.162
   7.838   40.081   45.365
   8.531    5.504   24.173
   7.534    4.628   24.418
   6.256    4.762   23.827
   5.222    3.853   24.081
   5.429    2.777   24.935
   9.529    6.381   23.928
  10.807    6.246   24.519
   4.954    2.145   24.043
   4.415    3.148   25.438
   5.590    1.870   25.649
  11.822    5.876   24.016
  11.283    6.878   25.411
  10.948    6.895   24.108
  22.487   47.277   37.619
  23.370   46.485   36.974
  23.010   45.740   35.826
  23.926   44.919   35.157
  25.235   44.814   35.612
  21.604   48.068   38.264
  21.964   48.814   39.412
  25.510   45.027   34.473
  25.035   43.643   35.520
  26.336   44.717   35.983
  22.164   49.985   39.504
  21.689   48.601   40.552
  21.218   49.038   39.370
  35.458   34.033    0.899
  34.900   32.804    0.899
  33.497   32.617    0.899
  32.918   31.342    0.899
  33.722   30.209    0.899
  36.016   35.262    0.899
  37.418   35.449    0.899
  33.018   29.869   -0.001
  33.018   29.869    1.799
  34.384   29.249    0.899
  38.122   35.789   -0.001
  38.122   35.789    1.799
  37.211   36.202    0.899
  12.718    8.056    8.946
  13.578    7.134    8.462
  13.265    5.755    8.440
  14.157    4.799    7.938
  15.394    5.190    7.439
  11.858    8.977    9.430
  12.171   10.357    9.452
  15.086    4.513    6.508
  15.807    4.324    8.146
  16.435    5.504    7.018
  11.758   11.222    8.745
  12.479   11.033   10.384
  11.460   10.404    9.770
   8.054   41.500   20.449
   8.486   42.455   21.300
   9.094   42.139   22.538
   9.541   43.129   23.419
   9.397   44.473   23.095
   7.622   40.545   19.599
   7.014   40.861   18.361
  10.549   44.534   23.393
   8.936   44.554   24.191
   9.283   45.604   22.835
   7.475   40.780   17.266
   5.862   40.800   18.063
   6.975   40.084   18.302
  42.492    4.451   29.897
  43.410    3.550   29.489
  43.523    2.272   30.085
  44.475    1.337   29.662
  45.349    1.647   28.628
  41.573    5.353   30.304
  41.461    6.631   29.708
  45.004    0.593   28.194
  46.180    1.252   29.386
  46.089    1.895   27.761
  40.630    7.026   28.951
  41.806    7.685   30.143
  40.886    6.708   30.232
   3.281   34.093   48.605
   4.322   33.276   48.337
   5.644   33.764   48.205
   6.723   32.917   47.927
   6.520   31.551   47.772
   2.240   34.910   48.873
   0.919   34.422   49.006
   7.425   31.461   48.542
   7.159   31.700   46.778
   6.363   30.403   47.640
   0.279   34.272   50.000
   0.013   34.512   48.236
   0.766   35.177   49.131
   3.828   11.833   15.111
   3.272   10.683   15.549
   3.349    9.483   14.804
   2.772    8.290   15.258
   2.099    8.256   16.472
   4.383   12.983   14.674
   4.307   14.184   15.419
   2.780    7.299   16.675
   1.245    7.722   15.835
   1.531    8.213   17.490
   5.161   14.718   16.055
   3.625   15.141   15.216
   4.714   14.461   14.813
  36.231   21.188    0.972
  35.480   20.067    1.004
  36.060   18.776    1.028
  35.282   17.613    1.061
  33.895   17.699    1.072
  36.982   22.309    0.939
  36.401   23.600    0.915
  33.985   16.943    1.989
  33.969   16.902    0.189
  32.730   17.757    1.082
  36.328   24.397    1.798
  36.311   24.356   -0.001
  37.151   23.820    0.904
  17.020   38.884   27.130
  15.891   38.841   26.393
  15.762   37.995   25.266
  14.591   37.950   24.501
  13.506   38.751   24.835
  18.150   38.927   27.868
  18.278   39.773   28.995
  12.891   37.735   24.737
  13.532   39.044   23.680
  12.587   39.418   25.104
  18.252   39.481   30.150
  18.893   40.790   29.093
  18.989   39.450   29.024
  46.211   15.869   12.247
  47.059   16.771   12.785
  46.601   17.860   13.564
  47.480   18.795   14.123
  48.849   18.676   13.922
  45.363   14.967   11.709
  45.822   13.879   10.929
  48.904   18.817   15.103
  48.774   19.826   13.618
  50.001   18.587   13.761
  45.897   12.729   11.233
  45.768   13.737    9.748
  45.058   13.722   10.890
  20.058    4.223   12.646
  19.302    5.049   13.400
  19.646    6.407   13.600
  18.861    7.264   14.381
  17.705    6.793   14.991
  20.814    3.396   11.892
  20.470    2.038   11.693
  17.211    7.763   14.506
  18.165    7.307   15.963
  16.733    6.411   15.509
  20.010    1.525   10.721
  20.964    1.069   12.177
  21.124    2.046   11.266
  34.444   27.428   18.365
  34.739   28.730   18.562
  36.030   29.252   18.313
  36.337   30.603   18.518
  35.363   31.480   18.978
  34.148   26.125   18.167
  32.857   25.603   18.416
  35.727   32.157   18.068
  36.201   31.792   19.766
  34.554   32.226   19.364
  32.018   25.291   17.629
  32.493   24.926   19.326
  33.195   24.940   18.179
   7.058   32.641   29.422
   6.136   32.577   28.438
   5.715   31.345   27.884
   4.758   31.278   26.864
   4.190   32.441   26.360
   7.980   32.705   30.405
   8.402   33.937   30.959
   3.164   31.861   26.537
   4.471   31.967   25.304
   3.704   33.410   25.929
   8.120   34.412   32.015
   9.428   34.518   30.783
   8.850   33.467   31.393
   9.283   38.780   13.499
   9.467   38.105   14.654
  10.755   37.743   15.114
  10.945   37.043   16.312
   9.855   36.680   17.091
   9.099   39.455   12.345
   7.811   39.817   11.884
  10.490   37.165   17.975
  10.371   35.606   17.083
   8.948   36.369   17.755
   7.294   40.891   11.893
   7.176   39.332   11.000
   8.224   40.122   11.296
  12.135    4.848   38.392
  10.903    4.690   38.920
  10.242    3.439   38.919
   8.964    3.274   39.467
   8.302    4.355   40.036
  13.367    5.007   37.864
  14.029    6.258   37.865
   8.131    3.605   40.946
   7.396    3.995   39.349
   7.735    5.254   40.516
  14.934    6.618   38.551
  14.199    7.008   36.955
  14.586    5.844   37.508
  42.574   11.397   16.510
  43.221   10.212   16.512
  42.528    8.979   16.513
  43.200    7.750   16.516
  44.588    7.711   16.518
  41.926   12.581   16.507
  42.619   13.815   16.507
  44.439    6.944   15.618
  44.436    6.946   17.418
  45.753    7.665   16.519
  42.772   14.580   15.606
  42.769   14.583   17.406
  41.893   14.102   16.505
  39.718   30.704    6.964
  39.491   29.436    7.368
  38.191   28.967    7.673
  37.956   27.652    8.091
  39.012   26.759    8.219
  39.945   31.972    6.561
  41.245   32.441    6.256
  38.312   26.041    7.575
  38.532   26.546    9.289
  39.889   25.999    8.331
  41.725   32.654    5.186
  41.944   33.159    6.899
  40.856   33.103    6.110
   8.100   32.720   15.340
   6.834   33.057   15.665
   6.543   34.162   16.501
   5.231   34.511   16.838
   4.162   33.769   16.352
   9.367   32.383   15.014
   9.657   31.279   14.179
   3.728   34.836   16.047
   3.814   33.766   17.492
   3.255   33.155   15.951
  10.005   31.282   13.039
  10.091   30.212   14.484
  10.392   31.511   14.307
  13.294   24.319   44.414
  13.092   23.332   45.314
  13.264   23.537   46.703
  13.055   22.514   47.636
  12.667   21.250   47.212
  13.495   25.306   43.515
  13.323   25.101   42.126
  11.832   21.366   48.054
  13.560   20.883   47.911
  12.340   20.184   46.870
  12.430   25.467   41.427
  14.158   24.984   41.284
  13.531   25.853   42.097
   9.973   32.160    1.858
  10.560   33.323    1.503
   9.965   34.577    1.777
  10.573   35.783    1.409
  11.797   35.778    0.753
   9.387   30.997    2.214
   9.982   29.743    1.940
  12.099   36.577    1.584
  11.249   36.520   -0.002
  12.825   35.788    0.202
  10.530   29.000    2.694
   9.680   28.944    1.108
   9.338   29.479    2.294
  30.351    0.651   18.344
  29.773    0.950   17.162
  29.614   -0.015   16.139
  29.014    0.294   14.913
  28.551    1.580   14.665
  30.930    0.353   19.527
  31.089    1.318   20.549
  27.558    1.017   14.324
  29.165    1.466   13.651
  28.158    2.656   14.444
  30.475    1.433   21.564
  32.082    1.881   20.890
  31.414    0.714   20.922
  46.287    5.356   34.588
  47.116    6.360   34.944
  46.655    7.500   35.644
  47.514    8.542   36.013
  48.865    8.480   35.696
  45.458    4.351   34.232
  45.919    3.211   33.532
  49.014    8.756   36.846
  48.685    9.583   35.281
  50.001    8.441   35.437
  46.100    2.108   33.947
  45.770    2.935   32.382
  45.167    3.007   33.583
  40.276   43.606   19.967
  41.541   44.007   20.214
  42.235   43.623   21.386
  43.546   44.040   21.643
  44.211   44.855   20.736
  39.011   43.204   19.720
  38.318   43.588   18.548
  45.084   44.052   20.852
  44.455   45.509   21.702
  44.781   45.540   19.984
  38.074   42.934   17.582
  37.445   44.391   18.432
  37.752   43.157   18.869
  31.423   12.182   44.520
  31.406   13.246   43.689
  32.589   13.932   43.324
  32.571   15.036   42.463
  31.369   15.494   41.937
  31.440   11.118   45.350
  30.258   10.432   45.715
  31.959   15.457   40.902
  31.758   16.555   42.314
  30.368   15.888   41.488
  29.869    9.371   45.338
  29.668   10.469   46.750
  30.762    9.998   46.124
  34.882   38.899    6.650
  35.711   37.863    6.902
  36.856   38.000    7.722
  37.715   36.925    7.983
  37.459   35.675    7.433
  34.054   39.935    6.399
  32.909   39.797    5.579
  37.621   35.295    8.551
  38.603   35.729    7.106
  37.256   34.621    6.978
  31.764   39.744    5.906
  32.746   40.178    4.462
  32.826   40.555    5.751
  44.704    2.744   23.525
  45.961    3.011   23.941
  46.869    3.755   23.152
  48.172    4.033   23.583
  48.613    3.575   24.819
  43.448    2.476   23.109
  42.539    1.732   23.897
  48.970    4.702   24.964
  49.548    3.181   24.194
  48.995    3.196   25.853
  41.604    2.125   24.522
  42.182    0.604   23.752
  42.069    1.861   23.287
   2.946   31.930   29.965
   2.446   30.723   30.306
   3.282   29.635   30.650
   2.763   28.383   31.003
   1.389   28.176   31.026
   3.447   33.136   29.624
   2.611   34.225   29.281
   1.607   27.720   32.105
   1.655   27.212   30.379
   0.238   27.989   31.050
   2.345   35.190   29.928
   2.393   34.682   28.202
   3.298   34.587   29.193
  11.072   41.387    9.140
  12.033   42.331    9.043
  11.740   43.663    8.667
  12.736   44.642    8.566
  14.061   44.323    8.838
  10.111   40.444    9.237
  10.404   39.111    9.613
  14.018   45.295    9.525
  14.268   44.862    7.796
  15.177   44.068    9.062
  10.196   38.572   10.655
  10.446   38.139    8.926
   9.633   39.029    9.522
  33.127   39.131   24.628
  34.424   38.771   24.532
  34.852   37.441   24.759
  36.198   37.067   24.660
  37.163   38.010   24.329
  31.830   39.492   24.724
  31.402   40.821   24.496
  37.502   37.192   23.531
  37.735   37.566   25.276
  37.984   38.791   24.052
  30.831   41.265   23.549
  31.064   41.639   25.294
  30.703   40.511   24.656
  35.227   40.863   48.755
  35.827   41.848   48.053
  35.485   43.210   48.228
  36.107   44.231   47.500
  37.094   43.926   46.570
  34.627   39.879   49.458
  34.968   38.517   49.283
  37.706   44.778   47.135
  36.452   44.628   45.853
  37.923   43.684   45.787
  35.610   37.815   50.000
  34.356   37.665   48.718
  34.420   38.419   49.830
  29.309   26.776   21.833
  29.902   27.230   20.709
  29.160   27.799   19.647
  29.775   28.271   18.481
  31.154   28.190   18.335
  28.715   26.322   22.957
  29.457   25.753   24.020
  31.059   29.337   18.028
  30.884   27.710   17.278
  32.311   28.128   18.200
  29.728   26.232   25.077
  29.553   24.605   24.327
  28.747   25.683   24.337
  15.017   24.487    4.837
  14.055   23.550    4.980
  13.792   22.929    6.224
  12.795   21.957    6.372
  12.026   21.572    5.281
  15.978   25.424    4.694
  16.241   26.045    3.450
  11.113   21.757    6.025
  12.310   20.470    5.635
  11.372   21.239    4.374
  15.957   27.147    3.096
  17.153   25.860    2.706
  16.781   26.419    3.872
  33.406   11.675    9.010
  32.399   12.477    8.603
  31.052   12.044    8.594
  30.008   12.876    8.172
  30.274   14.170    7.743
  34.412   10.873    9.417
  35.759   11.306    9.426
  29.396   14.461    8.495
  29.600   13.861    6.810
  30.483   15.259    7.380
  36.433   11.615   10.359
  36.637   11.015    8.674
  35.879   10.583    9.698
  43.251    5.995    6.774
  42.758    4.772    6.482
  43.571    3.743    5.951
  43.060    2.475    5.648
  41.717    2.192    5.865
  43.744    7.217    7.066
  42.931    8.247    7.596
  42.144    1.225    6.416
  41.758    1.780    4.748
  40.592    1.941    6.042
  42.890    8.659    8.713
  42.504    9.213    7.045
  43.603    8.644    7.573
   1.630   47.980   25.384
   2.390   48.284   26.458
   2.056   49.340   27.338
   2.843   49.655   28.452
   3.993   48.925   28.726
   0.871   47.676   24.310
   1.205   46.620   23.430
   3.533   48.859   29.823
   4.498   50.000   28.819
   4.960   48.320   28.967
   0.700   45.544   23.337
   1.664   46.685   22.333
   0.552   46.855   23.071
  47.446   38.300    8.110
  46.261   38.781    8.543
  45.765   40.038    8.124
  44.536   40.537    8.573
  43.761   39.797    9.457
  48.631   37.818    7.677
  49.128   36.561    8.096
  42.887   40.029    8.680
  43.716   40.819   10.069
  43.100   39.187   10.199
  49.173   35.540    7.484
  50.001   36.330    8.873
  49.721   36.759    7.629
   0.375   29.723   24.962
   0.556   28.555   25.615
   0.108   27.322   25.084
   0.296   26.111   25.761
   0.938   26.090   26.993
   0.195   30.890   24.309
   0.643   32.123   24.840
   1.581   25.218   26.497
  -0.002   25.436   27.325
   1.475   26.058   28.028
   1.582   32.777   24.508
  -0.001   32.995   25.336
   0.334   32.399   24.177
  33.444   42.638   27.626
  34.762   42.739   27.353
  35.251   43.558   26.308
  36.618   43.663   26.025
  37.545   42.952   26.778
  32.125   42.538   27.898
  31.636   41.718   28.944
  38.095   44.007   26.856
  37.964   42.624   25.711
  38.334   42.362   27.401
  31.217   42.047   30.010
  31.086   40.664   28.865
  30.949   41.991   28.692
  34.962   27.699   11.688
  33.990   26.907   11.187
  33.787   25.585   11.649
  32.778   24.764   11.130
  31.937   25.236   10.131
  35.934   28.490   12.188
  36.137   29.812   11.726
  31.074   24.823   10.842
  32.216   24.211    9.592
  31.223   25.620    9.292
  35.858   30.838   12.265
  37.000   30.225   11.015
  36.710   29.796   12.257
  10.613   33.300   24.006
  10.118   33.747   25.180
  10.547   33.223   26.422
  10.034   33.686   27.640
   9.074   34.690   27.658
  11.108   32.854   22.832
  10.679   33.378   21.589
   9.797   35.188   28.464
   8.497   33.945   28.388
   8.268   35.532   27.688
  11.255   34.122   20.859
   9.955   32.880   20.784
  11.192   32.858   21.313
  28.279    9.828   38.862
  28.025   10.479   40.016
  26.705   10.752   40.448
  26.441   11.428   41.646
  27.488   11.855   42.454
  28.534    9.177   37.707
  29.853    8.904   37.275
  26.865   11.322   43.319
  26.902   12.893   42.441
  28.357   12.218   43.142
  30.439    7.866   37.288
  30.476    9.437   36.410
  29.475    8.577   36.674
  45.892   18.840    8.492
  45.749   19.720    7.478
  46.740   20.684    7.176
  46.591   21.597    6.125
  45.446   21.579    5.339
  46.035   17.960    9.505
  45.044   16.996    9.807
  46.224   21.586    4.436
  45.434   22.750    5.559
  44.490   21.574    4.671
  45.057   15.825    9.587
  44.267   16.989   10.710
  45.554   16.802   10.366
  17.969    1.886   11.456
  17.881    1.848   10.110
  16.677    2.142    9.428
  16.586    2.103    8.031
  17.697    1.767    7.267
  18.056    1.925   12.803
  19.261    1.630   13.485
  17.411    2.749    6.656
  16.941    1.014    6.736
  18.621    1.487    6.613
  20.016    2.383   14.016
  19.546    0.648   14.096
  18.818    1.779   14.111
  15.511   21.738   48.458
  15.220   23.045   48.628
  15.402   23.994   47.594
  15.100   25.350   47.770
  14.605   25.805   48.985
  15.803   20.431   48.289
  15.620   19.482   49.323
  13.779   26.329   48.305
  15.459   26.629   48.877
  14.188   26.200   50.000
  14.766   18.658   49.431
  16.446   18.958   50.003
  15.893   18.993   48.778
  21.712    2.760   15.477
  21.824    4.050   15.092
  22.919    4.511   14.324
  23.035    5.848   13.925
  22.060    6.772   14.281
  21.600    1.471   15.861
  20.505    1.010   16.630
  22.088    7.052   13.123
  22.992    7.424   14.634
  21.249    7.557   14.572
  19.573    0.357   16.276
  20.477    0.729   17.787
  20.886    0.331   16.569
  30.774   39.199   13.304
  31.375   40.407   13.357
  32.782   40.542   13.422
  33.405   41.795   13.477
  32.644   42.957   13.469
  30.173   37.992   13.251
  28.766   37.856   13.186
  33.398   43.290   12.608
  33.318   43.251   14.406
  32.016   43.940   13.463
  28.092   37.562   12.249
  28.012   37.523   14.047
  28.947   37.096   13.177
  20.185   10.302   14.577
  21.413   10.368   15.133
  21.615   10.835   16.454
  22.889   10.903   17.030
  24.007   10.508   16.307
  18.956   10.236   14.021
  18.755    9.769   12.701
  24.257    9.877   17.286
  24.448   11.555   16.665
  24.953   10.179   15.711
  18.314    8.722   12.343
  18.505   10.400   11.721
  18.009    9.919   12.875
   7.070    9.166    7.556
   7.638   10.240    8.145
   9.006   10.260    8.508
   9.596   11.373    9.119
   8.839   12.507    9.388
   6.502    8.093    6.968
   5.134    8.073    6.605
   9.739   13.076    8.855
   9.320   12.411   10.474
   8.215   13.464    9.620
   4.653    8.168    5.519
   4.233    7.503    7.138
   5.320    7.355    6.358
  28.171   10.045   35.684
  28.869   11.118   36.113
  28.681   12.406   35.560
  29.405   13.518   36.005
  30.344   13.382   37.020
  27.472    8.973   35.255
  27.661    7.684   35.808
  29.777   14.317   37.493
  31.052   13.977   36.268
  31.136   13.281   37.870
  26.954    7.089   36.560
  28.228    6.749   35.335
  27.110    7.496   35.287
  45.432    8.707   27.729
  45.720    7.995   26.619
  46.731    8.393   25.714
  47.030    7.654   24.563
  46.328    6.490   24.277
  45.143    9.420   28.838
  44.132    9.022   29.744
  47.415    6.025   24.128
  46.207    6.982   23.199
  45.746    5.511   24.025
  44.253    8.529   30.822
  43.045    9.487   29.893
  44.358    9.670   30.117
  41.063   40.414   38.393
  40.533   39.201   38.131
  41.340   38.049   37.967
  40.790   36.791   37.695
  39.415   36.638   37.577
  41.593   41.628   38.656
  40.786   42.779   38.820
  39.581   35.735   38.336
  39.695   36.066   36.570
  38.261   36.496   37.476
  40.506   43.351   39.827
  40.620   43.683   38.061
  41.481   43.120   38.929
   5.955   30.185    3.079
   4.939   29.298    3.134
   5.140   27.913    2.922
   4.087   26.993    2.979
   2.794   27.425    3.250
   6.971   31.072    3.024
   6.770   32.457    3.236
   2.809   26.545    4.055
   2.515   26.772    2.293
   1.705   27.773    3.477
   7.049   33.109    4.193
   6.756   33.336    2.432
   7.540   32.480    3.110
  31.722    7.724   14.748
  31.591    7.460   13.431
  32.329    8.162   12.449
  32.193    7.889   11.082
  31.314    6.904   10.649
  31.852    7.987   16.066
  31.114    7.286   17.048
  32.251    6.529   10.017
  30.936    7.752    9.902
  30.580    6.080   10.272
  31.492    6.437   17.795
  30.177    7.661   17.681
  31.510    7.756   17.529
  22.464   44.543    7.694
  22.982   44.619    8.938
  22.427   43.903   10.026
  22.963   43.982   11.317
  24.074   44.779   11.566
  21.947   44.467    6.449
  22.501   45.183    5.361
  24.493   43.801   12.102
  23.412   45.193   12.466
  25.005   45.444   11.789
  23.163   44.769    4.461
  22.082   46.161    4.826
  21.921   44.833    4.973
  33.978   45.288   46.631
  33.839   46.424   47.348
  34.945   47.244   47.675
  34.801   48.421   48.419
  33.546   48.822   48.861
  34.116   44.153   45.914
  33.010   43.333   45.586
  33.858   49.870   48.389
  34.097   48.939   49.911
  32.499   49.169   49.238
  32.460   43.215   44.536
  32.698   42.284   46.058
  33.565   42.907   45.238
   5.808   40.379   40.312
   5.235   41.594   40.185
   5.737   42.734   40.856
   5.143   43.995   40.724
   4.025   44.161   39.917
   6.381   39.163   40.438
   5.879   38.023   39.767
   4.646   45.073   39.467
   3.578   44.716   40.872
   3.086   44.314   39.242
   6.325   37.468   38.812
   5.257   37.111   40.216
   6.475   37.676   40.133
  33.261   35.980   40.713
  34.608   36.062   40.741
  35.285   37.305   40.707
  36.682   37.391   40.735
  37.453   36.237   40.799
  31.914   35.897   40.686
  31.238   34.654   40.720
  38.000   36.808   41.690
  38.042   36.736   39.892
  38.112   35.276   40.853
  30.649   34.155   41.627
  30.690   34.083   39.829
  30.609   35.116   40.687
  12.201   47.453   29.829
  11.087   48.006   30.354
   9.791   47.616   29.941
   8.635   48.190   30.485
   8.735   49.174   31.461
  13.316   46.900   29.305
  14.612   47.289   29.717
   7.944   48.497   32.040
   7.971   49.762   30.761
   8.804   50.001   32.280
  15.376   46.701   30.417
  15.402   47.967   29.138
  14.825   46.753   29.191
  20.703   28.353    2.919
  20.210   29.431    2.274
  20.444   29.652    0.896
  19.932   30.770    0.226
  19.169   31.707    0.911
  21.196   27.275    3.565
  20.962   27.054    4.943
  18.415   31.567   -0.002
  19.908   32.490    0.399
  18.526   32.502    1.473
  20.223   26.271    5.454
  21.716   27.194    5.855
  21.393   26.417    4.805
  16.598    5.462   47.693
  15.660    4.498   47.590
  15.761    3.451   46.644
  14.787    2.450   46.537
  13.678    2.461   47.374
  17.537    6.427   47.795
  17.436    7.474   48.742
  13.968    1.319   47.558
  13.073    2.318   46.358
  12.742    2.458   48.070
  18.042    7.617   49.758
  17.146    8.615   48.558
  18.112    7.690   48.417
   9.216   22.886   36.888
   9.168   24.234   36.828
   7.945   24.937   36.721
   7.896   26.335   36.659
   9.068   27.079   36.703
   9.263   21.538   36.947
  10.487   20.835   37.054
   8.491   27.697   37.543
   8.605   27.622   35.748
  10.044   27.716   36.738
  10.950   20.292   38.009
  11.063   20.217   36.214
  10.009   20.217   37.050
  45.379   26.027    3.911
  44.485   26.120    2.904
  44.878   26.077    1.545
  43.951   26.174    0.501
  42.597   26.316    0.778
  46.274   25.934    4.918
  45.880   25.976    6.277
  42.477   25.423   -0.002
  42.664   27.213   -0.003
  41.458   26.435    0.996
  45.813   25.079    7.058
  46.001   26.869    7.057
  46.649   25.896    6.391
  19.081   26.241   36.272
  18.004   25.776   35.604
  17.805   24.395   35.370
  16.688   23.913   34.677
  15.730   24.795   34.194
  20.158   26.706   36.940
  20.357   28.088   37.174
  14.965   24.054   34.729
  15.870   24.186   33.179
  14.918   25.524   33.782
  20.217   28.696   38.188
  21.121   28.828   36.638
  21.002   27.826   37.528
  11.972   43.701   44.483
  12.814   44.067   45.473
  13.527   45.288   45.437
  14.400   45.668   46.464
  14.591   44.840   47.563
  11.130   43.335   43.494
  10.416   42.113   43.529
  14.388   45.836   48.185
  15.746   45.018   47.333
  14.760   44.154   48.491
   9.261   41.935   43.760
  10.619   41.117   42.907
  10.145   42.375   42.846
   4.369   46.717   27.581
   4.031   45.649   28.335
   2.682   45.338   28.632
   2.331   44.232   29.414
   3.315   43.396   29.927
   4.708   47.784   26.827
   6.056   48.095   26.530
   2.635   42.530   29.470
   2.727   43.548   30.952
   4.131   42.687   30.363
   6.644   47.943   25.505
   6.736   48.961   26.987
   5.724   48.687   26.144
  34.517   43.815   35.756
  35.244   44.950   35.698
  35.062   46.006   36.623
  35.816   47.184   36.563
  36.780   47.348   35.576
  33.789   42.679   35.814
  33.972   41.623   34.889
  37.476   47.662   36.491
  36.241   48.398   35.408
  37.592   47.499   34.753
  34.510   40.574   35.058
  33.275   41.310   33.975
  33.404   41.295   35.314
  20.229    9.011   32.826
  19.501    8.479   33.830
  19.279    9.172   35.045
  18.523    8.620   36.086
  17.962    7.356   35.950
  20.958    9.543   31.822
  21.180    8.851   30.608
  16.969    7.900   36.324
  18.460    7.164   37.016
  17.485    6.297   35.850
  20.682    9.043   29.542
  22.172    8.308   30.234
  21.580    9.499   30.435
   7.658   46.417   35.648
   8.509   46.711   36.654
   8.445   46.058   37.907
   9.328   46.363   38.950
  10.308   47.333   38.776
   6.806   46.122   34.643
   6.871   46.775   33.390
  11.032   46.494   39.213
   9.892   47.753   39.810
  11.134   48.145   38.643
   7.286   46.355   32.355
   6.146   47.614   32.952
   6.268   46.304   33.233
  42.216   42.150   25.363
  42.006   43.444   25.041
  41.235   43.821   23.916
  41.017   45.163   23.581
  41.562   46.176   24.361
  42.426   40.856   25.685
  43.197   40.479   26.810
  40.455   46.615   24.333
  41.938   46.602   23.313
  42.014   47.036   25.006
  42.821   40.053   27.858
  44.304   40.039   26.838
  43.017   39.761   26.559
  13.081   41.920   29.138
  13.825   40.809   29.324
  15.107   40.856   29.919
  15.879   39.703   30.112
  15.395   38.463   29.716
  12.337   43.031   28.952
  11.054   42.984   28.357
  15.715   38.132   30.815
  16.460   38.359   29.192
  15.001   37.415   29.388
   9.989   43.087   28.880
  10.734   43.315   27.258
  11.086   43.755   28.479
  14.422   30.538    9.618
  15.186   31.628    9.846
  16.590   31.610    9.669
  17.382   32.740    9.905
  16.798   33.928   10.326
  13.658   29.448    9.391
  12.254   29.466    9.568
  17.441   34.406    9.444
  17.650   33.901   11.159
  16.321   34.932   10.680
  11.402   29.494    8.736
  11.612   28.989   10.450
  12.323   28.722    9.340
  46.524   30.106   21.094
  46.544   30.906   20.006
  45.807   32.113   19.949
  45.828   32.942   18.822
  46.586   32.594   17.711
  46.504   29.306   22.181
  47.240   28.099   22.238
  46.987   33.713   17.796
  45.580   32.822   17.115
  47.218   32.314   16.772
  48.247   27.872   22.834
  46.839   26.980   22.152
  46.920   28.061   22.949
  37.326   41.844   30.759
  37.306   41.059   31.857
  37.591   39.675   31.794
  37.570   38.860   32.933
  37.265   39.402   34.175
  37.345   42.630   29.661
  37.061   44.014   29.724
  38.251   38.831   34.522
  36.507   38.485   34.244
  37.009   39.843   35.224
  37.818   44.932   29.656
  36.074   44.585   29.377
  37.193   43.968   28.956
  12.460   30.870   38.998
  12.808   31.468   40.157
  13.461   30.765   41.197
  13.822   31.386   42.399
  13.543   32.731   42.604
  12.112   30.271   37.839
  11.459   30.974   36.798
  14.687   32.786   42.931
  13.091   32.347   43.637
  13.314   33.860   42.788
  11.911   31.359   35.765
  10.314   30.920   36.471
  11.496   30.277   36.449
  27.924    8.250   15.127
  27.263    9.372   14.772
  27.720   10.214   13.730
  27.035   11.378   13.362
  25.868   11.741   14.022
  28.585    7.127   15.481
  28.128    6.285   16.523
  25.434   11.858   12.919
  26.401   12.804   14.107
  24.887   12.058   14.568
  27.595    5.223   16.438
  28.562    6.168   17.627
  28.765    5.878   16.329
  20.942   22.396   32.482
  21.352   23.653   32.755
  20.658   24.789   32.276
  21.083   26.092   32.559
  22.217   26.306   33.332
  20.533   21.139   32.209
  21.227   20.003   32.688
  21.508   27.051   33.934
  22.522   27.044   32.447
  23.168   26.500   33.979
  20.922   19.265   33.573
  21.936   19.258   32.086
  20.661   19.626   32.303
   5.523   35.645   44.328
   4.462   36.013   45.076
   4.171   37.371   45.349
   3.070   37.753   46.125
   2.221   36.791   46.656
   6.585   35.277   43.579
   6.875   33.919   43.307
   1.365   37.475   46.188
   2.382   37.395   47.671
   1.500   35.993   47.108
   6.713   33.315   42.292
   7.731   33.235   43.775
   7.471   34.236   42.914
  43.916   38.232    7.468
  43.738   37.709    8.699
  44.821   37.483    9.582
  44.636   36.940   10.859
  43.362   36.604   11.299
  44.094   38.756    6.236
  43.011   38.982    5.354
  43.673   37.226   12.267
  43.878   35.570   11.592
  42.298   36.317   11.681
  42.496   40.016    5.061
  42.700   38.359    4.386
  43.583   39.242    4.889
  28.426   45.522   22.117
  28.268   44.246   22.526
  27.720   43.926   23.792
  27.556   42.602   24.216
  27.934   41.551   23.391
  28.584   46.799   21.707
  29.131   47.118   20.442
  26.847   41.132   23.645
  28.496   41.159   24.366
  28.246   40.658   22.708
  28.568   47.510   19.468
  30.218   47.537   20.188
  29.010   47.848   20.693
  29.151   27.166   11.659
  29.912   28.277   11.562
  29.343   29.570   11.469
  30.131   30.722   11.368
  31.517   30.623   11.357
  28.391   26.055   11.756
  28.960   24.762   11.848
  31.454   31.468   12.195
  31.429   31.329   10.400
  32.681   30.555   11.346
  29.048   24.057   12.805
  29.022   23.917   11.010
  28.209   24.550   11.875
  26.962   33.640   13.798
  27.688   32.525   14.022
  29.091   32.493   13.837
  29.844   31.337   14.069
  29.222   30.170   14.495
  26.235   34.756   13.574
  24.833   34.787   13.759
  30.080   30.169   15.322
  29.842   29.670   13.609
  28.713   29.184   14.853
  24.213   35.288   14.645
  23.975   34.789   12.932
  24.926   35.528   13.531
   6.740   38.071   28.251
   7.810   38.808   27.884
   8.022   40.118   28.374
   9.132   40.882   27.994
  10.070   40.363   27.110
   5.670   37.334   28.618
   5.458   36.024   28.128
  10.854   40.731   27.928
   9.918   41.400   26.543
  10.864   39.939   26.368
   5.609   34.986   28.694
   4.674   35.655   27.309
   4.823   36.072   28.580
  15.739   38.795    5.153
  16.025   39.520    6.256
  15.063   39.760    7.265
  15.360   40.512    8.408
  16.629   41.050    8.583
  15.454   38.070    4.051
  16.415   37.829    3.041
  16.548   40.555    9.664
  16.030   42.054    8.813
  17.690   41.507    8.742
  17.014   36.825    2.811
  16.496   38.324    1.960
  15.821   37.440    2.716
  46.977   32.662   11.931
  46.583   32.870   10.657
  46.949   34.034    9.939
  46.541   34.250    8.618
  45.752   33.310    7.966
  47.370   32.454   13.206
  47.005   31.291   13.923
  46.562   33.423    7.099
  45.080   34.255    7.693
  45.090   32.529    7.408
  47.677   30.346   14.197
  46.195   31.178   14.790
  47.423   31.635   14.486
   7.611   12.545   25.280
   8.176   11.718   24.374
   9.023   10.652   24.758
   9.609    9.795   23.818
   9.368    9.974   22.462
   7.046   13.371   26.186
   6.199   14.438   25.802
   9.128    8.806   22.483
  10.554    9.900   22.374
   9.174   10.112   21.320
   5.013   14.511   25.890
   6.438   15.605   25.781
   6.170   14.552   26.574
  39.977    5.851   14.018
  40.021    6.643   12.926
  41.235    6.937   12.261
  41.280    7.758   11.128
  40.113    8.314   10.620
  39.934    5.059   15.111
  38.720    4.765   15.776
  40.515    7.885    9.583
  40.742    9.326   10.637
  39.141    8.788   10.182
  38.090    3.753   15.759
  38.318    5.194   16.812
  39.196    4.352   16.237
  38.867   45.139   42.957
  38.754   46.483   42.907
  38.173   47.227   43.962
  38.056   48.621   43.910
  38.514   49.321   42.801
  38.980   43.795   43.007
  39.560   43.051   41.952
  39.057   50.000   43.617
  37.440   49.835   42.844
  38.895   49.921   41.877
  40.635   42.538   41.910
  39.018   42.372   41.137
  39.395   42.452   42.426
  38.697    7.104   20.527
  39.597    6.260   21.075
  39.321    4.884   21.255
  40.254    4.008   21.823
  41.497    4.477   22.231
  37.797    7.949   19.979
  38.073    9.325   19.799
  41.907    3.550   21.605
  41.240    3.898   23.240
  42.543    4.858   22.577
  38.331    9.904   18.790
  37.663   10.252   20.424
  37.350    9.322   19.504
   3.564   21.037    5.127
   2.694   20.009    5.228
   2.776   19.057    6.271
   1.874   17.991    6.376
   0.858   17.840    5.441
   4.434   22.064    5.027
   4.352   23.017    3.983
   0.164   17.733    6.404
   1.249   16.716    5.390
  -0.000   17.702    4.663
   3.961   24.141    4.034
   5.045   23.124    3.020
   4.974   23.314    4.350
  15.000   25.790    6.640
  14.931   27.070    6.215
  14.563   27.401    4.890
  14.492   28.728    4.449
  14.786   29.771    5.318
  15.069   24.511    7.065
  15.437   24.180    8.391
  13.754   30.218    4.925
  15.482   30.145    4.426
  15.031   30.656    6.037
  14.742   23.805    9.283
  16.470   23.733    8.784
  15.330   23.453    8.126
  35.841    6.303   37.874
  34.831    7.156   38.149
  33.643    7.185   37.381
  32.596    8.069   37.667
  32.700    8.957   38.730
  36.851    5.451   37.599
  38.039    5.422   38.367
  31.622    8.538   39.016
  32.358    9.763   37.922
  32.774    9.707   39.620
  38.381    4.617   39.175
  39.117    5.841   38.081
  38.226    4.858   37.861
  15.742    5.038   49.720
  14.530    5.601   49.530
  13.343    5.015   50.031
  12.087    5.600   49.834
  11.972    6.792   49.129
  16.954    4.474   49.910
  18.140    5.060   49.409
  11.314    7.130   50.063
  11.124    6.205   48.531
  11.861    7.791   48.539
  18.988    5.647   50.007
  18.798    4.722   48.475
  18.465    4.435   49.746
  24.949   40.310   44.686
  26.078   39.988   45.352
  26.247   38.730   45.978
  27.418   38.396   46.669
  28.461   39.309   46.760
  23.820   40.631   44.019
  23.651   41.890   43.394
  29.126   38.386   46.403
  28.418   39.045   47.921
  29.345   40.065   46.844
  23.694   42.153   42.232
  22.986   42.812   43.750
  22.958   41.583   43.204
  46.861   11.554   30.109
  47.507   12.410   29.288
  46.961   13.666   28.935
  47.630   14.553   28.083
  48.870   14.215   27.555
  46.215   10.699   30.931
  46.761    9.442   31.284
  49.185   15.297   27.943
  48.375   14.545   26.523
  49.911   13.944   27.104
  47.256    9.112   32.316
  46.445    8.361   30.896
  46.097    9.388   31.692
  26.081   25.519   11.257
  26.339   26.815   11.532
  25.647   27.870   10.890
  25.914   29.214   11.175
  26.882   29.552   12.112
  25.824   24.222   10.983
  26.516   23.168   11.625
  26.026   30.254   12.552
  27.272   30.281   11.254
  27.692   29.850   12.896
  26.126   22.439   12.483
  27.372   22.466   11.185
  26.053   22.731   11.171
   8.681    1.918   24.000
   8.164    2.313   22.817
   8.985    2.730   21.742
   8.450    3.140   20.515
   7.074    3.148   20.320
   9.197    1.522   25.183
   8.377    1.105   26.258
   7.344    2.558   19.320
   7.268    4.253   19.920
   5.922    3.159   20.142
   8.183   -0.000   26.658
   8.107    1.695   27.257
   9.068    1.012   26.610
  13.191   17.999   26.990
  12.410   17.654   28.035
  11.187   18.313   28.307
  10.376   17.956   29.391
  10.759   16.927   30.242
  13.973   18.343   25.945
  15.196   17.684   25.673
   9.649   16.536   30.058
  10.518   17.721   31.098
  11.069   16.066   30.965
  15.437   16.891   24.818
  16.306   18.075   25.858
  15.215   18.192   25.080
  31.887   38.959   10.012
  32.863   38.061    9.758
  34.140   38.453    9.291
  35.152   37.522    9.029
  34.924   36.166    9.223
  30.911   39.856   10.265
  29.634   39.464   10.732
  35.952   36.212    9.824
  35.376   36.065    8.125
  34.745   35.025    9.382
  29.183   39.565   11.830
  28.607   39.419   10.131
  29.507   40.234   10.709
  37.037   22.044    3.156
  35.866   22.716    3.140
  34.618   22.050    3.139
  33.405   22.747    3.122
  33.396   24.136    3.105
  38.207   21.371    3.172
  39.455   22.038    3.173
  32.620   24.012    4.001
  32.633   23.991    2.201
  33.374   25.302    3.091
  40.218   22.183    4.077
  40.231   22.161    2.277
  39.726   21.305    3.184
  31.316    7.680   45.094
  32.483    8.158   44.612
  32.795    9.538   44.637
  34.005   10.034   44.137
  34.946    9.168   43.594
  30.149    7.202   45.577
  29.837    5.822   45.552
  35.701    9.745   44.313
  34.949    9.944   42.690
  35.745    8.452   43.137
  29.835    5.046   46.456
  29.082    5.245   44.833
  29.179    6.074   45.888
  12.470   35.508   28.628
  11.811   34.338   28.762
  12.473   33.141   29.122
  11.789   31.927   29.261
  10.418   31.868   29.044
  13.130   36.678   28.494
  12.468   37.876   28.134
  10.408   31.301   30.093
  10.699   30.938   28.354
   9.267   31.804   28.866
  12.187   38.805   28.825
  12.478   38.443   27.086
  13.190   38.168   28.194
  33.022    4.541   12.055
  33.532    5.766   11.808
  34.842    5.945   11.304
  35.371    7.215   11.047
  34.610    8.352   11.286
  32.511    3.316   12.302
  31.201    3.137   12.806
  34.945    8.651   10.183
  35.583    8.725   11.865
  33.981    9.315   11.483
  30.228    2.764   12.228
  30.865    2.838   13.910
  31.402    2.383   12.763
  20.542   38.099   26.015
  19.728   37.242   26.668
  19.706   37.156   28.080
  18.862   36.267   28.756
  18.010   35.432   28.044
  21.355   38.956   25.363
  21.378   39.042   23.951
  17.185   35.844   28.800
  18.469   34.583   28.743
  17.290   34.726   27.459
  20.919   39.891   23.252
  22.202   38.629   23.195
  21.919   39.586   24.099
  43.580    1.924    7.930
  43.052    3.070    8.410
  42.027    3.072    9.386
  41.480    4.260    9.884
  41.938    5.489    9.425
  44.107    0.778    7.449
  45.133    0.775    6.474
  42.019    5.746   10.586
  40.779    5.722    9.282
  42.314    6.527    9.048
  46.292    0.543    6.617
  45.052    0.518    5.313
  45.062    0.002    6.555
  39.494   18.432   36.857
  39.181   18.838   35.608
  39.938   18.444   34.480
  39.614   18.865   33.184
  38.521   19.697   32.972
  39.807   18.025   38.106
  39.050   18.420   39.235
  38.241   18.898   32.133
  39.299   20.340   32.338
  37.607   20.395   32.779
  38.272   17.777   39.868
  39.330   19.219   40.073
  39.576   17.980   39.608
  19.549   25.539   20.646
  19.947   24.820   19.575
  19.113   24.627   18.449
  19.526   23.881   17.338
  20.788   23.302   17.314
  19.151   26.258   21.717
  19.985   26.451   22.843
  20.860   23.814   16.241
  20.190   22.323   16.993
  21.845   22.810   17.281
  20.583   27.430   23.165
  19.913   25.939   23.917
  19.368   26.857   23.098
   6.861    9.843   49.627
   8.106   10.335   49.449
   9.244    9.716   50.017
  10.535   10.226   49.833
  10.733   11.372   49.074
   5.616    9.352   49.805
   4.477    9.971   49.237
  11.567   10.713   48.534
  11.379   11.724   50.011
  10.914   12.333   48.439
   3.832    9.618   48.299
   3.644   10.629   49.776
   4.110    9.381   49.594
   6.897   10.722   40.046
   6.457   11.559   41.009
   7.346   12.294   41.829
   6.889   13.162   42.828
   5.527   13.326   43.043
   7.337    9.886   39.083
   6.448    9.151   38.263
   5.792   14.487   42.997
   5.816   13.134   44.183
   4.386   13.474   43.235
   6.159    9.343   37.123
   6.183    7.990   38.310
   7.116    8.891   37.953
  49.005   35.025   41.106
  48.392   33.824   41.043
  49.120   32.616   40.927
  48.484   31.370   40.860
  47.098   31.288   40.908
  49.618   36.226   41.170
  48.890   37.434   41.286
  47.305   30.463   41.743
  47.236   30.594   39.949
  45.936   31.205   40.946
  48.752   38.128   42.245
  48.683   38.259   40.451
  49.607   37.743   41.281
  35.584    2.927   42.402
  34.334    2.419   42.361
  34.061    1.143   41.813
  32.764    0.616   41.770
  31.695    1.346   42.274
  36.834    3.435   42.443
  37.107    4.711   42.991
  31.441    0.332   42.846
  31.190    1.080   41.228
  30.789    1.948   42.693
  37.613    4.977   44.036
  37.362    5.725   42.419
  37.838    4.523   42.790
  25.807    7.215    5.339
  26.095    8.467    4.925
  26.640    9.438    5.797
  26.939   10.737    5.367
  26.703   11.110    4.050
  25.519    5.962    5.754
  24.973    4.991    4.882
  27.822   11.516    4.101
  26.161   12.047    4.549
  26.510   11.436    2.947
  25.515    4.054    4.383
  23.854    4.584    4.831
  25.006    4.549    5.525
  35.179   14.710   21.635
  34.544   15.846   21.995
  34.514   16.296   23.337
  33.856   17.473   23.710
  33.203   18.243   22.756
  35.814   13.575   21.275
  35.844   13.125   19.934
  33.811   19.140   23.251
  32.299   18.205   23.532
  32.650   18.898   21.965
  36.747   13.163   19.158
  35.235   12.228   19.438
  36.261   12.545   20.249
  40.721   46.251   14.384
  41.765   46.988   13.948
  41.623   47.962   12.931
  42.706   48.726   12.480
  43.969   48.544   13.029
  39.678   45.514   14.819
  39.820   44.540   15.836
  43.951   49.731   13.135
  44.313   48.483   11.889
  45.034   48.401   13.481
  39.476   44.601   16.975
  39.837   43.353   15.729
  39.055   44.447   15.707
  25.464   45.316    0.771
  24.707   46.432    0.830
  25.266   47.726    0.696
  24.481   48.883    0.757
  23.109   48.789    0.955
  26.221   44.200    0.712
  25.662   42.907    0.847
  23.055   49.527    0.021
  23.306   49.604    1.802
  21.956   48.724    1.120
  25.465   42.092   -0.000
  25.716   42.168    1.780
  26.406   42.691    0.751
  31.546    2.511   31.348
  31.395    3.827   31.085
  31.605    4.362   29.792
  31.448    5.727   29.520
  31.077    6.604   30.530
  31.697    1.196   31.610
  31.487    0.660   32.903
  30.265    6.969   29.738
  31.999    7.246   30.134
  30.765    7.352   31.370
  30.565    0.018   33.300
  32.299    0.296   33.696
  31.676   -0.006   32.542
  47.303   13.213   35.888
  46.909   14.201   36.719
  47.824   15.131   37.267
  47.415   16.156   38.128
  46.075   16.289   38.471
  47.698   12.224   35.058
  46.782   11.295   34.510
  46.245   17.429   38.170
  46.501   16.344   39.583
  44.954   16.411   38.768
  46.357   11.239   33.398
  46.613   10.154   34.812
  47.430   11.014   34.177
  25.984   24.358   22.813
  26.658   23.924   23.899
  26.454   22.634   24.443
  27.154   22.184   25.569
  28.083   23.009   26.192
  25.309   24.791   21.727
  25.513   26.082   21.183
  28.789   22.052   26.117
  27.494   22.706   27.183
  28.865   23.690   26.724
  26.102   26.385   20.193
  24.807   27.039   21.258
  24.972   25.837   20.676
   9.104   19.676   26.167
  10.202   20.457   26.243
  11.503   19.914   26.361
  12.641   20.724   26.440
  12.520   22.108   26.402
   8.005   18.894   26.092
   6.704   19.438   25.973
  13.370   22.030   25.571
  13.221   22.065   27.364
  12.432   23.270   26.372
   6.003   19.480   25.011
   5.854   19.516   26.804
   6.504   18.683   25.971
  40.452   31.214   27.513
  40.448   32.488   27.068
  39.654   33.491   27.673
  39.650   34.813   27.211
  40.440   35.179   26.128
  40.456   29.939   27.958
  41.249   28.936   27.353
  40.785   36.066   26.845
  39.432   35.671   25.725
  41.098   35.499   25.220
  42.257   28.444   27.755
  40.904   28.049   26.636
  40.921   28.492   27.906
  29.075   33.782   36.551
  30.030   34.718   36.733
  31.385   34.374   36.951
  32.376   35.344   37.140
  32.048   36.694   37.118
  28.119   32.846   36.368
  26.764   33.191   36.150
  32.964   36.772   36.360
  32.668   36.728   38.135
  31.786   37.830   37.102
  26.144   33.157   35.133
  25.847   33.113   36.908
  26.682   32.415   36.118
   3.612   38.940   26.280
   3.284   38.906   24.971
   2.544   37.838   24.411
   2.203   37.803   23.054
   2.590   38.834   22.208
   3.941   38.974   27.589
   4.681   40.043   28.149
   1.446   38.818   21.877
   2.978   37.946   21.515
   2.909   39.693   21.487
   4.293   40.931   28.842
   5.826   40.059   28.480
   4.595   39.621   28.800
  13.870   12.697   10.751
  14.389   12.397   11.961
  13.744   12.764   13.166
  14.282   12.453   14.420
  15.485   11.764   14.514
  13.351   12.997    9.542
  13.996   12.631    8.337
  14.880   11.072   15.272
  15.774   12.634   15.276
  16.494   11.187   14.608
  13.708   11.760    7.575
  14.602   13.323    7.579
  13.376   12.986    8.021
  35.833    9.838   40.039
  35.576   10.972   39.353
  36.515   12.026   39.268
  36.249   13.202   38.556
  35.033   13.365   37.904
  36.090    8.705   40.726
  35.150    7.650   40.811
  35.718   13.676   36.980
  35.021   14.417   38.465
  34.016   13.515   37.353
  35.161    6.599   40.251
  34.465    7.340   41.736
  35.715    7.323   41.240
  32.733   34.729   33.511
  31.491   35.105   33.883
  31.169   36.453   34.171
  29.881   36.842   34.557
  28.868   35.898   34.668
  33.975   34.353   33.139
  34.296   33.005   32.851
  28.251   36.672   34.004
  28.688   36.408   35.730
  28.009   35.116   34.766
  34.476   32.496   31.789
  34.913   32.232   33.515
  35.002   33.313   32.720
  44.701   34.972   15.349
  45.978   34.588   15.561
  46.894   35.393   16.279
  48.218   34.995   16.499
  48.673   33.777   16.009
  43.424   35.356   15.137
  42.509   34.552   14.419
  49.079   33.629   17.119
  49.575   34.433   15.587
  49.069   32.758   15.602
  41.607   33.897   14.841
  42.103   34.700   13.308
  42.027   35.147   14.575
  17.526    7.972   44.261
  17.895    7.349   43.122
  19.091    7.678   42.441
  19.473    7.032   41.259
  18.674    6.034   40.716
  17.157    8.595   45.400
  15.961    8.266   46.082
  19.695    5.421   40.671
  18.807    6.655   39.709
  18.012    5.194   40.250
  15.828    7.645   47.089
  14.940    8.879   46.127
  16.210    8.824   46.568
  41.094    7.378   45.834
  40.226    6.355   45.987
  40.649    5.067   46.391
  39.749    4.006   46.550
  38.394    4.196   46.310
  41.962    8.401   45.681
  41.539    9.689   45.276
  38.265    3.673   47.372
  38.506    3.211   45.650
  37.254    4.342   46.111
  41.427   10.675   45.936
  41.667   10.213   44.214
  42.301    9.844   45.341
  26.251    2.582    9.805
  26.689    3.811   10.153
  27.915    4.333    9.675
  28.369    5.607   10.036
  27.615    6.404   10.888
  25.812    1.354    9.457
  24.587    0.832    9.936
  27.792    7.237   10.054
  28.646    6.530   11.471
  26.992    7.084   11.602
  23.556    0.706    9.352
  24.411   -0.001   10.770
  24.801    0.219    9.501
  24.011   32.451   21.283
  24.669   33.599   21.549
  26.070   33.633   21.742
  26.752   34.825   22.017
  26.057   36.024   22.110
  23.353   31.302   21.017
  21.952   31.268   20.824
  26.899   36.419   21.365
  26.663   36.146   23.128
  25.486   37.038   22.190
  21.346   31.145   19.805
  21.110   30.872   21.569
  22.091   30.506   20.725
  32.215    5.082   48.193
  33.511    5.427   48.040
  33.896    6.683   47.513
  35.240    7.041   47.355
  36.248    6.156   47.719
  30.919    4.737   48.345
  30.534    3.482   48.872
  36.689    7.100   48.297
  36.679    6.405   46.637
  37.103    5.423   48.020
  30.102    3.232   49.955
  30.092    2.538   48.294
  29.818    3.771   48.755
   4.929   30.365   40.727
   5.126   31.658   40.395
   6.423   32.200   40.224
   6.627   33.541   39.879
   5.543   34.389   39.694
   4.732   29.071   41.059
   3.436   28.530   41.230
   6.101   34.670   38.680
   6.148   35.111   40.424
   4.641   35.112   39.535
   2.831   27.808   40.500
   2.877   28.249   42.244
   3.843   27.881   41.383
   5.307   14.646   37.606
   4.352   15.127   38.430
   4.303   16.490   38.806
   3.312   16.989   39.660
   2.335   16.143   40.169
   6.262   14.164   36.782
   6.311   12.801   36.407
   1.588   16.990   39.790
   2.635   16.636   41.211
   1.510   15.443   40.603
   6.012   12.307   35.364
   7.059   11.954   36.785
   6.937   13.044   36.006
   9.989   26.665   18.619
  10.912   27.555   19.044
  11.670   28.338   18.142
  12.626   29.260   18.583
  12.859   29.432   19.942
   9.067   25.776   18.194
   8.308   24.993   19.096
  12.741   30.589   19.684
  14.002   29.306   19.630
  13.064   29.586   21.080
   7.165   25.118   19.408
   8.427   23.835   19.354
   8.001   24.718   18.432
  32.256   39.184   34.032
  33.270   38.772   34.822
  33.333   39.104   36.196
  34.385   38.678   37.015
  35.412   37.903   36.489
  31.241   39.595   33.242
  31.178   39.263   31.868
  35.194   37.207   37.432
  36.114   38.701   37.028
  36.280   37.253   36.061
  30.476   38.465   31.329
  31.396   39.959   30.925
  30.519   39.680   31.907
   4.687    9.532    3.399
   3.542    9.703    2.704
   2.306    9.183    3.156
   1.119    9.361    2.435
   1.126   10.064    1.237
   5.831    9.361    4.094
   7.068    9.880    3.642
   0.209   10.649    1.725
   0.524    9.120    0.829
   1.117   10.652    0.230
   7.669   10.825    4.050
   7.984    9.296    3.154
   7.326    9.548    4.300
  33.863   21.353    7.660
  34.217   20.226    8.314
  33.308   19.522    9.139
  33.675   18.353    9.818
  34.963   17.848    9.696
  33.509   22.480    7.006
  34.418   23.185    6.181
  34.399   16.822    9.471
  34.920   17.806   10.886
  36.041   17.413    9.602
  34.461   23.226    4.991
  34.981   24.210    6.405
  33.800   23.653    6.083
  22.807    2.065   22.619
  21.543    1.750   22.974
  20.580    2.741   23.276
  19.269    2.414   23.644
  18.875    1.084   23.723
  24.071    2.380   22.264
  25.034    1.389   21.962
  17.956    1.453   23.059
  18.453    1.408   24.789
  18.531   -0.028   23.792
  25.457    1.066   20.895
  25.953    1.020   22.625
  25.487    2.015   21.848
  41.401   20.420   15.822
  41.318   21.762   15.943
  42.456   22.596   15.835
  42.371   23.988   15.960
  41.144   24.595   16.197
  41.484   19.078   15.702
  40.346   18.243   15.809
  41.464   25.300   15.291
  41.736   25.157   17.064
  40.120   25.118   16.396
  39.753   17.681   14.942
  40.026   17.539   16.715
  40.876   17.684   15.683
  12.244   11.981   22.700
  11.399   12.706   23.462
  10.961   13.996   23.078
  10.085   14.748   23.869
   9.614   14.237   25.073
  13.090   11.255   21.937
  13.528    9.966   22.321
   8.551   14.563   24.646
   9.953   15.294   25.505
   9.212   13.820   26.085
  13.189    8.908   21.889
  14.591    9.640   22.748
  13.917   10.013   21.645
  24.739   16.019   31.587
  23.932   14.946   31.441
  22.614   15.062   30.940
  21.777   13.950   30.789
  22.229   12.682   31.133
  25.546   17.091   31.732
  26.864   16.975   32.233
  21.816   12.384   30.055
  21.200   12.619   31.731
  22.596   11.612   31.417
  27.893   17.038   31.635
  27.278   17.273   33.310
  26.860   17.749   32.123
  30.979   43.612    3.287
  30.838   44.293    4.444
  30.613   43.638    5.678
  30.467   44.344    6.878
  30.541   45.731    6.887
  31.120   42.930    2.130
  31.344   43.586    0.897
  31.306   45.556    7.784
  29.529   45.651    7.511
  30.600   46.896    6.908
  32.356   43.666    0.272
  30.579   43.762   -0.000
  31.346   42.852    0.629
  48.719   23.161   29.458
  48.815   24.429   29.912
  49.822   24.825   30.824
  49.921   26.139   31.295
  49.018   27.105   30.870
  48.623   21.893   29.004
  47.615   21.498   28.092
  50.000   27.745   30.659
  48.915   27.335   32.035
  48.265   27.926   30.522
  47.718   21.268   26.927
  46.633   20.857   28.303
  47.970   20.806   28.165
  12.544   44.650   40.918
  11.224   44.367   40.934
  10.239   45.383   40.939
   8.870   45.091   40.956
   8.437   43.771   40.969
  13.864   44.932   40.901
  14.848   43.916   40.896
   7.736   44.129   40.074
   7.756   44.139   41.874
   8.060   42.667   40.979
  15.530   43.547   39.991
  15.550   43.558   41.791
  15.330   44.530   40.887
  29.774    1.816   26.613
  31.016    1.530   27.056
  31.322    0.301   27.688
  32.610    0.004   28.148
  33.639    0.924   27.991
  28.531    2.103   26.170
  28.225    3.332   25.537
  34.233   -0.011   27.550
  33.830    0.712   29.148
  34.512    1.687   27.866
  28.035    3.543   24.380
  27.632    4.266   25.978
  27.513    3.014   25.501
  20.965   38.287   38.274
  20.600   39.491   37.787
  21.101   40.701   38.323
  20.723   41.950   37.817
  19.829   42.034   36.757
  21.331   37.082   38.762
  20.829   35.872   38.226
  20.646   42.768   36.295
  19.273   42.822   37.458
  19.079   42.119   35.868
  21.385   35.085   37.525
  20.011   35.139   38.687
  21.285   35.562   38.779
  13.444   36.451   41.196
  14.739   36.439   40.814
  15.719   35.692   41.508
  17.061   35.679   41.112
  17.472   36.414   40.006
  12.149   36.463   41.578
  11.169   37.211   40.884
  17.992   35.392   39.683
  18.319   36.808   40.746
  17.830   37.027   39.081
  10.321   36.817   40.144
  10.648   38.233   41.207
  10.702   36.908   41.432
  14.707    2.273   22.944
  14.715    1.832   24.220
  14.675    0.454   24.538
  14.683   -0.003   25.861
  14.732    0.903   26.914
  14.699    2.713   21.668
  14.739    4.092   21.350
  15.617    0.205   27.302
  13.818    0.264   27.334
  14.773    1.652   27.807
  15.653    4.730   20.929
  13.855    4.790   20.961
  14.717    3.815   20.620
  25.389   14.367   44.424
  25.901   13.167   44.770
  25.403   12.427   45.868
  25.934   11.182   46.227
  26.982   10.633   45.500
  24.877   15.567   44.078
  25.376   16.307   42.980
  26.293    9.660   45.488
  27.474   10.477   46.574
  27.863   10.160   44.899
  24.884   16.463   41.906
  26.065   17.279   42.992
  24.822   16.810   43.204
  44.472   33.951   20.361
  45.124   35.103   20.094
  45.850   35.292   18.895
  46.526   36.487   18.618
  46.499   37.534   19.530
  43.820   32.799   20.628
  43.093   32.610   21.827
  46.202   38.185   18.577
  47.680   37.532   19.370
  46.485   38.421   20.287
  41.912   32.612   21.987
  43.391   31.959   22.780
  42.955   31.910   21.508
  44.114   15.970    7.463
  45.334   16.544    7.527
  45.859   17.311    6.459
  47.124   17.907    6.526
  47.909   17.757    7.662
  42.894   15.395    7.399
  42.369   14.628    8.466
  48.020   18.941    7.583
  48.756   17.457    6.879
  48.579   17.640    8.609
  41.523   14.929    9.250
  42.259   13.445    8.546
  41.763   14.559    7.978
  32.186   20.539   29.078
  32.712   20.061   30.226
  33.421   20.890   31.128
  33.967   20.394   32.318
  33.825   19.052   32.648
  31.659   21.018   27.931
  30.950   20.189   27.029
  33.465   19.482   33.699
  35.000   19.108   32.837
  33.713   17.927   32.937
  29.775   20.133   26.839
  31.310   19.759   25.978
  30.889   20.858   26.629
  42.860   41.530   15.740
  41.769   41.934   15.055
  40.650   41.091   14.860
  39.519   41.510   14.150
  39.467   42.789   13.609
  43.950   41.125   16.425
  45.070   41.968   16.620
  38.403   42.832   14.144
  39.133   42.216   12.619
  39.410   43.859   13.149
  45.403   42.542   17.610
  46.133   41.926   16.084
  45.340   41.343   17.002
   3.589   25.687   45.170
   3.854   24.365   45.240
   2.833   23.405   45.439
   3.108   22.034   45.511
   4.413   21.575   45.388
   3.323   27.009   45.100
   4.344   27.969   44.902
   3.936   20.824   44.595
   4.153   20.962   46.377
   5.504   21.175   45.287
   4.604   28.582   43.913
   4.821   28.720   45.695
   3.739   28.462   44.937
  20.195   40.015   15.653
  21.491   40.141   16.011
  22.246   39.045   16.493
  23.590   39.176   16.863
  24.227   40.406   16.765
  18.900   39.890   15.296
  18.145   40.985   14.814
  25.068   39.779   16.200
  24.566   40.174   17.883
  24.774   41.433   16.688
  17.806   41.218   13.695
  17.303   41.612   15.378
  17.584   40.444   14.773
  15.196   45.884   17.540
  16.441   46.404   17.589
  16.669   47.795   17.719
  17.960   48.334   17.770
  19.069   47.501   17.693
  13.951   45.364   17.491
  13.724   43.974   17.362
  19.429   48.108   18.653
  19.430   48.275   16.861
  20.009   46.814   17.629
  13.363   43.200   18.194
  13.364   43.367   16.402
  12.977   44.202   17.383
  14.833    6.751   30.493
  14.617    7.887   31.190
  15.025    8.030   32.537
  14.800    9.208   33.259
  14.159   10.286   32.660
  15.050    5.615   29.797
  14.642    5.473   28.449
  15.078   10.907   33.095
  13.488   10.267   33.645
  13.623   11.197   32.169
  15.313    5.491   27.465
  13.723    4.851   28.014
  14.958    4.764   28.540
   6.204   24.799   47.758
   6.438   25.491   46.622
   7.681   26.117   46.368
   7.924   26.835   45.191
   6.932   26.952   44.226
   5.970   24.107   48.893
   4.727   23.481   49.147
   7.797   26.609   43.481
   7.202   28.111   44.275
   6.108   27.058   43.407
   4.456   22.321   49.098
   3.861   23.823   49.891
   5.087   23.274   49.808
   3.949    7.872   29.549
   4.990    8.230   28.768
   6.000    9.112   29.222
   7.080    9.483   28.412
   7.188    8.986   27.119
   2.908    7.514   30.330
   1.898    6.633   29.877
   8.304    8.729   27.451
   7.358   10.130   26.832
   7.292    8.576   26.032
   1.728    5.488   30.163
   0.783    6.890   29.545
   1.615    6.758   30.594
  19.589   33.317   18.115
  19.527   34.393   17.303
  20.673   34.906   16.650
  20.609   36.023   15.807
  19.397   36.666   15.588
  19.651   32.240   18.927
  18.505   31.727   19.580
  19.702   36.570   14.440
  20.021   37.648   15.846
  18.387   37.215   15.395
  17.882   30.744   19.323
  18.200   31.823   20.728
  19.024   31.213   19.857
  26.294   43.657    8.020
  25.988   44.589    7.092
  25.589   45.899    7.448
  25.273   46.866    6.486
  25.343   46.556    5.134
  26.600   42.725    8.948
  26.999   41.415    8.592
  25.972   47.567    5.069
  24.252   47.035    5.100
  25.398   46.310    3.995
  28.089   40.937    8.625
  26.370   40.405    8.657
  27.039   41.331    9.367
  26.403   20.007   19.258
  26.514   19.409   20.463
  26.833   20.135   21.635
  26.947   19.514   22.884
  26.747   18.145   23.007
  26.293   20.606   18.053
  25.974   19.880   16.881
  26.027   18.462   23.902
  27.779   18.178   23.601
  26.581   16.996   23.124
  24.941   19.847   16.287
  26.693   19.563   15.986
  26.032   20.587   16.555
  23.643   14.012    9.549
  23.799   15.305    9.905
  23.776   16.352    8.954
  23.937   17.693    9.322
  24.128   18.034   10.655
  23.488   12.719    9.194
  23.511   11.671   10.145
  23.261   18.824   10.442
  25.042   18.668   10.228
  24.288   18.335   11.771
  22.597   11.037   10.573
  24.377   10.882   10.358
  23.396   11.234    9.508
  43.782   30.362   27.992
  44.723   29.396   28.034
  44.420   28.041   27.760
  45.397   27.039   27.804
  46.711   27.356   28.125
  42.840   31.329   27.949
  43.143   32.684   28.223
  46.965   26.721   27.148
  46.606   26.449   28.891
  47.818   27.608   28.392
  43.248   33.590   27.457
  42.889   33.318   29.199
  42.380   32.772   28.080
  32.465   35.143   27.984
  33.545   34.334   27.936
  34.723   34.697   27.240
  35.843   33.859   27.190
  35.825   32.628   27.834
  31.385   35.951   28.033
  30.207   35.589   28.728
  36.868   32.992   28.280
  36.224   32.221   26.787
  35.824   31.592   28.370
  29.809   35.996   29.775
  29.164   35.224   28.282
  29.968   36.287   28.471
   8.060   40.400   35.443
   8.723   41.113   36.378
  10.010   41.650   36.139
  10.697   42.390   37.109
  10.122   42.619   38.353
   7.397   39.687   34.508
   6.110   39.150   34.747
  10.426   43.751   38.140
  11.173   42.238   38.764
   9.651   42.818   39.401
   5.059   39.531   34.336
   5.806   38.017   34.960
   6.198   38.892   34.015
  11.718    7.118   19.886
  12.730    7.065   20.778
  14.076    6.898   20.375
  15.126    6.843   21.300
  14.867    6.953   22.660
  10.706    7.171   18.994
   9.360    7.338   19.397
  15.738    7.766   22.628
  15.549    5.979   22.737
  14.663    7.044   23.805
   8.678    8.312   19.321
   8.488    6.526   19.429
   9.236    7.304   18.626
  14.895   41.265   32.070
  13.567   41.312   31.834
  12.859   40.205   31.307
  11.482   40.254   31.062
  10.762   41.410   31.335
  16.224   41.219   32.306
  16.931   42.325   32.833
  10.026   40.663   31.900
  10.344   41.255   30.230
  10.147   42.375   31.560
  17.350   42.480   33.938
  17.667   43.072   32.268
  17.534   41.833   32.773
  49.704   13.383   34.474
  49.496   13.365   35.808
  50.001   12.332   36.632
  49.785   12.313   38.015
  49.057   13.328   38.623
  49.913   13.400   33.140
  49.408   14.434   32.316
  49.981   13.363   39.375
  48.465   12.425   39.127
  48.448   14.174   39.147
  50.000   15.337   31.813
  48.484   14.399   31.564
  49.759   14.015   31.758
  46.363   42.344   11.991
  46.540   41.006   12.000
  45.489   40.108   11.697
  45.674   38.720   11.706
  46.915   38.180   12.018
  46.185   43.682   11.983
  47.236   44.580   12.285
  46.745   37.546   11.024
  46.286   37.496   12.764
  47.952   37.714   12.278
  47.865   45.264   11.540
  47.407   45.214   13.280
  46.678   45.110   12.154
  45.942   43.674    2.119
  46.956   42.796    2.262
  47.270   42.208    3.510
  48.322   41.296    3.658
  49.099   40.940    2.563
  44.927   44.553    1.977
  44.613   45.141    0.728
  48.882   39.829    2.935
  50.008   41.187    3.292
  49.759   40.633    1.652
  43.704   44.894   -0.001
  44.830   46.252    0.356
  44.058   45.490    1.152
   5.761   28.014   25.174
   6.549   29.099   25.333
   6.780   29.677   26.604
   7.598   30.802   26.769
   8.212   31.388   25.670
   4.972   26.930   25.014
   4.741   26.352   23.744
   9.191   31.324   26.347
   7.763   32.396   26.120
   8.735   31.890   24.756
   5.191   25.344   23.294
   3.762   26.415   23.067
   4.305   25.860   24.165
  16.528   27.394   35.816
  17.105   28.163   34.868
  16.639   29.466   34.573
  17.237   30.263   33.589
  18.322   29.785   32.866
  15.951   26.625   36.764
  16.418   25.322   37.059
  18.812   30.832   33.158
  17.691   30.152   31.925
  19.234   29.397   32.251
  17.049   24.955   38.000
  15.928   24.275   36.767
  15.833   25.345   37.577
   7.095   44.293   17.613
   6.518   43.489   18.530
   5.226   43.746   19.046
   4.627   42.912   19.998
   5.299   41.790   20.467
   7.673   45.098   16.696
   8.965   44.840   16.180
   4.275   41.233   20.217
   4.999   42.219   21.538
   5.851   40.846   20.870
   9.265   44.411   15.109
   9.989   45.397   16.429
   8.817   45.491   15.774
  28.395   18.269   41.038
  27.264   18.614   41.690
  27.287   19.152   42.999
  26.115   19.510   43.675
  24.877   19.342   43.067
  29.526   17.925   40.387
  29.503   17.387   39.078
  24.701   20.470   43.408
  24.590   18.809   44.093
  23.832   19.206   42.568
  29.790   17.919   38.051
  29.679   16.258   38.736
  30.277   17.378   39.183
  31.083   32.997   29.464
  32.260   33.625   29.670
  33.495   32.935   29.632
  34.716   33.586   29.846
  34.745   34.950   30.104
  29.905   32.369   29.258
  28.671   33.059   29.295
  35.576   34.962   29.251
  35.444   34.631   31.015
  34.784   36.095   30.322
  27.971   33.379   28.385
  27.840   33.047   30.149
  28.389   32.347   29.140
  40.956   27.314    5.803
  40.707   27.623    7.094
  41.629   27.330    8.127
  41.370   27.651    9.465
  40.181   28.277    9.817
  41.205   27.004    4.513
  40.284   27.298    3.480
  40.901   29.024   10.405
  40.124   27.417   10.640
  39.188   28.802   10.127
  40.341   28.158    2.657
  39.564   26.551    2.893
  40.836   26.967    3.038
   4.282   21.383   40.372
   4.736   22.617   40.680
   6.070   23.011   40.421
   6.541   24.290   40.740
   5.695   25.221   41.329
   3.828   20.150   40.065
   2.494   19.755   40.324
   6.102   25.941   40.472
   6.592   25.355   42.102
   4.995   26.012   41.824
   1.597   19.621   39.552
   2.087   19.035   41.181
   2.743   19.086   40.008
  21.025   47.992   11.927
  22.070   48.409   12.673
  22.236   48.011   14.021
  23.320   48.444   14.794
  24.277   49.290   14.247
  19.980   47.575   11.181
  19.814   47.973    9.834
  25.046   48.499   14.698
  24.091   49.927   15.237
  25.087   50.000   13.800
  19.999   47.336    8.844
  19.045   48.764    9.383
  19.176   47.525    9.891
  47.298   40.605    9.970
  46.828   41.869    9.894
  45.447   42.149    9.762
  44.960   43.459    9.684
  45.836   44.536    9.736
  47.768   39.342   10.045
  49.149   39.062   10.177
  45.079   44.945   10.561
  45.242   44.898    8.768
  46.560   45.449    9.778
  49.743   38.700   11.145
  49.906   38.653    9.353
  48.891   38.325   10.173
  31.089   27.671   33.114
  30.788   27.616   31.799
  31.779   27.749   30.797
  31.467   27.692   29.433
  30.153   27.501   29.023
  31.390   27.725   34.429
  30.400   27.593   35.431
  30.629   26.654   28.333
  30.375   28.436   28.318
  29.055   27.341   28.665
  30.178   26.658   36.136
  29.924   28.440   36.121
  31.016   27.685   35.902
  40.531   30.779    4.740
  41.453   29.852    5.077
  42.840   30.133    5.064
  43.795   29.171    5.414
  43.397   27.894    5.789
  39.610   31.707    4.403
  38.223   31.426    4.417
  44.126   28.080    6.714
  44.217   27.547    4.997
  43.078   26.818    6.106
  37.404   31.773    5.209
  37.495   31.240    3.492
  38.179   32.170    4.183
  26.275   38.875   11.332
  25.536   37.826   10.911
  25.313   37.569    9.538
  24.547   36.481    9.102
  23.977   35.612   10.024
  27.014   39.924   11.752
  27.237   40.182   13.125
  24.467   34.770    9.338
  22.987   35.792    9.387
  23.493   34.875   10.787
  28.227   40.002   13.763
  26.747   41.024   13.811
  27.643   40.784   12.837
  13.597   35.296   46.370
  13.096   36.355   47.042
  11.781   36.358   47.565
  11.262   37.456   48.261
  12.039   38.590   48.459
  14.097   34.238   45.698
  15.412   34.235   45.175
  11.691   38.471   49.593
  11.078   39.162   48.048
  12.680   39.548   48.633
  16.373   33.663   45.587
  15.760   34.353   44.042
  15.203   33.520   44.939
  25.151   28.641   35.234
  24.150   29.002   34.403
  23.841   30.359   34.147
  22.803   30.734   33.286
  22.037   29.765   32.650
  26.152   28.280   36.064
  26.461   26.923   36.321
  22.270   30.408   31.673
  21.120   30.407   33.059
  21.386   28.962   32.109
  27.378   26.281   35.912
  26.228   26.280   37.297
  27.009   27.244   36.775
  17.790   32.408   22.809
  18.684   33.402   22.997
  18.802   34.485   22.094
  19.729   35.516   22.289
  20.571   35.500   23.393
  16.896   31.414   22.621
  16.779   30.330   23.524
  20.199   36.624   23.530
  21.422   35.703   22.584
  21.284   35.500   24.316
  15.928   30.128   24.334
  17.151   29.207   23.387
  16.224   30.110   23.021
   6.228   12.639   28.119
   7.518   12.936   28.384
   7.948   13.327   29.674
   9.286   13.635   29.948
  10.242   13.561   28.943
   4.938   12.343   27.854
   4.508   11.951   26.564
  10.850   12.926   29.747
  10.541   14.648   29.327
  11.054   13.503   28.109
   4.208   10.864   26.180
   3.899   12.586   25.760
   3.815   11.914   26.922
  38.316    1.421   18.836
  39.213    1.566   17.838
  39.846    0.455   17.231
  40.775    0.606   16.195
  41.106    1.873   15.729
  37.419    1.275   19.835
  36.786    2.386   20.442
  40.895    1.392   14.660
  42.225    1.490   15.868
  41.392    2.930   15.329
  35.666    2.769   20.304
  36.997    2.866   21.512
  36.444    1.825   20.864
  24.783   14.276   27.532
  25.838   15.041   27.884
  25.867   15.767   29.098
  26.961   16.561   29.463
  28.066   16.657   28.627
  23.728   13.511   27.180
  23.700   12.785   25.966
  28.677   16.416   29.621
  27.928   17.829   28.794
  29.000   16.746   27.934
  23.838   11.613   25.799
  23.089   13.025   24.972
  22.999   12.570   26.234
  33.132   12.723   30.948
  32.282   13.461   31.693
  32.712   14.601   32.413
  31.831   15.367   33.185
  30.488   15.021   33.265
  33.981   11.984   30.203
  33.551   10.844   29.483
  30.310   16.171   33.009
  30.662   15.135   34.438
  29.358   14.741   33.341
  33.377   10.730   28.310
  33.729    9.694   29.739
  34.305   10.820   29.280
  45.429   25.710   11.924
  45.146   24.604   12.644
  46.092   24.015   13.517
  45.799   22.868   14.264
  44.550   22.269   14.166
  45.711   26.816   11.203
  44.765   27.405   10.331
  44.584   22.304   15.356
  45.184   21.272   14.009
  43.505   21.756   14.093
  44.131   28.401   10.488
  44.731   27.370    9.140
  45.350   27.907   10.207
  42.625    3.285    2.914
  43.957    3.451    2.764
  44.839    3.482    3.870
  46.219    3.654    3.713
  46.767    3.801    2.445
  41.294    3.119    3.065
  40.412    3.088    1.959
  47.523    2.957    2.816
  47.314    4.741    2.932
  47.240    3.926    1.387
  39.866    2.147    1.472
  39.657    3.931    1.588
  39.880    2.989    2.522
  11.974   27.537   30.930
  10.741   28.007   31.212
  10.439   29.389   31.180
   9.159   29.876   31.472
   8.136   28.998   31.807
  13.208   27.067   30.648
  13.510   25.685   30.680
   7.522   29.605   30.985
   7.972   29.743   32.722
   7.267   28.272   32.089
  13.674   24.940   29.765
  14.123   25.078   31.502
  14.218   25.944   30.476
  38.430   23.090   13.723
  38.863   23.044   15.001
  38.850   21.847   15.755
  39.300   21.799   17.080
  39.778   22.948   17.698
  37.996   23.136   12.446
  38.009   24.334   11.692
  40.696   22.248   17.996
  39.034   22.629   18.573
  40.182   23.904   18.230
  38.752   24.652   10.817
  37.091   25.033   11.394
  37.710   23.866   11.142
   7.970   21.005    6.087
   8.225   22.327    5.987
   9.342   22.823    5.274
   9.606   24.194    5.171
   8.764   25.117    5.778
   7.714   19.683    6.186
   6.598   19.186    6.899
   8.787   25.645    4.710
   9.780   25.566    6.209
   8.065   25.903    6.283
   5.582   18.737    6.468
   6.575   18.658    7.967
   6.890   18.499    6.669
  19.521    4.397   19.972
  20.699    3.742   19.903
  20.797    2.427   19.388
  22.019    1.748   19.315
  23.187    2.358   19.755
  18.342    5.052   20.042
  18.245    6.366   20.557
  23.615    2.004   18.701
  23.342    1.338   20.351
  24.174    2.859   20.121
  18.089    7.387   19.962
  17.816    6.720   21.611
  17.489    6.262   20.390
  31.090   36.810   43.508
  31.806   35.665   43.517
  33.221   35.665   43.510
  33.963   34.478   43.520
  33.317   33.249   43.537
  30.374   37.954   43.498
  28.959   37.954   43.505
  34.063   33.015   44.436
  34.055   32.995   42.636
  32.787   32.210   43.552
  28.222   38.208   44.406
  28.213   38.187   42.606
  29.065   38.728   43.496
  42.995   48.321    8.310
  44.323   48.432    8.524
  45.031   47.518    9.340
  46.408   47.633    9.562
  47.127   48.667    8.977
  41.667   48.210    8.095
  40.960   49.125    7.280
  47.864   47.792    8.644
  47.546   48.827   10.081
  47.743   49.530    8.492
  40.542   48.965    6.175
  40.223   50.000    7.613
  40.357   48.669    7.475
  23.702   28.412   27.762
  22.378   28.623   27.918
  21.851   29.902   28.216
  20.478   30.120   28.378
  19.582   29.067   28.247
  25.026   28.202   27.606
  25.552   26.922   27.308
  19.005   29.819   27.525
  19.156   29.471   29.284
  18.818   28.192   28.140
  25.978   26.518   26.271
  26.129   26.171   28.030
  26.228   27.313   27.327
  47.535   34.715   48.198
  46.981   33.489   48.310
  47.448   32.538   49.248
  46.872   31.266   49.364
  45.810   30.901   48.547
  48.090   35.941   48.086
  47.623   36.892   47.148
  45.307   30.562   49.572
  46.466   29.926   48.350
  44.918   30.582   47.867
  46.967   37.867   47.345
  48.126   37.232   46.123
  48.192   37.324   47.463
   7.126   15.365   34.833
   6.104   15.699   34.016
   5.140   16.669   34.379
   4.080   17.016   33.533
   3.947   16.405   32.292
   8.147   15.031   35.649
   9.111   14.060   35.286
   3.835   17.523   31.898
   2.820   16.237   32.642
   3.823   15.899   31.249
  10.238   14.228   34.937
   9.223   12.941   35.681
   9.400   14.239   35.989
  27.097   37.443   38.919
  26.208   36.940   38.037
  25.118   37.703   37.553
  24.196   37.181   36.638
  24.330   35.879   36.174
  27.987   37.946   39.801
  29.076   37.184   40.285
  24.195   36.384   35.104
  23.178   35.794   36.466
  24.431   34.787   35.776
  30.229   37.269   39.993
  29.211   36.678   41.355
  29.224   37.841   40.680
  37.232   29.729    0.863
  37.977   30.855    0.868
  37.390   32.142    0.827
  38.163   33.310    0.832
  39.549   33.232    0.879
  36.487   28.603    0.857
  37.073   27.316    0.899
  39.434   34.024    1.762
  39.493   33.993   -0.036
  40.713   33.181    0.918
  37.129   26.555    1.814
  37.188   26.525    0.015
  36.325   27.091    0.878
  12.986   20.271   11.356
  14.287   20.032   11.626
  15.084   19.203   10.801
  16.434   18.955   11.081
  17.034   19.527   12.196
  11.685   20.510   11.086
  10.888   21.338   11.911
  17.877   19.847   11.416
  17.409   18.416   12.403
  17.550   20.001   13.128
  10.513   22.450   11.704
  10.045   21.019   12.691
  10.341   21.155   11.385
   3.873   39.117   19.540
   2.988   39.752   18.743
   2.366   40.963   19.129
   1.448   41.622   18.302
   1.119   41.093   17.060
   4.759   38.482   20.337
   5.381   37.271   19.952
   1.344   42.198   16.675
  -0.001   41.268   17.427
   0.835   40.660   16.015
   6.501   37.096   19.585
   5.156   36.166   20.337
   5.720   37.346   20.651
  14.100   35.387   37.461
  14.424   34.083   37.328
  15.753   33.662   37.085
  16.089   32.309   36.948
  15.108   31.331   37.049
  13.776   36.691   37.593
  12.448   37.113   37.837
  15.875   30.823   37.806
  15.585   30.931   36.033
  14.294   30.499   37.131
  11.970   37.512   38.853
  11.680   37.621   37.079
  12.783   37.819   37.825
  25.094   30.116   21.653
  25.897   31.035   22.230
  25.838   31.319   23.615
  26.672   32.271   24.213
  27.594   32.974   23.447
  24.290   29.198   21.076
  24.349   28.913   19.691
  28.357   32.650   24.304
  27.125   33.925   23.990
  28.373   33.570   22.816
  24.818   27.962   19.148
  23.586   29.236   18.834
  23.781   28.411   19.878
  26.476    8.155   39.088
  25.678    9.146   38.636
  26.181   10.435   38.336
  25.354   11.463   37.867
  23.995   11.239   37.681
  27.273    7.164   39.541
  26.770    5.875   39.841
  24.193   11.727   36.612
  23.876   12.246   38.307
  22.854   11.064   37.521
  26.890    4.868   39.215
  26.572    5.386   40.909
  27.519    5.742   40.021
  45.881   26.720   33.665
  45.711   26.747   35.004
  46.179   25.705   35.840
  46.003   25.732   37.229
  45.353   26.803   37.831
  46.051   26.694   32.326
  45.583   27.735   31.490
  46.299   26.801   38.556
  44.724   25.948   38.373
  44.809   27.695   38.349
  46.212   28.590   30.948
  44.637   27.737   30.765
  45.893   27.283   30.933
  24.928   24.654   38.079
  25.324   23.937   37.006
  25.812   22.614   37.127
  26.222   21.871   36.014
  26.158   22.423   34.740
  24.533   25.372   39.152
  24.044   26.694   39.032
  25.609   21.401   34.467
  27.283   22.037   34.658
  26.109   22.874   33.666
  22.920   27.080   39.114
  24.593   27.716   39.305
  23.981   26.628   39.807
  34.716   19.859   18.362
  33.467   20.354   18.226
  32.331   19.666   18.713
  31.036   20.180   18.573
  30.831   21.399   17.940
  35.964   19.364   18.497
  37.101   20.052   18.010
  30.174   21.642   18.904
  30.010   20.795   17.324
  30.645   22.422   17.411
  37.923   20.657   18.626
  37.758   19.810   17.046
  37.471   19.431   18.305
  37.670   46.736   26.441
  36.388   46.508   26.795
  35.519   45.721   26.002
  34.189   45.484   26.369
  33.680   46.027   27.542
  38.953   46.964   26.087
  39.821   47.752   26.879
  33.300   44.915   27.739
  32.789   46.386   26.836
  33.239   46.477   28.524
  40.711   47.393   27.585
  40.201   48.864   26.683
  40.326   47.577   26.309
  41.723   20.095   47.134
  43.027   20.308   47.410
  43.614   21.593   47.313
  44.966   21.814   47.600
  45.780   20.760   47.994
  40.419   19.881   46.858
  39.833   18.597   46.954
  46.094   21.500   48.873
  46.511   21.180   47.151
  46.475   19.883   48.325
  39.102   18.176   47.797
  39.519   17.856   46.075
  39.196   18.987   46.727
  30.062   29.923   22.839
  29.983   30.302   24.132
  28.741   30.535   24.771
  28.659   30.928   26.111
  29.814   31.104   26.862
  30.142   29.543   21.546
  31.383   29.311   20.908
  29.248   30.418   27.655
  29.312   32.145   27.152
  30.777   31.255   27.503
  31.885   28.270   20.618
  31.950   29.997   20.115
  30.920   29.151   20.300
  22.072   36.588    6.722
  21.577   37.725    6.189
  22.269   38.957    6.274
  21.755   40.136    5.721
  20.532   40.126    5.063
  22.566   35.451    7.255
  21.875   34.219    7.169
  21.133   40.700    4.210
  20.296   41.063    5.761
  19.506   40.132    4.508
  22.111   33.283    6.471
  21.273   33.645    8.023
  22.497   33.964    7.565
   6.475   13.410    6.159
   7.567   12.657    5.908
   7.608   11.273    6.203
   8.740   10.492    5.943
   9.872   11.066    5.378
   5.383   14.163    6.410
   5.343   15.546    6.114
   9.805   10.145    4.625
  10.438   10.514    6.269
  10.829   11.535    4.904
   4.777   16.098    5.223
   5.410   16.468    6.867
   4.622   15.479    6.407
   4.661   14.957   40.636
   3.463   14.345   40.748
   2.768   14.276   41.979
   1.525   13.642   42.095
   0.934   13.053   40.984
   5.859   15.569   40.525
   6.554   15.638   39.294
  -0.025   13.671   41.330
   0.803   12.118   41.711
   0.425   12.556   40.060
   6.685   16.573   38.567
   7.513   15.021   38.948
   7.075   16.023   39.731
  41.816    7.836   37.754
  41.196    6.797   37.156
  41.908    5.664   36.696
  41.265    4.586   36.076
  39.888    4.602   35.894
  42.436    8.876   38.352
  41.725   10.009   38.813
  39.941    3.514   36.376
  40.163    4.304   34.774
  38.732    4.604   35.735
  41.450   10.308   39.933
  41.671   11.098   38.331
  42.441   10.240   39.025
  42.876   27.021   41.190
  41.697   27.675   41.125
  40.474   26.998   40.903
  39.252   27.677   40.835
  39.208   29.057   40.986
  44.054   26.366   41.256
  45.277   27.044   41.477
  38.342   28.814   41.768
  38.553   29.015   39.992
  39.157   30.215   41.111
  45.932   27.086   42.472
  46.143   27.287   40.696
  45.564   26.319   41.430
   7.689   46.369    4.753
   6.695   45.845    4.005
   5.391   45.652    4.519
   4.360   45.108    3.743
   4.597   44.738    2.425
   8.683   46.893    5.502
   9.987   47.086    4.988
   3.612   45.372    2.206
   4.072   43.720    2.753
   4.782   44.423    1.317
  10.512   48.104    4.660
  10.972   46.452    5.206
  10.116   47.360    5.708
   7.298   20.451   42.966
   8.444   19.772   42.748
   8.463   18.367   42.578
   9.652   17.663   42.352
  10.864   18.339   42.287
   6.151   21.129   43.185
   6.132   22.534   43.354
  11.010   17.715   41.282
  11.222   17.503   43.057
  11.888   18.893   42.230
   5.774   23.370   42.584
   5.987   23.158   44.359
   5.365   22.408   43.431
  22.110   12.259   49.101
  22.982   11.228   49.101
  24.383   11.431   49.101
  25.287   10.363   49.101
  24.823    9.053   49.101
  21.238   13.289   49.101
  19.837   13.086   49.101
  25.593    8.918   50.001
  25.593    8.918   48.201
  24.448    7.949   49.101
  19.068   13.221   50.001
  19.068   13.221   48.201
  19.831   13.867   49.101
  17.623   45.420   23.633
  16.326   45.726   23.845
  15.291   44.779   23.659
  13.945   45.097   23.879
  13.586   46.374   24.293
  18.921   45.113   23.421
  19.955   46.061   23.607
  12.959   45.788   25.120
  12.799   46.300   23.401
  13.271   47.441   24.640
  20.743   46.134   24.499
  20.583   46.646   22.780
  20.401   45.459   23.386
  23.257   48.321   45.219
  22.481   48.623   46.281
  22.713   48.066   47.562
  21.908   48.380   48.663
  20.844   49.262   48.525
  24.033   48.018   44.156
  23.802   48.575   42.876
  21.318   49.783   49.485
  20.231   48.406   49.083
  19.947   50.000   48.422
  24.414   49.431   42.317
  23.327   48.054   41.915
  24.422   48.139   42.691
  30.104   24.646   39.517
  30.238   23.304   39.450
  31.503   22.673   39.502
  31.641   21.281   39.433
  30.519   20.472   39.310
  29.971   25.988   39.584
  28.706   26.619   39.532
  31.013   19.872   40.214
  31.136   19.974   38.421
  29.586   19.780   39.206
  28.088   27.117   40.421
  28.212   27.219   38.628
  29.143   27.263   39.599
  24.706   37.990   42.420
  25.220   39.216   42.650
  26.491   39.397   43.247
  27.024   40.669   43.486
  26.306   41.806   43.137
  24.191   36.763   42.189
  22.921   36.582   41.593
  27.329   42.135   42.621
  26.562   42.150   44.249
  25.714   42.769   42.849
  22.666   36.238   40.481
  21.899   36.254   42.109
  23.103   35.828   41.686
   8.809   11.771   33.293
   7.529   12.197   33.333
   6.439   11.295   33.369
   5.111   11.737   33.410
   4.826   13.097   33.417
  10.089   11.344   33.254
  11.179   12.246   33.218
   4.127   12.813   34.340
   4.071   12.811   32.541
   4.572   14.235   33.424
  11.934   12.532   34.094
  11.878   12.530   32.295
  11.590   11.582   33.206
  16.302   17.315    6.998
  15.185   17.315    6.239
  15.168   16.779    4.930
  14.010   16.780    4.143
  12.828   17.316    4.638
  17.419   17.314    7.757
  17.436   17.850    9.066
  12.357   16.287    4.263
  12.809   17.898    3.598
  11.829   17.762    5.041
  17.455   17.267   10.106
  17.907   18.878    9.441
  18.183   17.626    9.033
  29.980   41.006    5.262
  29.705   41.746    6.357
  30.346   41.515    7.598
  30.061   42.283    8.734
  29.127   43.308    8.669
  30.254   40.265    4.167
  29.614   40.496    2.926
  29.985   43.949    9.191
  28.684   42.792    9.647
  28.344   44.172    8.629
  30.056   41.013    1.948
  28.755   39.856    2.404
  30.066   39.900    2.703
   2.330   20.391   31.434
   1.875   20.620   32.684
   0.552   20.302   33.071
   0.080   20.540   34.367
   0.916   21.104   35.324
   2.785   20.162   30.183
   4.108   20.479   29.797
   0.537   20.198   36.000
  -0.003   21.842   35.502
   1.606   21.577   36.136
   5.027   19.741   29.618
   4.487   21.385   29.121
   3.864   20.192   29.113
  30.168   33.311   10.840
  31.461   33.434   11.208
  32.519   33.336   10.273
  33.860   33.463   10.655
  34.191   33.693   11.984
  28.875   33.189   10.472
  27.817   33.287   11.407
  34.863   34.566   11.531
  34.951   32.791   11.816
  34.482   33.886   13.097
  27.057   34.189   11.575
  27.144   32.414   11.860
  27.383   33.163   10.769
  13.131   13.542   41.895
  12.203   14.233   41.199
  10.909   13.715   40.956
   9.946   14.431   40.234
  10.244   15.690   39.729
  14.059   12.852   42.591
  15.353   13.370   42.834
   9.214   15.997   40.243
   9.801   15.246   38.716
  10.481   16.749   39.300
  15.796   13.814   43.847
  16.384   13.064   42.320
  15.441   12.688   43.203
  14.920   24.519   27.927
  13.718   24.756   27.360
  13.530   25.781   26.403
  12.283   26.026   25.815
  11.181   25.256   26.163
  16.122   24.282   28.495
  16.311   23.258   29.452
  11.043   25.153   24.984
  10.649   26.313   26.303
  10.247   24.617   26.446
  16.843   22.200   29.312
  16.449   23.360   30.631
  17.045   23.524   29.436
  42.626    2.740   18.278
  42.783    3.263   17.044
  44.010    3.825   16.618
  44.173    4.368   15.338
  43.115    4.369   14.438
  42.469    2.216   19.513
  41.243    1.654   19.938
  43.921    3.910   13.690
  43.398    5.518   14.305
  42.235    4.375   13.672
  40.960    0.504   20.071
  40.436    2.113   20.687
  41.648    1.535   20.595
  11.702   33.437   15.808
  11.230   34.225   14.819
  11.738   34.158   13.500
  11.248   34.975   12.474
  10.232   35.887   12.730
  12.175   32.650   16.798
  11.667   32.716   18.117
   9.729   35.401   11.765
  10.956   36.653   12.175
   9.379   36.657   12.931
  10.942   31.950   18.672
  12.169   33.202   19.082
  12.198   32.156   18.236
  46.781   19.343    4.728
  45.471   19.519    4.453
  44.593   18.426    4.258
  43.235   18.609    3.972
  42.706   19.890    3.871
  48.091   19.167    5.004
  48.969   20.259    5.199
  41.875   19.464    4.611
  42.247   19.480    2.850
  42.250   20.959    3.784
  49.428   20.669    6.220
  49.801   20.684    4.459
  49.489   19.685    5.304
  25.195    5.693   15.495
  25.037    6.620   14.528
  26.115    7.407   14.059
  25.951    8.370   13.056
  24.701    8.579   12.485
  25.354    4.765   16.463
  24.276    3.978   16.932
  25.299    8.483   11.458
  24.935    9.726   12.709
  23.658    8.765   11.997
  24.042    2.831   16.708
  23.678    4.073   17.959
  24.832    3.678   17.391
  34.458   20.616   45.229
  33.360   20.215   45.905
  33.319   20.189   47.320
  32.180   19.774   48.021
  31.043   19.369   47.333
  35.555   21.016   44.553
  35.597   21.042   43.138
  30.487   20.119   48.073
  31.098   18.426   48.060
  30.082   19.027   46.769
  35.543   21.985   42.412
  36.153   20.291   42.399
  36.321   21.302   43.271
  23.306   10.464   45.582
  23.992    9.307   45.693
  24.562    8.662   44.570
  25.274    7.462   44.685
  25.442    6.864   45.927
  22.620   11.621   45.472
  22.050   12.266   46.595
  26.587    6.812   45.603
  25.063    5.885   45.363
  25.590    6.351   46.964
  22.429   13.244   47.160
  20.905   12.317   46.920
  21.823   12.779   46.052
  22.566   21.835   14.301
  22.553   22.844   15.199
  22.800   24.186   14.823
  22.787   25.231   15.753
  22.525   24.973   17.093
  22.579   20.827   13.404
  22.332   19.485   13.780
  21.746   25.867   16.979
  23.505   25.626   17.276
  22.307   24.770   18.221
  21.352   18.832   13.597
  23.111   18.591   13.894
  22.444   19.363   13.017
   5.417    3.163   40.883
   5.429    3.029   39.540
   5.067    4.091   38.678
   5.079    3.953   37.285
   5.454    2.748   36.704
   5.405    3.296   42.227
   5.768    2.234   43.089
   6.162    3.438   36.039
   4.449    2.886   36.079
   5.767    1.742   36.204
   6.773    2.096   43.715
   5.060    1.544   43.754
   5.609    2.767   43.638
  11.307    3.850   18.119
  10.384    4.098   17.165
  10.371    5.306   16.429
   9.414    5.562   15.440
   8.435    4.619   15.152
  12.230    3.603   19.073
  12.243    2.395   19.809
   8.773    4.805   14.025
   7.694    5.546   15.260
   7.608    3.836   14.900
  12.984    1.468   19.701
  11.906    2.209   20.937
  12.862    2.731   20.147
  13.760   16.239   12.532
  13.042   15.100   12.641
  12.639   14.356   11.508
  11.895   13.175   11.621
  11.528   12.697   12.873
  14.477   17.377   12.422
  14.880   18.122   13.556
  11.969   11.668   12.465
  10.445   12.621   12.382
  11.213   12.285   13.917
  15.964   18.198   14.047
  14.439   19.151   13.963
  15.197   18.581   13.009
  47.937   36.773   28.052
  47.876   37.788   27.164
  46.946   38.846   27.297
  46.883   39.899   26.377
  47.748   39.932   25.291
  47.998   35.757   28.939
  48.929   34.700   28.806
  47.944   41.052   25.647
  46.751   40.126   24.668
  48.469   39.972   24.375
  49.926   34.506   29.429
  48.733   33.579   28.450
  48.582   34.454   29.462
   8.740   34.901    6.163
   9.775   34.165    6.619
   9.945   33.882    7.995
  11.019   33.118    8.469
  11.961   32.610    7.583
   7.704   35.638    5.707
   7.534   35.920    4.331
  11.761   31.587    8.160
  12.744   33.083    8.346
  12.758   32.177    6.850
   6.751   35.447    3.567
   7.734   36.943    3.753
   6.905   36.300    4.596
  17.636   37.056   19.343
  18.800   36.373   19.384
  20.053   37.029   19.438
  21.259   36.320   19.480
  21.256   34.931   19.471
  16.472   37.739   19.303
  15.219   37.084   19.249
  21.991   35.053   20.401
  22.062   35.065   18.602
  21.268   33.765   19.463
  14.414   36.950   20.117
  14.485   36.962   18.318
  14.955   37.819   19.244
   2.200   14.351   12.483
   3.096   13.771   11.656
   2.860   12.509   11.061
   3.788   11.907   10.203
   4.987   12.547    9.910
   1.304   14.931   13.310
   1.540   16.193   13.905
   4.691   12.302    8.782
   5.467   11.493   10.190
   5.996   13.072    9.656
   1.060   17.247   13.625
   1.836   16.438   15.033
   0.836   16.059   14.216
  30.174   38.440   16.518
  29.036   38.457   17.244
  27.889   39.172   16.824
  26.709   39.189   17.577
  26.633   38.492   18.776
  31.312   38.424   15.792
  32.459   37.709   16.211
  25.621   38.065   18.315
  26.205   39.521   19.198
  26.556   37.911   19.785
  32.887   36.680   15.790
  33.471   38.136   16.673
  32.750   37.996   15.546
  29.716   35.693    8.569
  30.870   35.252    8.024
  32.117   35.853    8.319
  33.313   35.396    7.754
  33.306   34.321    6.874
  28.563   36.134    9.113
  27.316   35.533    8.818
  34.181   33.911    7.571
  33.961   35.043    6.190
  33.314   33.419    6.134
  26.660   34.810    9.502
  26.441   35.943    8.121
  27.056   36.082    9.310
  35.517   40.768    8.598
  35.005   41.560    7.632
  33.614   41.784    7.506
  33.083   42.606    6.504
  33.924   43.233    5.594
  36.029   39.975    9.564
  37.421   39.751    9.691
  33.300   44.205    5.884
  33.171   42.784    4.786
  34.619   43.765    4.823
  38.174   40.200   10.498
  38.045   38.779    9.401
  37.187   39.309   10.291
  36.477   18.297   24.735
  37.336   17.867   23.787
  38.700   17.614   24.070
  39.591   17.167   23.087
  39.151   16.958   21.786
  35.617   18.728   25.683
  34.254   18.981   25.400
  39.701   15.908   21.908
  40.103   17.613   21.497
  38.795   16.777   20.691
  33.302   18.325   25.689
  33.704   20.031   25.278
  34.241   19.167   26.158
  46.372   23.945   20.655
  46.947   24.801   19.784
  47.755   25.879   20.216
  48.352   26.767   19.313
  48.161   26.609   17.946
  45.797   23.088   21.526
  44.988   22.010   21.095
  49.347   26.711   17.900
  47.894   27.769   17.980
  48.009   26.487   16.796
  45.256   20.849   21.060
  43.802   21.907   21.140
  44.936   21.881   21.863
  35.536   37.014   19.367
  34.698   37.991   18.960
  33.296   37.807   18.917
  32.427   38.821   18.495
  32.930   40.055   18.102
  36.373   36.036   19.774
  37.776   36.220   19.817
  32.102   40.483   18.844
  32.232   39.890   17.150
  33.338   41.095   17.769
  38.473   36.385   20.769
  38.604   35.792   19.075
  37.757   35.483   20.074
  19.618   18.705   20.300
  19.139   17.806   21.187
  19.742   16.539   21.371
  19.246   15.608   22.291
  18.128   15.909   23.058
  20.097   19.603   19.414
  19.494   20.870   19.230
  18.809   15.536   23.962
  17.745   14.844   22.686
  17.190   16.150   23.709
  19.876   21.935   19.602
  18.813   21.242   18.326
  20.069   20.949   18.707
  31.971   27.758   10.988
  31.901   26.725   11.854
  32.587   26.735   13.091
  32.515   25.663   13.989
  31.753   24.543   13.681
  32.041   28.792   10.123
  31.355   28.782    8.885
  31.309   24.705   14.775
  32.740   23.949   13.987
  31.118   23.596   13.435
  30.368   29.376    8.579
  31.799   28.620    7.791
  31.688   29.485    8.816
  42.948   40.097    1.316
  42.091   39.596    2.230
  41.111   38.632    1.891
  40.222   38.113    2.839
  40.281   38.538    4.161
  43.805   40.598    0.401
  44.785   41.562    0.740
  40.274   37.371    4.401
  39.106   38.689    4.028
  40.319   38.886    5.273
  45.959   41.411    0.873
  44.791   42.729    0.500
  44.956   41.499   -0.019
   2.317   22.867   28.496
   1.938   21.596   28.747
   0.992   20.922   27.938
   0.598   19.604   28.199
   1.136   18.913   29.277
   2.697   24.138   28.244
   3.643   24.812   29.053
   1.326   18.059   28.469
  -0.004   18.664   29.519
   1.580   18.322   30.179
   4.783   25.061   28.811
   3.452   25.666   29.862
   3.505   25.390   28.546
  30.019   15.686   24.109
  30.745   14.999   23.201
  30.360   13.715   22.749
  31.113   13.002   21.808
  32.278   13.549   21.285
  29.293   16.373   25.016
  29.678   17.657   25.468
  31.796   13.244   20.238
  32.747   12.492   21.568
  33.257   13.997   20.837
  29.208   18.715   25.184
  30.159   17.963   26.514
  29.027   17.586   25.893
  36.809   42.733   21.615
  35.922   43.698   21.293
  34.572   43.647   21.715
  33.652   44.648   21.381
  34.049   45.736   20.614
  37.696   41.768   21.937
  39.046   41.819   21.516
  33.514   46.370   21.470
  33.081   45.471   19.972
  34.369   46.655   19.971
  40.014   42.084   22.158
  39.581   41.185   20.659
  39.083   41.145   21.909
  41.985   29.172   45.149
  41.804   29.490   46.449
  40.612   29.166   47.140
  40.424   29.496   48.488
  41.420   30.160   49.192
  42.167   28.855   43.850
  43.358   29.178   43.158
  41.240   29.302   50.000
  40.530   30.883   49.515
  42.248   30.717   49.795
  44.249   28.455   42.836
  43.538   30.036   42.351
  42.985   28.829   42.568
  27.503   10.417   17.420
  26.488    9.944   18.174
  25.555   10.803   18.801
  24.503   10.313   19.584
  24.346    8.945   19.767
  28.517   10.890   16.665
  29.450   10.030   16.038
  23.216    9.165   19.459
  24.267    9.240   20.919
  24.203    7.799   19.929
  29.529    9.735   14.887
  30.580    9.810   16.346
  29.747   10.708   15.790
  21.669   15.293   28.829
  21.593   13.994   28.468
  20.581   13.515   27.603
  20.501   12.168   27.229
  21.431   11.253   27.706
  21.746   16.592   29.190
  22.758   17.071   30.055
  21.521   10.943   26.559
  20.465   10.610   27.978
  22.205   10.474   28.099
  23.724   17.714   29.783
  22.668   17.381   31.202
  22.388   17.749   29.939
  21.623   18.560   37.916
  20.846   17.469   38.084
  20.259   16.791   36.989
  19.454   15.659   37.163
  19.207   15.165   38.437
  22.400   19.651   37.749
  22.987   20.329   38.843
  19.523   14.123   37.953
  18.070   15.177   38.080
  18.991   14.739   39.501
  24.124   20.317   39.200
  22.670   21.371   39.327
  23.267   20.784   38.274
  23.681   32.305   15.963
  23.867   31.216   15.187
  22.819   30.653   14.421
  23.012   29.523   13.617
  24.260   28.917   13.550
  23.494   33.395   16.738
  24.542   33.958   17.505
  24.084   28.981   12.373
  23.642   27.919   13.758
  25.302   28.397   13.485
  25.160   34.955   17.297
  24.718   33.894   18.681
  23.980   34.459   17.709
   5.966   46.524   46.207
   4.752   46.302   45.660
   4.567   46.195   44.261
   3.308   45.965   43.695
   2.188   45.834   44.507
   7.181   46.746   46.753
   7.365   46.853   48.152
   1.992   44.855   43.857
   1.713   46.630   43.757
   1.240   45.723   45.176
   7.840   46.058   48.901
   7.561   47.833   48.802
   8.109   46.958   47.939
  12.769   34.185   26.346
  13.505   33.446   27.204
  14.449   32.493   26.753
  15.212   31.727   27.642
  15.058   31.885   29.014
  12.034   34.924   25.489
  11.089   35.877   25.940
  16.247   31.965   29.007
  14.969   30.697   29.010
  14.938   32.009   30.167
  11.178   37.065   25.943
   9.900   35.797   25.947
  10.986   35.980   25.173
  39.013   23.366   36.272
  37.967   23.168   35.443
  38.136   22.671   34.128
  37.051   22.466   33.268
  35.758   22.751   33.691
  40.060   23.564   37.102
  39.891   24.061   38.416
  35.521   21.660   33.274
  35.690   23.343   32.659
  34.668   22.985   34.033
  39.959   23.468   39.448
  40.128   25.151   38.833
  40.668   23.987   38.430
  33.178   15.005   12.384
  32.103   15.819   12.448
  32.231   17.223   12.572
  31.116   18.067   12.638
  29.833   17.537   12.583
  34.253   14.191   12.320
  34.124   12.787   12.197
  29.664   18.374   11.752
  29.652   18.218   13.545
  28.750   17.106   12.539
  34.305   12.107   11.235
  34.294   11.950   13.029
  34.904   12.821   12.205
  37.716   45.932   16.756
  38.744   46.724   17.126
  38.572   47.807   18.021
  39.639   48.628   18.405
  40.915   48.397   17.908
  36.687   45.140   16.385
  36.859   44.057   15.491
  41.234   48.470   19.053
  40.891   49.563   17.665
  41.991   48.214   17.498
  36.883   42.890   15.733
  36.540   43.984   14.345
  36.092   43.972   15.613
  40.100   21.090   24.742
  38.879   21.658   24.847
  38.239   21.834   26.096
  36.974   22.423   26.205
  36.303   22.856   25.068
  41.320   20.522   24.637
  41.961   20.346   23.388
  36.160   23.860   25.693
  35.393   22.241   25.529
  35.730   23.224   24.122
  42.871   20.961   22.927
  42.103   19.342   22.762
  42.519   20.036   23.838
  16.303    1.785   42.965
  17.220    1.831   41.974
  17.716    3.056   41.468
  18.667    3.104   40.441
  19.155    1.929   39.884
  15.387    1.739   43.955
  14.890    0.515   44.461
  20.217    2.433   40.073
  18.896    2.464   38.852
  19.573    0.950   39.408
  15.149   -0.021   45.494
  13.828    0.010   44.272
  14.478    0.994   44.919
  10.373   12.355   17.553
  11.377   11.453   17.570
  12.737   11.843   17.581
  13.777   10.907   17.599
  13.495    9.547   17.607
   9.369   13.258   17.536
   8.009   12.867   17.525
  14.267    9.524   18.515
  14.285    9.510   16.715
  13.273    8.402   17.614
   7.220   12.904   18.417
   7.238   12.890   16.617
   7.898   13.640   17.518
  16.732   26.925   12.240
  15.660   26.259   12.719
  14.344   26.763   12.587
  13.232   26.072   13.083
  13.396   24.853   13.730
  17.804   27.591   11.761
  19.120   27.088   11.894
  12.535   24.492   12.990
  12.705   25.350   14.563
  13.520   23.830   14.275
  19.812   26.592   11.060
  19.982   27.449   12.634
  19.297   27.748   11.515
   7.701   10.690   17.371
   7.301   10.448   18.638
   6.017    9.932   18.934
   5.603    9.681   20.247
   6.457    9.937   21.312
   8.101   10.932   16.105
   9.384   11.449   15.809
   6.161    8.833   21.647
   5.514   10.508   21.763
   7.165   10.148   22.215
  10.328   10.878   15.358
   9.681   12.553   15.474
   9.120   11.397   15.076
  45.718   40.968   34.722
  44.919   42.045   34.872
  45.404   43.274   35.378
  44.575   44.392   35.534
  43.232   44.320   35.189
  46.518   39.890   34.572
  46.032   38.661   34.066
  43.464   45.327   34.595
  43.063   44.796   36.268
  42.102   44.273   34.903
  46.201   38.184   32.987
  45.800   37.654   34.660
  46.775   38.445   34.175
  32.613    6.653   24.197
  33.447    6.366   23.174
  33.587    5.053   22.667
  34.452    4.755   21.606
  35.206    5.761   21.015
  31.780    6.939   25.220
  31.640    8.253   25.727
  34.777    5.308   20.000
  36.108    4.998   21.172
  35.845    6.596   20.510
  30.738    9.016   25.571
  32.069    8.706   26.742
  31.135    7.899   26.207
  12.422    2.940   15.730
  11.537    2.329   16.547
  11.013    1.047   16.259
  10.095    0.414   17.106
   9.669    1.041   18.271
  13.307    3.551   14.913
  13.831    4.833   15.200
   9.942   -0.003   18.777
   8.583    0.755   17.873
   9.304    1.555   19.251
  14.918    5.118   15.599
  13.559    5.877   14.694
  14.211    4.711   14.529
  40.876    3.057   38.754
  39.686    2.432   38.881
  39.407    1.210   38.225
  38.173    0.561   38.357
  37.174    1.112   39.150
  42.066    3.682   38.626
  42.344    4.905   39.282
  37.119    0.017   39.615
  36.491    0.923   38.193
  36.327    1.564   39.812
  43.028    5.094   40.239
  42.400    6.001   38.817
  43.032    4.818   38.923
  40.208   41.934    0.895
  40.336   43.278    0.894
  41.602   43.910    0.893
  41.736   45.304    0.892
  40.608   46.115    0.892
  40.080   40.590    0.896
  38.814   39.958    0.897
  41.162   46.664   -0.008
  41.163   46.665    1.792
  39.669   46.808    0.893
  38.258   39.408   -0.002
  38.259   39.409    1.798
  39.254   39.313    0.897
  33.010   26.055   45.194
  33.161   25.039   46.072
  32.321   24.894   47.201
  32.477   23.841   48.111
  33.478   22.897   47.923
  32.860   27.070   44.317
  33.699   27.215   43.187
  32.594   22.116   48.096
  33.727   23.123   49.067
  34.314   22.097   47.778
  33.450   26.988   42.044
  34.583   27.995   43.015
  33.248   27.840   43.065
   1.782   32.883   11.496
   2.371   31.805   12.054
   1.626   30.683   12.487
   2.237   29.564   13.066
   3.616   29.527   13.232
   1.192   33.962   10.938
   1.938   35.084   10.505
   3.519   28.457   12.717
   3.342   29.203   14.346
   4.772   29.484   13.378
   2.212   35.408    9.391
   2.035   36.154   11.020
   1.229   35.346   10.308
  30.466   31.322   38.494
  29.895   32.545   38.473
  28.491   32.718   38.532
  27.899   33.986   38.510
  28.688   35.126   38.428
  31.038   30.099   38.516
  32.441   29.926   38.456
  28.024   35.495   39.346
  27.939   35.423   37.550
  29.339   36.091   38.358
  33.190   29.629   39.334
  33.104   29.557   37.537
  32.242   29.171   38.495
  12.966   19.449   30.600
  11.636   19.470   30.371
  10.863   20.641   30.549
   9.483   20.663   30.312
   8.827   19.513   29.889
  14.297   19.429   30.828
  15.070   18.257   30.651
   8.372   20.235   29.057
   8.071   19.776   30.771
   8.265   18.555   29.534
  15.826   17.994   29.768
  15.525   17.535   31.482
  15.647   18.731   30.879
  16.095   36.873   21.534
  15.656   38.149   21.481
  15.471   38.928   22.648
  15.016   40.250   22.593
  14.729   40.841   21.369
  16.534   35.598   21.587
  16.718   34.819   20.420
  15.408   41.728   21.785
  13.708   41.147   21.904
  14.484   41.350   20.349
  17.738   34.513   19.886
  16.039   33.933   20.005
  16.938   34.281   20.942
  43.904    1.005   25.642
  45.168    1.003   25.168
  45.462    0.699   23.818
  46.773    0.697   23.326
  47.837    0.998   24.168
  42.640    1.007   26.116
  42.345    1.310   27.466
  48.150    1.742   23.292
  48.307   -0.000   23.717
  48.739    1.249   24.863
  41.875    2.308   27.917
  42.032    0.566   28.343
  41.614    1.186   27.224
  45.188   46.552   40.320
  45.273   45.302   40.823
  44.361   44.284   40.460
  44.450   42.987   40.981
  45.454   42.664   41.885
  45.102   47.802   39.816
  46.015   48.821   40.180
  45.629   41.735   41.159
  44.555   42.211   42.523
  46.292   42.379   42.644
  46.914   49.274   39.542
  45.840   49.749   40.906
  45.577   49.241   39.688
  33.329   13.108    4.271
  32.588   11.981    4.331
  31.181   11.998    4.181
  30.413   10.829    4.243
  31.025    9.601    4.459
  34.069   14.235    4.210
  35.476   14.217    4.361
  30.375    9.259    3.521
  30.188    9.477    5.297
  31.526    8.563    4.639
  36.313   14.341    3.523
  36.126   14.559    5.299
  35.390   14.987    4.257
  18.021    3.081   21.581
  17.641    3.609   22.764
  17.540    5.007   22.963
  17.146    5.555   24.189
  16.838    4.725   25.260
  18.401    2.552   20.399
  18.502    1.154   20.200
  15.855    5.396   25.329
  17.574    5.444   25.861
  16.576    4.041   26.167
  17.765    0.436   19.599
  19.484    0.483   20.131
  18.717    1.379   19.483
  25.482   34.849    3.725
  25.294   33.650    4.317
  24.522   33.508    5.495
  24.327   32.266    6.109
  24.897   31.120    5.567
  25.670   36.047    3.132
  26.441   36.189    1.954
  23.797   30.675    5.686
  25.273   30.937    6.683
  25.369   30.151    5.123
  26.065   36.372    0.839
  27.540   36.633    1.836
  26.247   36.940    2.045
  23.819   12.166   40.587
  25.049   12.510   40.149
  25.309   13.769   39.558
  26.584   14.127   39.104
  27.644   13.237   39.224
  22.589   11.821   41.025
  22.329   10.562   41.615
  28.208   14.175   39.695
  27.821   13.495   38.074
  28.543   12.500   39.318
  22.152   10.303   42.765
  21.765    9.623   41.144
  21.606   10.853   41.665
  36.628   20.224   11.978
  37.677   19.386   12.116
  37.697   18.104   11.516
  38.784   17.235   11.659
  39.891   17.616   12.407
  35.579   21.063   11.840
  35.559   22.344   12.440
  40.501   17.254   11.449
  39.745   16.552   12.924
  40.827   17.923   13.032
  35.705   23.408   11.923
  34.950   22.706   13.398
  34.858   22.377   12.097
  15.740   25.145   22.544
  16.431   26.133   21.937
  17.124   25.926   20.720
  17.841   26.951   20.091
  17.890   28.219   20.655
  15.049   24.157   23.151
  14.357   24.364   24.367
  17.589   28.577   19.560
  19.064   28.110   20.479
  17.940   29.288   21.118
  13.183   24.473   24.544
  14.659   24.006   25.463
  14.178   23.609   24.271
  39.264    6.164   34.018
  40.190    7.082   34.369
  39.830    8.356   34.869
  40.790    9.307   35.234
  42.144    9.019   35.112
  38.339    5.246   33.666
  38.698    3.972   33.166
  42.197    9.418   36.234
  42.186   10.072   34.557
  43.283    8.789   35.015
  38.656    2.918   33.722
  38.645    3.573   32.045
  37.923    3.883   33.137
  25.856   37.583   14.476
  25.578   38.611   13.646
  24.512   38.558   12.716
  24.225   39.623   11.855
  24.992   40.781   11.893
  26.133   36.555   15.306
  27.199   36.609   16.235
  23.934   41.326   11.946
  25.044   40.629   10.712
  25.628   41.758   11.915
  27.147   36.760   17.416
  28.257   36.064   16.182
  26.942   35.892   16.409
  32.125   42.924   21.793
  31.541   43.263   22.962
  30.442   44.153   23.021
  29.836   44.505   24.233
  30.308   43.980   25.430
  32.709   42.584   20.625
  33.808   41.694   20.566
  29.159   43.729   25.622
  30.292   45.118   25.784
  30.694   43.547   26.441
  33.824   40.557   20.211
  34.957   41.946   20.374
  33.745   41.836   19.800
  37.493   33.896   23.179
  38.386   34.831   22.790
  39.643   34.484   22.240
  40.569   35.453   21.836
  40.270   36.804   21.967
  36.600   32.961   23.569
  35.343   33.308   24.119
  40.624   36.859   20.830
  41.345   36.858   22.480
  40.033   37.941   22.071
  34.269   33.254   23.606
  34.989   33.253   25.255
  35.263   32.532   24.153
  40.650   33.885   45.267
  39.516   33.711   44.555
  38.616   32.653   44.826
  37.440   32.472   44.088
  37.122   33.343   43.053
  41.784   34.060   45.978
  42.684   35.118   45.708
  36.061   33.391   43.594
  36.949   32.339   42.435
  36.843   34.067   42.183
  42.856   36.122   46.326
  43.744   35.069   45.167
  43.075   34.794   46.302
  47.206   16.367   26.914
  47.718   16.960   28.014
  47.541   16.418   29.309
  48.072   17.032   30.449
  48.800   18.210   30.335
  46.694   15.775   25.814
  46.872   16.317   24.519
  49.592   17.633   31.013
  48.077   18.587   31.205
  49.412   19.199   30.254
  47.594   15.940   23.649
  46.080   16.894   23.841
  46.452   15.691   24.315
  12.962    7.009   32.876
  12.665    8.038   33.698
  13.479    8.373   34.806
  13.171    9.440   35.658
  12.037   10.211   35.432
  13.259    5.980   32.055
  12.445    5.645   30.947
  12.794   11.124   35.548
  11.832   10.015   36.590
  11.089   10.866   35.254
  12.650    5.842   29.789
  11.688    4.732   30.831
  12.985    5.089   30.853
  23.548   15.430   17.229
  22.218   15.207   17.174
  21.675   13.900   17.194
  20.296   13.669   17.138
  19.410   14.736   17.059
  24.879   15.653   17.283
  25.422   16.960   17.263
  18.858   14.175   17.954
  18.942   14.112   16.157
  18.655   15.622   16.992
  25.889   17.583   18.164
  25.973   17.520   16.367
  26.095   16.566   17.308
  12.870   45.420   27.740
  11.787   45.938   27.122
  10.993   46.945   27.721
   9.870   47.483   27.080
   9.502   47.033   25.818
  13.953   44.901   28.357
  14.747   43.894   27.759
   9.458   48.195   25.560
   8.422   46.930   26.313
   9.181   46.665   24.759
  15.826   43.997   27.264
  14.791   42.732   28.017
  15.148   43.963   28.425
  46.685   32.274    3.977
  47.462   32.343    5.079
  47.232   31.525    6.211
  48.039   31.597    7.353
  49.103   32.488    7.404
  45.907   32.205    2.875
  46.137   33.023    1.744
  49.716   31.533    7.766
  48.629   32.791    8.455
  49.999   33.232    7.461
  46.610   32.720    0.693
  45.523   33.978    1.382
  45.516   32.636    1.471
  22.855   36.897   47.665
  22.017   35.891   47.334
  20.918   36.086   46.464
  20.049   35.043   46.121
  20.247   33.769   46.636
  23.693   37.902   47.995
  24.791   37.707   48.865
  20.133   33.432   45.499
  19.089   33.839   46.908
  20.403   32.694   47.062
  25.950   37.637   48.594
  24.906   38.044   50.003
  24.900   38.468   48.726
  27.625   42.405    6.730
  27.056    9.333   20.679
   3.784   29.953   37.441
  45.402   36.478   21.788
  23.708   15.993   28.390
   9.815   43.453   45.253
  33.741    0.183   19.944
   0.739   38.745    1.192
  44.872   36.516   31.730
  16.099    1.079   48.048
  45.959   50.000   11.132
  20.559   37.820   36.163
   2.723   26.693   37.903
  46.848   34.081   39.367
  36.543   30.718   45.228
  30.240   46.981   24.112
  29.785   13.398   14.804
   3.534   40.122    0.763
  16.545   16.215   18.256
  32.553    1.621   38.205
  44.254   15.083   30.424
  47.479    6.314   13.585
  18.823    8.843   39.933
  41.809   34.175   23.551
  36.170   49.637   44.713
  39.374   46.843    8.219
  48.754   33.038   44.561
   7.559   48.894   10.033
   1.584   37.496   34.884
  47.299   21.483   21.596
  34.763   26.743   31.940
  42.311   37.616   30.807
  38.114   49.582   16.350
  11.256    0.954   48.943
  16.457    1.646   20.889
  21.322   17.058   33.399
  17.266   41.590   30.340
   0.540    1.089   39.594
  48.187   18.056   24.814
  35.564   22.225   49.925
  34.411    2.517   25.079
  11.707   12.238    6.794
  31.446   33.258    1.370
  23.338   -0.005   22.096
   2.199   20.088    9.161
  14.494   30.118   39.366
   1.457    2.648    0.915
  22.241   18.333    3.684
  31.742    7.083   47.313
   2.865    7.941   27.636
  20.910   45.015   31.259
  50.000   13.856   22.953
  29.389   34.883   32.787
  47.583   43.276   17.750
  45.255   44.736   17.539
  45.445   15.094    1.677
  15.699   15.759   30.196
  33.657   35.292    0.790
   1.752   26.290   47.398
  33.075   41.148   15.554
   7.404   39.336   25.788
  48.078   39.535    4.961
  29.469    3.924   18.379
  14.018    2.870   17.242
   6.424   14.961   49.861
  34.295    2.953   13.538
  41.498   27.959   35.674
  40.526   11.345    1.829
   1.162   34.644   22.338
  48.154   32.366   38.927
  10.848    5.098   19.908
  45.490   24.084   30.577
  21.924   12.217   12.304
  31.263   27.769   39.889
  35.895   23.885   35.622
  31.247   42.845   37.297
  29.878   42.025   37.173
  32.615   43.664   37.421
  30.486   44.181   36.855
  32.007   41.508   37.739
  31.577   42.525   35.764
  30.917   43.164   38.830
  10.476   43.471   18.937
  11.547   42.436   19.521
   9.404   44.506   18.354
   9.390   42.299   18.852
  11.561   44.643   19.022
  10.958   43.132   17.450
   9.993   43.810   20.425
  38.119   30.953   15.170
  37.740   32.290   15.963
  38.497   29.615   14.378
  39.297   31.732   14.419
  36.940   30.174   15.922
  37.105   31.359   14.001
  39.133   30.547   16.339
  23.024   12.078    1.588
  22.705   10.765    2.446
  23.343   13.390    0.731
  24.580   11.705    1.597
  21.468   12.451    1.580
  23.217   12.913    2.939
  22.831   11.242    0.238
  34.173    5.826   44.809
  34.377    7.318   45.351
  33.970    4.335   44.266
  32.736    5.768   45.509
  35.611    5.885   44.108
  34.846    5.250   46.141
  33.501    6.403   43.476
   4.519   23.400   36.960
   4.566   24.512   38.110
   4.472   22.288   35.811
   5.439   22.441   37.851
   3.599   24.359   36.070
   5.827   24.036   36.293
   3.211   22.765   37.628
  43.115   39.152   40.957
  44.529   39.873   40.757
  41.701   38.431   41.157
  43.244   38.496   39.503
  42.986   39.808   42.411
  42.378   40.421   40.319
  43.852   37.883   41.595
  16.546   48.523    2.998
  15.196   47.742    3.356
  17.896   49.304    2.640
  17.193   48.037    4.378
  15.899   49.009    1.618
  15.981   49.832    3.724
  17.111   47.213    2.272
  28.856   48.243   15.026
  29.657   49.070   16.138
  28.056   47.417   13.914
  29.046   49.450   13.992
  28.667   47.037   16.060
  27.484   48.892   15.531
  30.229   47.594   14.521
   5.160    1.381   16.721
   5.886    0.015   17.130
   4.433    2.746   16.313
   6.574    2.128   16.703
   3.745    0.633   16.740
   4.984    1.750   18.268
   5.335    1.011   15.175
  41.343   26.616   33.190
  40.776   28.056   33.598
  41.911   25.177   32.782
  42.613   26.849   34.136
  40.073   26.383   32.245
  42.134   27.275   31.966
  40.552   25.957   34.415
  25.139   23.555   45.381
  25.651   23.637   43.868
  24.627   23.473   46.895
  25.004   25.149   45.422
  25.273   21.961   45.341
  26.649   23.669   45.898
  23.629   23.440   44.864
   4.937   48.917   13.693
   5.671   50.003   14.612
   4.203   47.832   12.775
   5.830   49.369   12.445
   4.044   48.465   14.942
   3.831   50.002   13.295
   6.044   47.832   14.092
  48.139   12.320   24.378
  46.542   12.418   24.350
  49.735   12.222   24.405
  48.039   10.727   24.486
  48.238   13.913   24.269
  48.118   12.430   25.974
  48.159   12.210   22.781
  45.142   32.512   37.035
  45.805   32.491   35.579
  44.478   32.533   38.490
  44.347   31.167   36.692
  45.936   33.858   37.378
  43.922   33.378   36.466
  46.361   31.646   37.603
  12.094   34.130   39.135
  13.481   33.336   39.209
  10.707   34.924   39.060
  11.309   32.744   38.983
  12.880   35.516   39.286
  12.234   34.225   37.544
  11.954   34.035   40.726
  19.302   36.383   48.970
  20.139   35.187   48.314
  18.465   37.578   49.625
  18.641   35.354   50.002
  19.963   37.411   47.938
  18.109   36.114   47.938
  20.494   36.652   50.002
  29.292   11.249   27.374
  29.568   11.583   28.914
  29.017   10.916   25.833
  30.202    9.938   27.495
  28.383   12.560   27.253
  30.580   12.104   26.959
  28.005   10.394   27.789
  35.959   11.915   32.601
  36.151   10.339   32.799
  35.767   13.491   32.403
  36.140   11.739   31.021
  35.778   12.092   34.181
  37.537   12.127   32.758
  34.381   11.703   32.444
  45.731    7.644   20.094
  44.925    7.414   21.458
  46.537    7.873   18.731
  45.931    9.185   20.472
  45.531    6.102   19.716
  44.363    8.005   19.347
  47.099    7.282   20.842
  27.203   30.353   33.940
  28.582   29.826   34.556
  25.823   30.879   33.325
  27.678   31.864   34.168
  26.728   28.842   33.713
  26.546   30.339   35.399
  27.859   30.366   32.481
   8.839    2.171   48.418
   9.678    1.228   47.434
   8.000    3.114   49.401
   9.007    1.097   49.591
   8.671    3.246   47.244
   7.487    1.452   47.953
  10.191    2.890   48.882
  34.777    2.972   30.713
  33.432    2.750   29.875
  36.122    3.194   31.551
  33.917    3.114   32.055
  35.637    2.829   29.371
  34.666    4.550   30.474
  34.888    1.394   30.952
  46.700   48.135    5.364
  48.268   48.126    5.048
  45.131   48.144    5.680
  46.928   49.274    6.464
  46.472   46.996    4.264
  46.919   47.011    6.482
  46.481   49.259    4.246
   9.113   11.470   44.873
  10.431   12.375   44.814
   7.795   10.564   44.931
  10.011   10.154   44.723
   8.216   12.786   45.022
   8.981   11.560   43.281
   9.246   11.379   46.464
  44.864   43.316   24.338
  45.647   42.019   24.855
  44.082   44.612   23.821
  46.027   44.249   24.918
  43.702   42.382   23.757
  44.092   43.407   25.736
  45.636   43.224   22.939
  32.780   36.675   12.186
  31.986   35.294   12.334
  33.574   38.057   12.039
  32.185   37.167   13.588
  33.374   36.184   10.785
  31.524   37.316   11.429
  34.035   36.035   12.944
  36.457   31.857    7.799
  37.152   31.012    8.966
  35.761   32.703    6.632
  37.896   32.325    7.281
  35.017   31.390    8.318
  36.390   33.133    8.763
  36.524   30.582    6.835
  10.902   14.107   20.370
  11.411   12.938   19.403
  10.392   15.276   21.336
  12.218   13.941   21.264
   9.585   14.273   19.476
  10.149   13.027   21.278
  11.655   15.187   19.461
   8.392   35.137   20.291
   8.881   36.641   20.050
   7.904   33.633   20.532
   9.269   35.066   21.627
   7.516   35.207   18.954
   9.638   34.596   19.445
   7.146   35.677   21.137
  34.470   48.815   27.049
  32.975   48.507   27.531
  35.964   49.123   26.567
  33.916   49.935   26.049
  35.023   47.695   28.048
  34.325   47.715   25.896
  34.615   49.915   28.201
  16.956   27.523   42.875
  17.864   28.637   43.578
  16.047   26.409   42.173
  18.123   26.447   43.072
  15.788   28.599   42.679
  17.565   27.924   41.451
  16.347   27.122   44.300
   4.414    5.935   44.965
   5.519    7.070   44.734
   3.310    4.801   45.195
   5.086    5.567   46.369
   3.743    6.304   43.560
   5.357    4.869   44.234
   3.472    7.002   45.695
   3.719   38.783   36.885
   3.784   39.359   38.377
   3.655   38.208   35.394
   4.369   40.138   36.334
   3.070   37.429   37.436
   2.259   39.411   36.706
   5.180   38.156   37.064
  43.592   14.429   27.051
  43.766   12.866   27.346
  43.418   15.992   26.755
  42.066   14.181   26.641
  45.119   14.676   27.460
  44.038   14.191   25.533
  43.147   14.666   28.569
  26.333   45.813   18.347
  26.635   47.384   18.367
  26.031   44.242   18.326
  25.124   46.059   17.328
  27.542   45.567   19.365
  25.330   45.990   19.580
  27.336   45.636   17.113
  38.250   22.119    6.353
  38.928   23.080    7.439
  37.572   21.159    5.268
  38.545   23.201    5.212
  37.955   21.037    7.495
  36.831   22.803    6.635
  39.669   21.436    6.072
  18.875    6.166   10.697
  18.642    4.614   11.008
  19.108    7.718   10.385
  19.650    5.780    9.351
  18.099    6.552   12.042
  20.255    6.121   11.505
  17.495    6.211    9.888
  27.913   16.660   46.066
  28.174   17.928   47.006
  27.653   15.392   45.125
  27.817   17.624   44.793
  28.010   15.696   47.339
  26.338   16.810   46.299
  29.489   16.509   45.832
  18.831   12.100   30.398
  20.080   11.106   30.497
  17.581   13.094   30.299
  19.817   13.304   30.027
  17.844   10.897   30.769
  18.987   12.452   31.951
  18.675   11.749   28.845
  30.927   34.671   14.958
  30.464   36.126   14.479
  31.390   33.217   15.437
  29.436   34.358   15.447
  32.418   34.985   14.469
  31.277   35.259   16.404
  30.576   34.083   13.512
   6.068   40.203   48.834
   5.869   39.126   47.667
   6.266   41.280   50.000
   6.336   39.022   49.879
   5.800   41.385   47.788
   4.503   40.138   49.160
   7.633   40.269   48.507
  48.210    5.827   46.168
  49.082    6.368   47.395
  47.339    5.286   44.940
  47.186    5.149   47.194
  49.234    6.505   45.142
  49.077    4.482   46.145
  47.343    7.172   46.191
  32.806   22.573   23.917
  34.038   21.567   23.740
  31.574   23.579   24.095
  31.925   21.667   22.936
  33.687   23.479   24.898
  33.323   23.426   22.666
  32.290   21.720   25.169
  16.811    2.545   31.084
  17.899    3.070   30.035
  15.724    2.019   32.134
  15.833    3.741   30.669
  17.790    1.349   31.499
  17.459    3.469   32.218
  16.163    1.621   29.950
  29.231   25.127   18.635
  28.045   24.073   18.426
  30.416   26.181   18.845
  28.223   26.326   18.309
  30.239   23.928   18.962
  29.603   25.017   17.083
  28.858   25.237   20.188
  35.204    3.010   10.044
  34.069    4.131   10.165
  36.340    1.890    9.923
  35.016    2.991    8.455
  35.392    3.029   11.633
  34.093    1.868   10.189
  36.315    4.152    9.899
  14.915    8.651   40.679
  16.207    8.285   39.809
  13.622    9.017   41.548
  15.376   10.183   40.718
  14.454    7.119   40.639
  15.738    8.368   42.021
  14.092    8.934   39.336
   4.085    5.093   19.583
   3.871    3.514   19.430
   4.299    6.671   19.736
   3.359    5.327   18.176
   4.810    4.858   20.989
   5.495    4.974   18.836
   2.675    5.211   20.330
  19.520   45.480   47.419
  19.863   44.415   46.275
  19.178   46.546   48.562
  20.853   46.291   47.063
  18.187   44.670   47.775
  20.337   44.604   48.480
  18.704   46.357   46.358
  40.081    7.319   40.858
  40.188    5.973   39.999
  39.974    8.664   41.717
  40.772    8.134   39.667
  39.389    6.503   42.048
  41.519    7.027   41.494
  38.642    7.610   40.222
  15.470   22.762   12.254
  15.338   21.895   10.916
  15.602   23.630   13.592
  15.895   21.449   13.064
  15.045   24.075   11.444
  13.933   22.473   12.593
  17.007   23.051   11.915
  36.777   20.536   36.394
  36.621   22.076   36.797
  36.933   18.995   35.991
  35.187   20.411   36.255
  38.366   20.660   36.533
  36.674   20.122   37.936
  36.879   20.949   34.852
  30.586   18.140    8.899
  30.361   16.574    9.140
  30.810   19.705    8.659
  29.184   18.449    9.606
  31.987   17.830    8.192
  29.847   18.028    7.484
  31.324   18.251   10.314
  37.725   48.494    5.380
  38.511   49.775    5.930
  36.940   47.213    4.831
  38.666   47.541    6.256
  36.784   49.446    4.504
  38.754   48.387    4.159
  36.697   48.601    6.601
  32.614    3.232   18.543
  32.430    1.643   18.566
  32.797    4.822   18.520
  31.678    3.322   17.248
  33.549    3.143   19.838
  33.899    3.070   17.603
  31.329    3.394   19.482
  37.289   36.596   12.239
  38.800   36.187   12.568
  35.778   37.004   11.910
  37.559   38.062   12.819
  37.019   35.129   11.658
  36.839   36.103   13.693
  37.739   37.088   10.784
  47.275   19.153   44.191
  47.919   20.569   44.566
  46.631   17.736   43.817
  48.620   18.419   44.654
  45.931   19.886   43.729
  47.856   19.281   42.706
  46.694   19.024   45.677
  25.514   22.978   15.255
  24.719   24.194   15.926
  26.309   21.763   14.584
  24.450   21.948   15.860
  26.578   24.009   14.650
  26.406   22.833   16.575
  24.622   23.124   13.935
  20.859   39.955   18.936
  20.152   40.736   17.731
  21.565   39.174   20.141
  20.802   38.598   18.090
  20.916   41.312   19.782
  19.424   39.624   19.563
  22.293   40.286   18.309
  13.616   21.747   21.818
  12.115   21.264   21.545
  15.117   22.230   22.091
  14.097   20.222   21.872
  13.135   23.272   21.764
  13.340   21.716   23.394
  13.893   21.779   20.242
  35.049   14.051   28.846
  36.546   14.591   29.013
  33.552   13.512   28.680
  35.594   12.547   28.818
  34.504   15.555   28.874
  35.196   14.135   27.255
  34.902   13.968   30.437
  33.558   38.482    1.675
  32.489   37.426    1.126
  34.626   39.539    2.224
  32.414   39.599    1.754
  34.701   37.366    1.597
  33.889   38.928    0.174
  33.226   38.037    3.176
  35.205    9.729   36.606
  35.320    8.174   36.250
  35.089   11.285   36.963
  33.669    9.719   36.156
  36.740    9.740   37.057
  35.640   10.104   35.113
  34.769    9.355   38.100
  32.467   26.095    6.205
  31.833   24.635    6.040
  33.101   27.554    6.370
  31.262   26.509    7.172
  33.672   25.680    5.238
  31.627   26.602    4.941
  33.307   25.587    7.469
   5.403    9.099   12.707
   4.078    9.991   12.610
   6.728    8.207   12.804
   5.503    9.417   14.272
   5.303    8.781   11.142
   6.295   10.389   12.388
   4.511    7.810   13.026
  48.744   23.819    5.341
  48.307   22.362    4.843
  49.181   25.275    5.838
  47.514   23.839    6.363
  49.975   23.798    4.318
  47.819   24.481    4.215
  49.669   23.157    6.466
  23.952   32.150   11.477
  23.663   32.810   10.048
  24.241   31.490   12.906
  22.845   31.032   11.185
  25.059   33.268   11.770
  22.833   33.086   12.135
  25.071   31.215   10.819
  12.862   14.748   48.750
  13.002   15.835   49.916
  12.722   13.661   47.585
  14.099   13.936   49.360
  11.626   15.560   48.141
  13.868   15.595   47.839
  11.856   13.901   49.661
  37.817    5.630   30.389
  38.671    6.037   29.099
  36.963    5.222   31.680
  37.652    7.176   30.768
  37.982    4.084   30.010
  39.160    5.561   31.256
  36.474    5.699   29.522
  48.621   47.162   28.173
  49.848   46.140   28.070
  47.393   48.183   28.275
  49.514   48.146   29.063
  47.727   46.177   27.283
  48.116   46.421   29.498
  49.125   47.902   26.847
  47.577   29.893   26.052
  48.666   31.062   26.135
  46.487   28.724   25.968
  46.411   30.962   26.293
  48.742   28.824   25.811
  47.697   29.668   27.631
  47.456   30.118   24.472
  21.153   39.009   31.472
  21.731   37.954   32.527
  20.575   40.065   30.418
  22.446   39.927   31.683
  19.860   38.091   31.262
  20.409   39.786   32.657
  21.897   38.233   30.288
  38.582   19.160   26.716
  37.503   20.169   27.331
  39.661   18.152   26.101
  38.165   19.614   25.239
  38.999   18.706   28.193
  37.477   18.004   26.672
  39.687   20.316   26.760
  14.099   19.650   18.223
  15.531   19.677   17.511
  12.666   19.623   18.936
  14.013   21.244   18.112
  14.184   18.056   18.335
  14.806   19.788   19.652
  13.391   19.512   16.795
