  44.440   16.987    5.662
  44.106   16.924    4.355
  42.845   17.096    4.204
  42.205   17.282    5.288
  43.414   17.203    6.430
  42.529   17.378    6.957
  44.044   17.186    7.303
  42.407   17.081    3.283
  42.082   17.259    4.804
  14.336   21.642   50.002
  14.419   20.352   49.613
  15.421   20.181   48.833
  16.097   21.235   48.604
  15.280   22.379   49.495
  16.074   22.881   49.040
  14.894   23.248   50.000
  15.645   19.268   48.437
  16.127   20.757   48.460
  31.740   37.471    5.008
  31.972   38.800    5.006
  33.227   39.038    5.116
  33.955   37.998    5.201
  32.831   36.773    5.120
  33.760   36.306    5.213
  32.267   35.856    5.085
  33.595   39.989    5.132
  34.041   38.490    5.200
   5.645   35.109   42.117
   4.443   35.584   42.509
   4.164   36.670   41.888
   5.056   37.049   41.063
   6.211   35.861   41.221
   6.579   36.528   40.507
   7.060   35.199   41.181
   3.295   37.176   42.053
   4.611   37.225   41.208
   5.954   10.699   45.745
   4.954   11.585   45.938
   4.652   11.659   47.181
   5.342   10.902   47.937
   6.356   10.149   46.852
   6.605    9.768   47.792
   7.086    9.567   46.316
   3.916   12.278   47.521
   4.972   11.230   48.008
  11.552   21.772   12.242
  10.251   22.057   12.458
  10.098   23.306   12.701
  11.177   23.981   12.684
  12.316   22.820   12.332
  12.839   23.718   12.426
  13.186   22.224   12.115
   9.181   23.710   12.889
  10.695   24.087   12.764
  18.499   28.466    2.493
  17.463   29.226    2.908
  17.750   30.471    2.810
  18.915   30.709    2.355
  19.515   29.177    2.102
  20.272   29.835    1.812
  20.071   28.284    1.873
  17.088   31.199    3.079
  18.531   30.990    2.509
  32.343   38.832   44.760
  31.769   38.802   43.538
  31.526   39.991   43.126
  31.870   40.910   43.937
  32.503   40.042   45.208
  32.588   41.048   45.475
  32.946   39.664   46.114
  31.093   40.169   42.221
  31.657   40.899   43.485
  36.905   28.431   40.584
  36.232   29.583   40.792
  35.187   29.634   40.051
  35.021   28.616   39.305
  36.334   27.672   39.697
  35.801   27.138   38.975
  37.107   26.930   39.813
  34.552   30.431   40.070
  34.772   29.042   39.382
  43.369    1.340    4.701
  42.214    2.030    4.819
  41.925    2.616    3.717
  42.766    2.423    2.781
  43.892    1.441    3.515
  44.228    1.584    2.537
  44.715    0.811    3.808
  41.086    3.186    3.614
  42.339    2.679    2.825
  20.254    4.954   15.924
  20.919    4.097   15.119
  20.140    3.163   14.715
  18.946    3.248   15.150
  19.008    4.622   16.086
  18.026    4.272   16.151
  18.849    5.473   16.727
  20.465    2.420   14.097
  19.192    2.931   14.852
  27.532    0.854   37.730
  27.327    0.858   39.064
  28.443    0.902   39.691
  29.469    0.932   38.939
  28.794    0.896   37.418
  29.827    0.931   37.274
  28.551    0.879   36.369
  28.488    0.912   40.710
  29.393    0.934   39.433
  39.904   46.857   45.417
  41.251   46.938   45.388
  41.628   48.163   45.378
  40.676   49.008   45.396
  39.333   48.025   45.427
  38.973   49.005   45.432
  38.359   47.566   45.448
  42.614   48.423   45.357
  41.175   49.037   45.386
  24.366   15.872   48.406
  25.629   15.961   48.876
  26.222   16.984   48.381
  25.509   17.669   47.579
  24.071   16.832   47.581
  23.934   17.639   46.934
  23.078   16.435   47.450
  27.186   17.215   48.621
  25.977   17.702   47.753
  32.060   27.121   26.049
  33.057   28.030   26.013
  32.659   29.154   26.483
  31.447   29.164   26.870
  30.960   27.605   26.546
  30.130   28.087   26.956
  30.464   26.659   26.412
  33.277   29.964   26.537
  31.816   29.500   26.856
   4.424   48.951   46.261
   4.072   48.064   47.216
   5.047   47.862   48.023
   6.100   48.524   47.753
   5.646   49.374   46.397
   6.633   49.649   46.592
   5.542   50.000   45.526
   4.969   47.220   48.812
   5.970   48.195   48.107
  26.302    8.459   33.489
  27.552    8.962   33.578
  28.282    8.525   32.620
  27.684    7.735   31.820
  26.153    7.668   32.469
  26.136    7.051   31.627
  25.122    7.497   32.733
  29.260    8.796   32.520
  28.147    7.921   31.853
   7.208   28.213   13.162
   6.008   28.324   12.553
   5.858   27.396   11.682
   6.845   26.598   11.587
   7.902   27.207   12.719
   8.377   26.378   12.298
   8.707   27.446   13.393
   5.011   27.317   11.119
   6.401   26.639   11.361
  15.402   44.493    9.124
  15.761   44.018    7.913
  16.041   42.769    7.984
  15.922   42.268    9.148
  15.430   43.579   10.048
  15.484   42.776   10.713
  15.111   44.294   10.787
  16.333   42.235    7.165
  16.055   42.092    8.699
  21.879   14.720   10.281
  21.518   15.827   10.964
  20.535   15.572   11.746
  20.129   14.367   11.707
  21.150   13.686   10.582
  20.512   12.921   10.893
  21.705   13.074    9.891
  20.124   16.288   12.345
  19.995   14.777   11.960
  19.052   37.452   26.795
  18.101   36.613   27.259
  18.191   36.490   28.532
  19.131   37.166   29.061
  19.811   37.918   27.742
  20.362   38.235   28.570
  20.380   38.487   27.026
  17.554   35.895   29.061
  18.778   36.855   29.233
   0.823   12.690   26.978
  -0.000   13.604   27.533
   0.669   14.605   27.972
   1.926   14.518   27.793
   2.072   13.048   27.026
   3.042   13.425   27.114
   2.368   12.138   26.530
   0.216   15.398   28.426
   1.621   14.856   27.998
  24.726   42.071   33.756
  24.424   40.756   33.763
  25.487   40.050   33.875
  26.563   40.726   33.953
  26.003   42.291   33.863
  27.041   42.361   33.953
  25.839   43.355   33.821
  25.457   39.031   33.899
  26.451   40.239   33.956
  42.148   24.861   11.827
  41.712   26.136   11.908
  41.386   26.574   10.748
  41.542   25.734    9.805
  42.130   24.402   10.611
  42.077   24.130    9.605
  42.513   23.453   10.947
  41.033   27.521   10.610
  41.381   26.207    9.835
  37.639   33.883   20.799
  38.848   33.611   21.336
  38.747   32.704   22.235
  37.564   32.272   22.417
  36.688   33.166   21.321
  36.000   32.546   21.802
  35.960   33.640   20.683
  39.558   32.366   22.752
  38.011   32.171   22.616
  10.458   22.617   17.728
   9.198   22.846   17.301
   8.891   22.040   16.353
   9.816   21.226   16.033
  11.038   21.650   17.080
  11.412   20.864   16.504
  11.933   21.775   17.665
   7.977   22.063   15.902
   9.349   21.311   15.875
   4.903   25.053    2.503
   5.520   24.252    1.609
   5.980   23.204    2.186
   5.758   23.152    3.439
   4.927   24.569    3.709
   5.001   24.096    4.637
   4.385   25.422    4.079
   6.480   22.480    1.670
   5.987   22.855    3.108
  27.381   19.383   17.584
  26.069   19.159   17.804
  25.440   20.266   17.945
  26.172   21.303   17.849
  27.677   20.649   17.569
  27.809   21.685   17.577
  28.713   20.421   17.383
  24.436   20.297   18.120
  25.686   21.220   17.931
  18.724   25.599   48.006
  17.805   26.102   47.154
  16.628   25.717   47.483
  16.587   24.967   48.510
  18.193   24.860   48.934
  17.671   24.287   49.634
  19.164   24.672   49.361
  15.802   25.997   46.954
  16.247   25.153   48.195
  16.658   16.210   38.055
  16.594   14.862   38.110
  15.388   14.476   38.310
  14.542   15.422   38.410
  15.497   16.772   38.217
  14.524   17.124   38.356
  15.939   17.749   38.116
  15.144   13.489   38.381
  14.519   14.923   38.430
  15.201   36.385   41.216
  14.115   35.828   41.794
  13.041   36.265   41.248
  13.231   37.103   40.309
  14.891   37.213   40.264
  14.538   37.856   39.520
  15.932   37.418   40.081
  12.118   35.957   41.554
  12.829   36.897   40.523
   1.806    2.596   10.720
   2.577    2.113   11.717
   3.817    2.172   11.395
   4.039    2.660   10.241
   2.502    2.996    9.697
   3.149    3.287    8.931
   1.603    3.280    9.177
   4.552    1.851   12.025
   4.325    2.481   10.610
   4.396    9.153   39.338
   3.369    8.335   39.023
   2.372    9.012   38.585
   2.566   10.269   38.546
   4.122   10.405   39.123
   3.805   11.378   38.916
   5.100   10.695   39.467
   1.503    8.564   38.296
   2.186    9.966   38.430
  19.028    8.336   43.301
  18.368    8.966   42.306
  18.316    8.225   41.261
  18.882    7.093   41.390
  19.441    7.153   42.956
  19.727    6.220   42.583
  19.874    7.003   43.931
  17.855    8.533   40.405
  18.637    7.326   41.021
  48.611   36.588   23.655
  47.373   37.109   23.522
  46.800   37.208   24.664
  47.506   36.804   25.643
  48.910   36.320   24.892
  49.052   36.142   25.911
  49.880   35.959   24.595
  45.857   37.581   24.763
  47.047   36.997   25.594
   3.590   21.871   42.104
   3.692   22.937   41.282
   4.539   23.781   41.742
   5.082   23.437   42.840
   4.366   21.965   43.143
   5.021   22.136   43.937
   4.020   21.013   43.507
   4.750   24.652   41.255
   5.119   23.832   42.536
  46.485   10.453   11.345
  46.170   10.710   12.632
  46.874    9.985   13.421
  47.691    9.207   12.832
  47.411    9.549   11.228
  48.156    8.817   11.241
  47.375    9.629   10.154
  46.775   10.040   14.434
  47.574    9.302   13.309
  18.669   49.602    2.250
  17.708   48.827    1.704
  17.538   47.764    2.400
  18.291   47.678    3.423
  19.175   49.085    3.330
  19.514   48.587    4.183
  19.837   49.927    3.441
  16.851   47.056    2.143
  17.935   47.391    3.220
  39.423    5.407    4.325
  39.414    6.333    5.307
  40.016    7.398    4.927
  40.476    7.349    3.741
  40.031    5.821    3.253
  40.538    6.246    2.445
  39.836    4.883    2.761
  40.111    8.210    5.537
  40.473    7.692    4.105
  11.307   38.031   14.794
  10.010   38.013   14.418
   9.603   39.199   14.152
  10.485   40.104   14.297
  11.811   39.229   14.793
  12.120   40.226   14.759
  12.764   38.845   15.119
   8.647   39.384   13.850
  10.005   40.097   14.158
  48.335   33.249   12.697
  48.317   34.203   13.653
  47.504   35.141   13.337
  46.910   34.971   12.224
  47.534   33.517   11.709
  46.865   33.822   10.968
  47.817   32.603   11.213
  47.356   35.951   13.939
  46.903   35.324   12.578
  31.385    2.662   35.643
  31.439    3.797   34.913
  32.580    3.907   34.338
  33.384    2.950   34.576
  32.486    1.975   35.582
  33.409    1.500   35.468
  32.072    1.224   36.233
  32.807    4.703   33.742
  33.405    3.370   34.306
  40.496   36.551   29.185
  40.800   37.637   29.928
  42.042   37.930   29.808
  42.694   37.155   29.038
  41.524   36.080   28.543
  42.406   35.782   28.072
  40.918   35.299   28.115
  42.457   38.722   30.297
  42.807   37.557   29.313
  47.757   32.202   44.025
  47.675   30.856   43.959
  48.846   30.333   43.957
  49.798   31.175   44.016
  48.985   32.626   44.070
  50.001   32.864   44.101
  48.646   33.648   44.112
  48.985   29.324   43.912
  49.768   30.677   43.992
  18.000   33.224   16.351
  18.536   32.250   15.585
  18.082   31.103   15.931
  17.250   31.135   16.893
  17.168   32.762   17.237
  16.522   32.293   17.909
  16.982   33.757   17.604
  18.374   30.245   15.464
  17.448   30.775   16.610
  16.558   30.904   23.076
  15.907   32.086   23.080
  14.639   31.901   23.083
  14.285   30.679   23.082
  15.749   29.887   23.076
  15.017   29.142   23.077
  16.581   29.204   23.072
  13.981   32.681   23.087
  14.044   31.117   23.084
  10.500    4.085   40.899
  11.226    4.439   41.981
  10.470    4.940   42.886
   9.237    4.992   42.573
   9.233    4.337   41.043
   8.240    4.578   41.256
   9.028    3.947   40.060
  10.841    5.266   43.778
   9.506    5.123   42.974
   5.438    8.251   33.065
   5.062    9.538   32.908
   4.994    9.839   31.664
   5.288    8.885   30.875
   5.635    7.646   31.931
   5.766    7.254   30.972
   5.894    6.736   32.444
   4.725   10.771   31.350
   5.149    9.362   30.817
  27.732   23.426    5.358
  28.478   22.335    5.082
  29.685   22.503    5.477
  29.907   23.630    6.027
  28.415   24.362    5.948
  29.048   25.048    6.416
  27.543   24.993    5.991
  30.397   21.784    5.354
  30.184   23.226    5.925
  11.862   22.386   20.746
  12.391   21.152   20.882
  13.666   21.192   20.754
  14.136   22.354   20.533
  12.764   23.295   20.522
  13.561   23.946   20.347
  12.006   24.059   20.479
  14.241   20.353   20.826
  14.333   21.897   20.584
  36.326   41.417    3.400
  35.151   42.016    3.111
  35.260   43.289    3.206
  36.418   43.695    3.542
  37.261   42.268    3.698
  37.939   43.030    3.922
  37.965   41.467    3.848
  34.473   43.912    3.024
  35.983   43.917    3.435
  39.446   44.206   10.342
  39.713   45.529   10.330
  40.975   45.733   10.249
  41.678   44.673   10.199
  40.521   43.478   10.268
  41.439   42.986   10.206
  39.932   42.577   10.303
  41.369   46.673   10.228
  41.777   45.163   10.195
  45.572   44.579    6.367
  46.402   44.997    7.347
  46.923   43.995    7.953
  46.553   42.861    7.510
  45.509   43.284    6.284
  45.528   42.240    6.300
  44.813   43.355    5.466
  47.579   44.114    8.725
  46.860   43.016    7.873
  10.958   36.846   39.360
  11.658   37.795   38.702
  10.942   38.844   38.531
   9.764   38.761   39.006
   9.750   37.228   39.652
   8.804   37.628   39.839
   9.549   36.281   40.124
  11.302   39.669   38.051
  10.023   39.113   38.762
  18.673    1.219    9.102
  17.816    0.210    8.837
  16.605    0.624    8.888
  16.481    1.859    9.168
  18.065    2.343    9.339
  17.483    3.192    9.513
  19.008    2.840    9.489
  15.815    0.002    8.715
  16.164    1.486    9.070
  10.281   23.356   35.524
  11.631   23.372   35.503
  12.065   24.576   35.431
  11.153   25.464   35.396
   9.765   24.548   35.467
   9.452   25.543   35.418
   8.771   24.136   35.505
  13.062   24.788   35.404
  11.653   25.470   35.388
  34.532   19.740   32.102
  34.861   18.446   32.303
  33.808   17.718   32.359
  32.717   18.358   32.216
  33.248   19.922   32.016
  32.206   19.962   31.962
  33.392   20.980   31.870
  33.857   16.710   32.507
  32.838   17.879   32.291
  44.293   27.123   40.075
  43.945   27.922   41.106
  44.769   27.787   42.079
  45.705   26.952   41.863
  45.361   26.425   40.322
  46.222   25.912   40.618
  45.306   25.966   39.349
  44.667   28.312   42.947
  45.576   27.248   42.245
  45.561   27.363    7.810
  45.227   26.558    8.841
  46.209   26.437    9.655
  47.253   27.085    9.321
  46.779   27.809    7.899
  47.765   28.112    8.062
  46.662   28.357    6.979
  46.144   25.866   10.497
  47.129   26.787    9.702
  40.724   10.884    3.485
  39.778   10.675    4.425
  40.319   10.400    5.554
  41.592   10.387    5.539
  41.931   10.757    3.952
  42.854   10.633    4.423
  42.346   10.981    2.984
  39.761   10.211    6.387
  41.242   10.309    5.887
  28.551   39.117   12.150
  28.567   37.889   11.588
  29.682   37.682   10.990
  30.503   38.652   11.057
  29.655   39.773   11.948
  30.576   40.215   11.731
  29.273   40.615   12.501
  29.878   36.807   10.506
  30.509   38.198   10.849
   3.072   28.240    7.252
   1.791   28.603    7.471
   1.009   27.596    7.343
   1.597   26.507    7.046
   3.192   26.976    6.970
   3.181   25.955    6.754
   4.259   27.083    6.874
   0.000   27.677    7.472
   1.122   26.642    7.128
  10.501   41.731   17.626
   9.929   40.520   17.794
   9.166   40.241   16.803
   9.118   41.142   15.905
  10.141   42.304   16.517
   9.791   42.678   15.607
  10.756   43.160   16.742
   8.646   39.365   16.753
   8.906   40.694   15.968
   7.651   36.937   29.597
   7.527   38.281   29.563
   8.679   38.840   29.612
   9.656   38.028   29.681
   8.890   36.551   29.670
   9.912   36.345   29.729
   8.584   35.518   29.675
   8.786   39.854   29.597
   9.611   38.526   29.668
   2.241   20.585   38.784
   1.183   19.822   39.131
   0.790   19.117   38.136
   1.466   19.288   37.070
   2.593   20.417   37.543
   2.795   20.211   36.540
   3.390   21.132   37.656
  -0.000   18.477   38.208
   1.074   19.005   37.199
  29.772   24.148   14.237
  29.144   24.095   13.043
  28.670   22.922   12.836
  28.891   22.092   13.775
  29.740   23.013   14.870
  29.659   22.063   15.294
  30.293   23.438   15.691
  28.161   22.690   11.983
  28.658   22.072   13.333
  23.400   19.641   20.733
  23.641   18.313   20.703
  23.040   17.769   19.711
  22.367   18.578   18.995
  22.628   20.031   19.763
  22.005   20.241   18.952
  22.676   21.048   20.113
  23.105   16.768   19.524
  22.456   18.086   18.983
   3.873   41.456   32.058
   2.620   41.097   32.411
   1.814   42.084   32.277
   2.357   43.154   31.853
   3.947   42.697   31.675
   3.902   43.699   31.387
   5.005   42.594   31.497
   0.821   42.002   32.496
   1.893   43.021   31.983
  11.395   42.900   46.649
  12.010   44.094   46.513
  13.272   43.936   46.363
  13.656   42.722   46.374
  12.225   41.901   46.594
  12.970   41.172   46.536
  11.417   41.202   46.730
  13.904   44.727   46.244
  13.884   43.164   46.324
  19.609   45.669   39.937
  19.345   44.372   39.669
  18.888   44.242   38.479
  18.786   45.334   37.832
  19.337   46.451   38.935
  19.088   46.992   38.077
  19.656   47.311   39.500
  18.630   43.332   38.098
  18.688   44.854   37.733
  23.851   15.982   27.295
  22.819   15.261   27.784
  23.169   14.042   27.967
  24.377   13.788   27.656
  24.926   15.270   27.134
  25.734   14.614   27.042
  25.459   16.130   26.765
  22.521   13.345   28.332
  23.995   13.521   27.837
   2.065   30.302   34.246
   3.044   30.821   35.017
   2.579   31.182   36.155
   1.331   30.977   36.302
   0.909   30.298   34.843
   0.031   30.339   35.406
   0.448   29.851   33.978
   3.172   31.598   36.872
   1.694   31.169   36.588
  37.710   37.658   21.492
  38.365   36.927   22.419
  39.554   36.659   22.023
  39.846   37.127   20.876
  38.439   37.903   20.443
  39.102   38.045   19.650
  37.630   38.453   19.991
  40.201   36.114   22.593
  40.088   36.857   21.220
   1.742    8.722    8.171
   1.304    7.480    8.469
   1.619    6.657    7.538
   2.257    7.178    6.568
   2.365    8.773    7.032
   2.846    8.708    6.107
   2.535    9.829    7.154
   1.372    5.669    7.587
   2.095    6.718    6.678
  41.359   24.566   13.873
  40.321   24.835   13.052
  39.646   25.831   13.493
  40.091   26.332   14.575
  41.414   25.373   14.890
  41.371   26.069   15.668
  42.293   24.872   15.260
  38.822   26.182   13.004
  39.706   26.432   14.271
   5.145    7.726    8.280
   6.250    8.488    8.134
   6.794    8.278    6.993
   6.189    7.423    6.270
   4.911    6.981    7.241
   4.812    6.425    6.363
   4.034    6.571    7.713
   7.642    8.765    6.703
   6.598    7.705    6.216
   1.499   22.987   41.450
   1.456   21.764   40.880
   0.611   21.015   41.485
   0.016   21.574   42.461
   0.683   23.098   42.456
  -0.000   23.085   43.246
   0.992   24.118   42.614
   0.441   20.052   41.195
   0.000   21.121   42.250
  16.488   42.025   26.302
  17.291   41.624   27.310
  18.506   41.536   26.910
  18.680   41.837   25.686
  17.137   42.218   25.192
  17.748   42.345   24.355
  16.227   42.500   24.691
  19.258   41.247   27.534
  18.978   41.688   26.059
  22.466   32.931   24.488
  23.161   32.208   25.392
  22.379   31.751   26.299
  21.156   32.072   26.151
  21.196   32.984   24.759
  20.197   32.965   25.063
  21.019   33.591   23.888
  22.725   31.180   27.070
  21.414   31.804   26.486
  22.532    3.778   44.668
  21.228    3.853   45.012
  21.019    3.241   46.119
  22.057    2.714   46.633
  23.240    3.113   45.532
  23.717    2.566   46.282
  24.130    3.269   44.946
  20.092    3.191   46.539
  21.575    2.741   46.761
  27.225   40.567   43.747
  27.852   41.678   43.306
  27.136   42.718   43.531
  26.025   42.478   44.104
  26.069   40.824   44.282
  25.159   41.134   44.690
  25.913   39.778   44.485
  27.447   43.653   43.266
  26.257   42.890   43.940
  47.095   24.905    2.910
  47.365   26.190    3.224
  46.946   26.976    2.303
  46.385   26.387    1.324
  46.486   24.787    1.767
  46.003   24.799    0.842
  46.456   23.716    1.877
  47.061   27.987    2.364
  46.484   26.863    1.440
  26.392   17.517   35.679
  25.888   16.786   36.696
  26.065   15.535   36.481
  26.660   15.267   35.388
  26.923   16.781   34.749
  27.323   16.105   34.062
  27.182   17.659   34.181
  25.749   14.825   37.141
  26.473   14.996   35.764
  19.545   33.231   27.460
  20.513   33.741   28.251
  20.701   34.981   27.990
  19.955   35.444   27.068
  19.052   34.113   26.642
  18.725   34.891   26.028
  18.380   33.378   26.231
  21.395   35.537   28.488
  20.313   35.633   27.361
  38.338   13.442   14.409
  37.369   14.095   15.085
  37.701   15.318   15.278
  38.838   15.636   14.803
  39.352   14.205   14.127
  40.113   14.897   13.949
  39.851   13.386   13.637
  37.092   15.969   15.773
  38.479   15.878   15.054
  46.746   21.843   34.492
  46.593   22.631   33.406
  45.406   22.522   32.934
  44.656   21.718   33.576
  45.667   21.180   34.784
  44.754   20.695   34.934
  46.159   20.721   35.625
  45.103   23.043   32.112
  44.600   22.009   33.174
  22.343   11.239    3.006
  23.638   11.314    2.631
  24.274   10.264    2.999
  23.565    9.409    3.620
  22.068   10.138    3.639
  21.951    9.226    4.134
  21.041   10.441    3.753
  25.267   10.140    2.803
  24.044    9.436    3.481
  22.866   26.322   30.557
  23.463   27.077   31.503
  24.738   26.975   31.422
  25.147   26.206   30.493
  23.720   25.688   29.810
  24.484   25.226   29.269
  22.919   25.247   29.241
  25.360   27.476   32.056
  25.368   26.486   30.844
  44.313   20.138   31.581
  43.309   20.381   32.450
  43.137   19.379   33.231
  43.928   18.405   33.019
  44.848   18.965   31.750
  45.206   18.008   31.966
  45.537   19.145   30.943
  42.420   19.379   33.956
  43.556   18.495   33.341
   9.367   29.017   41.349
  10.020   29.369   42.477
   9.767   30.588   42.782
   8.979   31.179   41.977
   8.655   29.989   40.860
   8.118   30.829   40.550
   8.329   29.361   40.048
  10.172   31.031   43.606
   9.221   31.310   42.395
  23.956   50.000   23.476
  23.046   49.863   22.488
  23.523   49.157   21.531
  24.715   48.753   21.718
  25.074   49.390   23.213
  25.926   48.870   22.909
  25.488   49.711   24.154
  22.978   48.946   20.695
  24.378   48.702   21.352
  26.194    3.120   26.709
  25.983    4.443   26.869
  27.094    5.082   26.851
  28.121    4.348   26.692
  27.454    2.827   26.579
  28.486    2.697   26.485
  27.217    1.781   26.484
  27.134    6.095   26.958
  28.042    4.838   26.751
  10.960   48.584   47.306
  11.315   47.292   47.469
  10.276   46.544   47.529
   9.171   47.168   47.426
   9.672   48.746   47.252
   8.628   48.769   47.222
   9.795   49.809   47.130
  10.345   45.534   47.650
   9.302   46.690   47.486
   4.156   42.805    4.512
   4.689   41.645    4.071
   5.362   41.839    2.998
   5.378   43.047    2.597
   4.454   43.814    3.749
   4.748   44.555    3.075
   3.894   44.479    4.385
   5.839   41.076    2.517
   5.575   42.617    2.434
   6.156   32.108   24.689
   5.400   31.532   23.730
   4.667   32.408   23.148
   4.811   33.593   23.590
   5.956   33.389   24.781
   5.723   34.407   24.775
   6.676   33.460   25.579
   4.027   32.159   22.394
   4.531   33.379   23.235
  19.775   39.005   22.643
  20.473   40.032   22.113
  20.257   40.121   20.853
  19.455   39.246   20.394
  19.068   38.371   21.756
  18.538   37.931   20.971
  18.700   37.695   22.509
  20.700   40.839   20.280
  19.714   39.626   20.197
   8.723   13.887   26.097
   9.445   13.064   25.307
  10.125   13.739   24.456
   9.973   15.000   24.542
   8.895   15.141   25.802
   9.101   16.115   25.488
   8.214   15.434   26.583
  10.732   13.287   23.773
  10.240   14.695   24.249
   2.037   15.496   23.774
   1.650   14.248   23.433
   2.655   13.558   23.038
   3.763   14.183   23.055
   3.314   15.683   23.619
   4.345   15.731   23.460
   3.223   16.699   23.965
   2.557   12.588   22.739
   3.620   13.721   22.928
  39.540   31.860    7.010
  39.524   32.075    8.343
  39.458   30.964    8.978
  39.423   29.933    8.232
  39.485   30.597    6.707
  39.439   29.563    6.570
  39.518   30.832    5.657
  39.436   30.926    9.997
  39.417   30.013    8.726
   7.494   33.940   30.753
   7.750   34.905   31.662
   9.013   35.046   31.825
   9.726   34.268   31.114
   8.577   33.402   30.277
   9.502   33.037   29.958
   7.996   32.747   29.650
   9.398   35.731   32.475
   9.821   34.625   31.451
  46.516   23.487   40.314
  46.209   22.770   41.417
  46.839   21.655   41.418
  47.593   21.474   40.409
  47.362   22.875   39.540
  48.040   22.303   38.990
  47.345   23.698   38.845
  46.735   20.978   42.174
  47.480   21.209   40.817
  14.587   18.618    4.752
  14.667   17.300    5.033
  14.785   16.616    3.956
  14.801   17.312    2.890
  14.649   18.862    3.476
  14.708   18.951    2.438
  14.560   19.919    3.659
  14.860   15.599    3.969
  14.830   16.823    2.994
  28.327   48.623   34.544
  28.204   48.940   33.238
  26.969   49.071   32.921
  26.156   48.881   33.881
  27.178   48.533   35.147
  26.211   48.485   35.536
  27.667   48.290   36.075
  26.680   49.310   31.972
  26.110   48.998   33.397
  37.476   28.283   13.934
  37.220   29.608   13.928
  36.866   30.004   15.095
  36.835   29.085   15.975
  37.302   27.745   15.105
  37.135   27.412   16.080
  37.581   26.779   14.720
  36.632   30.978   15.285
  36.740   29.576   15.973
  34.224   32.814   14.898
  34.510   31.502   15.034
  33.859   30.999   16.017
  33.109   31.825   16.629
  33.371   33.235   15.785
  32.686   33.471   16.536
  33.408   34.229   15.372
  33.947   30.016   16.274
  33.215   31.339   16.680
  25.034   43.470   47.170
  25.559   42.629   46.254
  26.604   42.052   46.719
  26.908   42.391   47.908
  25.711   43.485   48.280
  26.320   43.425   49.126
  25.032   44.207   48.702
  27.138   41.380   46.168
  27.102   42.079   47.568
  48.807   17.508   48.048
  48.760   16.461   48.898
  48.255   15.434   48.320
  47.919   15.625   47.108
  48.334   17.219   46.872
  47.936   16.887   45.965
  48.532   18.221   46.529
  48.139   14.546   48.807
  47.901   15.237   47.423
  24.026   35.799    3.767
  24.355   36.914    3.081
  25.530   36.805    2.581
  26.109   35.700    2.835
  24.969   34.905    3.749
  25.783   34.256    3.676
  24.370   34.239    4.348
  25.951   37.551    2.028
  26.231   36.113    2.581
  10.364   12.697   14.019
  10.599   11.561   13.328
  10.393   11.745   12.076
  10.025   12.924   11.771
   9.994   13.680   13.253
   9.706   14.401   12.555
   9.915   14.334   14.105
  10.520   10.997   11.395
  10.112   12.503   11.515
  10.435   43.928    0.005
   9.250   43.281   -0.000
   9.430   42.012    0.007
  10.651   41.653    0.017
  11.448   43.114    0.016
  12.191   42.380    0.024
  12.135   43.944    0.017
   8.648   41.358    0.005
  10.212   41.414    0.015
  32.584    1.487   18.671
  33.766    1.405   18.023
  34.632    0.791   18.741
  34.198    0.406   19.874
  32.619    0.931   19.846
  32.750    0.460   20.769
  31.587    1.187   20.015
  35.585    0.633   18.417
  34.636    0.376   19.634
  30.698   41.547   38.509
  29.630   42.372   38.482
  28.541   41.697   38.430
  28.704   40.435   38.415
  30.361   40.292   38.475
  29.988   39.317   38.445
  31.396   39.997   38.510
  27.628   42.150   38.402
  28.308   40.741   38.405
  23.640   37.017   37.906
  23.315   38.304   37.664
  24.371   39.014   37.511
  25.461   38.366   37.620
  24.925   36.820   37.925
  25.968   36.768   37.919
  24.778   35.773   38.128
  24.324   40.015   37.320
  25.341   38.843   37.530
  30.644   21.546   35.661
  31.084   22.812   35.824
  32.214   22.822   36.428
  32.659   21.669   36.733
  31.465   20.665   36.151
  32.188   20.040   36.574
  30.812   19.864   35.847
  32.703   23.691   36.640
  32.821   22.138   36.793
  44.754   41.372   46.176
  45.228   40.124   46.375
  44.263   39.287   46.484
  43.104   39.805   46.383
  43.455   41.414   46.145
  42.414   41.342   46.135
  43.479   42.479   45.983
  44.427   38.293   46.638
  43.280   39.342   46.456
   1.790   16.007   12.882
   2.222   16.762   13.915
   3.442   17.110   13.738
   3.962   16.680   12.659
   2.707   15.825   11.978
   3.508   15.738   11.315
   2.028   15.234   11.387
   3.942   17.685   14.416
   4.122   16.960   13.041
  22.908   28.392   25.441
  24.243   28.481   25.628
  24.699   29.559   25.107
  23.818   30.287   24.546
  22.426   29.408   24.789
  22.139   30.262   24.262
  21.434   28.992   24.845
  25.689   29.800   25.148
  24.312   30.320   24.615
  17.296    0.163   13.883
  15.963   -0.002   13.749
  15.424    1.059   13.274
  16.242    2.006   13.041
  17.695    1.340   13.503
  17.913    2.307   13.174
  18.714    1.090   13.745
  14.421    1.123   13.103
  15.748    1.945   12.992
   6.607    2.877   46.295
   5.829    3.903   46.699
   4.944    3.496   47.533
   4.995    2.251   47.788
   6.271    1.748   46.844
   5.923    0.896   47.337
   7.056    1.237   46.312
   4.264    4.132   47.948
   4.706    2.631   47.937
  43.190   46.493   33.968
  42.610   47.684   33.706
  43.475   48.628   33.763
  44.655   48.245   34.047
  44.463   46.600   34.210
  45.474   46.792   34.389
  44.540   45.535   34.356
  43.222   49.601   33.593
  44.440   48.686   33.950
  31.943   42.639   47.784
  32.206   41.315   47.774
  31.185   40.650   48.173
  30.179   41.366   48.481
  30.738   42.906   48.191
  29.756   43.015   48.528
  30.913   43.961   48.064
  31.195   39.632   48.232
  30.276   40.875   48.477
  38.379   15.578    2.078
  39.433   14.947    1.518
  39.746   13.905    2.196
  39.014   13.703    3.218
  37.950   14.981    3.150
  37.683   14.429    3.995
  37.182   15.726    3.276
  40.520   13.299    1.926
  39.404   13.469    3.011
  17.768   41.816   15.260
  17.340   42.805   14.447
  16.614   42.330   13.503
  16.463   41.067   13.540
  17.344   40.645   14.888
  16.953   39.754   14.508
  17.855   40.180   15.714
  16.200   42.929   12.789
  16.304   41.433   13.239
  20.103   14.592   39.771
  21.376   14.768   40.186
  21.609   16.008   40.409
  20.617   16.777   40.195
  19.441   15.708   39.701
  18.999   16.654   39.679
  18.562   15.184   39.365
  22.519   16.336   40.731
  21.088   16.842   40.349
  23.396   24.575    7.791
  23.586   24.202    6.508
  24.542   23.352    6.423
  25.083   23.056    7.536
  24.217   23.987    8.610
  24.918   23.465    9.181
  23.778   24.505    9.446
  24.831   22.955    5.530
  25.154   22.918    7.061
  25.044   12.965    1.688
  24.315   13.929    1.085
  24.544   15.069    1.623
  25.383   15.042    2.579
  25.785   13.428    2.651
  26.340   13.897    3.401
  26.167   12.441    2.851
  24.083   15.919    1.299
  25.114   15.398    2.356
  18.894    2.327   20.597
  19.363    2.559   19.352
  19.453    3.818   19.133
  19.091    4.550   20.109
  18.654    3.423   21.253
  18.495    4.357   21.692
  18.329    2.857   22.110
  19.790    4.187   18.244
  19.265    4.636   19.648
   7.176   46.247    1.759
   7.411   47.398    2.424
   8.658   47.517    2.691
   9.379   46.551    2.282
   8.259   45.556    1.558
   9.181   45.079    1.448
   7.695   44.791    1.050
   9.027   48.325    3.191
   9.466   46.977    2.528
  46.156   33.918    0.561
  47.373   34.437    0.290
  48.249   33.505    0.201
  47.791   32.332    0.382
  46.176   32.623    0.662
  46.298   31.587    0.724
  45.118   32.607    0.863
  49.229   33.705    0.000
  48.241   32.524    0.282
   5.071   11.917   13.065
   4.974   11.163   14.180
   4.083   10.254   14.032
   3.504   10.264   12.899
   4.249   11.540   12.132
   3.555   11.159   11.451
   4.607   12.318   11.480
   3.867    9.585   14.771
   3.468    9.984   13.312
  11.314   35.494    6.935
  12.437   36.105    7.369
  13.332   35.239    7.672
  12.974   34.030    7.503
  11.419   34.198    6.934
  11.603   33.171    6.971
  10.413   34.102    6.560
  14.251   35.514    8.020
  13.390   34.256    7.664
  25.413   16.418   11.275
  24.801   15.417   11.943
  23.651   15.794   12.364
  23.349   16.994   12.068
  24.693   17.500   11.227
  24.041   18.315   11.244
  25.462   18.005   10.666
  23.040   15.170   12.892
  23.123   16.623   12.316
  26.128   41.949    4.086
  25.830   41.393    2.892
  25.351   42.274    2.093
  25.266   43.443    2.588
  25.860   43.220    4.127
  25.610   44.231    4.058
  26.207   43.276    5.145
  25.067   42.040    1.142
  25.156   43.237    2.146
  44.114   14.373   24.939
  44.739   14.313   23.744
  45.769   13.553   23.812
  45.968   13.038   24.959
  44.704   13.655   25.848
  45.250   13.052   26.503
  43.967   13.946   26.578
  46.368   13.385   23.004
  46.200   13.016   24.516
  41.576   33.076   10.204
  40.834   33.762   11.099
  40.313   32.965   11.957
  40.603   31.739   11.781
  41.578   31.796   10.433
  41.516   30.789   10.701
  42.220   31.629    9.584
  39.717   33.303   12.712
  40.328   31.993   12.112
   7.203   37.885   10.965
   6.158   38.334   11.691
   6.438   39.461   12.233
   7.606   39.895   11.974
   8.219   38.696   10.996
   8.975   39.410   11.084
   8.784   38.037   10.358
   5.768   39.957   12.821
   7.219   40.061   12.243
  11.424    2.334   32.746
  12.654    2.886   32.811
  13.556    1.975   32.821
  13.104    0.786   32.770
  11.459    1.035   32.711
  11.596   -0.000   32.687
  10.384    0.991   32.667
  14.549    2.201   32.867
  13.560    0.990   32.794
  46.714   49.411   44.845
  46.614   48.416   45.752
  46.609   47.274   45.169
  46.699   47.330   43.900
  46.781   48.969   43.624
  46.828   48.516   42.685
  46.846   49.976   43.247
  46.540   46.402   45.693
  46.661   46.962   44.236
   8.082   33.579   10.012
   9.320   33.178    9.651
  10.108   34.185    9.555
   9.565   35.306    9.814
   7.999   34.866   10.170
   8.037   35.905   10.271
   6.957   34.783   10.429
  11.088   34.078    9.292
  10.023   35.158    9.681
  20.654   38.026    1.788
  21.608   37.080    1.924
  21.326   36.293    2.896
  20.241   36.571    3.500
  19.702   37.905    2.664
  18.990   37.723    3.406
  19.195   38.763    2.255
  21.933   35.514    3.151
  20.594   36.220    3.551
   4.415   44.356   21.176
   3.338   43.544   21.221
   2.770   43.612   22.368
   3.332   44.408   23.187
   4.606   44.996   22.291
   4.671   45.459   23.225
   5.473   45.485   21.881
   1.937   43.067   22.590
   2.933   44.107   23.204
  40.428   27.243   41.849
  39.911   28.469   41.620
  38.783   28.600   42.215
  38.411   27.575   42.871
  39.664   26.511   42.605
  38.983   26.008   43.216
  40.365   25.696   42.551
  38.241   29.462   42.157
  38.220   28.029   42.786
  13.368   39.301   48.652
  14.514   38.602   48.799
  14.265   37.352   48.932
  13.028   37.054   48.896
  12.313   38.542   48.682
  11.532   37.849   48.719
  11.674   39.398   48.545
  15.009   36.665   49.054
  13.452   36.796   48.951
  33.063   22.484   50.000
  34.322   22.973   50.001
  34.307   24.254   50.001
  33.143   24.768   50.001
  32.163   23.422   50.000
  31.522   24.246   50.000
  31.375   22.688   50.000
  35.167   24.802   50.001
  33.609   24.949   50.001
  46.224   11.371   44.494
  46.387   10.303   45.304
  47.631   10.108   45.545
  48.413   10.940   44.985
  47.352   11.927   44.166
  48.307   12.298   43.963
  46.835   12.665   43.576
  47.950    9.343   46.140
  48.474   10.544   45.285
   5.652   16.141   45.464
   5.046   15.798   44.307
   5.182   14.544   44.082
   5.840   13.917   44.974
   6.215   15.128   46.053
   6.631   14.254   46.444
   6.551   15.761   46.856
   4.790   14.100   43.252
   5.616   13.790   44.546
  12.409    6.276    9.859
  11.725    7.165   10.610
  11.832    8.345   10.120
  12.540    8.414    9.064
  12.998    6.830    8.841
  13.430    7.368    8.057
  13.392    5.877    8.531
  11.382    9.151   10.553
  12.287    8.744    9.343
  18.000   46.618    7.917
  17.498   45.379    7.732
  17.417   45.108    6.482
  17.817   46.040    5.714
  18.273   47.219    6.797
  18.457   47.613    5.848
  18.617   48.090    7.330
  17.059   44.213    6.147
  17.631   45.581    5.646
  15.334    4.918    6.455
  15.065    6.065    7.114
  16.151    6.638    7.481
  17.212    6.016    7.152
  16.609    4.684    6.358
  17.648    4.588    6.334
  16.416    3.771    5.820
  16.148    7.519    7.994
  17.112    6.441    7.397
  14.982   48.122   46.939
  15.600   47.428   47.918
  15.345   47.942   49.064
  14.587   48.964   49.026
  14.292   49.125   47.396
  13.770   49.900   47.861
  13.988   49.390   46.398
  15.726   47.552   49.926
  14.815   48.707   49.389
  13.666   18.859   27.192
  14.596   19.837   27.210
  15.665   19.452   26.616
  15.613   18.267   26.154
  14.079   17.786   26.586
  14.504   16.977   26.082
  13.137   17.299   26.773
  16.481   20.058   26.529
  15.958   18.629   26.160
  35.651   20.675   40.567
  34.977   21.843   40.626
  35.631   22.770   40.031
  36.739   22.395   39.530
  36.779   20.780   39.930
  37.661   20.969   39.405
  36.985   19.735   40.092
  35.278   23.725   39.972
  36.489   22.828   39.552
  34.919   20.347   12.759
  35.911   19.457   12.978
  37.036   20.058   13.100
  36.971   21.324   12.991
  35.347   21.574   12.728
  35.789   22.520   12.721
  34.347   21.934   12.550
  37.903   19.548   13.270
  37.338   20.995   13.072
  17.295   40.224   19.462
  17.323   39.024   18.846
  18.361   38.925   18.100
  19.114   39.951   18.106
  18.313   40.970   19.151
  19.164   41.488   18.838
  17.950   41.759   19.788
  18.553   38.086   17.553
  19.124   39.507   17.878
   0.500   39.479   24.010
   1.151   40.551   23.510
   2.313   40.216   23.087
   2.589   38.981   23.229
   1.205   38.389   23.939
   1.849   37.573   23.837
   0.408   37.826   24.394
   2.953   40.895   22.674
   2.830   39.378   23.043
  49.998   23.756    9.172
  49.581   23.291   10.369
  48.750   24.107   10.904
  48.509   25.145   10.208
  49.460   24.899    8.865
  48.976   25.811    8.713
  50.000   24.920    7.933
  48.325   23.924   11.813
  48.354   24.973   10.651
  29.707   26.125    8.921
  30.494   26.734    8.008
  30.268   27.995    7.990
  29.378   28.384    8.813
  28.928   26.958    9.545
  28.347   27.705    9.987
  28.508   26.155   10.126
  30.770   28.623    7.361
  29.670   28.609    8.475
  12.470    3.275   35.737
  12.516    4.294   36.621
  12.060    3.922   37.760
  11.675    2.710   37.803
  11.981    2.186   36.253
  11.578    1.367   36.760
  12.104    1.668   35.317
  12.016    4.559   38.556
  11.692    3.087   38.131
  28.703   26.702   38.734
  28.809   28.013   38.429
  27.852   28.374   37.656
  27.038   27.443   37.356
  27.672   26.141   38.176
  26.822   25.786   37.684
  27.924   25.195   38.626
  27.765   29.332   37.318
  27.077   27.929   37.243
  10.151   34.667    3.772
   8.836   34.416    3.946
   8.669   33.334    4.613
   9.749   32.754    4.953
  10.909   33.763    4.316
  11.428   32.987    4.785
  11.793   34.282    3.984
   7.740   32.981    4.843
   9.262   32.660    5.018
  10.114   41.756   35.520
  10.383   42.341   34.333
  10.490   41.457   33.411
  10.323   40.259   33.807
  10.032   40.462   35.433
   9.986   39.434   35.258
   9.827   40.389   36.488
  10.691   41.711   32.444
  10.423   40.476   33.367
  23.056   11.122   26.022
  22.097   11.183   26.970
  20.991   10.718   26.522
  21.039   10.313   25.316
  22.624   10.614   24.906
  22.181   10.196   24.058
  23.597   10.731   24.458
  20.149   10.683   27.097
  20.684   10.336   25.668
  30.753   24.590   33.583
  31.407   24.744   34.755
  32.592   25.190   34.553
  32.881   25.383   33.329
  31.478   24.928   32.558
  32.138   25.222   31.805
  30.671   24.682   31.888
  33.237   25.370   35.322
  33.123   25.441   33.763
  14.939   32.541   45.016
  15.775   31.885   44.183
  15.181   30.886   43.644
  13.969   30.737   44.003
  13.756   32.002   45.063
  12.843   31.497   45.031
  13.428   32.748   45.768
  15.654   30.270   42.983
  14.278   30.494   43.695
  13.357    1.929   10.307
  14.571    2.509   10.190
  14.457    3.784   10.132
  13.259    4.209   10.195
  12.389    2.797   10.330
  11.687    3.569   10.340
  11.663    2.007   10.423
  15.269    4.393   10.043
  13.708    4.424   10.152
  17.460   31.552   40.657
  16.366   32.242   40.271
  16.703   33.277   39.595
  17.958   33.421   39.442
  18.566   32.101   40.253
  19.394   32.619   39.882
  19.143   31.322   40.721
  16.009   33.923   39.217
  17.553   33.677   39.298
  23.232   12.306   44.508
  21.882   12.304   44.498
  21.429   13.502   44.531
  22.327   14.403   44.566
  23.729   13.507   44.549
  24.027   14.507   44.582
  24.730   13.109   44.544
  20.429   13.700   44.530
  21.827   14.402   44.562
  10.741    4.279   33.536
  10.232    4.278   34.786
  10.818    5.157   35.512
  11.724    5.817   34.910
  11.686    5.158   33.382
  12.429    5.891   33.362
  11.812    4.866   32.353
  10.566    5.303   36.489
  11.536    5.817   35.373
  13.758   39.865   27.546
  13.094   38.830   26.990
  13.700   37.726   27.230
  14.763   37.848   27.919
  14.831   39.490   28.177
  15.667   39.088   28.655
  15.047   40.510   28.447
  13.346   36.833   26.889
  14.517   37.464   27.714
  43.493    8.825   17.844
  44.447    7.983   17.393
  43.939    6.845   17.096
  42.683    6.763   17.285
  42.313    8.279   17.863
  41.412    7.751   17.840
  41.882    9.189   18.246
  44.508    6.078   16.737
  43.036    6.451   17.118
  35.408   21.698   23.915
  34.443   22.491   24.427
  34.328   23.564   23.735
  35.128   23.642   22.748
  35.974   22.214   22.864
  36.361   22.711   22.032
  36.620   21.357   22.773
  33.647   24.286   23.970
  34.770   23.936   22.937
  38.636   45.547   37.804
  39.711   45.153   38.519
  39.468   44.051   39.127
  38.300   43.586   38.928
  37.636   44.722   37.909
  36.896   44.001   38.058
  37.040   45.338   37.256
  40.164   43.597   39.718
  38.698   43.440   39.192
  20.600   38.477   33.408
  19.527   39.295   33.460
  18.442   38.613   33.487
  18.613   37.352   33.461
  20.271   37.220   33.399
  19.903   36.243   33.396
  21.308   36.933   33.357
  17.526   39.060   33.527
  18.215   37.655   33.480
  15.746   25.576   27.372
  16.624   26.592   27.231
  17.571   26.489   28.088
  17.477   25.482   28.860
  16.075   24.759   28.328
  16.426   24.166   29.112
  15.206   24.154   28.131
  18.331   27.168   28.135
  17.802   25.858   28.808
  45.542   37.663    9.798
  45.185   38.777   10.472
  46.053   39.055   11.373
  47.030   38.242   11.432
  46.660   37.157   10.225
  47.561   36.831   10.640
  46.595   36.363    9.500
  45.953   39.864   11.985
  46.898   38.654   11.681
  40.784   38.257    0.912
  40.817   37.262   -0.000
  40.656   36.125    0.568
  40.506   36.183    1.831
  40.601   37.819    2.123
  40.451   37.368    3.052
  40.634   38.824    2.508
  40.652   35.254    0.038
  40.518   35.815    1.493
  10.646   44.885    3.918
  11.757   44.268    4.374
  11.470   43.486    5.348
  10.236   43.465    5.661
   9.577   44.537    4.572
   8.783   44.194    5.156
   8.973   45.186    3.960
  12.183   42.933    5.823
  10.648   43.236    5.830
  44.102   13.283    7.281
  43.897   14.078    6.209
  44.761   13.832    5.294
  45.596   12.919    5.590
  45.110   12.477    7.120
  45.932   11.874    6.893
  44.951   12.058    8.099
  44.764   14.336    4.408
  45.520   13.213    5.194
   6.887   22.146   47.427
   7.173   23.045   46.462
   6.106   23.398   45.845
   5.044   22.838   46.267
   5.619   21.865   47.489
   4.587   21.709   47.458
   5.795   21.181   48.303
   6.124   24.073   45.081
   5.150   23.171   45.910
  34.565   12.660    4.860
  35.648   13.268    5.390
  35.303   14.318    6.038
  34.052   14.550    6.038
  33.458   13.284    5.135
  32.629   13.855    5.411
  32.891   12.551    4.586
  35.988   14.910    6.509
  34.453   14.775    6.234
  31.826   24.231   40.444
  32.844   24.519   41.283
  33.766   25.164   40.668
  33.523   25.383   39.438
  32.031   24.673   39.239
  32.290   25.066   38.307
  31.083   24.277   38.916
  34.617   25.468   41.140
  33.900   25.490   39.748
  10.458   28.533   29.597
  10.122   29.020   28.383
  10.937   28.598   27.489
  11.856   27.836   27.931
  11.509   27.770   29.557
  12.356   27.175   29.419
  11.448   27.604   30.620
  10.844   28.861   26.508
  11.732   28.016   27.481
  15.086   22.555   32.640
  16.332   23.064   32.543
  16.337   24.305   32.864
  15.198   24.768   33.193
  14.213   23.437   33.028
  13.594   24.216   33.344
  13.427   22.702   32.982
  17.192   24.861   32.852
  15.660   24.957   33.157
  48.051   17.093   26.470
  47.220   16.031   26.532
  46.007   16.397   26.345
  45.858   17.646   26.147
  47.422   18.207   26.238
  46.826   19.043   26.051
  48.350   18.753   26.261
  45.235   15.730   26.356
  45.550   17.252   26.170
  47.223   38.726   45.137
  48.185   38.124   45.868
  49.014   38.990   46.322
  48.753   40.192   45.992
  47.374   40.016   45.076
  47.584   41.039   45.089
  46.492   40.106   44.465
  49.811   38.722   46.898
  49.109   39.969   46.262
   1.615    0.903   34.485
   0.737    1.621   35.216
   1.340    2.551   35.859
   2.599    2.590   35.672
   2.837    1.328   34.614
   3.780    1.743   34.784
   3.189    0.566   33.939
   0.839    3.198   36.468
   2.273    2.856   35.942
  34.483   15.748   42.363
  34.121   16.108   43.613
  33.035   15.519   43.954
  32.553   14.747   43.065
  33.652   14.905   41.825
  32.928   14.235   41.485
  34.242   14.875   40.925
  32.607   15.667   44.868
  32.419   14.880   43.528
  36.770   21.169   18.516
  35.438   21.341   18.651
  34.974   22.038   17.681
  35.846   22.404   16.830
  37.243   21.745   17.451
  37.522   22.241   16.575
  38.237   21.404   17.689
  33.983   22.273   17.612
  35.353   22.468   16.880
  44.701   28.737   26.239
  44.663   29.906   25.564
  44.943   29.722   24.327
  45.188   28.512   24.018
  45.008   27.730   25.476
  45.260   26.992   24.782
  44.939   27.056   26.313
  44.963   30.492   23.659
  45.173   28.945   23.768
  39.426   18.217   48.176
  38.561   17.762   49.107
  37.639   18.625   49.325
  37.740   19.690   48.635
  39.112   19.400   47.738
  38.776   20.347   47.454
  39.964   19.399   47.079
  36.893   18.457   50.000
  37.420   19.521   48.980
  24.197   28.153    2.069
  23.387   27.269    1.449
  22.350   27.860    0.982
  22.315   29.113    1.201
  23.730   29.366    2.039
  23.271   30.300    1.961
  24.586   29.726    2.585
  21.622   27.353    0.480
  22.015   28.786    0.971
  24.560    4.555    6.436
  25.562    5.087    5.705
  26.614    5.233    6.423
  26.484    4.855    7.631
  24.906    4.327    7.669
  25.282    4.183    8.632
  23.925    3.943    7.890
  27.476    5.622    6.042
  26.855    5.052    7.361
  19.878   13.028   42.509
  19.574   14.344   42.527
  20.639   15.052   42.444
  21.716   14.378   42.365
  21.156   12.811   42.414
  22.195   12.744   42.336
  20.992   11.747   42.430
  20.608   16.072   42.442
  21.603   14.865   42.372
  12.035   21.707   23.067
  13.101   21.580   23.884
  13.179   20.384   24.340
  12.260   19.604   23.932
  11.362   20.601   22.947
  10.893   19.669   22.918
  10.664   21.080   22.280
  13.923   20.098   24.976
  12.655   19.557   24.235
  41.441   25.223   30.086
  40.812   25.085   28.899
  41.614   25.338   27.932
  42.792   25.655   28.294
  42.686   25.574   29.953
  43.669   25.854   29.740
  42.815   25.576   31.022
  41.316   25.285   26.958
  42.559   25.604   27.855
  21.932    1.805   34.798
  22.576    1.085   33.856
  23.652    0.578   34.334
  23.867    0.858   35.557
  22.554    1.805   35.940
  23.128    1.743   36.810
  21.790    2.428   36.373
  24.272   -0.001   33.769
  24.106    0.591   35.208
  27.305   34.003   35.589
  27.630   32.734   35.260
  26.815   31.907   35.802
  25.906   32.448   36.509
  26.262   34.068   36.361
  25.420   34.012   36.977
  26.329   35.142   36.387
  26.902   30.899   35.667
  26.027   31.979   36.388
  24.960   46.691   10.054
  24.955   45.501    9.416
  24.649   44.557   10.227
  24.425   44.940   11.420
  24.659   46.584   11.314
  24.407   46.393   12.309
  24.764   47.648   11.445
  24.594   43.584    9.926
  24.423   44.499   11.184
  11.466   31.721   20.865
  10.691   31.680   21.969
   9.516   31.258   21.679
   9.345   30.978   20.449
  10.837   31.327   19.797
  10.245   30.995   19.003
  11.716   31.493   19.199
   8.789   31.160   22.387
   9.058   30.964   20.858
  23.420   25.058   13.443
  22.684   25.829   12.615
  21.624   25.208   12.247
  21.505   24.037   12.730
  22.880   23.895   13.658
  22.365   22.993   13.765
  23.697   23.617   14.302
  20.943   25.633   11.618
  21.232   24.322   12.423
  25.036   10.825   27.260
  24.861    9.488   27.336
  25.980    8.899   27.545
  26.980    9.682   27.632
  26.278   11.176   27.416
  27.298   11.353   27.551
  26.015   12.214   27.298
  26.047    7.885   27.631
  26.915    9.187   27.660
  31.363   11.751    6.601
  30.931   12.263    7.774
  29.702   12.616    7.685
  29.176   12.412    6.543
  30.438   11.744    5.688
  29.630   11.783    5.027
  31.120   11.304    4.979
  29.201   13.025    8.473
  29.016   12.601    6.978
  35.004   30.527    9.869
  35.239   30.062   11.114
  34.937   30.948   11.990
  34.495   32.039   11.505
  34.537   31.740    9.868
  34.167   32.711    9.975
  34.489   31.738    8.792
  35.047   30.777   12.989
  34.582   31.866   11.966
  12.925   14.096   42.655
  12.292   15.114   42.036
  11.025   14.919   42.029
  10.656   13.839   42.591
  12.104   13.183   43.084
  11.365   12.511   43.388
  12.925   12.607   43.476
  10.380   15.584   41.603
  10.421   14.216   42.362
  11.762   10.018   22.848
  10.433   10.248   22.785
  10.036   10.881   23.826
  10.956   11.146   24.664
  12.300   10.490   23.934
  12.633   10.904   24.832
  13.269   10.134   23.626
   9.059   11.144   23.956
  10.464   11.231   24.641
  35.209   47.351   14.660
  35.613   47.955   15.797
  35.183   49.162   15.844
  34.490   49.512   14.835
  34.495   48.132   13.905
  33.934   48.835   13.375
  34.384   47.350   13.174
  35.388   49.777   16.631
  34.640   49.736   15.257
  37.965    1.135   16.972
  37.444    1.972   17.894
  36.341    2.472   17.475
  35.991    2.080   16.316
  37.228    1.046   15.905
  36.569    1.044   15.095
  37.924    0.351   15.464
  35.800    3.130   18.037
  35.798    2.390   16.658
  40.603    9.894   42.234
  39.655    8.940   42.112
  38.630    9.231   42.824
  38.730   10.323   43.470
  40.245   10.856   43.032
  39.864   11.575   43.686
  41.183   11.360   42.871
  37.810    8.626   42.859
  38.379    9.970   43.424
  46.256    2.585   42.188
  47.435    3.185   41.921
  47.464    4.364   42.425
  46.405    4.697   43.047
  45.455    3.340   42.879
  44.889    4.022   43.432
  44.703    2.569   42.879
  48.277    4.971   42.327
  46.842    4.919   42.948
  21.218   20.955   36.126
  21.532   19.986   35.240
  21.971   18.946   35.846
  22.013   19.054   37.114
  21.437   20.597   37.357
  21.646   20.214   38.305
  21.093   21.553   37.712
  22.259   18.109   35.340
  22.129   18.695   36.786
  39.406    9.090   48.987
  40.326    8.117   48.812
  39.756    7.005   48.530
  38.486    7.061   48.478
  38.189    8.661   48.827
  37.254    8.220   48.679
  37.799    9.644   49.032
  40.292    6.153   48.363
  38.826    6.701   48.413
   2.312    7.864   23.069
   1.014    7.864   22.698
   0.907    7.659   21.437
   2.016    7.506   20.833
   3.118    7.660   22.070
   3.678    7.489   21.206
   3.971    7.728   22.724
  -0.000    7.624   20.973
   1.536    7.505   20.695
   5.423   29.116   -0.000
   4.082   29.265   -0.000
   3.502   28.122   -0.000
   4.297   27.128   -0.000
   5.788   27.868   -0.000
   5.976   26.841   -0.000
   6.826   28.155   -0.000
   2.486   28.033   -0.000
   3.800   27.183   -0.000
  25.197   32.572   17.145
  26.350   32.647   17.844
  26.734   31.479   18.205
  25.965   30.534   17.835
  24.770   31.351   17.015
  24.513   30.340   16.967
  23.916   31.693   16.455
  27.588   31.336   18.743
  26.392   30.562   18.094
  19.801   24.446   41.151
  19.153   23.797   40.160
  19.947   23.561   39.182
  21.137   23.979   39.357
  21.051   24.667   40.870
  22.037   24.795   40.551
  21.194   25.154   41.820
  19.636   23.077   38.340
  20.897   23.739   38.990
  23.011   19.441    1.797
  22.026   20.352    1.648
  20.885   19.825    1.895
  20.931   18.595    2.218
  22.563   18.273    2.150
  22.104   17.379    2.431
  23.563   17.875    2.162
  20.019   20.362    1.834
  20.566   18.932    2.163
  30.685   21.819   19.581
  31.520   20.894   20.100
  30.859   19.893   20.550
  29.597   19.990   20.412
  29.436   21.469   19.666
  28.467   21.097   19.782
  29.131   22.386   19.190
  31.321   19.092   20.980
  29.907   19.647   20.604
   6.544   34.726   35.388
   7.325   33.681   35.737
   8.370   33.634   34.998
   8.440   34.556   34.123
   7.041   35.414   34.403
   7.523   35.897   33.612
   6.201   36.088   34.430
   9.079   32.910   35.114
   8.729   34.169   34.253
  34.420   35.102    8.976
  33.209   35.288    9.543
  32.893   36.530    9.533
  33.766   37.292    9.006
  34.956   36.214    8.567
  35.298   37.156    8.275
  35.824   35.683    8.213
  32.011   36.864    9.920
  33.318   37.360    9.216
  42.041    0.766   46.736
  43.335    0.419   46.573
  44.087    1.457   46.599
  43.464    2.554   46.768
  41.882    2.049   46.877
  41.861    3.088   46.981
  40.817    1.922   46.971
  45.099    1.391   46.492
  43.943    2.425   46.708
  29.685   30.240   49.262
  29.134   29.254   50.000
  28.601   28.368   49.242
  28.707   28.608   47.997
  29.540   30.049   47.984
  29.371   29.804   46.983
  30.064   30.966   47.771
  28.135   27.544   49.622
  28.503   28.243   48.271
  43.332   49.805   22.935
  44.462   50.007   23.646
  44.268   49.742   24.885
  43.087   49.358   25.162
  42.343   49.397   23.674
  41.616   49.076   24.351
  41.696   49.359   22.813
  45.010   49.836   25.578
  43.505   49.433   25.425
  41.153   23.806   46.804
  41.581   24.960   46.249
  40.974   25.178   45.142
  40.126   24.285   44.820
  40.245   23.213   46.088
  39.525   22.819   45.443
  40.177   22.414   46.807
  41.167   26.005   44.576
  40.285   24.712   44.615
  32.324   29.641   46.992
  32.358   30.785   46.277
  31.497   30.749   45.329
  30.820   29.672   45.273
  31.439   28.799   46.548
  30.704   28.197   46.115
  31.705   28.091   47.314
  31.377   31.527   44.680
  30.832   30.096   45.008
   1.956   39.348    5.380
   1.149   38.285    5.583
   1.750   37.197    5.269
   2.941   37.356    4.848
   3.125   39.009    4.924
   4.029   38.634    4.561
   3.433   40.041    4.901
   1.298   36.288    5.355
   2.642   36.963    4.923
   6.407   44.823   41.518
   7.287   44.386   42.444
   6.747   44.371   43.606
   5.535   44.762   43.629
   5.248   45.116   42.028
   4.358   45.323   42.534
   4.874   45.397   41.058
   7.259   44.069   44.434
   5.861   44.600   43.972
  39.791   13.927   46.120
  40.656   14.963   46.134
  40.128   15.983   46.703
  38.939   15.798   47.117
  38.654   14.218   46.679
  37.781   14.550   47.146
  38.285   13.226   46.480
  40.633   16.863   46.807
  39.260   16.182   47.122
   6.009   24.377   22.243
   6.931   23.676   21.550
   6.369   22.964   20.645
   5.101   23.073   20.601
   4.798   24.159   21.825
   3.868   23.916   21.417
   4.405   24.838   22.563
   6.907   22.364   20.019
   5.443   22.813   20.345
   5.460   31.339   32.486
   4.770   31.983   31.521
   5.076   33.228   31.504
   5.938   33.570   32.376
   6.251   32.129   33.148
   6.851   32.844   33.616
   6.584   31.309   33.761
   4.654   33.877   30.840
   5.682   33.809   32.018
  34.865   37.763   11.605
  35.372   37.170   10.504
  36.585   36.807   10.706
  37.030   37.080   11.867
  35.721   37.819   12.582
  36.478   37.813   13.301
  34.997   38.313   13.208
  37.135   36.340    9.985
  37.217   36.860   11.459
  45.582   33.786   29.621
  44.587   33.368   28.809
  44.728   32.126   28.527
  45.746   31.577   29.059
  46.423   32.838   29.910
  47.038   32.012   30.080
  47.002   33.515   30.515
  44.070   31.632   27.924
  45.378   31.422   28.759
  41.823   21.690   44.297
  40.942   21.158   45.170
  39.969   20.604   44.547
  40.047   20.675   43.279
  41.471   21.510   43.059
  41.101   21.313   42.102
  42.350   22.029   42.717
  39.203   20.147   45.041
  39.721   20.479   43.602
  44.501   18.293   44.679
  44.201   18.082   43.380
  45.266   18.079   42.667
  46.340   18.270   43.324
  45.777   18.438   44.881
  46.814   18.540   44.937
  45.610   18.571   45.937
  45.238   17.935   41.658
  46.229   18.192   42.842
  36.561    7.622   32.796
  35.868    8.431   31.966
  34.681    7.983   31.788
  34.425    6.905   32.416
  35.861    6.605   33.202
  35.218    5.827   33.469
  36.693    6.245   33.784
  34.008    8.462   31.190
  34.168    7.205   32.108
  21.592    6.885   11.141
  20.412    6.549   10.578
  20.012    5.413   11.014
  20.793    4.868   11.859
  22.022    5.985   11.975
  22.278    5.205   12.621
  22.898    6.575   12.184
  19.137    4.993   10.701
  20.356    4.744   11.650
   8.106   29.926   25.117
   8.917   29.135   24.383
  10.125   29.560   24.434
  10.287   30.603   25.145
   8.742   30.907   25.685
   9.343   31.656   26.094
   7.829   31.263   26.130
  10.883   29.089   23.939
  10.588   30.311   24.873
  44.906   21.652   38.987
  45.468   21.959   37.798
  45.520   23.230   37.640
  45.045   23.901   38.612
  44.564   22.706   39.665
  44.327   23.611   40.128
  44.193   22.089   40.466
  45.913   23.652   36.799
  45.253   24.015   38.171
  40.387   15.782   35.244
  39.180   16.038   35.794
  39.118   17.253   36.197
  40.177   17.929   35.996
  41.173   16.817   35.261
  41.725   17.701   35.322
  41.954   16.251   34.781
  38.281   17.631   36.641
  39.730   18.024   36.199
  35.784    6.650   29.033
  37.028    6.156   29.211
  37.788    7.034   29.754
  37.217    8.145   29.998
  35.669    7.876   29.451
  35.680    8.854   29.815
  34.632    7.894   29.158
  38.766    6.842   29.966
  37.678    7.962   30.064
  48.300   13.682   36.108
  48.455   14.312   34.924
  48.548   15.578   35.096
  48.475   15.951   36.311
  48.283   14.506   37.114
  48.282   15.247   37.849
  48.153   13.688   37.802
  48.670   16.221   34.314
  48.532   16.185   35.872
  13.408   38.790   17.307
  12.077   38.637   17.471
  11.680   37.544   16.931
  12.603   36.865   16.377
  13.948   37.805   16.653
  14.283   36.971   16.122
  14.919   38.265   16.730
  10.702   37.257   16.954
  12.110   36.808   16.438
   8.325    7.251   20.449
   7.799    8.424   20.036
   8.545    8.963   19.144
   9.586    8.292   18.853
   9.441    6.964   19.847
  10.325    6.827   19.310
   9.523    6.046   20.404
   8.309    9.856   18.713
   9.392    8.726   18.700
   0.811   31.391   42.939
   1.455   30.319   42.429
   1.524   29.380   43.299
   0.986   29.658   44.418
   0.428   31.206   44.168
   0.164   30.960   45.147
  -0.000   32.194   44.199
   1.976   28.489   43.094
   1.224   29.261   44.230
  14.830   36.184   36.693
  13.550   36.278   36.275
  13.092   37.455   36.490
  13.921   38.252   37.035
  15.273   37.295   37.203
  15.531   38.229   37.592
  16.231   36.843   37.395
  12.138   37.716   36.239
  13.447   38.287   36.880
   3.085   11.871   41.040
   2.888   13.201   41.159
   1.657   13.493   40.954
   0.915   12.493   40.692
   1.993   11.227   40.752
   1.066   10.805   40.522
   2.528   10.292   40.746
   1.316   14.453   41.001
   0.841   12.986   40.735
  26.218   47.189   21.350
  26.225   47.657   20.083
  27.349   47.410   19.519
  28.185   46.796   20.257
  27.337   46.613   21.677
  28.269   46.173   21.840
  26.957   46.401   22.662
  27.542   47.689   18.557
  28.188   46.969   19.788
  28.161   44.579   26.453
  28.531   45.863   26.260
  28.624   46.122   25.008
  28.354   45.139   24.246
  27.993   43.934   25.337
  27.885   43.508   24.390
  27.729   43.040   25.876
  28.893   47.044   24.668
  28.491   45.614   24.175
  10.353    7.164   31.186
   9.659    7.804   32.151
   8.501    7.276   32.298
   8.268    6.294   31.523
   9.683    6.186   30.653
   9.065    5.426   30.293
  10.506    5.959   29.997
   7.832    7.626   32.983
   8.011    6.530   31.880
  43.209   28.549   47.540
  44.304   27.851   47.911
  44.221   26.637   47.509
  43.156   26.366   46.868
  42.356   27.826   46.877
  41.740   27.163   46.357
  41.695   28.670   46.778
  44.957   25.957   47.696
  43.561   26.108   47.005
  33.704   10.583   29.857
  34.585   11.354   29.186
  33.987   12.041   28.284
  32.730   11.848   28.223
  32.485   10.726   29.427
  31.546   10.913   29.011
  32.129   10.012   30.150
  34.491   12.684   27.674
  33.057   12.134   27.974
  14.257   49.280   30.292
  15.440   49.913   30.445
  16.324   49.109   30.909
  15.903   47.926   31.117
  14.309   48.031   30.649
  14.455   47.045   30.960
  13.270   47.900   30.398
  17.282   49.409   31.091
  16.341   48.161   31.174
  23.979    9.933   13.316
  25.155   10.101   12.674
  25.118    9.553   11.516
  24.012    8.988   11.236
  23.115    9.267   12.609
  22.496    8.726   11.965
  22.387    9.344   13.399
  25.918    9.576   10.884
  24.448    9.050   10.998
   4.807   44.400   39.014
   4.968   45.729   38.841
   3.852   46.340   38.991
   2.867   45.581   39.262
   3.577   44.076   39.285
   2.567   43.921   39.496
   3.848   43.035   39.344
   3.776   47.353   38.898
   2.926   46.073   39.198
   4.564   16.134   30.325
   3.969   15.194   31.089
   2.996   15.702   31.752
   2.813   16.945   31.548
   4.011   17.304   30.450
   3.498   18.197   30.620
   4.709   17.727   29.748
   2.426   15.142   32.386
   2.592   16.596   31.831
  25.165   29.183   37.664
  23.962   28.702   37.284
  23.168   28.632   38.288
  23.676   29.021   39.389
  25.218   29.452   38.935
  25.158   29.635   39.961
  26.240   29.778   38.839
  22.212   28.291   38.195
  23.230   28.843   39.248
   5.070   11.038   17.677
   5.375    9.737   17.480
   4.339    9.085   17.099
   3.283    9.788   16.994
   3.820   11.300   17.435
   2.805   11.407   17.216
   3.973   12.337   17.685
   4.375    8.085   16.901
   3.396    9.306   16.921
  17.441   47.595   26.950
  18.042   48.794   26.800
  19.084   48.687   26.061
  19.313   47.506   25.643
  18.059   46.643   26.316
  18.626   45.954   25.774
  17.333   45.924   26.656
  19.669   49.491   25.835
  19.536   47.951   25.588
  45.748   26.143   17.691
  44.648   26.753   18.183
  44.891   27.987   18.429
  46.081   28.353   18.164
  46.764   26.947   17.592
  47.516   27.671   17.552
  47.376   26.152   17.201
  44.178   28.611   18.807
  45.674   28.579   18.346
  10.458   13.959   33.368
   9.349   14.703   33.565
   9.535   15.545   34.513
  10.691   15.495   35.043
  11.425   14.278   34.176
  12.134   14.608   34.867
  12.061   13.529   33.736
   8.806   16.195   34.807
  10.281   15.771   35.116
  11.977    8.159   26.395
  12.548    8.655   25.277
  12.868    7.707   24.476
  12.585    6.541   24.901
  11.896    6.861   26.382
  11.877    5.823   26.274
  11.430    6.865   27.353
  13.312    7.889   23.576
  12.796    6.724   24.487
  16.007    4.111   29.959
  15.634    4.764   28.838
  15.629    6.030   29.036
  15.966    6.381   30.212
  16.264    4.917   30.946
  16.446    5.646   31.671
  16.501    4.084   31.586
  15.372    6.689   28.301
  15.828    6.623   29.797
   7.186    9.202   35.860
   6.612   10.236   35.209
   5.724   10.795   35.946
   5.584   10.265   37.095
   6.701    9.032   37.054
   6.248    8.980   37.993
   7.358    8.194   37.218
   5.184   11.597   35.623
   5.372   10.648   36.854
  34.360   18.237   26.929
  35.332   19.174   26.967
  36.489   18.623   26.942
  36.466   17.352   26.888
  34.833   17.028   26.876
  35.312   16.101   26.836
  33.836   16.622   26.860
  37.347   19.173   26.964
  36.825   17.699   26.902
  40.453    9.682   30.743
  39.925    8.712   29.966
  40.798    8.275   29.136
  41.937    8.837   29.225
  41.698    9.928   30.459
  42.689   10.049   30.155
  41.739   10.684   31.225
  40.582    7.538   28.465
  41.741    8.478   28.937
  22.902   11.501   36.583
  21.584   11.774   36.684
  21.384   13.039   36.674
  22.442   13.739   36.573
  23.630   12.576   36.501
  24.122   13.494   36.441
  24.526   11.982   36.440
  20.447   13.437   36.742
  21.954   13.840   36.611
  37.019    3.883   33.571
  38.300    3.459   33.563
  38.368    2.239   33.174
  37.244    1.714   32.891
  36.184    2.963   33.188
  35.600    2.159   32.869
  35.355    3.636   33.323
  39.257    1.745   33.104
  37.718    1.557   32.887
  18.187    3.108   49.840
  17.050    2.942   49.131
  17.177    3.436   47.955
  18.314    3.958   47.723
  19.114    3.718   49.162
  19.788    4.212   48.537
  19.788    3.658   50.001
  16.419    3.405   47.274
  17.893    3.897   47.460
   5.406   39.425   24.798
   6.126   40.534   24.529
   5.373   41.572   24.535
   4.148   41.332   24.785
   4.146   39.681   24.992
   3.159   39.990   25.131
   3.944   38.636   25.160
   5.741   42.505   24.352
   4.415   41.743   24.686
  21.061   28.874   45.365
  19.993   28.099   45.080
  20.370   26.929   44.717
  21.631   26.762   44.706
  22.190   28.249   45.203
  23.038   27.661   45.043
  22.737   29.127   45.504
  19.701   26.204   44.460
  21.236   26.475   44.600
  47.031    0.903   43.571
  47.404    1.636   44.642
  48.456    2.317   44.377
  48.904    2.157   43.196
  47.821    1.069   42.552
  48.512    1.271   41.796
  47.236    0.381   41.966
  48.887    2.933   45.066
  49.042    2.428   43.593
  43.900   47.150    4.605
  43.617   48.305    3.966
  42.924   49.077    4.718
  42.663   48.598    5.868
  43.406   47.109    5.807
  42.970   47.175    6.753
  43.815   46.125    5.958
  42.614   49.997    4.405
  42.559   49.025    5.631
  49.677   21.000    8.141
  49.973   21.850    7.135
  49.132   22.816    7.099
  48.229   22.761    7.995
  48.627   21.368    8.813
  47.777   21.748    9.287
  48.721   20.510    9.459
  49.194   23.559    6.404
  48.339   23.076    7.622
  21.040   24.070    4.319
  20.308   24.183    5.447
  19.850   23.040    5.803
  20.177   22.079    5.034
  21.096   22.847    3.879
  21.080   21.839    3.611
  21.710   23.157    3.050
  19.272   22.927    6.635
  19.906   22.121    5.452
  43.118   27.011    4.868
  42.851   25.689    4.822
  43.933   25.007    4.913
  44.989   25.709    5.025
  44.388   27.260    4.993
  45.423   27.354    5.092
  44.196   28.320    4.992
  43.930   23.988    4.896
  44.890   25.219    5.007
  35.651   40.364   39.305
  35.282   41.627   39.609
  36.081   42.133   40.474
  37.018   41.355   40.844
  36.709   39.982   39.956
  37.559   39.772   40.525
  36.675   39.018   39.477
  35.962   43.083   40.826
  36.882   41.823   40.956
  44.084    4.303   21.202
  45.386    4.086   21.484
  46.012    5.197   21.607
  45.287    6.231   21.442
  43.793    5.568   21.128
  43.663    6.603   21.090
  42.765    5.335   20.909
  47.008    5.234   21.821
  45.770    6.150   21.546
  24.983   45.254   31.132
  26.288   45.024   30.871
  26.931   46.130   30.790
  26.218   47.169   30.969
  24.709   46.520   31.235
  24.593   47.556   31.298
  23.673   46.296   31.426
  27.932   46.157   30.598
  26.701   47.084   30.872
  32.170   19.396   29.173
  33.130   18.503   29.495
  32.913   17.381   28.915
  31.871   17.358   28.185
  31.278   18.902   28.366
  30.617   18.413   27.722
  30.746   19.838   28.357
  33.535   16.582   29.039
  32.226   17.027   28.304
   9.958   20.678   29.906
   8.611   20.638   29.996
   8.151   21.776   30.365
   9.040   22.666   30.560
  10.445   21.844   30.213
  10.734   22.812   30.476
  11.446   21.490   30.033
   7.152   21.938   30.488
   8.541   22.651   30.593
  26.243   28.802   27.268
  25.234   29.558   27.751
  24.766   29.048   28.829
  25.340   27.973   29.196
  26.485   27.761   28.007
  26.600   26.958   28.664
  27.277   27.455   27.343
  23.996   29.481   29.340
  24.966   28.252   29.375
   6.991   29.197   46.565
   8.286   29.575   46.627
   8.389   30.847   46.508
   7.280   31.454   46.362
   6.184   30.203   46.403
   5.623   31.073   46.273
   5.334   29.541   46.404
   9.293   31.318   46.530
   7.759   31.594   46.385
  10.393   41.786    7.479
   9.323   41.947    8.286
   9.528   41.387    9.421
  10.662   40.820    9.532
  11.351   41.114    8.045
  12.057   40.568    8.587
  11.957   41.200    7.159
   8.829   41.403   10.163
  10.266   40.879    9.831
   3.163   20.327   33.317
   2.640   21.572   33.307
   1.606   21.620   32.553
   1.309   20.514   31.995
   2.496   19.499   32.569
   1.895   18.916   31.945
   3.170   18.699   32.827
   1.075   22.480   32.420
   1.115   20.975   31.992
  42.853   25.628    2.623
  43.245   24.671    1.754
  42.423   24.590    0.774
  41.447   25.405    0.835
  41.756   26.219    2.254
  40.875   26.629    1.871
  41.783   26.848    3.127
  42.554   23.921    0.015
  41.592   25.051    0.514
  14.151   28.461    6.250
  13.790   27.249    5.777
  14.693   26.784    4.995
  15.700   27.547    4.842
  15.308   28.849    5.800
  16.240   29.068    5.385
  15.234   29.767    6.359
  14.596   25.877    4.541
  15.567   27.098    4.667
  31.391   37.308    7.856
  30.227   37.588    8.479
  30.052   38.855    8.557
  30.988   39.549    8.044
  32.036   38.378    7.495
  32.472   39.293    7.248
  32.827   37.779    7.077
  29.225   39.259    8.997
  30.557   39.652    8.275
  37.402   15.923   24.256
  36.456   15.427   25.082
  36.638   14.173   25.272
  37.641   13.687   24.657
  38.249   15.018   23.865
  38.874   14.221   23.610
  38.784   15.749   23.282
  36.020   13.623   25.869
  37.291   13.503   24.963
  31.470   14.901   33.819
  30.679   15.706   34.559
  30.418   16.788   33.924
  30.948   16.862   32.770
  31.767   15.417   32.663
  31.945   15.916   31.764
  32.352   14.549   32.409
  29.832   17.520   34.326
  30.654   17.160   33.044
  38.599   36.101    8.360
  38.975   37.163    9.104
  39.739   36.793   10.063
  39.968   35.541   10.101
  39.098   34.983    8.796
  39.547   34.143    9.224
  38.607   34.438    8.008
  40.124   37.458   10.733
  40.107   35.934   10.377
   8.554   29.758   18.332
   8.186   28.486   18.594
   6.961   28.441   18.969
   6.381   29.572   19.011
   7.589   30.608   18.524
   6.753   31.206   18.706
   8.230   31.424   18.234
   6.504   27.561   19.210
   6.244   29.101   19.107
  46.507    5.200   46.116
  46.912    6.487   46.175
  45.908    7.278   46.090
  44.784    6.693   45.972
  45.219    5.086   45.990
  44.180    5.103   45.889
  45.299    4.012   45.981
  46.017    8.292   46.115
  44.934    7.169   45.994
  24.238   23.293   35.395
  25.566   23.195   35.614
  25.796   22.644   36.748
  24.750   22.322   37.398
  23.532   22.812   36.375
  23.059   22.402   37.210
  22.620   23.057   35.859
  26.744   22.485   37.088
  25.242   22.285   37.479
  32.996   33.833   37.215
  33.007   34.442   36.010
  32.213   35.449   36.009
  31.609   35.645   37.111
  32.196   34.410   38.061
  31.530   34.944   38.661
  32.454   33.691   38.819
  32.088   36.034   35.183
  31.613   35.870   36.665
  24.214   40.785   27.072
  24.348   41.702   28.053
  25.016   41.218   29.034
  25.395   40.014   28.870
  24.788   39.655   27.362
  25.279   38.793   27.688
  24.482   39.239   26.417
  25.219   41.766   29.869
  25.444   40.354   29.233
  47.172   11.703   21.219
  46.609   12.881   20.877
  47.511   13.761   20.645
  48.705   13.341   20.785
  48.471   11.754   21.228
  49.505   11.898   21.206
  48.525   10.719   21.521
  47.276   14.715   20.372
  48.496   13.777   20.658
   9.692   19.408   44.616
   8.620   18.609   44.424
   8.262   18.064   45.527
   8.975   18.387   46.530
  10.087   19.425   45.855
  10.324   19.370   46.870
  10.881   20.109   45.608
   7.468   17.426   45.579
   8.578   18.092   46.459
  15.627   44.637   38.888
  15.301   43.489   39.519
  15.120   43.698   40.770
  15.283   44.907   41.131
  15.675   45.654   39.696
  15.687   46.403   40.424
  15.941   46.308   38.882
  14.866   42.946   41.410
  15.162   44.482   41.364
  20.702   32.090   29.693
  21.662   32.956   30.083
  22.825   32.488   29.818
  22.818   31.343   29.261
  21.190   31.013   29.153
  21.680   30.190   28.737
  20.198   30.624   28.996
  23.677   33.003   30.041
  23.173   31.664   29.406
  42.816   10.369    9.448
  43.348   11.577    9.730
  43.549   11.697   10.990
  43.212   10.680   11.677
  42.642    9.639   10.510
  42.544    9.135   11.419
  42.240    8.838    9.912
  43.947   12.545   11.394
  43.409   11.127   11.781
  44.117   28.601   16.220
  45.064   27.650   16.078
  46.140   28.154   15.600
  46.079   29.404   15.370
  44.526   29.775   15.840
  44.950   30.671   15.512
  43.571   30.206   16.089
  46.969   27.586   15.423
  46.430   29.052   15.318
   4.274   29.703   39.360
   2.947   29.954   39.345
   2.359   29.322   40.291
   3.133   28.617   41.015
   4.618   28.894   40.317
   4.791   28.241   41.113
   5.650   28.946   40.011
   1.352   29.389   40.439
   2.642   28.710   41.009
  33.029   46.157   29.997
  33.598   46.906   29.029
  32.872   47.928   28.765
  31.806   48.010   29.456
  31.903   46.653   30.416
  31.013   47.132   30.681
  31.786   45.841   31.114
  33.141   48.612   28.058
  32.017   48.287   29.097
  46.733    6.075   23.882
  46.404    4.767   23.938
  45.149    4.610   23.731
  44.509    5.690   23.524
  45.710    6.838   23.635
  44.829    7.361   23.434
  46.335    7.714   23.668
  44.714    3.687   23.735
  44.387    5.206   23.545
  16.353   36.895   19.620
  15.040   37.069   19.885
  14.271   38.068   19.243
  12.910   38.248   19.519
  12.270   37.435   20.446
  17.665   36.721   19.354
  18.434   35.722   19.996
  11.461   37.307   19.581
  11.880   38.470   20.889
  11.721   36.760   21.222
  18.825   34.687   19.553
  19.244   35.851   20.861
  19.000   36.021   19.549
  40.929    8.319    1.819
  39.625    8.667    1.860
  38.950    8.904    3.081
  37.598    9.266    3.123
  36.873    9.403    1.945
  42.232    7.971    1.779
  42.908    7.734    0.558
  36.545   10.445    2.422
  36.083    8.707    2.503
  36.253    9.522    0.965
  43.698    8.430    0.000
  43.236    6.692    0.082
  43.507    7.597    1.039
  27.548   33.280   47.645
  26.267   33.605   47.372
  25.390   32.710   46.713
  24.061   33.047   46.431
  23.561   34.290   46.798
  28.830   32.955   47.917
  29.707   33.849   48.576
  22.668   33.650   47.260
  23.177   34.324   45.670
  23.128   35.330   47.100
  30.091   33.816   49.704
  30.599   34.489   48.114
  30.208   33.257   48.485
  45.623   45.887    4.079
  46.673   46.332    4.802
  46.889   47.710    5.039
  47.978   48.172    5.788
  48.890   47.272    6.326
  44.573   45.442    3.357
  44.356   44.064    3.120
  48.709   47.889    7.330
  49.698   47.993    5.829
  49.662   46.528    6.784
  43.548   43.343    3.617
  44.537   43.446    2.116
  43.737   44.337    2.730
  45.717   40.464   42.177
  45.351   41.690   42.608
  45.206   41.990   43.983
  44.826   43.261   44.430
  44.577   44.278   43.517
  46.084   39.238   41.747
  46.229   38.939   40.371
  45.304   44.909   44.219
  43.574   44.419   44.144
  44.366   45.141   42.761
  47.232   38.798   39.744
  45.502   38.308   39.669
  46.416   38.235   40.653
  17.737   13.079   17.083
  18.735   13.986   17.148
  20.096   13.611   17.064
  21.131   14.551   17.131
  20.841   15.901   17.286
  16.739   12.172   17.018
  15.377   12.548   17.102
  21.592   16.034   16.370
  21.650   15.842   18.159
  20.612   17.037   17.415
  14.569   12.607   16.229
  14.627   12.415   18.018
  15.271   11.778   17.023
  32.118    2.755   30.191
  32.365    3.359   29.009
  32.349    4.767   28.867
  32.605    5.392   27.641
  32.885    4.632   26.513
  31.871    2.152   31.373
  31.887    0.744   31.515
  33.809    5.376   26.400
  32.054    5.318   26.004
  33.122    4.006   25.558
  32.718    0.059   32.023
  30.963   -0.000   31.627
  31.714    0.923   32.255
  13.631    2.601   42.903
  14.326    2.141   43.965
  13.742    1.288   44.931
  14.463    0.811   46.032
  15.794    1.170   46.207
  12.936    3.062   41.841
  13.520    3.915   40.875
  15.955   -0.002   46.356
  15.442    1.434   47.314
  16.912    1.463   46.365
  13.871    3.650   39.768
  13.359    5.086   40.725
  12.807    3.870   40.560
  17.693    4.253   41.149
  17.563    3.234   40.273
  18.684    2.558   39.737
  18.550    1.501   38.829
  17.288    1.082   38.424
  17.823    5.272   42.025
  16.701    5.948   42.561
  17.703   -0.001   38.698
  17.753    1.168   37.331
  16.236    0.720   38.077
  16.236    5.862   43.655
  16.286    7.031   42.287
  17.256    6.355   42.929
  35.983   28.566   35.969
  34.709   28.283   36.315
  34.396   27.307   37.290
  33.075   27.013   37.649
  32.020   27.686   37.046
  37.257   28.849   35.622
  37.569   29.825   34.647
  31.653   27.849   38.168
  31.584   26.588   36.884
  31.125   28.242   36.547
  38.006   30.922   34.808
  37.937   29.662   33.525
  38.300   29.610   34.819
  29.701    0.923   15.590
  30.227    1.591   14.541
  29.912    1.255   13.203
  30.458    1.948   12.116
  31.338    3.001   12.328
  29.174    0.255   16.638
  29.489    0.591   17.976
  30.627    3.578   11.566
  32.012    2.429   11.529
  32.078    3.888   12.492
  28.815    1.164   18.776
  30.201    0.015   18.739
  29.002   -0.000   18.127
  15.749   25.382   42.581
  15.378   25.924   41.402
  16.189   26.863   40.720
  15.805   27.425   39.497
  14.596   27.070   38.912
  16.120   24.840   43.761
  15.309   23.901   44.442
  15.264   26.905   37.939
  14.445   28.248   38.814
  13.584   26.780   38.410
  15.459   22.723   44.540
  14.641   24.066   45.415
  15.897   23.926   44.955
  32.436   18.635   14.381
  32.017   17.398   14.725
  32.032   16.320   13.809
  31.597   15.038   14.166
  31.131   14.789   15.451
  32.856   19.871   14.037
  32.841   20.950   14.953
  31.883   13.865   15.404
  30.213   14.286   14.881
  30.737   14.566   16.526
  33.759   21.452   15.523
  32.089   21.873   14.999
  33.131   21.336   14.339
  40.910   36.680   32.793
  40.050   36.663   31.752
  38.855   37.421   31.753
  37.964   37.403   30.674
  38.235   36.627   29.555
  41.769   36.697   33.834
  42.964   35.939   33.832
  37.993   37.631   28.960
  37.116   36.247   29.707
  38.451   35.979   28.609
  44.083   36.318   33.680
  43.206   34.935   34.427
  43.047   36.266   34.536
  36.130   47.609    7.829
  37.447   47.383    7.639
  38.175   46.473    8.441
  39.542   46.239    8.245
  40.229   46.907    7.239
  34.812   47.834    8.018
  34.084   48.745    7.216
  40.616   45.816    6.958
  41.009   47.144    8.108
  40.817   47.462    6.399
  33.304   48.508    6.347
  33.697   49.836    7.498
  33.497   48.518    7.678
  15.260   25.052   30.996
  16.512   25.530   30.836
  16.991   26.640   31.572
  18.290   27.135   31.406
  19.156   26.539   30.498
  14.007   24.574   31.156
  13.528   23.464   30.420
  19.916   26.548   31.415
  19.328   27.658   30.126
  19.893   26.048   29.739
  13.356   22.346   30.792
  12.768   23.455   29.503
  12.881   23.604   30.835
  20.500   45.561    6.326
  21.435   46.201    5.593
  21.211   47.488    5.049
  22.182   48.151    4.289
  23.411   47.551    4.045
  19.564   44.921    7.059
  19.788   43.634    7.603
  23.848   48.598    4.411
  23.186   47.850    2.913
  24.447   47.059    3.833
  20.013   43.335    8.735
  19.351   42.587    7.237
  19.062   43.738    7.872
  15.100    1.124   24.778
  15.623    1.007   23.538
  14.869    1.297   22.376
  15.411    1.175   21.091
  16.725    0.759   20.922
  14.578    1.241   26.017
  15.331    0.951   27.179
  16.798    1.711   20.209
  16.247   -0.001   20.139
  17.827    0.410   20.766
  15.810    1.711   27.962
  15.258   -0.001   27.892
  14.664    1.152   27.533
  33.419   14.780   23.341
  34.476   14.054   22.920
  35.804   14.533   23.024
  36.901   13.781   22.588
  36.709   12.522   22.032
  32.361   15.506   23.762
  31.033   15.026   23.658
  37.558   12.196   22.803
  37.417   12.938   21.169
  36.563   11.464   21.564
  30.325   14.610   24.521
  30.185   15.352   22.887
  30.872   15.717   23.985
   7.293   33.574   21.991
   7.080   34.186   20.807
   5.882   34.010   20.076
   5.661   34.645   18.848
   6.631   35.479   18.308
   7.506   32.961   23.175
   8.705   33.138   23.906
   5.721   36.238   18.180
   6.451   34.834   17.322
   7.437   36.183   17.842
   8.885   33.783   24.892
   9.615   32.379   24.034
   8.349   32.650   24.402
  10.712   40.342   28.651
  10.118   41.526   28.916
   9.356   42.217   27.944
   8.741   43.444   28.219
   8.866   44.024   29.475
  11.305   39.159   28.386
  12.067   38.468   29.358
   7.681   44.132   29.399
   9.163   44.996   28.853
   8.962   44.522   30.525
  11.770   37.496   29.980
  13.251   38.360   29.434
  12.150   37.956   28.774
  39.365   17.234    8.912
  38.692   16.070    9.023
  37.397   15.897    8.479
  36.698   14.689    8.594
  37.270   13.611    9.258
  40.039   18.399    8.801
  41.333   18.572    9.345
  36.950   13.007    8.282
  36.224   13.575    9.828
  37.738   12.698    9.813
  42.379   18.608    8.775
  41.653   19.175   10.322
  41.249   19.287    9.043
  28.573   32.812   41.408
  27.914   32.132   42.371
  28.148   30.757   42.611
  27.465   30.052   43.609
  26.525   30.696   44.403
  29.231   33.493   40.446
  28.997   34.867   40.206
  27.126   30.191   45.299
  25.837   29.766   44.117
  25.733   31.225   45.077
  29.684   35.798   40.492
  28.395   35.372   39.310
  29.539   34.754   39.655
  16.686   20.070    5.860
  16.868   19.564    4.621
  16.783   18.176    4.358
  16.973   17.652    3.074
  17.254   18.496    2.007
  16.503   20.575    7.098
  16.588   21.963    7.361
  16.377   17.896    1.469
  18.138   17.725    1.799
  17.491   19.194    1.103
  15.704   22.735    7.570
  17.465   22.564    7.900
  16.429   21.727    8.089
  46.639   46.811   26.741
  46.497   47.211   28.023
  46.809   48.528   28.436
  46.661   48.943   29.765
  46.196   48.056   30.728
  46.781   46.410   25.460
  46.469   45.093   25.047
  45.451   48.945   31.000
  47.142   48.436   31.346
  45.808   47.322   31.546
  45.524   44.714   24.428
  47.215   44.205   24.775
  46.695   45.371   24.353
  13.066   42.194   21.394
  13.914   42.594   20.422
  15.061   43.374   20.701
  15.939   43.788   19.693
  15.702   43.438   18.370
  12.219   41.794   22.366
  11.072   41.014   22.087
  16.844   43.097   18.392
  15.877   44.599   18.167
  15.515   43.151   17.255
  10.897   39.853   22.290
   9.930   41.355   22.066
  10.977   41.069   22.860
  25.136   16.784    8.812
  23.842   16.875    8.436
  22.781   16.571    9.321
  21.439   16.665    8.931
  21.112   17.066    7.642
  26.429   16.694    9.188
  27.490   16.997    8.302
  20.375   17.816    8.202
  20.413   16.101    7.659
  20.822   17.401    6.563
  28.189   17.962    8.285
  28.227   16.247    7.742
  27.922   16.810    8.925
  34.322   21.034   29.758
  33.060   21.514   29.762
  32.256   21.518   28.598
  30.947   22.015   28.602
  30.396   22.527   29.770
  35.584   20.554   29.754
  36.389   20.550   30.918
  29.482   21.813   29.498
  30.103   23.449   29.074
  29.922   22.959   30.744
  36.682   19.629   31.614
  37.303   21.264   31.191
  36.906   20.228   30.431
  16.773   49.213   41.764
  17.176   49.015   43.037
  18.465   49.391   43.483
  18.883   49.185   44.803
  18.026   48.596   45.725
  16.370   49.411   40.491
  15.080   49.035   40.045
  18.334   49.523   46.408
  18.965   47.898   45.956
  17.318   48.103   46.509
  14.142   49.733   39.815
  14.773   48.109   39.362
  15.345   49.326   39.371
  44.496   14.269   43.284
  44.696   14.100   44.608
  43.680   13.613   45.464
  43.887   13.438   46.838
  45.118   13.744   47.404
  44.297   14.438   41.960
  45.313   14.924   41.104
  45.015   12.662   47.894
  44.459   14.348   48.192
  46.146   13.997   47.893
  45.972   14.320   40.316
  45.416   16.006   40.614
  44.754   14.836   40.565
  42.834   20.494   29.992
  43.713   21.497   29.781
  43.299   22.774   29.333
  44.210   23.814   29.114
  45.567   23.614   29.336
  41.956   19.491   30.203
  42.369   18.213   30.652
  45.482   24.627   29.958
  45.682   24.093   28.251
  46.709   23.460   29.518
  42.254   17.735   31.737
  42.454   17.201   30.030
  41.603   18.068   30.607
  27.964   43.758   21.733
  29.062   44.152   22.412
  29.766   43.276   23.273
  30.905   43.684   23.977
  31.380   44.983   23.846
  26.866   43.364   21.054
  26.162   44.240   20.193
  32.426   44.443   23.661
  31.389   44.961   25.038
  31.790   46.070   23.746
  26.153   44.262   19.002
  25.116   44.780   20.379
  25.713   43.609   20.093
  47.094   43.831   45.297
  46.478   43.178   46.306
  47.069   43.045   47.585
  46.431   42.368   48.631
  45.178   41.800   48.435
  47.710   44.484   44.289
  47.119   44.616   43.010
  44.904   42.374   49.442
  45.683   40.837   48.923
  44.127   41.318   48.284
  46.614   45.579   42.522
  47.393   44.042   42.003
  47.781   45.003   42.861
  17.947   10.396   17.567
  17.777   10.831   18.833
  18.860   10.957   19.735
  18.683   11.408   21.049
  17.416   11.748   21.508
  18.118    9.962   16.300
  17.035    9.835   15.398
  17.960   12.741   21.880
  17.702   11.046   22.427
  16.359   12.037   21.905
  16.749   10.538   14.479
  16.491    8.842   15.026
  17.602    9.594   14.918
  30.340    4.637   27.204
  29.989    5.885   26.826
  29.144    6.698   27.617
  28.780    7.992   27.226
  29.248    8.519   26.028
  30.691    3.389   27.581
  31.536    2.576   26.790
  29.541    9.455   26.705
  28.102    8.792   25.850
  29.634    8.973   25.026
  32.682    2.303   26.968
  31.243    1.639   26.113
  31.421    2.071   27.375
   9.188   20.400   11.185
   8.212   21.332   11.228
   6.842   20.989   11.126
   5.830   21.955   11.171
   6.151   23.299   11.320
  10.164   19.468   11.141
  11.533   19.811   11.243
   5.328   23.266   12.181
   5.417   23.443   10.392
   6.406   24.430   11.445
  12.267   19.667   12.171
  12.356   19.844   10.382
  11.622   19.039   11.171
  34.993   35.868   31.640
  33.655   36.044   31.594
  32.946   36.093   30.371
  31.559   36.275   30.323
  30.831   36.414   31.498
  36.330   35.693   31.685
  37.039   35.644   32.909
  30.132   35.580   31.011
  30.368   37.364   30.946
  30.207   36.532   32.477
  37.501   34.694   33.461
  37.737   36.478   33.396
  37.648   35.546   32.430
  39.989    1.496    5.365
  39.295    2.258    4.494
  38.765    1.730    3.293
  38.045    2.521    2.389
  37.830    3.867    2.654
  40.684    0.734    6.237
  41.214    1.262    7.438
  36.697    3.603    2.396
  38.225    4.016    1.539
  37.642    4.999    2.864
  40.818    1.113    8.552
  42.347    1.526    7.696
  41.462    0.527    7.527
  26.791    3.215   21.642
  26.634    3.232   20.301
  27.719    3.460   19.422
  27.556    3.478   18.031
  26.302    3.268   17.471
  26.948    3.197   22.983
  25.863    2.969   23.862
  26.882    2.482   16.789
  26.559    4.251   16.849
  25.255    3.093   16.987
  25.606    1.986   24.484
  25.282    3.755   24.544
  26.421    3.053   24.402
  22.273    7.112   45.691
  22.929    8.079   45.015
  24.332    8.234   45.101
  25.012    9.237   44.400
  24.313   10.120   43.586
  21.617    6.145   46.368
  20.213    5.989   46.281
  25.142    9.832   42.781
  24.932   10.950   44.176
  23.738   10.867   42.900
  19.594    5.159   45.692
  19.384    6.277   47.086
  20.355    5.400   46.774
  33.089    3.658   15.061
  32.206    4.576   15.510
  32.360    5.957   15.244
  31.445    6.908   15.710
  30.343    6.512   16.457
  33.972    2.741   14.612
  33.818    1.359   14.877
  29.739    7.192   15.686
  30.698    7.375   17.198
  29.413    6.194   17.085
  33.463    0.497   14.136
  34.422    0.680   15.648
  34.479    1.315   14.463
  31.244   46.399    5.377
  30.427   47.192    6.102
  30.839   47.777    7.323
  29.992   48.600    8.075
  28.703   48.867    7.632
  32.061   45.605    4.652
  31.649   45.020    3.431
  29.003   50.000    7.848
  28.398   48.560    8.743
  27.618   49.100    7.273
  31.954   45.327    2.321
  31.349   43.887    3.216
  32.373   44.727    3.450
  29.334   16.451   31.332
  29.781   15.242   31.732
  29.074   14.050   31.449
  29.538   12.796   31.864
  30.726   12.690   32.577
  28.887   17.661   30.932
  29.594   18.853   31.215
  30.982   11.848   31.773
  30.072   12.022   33.316
  31.722   12.586   33.176
  30.248   19.521   30.476
  29.338   19.695   32.019
  28.997   19.174   30.826
  43.416   19.434    5.370
  44.728   19.400    5.685
  45.180   19.050    6.979
  46.541   19.015    7.306
  47.499   19.329    6.350
  42.104   19.467    5.055
  41.652   19.817    3.760
  48.004   18.311    6.709
  47.930   20.041    7.203
  48.313   19.590    5.557
  41.221   19.106    2.907
  41.147   20.835    3.400
  40.953   19.694    4.086
  17.811   19.827   24.171
  17.703   20.647   23.104
  17.270   21.988   23.229
  17.158   22.839   22.123
  17.476   22.379   20.851
  17.919   19.007   25.237
  18.352   17.666   25.112
  18.124   23.376   20.793
  16.420   22.848   20.559
  17.739   22.005   19.778
  19.408   17.197   25.404
  17.703   16.668   25.169
  18.244   17.670   25.885
   7.526   28.634   33.494
   7.076   27.676   32.656
   6.210   27.970   31.576
   5.744   26.976   30.708
   6.127   25.653   30.888
   7.976   29.593   34.331
   8.842   29.299   35.411
   6.382   25.704   29.725
   4.958   25.438   30.794
   6.440   24.538   31.027
  10.010   29.514   35.505
   8.587   29.248   36.574
   8.785   30.069   35.527
  32.953    6.194   30.578
  33.919    5.288   30.318
  35.243    5.446   30.793
  36.245    4.506   30.523
  35.959    3.375   29.768
  31.987    7.100   30.838
  30.663    6.943   30.364
  36.500    2.802   30.662
  36.933    3.694   29.160
  35.733    2.421   29.137
  29.690    6.624   30.973
  30.122    7.516   29.470
  30.562    7.621   30.737
  46.020   40.505    7.560
  45.484   40.989    8.701
  44.089   40.974    8.939
  43.533   41.476   10.122
  44.352   42.010   11.109
  46.556   40.022    6.420
  47.951   40.036    6.182
  43.729   41.294   11.830
  43.583   42.920   11.072
  45.027   42.460   11.946
  48.720   39.126    6.219
  48.574   40.752    5.461
  47.733   39.703    5.510
  45.127   41.575   14.105
  46.465   41.413   14.175
  47.361   42.495   14.004
  48.749   42.327   14.077
  49.291   41.072   14.323
  43.788   41.736   14.034
  42.892   40.654   14.206
  49.922   41.651   15.152
  49.976   41.326   13.382
  49.758   40.024   14.530
  42.207   40.400   15.147
  42.261   40.076   13.377
  42.361   41.214   14.087
  25.187   19.829   27.797
  24.080   19.676   27.039
  22.852   20.295   27.372
  21.704   20.137   26.587
  21.743   19.353   25.440
  26.294   19.982   28.554
  27.522   19.363   28.221
  21.228   20.300   24.932
  20.763   18.857   25.903
  21.762   18.698   24.475
  28.502   19.859   27.759
  28.037   18.416   28.729
  27.759   19.724   28.872
  33.833   22.885    3.692
  34.773   23.213    2.779
  34.486   23.269    1.395
  35.460   23.609    0.448
  36.756   23.903    0.853
  32.893   22.558    4.604
  33.180   22.501    5.989
  36.614   24.865    0.163
  37.060   23.128   -0.000
  37.848   24.153    1.179
  32.877   23.276    6.842
  33.322   21.540    6.678
  32.426   22.304    6.029
  44.418   31.349   12.875
  43.993   30.105   13.183
  44.891   29.074   13.548
  44.449   27.785   13.868
  43.094   27.480   13.835
  44.844   32.592   12.566
  43.946   33.623   12.201
  43.303   27.026   14.917
  43.453   26.546   13.189
  41.960   27.211   13.811
  43.587   34.558   12.847
  43.738   34.077   11.119
  44.608   34.034   12.144
  15.423   37.325   22.178
  16.501   36.548   22.416
  16.398   35.143   22.547
  17.516   34.337   22.793
  18.777   34.908   22.918
  14.344   38.102   21.940
  14.447   39.508   21.809
  19.093   34.065   22.137
  18.834   34.249   23.909
  19.840   35.374   23.025
  14.389   40.167   20.818
  14.131   40.350   22.590
  13.676   39.447   21.703
  15.748   34.301    9.080
  16.595   34.838    8.177
  16.325   36.071    7.537
  17.203   36.628    6.599
  18.382   35.972    6.268
  14.902   33.763    9.984
  15.171   32.530   10.624
  18.878   37.037    6.470
  18.022   36.164    5.149
  19.375   35.432    5.981
  15.532   32.338   11.744
  14.675   31.466   10.423
  14.487   32.681   10.968
   1.688   14.658    8.734
   2.656   15.484    9.184
   2.551   16.891    9.077
   3.555   17.748    9.543
   4.701   17.229   10.132
   0.719   13.832    8.285
   0.825   12.425    8.392
   4.463   18.022   10.989
   5.264   17.959    9.378
   5.667   16.806   10.629
   0.262   11.694    9.146
   1.063   11.631    7.535
   0.126   12.453    8.043
  48.381   40.903   41.570
  48.542   42.137   41.046
  47.553   42.742   40.235
  47.719   44.022   39.692
  48.881   44.742   39.940
  48.221   39.669   42.094
  49.210   39.064   42.904
  48.123   45.617   40.223
  48.883   44.896   38.759
  49.851   45.357   40.141
  49.208   38.909   44.086
  49.968   38.189   42.622
  48.689   38.482   42.921
  26.671   41.201   31.652
  25.473   40.585   31.741
  25.349   39.176   31.700
  24.107   38.537   31.793
  22.944   39.285   31.931
  27.869   41.816   31.562
  27.993   43.225   31.604
  22.722   38.533   32.828
  22.552   38.601   31.037
  21.960   39.900   32.047
  28.384   43.910   32.497
  28.215   43.978   30.706
  28.751   43.055   31.526
  49.560   29.484   27.902
  49.118   30.759   27.927
  50.005   31.860   27.959
  49.546   33.183   27.986
  48.183   33.451   27.981
  50.003   28.208   27.876
  49.115   27.107   27.844
  48.466   34.202   27.100
  48.452   34.161   28.900
  47.042   33.690   27.978
  48.847   26.397   26.926
  48.833   26.356   28.725
  49.784   26.704   27.840
  14.975   37.702   13.858
  14.067   38.354   13.101
  12.700   37.992   13.092
  11.758   38.668   12.308
  12.151   39.732   11.505
  15.883   37.049   14.614
  17.251   37.412   14.624
  11.231   40.290   12.018
  11.543   39.150   10.661
  12.466   40.626   10.826
  17.859   37.994   15.468
  18.170   36.854   14.110
  17.295   36.819   15.131
  38.185   29.917   28.464
  38.169   29.847   27.116
  37.817   30.957   26.311
  37.800   30.884   24.913
  38.133   29.699   24.270
  38.202   29.986   29.812
  38.553   28.876   30.616
  38.846   30.402   23.623
  37.120   29.891   23.671
  38.410   28.711   23.717
  39.566   28.684   31.214
  37.841   28.173   31.262
  38.418   29.386   31.192
  13.935   44.401   31.542
  15.211   44.838   31.603
  16.249   44.050   32.154
  17.571   44.504   32.217
  17.904   45.762   31.731
  12.659   43.963   31.481
  11.622   44.752   30.929
  18.769   45.171   31.163
  18.447   45.883   32.785
  18.196   46.816   31.327
  11.078   44.631   29.876
  10.757   45.342   31.498
  11.192   44.127   31.118
   3.995   29.920   31.635
   4.159   29.601   32.936
   5.134   28.669   33.363
   5.304   28.338   34.713
   4.503   28.927   35.684
   3.832   30.240   30.333
   2.856   31.171   29.906
   5.543   29.137   36.228
   4.347   27.804   36.050
   3.838   29.413   36.509
   3.013   32.294   29.540
   1.817   30.961   29.363
   3.152   30.999   29.205
  32.307   14.027   46.401
  33.267   14.590   47.165
  33.823   15.856   46.861
  34.818   16.439   47.654
  35.293   15.778   48.779
  31.348   13.464   45.636
  30.792   12.199   45.940
  35.096   16.824   49.317
  36.362   16.027   48.314
  35.701   15.235   49.727
  29.724   11.950   46.406
  30.989   11.154   45.403
  30.375   12.346   45.297
  39.871   21.836   11.820
  39.665   20.513   11.993
  40.313   19.780   13.015
  40.100   18.408   13.194
  39.230   17.720   12.356
  40.077   23.159   11.648
  39.429   23.892   10.626
  38.775   17.312   13.379
  40.137   16.954   12.259
  38.503   17.131   11.661
  38.521   24.659   10.724
  39.884   24.301    9.603
  39.838   24.481   10.935
  39.526   42.962   36.026
  39.135   41.784   35.494
  37.987   41.097   35.955
  37.581   39.876   35.404
  38.308   39.299   34.371
  39.918   44.139   36.557
  41.066   44.826   36.096
  37.242   39.201   33.848
  38.252   38.322   35.051
  38.909   38.803   33.503
  41.122   45.803   35.415
  42.132   44.924   36.618
  40.852   45.336   36.648
   7.320   34.642   47.021
   8.213   33.864   47.669
   8.561   34.089   49.022
   9.488   33.282   49.694
  10.099   32.221   49.036
   6.427   35.420   46.373
   6.079   35.195   45.020
   9.768   31.603   50.000
  11.100   32.696   49.476
  10.619   31.328   48.497
   5.078   34.721   44.580
   6.410   35.813   44.056
   5.620   35.814   45.146
   4.760   37.765   33.127
   5.104   38.998   33.554
   5.449   40.034   32.654
   5.806   41.314   33.097
   5.831   41.603   34.456
   4.415   36.531   32.700
   4.070   35.495   33.599
   5.185   42.551   34.133
   6.910   42.043   34.210
   5.855   41.859   35.593
   2.990   35.055   33.845
   4.715   34.547   33.922
   3.981   35.093   32.936
  45.028   42.595   24.109
  44.853   42.708   25.443
  43.978   41.857   26.159
  43.796   41.974   27.543
  44.485   42.945   28.259
  45.203   42.483   22.775
  46.079   43.333   22.060
  44.757   42.035   28.979
  43.408   43.194   28.705
  45.056   43.755   28.873
  47.156   43.084   21.614
  45.806   44.243   21.340
  45.832   42.903   21.456
  34.353   27.852   33.805
  33.881   28.970   34.396
  32.660   28.982   35.111
  32.170   30.141   35.725
  32.884   31.330   35.645
  34.825   26.734   33.213
  36.046   26.722   32.498
  32.715   31.359   36.824
  31.834   31.787   35.313
  33.473   32.335   35.585
  37.095   26.265   32.829
  36.214   26.693   31.319
  35.856   25.971   32.396
  10.500   15.849   47.687
   9.907   17.024   47.985
   9.454   17.326   49.291
   8.838   18.544   49.601
   8.653   19.505   48.614
  11.094   14.674   47.388
  11.547   14.372   46.082
   9.141   20.237   49.418
   7.535   19.525   49.026
   8.491   20.320   47.796
  12.664   14.352   45.670
  11.058   13.640   45.278
  11.759   13.704   46.425
  13.317    6.784   17.285
  13.893    5.585   17.056
  13.399    4.393   17.638
  13.995    3.149   17.400
  15.107    3.052   16.573
  12.742    7.984   17.514
  13.236    9.176   16.933
  14.484    2.177   16.057
  15.563    2.423   17.477
  16.040    2.957   15.881
  12.781    9.805   16.029
  13.859   10.051   17.449
  12.642    9.490   17.330
   8.956   32.692   39.734
  10.073   32.785   40.487
  11.282   33.312   39.974
  12.439   33.409   40.755
  12.430   32.982   42.077
   7.840   32.599   38.981
   6.631   32.072   39.494
  12.924   34.046   42.288
  13.418   32.397   41.760
  12.435   32.628   43.189
   5.642   32.657   39.812
   6.136   31.009   39.284
   6.380   32.228   38.771
  21.870    7.484   35.295
  20.528    7.367   35.205
  19.671    8.491   35.272
  18.279    8.370   35.179
  17.695    7.120   35.016
  23.212    7.601   35.384
  24.069    6.477   35.318
  17.104    7.655   34.131
  17.001    7.471   35.918
  17.192    6.077   34.879
  24.763    6.126   34.415
  24.660    5.942   36.203
  24.619    7.025   35.406
  11.554    6.285   15.640
  12.512    6.806   14.845
  12.269    7.920   14.007
  13.263    8.460   13.183
  14.537    7.906   13.168
  10.595    5.764   16.435
  10.839    4.651   17.274
  14.888    9.035   13.313
  14.391    7.926   11.985
  15.610    7.451   13.145
  10.985    4.631   18.456
  10.487    3.522   17.128
  10.089    4.763   17.461
  35.945    6.764   38.682
  34.960    7.670   38.862
  33.623    7.282   39.118
  32.601    8.221   39.305
  32.880    9.581   39.243
  36.930    5.859   38.502
  38.267    6.247   38.247
  32.280    9.618   40.272
  31.946    9.606   38.504
  33.100   10.725   39.194
  39.201    6.221   38.986
  38.867    6.209   37.217
  38.376    5.473   38.231
  44.489   40.162   24.750
  43.198   39.785   24.636
  42.132   40.704   24.789
  40.793   40.313   24.671
  40.472   38.989   24.395
  45.780   40.539   24.864
  46.846   39.621   24.711
  39.779   39.469   23.553
  39.726   39.115   25.317
  40.188   37.882   24.164
  47.591   39.496   23.790
  47.539   39.141   25.554
  47.275   40.258   24.852
  48.465   28.138   41.843
  48.631   26.811   42.027
  47.580   25.980   42.481
  47.751   24.604   42.671
  48.980   24.009   42.414
  48.299   29.466   41.660
  49.351   30.297   41.205
  48.328   23.231   41.791
  48.828   23.529   43.494
  50.007   23.498   42.202
  49.503   30.777   40.126
  50.004   31.075   41.829
  48.801   30.848   41.271
  31.302    6.812   41.673
  31.852    8.032   41.848
  31.956    8.632   43.126
  32.526    9.897   43.308
  33.014   10.608   42.219
  30.751    5.592   41.497
  30.648    4.993   40.220
  33.982   10.737   42.901
  32.366   11.498   42.675
  33.427   11.216   41.313
  31.295    4.102   39.763
  29.680    4.863   39.537
  30.319    4.417   40.634
  14.409    3.812   13.267
  15.024    4.655   12.411
  16.347    4.434   11.961
  16.985    5.308   11.072
  16.322    6.435   10.603
  13.794    2.969   14.123
  12.471    3.190   14.573
  16.688    6.047    9.537
  17.320    6.999   10.928
  15.777    7.385   10.201
  11.473    2.627   14.248
  12.105    3.578   15.639
  12.607    2.528   14.965
  16.542   29.752   38.108
  16.467   29.625   36.766
  17.612   29.707   35.940
  17.534   29.576   34.548
  16.307   29.357   33.934
  16.618   29.878   39.450
  15.473   29.796   40.277
  16.888   28.476   33.380
  16.648   30.254   33.226
  15.284   29.174   33.405
  15.131   28.899   40.985
  14.892   30.677   40.830
  16.001   29.916   40.840
  17.002   23.785   40.746
  17.731   23.244   41.745
  17.164   22.933   43.004
  17.921   22.372   44.040
  19.270   22.102   43.854
  16.273   24.326   39.747
  16.839   24.636   38.488
  18.984   21.033   44.295
  19.396   22.682   44.887
  20.404   21.869   43.711
  16.714   24.056   37.454
  17.126   25.705   38.046
  16.110   24.872   38.337
  31.156   27.189   33.852
  32.167   27.857   33.257
  32.938   27.282   32.219
  33.986   27.975   31.602
  34.301   29.268   32.002
  30.145   26.520   34.447
  29.374   27.095   35.485
  34.262   29.499   30.833
  35.413   28.843   32.052
  34.576   30.354   32.327
  28.262   27.521   35.435
  29.413   26.864   36.653
  29.012   26.404   35.455
  34.165   23.919   26.077
  34.915   25.010   25.811
  34.338   26.286   25.609
  35.116   27.417   25.333
  36.499   27.312   25.250
  33.415   22.829   26.343
  33.992   21.552   26.545
  36.484   28.245   25.991
  36.352   27.906   24.228
  37.660   27.238   25.178
  34.139   20.958   27.567
  34.007   20.619   25.804
  33.245   21.347   26.640
  23.964   48.049   16.519
  24.691   46.927   16.333
  26.020   46.807   16.804
  26.774   45.643   16.611
  26.225   44.557   15.941
  23.238   49.172   16.705
  21.909   49.291   16.234
  26.628   43.941   16.878
  27.239   44.595   15.316
  25.777   43.638   15.380
  20.894   49.253   16.858
  21.506   49.907   15.297
  21.971   50.000   16.556
   9.801   18.164   41.760
  10.959   17.786   42.340
  11.990   18.712   42.631
  13.191   18.320   43.233
  13.405   16.988   43.567
   8.642   18.543   41.179
   7.612   17.617   40.888
  13.721   17.439   44.623
  14.441   17.148   42.999
  13.598   15.874   43.852
   6.576   17.458   41.456
   7.296   17.166   39.831
   7.258   18.258   40.617
  36.470   46.446    5.307
  35.932   47.217    4.339
  35.128   48.343    4.636
  34.570   49.143    3.632
  34.796   48.845    2.294
  37.009   45.675    6.276
  37.813   44.549    5.978
  35.079   50.000    2.219
  33.613   48.957    2.204
  34.977   48.607    1.167
  38.996   44.438    6.068
  37.529   43.394    6.053
  37.841   44.497    6.757
  31.286   43.275   36.527
  32.582   42.904   36.455
  32.971   41.545   36.394
  34.315   41.161   36.318
  35.318   42.122   36.301
  29.990   43.646   36.600
  29.601   45.005   36.661
  35.714   41.505   35.362
  35.799   41.449   37.159
  36.170   42.918   36.286
  29.120   45.678   35.804
  29.205   45.622   37.601
  28.887   44.689   36.685
   7.610   27.803   29.887
   8.446   27.032   30.615
   9.382   27.588   31.520
  10.249   26.788   32.274
  10.212   25.405   32.150
   6.774   28.573   29.160
   5.838   28.018   28.255
  10.168   25.430   33.341
  11.392   25.515   32.023
  10.192   24.243   32.056
   4.658   27.908   28.382
   5.882   27.993   27.065
   5.663   28.770   28.141
  46.756   10.832   17.479
  46.460   10.393   18.721
  45.127   10.169   19.139
  44.820    9.715   20.427
  45.835    9.468   21.343
  47.052   11.270   16.237
  48.385   11.494   15.818
  45.269    8.430   21.494
  45.164   10.132   22.070
  46.677    9.256   22.121
  49.057   10.830   15.092
  48.951   12.532   15.668
  48.030   11.697   15.153
  13.827    8.647    3.712
  13.474    7.462    4.256
  12.624    6.552    3.585
  12.258    5.324    4.149
  12.731    4.963    5.405
  14.179    9.831    3.167
  15.030   10.741    3.838
  13.018    3.943    4.860
  11.585    4.720    5.623
  13.120    4.647    6.458
  16.176   10.984    3.620
  14.742   11.761    4.383
  14.913   11.162    3.191
  43.892   33.238   41.301
  44.569   32.129   40.936
  45.836   31.811   41.480
  46.538   30.660   41.101
  45.998   29.786   40.166
  43.215   34.348   41.666
  41.948   34.666   41.122
  46.271   28.956   40.976
  47.070   29.879   39.653
  45.557   29.044   39.382
  40.876   34.573   41.635
  41.675   35.496   40.312
  42.018   35.283   41.595
  11.079   11.501    7.402
  11.892   11.163    8.425
  11.752   11.731    9.714
  12.596   11.381   10.775
  13.609   10.450   10.585
  10.265   11.838    6.379
  10.405   11.270    5.091
  13.159    9.953   11.571
  14.289   11.277   11.110
  14.464    9.670   10.440
   9.725   10.443    4.567
  10.855   11.767    4.105
   9.797   11.735    4.936
  30.897    9.569    8.212
  31.978   10.377    8.206
  33.267    9.902    7.864
  34.388   10.740    7.857
  34.261   12.083    8.191
  29.815    8.761    8.219
  28.526    9.235    8.561
  34.873   12.258    7.184
  35.183   11.856    8.911
  34.169   13.211    8.470
  27.604    9.461    7.841
  27.914    9.060    9.568
  28.332    8.491    8.423
  23.971   10.622    5.410
  23.385    9.524    5.933
  23.684    8.221    5.468
  23.077    7.083    6.010
  22.148    7.206    7.036
  24.557   11.721    4.887
  24.257   13.023    5.351
  22.810    6.365    7.561
  21.487    6.493    6.348
  21.367    7.295    7.898
  24.919   13.736    6.040
  23.595   13.864    4.827
  24.778   13.223    4.804
   8.421   29.153   11.267
   7.768   30.293   11.579
   6.356   30.357   11.639
   5.679   31.539   11.964
   6.391   32.699   12.239
   9.073   28.014   10.954
  10.486   27.950   10.894
   5.690   32.745   13.202
   5.636   33.192   11.460
   6.976   33.681   12.473
  11.240   27.458   11.674
  11.186   27.905    9.931
  10.338   27.206   10.708
  34.657   35.664   46.218
  34.970   36.898   45.769
  34.607   37.340   44.475
  34.932   38.620   44.010
  35.631   39.503   44.822
  34.344   34.429   46.666
  34.707   33.987   47.961
  34.769   40.266   44.513
  36.324   39.635   43.862
  36.217   40.255   45.494
  34.014   33.856   48.921
  35.569   33.225   48.270
  34.344   33.337   47.724
  30.345   44.904   44.994
  29.044   45.180   45.226
  28.102   44.166   45.520
  26.753   44.452   45.760
  26.297   45.764   45.715
  31.645   44.628   44.762
  32.587   45.642   44.468
  25.804   45.491   46.765
  25.452   45.309   45.009
  25.901   46.860   45.681
  33.432   46.097   45.174
  33.080   45.915   43.418
  33.074   45.033   44.434
   9.880   39.859   41.080
   9.720   38.615   41.578
   9.216   38.388   42.881
   9.050   37.098   43.398
   9.383   35.988   42.631
  10.040   41.104   40.581
  10.545   41.330   39.278
   8.301   35.605   42.952
   9.976   35.653   43.608
   9.658   35.048   41.998
   9.951   41.666   38.301
  11.626   41.714   38.957
  10.443   42.077   39.484
  22.890   17.679   15.642
  22.265   18.807   16.043
  20.862   18.865   16.216
  20.213   20.034   16.632
  20.945   21.187   16.890
  23.515   16.552   15.241
  24.918   16.494   15.067
  20.323   21.198   17.906
  20.132   21.703   16.189
  21.547   22.161   17.109
  25.732   15.977   15.768
  25.540   16.482   14.051
  24.756   15.756   14.868
  30.673   23.337   26.864
  29.572   22.624   26.544
  29.571   21.675   25.494
  28.429   20.936   25.163
  27.247   21.119   25.870
  31.774   24.049   27.183
  31.775   24.998   28.233
  27.260   19.930   25.944
  26.764   21.214   24.785
  26.249   21.262   26.456
  32.257   24.902   29.319
  31.762   26.187   28.159
  32.519   25.084   28.011
   4.912   43.455   29.448
   5.548   44.640   29.571
   4.864   45.823   29.939
   5.523   47.052   30.067
   6.890   47.141   29.832
   4.277   42.271   29.324
   4.960   41.087   28.957
   6.901   47.709   30.879
   6.580   48.063   29.144
   8.036   47.229   29.639
   5.270   40.166   29.646
   4.949   40.519   27.910
   4.246   40.780   29.027
  46.469   10.243    4.407
  47.007   11.292    5.064
  48.215   11.182    5.794
  48.773   12.270    6.475
  48.143   13.508    6.451
  45.932    9.193    3.750
  44.724    9.304    3.021
  49.226   13.908    6.158
  48.295   13.463    7.632
  47.624   14.553    6.440
  44.572    9.349    1.840
  43.641    8.904    3.314
  44.864    8.548    2.881
  38.860   31.036   40.751
  39.723   30.149   40.212
  40.701   30.534   39.265
  41.597   29.614   38.707
  41.545   28.275   39.075
  37.997   31.924   41.289
  37.018   31.538   42.236
  42.718   28.408   39.233
  41.554   28.086   37.899
  41.512   27.149   39.375
  37.008   31.728   43.412
  35.844   31.406   42.078
  36.842   32.299   42.205
  43.226   44.233   31.200
  44.448   43.663   31.134
  45.406   43.824   32.162
  46.674   43.233   32.094
  47.028   42.461   30.995
  42.003   44.802   31.265
  41.045   44.641   30.237
  47.368   41.673   31.822
  48.007   43.140   30.997
  47.338   41.810   30.079
  40.066   43.962   30.235
  40.705   45.429   29.410
  40.618   45.093   30.710
  13.968    3.238   21.866
  14.739    3.640   20.834
  16.150    3.693   20.929
  16.950    4.110   19.858
  16.368    4.488   18.655
  13.196    2.836   22.899
  11.785    2.782   22.804
  17.172    3.747   18.182
  17.069    5.446   18.766
  15.892    4.809   17.639
  11.085    1.825   22.693
  10.981    3.524   23.277
  11.852    2.533   23.541
   3.294    6.200   10.221
   2.618    7.330   10.518
   1.502    7.330   11.388
   0.801    8.502   11.696
   1.191    9.716   11.145
   3.970    5.070    9.924
   5.086    5.070    9.054
   1.128   10.100   12.271
   0.036    9.814   10.869
   1.508   10.742   10.689
   6.242    4.972    9.330
   5.149    4.687    7.928
   5.078    4.306    9.216
  30.595    9.010    5.686
  29.269    8.780    5.576
  28.338    9.831    5.400
  26.963    9.592    5.286
  26.470    8.295    5.344
  31.921    9.240    5.795
  32.852    8.189    5.972
  25.887    8.610    4.355
  25.713    8.756    6.140
  26.044    7.210    5.391
  33.609    7.728    5.176
  33.436    7.873    6.961
  33.360    8.783    5.972
  48.024   12.994    1.562
  48.338   11.818    2.145
  49.668   11.337    2.194
  49.994   10.116    2.798
  49.001    9.334    3.375
  47.710   14.171    0.980
  46.381   14.652    0.930
  49.746    9.305    4.305
  49.499    8.461    2.734
  48.178    8.667    3.862
  45.883   15.525    1.571
  45.636   14.682   -0.000
  46.722   15.247    0.557
   5.326   37.858   35.422
   4.008   37.586   35.314
   3.243   37.130   36.414
   1.877   36.848   36.301
   1.226   37.011   35.085
   6.644   38.130   35.530
   7.408   38.586   34.431
   0.433   37.615   35.738
   0.821   35.912   35.302
   0.667   37.144   34.070
   7.814   39.686   34.213
   8.201   37.983   33.777
   7.980   38.580   34.962
  19.185   26.554    4.455
  18.742   26.537    5.730
  17.722   27.408    6.182
  17.263   27.390    7.505
  17.807   26.501    8.423
  19.627   26.571    3.180
  20.647   25.701    2.728
  16.667   26.248    8.659
  17.909   27.472    9.106
  18.256   25.760    9.204
  20.546   24.730    2.045
  21.788   25.953    2.493
  20.522   26.075    2.055
  22.240   44.893    7.495
  22.261   46.116    8.066
  22.287   47.303    7.297
  22.310   48.571    7.889
  22.307   48.697    9.273
  22.218   43.670    6.924
  22.192   42.483    7.693
  21.422   49.470    9.070
  23.222   49.435    9.077
  22.304   48.818   10.433
  21.276   41.745    7.889
  23.076   41.710    7.896
  22.188   42.151    6.986
  29.755    6.080    4.468
  29.665    5.676    5.753
  29.423    6.585    6.810
  29.329    6.166    8.142
  29.474    4.822    8.465
  29.846    6.484    3.183
  30.087    5.575    2.126
  28.467    4.996    9.079
  30.240    5.234    9.279
  29.593    3.698    8.750
  29.321    5.163    1.312
  31.094    5.402    1.512
  30.048    6.227    1.698
  23.661   33.525   38.897
  22.503   34.203   39.041
  21.266   33.679   38.593
  20.065   34.382   38.743
  20.057   35.634   39.344
  24.819   32.847   38.753
  26.056   33.370   39.200
  19.169   35.174   39.991
  19.422   35.947   38.386
  20.036   36.686   39.847
  26.691   33.058   40.159
  26.944   33.831   38.553
  26.324   32.694   38.917
  39.086   19.171   38.665
  40.331   19.167   39.186
  40.762   18.169   40.092
  42.054   18.165   40.632
  42.960   19.160   40.286
  37.840   19.175   38.144
  37.409   20.173   37.239
  43.692   18.241   40.085
  43.118   19.244   41.465
  43.731   19.988   40.005
  37.251   20.089   36.060
  36.677   21.092   37.440
  36.747   19.760   37.264
   5.267   25.120   36.454
   5.944   24.396   35.537
   5.309   23.419   34.734
   6.011   22.669   33.783
   7.374   22.869   33.601
   4.590   25.843   37.370
   5.226   26.820   38.173
   7.078   22.934   32.448
   7.428   21.682   33.694
   8.518   23.027   33.437
   5.171   28.007   38.080
   5.522   26.756   39.326
   4.503   26.902   38.458
  15.467    8.578    5.176
  15.750    7.560    4.335
  15.673    7.705    2.930
  15.967    6.649    2.058
  16.348    5.411    2.561
  15.184    9.596    6.016
  15.261    9.451    7.422
  17.238    5.512    1.775
  15.513    4.998    1.817
  16.668    4.367    2.970
  16.095    9.865    8.166
  14.371    9.351    8.207
  15.038   10.200    7.404
  36.309   35.886   21.158
  36.079   35.230   22.315
  37.103   34.530   22.996
  36.864   33.849   24.196
  35.594   33.845   24.758
  36.539   36.543   20.000
  35.515   37.243   19.320
  36.174   34.159   25.751
  35.769   32.669   24.826
  34.532   33.834   25.241
  35.340   38.420   19.252
  34.935   36.930   18.327
  36.097   37.395   18.821
  23.314   12.564   38.940
  23.858   11.344   39.133
  23.073   10.220   39.484
  23.637    8.954   39.684
  25.006    8.767   39.540
  22.770   13.785   38.748
  23.555   14.909   38.397
  24.678    7.849   38.856
  24.912    8.229   40.600
  26.154    8.597   39.423
  23.648   15.447   37.338
  23.883   15.827   39.081
  22.860   15.265   38.413
  46.472   39.363   37.160
  45.781   40.435   36.716
  46.378   41.711   36.585
  45.661   42.822   36.124
  44.321   42.696   35.779
  47.163   38.292   37.605
  46.566   37.016   37.736
  44.659   43.258   34.784
  44.187   43.654   36.475
  43.196   42.605   35.486
  46.700   36.058   37.040
  46.228   36.454   38.731
  47.282   36.824   37.982
  35.296   20.986   49.316
  34.395   19.986   49.220
  33.079   20.112   49.724
  32.144   19.075   49.624
  32.492   17.874   49.017
  36.198   21.987   49.412
  37.514   21.861   48.908
  31.478   18.036   48.412
  32.025   17.391   50.001
  32.771   16.862   48.510
  37.982   22.344   47.924
  38.528   21.699   49.513
  37.575   22.589   49.183
  42.121    9.464   33.016
  41.722   10.660   33.499
  40.403   10.879   33.962
  39.989   12.120   34.463
  40.879   13.185   34.518
  42.520    8.268   32.533
  43.839    8.049   32.069
  40.494   13.280   35.642
  39.996   13.782   33.986
  41.616   14.087   34.570
  44.722    7.452   32.601
  44.224    7.954   30.946
  43.559    7.332   31.936
  14.989    5.860   23.221
  14.218    5.078   24.006
  14.775    4.167   24.935
  13.976    3.356   25.750
  12.592    3.427   25.665
  15.759    6.642   22.435
  15.202    7.553   21.507
  12.654    3.522   26.851
  12.665    2.240   25.587
  11.428    3.477   25.604
  15.128    8.740   21.585
  15.140    7.459   20.321
  15.955    7.702   21.363
  11.749   22.477   45.604
  10.491   22.231   45.179
  10.098   22.445   43.837
   8.794   22.189   43.396
   7.836   21.712   44.282
  13.006   22.724   46.030
  13.399   22.510   47.372
   7.639   20.903   43.429
   7.171   22.593   43.835
   7.023   21.310   45.015
  14.065   21.629   47.819
  13.597   23.319   48.225
  14.085   22.765   47.100
  17.515   35.739   42.141
  17.973   37.008   42.178
  19.356   37.307   42.195
  19.831   38.623   42.234
  18.940   39.688   42.257
  17.058   34.470   42.103
  15.674   34.171   42.086
  19.619   40.107   41.372
  19.608   40.059   43.172
  18.203   40.592   42.277
  15.006   33.801   41.172
  14.995   33.752   42.971
  15.941   33.438   42.068
  40.465   16.458   28.233
  40.629   16.915   26.973
  41.752   17.690   26.597
  41.922   18.163   25.290
  40.976   17.879   24.314
  40.301   16.001   29.493
  39.178   15.226   29.869
  41.926   17.548   23.675
  41.032   19.050   24.103
  40.190   17.647   23.484
  39.123   14.054   30.080
  38.228   15.557   30.508
  39.535   15.240   30.564
  13.686   34.616   26.210
  13.661   34.686   24.862
  12.679   35.432   24.168
  12.653   35.504   22.770
  13.607   34.834   22.016
  13.711   34.546   27.558
  14.693   33.800   28.252
  13.724   35.885   21.468
  12.661   34.434   21.412
  14.403   34.276   21.371
  15.640   34.200   28.856
  14.576   32.748   28.800
  14.301   34.063   28.874
  30.386   19.163   42.239
  30.869   19.707   43.376
  31.157   18.924   44.518
  31.659   19.488   45.697
  31.890   20.856   45.776
  29.902   18.619   41.102
  29.614   19.402   39.959
  32.954   20.520   46.197
  31.273   20.771   46.791
  32.089   22.002   45.855
  30.231   19.487   38.943
  28.551   19.738   39.538
  29.407   18.708   39.667
  15.820   36.037   34.734
  16.504   37.140   35.106
  15.864   38.384   35.315
  16.574   39.528   35.700
  17.948   39.468   35.890
  15.136   34.934   34.362
  15.776   33.689   34.153
  17.698   40.010   36.922
  17.956   40.433   35.191
  19.103   39.432   36.054
  15.768   32.724   34.852
  16.027   33.147   33.122
  15.047   33.462   33.989
  33.702   15.003   35.134
  34.660   14.063   34.988
  34.353   12.684   34.915
  35.347   11.709   34.764
  36.683   12.080   34.681
  32.744   15.943   35.279
  33.051   17.322   35.353
  36.686   11.369   33.724
  36.833   11.241   35.514
  37.809   12.377   34.610
  32.902   18.161   34.520
  33.048   18.033   36.309
  32.275   17.382   35.420
  36.328   15.787   43.561
  36.364   17.136   43.536
  37.525   17.862   43.894
  37.563   19.261   43.867
  36.441   19.985   43.482
  36.291   14.438   43.587
  35.130   13.712   43.229
  37.212   20.551   42.770
  36.654   20.598   44.481
  35.507   20.604   43.160
  34.918   13.099   42.229
  34.360   13.146   43.940
  35.589   13.102   43.395
  14.129   29.154   20.987
  15.044   30.147   20.994
  16.435   29.886   20.986
  17.383   30.916   20.994
  16.975   32.243   21.010
  13.215   28.161   20.979
  11.824   28.423   20.987
  17.746   32.356   20.108
  17.753   32.336   21.908
  16.646   33.362   21.024
  11.046   28.330   20.089
  11.053   28.310   21.889
  11.785   27.643   20.979
  25.216    4.297   12.215
  25.365    3.252   13.056
  24.262    2.644   13.701
  24.416    1.560   14.573
  25.680    1.045   14.832
  25.067    5.342   11.374
  26.171    5.950   10.729
  25.162    0.000   14.588
  25.343    1.138   15.971
  26.735    0.603   15.058
  26.508    5.856    9.590
  26.689    6.995   10.973
  25.610    6.403   10.429
   4.875   20.593   19.691
   3.846   21.295   20.212
   2.730   20.660   20.806
   1.663   21.388   21.346
   1.674   22.777   21.312
   5.904   19.892   19.170
   7.020   20.527   18.576
   1.405   22.678   22.469
   0.575   22.646   20.872
   1.671   23.943   21.291
   8.120   20.658   19.016
   7.289   20.626   17.419
   7.251   19.788   18.471
  33.721   24.869   45.212
  33.718   25.570   46.366
  34.774   26.445   46.716
  34.770   27.171   47.912
  33.710   27.049   48.802
  33.725   24.168   44.059
  32.669   23.293   43.709
  33.725   28.241   48.780
  34.574   26.886   49.606
  32.827   26.957   49.558
  31.805   23.457   42.905
  32.654   22.102   43.731
  33.111   23.184   43.075
   4.146   41.906   47.379
   5.347   41.394   47.038
   6.101   41.905   45.955
   7.347   41.374   45.601
   7.883   40.311   46.318
   2.944   42.419   47.720
   2.190   41.907   48.803
   8.859   40.996   46.350
   8.048   39.835   45.238
   8.346   39.420   46.911
   2.026   42.383   49.883
   1.215   41.223   48.770
   1.692   42.467   48.582
  23.129   10.890   31.406
  21.932   10.273   31.495
  21.207   10.214   32.710
  19.966    9.575   32.803
  19.404    8.970   31.685
  24.327   11.506   31.316
  25.051   11.565   30.102
  18.434    9.586   32.000
  19.260    8.043   32.420
  18.921    8.459   30.755
  25.195   12.492   29.367
  26.021   10.949   29.786
  25.559   11.957   30.547
  46.756   41.328   38.718
  45.560   41.899   38.975
  44.575   42.061   37.972
  43.334   42.653   38.239
  43.035   43.104   39.518
  47.952   40.758   38.461
  48.937   40.596   39.464
  42.028   42.486   39.360
  42.711   44.100   38.950
  42.770   43.487   40.587
  49.261   39.599   40.031
  49.943   41.214   39.622
  49.335   40.277   38.872
  43.601   36.129   31.082
  44.006   37.415   31.152
  45.375   37.768   31.209
  45.794   39.102   31.282
  44.860   40.129   31.301
  43.196   34.843   31.012
  41.827   34.489   30.956
  45.543   40.591   30.441
  45.490   40.510   32.238
  44.086   41.002   31.318
  41.197   34.109   30.018
  41.144   34.027   31.816
  42.124   33.767   30.931
   3.261   37.095    7.189
   3.225   38.437    7.046
   3.955   39.302    7.896
   3.918   40.693    7.747
   3.150   41.270    6.743
   3.297   35.753    7.332
   2.568   34.888    6.482
   4.149   41.875    6.506
   2.744   41.957    7.628
   2.510   41.767    5.905
   2.974   34.201    5.597
   1.569   34.283    6.719
   2.896   34.342    6.933
  22.279   13.988   25.956
  23.334   13.252   25.545
  24.141   13.643   24.451
  25.234   12.880   24.025
  25.560   11.698   24.679
  21.225   14.724   26.366
  20.418   14.333   27.461
  26.658   12.161   24.694
  25.584   11.247   23.576
  25.845   10.704   25.219
  20.394   14.785   28.564
  19.320   13.870   27.446
  20.041   14.994   27.282
  19.670   29.561   35.070
  19.490   30.596   34.222
  20.517   31.046   33.359
  20.329   32.119   32.479
  19.108   32.780   32.432
  19.851   28.527   35.918
  18.824   28.076   36.781
  19.214   32.618   31.256
  19.782   33.759   32.527
  18.089   33.344   32.382
  18.151   27.098   36.686
  18.719   28.239   37.957
  19.374   27.565   36.995
   6.396   47.527   20.487
   5.345   47.706   19.659
   5.323   48.733   18.685
   4.233   48.919   17.827
   3.125   48.085   17.911
   7.447   47.347   21.315
   7.468   46.321   22.288
   3.268   47.992   16.732
   2.518   49.110   17.927
   2.189   47.392   17.972
   8.076   45.296   22.273
   7.326   46.413   23.468
   8.170   46.627   22.442
  27.078   13.599   29.628
  27.949   13.135   28.707
  27.844   13.474   27.337
  28.747   12.993   26.382
  29.788   12.155   26.762
  26.207   14.063   30.550
  26.313   13.723   31.919
  30.456   12.914   26.133
  29.402   11.481   25.858
  30.666   11.451   27.068
  26.698   14.397   32.823
  25.644   12.964   32.549
  25.680   14.178   31.971
  22.580   34.765    7.812
  22.472   36.093    8.030
  22.996   37.046    7.125
  22.883   38.423    7.351
  22.243   38.896    8.489
  22.689   33.437    7.595
  22.165   32.483    8.500
  21.655   39.585    7.715
  23.221   39.567    8.602
  21.709   39.306    9.441
  21.187   31.812    8.387
  22.753   31.794    9.274
  22.457   31.983    7.975
   2.210   45.488   47.786
   2.680   46.680   48.210
   2.574   47.091   49.560
   3.062   48.327   50.000
   3.674   49.197   49.106
   1.739   44.296   47.361
   1.846   43.885   46.011
   4.527   49.244   49.937
   2.933   50.000   49.581
   4.190   49.936   48.366
   2.587   43.082   45.537
   0.993   43.839   45.180
   1.483   43.251   46.287
  33.331    5.934   49.047
  33.544    7.097   48.396
  34.636    7.942   48.708
  34.857    9.148   48.033
  33.994    9.553   47.022
  33.117    4.770   49.698
  32.026    3.926   49.387
  35.001    9.721   46.407
  33.988   10.584   47.618
  33.278    9.904   46.171
  32.032    2.894   48.790
  31.018    3.758   50.001
  32.336    3.492   49.956
  13.843   15.775   32.574
  14.525   16.680   33.308
  13.908   17.428   34.338
  14.616   18.367   35.099
  15.965   18.591   34.856
  13.161   14.870   31.840
  13.778   14.122   30.810
  16.066   18.453   36.036
  15.640   19.737   34.848
  17.098   18.788   34.663
  14.103   12.975   30.818
  13.677   14.259   29.630
  13.060   13.822   30.743
   6.541   13.687   23.395
   7.533   14.589   23.237
   8.251   14.709   22.023
   9.280   15.644   21.858
   9.628   16.492   22.902
   5.549   12.786   23.554
   4.832   12.666   24.768
   9.541   17.340   22.069
  10.736   16.128   22.655
   9.931   17.210   23.769
   3.724   13.030   25.014
   4.919   11.818   25.601
   4.460   12.106   24.369
  21.805   13.453    6.384
  22.268   12.754    7.442
  23.446   13.129    8.132
  23.927   12.405    9.229
  23.247   11.278    9.676
  21.341   14.151    5.327
  20.164   13.776    4.637
  23.348   11.800   10.742
  24.325   10.772    9.634
  22.687   10.331   10.061
  19.086   14.282    4.679
  20.063   13.254    3.571
  20.341   14.405    4.209
  22.694    7.674   23.229
  21.346    7.645   23.291
  20.601    8.671   23.920
  19.203    8.641   23.984
  18.500    7.583   23.422
  24.042    7.704   23.167
  24.787    6.677   22.539
  17.857    8.449   22.916
  17.948    7.559   24.478
  17.897    6.701   22.954
  25.339    6.701   21.483
  25.430    5.811   23.045
  25.388    7.125   22.759
   5.891   38.176    5.800
   6.045   39.081    6.790
   5.836   40.465    6.579
   5.995   41.403    7.606
   6.369   40.992    8.879
   5.738   37.270    4.810
   5.946   35.887    5.021
   5.448   41.665    9.225
   7.181   41.858    8.779
   6.682   40.661    9.952
   5.134   35.020    5.121
   6.867   35.214    4.674
   5.756   35.851    4.264
  46.837   17.437   24.156
  45.884   18.388   24.054
  44.509   18.065   23.974
  43.520   19.051   23.868
  43.872   20.395   23.837
  47.790   16.487   24.259
  49.166   16.809   24.339
  43.036   20.499   24.679
  43.157   20.426   22.885
  44.154   21.526   23.811
  49.882   16.777   25.291
  50.003   16.705   23.497
  49.237   16.032   24.375
  41.808    5.239   14.125
  42.819    6.126   14.237
  44.145    5.719   14.519
  45.194    6.638   14.636
  44.955    7.997   14.475
  40.796    4.353   14.012
  39.470    4.760   13.730
  45.888    7.941   13.735
  45.559    8.092   15.498
  44.769    9.141   14.343
  38.866    4.665   12.707
  38.538    4.815   14.471
  39.338    3.991   13.771
   9.533   39.290   31.742
  10.749   38.703   31.737
  10.917   37.323   32.000
  12.178   36.714   31.996
  13.316   37.465   31.728
   8.317   39.876   31.747
   8.150   41.256   31.483
  13.556   36.587   30.959
  13.734   36.943   32.714
  14.280   38.083   31.504
   7.731   41.778   30.497
   7.910   42.135   32.253
   7.398   41.078   31.596
   4.295    8.757   41.737
   4.761    7.738   40.983
   6.040    7.776   40.379
   6.523    6.719   39.597
   5.743    5.588   39.391
   3.830    9.775   42.491
   2.551    9.738   43.094
   6.732    5.007   39.712
   6.018    5.767   38.245
   5.099    4.633   39.210
   2.276    9.560   44.240
   1.562   10.320   42.773
   2.769   10.442   43.353
   1.793    7.787   45.449
   2.549    7.052   44.606
   2.284    5.684   44.358
   3.068    4.923   43.483
   4.145    5.502   42.825
   1.037    8.521   46.292
   1.302    9.889   46.540
   3.656    5.004   41.859
   4.736    4.547   43.225
   5.053    5.975   42.266
   0.711   10.843   46.140
   1.791   10.387   47.505
   0.680    9.815   47.007
  30.858   43.818   16.961
  29.804   43.141   17.465
  29.966   42.075   18.381
  28.874   41.373   18.904
  27.580   41.711   18.528
  31.912   44.495   16.457
  31.749   45.561   15.541
  27.377   41.705   19.702
  27.470   40.541   18.332
  26.488   41.985   18.221
  31.860   46.731   15.737
  31.953   45.568   14.367
  32.529   45.575   15.582
   5.158   44.000   10.148
   5.623   43.575   11.342
   6.746   42.720   11.448
   7.227   42.279   12.687
   6.604   42.677   13.862
   4.693   44.426    8.954
   3.570   45.280    8.847
   7.712   42.948   14.206
   6.629   41.513   14.116
   6.090   43.003   14.857
   3.545   46.444    8.593
   2.462   45.009    8.504
   3.724   45.212    8.084
  23.173   21.677    4.854
  23.272   21.677    3.508
  24.434   21.221    2.841
  24.537   21.221    1.445
  23.481   21.678    0.666
  23.074   21.676    6.201
  21.912   22.133    6.867
  23.645   20.656    0.076
  24.328   22.320    0.127
  22.603   22.059   -0.001
  21.065   21.491    7.406
  21.748   23.155    7.457
  22.329   21.942    7.500
  40.310    2.449   15.878
  39.382    3.423   15.997
  37.998    3.136   16.059
  37.035    4.146   16.182
  37.423    5.478   16.248
  41.237    1.476   15.760
  42.622    1.762   15.698
  36.702    5.506   17.196
  36.597    5.625   15.403
  37.735    6.600   16.304
  43.448    1.615   16.543
  43.344    1.734   14.750
  42.672    0.985   15.643
  11.690   33.609   13.494
  12.989   33.562   13.861
  13.818   34.708   13.831
  15.165   34.660   14.211
  15.729   33.463   14.636
  10.392   33.655   13.126
   9.562   32.509   13.157
  16.118   34.122   15.550
  16.584   33.740   13.854
  16.216   32.466   14.995
   8.707   32.233   13.939
   9.173   31.851   12.243
   9.031   33.018   12.896
   6.076   20.419   35.683
   5.130   21.375   35.577
   4.907   22.326   36.601
   3.925   23.319   36.490
   3.132   23.395   35.352
   7.023   19.462   35.789
   7.246   18.511   34.765
   3.438   24.547   35.375
   2.237   23.444   36.138
   2.459   23.471   34.403
   8.141   18.463   33.980
   6.941   17.359   34.743
   7.793   18.260   35.264
   4.722   13.823   16.206
   3.437   14.132   15.931
   2.355   13.451   16.538
   1.023   13.772   16.253
   0.724   14.785   15.350
   6.007   13.514   16.482
   7.089   14.194   15.874
   0.000   15.166   16.216
  -0.000   13.968   14.872
   0.460   15.632   14.594
   7.814   15.011   16.352
   7.813   13.813   15.008
   7.507   13.702   16.313
  47.313    5.781   10.991
  47.788    4.532   11.186
  49.167    4.230   11.084
  49.660    2.935   11.286
  48.791    1.896   11.598
  46.838    7.029   10.796
  45.460    7.332   10.898
  49.570    1.681   12.474
  49.363    1.328   10.721
  48.073    1.015   11.860
  44.888    7.900   11.776
  44.680    7.547   10.023
  45.713    8.049   10.724
  33.888   46.801   16.802
  34.744   45.899   16.275
  34.396   44.536   16.121
  35.282   43.601   15.575
  36.549   43.995   15.162
  33.033   47.702   17.330
  33.381   49.065   17.483
  36.264   43.410   14.164
  36.908   43.060   15.808
  37.615   44.313   14.812
  33.022   50.000   16.838
  33.666   49.650   18.482
  32.658   49.107   17.776
  31.089    3.861    5.381
  30.818    3.133    6.486
  30.031    1.958    6.436
  29.749    1.204    7.581
  30.245    1.598    8.818
  31.360    4.588    4.277
  32.147    5.763    4.327
  30.601    0.463    8.891
  29.118    1.444    9.173
  30.655    1.917    9.862
  33.274    5.917    3.972
  31.792    6.898    4.254
  32.003    5.765    3.560
  22.882    3.301    2.150
  21.818    2.514    2.414
  21.858    1.111    2.233
  20.754    0.295    2.507
  19.569    0.853    2.972
  23.947    4.087    1.886
  23.907    5.490    2.067
  19.645   -0.000    3.800
  19.074    0.203    2.105
  18.569    1.309    3.363
  24.402    6.141    2.934
  23.831    6.343    1.239
  24.643    5.437    1.813
  25.391   41.248   24.987
  25.474   42.200   25.941
  25.610   43.572   25.622
  25.696   44.559   26.611
  25.649   44.209   27.954
  25.308   40.296   24.033
  25.172   38.924   24.352
  24.828   45.070   28.016
  26.619   44.897   28.033
  25.612   43.929   29.086
  24.202   38.236   24.274
  25.994   38.063   24.291
  25.173   38.853   23.575
  43.657   45.442   46.090
  43.361   46.364   45.149
  44.345   46.888   44.277
  44.038   47.844   43.302
  42.736   48.310   43.163
  43.953   44.520   47.031
  42.969   43.996   47.903
  42.911   48.067   42.009
  43.256   49.382   43.189
  41.648   48.709   43.036
  42.450   42.924   47.876
  42.795   44.239   49.056
  43.579   43.591   48.175
  21.961   38.670   22.992
  21.937   39.724   23.836
  22.265   39.594   25.207
  22.240   40.687   26.082
  21.887   41.948   25.617
  21.984   37.617   22.149
  21.657   37.746   20.778
  22.882   42.290   26.178
  21.156   41.947   26.558
  21.593   43.012   25.241
  22.388   37.747   19.837
  20.662   37.404   20.217
  21.809   36.980   20.779
   5.493    7.780   28.854
   4.195    8.140   28.950
   3.152    7.328   28.444
   1.806    7.702   28.544
   1.456    8.901   29.153
   6.790    7.420   28.757
   7.833    8.231   29.263
   0.687    8.219   29.757
   0.803    9.059   28.169
   1.148    9.904   29.662
   8.486    8.072   30.247
   8.602    8.913   28.659
   8.276    7.650   28.987
  40.087   42.807    5.074
  40.108   43.395    3.859
  41.007   42.988    2.844
  41.029   43.598    1.584
  40.152   44.635    1.293
  40.067   42.219    6.289
  39.167   42.625    7.303
  39.926   43.996    0.314
  41.137   45.187    0.910
  39.422   45.507    1.036
  38.183   42.074    7.686
  39.394   43.265    8.283
  39.528   42.059    7.702
  14.116   43.585   36.882
  13.620   43.786   38.122
  12.900   44.956   38.460
  12.386   45.165   39.746
  12.574   44.212   40.738
  14.611   43.383   35.643
  15.332   42.213   35.304
  11.400   44.339   40.902
  12.936   45.145   41.385
  12.724   43.420   41.581
  14.970   41.280   34.658
  16.505   42.086   35.141
  15.367   42.565   34.608
  38.463   11.728   25.524
  37.618   10.758   25.113
  38.083    9.545   24.553
  37.207    8.539   24.128
  35.833    8.712   24.247
  39.308   12.697   25.934
  38.843   13.910   26.494
  35.872    7.631   24.746
  35.823    8.369   23.105
  34.679    8.843   24.341
  38.853   14.253   27.635
  38.804   14.991   25.994
  39.608   14.060   26.538
  23.819   29.083   14.807
  25.013   29.587   14.431
  25.598   30.698   15.085
  26.837   31.221   14.695
  27.535   30.652   13.637
  22.624   28.579   15.182
  22.040   27.468   14.529
  28.448   30.666   14.403
  27.618   31.778   13.256
  28.132   30.184   12.751
  21.957   26.342   14.909
  21.127   27.454   13.763
  21.476   27.590   15.055
  16.513   21.692   13.284
  16.285   20.589   12.540
  16.488   20.574   11.139
  16.251   19.430   10.368
  15.804   18.260   10.969
  16.741   22.795   14.028
  16.538   22.810   15.428
  16.692   17.758   10.353
  14.988   18.280   10.101
  15.428   17.271   11.461
  17.354   22.790   16.296
  15.650   23.312   16.044
  16.776   23.549   15.348
  38.549   24.581   29.224
  38.979   23.559   29.994
  40.071   23.699   30.884
  40.517   22.639   31.682
  39.888   21.402   31.619
  38.118   25.603   28.454
  37.027   25.464   27.564
  39.870   21.496   32.807
  41.000   20.988   31.501
  39.369   20.358   31.577
  35.915   25.877   27.683
  37.045   25.369   26.377
  37.191   26.213   27.415
  24.596   23.602   11.353
  25.450   24.526   11.840
  26.835   24.494   11.551
  27.721   25.452   12.057
  27.254   26.478   12.870
  23.741   22.677   10.865
  22.356   22.709   11.154
  27.873   27.174   12.126
  28.153   26.149   13.580
  26.875   27.344   13.553
  21.458   23.038   10.444
  21.737   22.014   11.898
  22.356   22.071   10.705
  47.108   27.279   21.222
  45.767   27.217   21.365
  44.990   28.363   21.654
  43.599   28.298   21.803
  42.937   27.085   21.669
  48.449   27.342   21.078
  49.227   26.195   20.789
  42.226   27.702   20.939
  42.429   27.396   22.701
  42.368   26.073   21.558
  49.735   25.884   19.757
  49.938   25.577   21.519
  49.809   26.715   20.812
  27.792   26.160    7.839
  28.429   27.065    7.065
  27.846   28.310    6.732
  28.506   29.248    5.930
  29.774   28.974    5.432
  27.155   25.256    8.613
  27.739   24.010    8.946
  30.035   30.055    5.862
  29.299   29.317    4.394
  30.838   28.757    5.007
  28.214   23.668    9.983
  27.478   22.930    8.515
  27.065   23.918    9.330
  44.321    9.098   29.027
  43.828    7.986   28.443
  44.214    6.688   28.854
  43.702    5.534   28.247
  42.786    5.638   27.208
  44.815   10.210   29.612
  44.428   11.508   29.201
  42.166    4.847   27.850
  43.517    4.873   26.661
  42.016    5.710   26.335
  43.697   12.273   29.749
  45.048   12.298   28.560
  44.923   11.719   29.767
  12.844   32.012    8.370
  12.997   31.427    7.163
  13.506   32.132    6.047
  13.664   31.525    4.795
  13.320   30.191    4.615
  12.691   32.597    9.577
  12.181   31.893   10.693
  14.400   30.113    4.119
  12.729   30.607    3.668
  13.034   29.072    4.451
  12.772   31.477   11.641
  11.101   31.970   11.190
  12.290   32.582   11.044
  34.939   16.432   36.404
  35.799   17.130   35.633
  37.010   16.569   35.163
  37.903   17.294   34.364
  37.615   18.605   34.005
  34.078   15.733   37.175
  32.867   16.294   37.644
  37.881   18.226   32.907
  38.726   18.814   34.384
  37.386   19.706   33.697
  31.757   16.084   37.266
  32.601   16.673   38.742
  32.790   15.588   37.969
  31.287   31.054   20.964
  30.075   31.381   21.463
  29.205   30.411   22.014
  27.949   30.749   22.531
  27.519   32.070   22.516
  32.498   30.728   20.465
  33.368   31.698   19.914
  27.267   31.865   23.663
  26.529   31.606   22.042
  27.145   33.175   22.510
  34.358   32.162   20.389
  33.620   31.903   18.768
  33.824   31.073   19.806
  29.014   25.129   18.943
  29.761   26.007   19.646
  31.175   25.941   19.665
  31.950   26.851   20.394
  31.339   27.859   21.130
  28.267   24.252   18.240
  26.853   24.317   18.220
  32.122   28.562   20.571
  32.052   27.475   22.004
  30.839   28.710   21.751
  26.140   24.701   17.346
  26.070   23.614   18.779
  26.937   23.697   17.753
  33.845   19.699   22.948
  35.193   19.699   23.022
  35.952   18.515   22.874
  37.350   18.515   22.950
  38.039   19.700   23.176
  32.497   19.699   22.875
  31.738   20.884   23.023
  38.691   19.348   22.243
  38.594   19.064   24.018
  38.629   20.687   23.366
  31.183   21.520   22.182
  31.086   21.236   23.957
  31.143   20.391   22.912
  29.496   30.370   40.755
  28.793   29.219   40.824
  27.378   29.201   40.778
  26.649   28.008   40.850
  27.308   26.791   40.969
  30.199   31.520   40.686
  31.614   31.538   40.732
  26.599   26.467   40.068
  26.539   26.611   41.861
  27.848   25.763   41.070
  32.383   31.719   39.840
  32.323   31.862   41.633
  31.500   32.308   40.666
   3.911   40.969   13.430
   4.511   42.177   13.404
   3.770   43.383   13.406
   4.392   44.637   13.378
   5.778   44.729   13.347
   3.310   39.760   13.457
   4.051   38.554   13.455
   5.617   45.500   14.242
   5.578   45.479   12.443
   6.941   44.822   13.321
   4.251   37.805   14.359
   4.213   37.784   12.560
   3.337   38.239   13.474
  20.548    9.532   21.668
  21.367   10.603   21.596
  21.302   11.662   22.533
  22.151   12.772   22.457
  23.095   12.864   21.442
  19.730    8.461   21.741
  19.794    7.403   20.804
  23.842   13.110   22.337
  22.642   13.957   21.297
  23.892   12.954   20.596
  20.247    6.310   20.949
  19.047    7.157   19.909
  19.214    7.120   21.243
  34.859   17.626    3.557
  35.529   18.693    3.072
  36.837   18.580    2.543
  37.531   19.687    2.039
  36.943   20.945    2.047
  34.190   16.559    4.043
  32.882   16.672    4.572
  37.287   20.970    0.906
  37.975   21.281    2.540
  36.461   22.007    2.048
  31.850   16.336    4.079
  32.539   16.647    5.713
  32.974   15.904    4.680
  22.201   10.219   46.297
  23.550   10.230   46.233
  24.292   11.434   46.247
  25.690   11.445   46.181
  26.396   10.251   46.099
  20.853   10.209   46.361
  20.110    9.004   46.348
  27.036   10.719   46.989
  26.950   10.792   45.192
  27.001    9.257   46.029
  19.557    8.464   47.254
  19.471    8.537   45.458
  19.508    9.499   46.397
  24.940   25.475   19.881
  25.896   26.427   19.824
  25.580   27.805   19.764
  26.572   28.791   19.705
  27.915   28.435   19.704
  23.983   24.524   19.937
  24.299   23.146   19.997
  27.999   29.253   20.566
  27.975   29.170   18.768
  29.045   28.150   19.702
  24.239   22.411   20.933
  24.215   22.327   19.135
  23.521   23.077   20.011
  20.785   40.274   45.720
  20.510   38.955   45.639
  19.518   38.448   44.767
  19.232   37.080   44.683
  19.929   36.170   45.469
  21.060   41.593   45.800
  22.053   42.101   46.672
  20.073   35.589   44.439
  18.840   35.767   45.738
  20.506   35.396   46.123
  23.141   42.504   46.403
  21.908   42.682   47.703
  21.825   42.781   46.363
  46.714   32.370   24.902
  46.581   31.389   25.820
  47.649   30.521   26.149
  47.512   29.503   27.101
  46.302   29.319   27.758
  46.847   33.351   23.984
  45.779   34.220   23.655
  46.982   29.316   28.736
  46.454   28.179   27.445
  45.292   29.152   28.317
  45.626   35.359   23.968
  45.099   34.222   22.677
  46.314   34.521   23.171
  19.067   11.399   43.892
  19.727   11.677   45.036
  19.085   11.656   46.296
  19.771   11.945   47.483
  21.122   12.264   47.450
  18.406   11.121   42.748
  19.048   11.142   41.487
  21.204   11.444   48.311
  20.788   13.185   48.128
  22.257   12.533   47.438
  19.382   10.220   40.809
  18.967   11.962   40.626
  18.334   10.945   41.239
   8.104    4.811   37.816
   8.415    6.105   38.042
   9.755    6.554   38.107
  10.077    7.896   38.342
   9.071    8.837   38.518
   7.793    3.517   37.590
   6.453    3.068   37.525
   9.687    9.457   37.708
   9.705    9.143   39.480
   8.236    9.637   38.669
   5.819    2.762   36.563
   5.837    2.448   38.335
   6.801    2.380   37.399
  47.385    2.144   16.909
  46.998    3.300   17.489
  46.659    3.374   18.861
  46.258    4.573   19.463
  46.180    5.740   18.714
  47.773    0.988   16.329
  48.111    0.914   14.957
  46.814    6.203   19.610
  45.099    5.831   19.207
  46.111    6.727   18.097
  49.192    0.823   14.464
  47.478    0.451   14.061
  48.232    0.164   15.137
   2.178   13.693    4.355
   2.195   12.830    3.318
   2.999   11.665    3.325
   3.016   10.769    2.249
   2.231   11.006    1.128
   2.161   14.557    5.392
   1.357   15.722    5.385
   1.895    9.873    1.285
   3.244   10.800    0.535
   1.576   11.192    0.181
   0.344   15.928    5.978
   1.692   16.854    5.229
   1.680   15.821    6.089
  39.232   20.604   20.520
  39.024   19.688   19.550
  39.226   18.305   19.769
  39.011   17.355   18.762
  38.587   17.756   17.501
  39.439   21.520   21.490
  39.237   22.903   21.271
  37.769   16.901   17.648
  39.484   17.067   17.124
  38.231   18.078   16.439
  38.341   23.591   21.648
  40.055   23.758   21.125
  39.461   22.946   22.018
  33.009   14.326   29.548
  34.099   13.587   29.845
  35.294   14.173   30.324
  36.425   13.406   30.632
  36.400   12.026   30.472
  31.919   15.065   29.251
  30.723   14.479   28.772
  36.837   12.020   31.581
  37.423   12.206   29.889
  36.392   10.867   30.342
  29.699   14.300   29.355
  30.286   14.485   27.663
  30.485   15.223   28.771
  46.967    7.163    8.344
  46.799    5.926    8.857
  45.528    5.443    9.249
  45.354    4.160    9.781
  46.444    3.314    9.941
  47.135    8.400    7.830
  48.406    8.884    7.439
  45.748    2.523    9.385
  46.010    3.176   11.042
  47.351    2.594   10.081
  48.841    9.022    6.338
  49.103    9.674    7.995
  47.990    9.518    7.255
   8.742   27.982   26.915
   7.859   28.935   27.281
   8.261   30.112   27.955
   7.345   31.100   28.334
   5.993   30.946   28.053
   9.626   27.029   26.549
   9.223   25.852   25.875
   6.090   32.052   27.620
   5.855   31.227   29.202
   4.856   30.830   27.823
   9.361   25.571   24.725
   9.126   24.745   26.308
   9.988   25.698   25.909
  36.632   31.135    7.867
  37.250   30.380    8.801
  36.666   29.197    9.314
  37.306   28.413   10.282
  38.552   28.785   10.771
  36.015   31.890    6.934
  36.599   33.073    6.421
  38.839   27.653   10.533
  38.043   28.610   11.834
  39.598   29.085   11.190
  37.108   33.248    5.358
  36.312   34.205    6.658
  35.938   33.091    6.004
   1.605   24.406    2.183
   2.527   25.377    2.356
   2.181   26.749    2.348
   3.137   27.756    2.528
   4.473   27.427    2.722
   0.683   23.435    2.010
   1.029   22.063    2.018
   4.388   28.176    3.644
   4.661   28.234    1.866
   5.597   27.165    2.886
   0.840   21.255    2.874
   1.113   21.313    1.096
   0.262   21.978    1.898
  10.229   28.517   44.907
  11.500   28.737   45.303
  12.309   27.705   45.835
  13.628   27.933   46.245
  14.185   29.202   46.139
   8.957   28.297   44.510
   8.148   29.329   43.978
  15.085   28.621   45.617
  14.501   29.016   47.273
  14.665   30.261   46.055
   7.832   29.514   42.844
   7.248   29.910   44.500
   7.626   28.750   43.932
  39.693    6.677   21.057
  38.419    6.360   20.739
  38.005    5.021   20.548
  36.685    4.692   20.219
  35.731    5.692   20.069
  40.966    6.994   21.375
  41.380    8.334   21.566
  35.085    5.004   20.796
  35.490    5.128   19.047
  34.921    6.521   19.940
  41.621    8.897   22.588
  42.027    9.021   20.839
  42.068    7.989   21.701
  11.501   21.459   38.517
  12.773   21.218   38.901
  13.867   21.393   38.021
  15.186   21.143   38.419
  15.457   20.709   39.711
  10.229   21.700   38.133
   9.134   21.524   39.012
  16.264   21.586   39.697
  16.104   19.876   39.156
  15.699   20.345   40.792
   8.488   22.357   39.567
   8.327   20.648   39.026
   8.731   21.760   38.386
  46.956   13.572   45.641
  46.587   12.487   46.355
  47.279   12.087   47.523
  46.896   10.962   48.263
  45.809   10.196   47.861
  47.324   14.657   44.927
  46.633   15.057   43.760
  45.473   10.312   48.999
  46.564    9.285   48.001
  44.898    9.545   47.535
  45.877   15.968   43.620
  46.968   14.942   42.622
  47.170   15.624   43.764
  39.968   38.399   46.165
  40.983   38.950   45.467
  42.068   38.179   44.986
  43.121   38.750   44.262
  43.127   40.113   43.992
  38.953   37.848   46.864
  37.867   38.619   47.344
  43.349   39.758   42.876
  44.242   40.059   44.410
  43.144   41.255   43.758
  36.753   38.673   46.926
  37.645   38.974   48.460
  37.633   37.926   47.616
  23.924   36.652   21.769
  24.151   37.829   21.150
  23.804   39.067   21.741
  24.039   40.288   21.099
  24.631   40.316   19.842
  23.697   35.474   22.389
  24.045   34.236   21.798
  25.347   41.127   20.340
  23.721   41.037   19.573
  25.126   40.353   18.787
  24.955   33.515   22.067
  23.329   33.424   21.299
  23.747   33.956   22.463
  30.153   21.639   11.778
  30.814   22.501   12.578
  32.226   22.503   12.674
  32.912   23.398   13.504
  32.211   24.322   14.268
  29.491   20.776   10.977
  28.079   20.774   10.881
  32.985   25.100   13.803
  32.895   23.914   15.155
  31.634   25.103   14.915
  27.395   21.182    9.995
  27.305   19.997   11.346
  28.221   20.192   10.380
  36.400   18.023   10.164
  36.665   19.345   10.236
  37.983   19.839   10.377
  38.258   21.210   10.452
  37.224   22.135   10.387
  36.135   16.701   10.092
  34.817   16.207    9.950
  37.914   22.655    9.566
  37.745   22.591   11.357
  36.365   22.923   10.334
  34.296   15.751    8.980
  34.127   15.688   10.771
  35.187   15.520    9.961
   3.646    6.334   37.585
   3.265    5.140   38.086
   2.938    4.969   39.452
   2.543    3.730   39.971
   2.461    2.618   39.143
   4.027    7.529   37.084
   4.353    7.699   35.718
   1.385    2.490   39.638
   3.103    2.094   39.999
   2.388    1.676   38.459
   3.712    8.223   34.862
   5.430    7.827   35.223
   4.475    8.436   35.949
   1.766    4.091   31.148
   1.872    5.389   31.503
   2.342    6.376   30.606
   2.451    7.723   30.974
   2.094    8.129   32.254
   1.661    2.793   30.792
   1.191    1.805   31.690
   1.470    8.963   31.674
   3.155    8.672   32.237
   1.797    8.484   33.324
   0.130    1.262   31.707
   1.815    0.972   32.270
   1.316    1.339   31.076
  27.257   33.840   33.395
  26.233   32.999   33.134
  24.916   33.466   32.914
  23.855   32.594   32.644
  24.073   31.224   32.584
  28.280   34.681   33.656
  29.598   34.213   33.876
  23.477   31.305   31.555
  23.136   31.173   33.318
  24.242   30.071   32.530
  30.535   34.264   33.142
  30.194   34.132   34.904
  29.740   34.977   33.961
  19.844    1.930   35.478
  19.785    3.039   34.712
  18.873    3.160   33.636
  18.812    4.311   32.841
  19.660    5.382   33.094
  19.903    0.820   36.245
  20.814    0.699   37.321
  18.656    6.022   33.040
  19.879    5.316   31.924
  20.366    6.288   33.295
  20.595    0.765   38.490
  21.818    0.059   37.374
  20.474   -0.001   37.390
  20.127   12.216   15.360
  19.468   13.330   14.974
  18.061   13.355   14.824
  17.379   14.510   14.425
  18.078   15.681   14.161
  20.785   11.102   15.745
  22.192   11.076   15.895
  17.265   16.175   14.877
  17.439   15.682   13.155
  18.653   16.670   13.936
  22.831   11.075   16.901
  23.005   10.582   15.178
  22.051   10.334   16.093
  19.882    9.894   29.231
  21.149    9.510   29.493
  22.265   10.156   28.908
  23.579    9.757   29.180
  23.825    8.699   30.046
  18.615   10.278   28.969
  17.499    9.632   29.554
  24.591    9.461   30.551
  24.529    8.313   29.166
  24.046    7.813   30.771
  16.795   10.019   30.434
  16.734    8.871   29.049
  17.107   10.161   29.133
  42.922   14.751   49.714
  43.486   15.957   49.488
  42.933   17.153   50.004
  43.518   18.403   49.770
  44.678   18.502   49.012
  42.358   13.546   49.940
  42.912   12.350   49.424
  45.063   19.164   49.925
  44.072   19.349   48.433
  45.651   18.599   48.377
  43.518   11.503   50.002
  42.527   11.688   48.511
  42.299   12.034   49.791
   8.241   26.965   41.860
   8.181   26.713   43.185
   6.951   26.657   43.882
   6.888   26.396   45.256
   8.054   26.183   45.982
   8.302   27.216   40.535
   9.532   27.272   39.837
   7.472   25.224   46.385
   7.584   26.988   46.725
   9.024   26.001   46.603
  10.001   26.467   39.095
  10.113   28.231   39.434
   9.060   27.418   39.232
   1.536   43.676    9.989
   1.374   44.946   10.417
   2.436   45.686   10.989
   2.268   47.003   11.434
   1.032   47.627   11.322
   1.697   42.407    9.560
   0.635   41.667    8.988
   1.667   48.510   10.836
   1.213   47.901   12.468
  -0.000   48.163   11.235
   0.454   41.393    7.842
  -0.000   40.784    9.474
   1.187   41.117    8.936
  23.465    6.885   25.192
  22.424    6.133   24.776
  21.220    6.045   25.514
  20.140    5.266   25.083
  20.225    4.547   23.898
  24.507    7.636   25.608
  25.710    7.724   24.869
  19.173    5.056   23.665
  19.830    3.645   24.568
  20.283    3.939   22.904
  26.105    8.627   24.198
  26.762    7.215   25.101
  25.913    8.195   25.458
   5.458   20.633   41.468
   6.066   21.834   41.562
   7.472   21.972   41.480
   8.103   23.218   41.578
   7.350   24.371   41.761
   4.850   19.431   41.374
   3.444   19.294   41.455
   8.004   24.785   40.855
   8.127   24.583   42.639
   6.730   25.347   41.915
   2.667   19.082   40.577
   2.791   18.879   42.362
   3.619   18.539   41.358
  23.491    5.831    9.800
  23.580    4.498    9.990
  22.719    3.808   10.877
  22.811    2.425   11.074
  23.767    1.682   10.392
  23.402    7.165    9.610
  24.262    7.855    8.723
  22.843    0.976   10.131
  24.012    1.246   11.473
  24.564    1.047    9.825
  24.018    8.292    7.642
  25.186    8.561    8.984
  23.844    8.469    8.964
   6.133   11.686   29.297
   6.188   11.077   28.094
   5.628    9.796   27.876
   5.685    9.163   26.628
   6.305    9.789   25.554
   6.078   12.296   30.500
   6.638   13.577   30.718
   5.301    9.507   24.978
   6.866    8.744   25.436
   6.823   10.303   24.644
   6.078   14.622   30.836
   7.643   13.859   31.295
   6.367   13.456   31.441
  26.236   32.490   29.825
  26.118   33.819   30.028
  25.816   34.715   28.975
  25.694   36.093   29.185
  25.870   36.626   30.456
  26.354   31.160   29.622
  26.656   30.265   30.675
  24.840   37.179   30.225
  26.598   37.385   29.896
  26.015   37.086   31.518
  25.929   29.506   31.235
  27.686   29.711   30.906
  26.610   29.739   30.099
  16.519   26.177    0.899
  16.325   27.513    0.899
  15.029   28.082    0.899
  14.827   29.467    0.899
  15.913   30.333    0.899
  16.714   24.841    0.899
  18.010   24.272    0.900
  15.332   30.855    1.799
  15.332   30.855   -0.001
  16.816   31.071    0.899
  18.591   23.751    1.800
  18.591   23.751   -0.000
  17.602   23.606    0.900
   2.038   17.914   34.719
   2.204   16.574   34.699
   3.487   15.977   34.715
   3.659   14.588   34.695
   2.555   13.746   34.659
   1.871   19.253   34.738
   0.588   19.850   34.722
   3.107   13.197   35.561
   3.143   13.227   33.761
   1.637   13.028   34.628
   0.000   20.369   35.620
   0.036   20.399   33.820
   1.010   20.507   34.742
  41.327    1.555   24.835
  42.666    1.389   24.891
  43.532    2.419   25.328
  44.920    2.247   25.386
  45.492    1.038   25.008
  39.989    1.721   24.780
  39.123    0.691   24.343
  46.066    1.134   26.048
  46.210    1.730   24.356
  45.985    0.029   24.694
  38.405   -0.001   24.995
  38.549    0.595   23.303
  38.579    1.233   24.488
   4.954   39.089   39.379
   5.561   37.915   39.105
   6.895   37.852   38.636
   7.524   36.634   38.351
   6.843   35.436   38.525
   4.346   40.263   39.654
   3.013   40.326   40.123
   7.824   35.115   39.120
   7.231   35.205   37.422
   6.282   34.423   38.666
   2.624   40.557   41.226
   2.032   40.647   39.529
   3.158   41.093   40.113
  41.696   21.413   10.567
  41.559   22.006    9.362
  40.290   22.259    8.791
  40.148   22.874    7.541
  41.270   23.258    6.818
  41.832   20.820   11.772
  43.102   20.566   12.344
  40.694   24.296    6.723
  40.731   22.683    5.924
  42.204   23.585    6.201
  43.641   21.141   13.238
  43.679   19.528   12.440
  42.665   20.271   12.920
  15.294   13.352   27.871
  15.611   13.311   29.183
  16.915   12.992   29.630
  17.244   12.950   30.990
  16.280   13.226   31.952
  14.977   13.392   26.560
  13.673   13.712   26.113
  17.113   13.956   32.391
  16.668   12.212   32.445
  15.481   13.455   32.770
  13.285   14.725   25.620
  12.840   12.982   25.674
  14.002   13.606   25.412
   4.211   36.777   16.593
   3.397   35.714   16.767
   2.031   35.748   16.397
   1.186   34.646   16.577
   1.677   33.472   17.134
   5.026   37.839   16.418
   6.391   37.806   16.788
   1.150   32.960   16.196
   0.720   33.559   17.838
   2.076   32.480   17.600
   7.349   37.719   16.084
   6.919   38.318   17.726
   6.373   38.538   16.516
  27.850    8.139   29.664
  27.941    6.793   29.648
  26.795    5.963   29.644
  26.890    4.566   29.628
  28.135    3.949   29.615
  27.758    9.486   29.680
  28.904   10.316   29.683
  27.672    3.327   28.710
  27.681    3.307   30.510
  29.173    3.419   29.604
  29.358   10.959   28.788
  29.367   10.938   30.588
  28.365   10.880   29.693
  21.387    1.811   48.778
  22.175    2.903   48.871
  23.586    2.809   48.907
  24.403    3.942   49.004
  23.837    5.210   49.068
  20.600    0.718   48.684
  19.188    0.812   48.648
  24.620    5.461   48.205
  24.566    5.346   50.001
  23.375    6.279   49.123
  18.459    0.676   47.716
  18.406    0.561   49.511
  19.244    0.034   48.600
  10.700   24.408   38.381
   9.403   24.065   38.525
   8.384   25.034   38.683
   7.038   24.677   38.832
   6.663   23.339   38.827
  11.998   24.752   38.238
  13.017   23.783   38.079
   5.855   23.703   38.031
   6.070   23.637   39.817
   6.335   22.220   38.825
  13.611   23.486   37.090
  13.826   23.420   38.876
  13.470   24.419   38.049
  23.284    5.594   16.538
  24.524    5.456   16.022
  24.740    5.210   14.645
  26.026    5.066   14.110
  27.141    5.163   14.933
  22.045    5.733   17.054
  21.828    5.978   18.431
  27.531    5.917   14.097
  27.460    4.144   14.402
  28.086    5.241   15.612
  21.510    6.997   18.962
  21.438    5.224   19.266
  21.080    5.970   18.206
   3.699   23.415   18.345
   3.440   24.728   18.524
   3.253   25.287   19.810
   2.984   26.649   19.996
   2.892   27.500   18.901
   3.958   22.103   18.166
   4.145   21.544   16.880
   3.642   28.179   19.531
   1.876   27.845   19.420
   2.812   28.225   17.992
   5.161   21.198   16.361
   3.395   20.864   16.250
   4.242   20.889   17.295
  20.364   35.985   31.020
  19.046   35.703   31.089
  18.082   36.691   31.400
  16.715   36.399   31.471
  16.262   35.107   31.234
  21.682   36.267   30.952
  22.646   35.278   30.640
  15.494   35.650   30.503
  15.667   35.268   32.253
  15.869   34.027   31.037
  23.241   35.118   29.621
  23.415   34.735   31.371
  23.136   35.881   30.724
  37.678   25.413   41.375
  36.860   26.340   41.918
  35.926   26.016   42.929
  35.078   26.978   43.492
  35.135   28.298   43.063
  38.495   24.486   40.833
  39.430   24.810   39.821
  35.190   28.538   44.229
  33.952   28.183   42.971
  35.172   29.409   42.712
  40.613   24.925   39.912
  39.375   24.569   38.655
  39.593   24.048   39.876
  12.934   39.476   40.208
  12.547   39.364   41.497
  11.850   38.229   41.975
  11.449   38.113   43.311
  11.730   39.129   44.217
  13.321   39.587   38.920
  14.018   40.722   38.442
  12.140   38.236   44.891
  10.574   39.028   44.490
  11.959   39.973   44.988
  15.174   40.823   38.169
  13.608   41.615   37.767
  13.990   40.325   37.770
  12.410   29.155   31.894
  13.094   28.542   32.883
  12.532   27.490   33.644
  13.243   26.854   34.669
  14.540   27.248   34.970
  11.725   29.768   30.905
  12.287   30.820   30.144
  14.771   26.081   34.906
  14.133   27.278   36.090
  15.630   27.569   35.233
  12.694   30.791   29.025
  12.056   31.988   30.208
  11.589   30.796   29.793
  38.365   26.977   47.591
  37.596   28.060   47.347
  36.406   27.979   46.587
  35.609   29.102   46.334
  35.975   30.346   46.832
  39.133   25.894   47.836
  40.323   25.975   48.596
  34.847   30.380   47.214
  35.784   30.706   45.712
  36.271   31.397   47.243
  40.515   25.615   49.716
  41.451   25.941   48.214
  40.346   25.209   48.444
  38.842    2.853   29.858
  39.623    3.877   30.261
  39.348    4.611   31.440
  40.158    5.673   31.859
  41.272    6.040   31.113
  38.061    1.828   29.454
  38.335    1.095   28.276
  41.830    5.991   32.165
  40.817    7.137   31.216
  42.209    6.358   30.497
  38.790   -0.002   28.173
  37.777    1.144   27.224
  37.693    0.708   28.494
  11.881   37.116   34.138
  11.949   35.769   34.087
  10.791   34.962   33.994
  10.862   33.565   33.941
  12.095   32.925   33.979
  11.812   38.463   34.189
  12.970   39.271   34.282
  11.673   32.338   33.032
  11.580   32.265   34.828
  13.123   32.375   34.010
  13.485   39.930   33.433
  13.392   39.857   35.229
  12.441   39.845   34.278
   6.566   32.916   48.777
   7.267   31.779   48.977
   6.827   30.529   48.481
   7.553   29.351   48.689
   8.746   29.380   49.401
   5.866   34.052   48.576
   6.306   35.302   49.073
   9.164   28.761   48.472
   8.259   28.473   50.001
   9.749   29.390   49.996
   6.793   36.209   48.472
   5.888   35.921   50.001
   5.649   35.549   48.730
  10.961    2.225   43.180
  11.224    3.113   44.162
  12.381    3.015   44.971
  12.653    3.936   45.990
  11.778    4.987   46.236
  10.698    1.337   42.197
   9.541    1.434   41.388
  12.769    5.649   46.197
  11.864    4.623   47.367
  11.053    5.874   46.453
   9.456    1.798   40.257
   8.551    0.772   41.427
   9.846    0.793   41.061
   8.834   18.873   37.118
   8.473   17.583   37.289
   8.982   16.797   38.350
   8.608   15.459   38.527
   7.712   14.861   37.651
   9.195   20.163   36.947
   8.686   20.949   35.886
   7.162   14.519   38.651
   8.533   13.998   37.607
   6.961   14.346   36.922
   7.865   21.812   35.929
   9.236   21.291   34.885
   9.141   21.493   36.212
   4.221   33.611   41.362
   3.413   34.536   40.801
   2.084   34.238   40.419
   1.246   35.197   39.837
   1.708   36.488   39.616
   5.029   32.687   41.923
   6.358   32.985   42.305
   0.693   36.804   40.154
   1.271   36.318   38.520
   2.083   37.576   39.425
   6.795   33.155   43.401
   7.374   32.669   41.767
   6.350   32.236   42.525
  27.601   11.799   39.728
  26.638   12.584   40.257
  25.351   12.084   40.569
  24.353   12.898   41.117
  24.605   14.240   41.372
  28.565   11.015   39.199
  29.851   11.514   38.887
  24.146   13.988   42.443
  23.581   14.410   40.787
  24.803   15.368   41.592
  30.875   11.344   39.473
  30.310   11.766   37.817
  29.966   10.776   38.660
  10.014   16.699    9.526
   9.467   17.303    8.450
   8.400   16.721    7.725
   7.833   17.347    6.608
   8.313   18.577    6.177
  10.561   16.096   10.603
  11.628   16.678   11.328
   7.161   18.882    6.180
   8.343   18.045    5.111
   8.706   19.610    5.804
  11.598   17.210   12.394
  12.780   16.373   11.325
  11.553   16.027   11.754
  33.203   41.344    1.496
  34.482   40.960    1.301
  35.125   40.033    2.156
  36.452   39.635    1.953
  37.183   40.148    0.889
  31.923   41.728    1.690
  31.280   42.655    0.836
  37.440   39.003    0.683
  38.006   40.358    1.725
  37.808   40.571   -0.000
  30.456   42.445   -0.000
  31.022   43.800    1.042
  30.683   42.529    1.323
  17.551   41.706   30.026
  16.205   41.607   30.070
  15.553   40.464   30.589
  14.158   40.361   30.634
  13.364   41.399   30.161
  18.896   41.805   29.982
  19.548   42.949   29.463
  12.805   41.274   31.206
  12.807   40.529   29.568
  12.686   42.263   29.768
  20.105   43.818   30.057
  20.107   43.074   28.419
  20.186   42.539   29.650
  27.739    7.695   42.572
  26.892    7.092   43.433
  26.422    5.774   43.225
  25.544    5.149   44.118
  25.103    5.821   45.251
  28.586    8.297   41.710
  29.056    9.615   41.919
  25.428    4.821   45.812
  24.026    5.466   44.884
  24.726    6.373   46.206
  30.133    9.970   42.286
  28.731   10.616   41.358
  29.433    9.473   41.250
  34.861   43.490   34.108
  33.778   42.715   34.332
  32.513   43.016   33.775
  31.390   42.213   34.008
  31.493   41.080   34.805
  35.944   44.264   33.885
  37.210   43.964   34.442
  30.937   40.548   33.895
  30.532   41.533   35.346
  31.565   40.127   35.473
  38.170   43.511   33.900
  37.765   44.496   35.352
  37.414   44.612   34.058
  19.534   29.334   21.892
  19.375   29.410   23.231
  19.955   30.448   23.998
  19.790   30.527   25.386
  19.039   29.570   26.057
  19.693   29.259   20.554
  19.113   28.220   19.787
  18.507   30.518   26.545
  19.987   29.519   26.777
  18.411   28.773   26.632
  18.165   28.271   19.067
  19.645   27.272   19.299
  19.462   28.602   19.202
  28.173   33.853   18.090
  27.879   34.380   16.882
  26.817   33.887   16.088
  26.511   34.434   14.835
  27.257   35.493   14.333
  28.467   33.326   19.297
  29.530   33.819   20.092
  26.189   35.982   14.136
  27.315   34.817   13.353
  27.875   36.382   13.900
  29.471   34.494   21.072
  30.598   33.329   20.289
  29.286   33.257   20.577
  33.492   42.335   25.251
  34.028   42.634   26.454
  33.379   42.303   27.667
  33.935   42.613   28.914
  35.160   43.265   28.992
  32.956   42.037   24.049
  33.604   42.368   22.835
  35.426   42.396   29.763
  34.581   43.985   29.745
  36.186   43.812   29.072
  34.183   41.647   22.083
  33.338   43.237   22.065
  32.972   42.028   22.528
   6.183   13.344    8.181
   6.277   12.324    9.060
   6.790   11.058    8.688
   6.888   10.000    9.599
   6.477   10.170   10.915
   6.088   14.364    7.302
   5.575   15.630    7.674
   7.540    9.695   11.172
   5.882    9.155   10.723
   6.136   10.299   12.023
   6.170   16.644    7.866
   4.513   16.104    7.417
   5.725   15.792    6.925
  20.184   25.901   17.665
  18.999   26.192   17.088
  17.985   25.218   16.923
  16.756   25.520   16.325
  16.496   26.807   15.871
  21.369   25.610   18.242
  22.382   26.584   18.407
  15.483   26.679   16.484
  16.161   26.247   14.874
  16.265   27.883   15.485
  22.718   27.144   19.404
  23.396   26.712   17.794
  22.761   25.981   18.728
  12.407   40.273    1.963
  12.571   38.964    1.674
  13.838   38.420    1.359
  14.009   37.063    1.059
  12.918   36.202    1.064
  12.242   41.581    2.253
  10.975   42.126    2.568
  13.623   35.522    1.742
  13.340   35.871   -0.001
  12.012   35.469    1.065
  10.554   42.457    3.633
  10.270   42.806    1.890
  11.392   42.783    2.632
  34.228   35.505   37.939
  34.135   36.191   36.780
  33.538   37.472   36.713
  33.441   38.183   35.511
  33.938   37.639   34.333
  34.322   34.819   39.098
  34.918   33.538   39.165
  34.469   38.699   34.219
  32.869   37.938   33.897
  34.350   37.193   33.337
  35.986   33.238   39.601
  34.387   32.477   39.279
  34.733   33.608   39.921
  26.352   20.315   33.430
  26.096   20.131   34.743
  27.116   19.796   35.666
  26.851   19.605   37.027
  25.557   19.740   37.514
  26.608   20.500   32.118
  25.588   20.835   31.195
  26.076   20.436   38.330
  25.778   18.687   38.026
  24.475   19.851   37.936
  25.367   21.888   30.683
  25.069   20.139   30.379
  26.186   20.820   30.692
  35.841   18.035    0.653
  34.673   18.706    0.753
  33.432   18.103    0.438
  32.222   18.798    0.541
  32.209   20.122    0.964
  37.008   17.364    0.554
  38.249   17.968    0.869
  31.359   19.740    1.707
  31.527   20.286    0.000
  32.183   21.233    1.317
  38.930   17.803    1.832
  39.098   18.349    0.125
  38.521   17.263    0.670
  37.980   28.767    3.761
  38.208   27.441    3.867
  39.494   26.883    3.677
  39.730   25.507    3.787
  38.688   24.640    4.091
  37.753   30.094    3.655
  36.466   30.652    3.846
  39.446   24.225    4.912
  39.100   24.026    3.157
  37.823   23.902    4.346
  36.055   31.266    4.780
  35.709   31.067    3.025
  36.849   31.316    3.695
   4.746   20.098   12.113
   3.641   20.461   11.429
   2.909   19.541   10.642
   1.763   19.918    9.933
   1.308   21.230    9.984
   5.852   19.734   12.798
   6.584   20.654   13.584
   0.258   20.719   10.224
   1.277   21.128    8.797
   0.915   22.327   10.018
   6.615   20.756   14.771
   7.634   21.165   13.344
   7.026   20.025   13.719
  36.456    4.181   24.207
  36.600    3.177   23.316
  35.492    2.604   22.646
  35.642    1.563   21.722
  36.903    1.057   21.435
  36.312    5.185   25.098
  37.419    5.757   25.768
  36.563    1.206   20.303
  36.382    0.003   21.629
  37.956    0.623   21.185
  37.940    6.811   25.573
  37.760    5.608   26.900
  36.861    6.197   26.091
  18.089   44.205   21.518
  16.788   44.222   21.877
  16.382   44.139   23.231
  15.033   44.157   23.603
  14.041   44.260   22.636
  19.390   44.187   21.159
  19.796   44.271   19.806
  13.625   45.126   23.341
  13.565   43.331   23.212
  13.198   44.345   21.834
  20.272   45.199   19.230
  20.212   43.405   19.101
  20.506   44.224   20.127
  20.547    0.741   22.634
  19.602    1.410   23.327
  18.476    0.758   23.883
  17.496    1.452   24.603
  17.607    2.824   24.791
  21.492    0.071   21.940
  22.617    0.723   21.384
  17.395    2.553   25.932
  16.478    2.837   24.409
  17.687    3.976   24.957
  23.746    0.711   21.766
  22.829    0.995   20.243
  22.787   -0.001   21.147
   5.430   15.061   28.611
   4.325   14.381   28.985
   4.366   13.006   29.314
   3.221   12.301   29.701
   1.993   12.946   29.774
   6.535   15.741   28.237
   6.493   17.117   27.908
   1.936   12.439   30.851
   1.613   12.018   29.131
   0.956   13.476   29.839
   6.872   18.045   28.551
   6.550   17.624   26.831
   7.257   17.003   27.793
  40.060   24.808   35.767
  40.412   26.109   35.694
  41.636   26.524   35.118
  42.001   27.873   35.043
  41.155   28.856   35.541
  39.708   23.506   35.839
  38.484   23.091   36.415
  41.341   29.369   34.481
  42.140   29.243   36.090
  40.454   29.691   35.955
  37.499   22.705   35.866
  38.298   22.578   37.474
  38.756   22.385   36.224
  22.959    5.064   37.286
  22.253    6.123   37.737
  21.839    6.229   39.086
  21.108    7.328   39.553
  20.764    8.359   38.688
  23.664    4.004   36.836
  24.078    3.898   35.487
  21.208    9.054   39.547
  19.674    8.204   39.144
  20.469    9.231   37.972
  25.168    4.053   35.031
  23.633    3.202   34.627
  24.382    3.226   35.745
  24.981    2.245   38.576
  26.242    2.581   38.231
  26.525    3.344   37.073
  27.833    3.693   36.715
  28.905    3.290   37.502
  23.720    1.909   38.922
  23.437    1.146   40.079
  29.221    4.436   37.428
  29.360    2.923   36.464
  29.813    2.958   38.153
  22.981    1.513   41.117
  23.120   -0.000   40.153
  22.702    1.237   39.830
   8.144   38.868   37.137
   9.028   37.848   37.145
   8.748   36.608   36.523
   9.665   35.550   36.530
  10.894   35.695   37.160
   7.260   39.889   37.130
   7.540   41.128   37.751
  11.323   35.265   36.135
  10.608   34.656   37.671
  11.930   35.802   37.685
   7.826   42.167   37.241
   7.111   41.558   38.777
   6.825   41.301   37.487
   0.742   38.848   40.967
   1.243   38.287   42.088
   0.863   38.723   43.379
   1.382   38.142   44.542
   2.301   37.103   44.455
   0.241   39.408   39.845
   0.622   38.972   38.554
   1.575   36.569   45.235
   2.923   37.762   45.229
   3.073   36.231   44.396
   0.000   38.313   37.780
   1.348   39.506   37.774
   0.125   39.533   38.334
   2.767   47.133   21.378
   3.864   46.562   20.836
   3.804   45.808   19.640
   4.941   45.215   19.078
   6.179   45.355   19.693
   1.671   47.704   21.919
   1.731   48.458   23.115
   6.540   45.666   18.601
   6.235   44.173   19.558
   7.224   45.465   20.198
   1.675   49.641   23.250
   1.370   48.148   24.207
   0.965   48.531   22.983
  45.851    4.743   31.227
  45.012    4.160   32.108
  43.607    4.196   31.943
  42.736    3.590   32.857
  43.240    2.927   33.969
  46.690    5.327   30.345
  48.095    5.291   30.510
  42.511    2.053   33.616
  42.439    3.583   34.561
  43.649    2.368   34.907
  48.895    4.635   29.919
  48.824    6.166   30.864
  48.077    5.701   29.846
  36.266    3.774   35.769
  36.710    5.049   35.804
  35.823    6.152   35.802
  36.283    7.474   35.838
  37.646    7.740   35.878
  35.823    2.500   35.734
  36.710    1.397   35.736
  37.348    8.454   36.784
  37.393    8.488   34.985
  38.787    7.978   35.911
  36.962    0.649   36.629
  37.008    0.683   34.830
  36.041    0.995   35.711
  26.625   38.658   42.724
  25.279   38.593   42.642
  24.498   39.703   42.241
  23.102   39.635   42.155
  22.438   38.456   42.467
  27.971   38.723   42.807
  28.752   37.613   43.208
  21.891   38.641   41.424
  21.760   39.168   43.140
  21.868   37.472   42.726
  29.430   36.901   42.535
  29.299   37.428   44.251
  29.336   38.119   43.097
  43.012   28.621   44.697
  42.926   27.312   44.381
  43.022   26.855   43.045
  42.933   25.497   42.716
  42.744   24.547   43.712
  43.098   29.931   45.014
  43.002   30.387   46.350
  43.658   23.997   43.180
  41.874   24.159   42.997
  42.586   23.739   44.539
  43.872   30.776   47.065
  42.089   30.937   46.882
  43.100   31.082   46.007
  31.768   37.769   12.626
  32.820   38.450   12.122
  32.744   39.144   10.892
  33.834   39.851   10.370
  35.039   39.887   11.060
  30.717   37.088   13.129
  30.793   36.393   14.359
  34.960   41.062   10.874
  35.503   39.582   10.005
  36.057   39.926   11.628
  30.329   36.699   15.414
  30.872   35.219   14.545
  30.050   36.222   14.187
  22.590    0.344   14.860
  21.837    0.690   13.794
  21.957    0.032   12.547
  21.176    0.390   11.441
  20.248    1.419   11.543
  23.343   -0.001   15.926
  23.223    0.656   17.173
  19.509    0.626   11.049
  20.766    1.811   10.545
  19.465    2.280   11.616
  22.705    0.264   18.172
  23.962    1.449   17.668
  23.782    0.149   17.374
  23.247   23.142   28.234
  24.001   23.948   27.456
  23.436   25.001   26.697
  24.218   25.837   25.891
  25.592   25.650   25.815
  22.494   22.336   29.011
  23.059   21.284   29.770
  25.632   26.822   26.027
  25.403   25.698   24.639
  26.747   25.505   25.742
  23.248   21.235   30.945
  23.019   20.112   29.558
  22.314   21.177   29.979
  44.700   31.028   21.542
  45.875   31.564   21.150
  46.923   30.770   20.627
  48.143   31.326   20.221
  48.358   32.694   20.324
  43.524   30.493   21.933
  42.476   31.286   22.457
  48.716   32.592   19.193
  49.373   32.363   20.853
  48.551   33.841   20.406
  41.460   31.617   21.928
  42.117   31.388   23.589
  42.117   30.594   22.503
  34.174   45.697   36.373
  34.174   45.346   35.069
  33.338   45.982   34.121
  33.338   45.618   32.769
  34.174   44.604   32.317
  34.174   46.048   37.676
  35.009   45.412   38.624
  34.472   45.400   31.482
  33.180   44.189   31.808
  34.870   43.755   31.925
  36.003   45.827   39.134
  34.711   44.616   39.460
  34.661   45.914   39.110
  22.686   48.396   39.577
  23.454   47.465   38.972
  23.707   47.490   37.580
  24.503   46.524   36.952
  25.074   45.498   37.695
  21.919   49.327   40.181
  21.665   49.302   41.573
  26.072   45.819   37.128
  24.614   44.802   36.844
  25.560   44.632   38.306
  22.125   49.998   42.424
  20.668   48.981   42.140
  21.252   49.942   41.402
  48.656   11.167   18.644
  48.777    9.824   18.570
  49.836    9.131   19.202
  49.962    7.739   19.125
  49.033    6.990   18.413
  48.535   12.509   18.718
  47.475   13.203   18.086
  49.000    6.329   19.404
  50.000    6.502   17.917
  48.260    6.350   17.819
  46.508   13.691   18.582
  47.508   13.864   17.095
  47.835   13.821   18.400
  19.755   28.784   47.183
  20.610   27.741   47.251
  21.448   27.530   48.371
  22.334   26.449   48.442
  22.414   25.540   47.394
  18.900   29.826   47.115
  18.062   30.038   45.994
  22.304   24.729   48.260
  23.587   25.730   47.490
  22.492   24.770   46.522
  16.890   29.847   45.898
  18.172   30.848   45.128
  17.833   30.654   46.416
  20.433   33.053   14.810
  20.820   33.635   15.965
  21.768   34.685   15.994
  22.170   35.288   17.192
  21.639   34.863   18.403
  20.045   32.471   13.655
  19.097   31.421   13.626
  21.452   36.026   18.581
  22.781   34.822   18.741
  21.202   34.515   19.426
  17.955   31.461   13.288
  19.284   30.258   13.447
  19.230   31.465   12.857
  43.457   10.568   42.018
  43.976   11.142   40.912
  43.196   11.948   40.049
  43.734   12.544   38.902
  45.071   12.355   38.577
  42.939    9.993   43.124
  43.719    9.188   43.987
  45.076   13.542   38.463
  44.637   12.085   37.501
  46.192   12.205   38.293
  44.153    9.458   45.064
  43.714    8.002   44.101
  43.043    9.135   44.375
   6.800   37.796   24.211
   7.547   38.853   24.594
   8.954   38.869   24.449
   9.729   39.965   24.846
   9.124   41.085   25.403
   6.052   36.739   23.828
   4.645   36.724   23.974
   9.781   41.677   24.604
   9.959   40.956   26.244
   8.630   42.031   25.873
   3.810   36.852   23.133
   3.988   36.132   24.773
   4.726   36.016   23.654
  11.164    9.579   33.150
  10.647   10.499   33.992
  10.241   10.169   35.307
   9.706   11.123   36.180
   9.557   12.442   35.770
  11.680    8.659   32.308
  12.086    8.990   30.993
  10.105   12.687   36.800
   8.451   12.313   36.195
   9.427   13.552   35.439
  13.192    9.119   30.569
  11.539    8.744   29.964
  12.266    8.230   30.972
  47.366   11.406   31.391
  46.372   11.703   32.255
  46.194   13.008   32.773
  45.163   13.317   33.669
  44.274   12.331   34.079
  48.360   11.108   30.528
  48.538    9.803   30.010
  43.448   13.139   33.788
  44.529   12.739   35.170
  43.521   11.514   34.432
  48.283    9.396   28.920
  49.365    8.996   30.302
  49.136   10.146   29.642
  29.236    7.620   36.625
  30.562    7.855   36.524
  31.089    9.168   36.479
  32.464    9.412   36.374
  33.360    8.352   36.312
  27.911    7.384   36.725
  27.384    6.072   36.771
  33.929    8.953   37.169
  33.795    8.945   35.374
  34.124    7.472   36.259
  26.949    5.479   37.709
  26.814    5.470   35.914
  26.707    6.459   36.820
  25.309    6.079   17.981
  25.404    7.304   17.423
  26.236    7.557   16.306
  26.336    8.828   15.728
  25.607    9.892   16.245
  25.213    4.853   18.538
  24.381    4.600   19.655
  25.292   10.060   15.108
  26.656   10.456   16.214
  25.001   10.793   16.669
  23.332    4.035   19.686
  24.696    4.432   20.792
  24.663    3.877   19.567
  31.593   17.153   42.643
  32.764   17.065   41.977
  32.948   17.651   40.703
  34.163   17.560   40.013
  35.237   16.880   40.573
  30.421   17.241   43.308
  30.237   16.655   44.583
  35.842   17.867   40.290
  35.284   16.344   39.510
  36.146   16.312   41.032
  30.190   17.191   45.646
  29.632   15.668   44.866
  29.522   16.958   44.501
  30.280    9.482   21.436
  30.892    8.309   21.169
  32.297    8.211   21.027
  32.932    6.994   20.751
  32.184    5.832   20.607
  29.668   10.656   21.702
  28.264   10.754   21.844
  32.978    5.381   21.373
  32.822    5.700   19.608
  31.569    4.848   20.483
  27.626   10.885   22.842
  27.470   11.204   21.077
  28.435   11.506   21.965
  34.952   39.798   41.584
  33.930   40.653   41.364
  34.101   42.056   41.428
  33.042   42.943   41.200
  31.775   42.459   40.900
  35.973   38.942   41.803
  35.803   37.539   41.739
  31.830   43.241   40.003
  31.426   43.210   41.757
  30.706   42.065   40.647
  36.151   36.788   40.883
  35.747   36.757   42.637
  36.564   37.546   41.915
  10.778   37.109   10.361
  11.027   37.447    9.078
  12.283   37.952    8.666
  12.542   38.302    7.335
  11.554   38.160    6.369
  10.529   36.771   11.644
   9.273   36.266   12.056
  12.413   37.604    5.758
  11.847   39.280    6.090
  10.733   38.045    5.548
   8.980   35.145   12.336
   8.414   36.821   12.667
   9.628   36.248   12.752
  33.212   29.437   44.620
  33.377   30.705   44.187
  33.957   31.706   45.002
  34.128   33.021   44.554
  33.725   33.382   43.274
  33.047   28.169   45.052
  32.466   27.168   44.237
  34.817   33.855   43.205
  33.188   34.284   43.839
  33.392   33.699   42.203
  33.004   26.267   43.673
  31.375   26.695   44.307
  32.597   26.728   44.869
  44.837   21.146   25.870
  43.709   21.422   26.559
  43.034   20.435   27.317
  41.864   20.721   28.031
  41.328   22.003   28.014
  45.965   20.871   25.181
  46.641   21.857   24.424
  41.300   21.866   29.197
  40.313   21.434   27.755
  40.868   23.074   28.008
  47.656   22.426   24.683
  46.669   21.994   23.241
  47.122   21.261   24.274
  35.686   11.894   11.571
  34.666   11.067   11.260
  34.865    9.685   11.030
  33.807    8.827   10.707
  32.512    9.320   10.604
  36.706   12.722   11.883
  36.507   14.104   12.113
  32.245    8.403   11.316
  32.511    8.733    9.567
  31.421    9.720   10.513
  36.509   14.691   13.150
  36.775   15.021   11.400
  37.280   14.088   12.227
  35.946    9.993    5.580
  34.851    9.894    4.797
  34.671   10.708    3.654
  33.535   10.606    2.842
  32.539    9.686    3.144
  37.042   10.092    6.363
  37.222    9.278    7.507
  32.647    9.387    1.996
  31.814   10.621    3.006
  31.695    8.918    3.387
  37.947    8.342    7.645
  37.114    9.577    8.655
  37.887    9.684    7.559
  27.717   14.590   11.021
  26.916   14.212   12.040
  25.751   13.436   11.831
  24.921   13.044   12.887
  25.225   13.414   14.191
  28.518   14.969   10.002
  29.682   15.745   10.212
  25.053   12.258   14.422
  24.086   13.763   14.220
  25.469   13.718   15.291
  30.821   15.397   10.183
  29.854   16.901    9.981
  29.738   15.677    9.436
  42.353   32.638   28.861
  42.288   33.591   27.907
  43.305   33.751   26.936
  43.239   34.739   25.948
  42.153   35.604   25.894
  42.417   31.684   29.815
  41.400   31.525   30.786
  42.133   35.300   24.742
  42.993   36.447   25.831
  41.247   36.337   25.838
  40.560   30.682   30.849
  41.420   31.829   31.938
  41.867   30.947   31.026
  19.285    6.789    7.400
  18.994    8.031    6.958
  17.681    8.407    6.589
  17.379    9.695    6.131
  18.380   10.653    6.026
  19.576    5.547    7.842
  20.889    5.170    8.211
  17.608   11.337    6.624
  17.933   10.812    4.933
  19.210   11.466    5.933
  21.336    5.012    9.304
  21.661    4.487    7.613
  20.539    4.488    8.356
   7.815   37.069    5.698
   8.168   37.817    4.631
   8.095   39.230    4.648
   8.461   40.005    3.541
   8.913   39.395    2.378
   7.462   36.321    6.765
   7.535   34.908    6.748
   9.803   40.183    2.465
   8.113   40.103    1.850
   9.294   38.896    1.395
   8.335   34.200    7.276
   6.645   34.120    6.661
   7.266   34.992    7.477
  18.285   37.055   24.573
  19.534   36.606   24.822
  20.684   37.313   24.399
  21.978   36.847   24.658
  22.169   35.657   25.349
  17.037   37.504   24.323
  15.887   36.797   24.746
  22.922   36.309   26.004
  22.907   35.404   24.448
  22.343   34.660   25.928
  15.149   37.050   25.647
  15.134   36.145   24.092
  15.522   37.395   24.402
  14.896   13.056    1.554
  16.213   12.758    1.518
  16.680   11.422    1.524
  18.045   11.114    1.487
  18.991   12.129    1.442
  13.580   13.353    1.590
  13.113   14.689    1.583
  19.439   11.496    0.538
  19.494   11.523    2.337
  19.796   12.972    1.405
  12.610   15.295    0.689
  12.665   15.323    2.488
  12.418   14.334    1.610
   1.903   26.799   39.031
   2.524   26.658   40.221
   1.805   26.491   41.428
   2.449   26.345   42.662
   3.837   26.361   42.733
   1.281   26.940   37.841
   2.001   27.106   36.634
   3.685   25.369   43.376
   3.653   27.154   43.603
   5.001   26.372   42.807
   2.184   26.313   35.763
   2.153   28.098   35.991
   1.281   27.132   36.332
  27.984    9.522   37.240
  27.868   10.053   36.005
  26.859   10.992   35.684
  26.739   11.544   34.403
  27.624   11.176   33.397
  28.100    8.990   38.476
  29.109    8.051   38.797
  27.728   12.353   33.238
  26.629   11.009   32.762
  28.360   10.877   32.543
  30.103    8.219   39.431
  29.005    6.875   38.956
  28.767    8.083   39.498
   3.005   30.955   13.665
   3.358   29.652   13.660
   2.396   28.615   13.654
   2.762   27.263   13.648
   4.104   26.902   13.649
   2.652   32.258   13.670
   3.614   33.296   13.676
   3.780   26.196   12.745
   3.777   26.188   14.545
   5.226   26.584   13.649
   3.941   34.010   12.780
   3.938   34.002   14.580
   2.974   33.744   13.677
  27.387   20.470   21.677
  27.483   19.429   20.824
  28.260   18.284   21.122
  28.359   17.204   20.237
  27.685   17.230   19.022
  27.291   21.512   22.530
  26.514   22.657   22.232
  27.314   16.147   19.353
  28.744   16.915   18.576
  27.125   17.238   17.999
  25.455   22.971   22.678
  26.885   23.740   21.901
  26.773   22.884   22.933
  41.620   45.518   47.065
  41.014   44.345   46.785
  39.695   44.286   46.275
  39.066   43.069   45.985
  39.733   41.868   46.195
  42.227   46.692   47.344
  43.545   46.751   47.855
  39.378   41.627   45.084
  38.731   41.561   46.762
  40.281   40.854   46.367
  44.547   47.059   47.287
  43.901   46.993   48.966
  43.406   47.519   47.831
  44.494   10.777   24.617
  45.350   11.036   25.628
  45.992   10.002   26.350
  46.880   10.270   27.399
  47.158   11.582   27.763
  43.638   10.519   23.606
  42.995   11.553   22.884
  48.292   11.223   27.695
  46.923   11.189   28.863
  47.400   12.678   28.079
  43.230   11.946   21.784
  41.861   11.911   22.952
  42.684   10.947   22.502
   9.060    9.715    9.390
   8.884   11.052    9.458
   8.298   11.675   10.585
   8.116   13.062   10.655
   8.514   13.874    9.600
   9.235    8.378    9.323
   9.821    7.754    8.196
   9.046   14.506   10.459
   7.419   14.331    9.709
   8.844   14.567    8.723
  10.916    7.298    8.087
   9.289    7.122    7.337
   9.695    7.111    8.620
  31.543   14.375    7.839
  30.741   14.317    6.755
  30.829   15.263    5.705
  29.997   15.203    4.581
  29.048   14.196    4.465
  32.345   14.432    8.923
  32.257   13.487    9.972
  29.517   14.057    3.379
  28.311   15.098    4.216
  28.247   13.355    4.355
  32.994   12.584   10.222
  31.788   13.625   11.059
  32.836   13.919   10.268
  28.508   32.113   10.437
  27.330   32.080   11.095
  26.824   33.207   11.785
  25.602   33.173   12.467
  24.842   32.010   12.484
  29.686   32.146    9.779
  30.192   31.019    9.089
  23.955   32.740   12.164
  24.805   32.206   13.659
  24.194   31.041   12.506
  30.229   30.823    7.914
  31.078   30.289    9.409
  30.778   31.511    8.932
  46.691   36.279   20.521
  45.568   36.154   19.782
  44.330   35.782   20.358
  43.165   35.652   19.592
  43.196   35.890   18.224
  47.814   36.404   21.259
  49.052   36.777   20.683
  42.248   36.575   18.453
  42.634   34.842   18.160
  43.208   36.087   17.075
  49.615   37.825   20.747
  50.000   36.092   20.454
  49.296   36.706   21.422
   2.281   47.967   34.200
   1.781   47.917   35.453
   2.110   48.886   36.431
   1.592   48.834   37.731
   0.727   47.811   38.099
   2.780   48.018   32.947
   2.451   47.049   31.969
   0.056   48.704   38.514
   1.459   47.704   39.033
   0.000   46.958   38.421
   1.719   47.156   31.035
   3.123   46.156   31.554
   2.926   47.487   31.529
  11.393   48.646   14.262
  10.493   48.648   15.267
  10.847   48.297   16.592
   9.913   48.300   17.635
   8.591   48.652   17.390
  12.294   48.644   13.256
  11.940   48.994   11.932
   8.744   49.367   18.331
   8.350   47.646   17.982
   7.479   48.946   17.199
  12.182   50.000   11.341
  11.787   48.279   10.991
  12.697   48.847   11.804
   7.271   43.031   40.578
   7.740   43.815   39.585
   9.100   43.795   39.193
   9.587   44.609   38.163
   8.732   45.471   37.488
   6.801   42.246   41.572
   5.441   42.266   41.964
   9.217   44.982   36.516
   9.580   46.278   37.711
   8.025   46.200   36.914
   4.593   41.460   41.741
   4.956   42.755   42.936
   5.690   41.728   42.472
   6.324   31.125   15.522
   7.548   30.757   15.088
   7.760   30.253   13.783
   9.030   29.872   13.332
  10.132   29.981   14.170
   5.100   31.492   15.957
   4.887   31.996   17.262
  10.626   30.529   13.234
  10.337   28.857   13.833
  11.066   30.068   14.863
   4.683   33.121   17.599
   4.394   31.448   18.198
   4.148   32.035   17.012
   7.413   22.133   26.521
   8.430   21.247   26.568
   9.023   20.851   27.791
  10.079   19.933   27.840
  10.579   19.378   26.669
   6.395   23.019   26.473
   5.802   23.415   25.251
  10.452   18.349   27.256
  11.634   19.699   27.120
  11.008   18.904   25.693
   4.747   23.093   24.799
   5.929   24.444   24.664
   5.361   23.848   25.728
  39.151    9.422   32.604
  39.549    8.263   33.173
  38.623    7.287   33.612
  39.035    6.086   34.201
  40.387    5.818   34.374
  38.754   10.580   32.036
  39.680   11.556   31.597
  40.113    4.776   33.867
  40.060    5.554   35.489
  41.519    5.581   34.524
  40.007   11.820   30.482
  39.955   12.599   32.104
  39.026   11.932   31.395
  11.409   22.684    8.692
  12.218   22.708    7.611
  13.265   21.771    7.438
  14.104   21.795    6.317
  13.927   22.757    5.331
  10.600   22.661    9.772
   9.554   23.598    9.946
  13.971   21.822    4.594
  15.100   22.922    5.463
  13.789   23.559    4.495
   8.381   23.433    9.813
   9.510   24.533   10.683
   9.443   23.192   10.604
  11.577   18.824   32.203
  11.812   18.379   33.456
  10.966   18.710   34.540
  11.210   18.249   35.840
  12.310   17.441   36.101
  11.341   19.268   30.950
  12.188   18.938   29.866
  11.509   16.753   36.654
  12.505   18.216   36.985
  13.229   16.763   36.334
  11.993   18.163   28.981
  12.989   19.626   29.313
  11.676   19.376   29.471
  30.671   26.857   17.294
  31.927   27.237   17.609
  33.064   26.618   17.037
  34.367   27.012   17.364
  34.580   28.039   18.275
  29.414   26.478   16.978
  28.278   27.097   17.550
  35.309   28.460   17.431
  35.333   27.263   18.776
  34.773   28.900   19.038
  27.524   27.872   17.049
  27.549   26.676   18.393
  27.902   26.582   17.099
  36.120   37.219   24.787
  37.097   36.287   24.759
  38.468   36.637   24.739
  39.480   35.671   24.709
  39.158   34.320   24.698
  35.144   38.150   24.816
  33.773   37.800   24.836
  39.953   34.256   25.584
  39.921   34.278   23.784
  38.902   33.182   24.689
  33.010   37.841   25.750
  32.978   37.863   23.951
  33.684   38.576   24.847
  39.565   28.212   18.046
  38.718   29.259   18.140
  37.313   29.092   18.122
  36.435   30.177   18.220
  36.930   31.470   18.340
  40.412   27.165   17.952
  41.817   27.333   17.970
  36.163   31.541   19.248
  36.166   31.705   17.456
  37.333   32.560   18.440
  42.581   27.098   18.853
  42.585   27.262   17.061
  41.804   26.556   17.898
   3.358   41.933   27.354
   4.257   42.921   27.160
   5.504   42.688   26.532
   6.436   43.713   26.330
   6.155   45.007   26.750
   2.459   40.944   27.548
   1.213   41.177   28.176
   6.495   45.300   25.646
   7.235   44.942   27.248
   5.932   46.098   27.097
   0.132   41.242   27.679
   0.872   40.884   29.280
   1.125   40.412   28.046
  23.053   29.039    8.365
  24.268   29.610    8.222
  24.427   31.009    8.081
  25.687   31.602    7.933
  26.832   30.816    7.921
  21.838   28.468    8.507
  21.679   27.069    8.648
  27.224   31.603    8.725
  27.091   31.438    6.938
  27.802   30.169    7.908
  21.420   26.446    9.631
  21.288   26.282    7.843
  20.924   27.265    8.686
  36.715   36.860    3.275
  36.527   37.781    4.244
  36.088   37.426    5.542
  35.893   38.381    6.547
  36.131   39.725    6.290
  36.902   35.939    2.306
  37.342   36.295    1.009
  36.763   39.672    7.299
  35.053   39.875    6.775
  36.327   40.857    6.089
  38.420   36.145    0.524
  36.710   36.348   -0.000
  37.286   35.524    0.894
  22.414   46.971   41.958
  22.322   46.101   40.930
  21.661   46.434   39.723
  21.566   45.532   38.657
  22.128   44.266   38.758
  22.506   47.841   42.987
  23.167   47.508   44.193
  22.606   44.535   37.701
  21.060   43.903   38.373
  22.594   43.199   38.831
  24.234   47.870   44.579
  22.689   47.239   45.251
  22.954   48.234   44.386
  45.503   14.600   31.088
  46.599   14.786   30.322
  47.554   13.762   30.116
  48.690   13.956   29.321
  48.912   15.180   28.704
  44.408   14.413   31.854
  43.453   15.437   32.060
  49.086   14.512   27.733
  50.001   15.074   29.177
  49.111   16.203   28.180
  42.365   15.543   31.587
  43.279   16.105   33.031
  43.110   14.884   32.492
  46.715   33.773   45.158
  46.868   32.712   45.979
  47.171   32.865   47.353
  47.330   31.765   48.204
  47.192   30.473   47.712
  46.561   34.834   44.337
  46.258   34.682   42.963
  46.472   30.332   48.650
  48.230   30.290   48.267
  47.079   29.383   47.311
  45.220   34.865   42.408
  46.979   34.823   42.025
  46.281   35.462   42.981
  34.376   34.501   11.237
  33.071   34.253   11.479
  32.094   35.275   11.439
  30.740   35.018   11.690
  30.317   33.730   11.990
  35.681   34.748   10.994
  36.658   33.726   11.034
  29.499   33.943   11.150
  29.764   34.264   12.901
  29.947   32.653   12.244
  37.211   33.192   10.124
  37.475   33.513   11.875
  37.133   34.319   10.854
  27.070    7.645   48.018
  27.034    8.962   48.313
  26.251    9.472   49.375
  26.214   10.838   49.681
  26.959   11.743   48.935
  27.106    6.328   47.724
  27.889    5.819   46.661
  27.319   12.129   50.003
  25.931   12.342   48.877
  27.579   12.513   48.316
  28.918    5.219   46.719
  27.529    5.433   45.593
  27.587    5.141   46.905
  40.870   32.780   38.958
  40.153   33.440   39.893
  38.753   33.611   39.782
  38.010   34.295   40.751
  38.641   34.834   41.866
  41.586   32.120   38.024
  42.987   31.949   38.135
  37.775   34.274   42.464
  38.034   35.817   41.573
  39.158   35.290   42.806
  43.594   30.966   38.428
  43.852   32.508   37.536
  42.888   31.574   37.457
  29.926   13.275   12.948
  30.467   12.111   13.366
  29.881   10.860   13.060
  30.442    9.652   13.494
  31.609    9.653   14.247
  29.385   14.440   12.530
  29.971   15.691   12.835
  31.968    8.840   13.454
  30.992    8.928   14.964
  32.588    9.640   14.881
  30.588   16.416   12.119
  29.612   16.505   13.629
  29.361   15.957   12.426
  17.255   42.893   40.754
  17.921   43.938   41.289
  17.453   45.268   41.164
  18.142   46.353   41.718
  19.325   46.146   42.418
  16.590   41.847   40.219
  17.058   40.517   40.344
  18.804   46.830   43.243
  19.739   47.016   41.716
  20.319   45.987   43.007
  16.644   39.647   41.045
  17.579   39.833   39.518
  16.413   40.364   39.930
  27.258   33.952   43.420
  26.128   33.230   43.580
  24.850   33.836   43.613
  23.678   33.089   43.779
  23.743   31.708   43.918
  28.388   34.673   43.260
  29.667   34.067   43.227
  22.903   31.713   43.073
  23.037   31.900   44.859
  23.783   30.548   44.036
  30.373   33.875   42.287
  30.507   34.061   44.072
  29.898   34.807   43.132
  36.917   13.119   18.697
  36.872   14.237   19.453
  35.803   14.500   20.341
  35.756   15.659   21.125
  36.778   16.597   21.048
  36.962   12.002   17.942
  38.032   11.739   17.054
  36.764   16.518   22.237
  35.881   17.372   20.921
  37.628   17.393   20.993
  38.929   10.965   17.180
  38.046   11.819   15.865
  37.616   11.093   16.913
  34.361   15.034    2.305
  33.117   15.558    2.268
  32.892   16.955    2.243
  31.602   17.499    2.205
  30.491   16.665    2.191
  35.604   14.510    2.342
  35.829   13.113    2.367
  30.154   17.345    1.273
  30.112   17.371    3.072
  29.550   15.976    2.178
  36.209   12.407    1.486
  36.166   12.433    3.285
  36.576   13.341    2.381
  31.257   10.292   16.690
  30.194   10.713   15.973
  30.019   12.072   15.619
  28.916   12.509   14.875
  27.949   11.603   14.459
  32.321    9.871   17.407
  32.496    8.512   17.761
  28.109   12.119   13.397
  27.191   12.398   14.920
  27.130   10.853   14.103
  33.254    7.717   17.300
  32.336    7.995   18.823
  33.141    8.793   18.099
  20.926   13.454   19.098
  22.270   13.542   19.006
  23.068   12.444   18.607
  24.462   12.535   18.512
  25.107   13.728   18.814
  19.582   13.366   19.189
  18.784   14.464   19.588
  25.651   13.547   17.769
  25.802   13.031   19.487
  25.662   14.723   19.064
  18.090   15.160   18.915
  18.240   14.645   20.633
  18.208   13.947   19.484
  13.093   44.295   13.004
  13.114   44.049   11.677
  12.784   42.780   11.144
  12.806   42.525    9.768
  13.158   43.529    8.875
  13.072   44.541   14.331
  13.402   45.810   14.864
  12.162   43.198    8.310
  13.888   42.699    8.430
  13.452   44.363    8.115
  12.673   46.640   15.309
  14.398   46.141   15.429
  13.251   45.447   15.539
  13.584   42.696   43.554
  12.564   43.543   43.809
  12.777   44.831   44.356
  11.719   45.709   44.620
  10.410   45.330   44.347
  14.605   41.850   43.300
  14.392   40.562   42.753
  10.357   46.387   43.799
  10.207   45.707   45.459
   9.307   45.025   44.122
  14.595   40.185   41.641
  14.445   39.505   43.301
  15.170   40.526   42.809
  16.812   45.550   28.948
  18.062   46.031   29.116
  18.369   47.400   28.935
  19.666   47.899   29.110
  20.701   47.046   29.473
  15.561   45.070   28.779
  15.254   43.700   28.960
  20.918   47.874   30.302
  21.272   47.564   28.564
  21.579   46.341   29.777
  14.682   43.182   29.869
  15.036   42.872   28.131
  14.537   43.946   28.771
   3.322   22.491   10.642
   3.180   22.864   11.931
   1.951   22.729   12.620
   1.803   23.116   13.957
   2.879   23.652   14.654
   3.465   22.118    9.352
   4.693   22.253    8.664
   2.576   22.850   15.481
   2.097   24.501   14.950
   3.774   24.104   15.250
   5.475   21.404    8.368
   4.996   23.056    7.836
   4.278   21.944    8.079
  23.720   40.910   39.573
  22.884   40.029   38.983
  21.686   40.440   38.351
  20.820   39.526   37.739
  21.120   38.170   37.737
  24.556   41.791   40.163
  25.754   41.381   40.795
  20.887   38.253   36.571
  20.000   38.054   38.125
  21.360   37.029   37.728
  26.874   41.497   40.407
  25.987   41.298   41.961
  25.819   42.147   40.931
  18.584   13.864   47.123
  17.486   13.387   47.748
  17.207   12.002   47.822
  16.068   11.508   48.470
  15.169   12.382   49.068
  19.682   14.340   46.498
  19.961   15.725   46.424
  15.281   11.651   50.003
  14.357   11.756   48.461
  14.406   13.105   49.574
  20.774   16.351   47.032
  19.850   16.456   45.490
  20.587   15.470   46.032
  32.654   22.924   33.351
  31.415   22.494   33.672
  30.481   22.094   32.687
  29.197   21.649   33.020
  28.800   21.587   34.350
  33.893   23.353   33.030
  34.827   23.753   34.015
  28.453   20.485   34.060
  27.840   22.174   33.955
  28.454   21.531   35.462
  35.786   23.167   34.410
  35.173   24.856   34.305
  35.275   23.877   33.388
  19.250   13.963    9.423
  19.797   12.890    8.812
  19.486   11.566    9.202
  20.053   10.453    8.569
  20.952   10.625    7.524
  18.703   15.036   10.033
  19.014   16.360    9.643
  20.257    9.832    6.969
  21.620    9.858    8.144
  21.707   10.756    6.645
  18.346   17.127    9.023
  19.709   17.153   10.198
  18.515   16.533   10.218
  17.705   35.756   12.223
  16.392   35.900   11.941
  15.497   34.805   11.960
  14.136   34.954   11.668
  13.621   36.204   11.348
  19.017   35.612   12.504
  19.913   36.707   12.486
  12.799   35.932   12.166
  13.138   35.625   10.425
  13.177   37.248   11.078
  20.396   37.286   13.408
  20.735   36.980   11.667
  20.427   36.153   12.683
  18.602   14.511   37.272
  18.331   13.188   37.291
  17.090   12.683   37.746
  16.809   11.312   37.766
  17.760   10.396   37.332
  18.872   15.833   37.252
  20.113   16.338   36.797
  16.856    9.959   36.689
  17.514    9.849   38.361
  18.549    9.617   36.970
  20.359   16.885   35.768
  21.017   16.775   37.440
  19.779   17.022   36.974
  47.473    5.051    2.152
  46.154    5.228    2.376
  45.613    5.262    3.683
  44.245    5.445    3.915
  43.368    5.600    2.849
  48.793    4.875    1.928
  49.334    4.841    0.620
  42.986    6.543    3.469
  42.738    4.761    3.413
  42.621    5.731    1.963
  49.964    5.680    0.056
  49.716    3.898   -0.000
  50.000    4.736    1.014
  26.523   34.270   20.536
  26.650   35.594   20.771
  27.915   36.212   20.911
  28.047   37.585   21.154
  26.918   38.388   21.265
  26.396   32.947   20.302
  25.132   32.328   20.162
  27.495   39.082   20.487
  27.449   38.773   22.260
  25.979   39.073   21.360
  24.600   31.943   19.167
  24.555   31.633   20.940
  25.573   31.691   20.062
   9.029   40.616   20.105
   8.067   39.734   20.447
   7.954   38.468   19.825
   6.956   37.553   20.180
   6.034   37.871   21.169
   9.992   41.499   19.763
  10.104   42.765   20.386
   6.328   36.801   21.605
   5.237   37.510   20.361
   5.255   38.125   21.998
  10.902   43.126   21.194
   9.810   43.834   19.950
  10.708   42.834   19.895
  47.103    6.140   13.290
  45.916    5.924   12.684
  45.352    4.630   12.580
  44.121    4.406   11.952
  43.410    5.467   11.405
  48.290    6.357   13.895
  48.854    7.651   13.999
  42.499    5.003   12.018
  43.345    4.760   10.448
  42.803    6.348   10.942
  48.919    8.357   14.957
  49.764    8.114   13.386
  49.421    7.258   14.365
  31.172   43.154   27.099
  30.286   42.248   26.633
  30.369   40.876   26.968
  29.450   39.937   26.484
  28.415   40.337   25.648
  32.058   44.059   27.566
  31.975   45.431   27.230
  27.737   39.716   26.405
  28.785   39.429   24.971
  27.542   40.659   24.945
  31.605   46.340   27.907
  32.654   46.052   26.473
  32.609   45.471   27.685
  19.753   30.053   38.649
  20.180   29.427   39.766
  20.621   28.083   39.751
  21.064   27.434   40.910
  21.082   28.106   42.125
  19.326   30.679   37.532
  18.884   32.023   37.547
  22.197   27.690   42.191
  20.517   27.135   42.522
  21.102   28.659   43.152
  19.450   32.994   37.150
  17.770   32.439   37.482
  18.780   31.886   36.786
   1.127   17.020   22.474
   1.627   16.257   21.479
   1.308   14.884   21.355
   1.826   14.092   20.323
   2.682   14.645   19.379
   0.628   17.784   23.469
   0.947   19.157   23.593
   1.949   14.121   18.599
   3.361   13.699   19.632
   3.402   15.096   18.580
   0.267   20.102   23.340
   1.680   19.680   24.374
   0.476   19.101   24.214
  17.596   24.499   24.056
  18.780   24.130   24.588
  19.794   25.071   24.888
  21.022   24.689   25.440
  21.281   23.351   25.712
  16.411   24.868   23.524
  15.398   23.926   23.224
  21.616   23.767   26.777
  22.295   23.563   25.123
  21.512   22.232   25.945
  14.384   23.715   23.813
  15.063   23.510   22.159
  15.019   24.568   22.990
   8.472   13.323   47.211
   9.136   14.246   46.483
   8.466   15.138   45.612
   9.155   16.095   44.857
  10.538   16.194   44.946
   7.807   12.400   47.939
   8.477   11.508   48.810
  10.314   17.355   45.101
  10.486   16.170   43.756
  11.698   16.288   45.012
   8.528   11.532   50.000
   8.700   10.348   48.655
   7.749   11.256   48.939
  16.174   16.605   48.686
  14.971   17.183   48.887
  13.792   16.694   48.277
  12.544   17.294   48.487
  12.432   18.405   49.313
  17.377   16.026   48.484
  18.557   16.516   49.094
  11.543   17.784   49.808
  11.825   18.864   48.396
  12.323   19.338   50.005
  19.163   16.057   50.011
  19.445   17.136   48.599
  18.878   15.921   48.704
  32.090   13.932   21.806
  32.020   12.819   22.567
  30.792   12.170   22.835
  30.719   11.016   23.625
  31.872   10.470   24.174
  32.160   15.045   21.045
  33.389   15.694   20.776
  31.454    9.454   23.714
  31.237   10.472   25.182
  32.833   10.002   24.642
  34.024   15.692   19.769
  33.806   16.710   21.237
  32.924   16.175   20.374
   6.909   16.711   43.575
   7.266   15.410   43.566
   7.978   14.835   42.486
   8.349   13.485   42.477
   8.021   12.662   43.546
   6.551   18.013   43.584
   5.839   18.588   44.664
   9.172   12.356   43.495
   7.617   11.934   42.694
   7.753   11.959   44.437
   6.244   19.315   45.516
   4.688   18.893   44.715
   5.894   19.228   44.220
  45.329   27.909   30.954
  44.078   27.897   30.445
  42.965   28.365   31.182
  41.668   28.353   30.655
  41.438   27.873   29.372
  46.579   27.920   31.462
  47.693   27.453   30.725
  40.835   28.893   29.239
  40.581   27.239   29.902
  41.232   27.474   28.296
  48.551   28.088   30.194
  48.296   26.434   30.857
  48.074   27.655   31.376
  35.262    3.283    7.937
  35.594    4.331    7.153
  34.795    5.497    7.081
  35.140    6.584    6.268
  36.295    6.543    5.498
  34.929    2.236    8.721
  35.728    1.070    8.793
  36.499    7.613    5.981
  35.567    6.891    4.621
  37.262    6.522    4.846
  36.456    0.722    9.670
  35.524   -0.000    8.310
  35.171    0.848    9.293
  13.980   31.873   31.347
  14.111   30.529   31.338
  15.379   29.899   31.330
  15.515   28.506   31.321
  14.389   27.693   31.320
  13.849   33.216   31.355
  12.581   33.846   31.363
  14.947   27.139   32.215
  14.942   27.150   30.415
  13.452   26.998   31.318
  12.028   34.389   32.268
  12.023   34.400   30.468
  13.021   34.492   31.366
  30.311    3.221   24.404
  31.271    4.165   24.302
  30.964    5.521   24.040
  31.959    6.500   23.934
  33.297    6.157   24.087
  29.351    2.277   24.506
  29.658    0.920   24.768
  33.313    7.080   24.840
  33.434    6.766   23.072
  34.423    5.883   24.212
  29.521    0.311   25.783
  29.642   -0.003   24.015
  28.881    0.848   24.728
  18.108   42.887   46.050
  18.489   41.973   46.966
  19.776   41.992   47.555
  20.171   41.044   48.506
  19.294   40.042   48.902
  17.726   43.802   45.133
  16.439   43.782   44.544
  19.603   40.386   50.000
  20.220   39.325   48.685
  18.568   39.196   49.244
  15.513   44.500   44.762
  16.131   43.438   43.446
  16.718   44.409   44.170
  18.101   19.704   32.531
  17.392   20.521   33.340
  17.994   21.602   34.026
  17.259   22.449   34.865
  15.897   22.245   35.047
  18.809   18.887   31.722
  18.207   17.806   31.036
  15.823   23.410   34.807
  16.172   22.329   36.203
  14.754   22.085   35.208
  17.933   17.721   29.879
  18.282   16.641   31.276
  18.937   17.704   30.775
  16.384   37.079    2.412
  15.702   35.915    2.345
  16.359   34.666    2.238
  15.653   33.460    2.170
  14.264   33.459    2.206
  17.065   38.242    2.478
  16.408   39.491    2.585
  14.416   32.626    3.044
  14.370   32.755    1.250
  13.098   33.443    2.235
  16.302   40.194    3.541
  16.255   40.324    1.747
  17.142   39.757    2.585
  10.848   26.130    4.912
  11.922   26.057    4.098
  11.992   25.131    3.030
  13.106   25.055    2.186
  14.190   25.902    2.379
   9.774   26.203    5.727
   9.704   27.129    6.794
  14.073   26.107    1.211
  14.824   24.895    2.310
  15.107   26.608    2.530
   9.070   28.136    6.863
   9.821   26.925    7.962
   9.007   26.793    6.900
  38.134   21.393    7.163
  36.993   21.658    7.834
  35.925   22.374    7.245
  34.742   22.649    7.942
  34.585   22.216    9.252
  39.274   21.129    6.491
  40.343   20.412    7.081
  33.542   21.799    8.853
  34.251   23.344    9.447
  34.440   21.859   10.353
  40.677   19.285    6.886
  41.385   20.829    7.480
  40.669   20.532    6.381
  40.318    2.833   10.504
  39.698    3.613    9.593
  38.539    3.184    8.903
  37.896    3.993    7.959
  38.389    5.259    7.670
  40.938    2.053   11.415
  42.097    2.482   12.105
  37.259    5.595    7.838
  38.290    4.897    6.539
  38.793    6.324    7.418
  42.196    2.843   13.236
  43.228    2.145   11.937
  42.033    1.776   12.434
  36.204   27.687    4.741
  36.622   26.827    5.695
  37.933   26.874    6.224
  38.366   25.983    7.213
  37.504   25.012    7.707
  35.787   28.547    3.788
  34.475   28.500    3.258
  37.861   25.420    8.768
  38.417   24.277    7.494
  36.790   24.193    8.131
  33.562   29.235    3.472
  34.118   28.092    2.197
  34.739   29.101    2.835
  18.612   31.339    4.789
  17.663   32.293    4.899
  16.286   31.976    4.974
  15.301   32.965    5.087
  15.659   34.307    5.129
  19.561   30.385    4.680
  20.938   30.702    4.605
  14.942   34.334    6.081
  14.824   34.422    4.287
  15.946   35.437    5.165
  21.773   30.588    5.447
  21.654   30.675    3.653
  21.005   29.925    4.563
  27.344   46.011   42.665
  27.565   46.228   43.979
  28.047   47.468   44.463
  28.275   47.694   45.826
  28.031   46.688   46.753
  27.124   45.793   41.351
  26.642   44.554   40.866
  27.433   47.543   47.328
  29.125   46.959   47.140
  27.830   45.853   47.541
  25.549   44.283   40.479
  27.241   43.699   40.291
  26.694   44.923   40.180
  33.629   19.260   43.270
  33.603   19.359   41.924
  32.455   19.802   41.226
  32.428   19.906   39.831
  33.549   19.570   39.082
  33.655   19.160   44.616
  34.803   18.717   45.314
  33.358   20.625   38.562
  32.773   18.927   38.448
  34.484   19.292   38.442
  35.580   19.360   45.948
  34.995   17.662   45.834
  34.342   18.834   45.933
  14.211   12.494   45.421
  14.959   12.674   44.312
  15.814   13.790   44.156
  16.590   13.976   43.006
  16.539   13.052   41.970
  13.463   12.315   46.531
  12.608   11.198   46.686
  17.727   13.093   42.049
  16.382   14.017   41.290
  16.506   12.284   41.094
  12.765   10.233   47.367
  11.419   11.157   46.608
  12.458   11.542   47.371
   8.217   13.161   40.100
   9.361   12.707   39.544
  10.486   13.544   39.354
  11.672   13.073   38.778
  11.775   11.748   38.373
   7.074   13.615   40.655
   5.949   12.778   40.846
  12.794   11.774   38.991
  12.181   12.225   37.359
  11.876   10.638   38.028
   5.542   12.301   41.859
   4.930   12.752   40.228
   5.644   13.434   41.141
  37.243   46.597   15.214
  37.064   46.294   16.518
  37.479   47.165   17.554
  37.294   46.852   18.905
  36.688   45.656   19.270
  37.421   46.899   13.911
  37.007   46.028   12.875
  36.018   46.357   19.962
  37.627   45.552   19.996
  36.181   44.655   19.590
  36.067   46.132   12.150
  37.677   45.327   12.183
  37.300   46.596   12.426
  33.239   39.270   14.120
  33.416   40.502   13.597
  32.945   41.667   14.247
  33.129   42.945   13.704
  33.789   43.102   12.492
  33.062   38.038   14.643
  33.532   36.872   13.993
  34.415   43.923   13.088
  32.847   43.777   12.215
  34.342   43.248   11.475
  34.474   36.197   14.270
  32.906   36.051   13.398
  33.216   36.525   14.618
   2.020    4.909   46.408
   1.664    3.667   46.017
   0.381    3.385   45.490
   0.012    2.097   45.085
   0.912    1.044   45.191
   2.376    6.151   46.799
   3.659    6.432   47.326
   0.604    0.837   44.059
  -0.000    0.488   45.718
   1.659    0.152   45.275
   4.571    6.989   46.799
   3.967    6.639   48.458
   3.365    7.155   47.371
  24.430   15.684   23.429
  23.238   15.461   22.836
  22.281   16.489   22.667
  21.044   16.258   22.052
  20.721   14.990   21.585
  25.623   15.907   24.022
  26.580   14.878   24.191
  20.428   15.574   20.589
  19.709   15.168   22.188
  20.437   13.931   21.189
  27.592   14.700   23.588
  26.873   14.295   25.188
  26.987   15.458   24.521
  44.046    9.703   37.705
  42.853    9.408   38.263
  42.624    9.529   39.654
  41.387    9.223   40.232
  40.334    8.784   39.440
  45.240    9.999   37.148
  45.468    9.878   35.757
  39.718    9.623   40.020
  40.250    7.920   40.257
  39.441    8.414   38.786
  45.552   10.741   34.940
  46.084    9.038   35.177
  46.180   10.128   35.960
  17.911   27.843   13.846
  18.386   26.636   14.218
  19.567   26.499   14.985
  20.060   25.246   15.371
  19.389   24.087   15.004
  17.435   29.051   13.474
  16.254   29.188   12.707
  19.497   23.814   16.159
  20.469   23.731   14.646
  18.836   23.105   14.702
  15.175   29.544   13.064
  16.147   29.461   11.552
  16.425   29.947   12.775
  38.855   30.998   13.441
  38.119   32.111   13.643
  36.722   32.137   13.418
  35.959   33.292   13.627
  36.564   34.461   14.069
  39.592   29.884   13.239
  40.989   29.858   13.465
  35.683   34.460   14.871
  35.968   34.958   13.165
  37.060   35.449   14.440
  41.585   29.361   14.369
  41.870   29.859   12.663
  40.904   29.116   13.235
  41.663   35.684   36.896
  42.079   36.968   36.866
  43.440   37.319   37.031
  43.872   38.651   37.000
  42.958   39.679   36.802
  41.247   34.400   36.926
  39.886   34.049   36.761
  43.737   40.037   35.975
  43.490   40.159   37.754
  42.202   40.551   36.638
  39.354   33.568   35.809
  39.107   33.690   37.588
  40.172   33.328   36.850
  37.846   43.682   31.178
  38.236   44.954   30.948
  38.000   45.598   29.710
  38.405   46.916   29.470
  39.060   47.638   30.460
  37.455   42.411   31.409
  37.692   41.767   32.647
  38.253   48.476   30.202
  39.837   47.879   29.589
  39.611   48.255   31.282
  36.915   41.526   33.519
  38.499   40.929   32.906
  37.329   41.176   32.288
  27.643   38.281   37.887
  27.800   38.167   36.551
  26.799   37.605   35.723
  26.962   37.487   34.338
  28.132   37.927   33.731
  27.486   38.395   39.223
  28.487   38.957   40.051
  27.384   38.484   32.989
  28.113   36.853   33.214
  29.109   38.291   33.208
  28.506   40.030   40.568
  29.235   38.400   40.793
  27.964   38.800   40.609
  29.642   44.442   42.863
  29.525   45.746   42.536
  29.494   46.182   41.190
  29.372   47.535   40.851
  29.277   48.500   41.845
  29.759   43.137   43.191
  29.790   42.702   44.537
  28.343   48.877   41.208
  30.135   49.042   41.221
  29.196   49.321   42.670
  28.932   42.160   45.161
  30.724   42.324   45.173
  29.857   42.001   44.197
  23.696   37.888   34.894
  23.747   39.182   35.275
  22.653   39.823   35.902
  22.706   41.166   36.297
  23.855   41.915   36.078
  23.645   36.594   34.514
  24.739   35.953   33.887
  23.726   42.208   37.225
  23.095   42.707   35.615
  24.814   42.555   35.900
  25.500   35.161   34.349
  24.869   35.659   32.739
  24.249   35.345   33.891
  29.876   25.346   22.083
  31.023   24.785   21.644
  31.069   23.460   21.150
  32.259   22.879   20.695
  33.445   23.602   20.718
  28.729   25.906   22.522
  28.682   27.231   23.015
  33.539   23.234   19.589
  33.878   22.627   21.249
  34.447   24.198   20.731
  28.249   28.206   22.484
  28.588   27.600   24.145
  27.926   27.058   23.106
   6.645   13.108   26.043
   5.801   14.109   26.374
   5.154   14.899   25.395
   4.280   15.937   25.738
   4.021   16.222   27.073
   7.488   12.107   25.712
   8.135   11.317   26.692
   2.882   16.187   26.725
   4.262   17.343   26.745
   3.795   16.472   28.189
   7.895   10.197   27.019
   9.274   11.353   27.040
   8.436   10.970   26.060
  33.848   42.574   19.971
  35.175   42.772   20.118
  36.125   42.121   19.296
  37.502   42.325   19.448
  37.977   43.188   20.428
  32.520   42.377   19.824
  31.570   43.028   20.646
  38.619   43.643   19.532
  38.693   42.276   20.701
  38.390   43.910   21.245
  30.854   43.941   20.373
  30.928   42.574   21.542
  31.069   42.623   20.205
  30.606   42.004   28.998
  31.438   40.946   28.889
  31.040   39.638   29.252
  31.903   38.541   29.139
  33.195   38.714   28.658
  29.774   43.061   29.107
  30.172   44.369   28.744
  32.914   37.800   27.948
  33.499   38.088   29.625
  34.282   38.845   28.257
  29.868   44.996   27.778
  30.453   45.283   29.455
  29.443   44.539   28.969
  38.150   36.848   37.959
  37.735   35.605   37.633
  36.447   35.360   37.103
  36.016   34.071   36.765
  36.860   32.982   36.945
  38.565   38.090   38.285
  39.854   38.336   38.816
  36.556   32.726   35.821
  35.912   32.504   37.488
  37.557   32.059   37.091
  40.801   38.814   38.273
  40.157   38.591   39.939
  39.597   39.073   38.815
  45.371   24.717   14.659
  46.105   25.712   14.117
  46.478   25.712   12.752
  47.239   26.744   12.190
  47.655   27.813   12.974
  44.637   23.722   15.200
  44.265   23.722   16.565
  47.212   28.470   12.084
  48.722   27.580   12.496
  48.011   28.716   13.620
  43.198   23.955   17.043
  44.708   23.065   17.455
  43.924   23.049   16.362
  46.462   13.516    3.020
  47.231   14.445    3.627
  46.695   15.383    4.540
  47.493   16.347    5.169
  48.855   16.406    4.907
  45.692   12.587    2.414
  46.229   11.649    1.501
  48.951   16.424    6.094
  48.640   17.566    4.739
  50.001   16.468    4.695
  46.444   10.489    1.669
  46.133   11.632    0.313
  45.485   11.412    1.471
  38.268   28.806   44.844
  38.044   27.521   45.192
  36.904   26.811   44.746
  36.672   25.479   45.107
  37.571   24.809   45.928
  38.493   30.091   44.495
  39.632   30.801   44.942
  37.504   23.963   45.091
  36.592   24.516   46.541
  38.317   24.235   46.616
  40.611   31.095   44.329
  39.699   31.647   45.779
  39.309   31.374   44.520
  30.919   23.260   47.229
  29.738   22.945   46.655
  28.529   23.574   47.034
  27.305   23.248   46.439
  27.246   22.281   45.443
  32.100   23.574   47.803
  33.309   22.945   47.424
  26.625   23.110   44.855
  26.356   21.842   46.103
  27.182   21.471   44.607
  34.199   23.384   46.764
  33.930   22.116   48.013
  33.603   23.420   47.970
  34.238   17.322   14.928
  33.767   17.982   16.007
  33.152   17.309   17.090
  32.663   17.994   18.208
  32.772   19.377   18.285
  34.709   16.661   13.849
  35.324   17.334   12.767
  33.216   19.152   19.367
  31.615   19.322   18.564
  32.856   20.538   18.362
  36.481   17.389   12.488
  34.879   17.559   11.684
  35.386   16.607   12.489
  22.820    4.495   21.939
  22.963    5.809   21.668
  23.153    6.288   20.350
  23.301    7.651   20.070
  23.265    8.585   21.097
  22.676    3.180   22.209
  22.487    2.701   23.528
  22.484    9.141   20.390
  24.266    8.988   20.591
  23.237    9.380   21.951
  21.486    2.299   24.034
  23.268    2.146   24.235
  22.469    2.012   23.161
  45.088   31.233   45.076
  45.300   29.900   45.100
  46.603   29.349   45.151
  46.823   27.967   45.175
  45.749   27.086   45.151
  44.875   32.566   45.053
  43.573   33.117   45.002
  46.307   26.584   46.076
  46.367   26.561   44.277
  44.857   26.336   45.130
  42.954   33.642   45.875
  43.015   33.619   44.076
  43.972   33.788   45.007
  25.443    9.503   18.404
  24.133    9.797   18.550
  23.121    9.057   17.894
  21.763    9.362   18.045
  21.368   10.417   18.858
  26.752    9.210   18.258
  27.764    9.949   18.914
  20.621    9.612   19.319
  20.715   10.731   17.912
  21.024   11.300   19.537
  28.418    9.636   19.860
  28.512   10.755   18.453
  28.228    9.443   18.542
  19.982    2.924   42.201
  18.787    2.359   41.925
  18.022    1.702   42.918
  16.782    1.116   42.632
  16.264    1.167   41.344
  21.177    3.488   42.476
  21.942    4.145   41.483
  15.279    1.549   41.895
  16.103   -0.003   41.503
  15.818    1.202   40.268
  22.104    5.315   41.325
  22.927    3.764   40.932
  22.431    4.253   42.083
   0.284   31.695   39.658
   0.524   32.436   40.761
  -0.000   33.740   40.917
   0.249   34.509   42.061
   1.033   33.999   43.089
   0.043   30.954   38.556
   0.567   29.649   38.400
   0.130   34.359   43.779
   1.601   35.043   42.998
   1.688   33.584   43.959
  -0.001   28.605   38.490
   1.470   29.290   37.709
   0.186   29.692   37.719
  45.393    2.554   39.892
  46.337    3.511   39.770
  47.718    3.202   39.740
  48.698    4.194   39.612
  48.332    5.530   39.510
  44.448    1.598   40.015
  43.067    1.907   40.045
  49.071    5.526   38.576
  49.145    5.683   40.367
  48.038    6.655   39.423
  42.254    1.753   39.188
  42.328    1.910   40.980
  43.004    1.131   40.116
  12.683   44.732   18.061
  13.368   43.571   17.989
  12.721   42.329   17.793
  13.431   41.125   17.718
  14.816   41.121   17.838
  11.997   45.893   18.133
  12.645   47.136   18.330
  14.769   40.457   16.849
  14.615   40.255   18.631
  15.977   41.103   17.936
  12.846   48.001   17.536
  12.692   47.800   19.318
  11.912   47.402   18.296
  18.093   42.508    9.417
  17.557   43.744    9.508
  17.503   44.450   10.733
  16.948   45.732   10.827
  16.427   46.353    9.699
  18.628   41.272    9.327
  18.682   40.566    8.101
  17.096   47.272   10.056
  15.484   46.549   10.402
  15.986   46.886    8.760
  19.624   40.370    7.399
  18.013   39.647    7.744
  19.021   40.025    8.551
  31.076   35.693   25.297
  32.198   35.817   26.037
  32.600   34.825   26.963
  33.764   34.954   27.730
  34.567   36.080   27.600
  29.954   35.568   24.557
  29.552   36.561   23.632
  35.445   35.282   27.497
  34.501   36.104   28.790
  35.250   37.020   27.501
  29.617   36.536   22.442
  28.673   37.359   23.735
  28.961   36.063   23.517
   3.821   26.073   32.996
   4.822   26.285   33.877
   6.119   25.752   33.682
   7.157   25.972   34.595
   6.936   26.733   35.736
   2.820   25.861   32.116
   1.524   26.394   32.311
   7.927   27.299   35.394
   7.451   25.813   36.291
   6.764   27.369   36.698
   1.009   27.314   31.756
   0.533   25.828   32.654
   1.388   26.029   31.634
  33.481   47.982   40.478
  34.772   48.317   40.686
  35.141   49.537   41.300
  36.480   49.884   41.516
  37.498   49.023   41.126
  32.190   47.648   40.269
  31.821   46.427   39.655
  37.900   49.204   42.233
  37.954   50.000   40.619
  38.362   48.309   40.803
  31.365   45.450   40.162
  31.419   46.246   38.548
  31.102   46.710   39.770
  23.466   31.911    4.736
  24.271   30.852    4.504
  25.664   31.000    4.301
  26.499   29.902    4.061
  25.971   28.618    4.014
  22.661   32.970    4.968
  21.268   32.822    5.170
  26.861   28.365    4.765
  26.585   28.543    2.996
  25.541   27.535    3.973
  20.655   32.898    6.189
  20.378   33.075    4.419
  21.304   33.599    5.243
  21.406   30.796   13.230
  21.378   30.242   14.460
  22.163   30.741   15.526
  22.134   30.166   16.802
  21.319   29.071   17.058
  21.434   31.351   11.999
  20.648   30.852   10.933
  20.970   29.714   17.998
  22.310   28.607   17.530
  20.639   28.151   17.286
  19.657   31.315   10.461
  20.997   30.208    9.993
  20.995   31.435   10.546
  27.873   16.668   14.973
  27.937   15.569   15.754
  28.781   15.504   16.888
  28.848   14.364   17.699
  28.074   13.249   17.403
  27.808   17.767   14.191
  26.965   17.832   13.057
  27.774   13.313   18.555
  29.103   12.662   17.530
  27.430   12.306   17.167
  25.935   18.419   12.930
  27.264   17.768   11.905
  27.273   18.548   13.001
  25.712   43.855    7.900
  24.866   43.969    6.854
  24.241   42.842    6.268
  23.364   42.960    5.184
  23.081   44.210    4.646
  26.558   43.741    8.946
  27.183   44.867    9.531
  21.948   43.853    4.748
  23.332   43.676    3.610
  22.834   45.252    4.184
  26.931   45.400   10.567
  28.315   45.224    9.429
  27.494   44.321    9.994
  46.043    7.797   28.207
  46.243    8.135   29.499
  47.418    7.770   30.197
  47.625    8.121   31.536
  46.664    8.850   32.225
  45.843    7.458   26.916
  44.668    7.823   26.218
  47.589    9.536   32.530
  46.803    8.004   33.053
  45.865    9.462   32.816
  44.529    8.669   25.390
  43.742    7.137   25.914
  45.023    7.442   25.636
  27.433   36.573   46.009
  27.271   36.489   44.671
  26.091   35.966   44.090
  25.922   35.879   42.703
  26.928   36.310   41.847
  27.596   36.657   47.346
  28.776   37.179   47.927
  26.041   36.899   41.312
  26.762   35.250   41.329
  27.764   36.669   41.118
  28.941   38.239   48.446
  29.663   36.590   48.462
  28.394   37.019   48.589
  46.938   24.434   25.388
  45.622   24.137   25.358
  44.667   24.884   26.088
  43.302   24.576   26.057
  42.842   23.510   25.295
  48.255   24.731   25.418
  49.209   23.983   24.688
  42.056   24.308   24.889
  42.272   23.208   26.297
  42.443   22.617   24.660
  49.779   24.285   23.686
  49.995   23.185   25.094
  49.701   24.495   25.012
  20.389   25.884   38.296
  21.605   25.940   37.713
  21.952   25.111   36.620
  23.214   25.170   36.016
  24.173   26.059   36.483
  19.172   25.828   38.879
  18.825   26.657   39.972
  24.274   26.352   35.332
  24.879   25.099   36.475
  24.988   26.801   36.865
  18.119   27.617   39.980
  18.724   26.364   41.122
  18.147   26.273   39.910
  29.363   15.549   42.382
  28.296   16.375   42.434
  28.439   17.780   42.515
  27.333   18.637   42.568
  26.044   18.118   42.543
  30.429   14.723   42.331
  30.286   13.317   42.250
  25.874   18.932   41.689
  25.880   18.828   43.486
  24.957   17.697   42.522
  30.451   12.608   41.307
  30.457   12.504   43.104
  31.067   13.345   42.249
  31.546   35.611    1.955
  30.704   36.607    2.306
  29.401   36.350    2.793
  28.528   37.382    3.157
  28.928   38.708    3.046
  32.387   34.615    1.604
  33.691   34.872    1.117
  28.525   38.787    4.165
  27.886   38.840    2.483
  29.250   39.826    2.959
  34.733   34.740    1.681
  34.094   34.793   -0.001
  33.717   34.092    1.083
   8.815   19.909   32.465
   9.952   20.098   33.167
  10.627   21.342   33.182
  11.806   21.538   33.909
  12.354   20.497   34.649
   7.677   19.719   31.763
   7.003   18.475   31.748
  12.394   21.309   35.520
  13.361   20.802   34.089
  12.824   19.632   35.273
   5.996   18.170   32.308
   6.964   17.663   30.877
   6.515   18.866   31.280
  32.796   29.839   11.389
  32.215   30.541   12.385
  32.925   30.918   13.550
  32.322   31.646   14.583
  30.988   32.023   14.487
  33.378   29.137   10.393
  32.668   28.760    9.228
  31.405   33.098   14.786
  30.914   31.561   15.583
  29.869   32.345   14.420
  32.742   29.222    8.132
  32.251   27.685    8.929
  33.357   28.443    9.040
  19.999   18.813   33.867
  19.422   19.462   34.901
  18.849   18.770   35.994
  18.251   19.442   37.067
  18.205   20.830   37.085
  20.575   18.165   32.833
  21.149   18.857   31.740
  18.635   20.701   38.189
  17.052   20.659   37.332
  18.159   21.995   37.112
  22.302   19.028   31.492
  20.719   18.986   30.636
  21.300   18.131   31.496
  41.260   25.136   19.904
  41.981   23.996   19.849
  43.395   23.999   19.914
  44.143   22.817   19.856
  43.504   21.590   19.733
  40.539   26.275   19.960
  39.125   26.272   19.895
  44.206   21.279   20.644
  44.288   21.418   18.851
  42.981   20.553   19.629
  38.342   26.444   20.777
  38.423   26.583   18.984
  39.227   27.044   19.960
  42.859   36.635   43.632
  43.377   36.029   44.721
  44.772   35.959   44.948
  45.310   35.330   46.077
  44.472   34.749   47.020
  42.340   37.242   42.544
  40.945   37.311   42.317
  45.130   35.369   47.797
  45.198   33.812   46.897
  43.780   34.256   47.819
  40.219   38.248   42.441
  40.287   36.691   41.541
  41.176   37.692   41.675
  25.576   25.582   45.855
  26.852   25.598   46.295
  27.190   26.030   47.599
  28.514   26.047   48.055
  29.546   25.633   47.224
  24.300   25.565   45.415
  23.961   25.133   44.111
  29.865   24.974   48.164
  30.053   26.659   47.557
  30.423   25.288   46.536
  23.455   24.107   43.777
  23.642   25.792   43.171
  23.240   25.302   44.357
  44.803   30.516    3.068
  45.584   31.617    3.045
  45.247   32.790    3.761
  46.056   33.932    3.737
  47.231   33.942    2.995
  44.023   29.414    3.091
  44.360   28.241    2.375
  47.710   34.359    4.004
  46.803   34.972    2.574
  48.220   33.964    2.377
  44.787   27.212    2.796
  43.880   27.824    1.367
  43.692   27.986    2.689
  37.701    2.372   41.909
  36.760    3.261   41.528
  35.619    2.874   40.785
  34.643    3.797   40.390
  34.773    5.139   40.723
  38.642    1.482   42.291
  39.783    1.869   43.033
  33.649    5.021   41.098
  34.547    5.314   39.566
  34.870    6.269   40.995
  40.009    1.694   44.190
  40.907    1.987   42.658
  39.943    1.106   42.982
  28.779   13.509   20.596
  27.896   14.517   20.760
  26.750   14.385   21.580
  25.835   15.430   21.750
  26.032   16.645   21.105
  29.662   12.501   20.433
  30.807   12.633   19.613
  25.838   17.103   22.188
  24.895   16.507   20.775
  26.186   17.670   20.570
  31.944   12.771   19.943
  31.001   12.175   18.530
  30.927   11.896   19.844
   6.789    5.298   14.744
   7.091    4.305   13.881
   6.982    2.940   14.240
   7.295    1.910   13.345
   7.728    2.207   12.059
   6.487    6.291   15.607
   6.596    7.656   15.248
   6.895    1.419   11.736
   8.599    1.435   12.314
   8.093    2.443   10.977
   5.725    8.428   14.993
   7.430    8.444   15.571
   6.347    7.759   15.981
   8.731   25.802   21.159
   7.970   26.900   21.354
   8.528   28.136   21.758
   7.739   29.275   21.960
   6.364   29.218   21.766
   9.492   24.703   20.963
   8.934   23.467   20.559
   6.547   30.198   21.113
   6.322   29.736   22.838
   5.210   29.184   21.606
   8.976   22.949   19.487
   8.751   22.487   21.212
   9.681   23.240   20.596
  20.565   22.164   21.368
  19.828   21.627   20.373
  19.078   20.440   20.551
  18.314   19.883   19.519
  18.272   20.493   18.272
  21.303   22.701   22.363
  22.053   23.887   22.185
  17.093   20.372   18.397
  18.512   19.396   17.872
  18.228   20.995   17.220
  21.813   24.984   22.585
  23.232   24.008   22.060
  22.238   23.756   22.932
  45.551   31.248    6.352
  44.870   32.300    6.854
  43.943   32.156    7.914
  43.237   33.247    8.435
  43.432   34.520    7.914
  46.232   30.196    5.850
  47.159   30.339    4.791
  43.560   34.827    9.059
  42.242   34.542    7.867
  43.586   35.594    7.487
  48.350   30.318    4.838
  47.031   30.033    3.646
  47.234   29.569    4.893
   7.838   25.000    3.968
   8.611   23.906    3.798
   8.189   22.804    3.018
   8.990   21.669    2.841
  10.242   21.597    3.438
   7.065   26.093    4.139
   7.487   27.196    4.919
  10.601   21.280    2.347
   9.861   20.530    3.807
  11.295   21.524    3.934
   7.868   28.263    4.551
   7.128   27.513    6.010
   6.788   27.476    4.709
  18.135    5.142   26.781
  17.210    6.101   26.569
  15.970    5.823   25.947
  15.010    6.818   25.727
  15.257    8.128   26.120
  19.061    4.182   26.994
  20.301    4.460   27.615
  14.179    8.043   26.620
  14.907    8.389   25.011
  15.451    9.231   26.444
  20.651    4.199   28.724
  21.379    4.545   27.115
  20.409    3.695   27.500
  34.914    2.970   47.661
  36.204    3.066   48.049
  36.742    4.265   48.573
  38.080    4.364   48.976
  38.926    3.268   48.869
  33.625    2.875   47.273
  33.087    1.676   46.748
  39.194    3.528   50.000
  39.656    4.047   48.339
  39.647    2.355   48.784
  32.357    0.896   47.278
  32.818    1.415   45.617
  32.439    2.111   46.704
  27.866   41.532   22.952
  26.598   41.933   22.716
  25.941   42.870   23.547
  24.626   43.285   23.302
  23.923   42.778   22.216
  29.133   41.132   23.189
  29.791   40.194   22.358
  23.687   43.926   21.998
  23.071   42.582   23.026
  23.321   42.360   21.309
  30.643   40.390   21.548
  30.027   39.047   22.575
  30.374   40.314   22.864
   6.724   38.132    8.832
   5.515   38.478    9.325
   4.606   37.515    9.826
   3.354   37.874   10.337
   2.965   39.207   10.367
   7.932   37.786    8.338
   8.841   38.748    7.838
   2.689   38.967   11.501
   1.969   38.794    9.861
   2.627   40.323   10.398
   9.837   39.162    8.345
   9.117   38.989    6.704
   9.278   38.114    7.713
  11.338    4.138   20.571
  11.639    5.444   20.406
  12.712    6.059   21.093
  13.024    7.413   20.922
  12.274    8.200   20.057
  11.037    2.833   20.736
   9.964    2.217   20.049
  13.340    8.521   19.633
  12.230    8.948   20.984
  11.653    8.872   19.335
  10.008    1.470   19.122
   8.898    1.896   20.473
  10.208    1.591   20.447
  21.474   13.090   34.383
  22.232   12.014   34.083
  23.612   11.960   34.389
  24.398   10.844   34.077
  23.831    9.742   33.448
  20.716   14.166   34.684
  19.336   14.221   34.378
  24.375    9.131   34.314
  24.760    9.850   32.709
  23.368    8.811   32.920
  18.407   14.113   35.117
  18.791   14.832   33.512
  19.399   14.926   34.709
  11.689   13.935   10.655
  11.239   14.349    9.451
  10.765   13.440    8.475
  10.298   13.868    7.227
  10.287   15.221    6.910
  12.140   13.522   11.858
  12.613   14.431   12.834
   9.162   15.002    6.583
  10.826   14.858    5.911
  10.273   16.353    6.631
  12.075   14.794   13.833
  13.738   14.650   13.161
  12.721   13.773   13.241
   7.549    6.386   42.792
   6.980    5.173   42.959
   7.568    4.174   43.770
   6.978    2.916   43.943
   5.779    2.612   43.311
   8.118    7.598   42.625
   7.530    8.597   41.814
   5.449    2.249   44.397
   6.357    1.627   42.973
   4.773    2.344   42.786
   6.952    9.583   42.152
   7.860    8.961   40.728
   8.160    9.001   42.039
  29.161   48.034   26.763
  30.417   48.305   26.349
  31.125   47.438   25.484
  32.428   47.719   25.055
  33.068   48.878   25.476
  27.904   47.763   27.176
  27.196   48.630   28.042
  33.301   49.015   24.315
  33.961   48.133   25.739
  33.618   49.846   25.822
  26.304   49.375   27.779
  26.963   48.492   29.202
  26.642   48.085   27.961
  40.841   39.571   31.768
  40.134   39.616   30.619
  40.760   39.761   29.359
  40.027   39.808   28.167
  38.642   39.711   28.193
  41.548   39.526   32.918
  40.922   39.380   34.178
  38.813   38.886   27.350
  38.690   40.676   27.496
  37.478   39.630   28.201
  40.873   38.415   34.875
  40.750   40.205   35.021
  41.661   39.410   34.430
  32.971    3.117   43.766
  31.906    3.947   43.791
  32.043    5.335   44.032
  30.939    6.196   44.058
  29.660    5.700   43.843
  34.035    2.287   43.741
  33.898    0.899   43.500
  29.582    6.599   43.065
  29.398    6.310   44.832
  28.580    5.297   43.664
  34.160    0.289   42.511
  33.976   -0.000   44.278
  34.675    0.917   43.584
  13.759   26.742   27.781
  13.320   25.477   27.612
  11.956   25.181   27.380
  11.501   23.869   27.205
  12.393   22.805   27.256
  14.198   28.008   27.949
  15.563   28.304   28.182
  11.867   22.484   26.237
  11.596   22.342   28.011
  13.132   21.904   27.297
  16.360   28.767   27.428
  16.089   28.625   29.201
  15.291   29.036   28.199
  15.628   13.561   23.931
  15.321   14.575   23.094
  14.491   15.650   23.491
  14.172   16.701   22.623
  14.672   16.714   21.327
  15.936   12.547   24.768
  16.765   11.472   24.371
  14.984   17.832   21.598
  13.537   16.925   21.031
  15.084   16.738   20.237
  17.900   11.262   24.667
  16.453   10.354   24.100
  16.627   11.235   25.102
   5.064    8.356    3.380
   5.206    9.679    3.148
   6.469   10.265    2.898
   6.616   11.636    2.657
   5.505   12.470    2.659
   4.922    7.034    3.612
   3.659    6.448    3.862
   5.954   12.853    1.623
   6.170   13.139    3.387
   4.581   13.182    2.657
   2.993    5.779    3.134
   3.210    6.065    4.898
   4.089    5.798    3.915
   5.827   26.227   20.823
   4.898   27.016   21.402
   4.673   27.009   22.799
   3.708   27.827   23.400
   2.935   28.682   22.624
   6.757   25.438   20.244
   6.982   25.445   18.847
   3.257   29.496   23.432
   2.028   28.197   23.228
   2.278   29.403   21.986
   7.889   25.929   18.244
   6.659   24.630   18.039
   7.517   24.909   19.038
  24.705   31.483   41.797
  24.225   32.715   41.522
  25.072   33.844   41.423
  24.574   35.122   41.138
  23.213   35.315   40.942
  25.184   30.251   42.072
  24.338   29.122   42.171
  23.568   35.892   39.962
  23.359   36.204   41.722
  22.072   35.491   40.775
  24.192   28.233   41.390
  23.982   28.545   43.151
  25.015   28.760   42.315
   1.907   26.207    4.887
   1.999   27.469    4.419
   2.752   28.464    5.087
   2.848   29.773    4.601
   2.195   30.135    3.430
   1.814   24.944    5.356
   1.061   23.949    4.687
   3.256   30.588    3.131
   1.801   31.049    4.085
   1.651   30.452    2.448
   1.455   23.036    4.032
  -0.000   23.496    4.986
   1.312   23.510    5.282
   2.822   45.852   36.262
   3.974   46.509   36.013
   4.083   47.913   36.154
   5.278   48.594   35.896
   6.407   47.896   35.486
   1.669   45.195   36.511
   1.560   43.791   36.369
   6.944   48.515   36.352
   6.452   48.727   34.633
   7.363   47.323   35.142
   1.516   42.960   37.222
   1.023   43.172   35.504
   0.827   43.931   36.597
  44.907   12.213   42.618
  44.036   11.962   43.619
  42.784   12.616   43.706
  41.882   12.355   44.744
  42.198   11.432   45.732
  45.777   12.464   41.618
  47.029   11.809   41.531
  41.116   10.997   45.491
  41.867   12.305   46.472
  42.452   10.659   46.568
  47.360   10.936   40.790
  48.112   12.244   41.772
  47.096   12.252   40.890
  10.228   21.860   24.486
  10.577   23.068   23.996
  11.725   23.759   24.450
  12.086   25.013   23.942
  11.312   25.620   22.962
   9.880   20.651   24.975
   8.731   19.960   24.521
  12.358   25.765   22.409
  11.372   26.566   23.684
  10.671   26.142   22.139
   8.672   19.014   23.798
   7.686   19.815   25.074
   8.974   19.431   25.041
  41.026    7.698   43.548
  39.972    8.198   44.228
  39.567    7.672   45.478
  38.475    8.191   46.183
  37.749    9.256   45.664
  42.079    7.197   42.868
  42.484    7.724   41.619
  37.902    9.721   46.750
  36.809    8.565   45.908
  37.131   10.149   45.240
  43.423    8.415   41.374
  42.330    7.258   40.532
  43.027    7.166   41.680
  49.486   11.577   33.564
  49.346   10.238   33.658
  49.693    9.529   34.833
  49.548    8.140   34.931
  49.050    7.410   33.858
  49.626   12.917   33.469
  49.279   13.626   32.295
  48.328    6.939   34.682
  50.001    6.720   34.054
  48.633    6.786   32.966
  48.328   14.316   32.099
  50.000   14.097   31.472
  49.519   14.236   32.720
  14.446    9.716   43.809
  13.467   10.200   43.016
  12.268    9.486   42.784
  11.253    9.988   41.961
  11.400   11.222   41.341
  15.426    9.232   44.602
  16.625    9.947   44.834
  10.314   11.430   41.787
  11.069   10.625   40.364
  11.510   12.257   40.815
  16.956   10.544   45.811
  17.710    9.740   44.389
  16.787    9.322   45.274
  28.877   41.774    9.777
  29.533   41.747    8.597
  30.945   41.804    8.522
  31.624   41.776    7.299
  30.916   41.691    6.106
  28.222   41.801   10.957
  26.810   41.744   11.033
  31.682   40.811    5.865
  31.606   42.607    5.783
  30.334   41.620    5.098
  26.120   40.828   11.356
  26.044   42.625   11.274
  26.955   41.786   11.799
  34.117   11.967   23.804
  34.464   11.535   22.573
  34.884   10.205   22.335
  35.244    9.757   21.058
  35.198   10.624   19.974
  33.770   12.398   25.035
  33.350   13.729   25.272
  34.594    9.736   19.457
  36.299   10.219   19.769
  35.163   11.341   19.055
  32.248   14.134   25.477
  33.954   14.616   25.789
  33.290   13.466   26.005
  37.977    3.277   11.092
  37.474    4.480   10.739
  38.263    5.462   10.095
  37.742    6.709    9.729
  36.413    7.018    9.994
  38.479    2.075   11.445
  37.691    1.092   12.088
  36.398    7.349    8.850
  36.872    8.018   10.452
  35.300    7.290   10.210
  37.232    0.092   11.630
  37.706    0.761   13.233
  38.359    0.689   12.058
  28.949   33.991   37.054
  29.476   35.206   36.795
  28.996   36.024   35.745
  29.542   37.285   35.477
  30.589   37.773   36.250
  28.422   32.775   37.312
  28.903   31.957   38.362
  29.909   38.749   36.321
  31.093   37.996   35.193
  31.468   38.194   36.890
  28.399   31.734   39.419
  29.582   30.981   38.291
  28.346   31.476   38.099
   2.916   23.969   47.713
   3.778   24.910   48.153
   3.454   26.288   48.141
   4.348   27.264   48.598
   5.597   26.897   49.082
   2.054   23.027   47.273
   2.378   21.650   47.285
   5.303   27.598   50.000
   5.989   27.745   48.342
   6.649   26.604   49.491
   1.986   20.802   48.025
   2.672   20.949   46.367
   1.661   21.588   46.982
  26.402   11.948   37.614
  27.079   13.084   37.342
  27.487   13.976   38.362
  28.189   15.154   38.081
  28.508   15.482   36.770
  25.725   10.812   37.885
  25.317    9.920   36.865
  29.600   15.650   37.215
  28.044   16.541   37.059
  28.782   15.770   35.673
  25.781    8.861   36.575
  24.225    9.751   36.419
  25.030    9.523   37.473
  25.333   20.801   10.798
  25.579   21.628   11.835
  26.321   21.212   12.967
  26.576   22.070   14.043
  26.099   23.375   14.027
  25.087   19.974    9.760
  24.345   20.390    8.628
  27.220   23.651   14.321
  25.701   23.105   15.117
  25.704   24.472   14.026
  24.743   20.660    7.538
  23.224   20.114    8.334
  24.488   19.657    8.398
  48.902    5.512   23.126
  48.856    6.650   23.851
  48.906    7.927   23.245
  48.858    9.107   23.997
  48.759    9.052   25.382
  48.949    4.374   22.401
  48.899    3.096   23.007
  47.872    9.831   25.220
  49.667    9.822   25.348
  48.676    9.019   26.545
  47.990    2.326   23.041
  49.786    2.317   23.169
  48.951    2.859   22.265
  27.739    7.917    2.624
  27.736    6.569    2.564
  26.574    5.808    2.838
  26.571    4.410    2.776
  27.730    3.721    2.439
  27.742    9.266    2.683
  28.903   10.026    2.410
  27.016    3.156    1.671
  27.475    3.079    3.410
  28.696    3.131    2.158
  29.158   10.669    1.439
  29.618   10.592    3.178
  28.421   10.621    2.564
  13.065   16.723   30.264
  14.174   16.401   29.564
  14.748   17.285   28.621
  15.898   16.951   27.895
  16.514   15.720   28.087
  11.957   17.046   30.964
  11.382   16.162   31.908
  17.502   16.378   28.192
  16.476   15.662   26.897
  17.041   14.691   28.238
  11.419   16.220   33.098
  10.394   15.505   31.803
  10.872   16.748   31.988
  18.596    1.075   17.729
  17.296    1.068   18.095
  16.425    0.008   17.748
  15.078   -0.000   18.128
  14.554    1.051   18.870
  19.895    1.083   17.362
  20.766    2.143   17.710
  14.131    0.180   19.564
  13.697    1.036   18.042
  14.101    1.927   19.492
  21.623    2.157   18.537
  21.188    3.014   17.015
  21.281    1.706   17.317
   7.672   43.949   47.050
   7.192   42.827   47.628
   8.046   41.856   48.204
   7.548   40.693   48.803
   6.180   40.458   48.846
   8.152   45.071   46.473
   7.298   46.042   45.896
   6.385   40.242   50.000
   6.481   39.387   48.419
   5.033   40.249   48.890
   6.997   47.112   46.324
   7.093   46.258   44.743
   7.978   46.396   45.746
  36.809   13.521   27.986
  36.565   14.724   28.549
  37.472   15.804   28.432
  37.220   17.051   29.016
  36.052   17.263   29.737
  37.052   12.318   27.423
  36.145   11.238   27.539
  35.962   18.237   29.056
  36.794   17.701   30.560
  35.075   17.454   30.345
  35.403   10.800   26.716
  36.234   10.264   28.220
  36.687   10.875   27.110
  28.848   19.572   45.258
  28.026   18.502   45.225
  28.082   17.483   46.205
  27.229   16.373   46.171
  26.290   16.242   45.156
  29.670   20.643   45.291
  29.614   21.662   44.310
  25.537   16.036   46.056
  26.740   15.143   45.058
  25.498   16.120   44.309
  29.164   22.761   44.408
  30.367   21.868   43.410
  30.193   21.961   44.741
  27.992   27.642   30.224
  27.552   27.101   31.380
  27.372   25.706   31.534
  26.916   25.144   32.733
  26.624   25.958   33.820
  28.432   28.183   29.068
  28.612   29.579   28.914
  27.305   25.183   34.417
  25.606   25.339   33.844
  26.375   26.629   34.741
  29.630   30.197   28.891
  27.931   30.353   28.317
  28.834   29.363   28.197
  13.438   28.657   42.411
  14.589   28.347   43.044
  14.705   27.209   43.876
  15.899   26.888   44.533
  17.020   27.694   44.380
  12.286   28.966   41.778
  12.170   30.104   40.945
  17.571   26.661   44.153
  17.057   27.646   45.570
  17.969   28.361   44.260
  12.134   30.152   39.755
  11.620   31.136   41.172
  11.440   29.839   40.864
  39.988   21.332   39.376
  40.498   21.446   38.131
  41.088   20.349   37.459
  41.617   20.467   36.169
  41.574   21.686   35.503
  39.478   21.219   40.621
  38.887   22.315   41.292
  41.128   21.035   34.610
  42.730   21.471   35.306
  41.545   22.703   34.933
  37.731   22.530   41.489
  39.333   22.966   42.185
  38.788   21.781   41.854
  41.110   47.204   22.199
  40.227   47.741   23.067
  39.190   46.976   23.653
  38.274   47.534   24.552
  38.361   48.877   24.898
  41.994   46.666   21.332
  43.030   47.431   20.746
  38.285   48.460   26.012
  37.198   48.884   24.642
  38.423   50.002   25.198
  44.194   47.423   21.002
  43.106   47.847   19.632
  43.195   46.749   20.403
  42.665    3.002   19.941
  41.682    3.739   19.383
  41.957    4.842   18.540
  40.937    5.607   17.962
  39.605    5.296   18.205
  43.649    2.265   20.499
  43.373    1.162   21.342
  39.507    5.367   17.020
  39.514    6.459   18.450
  38.483    5.046   18.401
  43.465   -0.001   21.097
  43.471    1.091   22.528
  44.153    1.123   21.368
  48.084   17.166   21.263
  48.372   16.125   22.074
  49.510   15.308   21.870
  49.808   14.229   22.711
  48.981   13.929   23.785
  47.796   18.206   20.453
  46.659   19.023   20.657
  50.002   13.911   24.399
  49.030   12.822   23.346
  48.294   13.665   24.691
  46.609   20.130   21.096
  45.638   19.040   20.043
  46.938   19.386   20.024
  24.768   27.213   11.093
  25.054   26.947   12.385
  24.150   27.251   13.431
  24.447   26.975   14.771
  25.657   26.384   15.113
  24.482   27.480    9.800
  25.386   27.175    8.755
  24.968   25.640   15.739
  25.714   27.269   15.909
  26.668   25.889   15.414
  25.328   26.291    7.958
  26.074   27.919    8.129
  24.816   27.482    8.317
  35.423   34.875   18.944
  36.566   34.616   18.275
  36.615   34.574   16.861
  37.801   34.305   16.167
  38.980   34.068   16.862
  34.279   35.135   19.613
  34.231   35.176   21.027
  39.432   34.875   16.111
  39.055   33.115   16.150
  39.977   33.867   17.433
  34.155   36.129   21.739
  33.779   34.369   21.778
  33.478   35.335   20.890
   4.708    5.012   15.793
   3.800    5.946   15.439
   2.889    5.742   14.376
   1.948    6.711   14.009
   1.885    7.920   14.691
   5.615    4.077   16.147
   6.527    4.281   17.210
   0.719    7.677   14.749
   1.904    8.390   13.596
   1.821    8.938   15.255
   6.507    3.811   18.305
   7.692    4.524   17.152
   6.760    3.564   17.007
  20.297   33.777   11.519
  21.536   34.075   11.073
  22.556   34.531   11.940
  23.841   34.840   11.477
  24.150   34.704   10.129
  19.059   33.479   11.966
  18.038   33.023   11.099
  25.096   34.107   10.540
  24.583   35.808   10.251
  24.424   34.594    9.001
  17.606   31.919   10.977
  17.092   33.620   10.687
  17.626   33.012   11.762
  28.861    0.590   20.987
  29.975    1.113   21.543
  30.908    0.313   22.244
  32.063    0.855   22.821
  32.326    2.215   22.718
  27.747    0.068   20.430
  26.814    0.868   19.729
  33.402    1.848   22.363
  32.501    2.138   23.894
  32.558    3.355   22.639
  26.638    0.945   18.553
  25.737    1.235   20.084
  26.450    0.182   19.645
  10.750   30.612    5.173
  10.525   30.529    3.845
  10.096   31.643    3.086
   9.862   31.557    1.708
  10.049   30.354    1.040
  10.976   30.694    6.502
  11.405   29.580    7.261
  10.680   31.022    0.282
   8.964   30.579    0.601
  10.202   29.350    0.467
  12.489   29.355    7.700
  10.774   28.911    8.019
  11.378   30.100    7.842
  39.984   11.036   23.694
  40.606   11.218   24.878
  41.346   12.390   25.165
  41.992   12.578   26.393
  41.920   11.602   27.378
  39.362   10.854   22.510
  38.622    9.682   22.224
  41.619   12.517   28.080
  43.103   11.741   27.419
  41.868   10.791   28.214
  37.439    9.543   22.183
  38.923    8.767   21.522
  38.510   10.047   21.543
  30.844   34.392   17.737
  30.980   33.055   17.862
  29.863   32.199   18.016
  30.004   30.812   18.145
  31.266   30.232   18.124
  30.709   35.730   17.613
  31.826   36.586   17.458
  30.774   29.502   17.321
  30.885   29.679   19.109
  32.319   29.731   18.108
  32.206   37.138   16.474
  32.318   37.316   18.261
  31.269   37.133   17.439
  18.297   17.331   18.627
  18.986   17.796   19.690
  20.122   18.626   19.543
  20.837   19.108   20.647
  20.441   18.775   21.936
  17.607   16.867   17.563
  16.471   16.036   17.710
  20.533   19.948   22.127
  21.591   18.493   22.076
  20.120   18.504   23.024
  15.322   16.319   17.569
  16.380   14.864   17.519
  16.479   16.069   16.929
  28.691   36.868    6.902
  29.810   36.113    6.901
  29.760   34.699    6.885
  30.921   33.916    6.884
  32.172   34.519    6.899
  27.572   37.623    6.903
  27.621   39.037    6.918
  32.396   33.778    5.992
  32.384   33.759    7.792
  33.229   35.012    6.911
  27.409   39.797    6.025
  27.398   39.778    7.825
  26.844   38.959    6.913
   3.740   37.075    2.136
   4.318   35.940    1.689
   5.619   35.553    2.089
   6.218   34.376    1.625
   5.538   33.544    0.744
   3.162   38.210    2.584
   1.861   38.598    2.184
   5.855   32.689    1.511
   6.552   33.593    0.120
   4.978   32.837    0.005
   0.848   38.549    2.808
   1.545   39.453    1.416
   2.013   39.203    2.653
   8.933   47.392    5.664
   8.283   46.223    5.845
   6.884   46.165    6.046
   6.210   44.953    6.233
   6.912   43.754    6.227
   9.582   48.562    5.483
  10.982   48.619    5.282
   6.065   43.413    5.460
   6.315   43.549    7.238
   7.489   42.740    6.223
  11.578   48.824    4.271
  11.828   48.960    6.048
  10.838   49.386    5.244
  15.550    9.123   49.101
  14.225    9.378   49.101
  13.261    8.341   49.101
  11.887    8.606   49.101
  11.426    9.917   49.101
  16.876    8.867   49.101
  17.839    9.904   49.102
  10.742    9.539   50.000
  10.743    9.539   48.200
  11.026   11.012   49.100
  18.523   10.281   50.002
  18.523   10.281   48.202
  18.334    9.299   49.102
  22.284   34.680   43.041
  22.345   33.682   42.133
  21.198   32.948   41.749
  21.260   31.913   40.809
  22.471   31.576   40.218
  22.224   35.678   43.948
  23.371   36.413   44.332
  21.849   31.648   39.205
  22.164   30.466   40.525
  23.482   31.282   39.715
  23.679   37.522   44.025
  23.994   36.340   45.346
  22.853   36.781   44.785
  43.312   12.679   15.645
  44.409   13.008   14.931
  45.676   13.181   15.537
  46.813   13.522   14.796
  46.725   13.701   13.421
  42.215   12.351   16.360
  40.949   12.178   15.753
  47.666   12.970   13.396
  47.307   14.716   13.647
  46.665   13.855   12.267
  40.367   11.163   15.527
  40.008   12.908   15.778
  40.735   12.028   16.490
  34.317   44.803    6.071
  34.785   45.110    4.842
  34.117   46.023    3.992
  34.603   46.341    2.718
  35.774   45.758    2.249
  33.848   44.496    7.299
  34.516   43.584    8.150
  36.073   46.881    1.985
  35.118   45.527    1.282
  36.756   45.276    1.844
  35.172   43.815    9.118
  34.216   42.461    8.415
  33.921   43.757    8.626
  39.607   16.098   44.569
  38.428   15.567   44.956
  37.398   16.358   45.518
  36.175   15.807   45.920
  35.938   14.446   45.774
  40.786   16.629   44.181
  41.816   15.838   43.619
  34.922   14.809   45.268
  35.594   14.516   46.912
  35.727   13.305   45.657
  42.161   15.768   42.481
  42.833   15.475   44.125
  42.184   16.527   43.592
  33.610   36.243    3.019
  33.484   34.979    3.476
  34.608   34.185    3.806
  34.477   32.874    4.280
  33.218   32.311    4.441
  33.737   37.507    2.562
  32.613   38.301    2.233
  33.629   32.019    5.521
  33.689   31.402    3.831
  32.167   31.825    4.581
  32.141   39.210    2.843
  32.201   38.593    1.153
  33.166   38.825    2.061
  16.441   17.635   32.336
  16.174   18.733   31.598
  15.972   18.665   30.199
  15.695   19.803   29.433
  15.610   21.051   30.038
  16.708   16.536   33.075
  16.910   16.604   34.474
  14.588   21.132   29.432
  16.351   21.381   29.165
  15.537   22.104   30.534
  16.170   16.275   35.347
  17.933   16.523   35.080
  17.007   15.834   34.390
  31.312   30.712   32.430
  32.321   31.398   31.852
  32.777   31.101   30.546
  33.823   31.812   29.946
  34.451   32.845   30.631
  30.303   30.027   33.009
  29.847   30.323   34.315
  34.263   33.453   29.623
  35.448   32.282   30.303
  34.986   33.714   31.194
  28.849   30.887   34.643
  30.034   29.715   35.323
  29.355   29.736   34.162
  39.652   45.256   14.727
  39.542   46.315   13.898
  40.008   46.274   12.562
  39.893   47.372   11.702
  39.309   48.552   12.147
  39.762   44.197   15.557
  39.297   44.238   16.893
  38.674   48.464   11.142
  40.285   49.057   11.685
  38.821   49.548   12.507
  38.321   43.733   17.354
  39.931   44.326   17.897
  39.565   43.505   16.897
  17.565   45.994   45.932
  16.527   46.408   45.175
  16.716   47.014   43.910
  15.639   47.443   43.125
  14.335   47.281   43.577
  18.604   45.580   46.689
  18.415   44.974   47.954
  14.157   46.813   42.496
  14.228   48.431   43.282
  13.236   47.152   43.944
  18.522   43.825   48.249
  18.594   45.442   49.035
  19.196   44.947   47.939
  29.077   37.140   19.261
  27.766   37.193   18.944
  27.180   38.347   18.371
  25.820   38.403   18.043
  24.998   37.307   18.275
  30.389   37.086   19.578
  30.975   35.932   20.150
  24.661   37.485   17.146
  24.289   38.113   18.791
  24.297   36.394   18.464
  31.685   35.126   19.633
  31.313   35.754   21.279
  31.617   36.377   20.126
  39.271   39.532   13.426
  39.944   40.699   13.346
  39.298   41.949   13.501
  39.996   43.160   13.419
  41.364   43.164   13.178
  38.598   38.364   13.505
  39.243   37.114   13.350
  41.395   43.904   14.111
  41.082   43.963   12.339
  42.513   43.182   12.976
  39.525   36.315   14.188
  39.213   36.374   12.416
  38.520   36.846   13.468
  30.907    9.720   47.098
  31.791   10.522   47.728
  32.130   10.340   49.090
  33.047   11.172   49.744
  33.659   12.214   49.059
  30.022    8.918   46.468
  29.684    9.099   45.106
  34.658   11.759   49.520
  33.318   12.860   50.000
  34.179   13.093   48.495
  30.024    8.453   44.164
  28.684    9.555   44.644
  29.227    8.482   45.247
  33.143   31.570   22.635
  34.289   30.975   22.240
  34.296   29.717   21.594
  35.485   29.100   21.184
  36.708   29.719   21.407
  31.998   32.165   23.030
  31.990   33.424   23.676
  36.893   29.478   20.255
  37.017   28.658   21.852
  37.742   30.228   21.588
  31.681   34.485   23.231
  31.805   33.665   24.829
  31.219   33.302   23.674
  23.035   41.604   10.650
  24.042   40.706   10.596
  23.813   39.314   10.706
  24.857   38.383   10.649
  26.168   38.811   10.480
  22.029   42.501   10.705
  22.258   43.893   10.595
  26.189   37.985    9.622
  26.384   38.094   11.408
  27.273   39.156   10.339
  22.042   44.610    9.668
  22.236   44.719   11.454
  21.482   43.920   10.678
  10.295   37.089   24.773
   9.152   36.933   25.475
   8.258   35.866   25.223
   7.073   35.704   25.950
   6.740   36.603   26.956
  11.438   37.246   24.072
  12.332   38.313   24.323
   6.561   35.617   27.600
   5.686   36.633   26.400
   6.448   37.351   27.802
  13.386   38.283   24.879
  12.510   39.299   23.679
  12.732   37.974   23.744
  13.111    5.802   42.791
  14.193    5.145   43.260
  14.189    4.493   44.516
  15.311    3.812   45.003
  16.478    3.759   44.252
  12.029    6.458   42.321
  12.034    7.110   41.065
  16.418    2.591   44.481
  16.994    4.104   45.269
  17.464    3.706   43.631
  11.518    6.765   40.048
  12.094    8.278   40.835
  11.301    7.282   41.271
  29.897   34.801   46.052
  29.769   36.142   45.972
  30.701   37.022   46.571
  30.568   38.413   46.488
  29.497   38.974   45.803
  30.026   33.459   46.132
  29.094   32.579   45.533
  30.344   39.628   45.278
  29.373   39.625   46.793
  28.603   39.458   45.231
  29.218   31.928   44.543
  28.247   31.926   46.058
  29.569   32.039   45.837
  45.568   44.923   27.082
  44.448   45.675   27.133
  44.492   47.089   27.125
  43.331   47.869   27.178
  42.083   47.262   27.241
  46.688   44.172   27.031
  46.643   42.757   27.040
  41.819   48.007   26.349
  41.906   48.015   28.147
  41.029   46.765   27.294
  46.820   42.004   26.133
  46.907   42.012   27.931
  47.419   42.839   27.002
  12.093   31.705   15.990
  11.243   32.739   15.818
   9.839   32.561   15.797
   8.957   33.634   15.618
   9.448   34.923   15.453
  12.943   30.670   16.163
  14.346   30.848   16.183
   8.653   35.194   16.299
   8.711   34.945   14.517
   9.847   36.010   15.314
  15.083   30.827   17.119
  15.141   30.577   15.338
  14.336   30.075   16.291
  11.173   18.041   40.044
  11.236   19.376   40.232
  10.140   20.115   40.739
  10.206   21.500   40.933
  11.368   22.196   40.627
  11.110   16.705   39.857
  12.206   15.967   39.350
  11.225   22.656   41.717
  10.626   22.919   40.040
  12.338   22.792   40.375
  12.948   15.243   39.937
  12.349   15.507   38.260
  11.707   15.372   39.434
   6.358   30.120    5.062
   6.072   29.607    6.278
   6.633   30.133    7.465
   6.337   29.601    8.726
   5.469   28.522    8.843
   6.644   30.633    3.847
   6.083   30.107    2.659
   4.947   29.200    9.674
   6.336   28.065    9.521
   4.742   27.618    8.957
   5.216   30.564    1.982
   6.605   29.429    1.829
   6.510   30.673    2.333
  42.472   26.813   33.104
  43.711   26.436   33.483
  44.831   26.572   32.628
  46.116   26.180   33.022
  46.328   25.639   34.283
  41.232   27.191   32.725
  40.113   27.054   33.579
  47.209   26.439   34.337
  46.908   24.791   33.679
  46.520   25.183   35.339
  39.533   27.902   34.183
  39.232   26.254   33.526
  39.741   27.366   32.967
   6.553   31.767    9.043
   5.210   31.902    9.082
   4.589   33.093    9.527
   3.197   33.234    9.568
   2.376   32.188    9.164
   7.896   31.632    9.005
   8.517   30.441    8.559
   1.839   33.032    8.516
   1.823   32.394   10.199
   1.675   31.318    8.828
   9.070   30.234    7.524
   9.054   29.597    9.207
   9.166   30.845    8.719
  11.722   38.655    3.680
  10.553   38.181    3.201
  10.152   36.837    3.393
   8.939   36.346    2.895
   8.083   37.181    2.188
  12.892   39.128    4.160
  13.292   40.472    3.968
   7.259   36.751    2.934
   8.076   36.288    1.398
   7.355   37.871    1.593
  13.299   41.364    4.757
  14.116   40.901    3.222
  13.916   40.232    4.372
  43.280   37.138   39.505
  42.722   38.163   40.183
  42.524   39.433   39.592
  41.944   40.496   40.295
  41.542   40.326   41.614
  43.839   36.113   38.827
  44.037   34.842   39.417
  40.526   40.816   41.230
  42.155   41.332   41.795
  41.199   40.197   42.721
  43.423   33.837   39.237
  45.053   34.352   39.801
  44.332   34.679   38.713
  44.152   25.051   10.031
  44.561   23.962    9.346
  43.785   22.781    9.283
  44.209   21.651    8.573
  45.425   21.662    7.902
  43.743   26.141   10.715
  44.519   27.322   10.779
  44.778   21.248    6.991
  45.599   20.628    8.468
  46.444   21.658    7.334
  44.345   28.356   10.212
  45.166   27.736   11.690
  43.919   27.566   11.215
  42.640   15.689   26.312
  42.397   15.747   24.985
  41.185   15.281   24.423
  40.933   15.342   23.047
  41.884   15.871   22.184
  42.882   15.630   27.639
  44.094   16.097   28.201
  40.966   16.507   21.770
  41.690   14.872   21.565
  42.674   16.313   21.449
  44.289   17.096   28.820
  45.013   15.461   28.615
  43.753   15.862   28.863
  26.714   31.847   49.139
  26.311   30.746   48.471
  26.725   29.446   48.849
  26.307   28.304   48.156
  25.459   28.420   47.061
  27.117   32.949   49.807
  26.703   34.249   49.429
  24.833   27.575   47.621
  26.259   27.713   46.532
  24.748   28.503   46.141
  25.903   34.956   49.959
  27.329   35.094   48.870
  27.148   34.452   50.038
  42.349   36.025    3.631
  42.162   36.507    4.878
  41.332   35.852    5.819
  41.138   36.352    7.112
  41.766   37.525    7.511
  42.537   35.542    2.384
  43.366   36.197    1.444
  42.087   36.878    8.459
  40.675   37.831    7.878
  42.288   38.508    7.858
  44.458   35.891    1.077
  43.046   36.845    0.496
  43.147   35.599    0.993
  14.566   39.544   11.260
  14.614   40.346   12.344
  13.645   41.351   12.578
  13.695   42.183   13.703
  14.715   42.040   14.634
  14.518   38.742   10.175
  15.487   37.737    9.942
  13.820   42.039   15.421
  14.823   43.219   14.504
  15.566   41.931   15.424
  15.380   36.558   10.072
  16.382   37.738    9.155
  15.051   37.613    9.306
  40.753    6.659    9.466
  41.672    5.889    8.846
  41.492    4.496    8.675
  42.445    3.698    8.033
  43.614    4.264    7.539
  39.833    7.429   10.085
  40.014    8.822   10.257
  43.329    3.669    6.546
  44.141    3.369    8.125
  44.599    4.726    7.120
  39.487    9.716    9.671
  40.299    9.417   11.249
  39.316    8.762   10.604
  27.659   37.615   27.877
  27.015   36.932   26.907
  27.124   35.526   26.780
  26.457   34.818   25.774
  25.656   35.489   24.859
  28.303   38.298   28.847
  28.194   39.703   28.974
  24.855   34.654   25.143
  26.274   34.863   24.055
  24.981   36.040   24.084
  27.576   40.330   29.777
  28.994   40.538   28.689
  28.674   39.579   29.577
  24.371    3.117   42.521
  23.306    2.488   43.062
  23.451    1.416   43.974
  22.347    0.765   44.536
  21.057    1.162   44.205
  25.436    3.745   41.979
  25.290    4.817   41.067
  20.895    1.165   45.386
  20.887   -0.002   44.015
  19.969    1.485   43.936
  25.460    5.981   41.257
  25.452    4.814   39.887
  26.071    4.795   41.081
  28.459   19.974   14.188
  29.329   19.775   13.176
  30.696   20.127   13.282
  31.599   19.919   12.232
  31.168   19.352   11.039
  27.588   20.174   15.200
  26.221   19.822   15.094
  32.109   18.637   11.190
  31.736   20.276   10.546
  30.819   18.878   10.033
  25.653   18.899   15.588
  25.280   20.538   14.944
  26.202   20.104   15.822
  16.114   39.897    8.828
  17.029   39.741    9.808
  16.720   39.984   11.168
  17.668   39.822   12.185
  18.960   39.413   11.878
  15.200   40.052    7.847
  15.509   39.810    6.487
  18.776   38.621   12.750
  19.276   40.340   12.557
  20.048   39.069   11.635
  15.193   38.883    5.809
  15.693   40.601    5.616
  14.762   40.016    6.391
  22.922   14.326   30.418
  24.126   14.932   30.490
  24.846   15.310   29.332
  26.095   15.939   29.406
  26.668   16.213   30.642
  21.718   13.719   30.346
  20.999   13.342   31.504
  26.819   17.303   30.184
  27.630   15.696   30.164
  27.161   16.448   31.672
  20.037   13.859   31.982
  20.848   12.252   31.962
  20.485   13.089   30.973
  10.868   24.992   14.762
  11.889   25.613   14.134
  13.223   25.151   14.234
  14.281   25.795   13.582
  14.044   26.923   12.807
   9.847   24.371   15.391
   8.513   24.833   15.291
  14.691   26.341   11.993
  14.944   27.385   13.437
  13.859   27.871   12.154
   7.613   24.371   14.661
   7.866   25.416   16.105
   8.379   24.221   15.757
  19.016   19.215   43.056
  20.122   18.543   43.441
  21.316   18.567   42.683
  22.463   17.870   43.082
  22.457   17.124   44.254
  17.910   19.887   42.671
  16.716   19.863   43.430
  23.468   17.713   44.480
  22.912   16.270   43.559
  22.465   16.495   45.235
  16.261   20.717   44.125
  15.705   19.274   43.203
  16.466   20.327   42.854
  17.363   18.938   45.318
  17.829   19.918   46.121
  17.118   21.125   46.321
  17.602   22.142   47.153
  18.813   21.987   47.816
  16.897   17.958   44.515
  17.607   16.750   44.316
  18.187   22.330   48.770
  19.046   23.068   47.370
  19.828   21.871   48.378
  17.375   15.670   44.761
  18.234   16.407   43.362
  16.996   16.591   43.856
   4.201   14.223    6.173
   4.172   13.141    6.980
   3.770   13.225    8.334
   3.740   12.103    9.170
   4.112   10.856    8.683
   4.230   15.305    5.367
   4.633   15.221    4.013
   3.086   10.502    9.175
   4.789   10.820    9.662
   4.421    9.804    8.286
   3.955   15.257    3.033
   5.658   15.575    3.520
   4.484   15.987    4.032
  38.495   12.990   37.758
  39.610   13.615   38.191
  40.905   13.179   37.823
  42.062   13.828   38.273
  41.964   14.935   39.106
  37.379   12.365   37.324
  36.084   12.800   37.692
  42.719   15.426   38.325
  42.764   14.347   39.765
  41.897   15.866   39.805
  35.284   13.388   37.033
  35.330   12.309   38.473
  35.870   12.196   37.246
   3.155   44.938   33.386
   4.441   45.312   33.218
   5.464   44.376   32.936
   6.798   44.763   32.762
   7.157   46.102   32.864
   1.869   44.564   33.554
   0.846   45.501   33.837
   7.711   45.898   31.829
   8.003   45.684   33.592
   7.472   47.221   32.947
   0.000   45.918   33.109
   0.293   45.704   34.872
   0.403   44.858   33.833
  43.708   29.912   29.642
  43.161   29.694   28.427
  43.163   28.414   27.822
  42.596   28.188   26.563
  42.005   29.233   25.863
  44.255   30.130   30.857
  44.253   31.409   31.462
  41.100   28.468   25.742
  42.680   28.839   24.963
  41.506   30.101   25.265
  43.578   31.803   32.362
  45.158   32.174   31.583
  44.624   31.023   32.030
  41.077   35.245   46.365
  39.864   34.711   46.112
  39.616   33.924   44.962
  38.357   33.370   44.699
  37.302   33.583   45.577
  42.291   35.780   46.618
  42.539   36.566   47.768
  37.171   32.401   45.501
  36.709   33.881   44.587
  36.407   33.753   46.305
  43.131   36.268   48.758
  42.670   37.748   47.844
  43.256   36.600   47.460
  29.516    7.468   48.889
  28.985    6.227   48.863
  29.790    5.070   48.733
  29.240    3.783   48.706
  27.866    3.607   48.808
  30.046    8.710   48.915
  29.241    9.866   49.045
  28.162    2.810   49.644
  28.015    2.910   47.853
  26.714    3.444   48.893
  29.092   10.563   50.000
  28.945   10.663   48.209
  29.935   10.223   49.008
  41.778   32.146   26.329
  40.562   32.516   26.784
  39.782   31.673   27.611
  38.521   32.057   28.082
  37.994   33.297   27.743
  42.995   31.776   25.875
  43.774   32.619   25.048
  37.793   33.387   28.914
  37.028   32.663   27.454
  37.541   34.335   27.466
  44.741   33.253   25.336
  43.976   32.529   23.877
  44.272   32.018   25.086
   2.324    2.192   42.754
   2.011    3.416   42.278
   0.819    3.657   41.555
   0.494    4.927   41.062
   1.351    6.000   41.274
   2.637    0.968   43.229
   3.830    0.727   43.952
   0.359    6.551   41.640
   1.215    6.172   40.102
   2.060    6.910   41.444
   3.965    0.555   45.124
   4.821    0.176   43.586
   3.545   -0.000   43.972
  43.818   30.075    7.031
  43.227   30.118    5.818
  42.052   29.384    5.529
  41.439   29.429    4.272
  41.979   30.210    3.257
  44.410   30.031    8.243
  45.584   30.765    8.532
  40.861   30.610    3.149
  41.865   29.217    2.609
  42.421   30.862    2.397
  45.698   31.759    9.180
  46.702   30.365    8.641
  45.495   30.430    9.231
   7.018   14.739    1.165
   5.704   15.011    1.019
   5.154   16.265    1.379
   3.791   16.547    1.228
   2.929   15.587    0.713
   8.332   14.466    1.310
   8.882   13.213    0.951
   2.576   16.473    0.000
   2.265   15.860    1.664
   2.195   14.790    0.282
   9.547   12.939    0.000
   9.236   12.326    1.664
   9.541   13.551    1.198
  23.031   16.938   24.841
  22.247   15.841   24.770
  20.885   15.915   24.395
  20.073   14.777   24.322
  20.594   13.524   24.620
  23.814   18.036   24.912
  25.176   17.961   25.287
  20.091   13.212   23.586
  19.628   13.431   25.312
  21.019   12.467   24.868
  26.142   18.055   24.595
  25.679   18.274   26.321
  25.138   18.734   25.179
  48.892   41.752   47.979
  48.261   40.582   48.215
  48.813   39.587   49.056
  48.158   38.374   49.301
  46.928   38.112   48.712
  49.523   42.921   47.744
  48.971   43.916   46.902
  46.607   37.816   49.821
  47.440   37.081   48.405
  45.894   37.880   48.225
  48.458   44.947   47.209
  49.292   44.212   45.793
  49.628   44.292   47.094
  12.503   32.255   47.840
  11.952   33.385   47.349
  12.692   34.583   47.213
  12.120   35.755   46.704
  10.787   35.770   46.312
  13.055   31.125   48.332
  12.315   29.926   48.467
  11.220   36.267   45.319
  10.736   36.754   46.983
   9.669   35.797   45.980
  12.365   28.943   47.796
  11.882   29.430   49.460
  12.996   29.662   48.743
  25.785   29.437   10.935
  27.072   29.089   11.149
  28.148   29.813   10.583
  29.482   29.453   10.804
  29.789   28.356   11.599
  24.498   29.784   10.721
  23.422   29.060   11.287
  30.534   29.115   12.135
  30.488   28.051   10.684
  30.060   27.437   12.264
  22.722   29.364   12.203
  22.676   28.300   10.752
  23.000   29.596   10.907
  28.313   25.772   43.401
  27.386   24.865   43.025
  27.675   23.481   42.958
  26.714   22.541   42.568
  25.430   22.951   42.230
  29.240   26.679   43.777
  28.951   28.062   43.844
  25.097   22.086   42.980
  25.609   22.276   41.265
  24.349   23.281   41.945
  28.773   28.737   44.810
  29.284   28.927   43.094
  29.698   28.099   44.070
  33.702   26.839   14.943
  32.431   27.292   14.928
  32.118   28.638   14.623
  30.800   29.109   14.607
  29.747   28.250   14.895
  34.974   26.385   14.959
  35.286   25.039   15.264
  29.280   28.694   13.893
  29.411   29.120   15.637
  28.853   27.539   15.135
  35.622   24.169   14.522
  35.753   24.594   16.266
  36.016   25.294   15.147
  40.131   12.560   40.823
  40.056   11.975   39.609
  41.091   11.149   39.109
  41.014   10.543   37.850
  39.899   10.740   37.045
  40.205   13.145   42.037
  39.170   13.971   42.537
  39.920    9.552   36.949
  40.709   10.990   36.208
  38.969   10.897   36.360
  38.360   13.720   43.374
  39.149   15.158   42.633
  39.652   14.022   43.150
  34.108    3.067    5.346
  34.169    3.899    4.284
  35.375    4.527    3.892
  35.439    5.389    2.792
  34.299    5.654    2.043
  34.046    2.235    6.407
  32.840    1.607    6.799
  35.004    5.395    1.118
  34.626    6.791    2.190
  33.350    5.886    1.406
  32.514    0.470    6.653
  32.135    1.866    7.724
  33.301    1.307    7.353
  40.568   18.477   42.984
  41.687   19.216   43.136
  42.269   19.445   44.405
  43.430   20.211   44.563
  44.051   20.776   43.456
  39.448   17.738   42.833
  38.867   17.510   41.563
  45.034   20.288   43.921
  44.030   21.769   44.114
  44.582   21.256   42.535
  38.888   16.516   40.905
  37.884   17.998   41.098
  38.352   17.106   41.990
  20.509   43.297   22.831
  19.467   42.439   22.877
  19.033   41.723   21.736
  17.953   40.834   21.784
  17.267   40.629   22.975
  21.550   44.154   22.784
  21.984   44.870   23.925
  17.427   39.477   22.717
  16.303   40.820   22.301
  16.683   40.448   23.968
  22.948   44.679   24.599
  21.824   46.022   24.183
  22.507   45.151   23.419
  12.075   34.193   44.809
  13.087   35.086   44.846
  14.442   34.680   44.903
  15.492   35.606   44.941
  15.225   36.969   44.923
  11.062   33.301   44.773
   9.707   33.706   44.715
  16.042   36.985   44.056
  15.968   36.995   45.854
  15.015   38.116   44.909
   8.964   33.680   43.784
   8.891   33.690   45.583
   9.587   32.935   44.715
  38.230   17.073    5.749
  38.216   15.724    5.691
  38.474   14.922    6.827
  38.459   13.523    6.767
  38.186   12.877    5.567
  38.244   18.422    5.808
  37.987   19.224    4.671
  37.413   12.256    6.228
  39.168   12.255    5.829
  37.958   12.322    4.567
  37.005   19.847    4.410
  38.760   19.845    4.011
  38.104   19.801    5.184
  16.257   30.806   25.309
  16.969   29.663   25.225
  16.345   28.398   25.105
  17.084   27.212   25.019
  18.472   27.248   25.048
  15.544   31.950   25.393
  16.168   33.215   25.513
  18.381   26.554   24.084
  18.347   26.401   25.877
  19.638   27.264   25.072
  16.293   34.062   24.684
  16.259   33.909   26.477
  15.427   33.461   25.520
  14.942   29.684    8.566
  14.713   28.374    8.801
  13.412   27.870    9.036
  13.175   26.512    9.279
  14.231   25.609    9.295
  15.170   30.993    8.332
  16.471   31.497    8.096
  13.534   24.980    8.561
  13.746   25.259   10.326
  15.108   24.840    9.312
  16.956   31.847    7.065
  17.168   32.126    8.831
  16.083   32.172    8.036
  46.732   36.438   28.885
  47.523   37.295   29.565
  47.523   37.355   30.979
  48.343   38.245   31.684
  49.193   39.105   31.000
  45.941   35.581   28.205
  45.942   35.520   26.792
  50.012   38.691   31.760
  48.710   39.934   31.707
  49.911   39.833   30.438
  46.424   34.691   26.084
  45.123   35.934   26.031
  45.407   34.966   26.921
   2.802   23.483    7.460
   2.814   22.501    6.533
   3.903   22.318    5.648
   3.916   21.300    4.687
   2.840   20.428    4.577
   2.790   24.465    8.386
   1.701   24.647    9.271
   3.685   19.588    4.604
   2.907   20.697    3.419
   1.943   19.689    4.474
   1.634   24.378   10.430
   0.856   25.487    9.244
   2.147   25.235    9.528
  32.042    1.774   40.471
  30.786    2.150   40.793
  30.415    2.466   42.122
  29.113    2.856   42.456
  28.135    2.945   41.474
  33.298    1.398   40.149
  33.669    1.083   38.820
  27.934    4.017   41.954
  27.492    2.295   42.239
  27.304    3.023   40.659
  34.312    1.732   38.055
  33.869    0.010   38.340
  34.363    0.960   39.156
   2.482   18.139   20.728
   3.341   18.181   21.768
   3.869   19.400   22.257
   4.760   19.443   23.336
   5.155   18.269   23.965
   1.623   18.097   19.687
   1.096   16.879   19.199
   4.865   18.857   24.960
   6.251   18.714   23.820
   5.496   17.291   24.501
  -0.000   16.433   19.343
   1.386   16.290   18.204
   0.735   17.358   18.699
  11.279    8.267   34.923
  10.119    7.583   35.018
   9.795    6.530   34.130
   8.592    5.820   34.228
   7.670    6.139   35.217
  12.439    8.951   34.829
  12.763   10.005   35.717
   7.680    4.965   35.423
   6.895    6.144   34.311
   6.887    6.396   36.042
  13.537   10.000   36.622
  12.752   11.178   35.510
  13.412   10.028   35.283
   9.272   45.237   41.506
   9.427   44.014   42.056
  10.560   43.681   42.837
  10.720   42.413   43.408
   9.754   41.432   43.219
   9.117   46.459   40.955
   7.985   46.793   40.175
   9.831   41.313   44.402
  10.687   40.754   42.921
   8.951   40.601   43.069
   7.052   47.471   40.473
   7.908   46.912   38.992
   8.352   47.480   40.128
   8.247   11.025   12.811
   7.360   12.042   12.834
   7.771   13.396   12.848
   6.851   14.451   12.872
   5.486   14.190   12.882
   9.134   10.008   12.788
   8.723    8.654   12.773
   5.460   14.983   11.993
   5.478   14.958   13.793
   4.338   13.984   12.890
   8.732    7.886   11.862
   8.749    7.861   13.662
   9.494    8.531   12.764
  42.645   45.463   28.375
  42.351   45.014   27.136
  42.979   43.873   26.583
  42.675   43.407   25.299
  41.730   44.065   24.521
  42.939   45.913   29.613
  42.310   47.054   30.166
  41.282   42.971   24.370
  42.577   44.017   23.684
  40.940   44.608   23.858
  41.464   47.102   31.003
  42.758   48.148   30.317
  42.771   46.882   30.773
   8.189   31.586   37.005
   9.486   31.940   37.134
  10.472   31.028   37.579
  11.816   31.395   37.712
  12.223   32.688   37.405
   6.893   31.232   36.877
   5.907   32.144   36.431
  13.062   32.132   36.767
  12.757   32.633   38.469
  12.577   33.769   37.150
   5.373   32.199   35.368
   5.067   32.700   37.069
   5.441   31.525   36.530
  12.260    9.870    5.665
  11.244    9.047    5.331
  11.445    7.669    5.081
  10.391    6.815    4.734
   9.098    7.310    4.623
  13.277   10.692    6.000
  13.075   12.071    6.250
   8.823    6.382    5.319
   9.108    6.739    3.578
   8.007    7.712    4.527
  13.065   12.642    7.296
  13.350   12.998    5.554
  13.847   12.052    6.372
  39.617   35.680   18.759
  40.693   34.985   19.187
  40.722   34.349   20.450
  41.837   33.629   20.894
  42.964   33.518   20.089
  38.542   36.375   18.332
  38.513   37.011   17.068
  42.868   32.357   20.337
  43.542   33.854   21.075
  43.916   33.418   19.423
  37.935   36.675   16.082
  38.609   38.172   16.820
  37.798   37.216   17.306
  21.377   21.290   32.627
  20.620   20.984   31.552
  19.366   21.596   31.318
  18.581   21.278   30.203
  19.023   20.337   29.282
  22.134   21.597   33.702
  23.388   20.985   33.936
  18.745   21.178   28.485
  17.934   19.876   29.426
  19.382   19.549   28.501
  24.477   21.446   33.791
  23.666   20.144   34.733
  23.377   21.447   34.565
  18.589   40.948   32.195
  18.274   42.016   32.958
  18.903   42.260   34.203
  18.576   43.368   34.994
  17.610   44.271   34.569
  18.904   39.879   31.432
  18.276   39.635   30.188
  18.440   45.084   34.835
  17.170   44.116   35.666
  16.801   45.037   34.225
  18.716   39.790   29.091
  17.446   38.822   29.923
  18.750   39.015   30.191
  14.540    3.447   36.461
  13.855    2.714   37.363
  14.501    2.030   38.420
  13.791    1.269   39.356
  12.408    1.165   39.270
  15.225    4.180   35.558
  14.579    4.864   34.501
  12.444    1.451   40.426
  12.619   -0.002   39.378
  11.247    1.070   39.208
  14.368    6.032   34.393
  14.542    4.579   33.345
  15.311    5.075   34.331
  19.056    9.181   13.307
  19.992   10.154   13.324
  19.651   11.523   13.223
  20.621   12.533   13.240
  21.967   12.208   13.359
  18.121    8.208   13.291
  18.461    6.838   13.392
  21.957   13.036   14.216
  22.091   12.937   12.424
  23.100   11.950   13.458
  18.337    6.109   14.327
  18.471    6.010   12.535
  17.687    6.751   13.339
  19.169   31.948    7.505
  19.479   33.152    8.031
  18.693   34.303    7.787
  19.015   35.551    8.333
  20.134   35.693    9.143
  18.858   30.745    6.978
  19.644   29.594    7.222
  19.373   36.241    9.877
  20.373   36.617    8.429
  21.071   35.826    9.825
  19.406   28.670    7.936
  20.406   29.046    6.488
  19.107   29.260    6.765
  13.347   30.052   18.874
  12.549   28.992   18.626
  12.978   27.662   18.850
  12.150   26.563   18.592
  10.864   26.754   18.102
  14.145   31.113   19.122
  13.717   32.443   18.898
  10.558   26.014   18.984
  11.188   25.934   17.300
   9.783   26.900   17.690
  13.393   33.263   19.700
  14.024   33.182   18.016
  14.435   32.605   19.159
  11.976   29.714   34.371
  10.944   30.144   33.615
  10.342   29.324   32.631
   9.272   29.770   31.846
   8.764   31.051   32.019
  13.009   29.285   35.127
  13.610   30.105   36.111
   7.714   30.489   32.061
   8.873   31.113   30.833
   8.328   32.125   32.153
  13.501   30.043   37.296
  14.660   30.667   36.069
  14.057   29.473   36.212
  26.840   23.366   25.236
  28.131   23.577   24.902
  28.933   24.530   25.572
  30.271   24.749   25.225
  30.856   24.021   24.196
  25.549   23.155   25.570
  24.746   22.202   24.900
  31.720   23.834   24.994
  31.209   25.093   23.814
  31.359   23.418   23.334
  24.393   21.130   25.282
  23.882   22.389   24.102
  24.208   22.457   25.405
  12.441   16.003   18.944
  12.665   15.017   19.838
  13.926   14.837   20.455
  14.159   13.815   21.383
  13.139   12.936   21.727
  12.217   16.989   18.049
  10.956   17.169   17.432
  13.463   13.201   22.842
  13.960   12.102   21.507
  12.292   12.192   22.024
  10.134   18.004   17.652
  10.631   16.904   16.316
  11.330   17.760   17.084
   1.539   10.052   22.982
   1.383    9.795   21.666
   2.455    9.903   20.749
   2.293    9.637   19.384
   1.054    9.252   18.888
   1.695   10.309   24.298
   0.623   10.200   25.216
   1.678    8.379   18.369
   1.257   10.105   18.081
   0.019    8.928   18.458
   0.420    9.347   26.022
  -0.001   11.073   25.735
   1.175   10.419   25.723
  28.852   17.231    5.876
  29.933   17.418    6.663
  31.048   18.178    6.237
  32.169   18.372    7.053
  32.215   17.813    8.324
  27.771   17.044    5.089
  26.656   16.284    5.515
  32.533   18.913    8.654
  33.286   17.427    7.973
  32.267   17.350    9.393
  25.584   16.670    5.866
  26.337   15.184    5.185
  26.390   16.474    4.806
  20.753   46.465   46.383
  20.474   45.564   45.418
  20.157   44.218   45.718
  19.867   43.283   44.717
  19.885   43.660   43.380
  21.033   47.367   47.349
  21.350   48.713   47.049
  18.821   43.124   43.349
  20.565   42.690   43.250
  19.897   43.964   42.254
  20.670   49.682   47.179
  22.414   49.248   47.080
  21.407   48.761   47.826
  10.316   19.603   13.902
  11.357   20.396   14.232
  11.207   21.790   14.425
  12.287   22.612   14.767
  13.556   22.070   14.928
   9.274   18.810   13.572
   9.424   17.416   13.379
  13.545   22.680   15.952
  13.886   22.959   14.206
  14.626   21.628   15.067
   9.095   16.527   14.101
   9.436   16.806   12.355
   8.658   17.461   13.236
  22.354    1.094   30.790
  21.155    1.303   30.205
  20.306    0.234   29.831
  19.064    0.450   29.224
  18.625    1.744   28.968
  23.552    0.885   31.376
  24.401    1.954   31.749
  17.625    1.370   29.498
  18.408    1.315   27.878
  18.246    2.824   28.748
  24.619    2.382   32.839
  25.401    2.327   31.219
  24.857    1.367   31.989
  35.891    3.252   37.873
  34.756    3.982   37.828
  34.071    4.229   36.615
  32.894    4.986   36.568
  32.360    5.522   37.733
  37.026    2.523   37.918
  37.711    2.276   39.131
  31.347    5.032   37.340
  32.318    6.528   37.096
  31.901    5.978   38.703
  37.753    1.269   39.768
  38.724    2.765   39.524
  38.193    1.885   38.656
  40.478   20.051   15.240
  39.176   19.843   15.528
  38.162   20.735   15.104
  36.812   20.520   15.403
  36.426   19.404   16.136
  41.781   20.259   14.952
  42.794   19.367   15.375
  35.633   19.263   15.258
  35.821   20.201   16.783
  36.089   18.472   16.751
  43.400   18.571   14.728
  43.588   19.508   16.253
  43.252   19.879   15.004
  15.519   17.265    8.202
  15.674   15.946    8.449
  16.947   15.369    8.670
  17.107   14.002    8.927
  16.000   13.164    8.971
  15.365   18.583    7.955
  14.092   19.160    7.733
  16.481   12.798    9.999
  16.646   12.486    8.234
  15.080   12.449    9.012
  13.446   19.837    8.471
  13.611   19.525    6.706
  14.518   19.810    7.658
   7.026   18.139   11.794
   7.650   18.749   10.765
   7.425   18.370    9.420
   8.072   19.002    8.352
   8.968   20.037    8.590
   6.402   17.529   12.824
   6.627   17.908   14.169
   8.334   20.604    7.756
   9.680   19.414    7.866
   9.722   20.907    8.776
   5.915   18.532   14.893
   7.261   17.341   15.003
   6.111   17.338   14.305
  47.206   33.936   34.656
  47.075   32.760   35.305
  47.260   32.651   36.704
  47.124   31.431   37.377
  46.798   30.277   36.676
  47.337   35.113   34.006
  47.152   35.222   32.607
  45.972   30.150   37.526
  47.721   29.812   37.268
  46.524   29.301   36.100
  46.228   35.686   32.015
  47.977   35.349   31.757
  47.318   35.971   32.751
  14.492    8.009   41.028
  13.966    8.189   42.259
  14.433    7.473   43.386
  13.888    7.660   44.662
  12.857    8.571   44.856
  15.017    7.828   39.798
  14.551    8.544   38.670
  13.542    8.959   45.750
  12.336    7.663   45.425
  11.991    9.332   45.033
  15.071    9.452   38.101
  13.865    8.156   37.776
  15.100    8.124   38.309
  21.378   28.147   29.497
  21.668   28.149   30.815
  21.573   29.321   31.603
  21.873   29.322   32.970
  22.278   28.152   33.599
  21.089   28.146   28.178
  21.184   26.974   27.391
  21.442   28.444   34.396
  23.158   28.836   34.020
  22.619   27.176   34.140
  20.304   26.289   26.970
  22.020   26.681   26.593
  20.949   27.461   26.827
  33.569    7.038   12.931
  33.988    8.023   13.754
  34.194    7.808   15.137
  34.628    8.830   15.990
  34.872   10.103   15.491
  33.151    6.052   12.109
  32.945    6.267   10.725
  35.902    9.995   16.080
  34.191   10.451   16.405
  35.080   11.175   15.084
  33.626    5.919    9.811
  31.915    6.375   10.136
  32.748    5.512   10.746
  14.952   41.624   48.187
  14.445   42.851   48.428
  13.485   43.080   49.442
  12.959   44.354   49.691
  13.374   45.443   48.936
  15.459   40.396   47.946
  16.420   40.167   46.932
  13.527   45.957   50.000
  12.205   45.643   48.820
  13.714   46.366   48.310
  17.589   39.967   47.049
  16.267   39.653   45.868
  16.362   39.433   47.192
  29.802   44.767    5.695
  29.305   44.412    4.491
  28.934   45.372    3.520
  28.419   45.004    2.272
  28.257   43.663    1.949
  30.298   45.122    6.899
  30.670   44.162    7.870
  28.831   43.968    0.950
  27.163   44.006    1.626
  28.117   42.540    1.665
  31.765   43.818    8.193
  30.097   43.856    8.869
  30.851   44.802    8.279
  22.312   40.110   12.740
  21.355   41.054   12.615
  21.612   42.421   12.877
  20.620   43.400   12.747
  19.336   43.048   12.350
  23.269   39.166   12.866
  23.012   37.799   12.604
  19.472   43.940   11.572
  19.007   43.697   13.294
  18.254   42.766   12.018
  23.342   37.150   11.660
  22.876   36.907   13.382
  23.766   37.730   12.798
  24.243   23.113   39.754
  23.761   21.857   39.867
  24.614   20.731   39.947
  24.114   19.428   40.065
  22.743   19.206   40.106
  24.725   24.369   39.640
  23.872   25.495   39.560
  23.011   18.544   41.060
  22.981   18.394   39.267
  21.595   19.004   40.142
  23.634   26.307   40.399
  23.604   26.157   38.606
  24.553   25.875   39.517
  20.251   43.835   15.889
  20.207   44.955   15.136
  18.993   45.459   14.611
  18.947   46.620   13.831
  20.114   47.318   13.546
  20.294   42.715   16.642
  21.508   42.211   17.166
  19.484   48.262   13.910
  19.714   47.272   12.425
  21.086   47.914   13.300
  21.908   42.258   18.288
  22.138   41.268   16.802
  21.032   41.664   17.457
  44.318   17.571   11.665
  45.306   17.676   12.578
  46.002   18.889   12.794
  47.027   18.998   13.741
  47.393   17.897   14.506
  43.329   17.466   10.751
  42.634   16.253   10.535
  47.291   18.660   15.417
  48.497   18.191   14.165
  47.711   16.982   15.155
  41.530   15.959   10.876
  42.736   15.491    9.625
  42.255   16.687   10.008
  14.209   24.889    6.469
  12.950   24.403    6.416
  11.874   25.032    7.086
  10.570   24.528    7.031
  10.294   23.377    6.304
  15.467   25.375    6.522
  16.543   24.747    5.851
   9.415   24.036    5.842
   9.740   23.035    7.302
  10.049   22.412    5.697
  17.096   25.089    4.853
  17.422   24.088    6.313
  16.945   25.337    6.166
   7.466    5.313   47.113
   6.984    6.210   46.228
   5.880    5.919   45.391
   5.379    6.849   44.473
   5.964    8.104   44.358
   7.949    4.415   47.999
   9.053    4.706   48.835
   4.841    8.492   44.449
   5.961    7.855   43.192
   6.446    9.161   44.251
   9.056    4.955   50.000
  10.176    4.318   48.744
   8.920    3.979   49.085
  45.100   39.816   16.505
  43.875   39.364   16.165
  43.602   37.985   16.004
  42.330   37.516   15.651
  41.287   38.410   15.448
  46.326   40.268   16.845
  46.599   41.647   17.006
  40.692   37.681   16.179
  41.132   37.798   14.437
  40.402   39.149   15.274
  46.754   42.259   18.017
  47.194   42.376   16.275
  47.314   41.378   17.169
  15.033   40.262   25.797
  14.125   41.261   25.799
  12.884   41.149   25.129
  11.943   42.185   25.131
  12.210   43.372   25.803
  15.940   39.262   25.795
  17.182   39.375   26.465
  11.127   43.198   26.271
  11.871   43.876   24.778
  12.421   44.373   26.363
  17.520   38.870   27.490
  18.264   39.548   25.997
  17.278   38.653   26.184
  35.445   34.881   34.220
  35.509   35.916   35.085
  36.061   37.166   34.719
  36.128   38.239   35.617
  35.644   38.099   36.912
  35.381   33.847   33.354
  34.829   32.596   33.720
  35.077   39.119   36.671
  36.699   38.562   37.216
  35.243   37.995   38.001
  33.775   32.133   33.416
  35.397   31.577   33.961
  35.016   32.418   32.983
  37.248   24.135   13.036
  36.719   24.789   11.980
  35.361   24.641   11.610
  34.813   25.319   10.515
  35.602   26.169    9.751
  37.778   23.481   14.092
  39.136   23.629   14.461
  34.703   26.935    9.908
  35.144   25.559    8.835
  36.254   26.885    9.100
  39.593   24.239   15.377
  40.035   22.863   14.304
  38.927   23.125   15.021
  14.401    6.452   31.761
  13.650    5.494   31.177
  14.088    4.151   31.082
  13.310    3.158   30.476
  12.066    3.471   29.943
  15.151    7.410   32.345
  14.713    8.752   32.440
  11.703    2.526   30.572
  12.474    2.889   28.987
  11.020    3.720   29.492
  14.305    9.334   33.396
  15.076    9.697   31.811
  15.403    8.840   32.795
  22.862   40.810   44.811
  22.366   41.265   43.641
  23.201   41.783   42.622
  22.686   42.255   41.409
  21.318   42.226   41.171
  23.359   40.355   45.981
  22.524   39.837   46.999
  21.639   41.715   40.143
  21.481   43.362   40.851
  20.171   42.208   40.958
  22.361   38.701   47.319
  22.203   40.349   48.026
  23.207   39.746   47.366
  18.524   19.560    9.692
  18.733   19.877   10.987
  18.009   19.261   12.036
  18.226   19.589   13.380
  19.174   20.544   13.723
  18.315   19.244    8.396
  19.039   19.859    7.348
  19.544   19.712   14.491
  18.290   20.999   14.380
  19.968   21.344   14.025
  19.924   19.405    6.691
  18.670   20.691    6.579
  18.596   19.389    6.909
  42.178   15.494   47.782
  41.402   14.448   48.138
  40.072   14.620   48.589
  39.268   13.535   48.959
  39.765   12.240   48.891
  42.953   16.540   47.425
  44.283   16.368   46.974
  38.750   12.020   48.307
  39.342   12.158   50.002
  40.170   11.147   48.838
  44.707   16.450   45.863
  45.299   16.588   47.558
  44.253   17.147   46.921
  41.646   17.315   37.982
  40.429   16.738   37.887
  39.399   16.999   38.821
  38.138   16.400   38.722
  37.862   15.518   37.685
  42.862   17.893   38.077
  43.892   17.632   37.143
  36.887   16.190   37.547
  37.459   14.818   38.562
  37.616   14.775   36.820
  44.294   18.332   36.266
  44.866   16.960   37.281
  44.285   18.131   37.597
  46.736   24.393    8.954
  46.783   23.567   10.021
  45.867   23.676   11.094
  45.915   22.819   12.201
  46.882   21.824   12.274
  46.689   25.219    7.887
  47.606   25.111    6.814
  45.954   21.122   12.531
  47.066   22.265   13.366
  47.688   20.985   12.348
  47.421   24.670    5.722
  48.534   25.813    6.558
  47.192   25.714    6.540
  24.923   40.205   14.852
  23.630   39.931   15.127
  23.094   38.628   14.992
  21.753   38.344   15.277
  20.900   39.353   15.707
  26.216   40.479   14.578
  26.751   41.782   14.713
  20.621   38.573   16.563
  20.182   38.930   14.855
  20.173   40.190   16.068
  27.469   42.204   15.565
  27.030   42.562   13.856
  27.402   41.424   14.471
  33.070   45.568   48.482
  33.581   44.588   47.707
  34.590   43.712   48.172
  35.119   42.696   47.368
  34.659   42.520   46.069
  32.559   46.548   49.258
  31.550   47.424   48.793
  34.557   41.379   46.399
  35.819   42.513   45.797
  34.281   42.361   44.977
  30.390   47.431   49.065
  31.652   48.565   48.463
  31.625   47.721   49.511
  26.725   23.294   48.560
  27.484   22.185   48.686
  27.967   21.476   47.561
  28.754   20.325   47.691
  29.085   19.842   48.951
  25.967   24.404   48.435
  25.483   25.113   49.560
  30.191   19.818   48.508
  28.705   18.802   48.509
  29.370   19.426   50.002
  25.863   26.153   50.001
  24.377   25.137   50.003
  25.172   25.568   49.006
  27.519    3.296   11.591
  28.324    4.307   11.983
  28.321    5.563   11.331
  29.155    6.612   11.737
  30.021    6.442   12.809
  26.715    2.285   11.199
  26.718    1.029   11.851
  29.552    7.471   13.184
  30.831    6.890   12.059
  30.753    6.313   13.708
  25.908    0.581   12.602
  27.187   -0.001   11.477
  26.173    0.869   11.315
  35.405   21.642   32.781
  35.169   22.265   31.607
  36.012   23.293   31.121
  35.767   23.939   29.903
  34.672   23.580   29.127
  35.641   21.019   33.955
  34.798   19.991   34.441
  35.476   23.528   28.249
  34.470   24.754   29.101
  33.757   23.288   28.467
  35.000   18.817   34.467
  33.995   20.043   35.319
  35.309   19.998   35.032
  22.631   44.396   28.126
  22.532   43.068   28.348
  22.707   42.507   29.635
  22.605   41.130   29.865
  22.324   40.264   28.816
  22.730   45.724   27.904
  22.555   46.284   26.617
  21.495   39.840   29.560
  23.256   39.656   29.240
  22.088   39.526   27.944
  21.623   46.893   26.193
  23.384   46.708   25.873
  22.695   46.948   27.004
  18.059    4.249   36.041
  17.179    3.234   35.913
  17.108    2.447   34.739
  16.195    1.394   34.605
  15.321    1.090   35.641
  18.939    5.265   36.170
  19.011    6.051   37.344
  15.710   -0.023   35.469
  14.498    1.115   34.780
  14.581    0.824   36.503
  19.834    6.026   38.205
  18.621    7.165   37.516
  19.576    6.410   36.942
  18.465    3.398   30.870
  18.898    4.425   30.108
  18.116    5.586   29.899
  18.565    6.651   29.109
  19.812    6.593   28.499
  18.032    2.371   31.632
  18.814    1.211   31.841
  19.950    7.676   28.975
  19.206    6.914   27.525
  20.856    6.557   27.982
  19.420    0.890   32.816
  18.675    0.127   31.365
  18.195    1.000   32.269
  39.696   45.658   21.530
  40.614   44.668   21.542
  40.345   43.403   22.116
  41.298   42.377   22.129
  42.553   42.579   21.569
  38.777   46.647   21.517
  39.046   47.912   20.943
  42.329   41.547   21.017
  42.943   42.136   22.604
  43.610   42.736   21.101
  38.655   48.355   19.908
  39.269   48.945   21.494
  38.313   48.054   21.174
  29.797    3.503   20.142
  29.269    4.241   21.141
  29.429    3.886   22.502
  28.882    4.652   23.538
  28.155    5.800   23.251
  30.325    2.765   19.143
  30.165    3.120   17.782
  28.864    6.297   24.069
  27.353    5.322   23.992
  27.542    6.766   23.024
  30.966    3.599   17.041
  29.455    2.623   16.964
  30.588    2.473   17.674
  16.575   15.854    5.323
  15.602   15.722    6.248
  14.456   14.923    6.023
  13.446   14.786    6.983
  13.546   15.443    8.203
  17.549   15.986    4.397
  18.695   16.785    4.622
  13.289   14.371    8.654
  12.434   15.793    7.958
  13.618   15.989    9.231
  19.807   16.435    4.867
  18.952   17.858    4.171
  18.875   16.542    3.902
  14.346   20.119   11.613
  14.393   19.195   12.596
  13.648   17.994   12.533
  13.698   17.036   13.552
  14.494   17.245   14.671
  14.298   21.043   10.629
  15.043   22.245   10.692
  14.882   16.142   14.440
  13.505   16.953   15.269
  15.158   17.408   15.616
  16.032   22.537   10.095
  14.655   23.347   10.923
  14.701   22.368   10.002
  21.288   31.902   35.233
  20.391   32.908   35.164
  19.053   32.693   34.757
  18.122   33.737   34.686
  18.497   35.032   35.018
  22.186   30.896   35.302
  23.524   31.111   35.708
  17.512   35.006   35.690
  17.983   35.308   33.979
  18.798   36.125   35.295
  24.037   30.835   36.747
  24.508   31.138   35.037
  23.573   30.341   35.585
  47.534   20.022   31.233
  47.982   20.333   29.998
  47.434   21.401   29.248
  47.898   21.724   27.968
  48.927   20.990   27.390
  47.087   19.711   32.468
  47.634   18.642   33.217
  49.397   22.063   27.175
  48.190   20.939   26.455
  49.789   20.382   26.894
  48.371   18.693   34.152
  47.164   17.569   33.432
  47.104   18.877   33.740
   3.484   31.595   40.709
   3.462   32.419   39.639
   2.310   32.568   38.832
   2.286   33.423   37.723
   3.415   34.158   37.382
   3.507   30.771   41.778
   4.659   30.621   42.585
   2.649   35.070   37.344
   3.210   33.721   36.292
   4.355   34.781   37.085
   4.863   31.058   43.675
   5.425   29.709   42.624
   4.194   30.127   42.972
  44.580    6.577    5.928
  45.886    6.246    5.835
  46.915    7.203    5.997
  48.269    6.861    5.901
  48.642    5.548    5.640
  43.274    6.907    6.020
  42.245    5.950    5.858
  49.368    5.706    6.571
  49.330    6.047    4.804
  48.969    4.451    5.421
  41.558    5.451    6.694
  41.519    5.791    4.927
  41.791    6.572    5.988
  30.841   16.785   21.306
  31.354   17.349   22.420
  30.531   17.827   23.467
  31.063   18.412   24.622
  32.439   18.540   24.772
  30.327   16.222   20.192
  31.150   15.743   19.145
  32.237   18.051   25.839
  32.173   19.667   25.050
  33.591   18.653   24.910
  31.416   14.616   18.867
  31.352   16.232   18.078
  30.460   15.562   18.829
  44.622   21.373    3.060
  43.427   21.502    2.445
  42.746   20.393    1.890
  41.507   20.527    1.252
  40.905   21.774    1.147
  45.817   21.244    3.675
  46.498   22.353    4.231
  39.948   21.203    1.570
  40.785   21.476   -0.000
  40.388   22.816    1.052
  46.617   22.651    5.378
  47.455   22.924    3.809
  47.022   21.804    4.415
  39.470   37.400    5.264
  39.011   36.310    4.612
  39.876   35.430    3.920
  39.400   34.300    3.245
  38.041   34.010    3.237
  39.929   38.489    5.915
  39.063   39.370    6.607
  38.404   32.922    3.558
  38.204   33.901    2.061
  36.904   33.755    3.222
  38.901   39.479    7.783
  38.701   40.458    6.286
  39.734   39.739    6.759
  38.406   21.851   25.220
  38.773   21.040   26.234
  39.250   19.727   26.010
  39.631   18.886   27.063
  39.548   19.328   28.377
  38.039   22.662   24.205
  37.562   23.975   24.429
  40.666   18.923   28.447
  38.983   18.293   28.552
  39.483   19.686   29.485
  38.126   25.010   24.254
  36.443   24.380   24.359
  37.513   23.977   23.650
  30.793   14.021   39.645
  29.668   14.767   39.663
  28.621   14.523   40.583
  27.454   15.297   40.602
  27.293   16.342   39.701
  31.918   13.275   39.627
  32.965   13.519   38.707
  27.001   16.964   40.675
  26.234   15.835   39.502
  27.145   17.223   38.951
  34.025   14.027   38.906
  33.257   12.898   37.733
  33.289   12.913   39.078
  29.020    1.258    4.523
  28.018    1.237    5.428
  27.170    0.115    5.582
  26.131    0.093    6.520
  25.904    1.192    7.338
  30.021    1.279    3.618
  30.870    2.401    3.464
  25.900    0.380    8.210
  24.775    1.061    6.981
  25.702    2.108    8.031
  31.999    2.532    3.821
  30.874    3.214    2.593
  31.193    1.948    2.916
  42.912    2.059   29.931
  41.972    2.827   29.340
  41.255    2.391   28.201
  40.280    3.188   27.588
  39.988    4.449   28.093
  43.852    1.291   30.521
  44.570    1.727   31.660
  38.859    4.071   28.027
  40.118    4.790   26.959
  39.733    5.509   28.506
  44.440    1.386   32.795
  45.698    2.105   31.727
  44.906    1.026   31.585
   5.168   29.352   25.158
   4.863   30.576   25.637
   3.527   31.032   25.735
   3.211   32.302   26.231
   4.219   33.162   26.649
   5.473   28.127   24.679
   6.809   27.671   24.582
   3.542   33.273   27.623
   3.653   33.952   25.960
   5.056   33.893   27.003
   7.375   26.881   25.271
   7.486   27.559   23.608
   6.458   27.033   24.299
  29.662   32.195   26.861
  28.314   32.179   26.937
  27.497   32.354   25.795
  26.099   32.337   25.874
  25.469   32.144   27.097
  31.010   32.212   26.786
  31.827   32.037   27.928
  24.844   31.324   26.498
  24.838   33.103   26.776
  24.927   31.983   28.117
  32.458   31.078   28.248
  32.452   32.856   28.526
  32.398   32.121   27.401
  20.087   20.488   40.745
  19.047   19.629   40.805
  18.479   19.056   39.643
  17.401   18.165   39.706
  16.852   17.816   40.933
  21.127   21.347   40.684
  21.695   21.920   41.847
  16.968   16.704   40.522
  15.820   18.085   40.402
  16.381   17.515   41.957
  22.727   21.651   42.378
  21.579   23.032   42.258
  22.161   22.262   41.322
  17.964   30.540   18.887
  19.292   30.779   18.940
  19.813   32.090   19.053
  21.190   32.338   19.108
  22.094   31.285   19.051
  16.637   30.300   18.834
  16.115   28.989   18.721
  22.571   31.814   20.007
  22.617   31.951   18.212
  22.864   30.410   19.004
  15.592   28.324   19.560
  15.638   28.461   17.765
  15.435   29.373   18.733
  44.818   14.628   17.531
  43.988   13.737   18.115
  43.955   12.377   17.727
  43.095   11.453   18.333
  42.237   11.857   19.348
  45.647   15.519   16.947
  45.680   16.879   17.334
  42.680   10.911   19.922
  41.414   11.290   18.700
  41.512   12.183   20.201
  46.503   17.447   17.982
  45.237   17.825   16.760
  46.227   16.914   16.778
  26.788   21.988    2.365
  27.306   21.402    3.466
  27.269   20.000    3.656
  27.806   19.393    4.798
  28.398   20.165    5.789
  26.271   22.574    1.265
  26.307   23.976    1.074
  29.288   19.379    5.688
  27.698   19.533    6.518
  28.898   20.801    6.629
  27.007   24.608    0.345
  25.417   24.762    1.175
  25.942   23.788    0.409
  42.619   12.885   13.141
  42.459   11.663   13.692
  41.265   10.920   13.534
  41.099    9.653   14.105
  42.121    9.083   14.854
  42.779   14.108   12.591
  43.973   14.851   12.749
  41.924    8.134   14.161
  41.255    8.892   15.650
  42.970    8.594   15.486
  44.839   15.042   11.953
  44.170   15.800   13.442
  43.584   15.367   12.311
  24.475    7.450   13.872
  23.266    7.593   14.454
  22.238    6.634   14.293
  20.983    6.783   14.897
  20.713    7.895   15.684
  25.685    7.307   13.289
  26.713    8.265   13.451
  20.324    7.085   16.466
  19.729    7.967   15.015
  20.472    8.824   16.347
  27.697    8.193   14.120
  27.102    9.075   12.668
  27.102    7.769   12.990
  45.445   39.331    2.937
  44.468   39.802    3.740
  44.705   40.824    4.690
  43.691   41.312    5.522
  42.404   40.797    5.435
  46.423   38.859    2.134
  46.186   37.838    1.184
  42.087   41.945    5.384
  42.501   40.701    6.618
  41.319   40.373    5.371
  46.088   37.933   -0.000
  46.502   36.690    1.234
  46.945   37.945    1.037
  39.316   12.048   20.168
  39.014   10.995   19.379
  39.529    9.701   19.625
  39.215    8.609   18.806
  38.375    8.773   17.712
  39.619   13.100   20.957
  39.103   14.395   20.711
  37.814    7.825   18.166
  39.237    8.194   17.128
  37.671    8.897   16.791
  38.241   14.974   21.296
  39.664   15.343   20.258
  39.523   14.567   21.347
   9.584   27.590   15.483
   8.312   27.954   15.751
   7.205   27.294   15.167
   5.886   27.671   15.445
   5.626   28.722   16.315
  10.857   27.227   15.216
  11.964   27.887   15.799
   4.874   27.948   16.820
   4.914   29.101   15.439
   5.395   29.602   17.044
  12.677   27.508   16.676
  12.716   28.662   15.295
  12.363   27.366   15.375
  39.600    3.936   24.998
  38.400    3.331   25.124
  37.643    3.407   26.318
  36.399    2.779   26.448
  35.867    2.052   25.391
  40.800    4.542   24.872
  41.557    4.466   23.679
  34.889    2.697   25.609
  35.703    1.212   26.220
  35.409    1.439   24.511
  41.721    5.306   22.850
  42.535    3.821   23.460
  42.053    4.907   24.091
  36.398   24.339   18.532
  35.075   24.171   18.322
  34.126   25.155   18.690
  32.754   24.980   18.473
  32.282   23.817   17.880
  37.721   24.506   18.741
  38.669   23.523   18.373
  31.685   24.572   17.177
  31.525   23.810   18.800
  31.871   22.845   17.383
  39.426   23.530   17.453
  39.266   22.768   19.076
  39.168   24.046   18.668
  18.816   17.995   46.674
  17.816   17.091   46.607
  16.455   17.471   46.683
  15.418   16.533   46.613
  15.704   15.182   46.464
  19.816   18.899   46.742
  21.177   18.519   46.665
  14.900   15.242   45.586
  14.949   15.054   47.376
  15.931   14.045   46.338
  21.933   18.647   45.753
  21.982   18.460   47.542
  21.286   19.289   46.743
  41.181   33.054    2.844
  40.118   32.474    2.247
  39.739   32.788    0.920
  38.637   32.186    0.301
  37.874   31.249    0.987
  42.243   33.635    3.440
  42.622   33.321    4.767
  38.022   30.598   -0.000
  36.958   31.914    0.614
  37.225   30.461    1.551
  43.538   32.656    5.140
  42.475   33.972    5.755
  43.183   33.844    4.618
  23.478    4.554   28.557
  23.024    5.701   28.008
  22.898    6.894   28.758
  22.427    8.083   28.189
  22.066    8.122   26.848
  23.931    3.408   29.107
  24.057    2.215   28.356
  22.759    9.091   26.823
  21.075    8.635   27.264
  21.759    8.168   25.724
  25.049    1.701   27.940
  23.364    1.246   28.381
  24.311    1.937   29.040
  37.879   26.910   36.605
  38.215   26.001   35.666
  37.241   25.341   34.880
  37.589   24.398   33.905
  38.923   24.081   33.682
  37.544   27.820   37.545
  38.518   28.480   38.331
  38.641   24.267   32.539
  38.536   22.957   33.769
  40.039   23.806   33.485
  38.905   29.604   38.244
  38.799   28.294   39.474
  37.885   28.819   38.639
   3.119    2.627   29.153
   2.493    3.524   28.362
   1.447    3.149   27.484
   0.798    4.079   26.664
   1.171    5.417   26.691
   3.745    1.731   29.944
   4.790    2.106   30.821
  -0.000    5.606   26.808
   1.204    5.298   25.506
   1.473    6.543   26.704
   4.757    2.225   32.007
   5.961    1.916   30.704
   4.778    1.343   30.991
   4.475   11.575    5.373
   3.288   10.932    5.406
   2.057   11.625    5.323
   0.826   10.959    5.356
   0.783    9.575    5.475
   5.661   12.218    5.341
   6.892   11.525    5.424
   0.034    9.649    4.551
  -0.000    9.805    6.344
   0.732    8.414    5.575
   7.675   11.296    4.556
   7.641   11.451    6.349
   7.181   12.248    5.367
  43.674    5.851   43.563
  42.527    5.480   44.169
  41.672    4.496   43.619
  40.482    4.111   44.248
  40.104    4.697   45.449
  44.822    6.222   42.956
  45.677    7.206   43.506
  39.948    3.570   45.801
  39.058    4.847   44.897
  39.775    5.181   46.458
  46.723    7.056   44.058
  45.833    8.334   43.155
  46.097    7.047   42.867
  15.122   19.488   18.815
  15.768   18.831   19.801
  16.265   19.498   20.946
  16.935   18.817   21.969
  17.131   17.444   21.884
  14.476   20.146   17.828
  13.979   19.479   16.683
  16.693   17.443   22.992
  18.260   17.720   22.151
  17.303   16.292   21.825
  12.851   19.202   16.417
  14.418   19.479   15.575
  13.750   20.201   16.493
  29.215   27.452    2.104
  30.330   26.964    2.688
  31.389   27.805    3.102
  32.545   27.299    3.708
  32.683   25.933    3.922
  28.100   27.940    1.519
  27.040   27.099    1.105
  32.976   26.267    5.027
  33.747   26.092    3.410
  32.811   24.789    4.107
  25.976   26.940    1.617
  26.747   26.765   -0.000
  26.729   27.779    0.882
  13.761   22.565   42.674
  13.365   23.735   42.129
  13.916   24.224   40.921
  13.505   25.437   40.356
  12.528   26.204   40.979
  14.157   21.395   43.219
  13.606   20.906   44.427
  12.037   26.225   39.893
  13.310   27.090   40.825
  11.709   26.858   41.491
  12.824   20.020   44.580
  14.098   20.885   45.512
  14.104   20.319   44.292
  29.964    8.794   34.604
  29.745   10.101   34.857
  30.796   10.988   35.192
  30.568   12.344   35.454
  29.281   12.862   35.391
  30.184    7.486   34.351
  29.133    6.600   34.017
  29.790   13.698   34.712
  29.554   13.321   36.456
  28.205   13.310   35.342
  28.860    6.140   32.952
  28.623    5.763   34.696
  29.719    6.085   33.985
  33.178   26.081   11.777
  32.450   25.260   10.991
  31.065   25.058   11.197
  30.310   24.206   10.382
  30.913   23.527    9.331
  33.906   26.902   12.564
  35.291   27.105   12.357
  29.998   23.956    8.700
  30.363   22.579    9.800
  31.407   22.950    8.446
  35.841   28.053   11.889
  36.206   26.675   12.989
  35.206   27.575   12.975
  35.052   12.793   32.831
  34.113   11.826   32.903
  34.454   10.456   33.007
  33.481    9.453   33.082
  32.132    9.783   33.055
  35.991   13.761   32.759
  35.650   15.130   32.655
  32.073    9.074   34.011
  32.075    8.938   32.216
  30.996   10.046   33.034
  35.706   15.975   33.494
  35.709   15.839   31.699
  36.426   15.214   32.650
  23.266   21.778   15.431
  22.692   20.898   14.583
  23.428   19.855   13.972
  22.833   18.943   13.093
  21.480   19.041   12.793
  23.841   22.658   16.278
  23.104   23.701   16.889
  21.471   17.878   13.050
  21.857   18.961   11.665
  20.345   19.112   12.532
  22.727   23.781   18.016
  23.113   24.864   16.631
  23.799   23.861   17.208
  42.628   41.312   33.613
  43.928   40.979   33.763
  44.346   39.634   33.900
  45.694   39.288   34.056
  46.671   40.275   34.079
  41.329   41.645   33.463
  40.910   42.990   33.325
  47.209   39.579   33.275
  47.036   39.708   35.062
  47.502   41.093   34.101
  40.546   43.557   32.342
  40.373   43.686   34.129
  40.206   42.655   33.281
  18.793   23.885   29.953
  19.151   24.433   31.133
  19.015   23.735   32.357
  19.386   24.303   33.581
  19.908   25.590   33.626
  18.435   23.337   28.772
  18.571   24.035   27.549
  20.758   25.083   34.289
  19.097   25.749   34.484
  20.347   26.669   33.677
  19.383   23.876   26.690
  17.722   24.542   26.885
  18.272   23.374   27.261
   4.891    7.254   25.877
   6.097    6.649   25.848
   6.294    5.398   25.217
   7.545    4.771   25.187
   8.645    5.373   25.786
   3.684    7.859   25.906
   3.488    9.110   26.537
   9.175    5.142   24.744
   8.792    4.303   26.290
   9.576    5.867   26.284
   3.340   10.180   26.032
   2.957    9.342   27.578
   2.754    8.998   26.294
   5.122   40.632   17.122
   3.795   40.405   17.026
   3.270   39.112   16.789
   1.894   38.877   16.689
   0.993   39.926   16.821
   6.449   40.859   17.219
   6.974   42.152   17.455
   0.452   39.193   17.590
   0.531   39.485   15.815
   0.225   40.797   16.931
   7.435   42.593   18.462
   7.514   42.885   16.687
   7.652   41.767   17.422
  36.727    8.418   27.129
  35.379    8.498   27.108
  34.561    7.346   27.029
  33.164    7.428   27.007
  32.534    8.665   27.064
  38.074    8.339   27.151
  38.892    9.491   27.230
  31.890    8.152   27.925
  31.924    8.252   26.128
  31.993    9.697   27.111
  39.503    9.904   28.166
  39.537   10.004   26.369
  39.462    8.957   27.211
  14.254   24.674   25.789
  14.036   25.992   25.597
  12.735   26.518   25.410
  12.509   27.885   25.210
  13.576   28.775   25.190
  14.472   23.355   25.982
  15.772   22.830   26.169
  12.907   29.391   25.960
  13.068   29.158   24.182
  14.462   29.533   25.171
  16.280   22.446   27.177
  16.441   22.213   25.399
  15.377   22.158   26.221
   9.244    5.420   45.283
   9.595    4.117   45.303
   8.633    3.082   45.383
   8.998    1.730   45.404
  10.337    1.365   45.345
   8.893    6.724   45.263
   9.854    7.758   45.183
   9.964    0.630   44.484
  10.057    0.683   46.281
  11.457    1.045   45.297
  10.134    8.441   44.247
  10.227    8.494   46.043
   9.216    8.208   45.202
  42.329   32.573   34.706
  41.451   33.581   34.895
  40.493   33.935   33.915
  39.583   34.981   34.111
  39.598   35.710   35.294
  43.206   31.565   34.517
  44.164   31.211   35.496
  38.427   35.494   35.290
  39.598   36.650   34.562
  39.600   36.330   36.282
  44.164   30.270   36.228
  45.336   31.427   35.501
  44.358   30.677   34.961
  30.741   11.692   11.215
  29.587   11.983   10.579
  28.925   11.040    9.756
  27.728   11.341    9.097
  27.149   12.596    9.236
  31.896   11.401   11.851
  32.557   12.344   12.673
  26.161   11.972    9.469
  27.094   12.559    8.046
  26.652   13.646    9.344
  32.613   12.381   13.863
  33.545   12.969   12.440
  33.062   11.755   12.761
   9.477   37.991   27.488
   9.830   36.689   27.553
  11.183   36.281   27.615
  11.549   34.932   27.682
  10.575   33.942   27.691
   9.124   39.292   27.423
   7.770   39.700   27.362
  11.184   33.531   28.629
  11.243   33.458   26.831
   9.767   33.101   27.699
   7.101   40.184   28.222
   7.160   40.110   26.424
   8.096   40.410   27.344
  31.447   41.138   15.806
  32.503   40.305   15.917
  32.664   39.440   17.025
  33.759   38.576   17.139
  34.734   38.546   16.150
  30.391   41.971   15.696
  30.230   42.837   14.588
  34.565   37.367   16.201
  35.485   38.649   17.069
  35.559   38.511   15.326
  29.479   42.734   13.669
  30.399   44.015   14.536
  29.583   43.039   14.975
  16.016   35.781   17.465
  14.758   35.342   17.681
  13.733   36.202   18.144
  12.428   35.747   18.369
  12.102   34.416   18.139
  17.274   36.219   17.248
  18.299   35.360   16.785
  11.190   34.881   17.528
  11.623   34.481   19.229
  11.814   33.302   17.951
  18.777   35.295   15.696
  19.210   34.895   17.397
  18.722   36.014   16.831
   1.785   27.811   29.759
   1.600   29.009   30.354
   0.417   29.318   31.066
   0.226   30.559   31.684
   1.210   31.537   31.611
   1.970   26.614   29.163
   3.153   26.305   28.451
   1.049   31.602   32.790
   0.306   32.239   31.279
   2.029   32.366   31.558
   4.057   25.603   28.783
   3.314   26.240   27.272
   2.785   25.624   28.346
   2.882   41.860   35.895
   3.876   42.774   35.887
   4.646   43.055   37.041
   5.676   44.003   37.032
   5.974   44.703   35.870
   1.889   40.946   35.902
   1.119   40.665   34.749
   7.093   44.374   36.114
   5.919   45.655   36.585
   6.234   45.298   34.902
   1.174   39.713   34.034
  -0.000   40.994   34.505
   0.768   40.165   35.235
  23.236   27.934   22.154
  22.431   26.961   21.677
  21.023   27.023   21.805
  20.188   26.014   21.311
  20.731   24.907   20.671
  24.042   28.907   22.631
  25.450   28.845   22.503
  19.920   25.156   19.834
  20.025   24.296   21.411
  21.173   23.972   20.132
  26.155   29.456   21.762
  26.260   28.596   23.340
  25.407   29.528   22.878
  35.709    9.075   42.386
  36.014   10.257   41.810
  37.352   10.657   41.582
  37.668   11.883   40.985
  36.658   12.753   40.594
  35.404    7.893   42.962
  34.066    7.493   43.191
  37.258   12.782   39.565
  37.302   13.561   41.188
  35.820   13.493   40.262
  33.421    6.685   42.598
  33.466    7.464   44.220
  34.417    6.861   43.485
  48.007   41.460    2.295
  47.913   42.749    1.906
  46.676   43.338    1.554
  46.578   44.675    1.151
  47.715   45.471    1.085
  48.101   40.170    2.684
  49.339   39.582    3.036
  47.054   46.240    1.712
  47.305   45.742   -0.000
  48.661   46.150    1.026
  49.750   39.311    4.122
  50.000   38.813    2.410
  48.887   38.955    3.152
   9.487   19.583   20.938
   8.660   20.340   21.689
   7.377   19.889   22.080
   6.519   20.674   22.859
   6.914   21.940   23.275
  10.314   18.825   20.186
  11.597   19.277   19.796
   6.556   21.557   24.345
   5.850   22.269   22.850
   7.232   23.004   23.631
  12.661   18.947   20.221
  11.955   19.659   18.726
  11.621   18.576   19.451
   9.702    8.892   16.175
   9.857    7.685   15.590
   8.812    6.732   15.549
   8.972    5.480   14.944
  10.184    5.136   14.357
   9.547   10.099   16.759
  10.592   11.052   16.800
   9.500    4.825   13.433
  10.063    4.139   14.999
  11.196    4.835   13.862
  10.713   12.049   16.158
  11.276   11.364   17.725
  10.052   11.471   17.178
   8.499   10.559   21.783
   9.143   11.442   20.990
   8.471   12.523   20.371
   9.138   13.439   19.549
  10.501   13.307   19.317
   7.856    9.676   22.576
   8.528    8.595   23.195
  10.530   14.462   19.606
  10.186   13.428   18.174
  11.645   13.208   19.114
   8.843    8.474   24.338
   8.499    7.440   22.906
   7.813    8.449   23.473
   3.339   18.202   17.819
   4.137   17.180   18.195
   4.866   16.413   17.256
   5.694   15.353   17.647
   5.821   15.023   18.991
   2.542   19.224   17.442
   1.812   19.992   18.381
   6.989   15.054   18.753
   5.601   13.917   18.606
   5.938   14.736   20.115
   2.032   21.098   18.765
   0.645   19.961   18.618
   1.577   20.363   17.735
   7.886   24.133   29.105
   7.051   23.220   28.563
   5.769   22.963   29.103
   4.904   22.016   28.541
   5.291   21.293   27.420
   8.720   25.046   29.647
  10.002   25.303   29.107
   4.227   21.627   26.998
   4.929   20.355   28.061
   5.603   20.679   26.479
  10.363   26.241   28.466
  11.065   24.969   29.529
  10.032   25.813   29.698
  11.769   33.166   24.219
  10.943   34.101   23.704
  10.672   34.181   22.317
   9.815   35.150   21.783
   9.198   36.075   22.616
  12.595   32.231   24.735
  12.865   32.152   26.122
   8.212   35.748   22.032
   9.607   36.867   21.824
   8.674   36.857   23.304
  12.456   31.361   26.913
  13.851   32.479   26.705
  13.311   31.553   25.892
  25.442   37.297    5.807
  26.258   36.240    5.604
  25.837   34.911    5.845
  26.684   33.816    5.634
  27.980   34.011    5.176
  24.625   38.353    6.009
  25.046   39.682    5.769
  27.688   33.170    4.383
  28.270   33.294    6.082
  29.071   34.160    4.791
  24.756   40.400    4.862
  25.338   40.523    6.561
  24.319   39.842    6.006
  22.204   16.404   30.475
  22.672   16.149   31.715
  22.311   14.980   32.427
  22.796   14.715   33.713
  23.661   15.609   34.333
  21.736   16.660   29.235
  22.097   17.828   28.523
  24.314   14.633   34.539
  22.906   15.502   35.249
  24.387   16.350   34.865
  22.852   17.935   27.607
  21.444   18.804   28.317
  21.630   17.514   27.981
  38.905   41.227   29.765
  37.978   40.421   30.325
  36.599   40.545   30.030
  35.638   39.710   30.611
  36.021   38.720   31.508
  39.832   42.033   29.204
  41.210   41.909   29.499
  35.343   38.019   30.824
  35.156   39.181   32.185
  36.329   37.886   32.263
  42.075   41.448   28.822
  41.888   42.610   30.184
  41.262   42.505   28.998
  40.597    2.883   37.096
  41.283    3.419   38.128
  41.297    4.812   38.378
  42.008    5.367   39.448
  42.731    4.549   40.307
  39.912    2.348   36.064
  39.898    0.955   35.814
  42.158    5.156   41.158
  43.607    5.331   40.105
  43.342    3.874   41.036
  39.022    0.173   36.017
  40.471    0.348   34.964
  39.440    1.174   35.220
  15.134   11.338   33.768
  14.109   11.498   32.905
  12.760   11.482   33.332
  11.696   11.648   32.436
  11.944   11.834   31.082
  16.160   11.179   34.631
  17.509   11.194   34.204
  11.193   12.752   31.204
  11.133   10.972   30.948
  12.137   11.992   29.943
  18.320   12.057   34.339
  18.259   10.277   34.082
  17.640   11.080   34.966
  38.312   23.716   27.084
  39.023   24.411   26.171
  39.275   25.796   26.314
  40.012   26.517   25.367
  40.523   25.879   24.243
  37.601   23.020   27.997
  37.349   21.635   27.855
  41.538   26.420   24.558
  40.022   26.789   23.659
  40.958   25.356   23.296
  37.850   20.726   28.439
  36.335   21.094   27.541
  36.974   21.742   28.531
   5.088   18.515   35.193
   4.927   19.251   34.073
   5.983   20.010   33.515
   5.815   20.773   32.353
   4.585   20.805   31.708
   5.250   17.779   36.313
   4.194   17.020   36.871
   5.235   20.570   30.737
   4.747   21.985   31.737
   3.558   20.840   31.157
   4.032   15.840   36.842
   3.544   17.255   37.842
   4.743   16.839   37.396
  42.255   30.840   18.866
  43.395   31.410   18.422
  44.515   30.640   18.028
  45.697   31.232   17.567
  45.802   32.615   17.485
  41.115   30.269   19.310
  39.995   31.039   19.705
  46.197   32.390   16.384
  46.827   32.442   18.069
  45.904   33.774   17.412
  38.971   31.213   19.121
  39.601   31.265   20.806
  39.691   30.333   19.840
  24.472   46.188   41.955
  24.658   47.090   40.968
  25.950   47.461   40.525
  26.143   48.396   39.501
  25.052   48.993   38.883
  24.285   45.287   42.943
  22.993   44.915   43.385
  25.612   48.677   37.880
  25.648   50.002   39.097
  24.145   49.501   38.356
  22.397   43.906   43.171
  22.433   45.232   44.388
  23.406   44.461   43.868
  10.140   48.036    8.689
   9.106   48.340    9.502
   9.109   49.495   10.319
   8.037   49.811   11.162
   6.922   48.983   11.217
  11.174   47.732    7.876
  11.170   46.577    7.058
   6.320   50.000   11.067
   7.087   49.058   12.395
   5.981   48.296   11.274
  11.006   46.502    5.881
  11.772   45.559    7.209
  11.871   46.852    6.850
  42.869   17.792   18.686
  43.344   16.749   19.399
  44.590   16.146   19.107
  45.083   15.064   19.846
  44.347   14.546   20.904
  42.393   18.835   17.973
  41.147   19.438   18.266
  45.376   14.644   21.497
  44.560   13.502   20.371
  43.740   14.102   21.795
  40.934   20.482   18.799
  40.118   19.340   17.673
  41.345   19.892   17.662
  31.037   29.148   24.588
  31.986   28.385   24.006
  33.345   28.779   23.964
  34.329   27.987   23.360
  33.989   26.774   22.775
  30.089   29.911   25.171
  28.730   29.518   25.213
  34.902   26.357   23.417
  34.612   27.193   21.850
  33.718   25.753   22.281
  28.107   29.098   26.138
  27.817   29.934   24.571
  28.655   30.198   25.590
  39.644    5.739   23.433
  39.464    4.880   22.408
  38.720    3.685   22.552
  38.533    2.794   21.488
  39.082    3.067   20.242
  39.825    6.598   24.459
  40.569    7.793   24.315
  37.984    2.825   19.849
  39.484    1.948   20.318
  39.538    3.284   19.190
  40.167    8.912   24.238
  41.667    8.036   24.708
  40.381    7.875   25.068
   5.981    7.669   21.549
   5.567    8.930   21.300
   6.463    9.947   20.894
   6.034   11.254   20.637
   4.693   11.591   20.775
   6.395    6.408   21.797
   5.499    5.391   22.203
   4.835   12.066   19.692
   5.122   12.500   21.415
   3.571   11.887   20.887
   5.071    4.481   21.563
   5.358    4.915   23.286
   6.153    4.963   22.202
  38.452   40.120   42.983
  38.744   41.438   42.985
  38.888   42.176   41.787
  39.191   43.543   41.790
  39.361   44.220   42.991
  38.159   38.802   42.980
  38.015   38.063   44.179
  38.605   45.003   42.506
  40.362   44.614   42.477
  39.507   44.800   43.992
  37.014   37.670   44.692
  38.771   37.280   44.663
  37.878   37.480   43.678
  32.418   22.508   39.205
  33.479   23.126   38.645
  34.568   22.404   38.103
  35.669   23.045   37.522
  35.719   24.432   37.463
  31.356   21.889   39.765
  30.267   22.611   40.307
  35.988   24.244   36.318
  36.810   24.282   37.919
  35.775   25.596   37.407
  29.176   22.761   39.851
  29.998   22.800   41.452
  30.004   21.892   40.459
  39.988   39.575   21.353
  41.132   39.072   21.864
  42.294   38.899   21.075
  43.480   38.377   21.606
  43.546   38.010   22.944
  38.844   40.078   20.841
  37.682   40.251   21.630
  44.543   38.662   22.939
  44.004   36.999   22.509
  43.615   37.697   24.065
  37.224   41.261   22.065
  36.685   39.599   21.635
  37.394   40.519   20.956
  43.103   46.980   24.166
  42.237   46.183   24.828
  40.875   46.530   24.994
  39.978   45.704   25.680
  40.410   44.501   26.226
  43.969   47.777   23.504
  45.331   47.431   23.338
  39.457   44.055   25.666
  39.859   44.897   27.205
  40.760   43.489   26.688
  45.882   47.035   22.359
  46.283   47.877   23.898
  45.348   48.114   22.960
  42.110   32.137   16.094
  42.818   33.208   15.675
  44.192   33.362   15.977
  44.927   34.472   15.542
  44.314   35.467   14.791
  41.401   31.067   16.512
  40.028   30.912   16.211
  45.252   35.321   14.071
  44.822   36.198   15.583
  43.812   36.309   14.159
  39.520   30.182   15.418
  39.089   31.058   16.930
  40.121   30.254   16.619
  21.231   45.339   32.809
  21.783   46.567   32.714
  20.995   47.734   32.573
  21.568   49.008   32.474
  22.948   49.160   32.513
  20.679   44.110   32.903
  21.467   42.943   33.044
  22.703   49.993   33.330
  22.772   49.823   31.539
  24.105   49.302   32.544
  21.643   42.280   34.019
  21.712   42.110   32.228
  20.765   42.599   33.050
  37.113    6.015   13.300
  36.404    4.995   12.773
  34.990    5.012   12.722
  34.254    3.953   12.176
  34.906    2.840   11.661
  37.822    7.036   13.827
  39.237    7.019   13.878
  34.200    3.023   10.719
  34.132    2.236   12.337
  35.441    1.899   11.226
  40.011    7.623   13.203
  39.943    6.836   14.820
  39.127    7.716   14.213
  38.664   41.382   17.432
  37.328   41.567   17.390
  36.455   40.608   16.824
  35.069   40.800   16.781
  34.506   41.958   17.303
  40.001   41.197   17.473
  40.874   42.155   18.040
  33.777   41.197   17.860
  33.938   41.999   16.256
  34.021   42.925   17.738
  41.442   42.115   19.087
  41.602   42.916   17.483
  41.414   41.631   17.832
  13.140   46.410   11.534
  12.021   46.097   10.847
  11.934   44.934   10.045
  10.774   44.609    9.332
   9.659   45.435    9.396
  14.259   46.723   12.221
  14.346   47.886   13.023
   9.080   44.419    9.623
   9.688   45.350    8.208
   8.716   46.120    9.441
  14.317   47.971   14.211
  14.925   48.902   12.795
  15.066   47.613   13.153
   0.072   40.666   44.344
  21.719    2.479   32.385
  45.842   19.754   40.579
  32.135   43.200   30.033
  31.504   33.322   10.184
  14.536   46.253   19.474
  24.421   38.031   40.346
  42.603   37.848   12.521
  23.827   42.548   31.805
   4.959   24.213   32.621
   1.007    0.548   37.117
   2.259   45.096   13.101
  12.807   46.022   28.892
  21.059    2.220   20.971
  31.092   47.117   43.245
   9.853   38.501   18.671
  32.170   35.590   42.107
  12.590    2.133   12.418
  49.105    2.256   38.318
  43.854   12.459    3.710
  40.402   -0.000   26.087
  42.290   33.935   23.024
  20.957    4.171   37.834
  19.755   14.113    6.984
  36.116   18.211   47.788
  49.329   13.882   42.595
  43.815   18.386   26.908
   8.284   39.909   22.630
  46.225   27.369   37.572
  36.278   35.274    4.736
  29.183   45.744   12.536
  11.962    0.490   19.370
  44.742   34.356    6.083
  41.155   39.374   47.740
  39.434   28.047   27.116
  44.317   28.458   37.466
  49.930    2.306    7.895
  41.606    2.263   22.092
  32.834   10.676   21.000
  37.636   18.578   45.971
  49.186   25.715   43.961
  29.192   37.298    0.819
  10.949    4.913    1.215
   8.282   15.987   31.417
  13.221   20.265   31.960
  42.499   49.467   10.055
  45.490   31.973   38.903
   7.537   48.742    0.687
  16.243   38.781   20.747
  34.997   30.503   37.684
  32.721   28.963   40.172
   5.040   26.184   18.124
   6.611    2.687   20.932
  16.231   26.873   22.639
  18.397   29.512   10.457
  25.895   35.535   17.217
  24.967   16.658   18.282
  31.627    5.992   35.078
  40.497    5.909   11.912
  43.246    9.438    6.637
  17.096   32.180   27.556
  40.904   38.882   18.010
  17.292    6.018   20.898
  11.835    0.808    8.586
  30.681   41.753   31.977
  37.677   40.515   38.054
   7.565   42.682    4.025
  39.357   41.977   24.745
  14.724   48.825   18.332
   3.881    1.462   18.838
  47.046   22.208   31.295
   7.311   38.479   41.213
  26.842   21.511    6.960
  30.243   31.203    3.231
  11.896   20.925   47.630
   7.127   25.071    7.772
   7.127   26.650    8.034
   7.127   23.493    7.511
   6.748   24.817    9.306
   7.506   25.325    6.239
   8.682   25.009    8.147
   5.573   25.133    7.398
   8.271   10.981   32.604
   8.081   11.706   31.190
   8.461   10.255   34.017
   7.177   11.953   33.250
   9.366   10.008   31.958
   9.423   12.024   32.985
   7.120    9.937   32.223
   4.490   48.314   42.168
   3.333   47.213   42.066
   5.647   49.415   42.270
   3.473   49.431   41.641
   5.507   47.197   42.695
   4.924   47.998   40.661
   4.056   48.631   43.675
  42.239   30.716   41.787
  43.733   30.146   41.715
  40.746   31.286   41.859
  42.498   31.563   40.455
  41.980   29.869   43.120
  42.752   31.948   42.670
  41.726   29.484   40.904
   6.300    6.633   12.017
   5.997    5.147   11.509
   6.603    8.120   12.525
   7.625    6.113   12.748
   4.975    7.153   11.286
   5.456    6.351   13.347
   7.145    6.916   10.688
  24.583   18.051   32.592
  25.077   18.292   34.095
  24.089   17.811   31.090
  24.913   16.492   32.734
  24.253   19.611   32.451
  26.069   18.318   32.062
  23.097   17.785   33.123
  32.723   37.807   40.296
  31.163   37.453   40.317
  34.283   38.161   40.275
  33.075   36.248   40.213
  32.371   39.365   40.379
  32.762   37.731   41.894
  32.684   37.883   38.698
  30.845   27.051   41.136
  31.371   28.102   42.222
  30.319   26.000   40.050
  30.645   28.239   40.084
  31.046   25.863   42.189
  29.347   27.261   41.658
  32.343   26.841   40.614
  35.270   28.800   28.435
  35.100   27.819   29.687
  35.440   29.781   27.183
  36.742   28.225   28.183
  33.799   29.376   28.686
  35.875   29.925   29.399
  34.666   27.675   27.471
  11.578   17.966    4.517
  12.566   17.459    5.669
  10.590   18.473    3.365
  12.688   17.626    3.416
  10.468   18.305    5.618
  12.171   19.445    4.659
  10.984   16.487    4.375
  15.195    5.787   47.674
  14.550    4.519   46.943
  15.840    7.055   48.406
  13.833    6.012   48.484
  16.556    5.562   46.865
  14.656    6.736   46.504
  15.733    4.838   48.844
  46.233    8.621   39.785
  46.185    7.183   40.485
  46.281   10.060   39.086
  44.671    8.513   39.456
  47.795    8.730   40.115
  46.576    7.929   38.384
  45.889    9.314   41.186
   6.677   17.463   20.775
   5.575   16.492   21.408
   7.779   18.435   20.141
   7.333   17.661   22.220
   6.021   17.265   19.329
   5.721   18.719   21.037
   7.633   16.207   20.513
  44.832   45.800   39.404
  46.346   45.601   38.926
  43.318   45.999   39.881
  44.846   47.292   38.828
  44.818   44.307   39.980
  45.349   46.341   40.818
  44.315   45.259   37.989
  39.784   47.010   48.900
  39.992   48.153   50.000
  39.576   45.867   47.800
  38.357   47.629   48.527
  41.212   46.391   49.273
  39.092   46.077   50.000
  40.476   47.943   47.800
  10.003   13.848   28.648
   9.945   15.287   27.952
  10.061   12.409   29.345
  11.536   14.096   29.033
   8.470   13.600   28.264
  10.457   13.195   27.260
   9.549   14.501   30.037
  10.104   43.249   12.620
   9.352   41.937   13.143
  10.855   44.562   12.097
  11.419   42.815   13.421
   8.788   43.684   11.819
   9.589   44.055   13.903
  10.619   42.443   11.337
  21.534    3.213    5.236
  20.810    1.810    4.972
  22.257    4.615    5.500
  20.860    3.809    3.913
  22.207    2.616    6.559
  22.792    2.725    4.376
  20.276    3.700    6.096
  46.445    2.046    6.270
  45.089    2.441    5.519
  47.802    1.652    7.022
  47.254    3.074    5.349
  45.636    1.018    7.192
  46.701    0.885    5.200
  46.190    3.207    7.341
  38.613   48.509    4.867
  39.357   49.090    6.159
  37.869   47.929    3.575
  37.234   48.476    5.677
  39.993   48.543    4.057
  38.934   47.019    5.352
  38.292   50.000    4.382
   9.116   47.261   13.044
   9.542   46.799   14.515
   8.691   47.723   11.572
   9.185   48.792   13.504
   9.048   45.730   12.583
   7.576   47.202   13.471
  10.657   47.320   12.617
  23.268   18.750    5.193
  22.220   17.584    4.874
  24.317   19.916    5.512
  22.693   19.603    3.968
  23.844   17.897    6.418
  24.331   18.062    4.215
  22.205   19.438    6.172
   1.959   16.973   44.229
   1.373   15.512   43.942
   2.546   18.433   44.517
   3.006   16.348   45.266
   0.913   17.597   43.193
   0.901   17.164   45.414
   3.018   16.781   43.045
  22.641   24.224   32.405
  22.232   23.950   30.883
  23.050   24.498   33.927
  21.316   23.473   32.896
  23.965   24.975   31.914
  21.842   25.610   32.370
  23.440   22.838   32.440
  35.368    5.945   46.313
  34.687    4.878   45.334
  36.048    7.013   47.291
  36.689    5.046   46.376
  34.046    6.845   46.250
  34.775    5.164   47.577
  35.960    6.727   45.048
  48.501   48.914   26.175
  48.534   47.775   27.299
  48.469   50.052   25.051
  46.903   48.934   26.241
  50.100   48.893   26.108
  48.440   47.790   25.038
  48.563   50.038   27.312
  14.891   48.637   27.302
  16.000   48.366   28.423
  13.782   48.909   26.182
  14.484   50.000   28.035
  15.298   47.275   26.569
  13.812   47.844   28.178
  15.970   49.431   26.427
  31.786   47.364   20.127
  33.212   47.764   19.522
  30.360   46.965   20.733
  32.498   46.338   21.127
  31.073   48.390   19.127
  31.647   46.203   19.035
  31.924   48.525   21.219
  27.571   12.825   43.232
  28.692   13.885   43.656
  26.450   11.766   42.808
  26.918   12.933   44.689
  28.224   12.718   41.775
  28.508   11.632   43.740
  26.635   14.019   42.724
   5.565   38.847   43.932
   6.267   40.281   44.026
   4.862   37.412   43.838
   4.137   39.530   44.167
   6.992   38.163   43.697
   5.736   38.660   45.512
   5.394   39.034   42.352
  16.392   25.705   19.920
  15.021   26.358   20.425
  17.763   25.052   19.415
  17.206   26.934   20.542
  15.578   24.476   19.297
  16.258   26.495   18.535
  16.526   24.915   21.305
   2.012   28.538   10.561
   2.700   27.355    9.732
   1.325   29.721   11.391
   1.238   27.461   11.456
   2.787   29.615    9.667
   0.793   28.554    9.526
   3.232   28.521   11.597
  35.938   47.872   32.237
  35.537   49.420   32.288
  36.340   46.324   32.185
  37.487   48.273   32.254
  34.390   47.471   32.220
  35.942   47.926   30.638
  35.935   47.818   33.836
  48.556   29.567   23.783
  47.882   28.364   22.973
  49.231   30.771   24.593
  48.686   30.407   22.427
  48.426   28.727   25.138
  50.001   28.930   23.526
  47.111   30.204   24.039
  25.419   38.345   48.868
  24.370   37.920   49.998
  26.468   38.771   47.738
  24.373   37.917   47.735
  26.465   38.774   50.000
  26.023   36.864   48.871
  24.815   39.827   48.865
  36.562   41.761   25.621
  37.850   42.444   26.279
  35.273   41.077   24.962
  37.231   40.319   25.807
  35.893   43.202   25.434
  37.234   41.886   24.174
  35.889   41.635   27.067
  40.506   12.937   10.685
  41.375   11.944   11.590
  39.637   13.929    9.779
  39.181   12.483   11.459
  41.831   13.391    9.911
  40.283   11.767    9.617
  40.730   14.107   11.753
   1.246   24.040   38.685
   2.247   22.803   38.517
   0.245   25.277   38.853
   2.058   24.522   39.976
   0.434   23.559   37.393
   0.298   23.147   39.614
   2.194   24.934   37.756
  37.125    9.778   12.882
  35.648   10.341   13.129
  38.602    9.214   12.635
  36.523    8.322   12.603
  37.728   11.233   13.162
  37.252    9.427   14.438
  36.999   10.129   11.326
  29.187   39.247   15.987
  29.658   40.374   17.020
  28.715   38.120   14.954
  27.660   39.654   16.241
  30.713   38.841   15.733
  29.103   38.187   17.182
  29.270   40.308   14.792
  46.789    4.719   27.078
  45.754    5.398   26.063
  47.823    4.040   28.092
  47.592    6.099   27.182
  45.986    3.339   26.974
  47.708    4.277   25.845
  45.869    5.161   28.311
   1.567   40.562   19.883
   3.046   40.564   20.493
   0.087   40.559   19.274
   1.684   38.990   19.606
   1.450   42.133   20.161
   2.165   40.863   18.430
   0.969   40.260   21.337
  41.719   27.791    7.676
  40.904   27.675    6.304
  42.533   27.907    9.048
  41.922   26.204    7.690
  41.515   29.378    7.663
  40.357   27.623    8.499
  43.080   27.959    6.853
  35.773   19.021    7.281
  37.308   18.954    7.727
  34.238   19.087    6.834
  36.089   18.050    6.048
  35.456   19.991    8.513
  36.095   20.291    6.363
  35.451   17.750    8.198
  27.109   23.646   29.289
  26.662   24.795   28.268
  27.556   22.498   30.309
  28.263   24.599   29.855
  25.955   22.694   28.723
  28.123   23.068   28.194
  26.095   24.225   30.383
  21.976   21.904   46.466
  22.010   21.061   47.826
  21.942   22.747   45.106
  23.397   22.545   46.828
  20.555   21.263   46.105
  21.241   23.104   47.228
  22.711   20.704   45.705
  28.622    6.797   20.218
  27.708    5.790   21.060
  29.536    7.804   19.376
  29.901    6.347   21.069
  27.344    7.246   19.368
  28.323    7.956   21.280
  28.921    5.638   19.156
  48.555   45.867   31.560
  49.215   44.901   30.468
  47.896   46.833   32.651
  47.105   45.553   30.961
  50.006   46.181   32.158
  48.703   47.103   30.555
  48.408   44.631   32.565
  41.293   14.725    6.488
  40.113   14.256    5.515
  42.473   15.194    7.461
  42.198   15.083    5.218
  40.388   14.367    7.758
  41.883   13.238    6.489
  40.703   16.212    6.487
  23.268   27.006    5.351
  24.096   28.374    5.403
  22.440   25.638    5.298
  21.903   27.836    5.256
  24.633   26.177    5.446
  23.160   27.010    6.947
  23.376   27.002    3.754
  42.692    7.795   35.515
  43.868    7.810   36.600
  41.517    7.780   34.429
  41.909    6.699   36.378
  43.476    8.890   34.651
  43.444    6.629   34.717
  41.941    8.961   36.312
  29.009   16.765   26.084
  30.596   16.592   25.985
  27.421   16.937   26.183
  28.838   15.174   26.110
  29.180   18.355   26.058
  28.907   16.749   24.487
  29.110   16.780   27.681
  29.804   23.517    2.533
  29.883   24.928    1.783
  29.725   22.106    3.284
  31.370   23.298    2.287
  28.239   23.736    2.780
  29.484   22.795    1.142
  30.124   24.240    3.925
  33.090   38.722   21.203
  32.106   37.697   21.938
  34.075   39.747   20.467
  34.279   38.282   22.179
  31.902   39.163   20.226
  32.667   39.869   22.235
  33.514   37.575   20.170
  38.094   32.375   31.807
  39.024   31.313   32.561
  37.164   33.436   31.054
  37.209   32.539   33.130
  38.978   32.211   30.484
  37.139   31.189   31.316
  39.049   33.561   32.299
  34.555   14.796   16.400
  35.166   16.218   16.807
  33.945   13.374   15.993
  33.281   15.525   15.763
  35.829   14.066   17.036
  33.804   14.715   17.810
  35.307   14.877   14.989
  29.235   32.507   31.271
  27.770   31.936   31.572
  30.699   33.077   30.971
  29.739   31.029   30.924
  28.730   33.985   31.618
  29.636   32.284   32.804
  28.833   32.729   29.738
  38.395    5.733   41.715
  36.943    5.561   42.364
  39.847    5.906   41.066
  38.932    6.366   43.084
  37.859    5.101   40.347
  37.991    7.193   41.199
  38.799    4.274   42.231
  36.034   46.322   27.354
  37.331   47.235   27.570
  34.738   45.409   27.137
  36.972   45.044   27.131
  35.097   47.600   27.576
  36.080   46.629   25.784
  35.989   46.015   28.923
  41.491   15.256   16.761
  43.042   15.645   16.707
  39.940   14.867   16.816
  41.686   14.302   15.492
  41.296   16.210   18.031
  41.150   16.480   15.789
  41.832   14.032   17.734
  21.046    1.031   26.562
  19.909   -0.017   26.977
  22.182    2.078   26.147
  19.920    2.070   26.102
  22.171   -0.009   27.023
  21.077    0.411   25.087
  21.014    1.650   28.037
  19.159    7.923    3.953
  19.582    8.958    2.809
  18.736    6.887    5.097
  18.416    7.020    2.861
  19.902    8.826    5.045
  17.807    8.743    4.195
  20.512    7.103    3.711
  22.845    5.151   31.561
  21.637    5.226   30.514
  24.052    5.076   32.608
  23.117    3.632   31.138
  22.573    6.670   31.983
  21.831    4.654   32.694
  23.859    5.648   30.427
  27.396   35.039    8.907
  28.664   34.087    9.119
  26.127   35.991    8.695
  27.167   35.087   10.490
  27.624   34.991    7.324
  26.448   33.754    8.809
  28.344   36.324    9.005
   3.113    5.196   34.193
   2.208    6.303   33.476
   4.018    4.089   34.911
   3.508    4.593   32.765
   2.718    5.799   35.622
   1.854    4.211   34.261
   4.372    6.181   34.126
  42.411   24.456   37.465
  41.474   25.743   37.632
  43.348   23.170   37.298
  43.700   25.403   37.406
  41.122   23.510   37.525
  42.265   24.556   35.875
  42.557   24.357   39.055
   2.936   37.998   30.750
   4.530   37.961   30.878
   1.341   38.036   30.622
   3.003   39.549   30.361
   2.868   36.447   31.138
   2.821   38.391   32.296
   3.051   37.606   29.203
  31.085   27.972   30.368
  31.969   28.991   31.229
  30.201   26.953   29.507
  32.391   27.100   30.059
  29.779   28.843   30.677
  31.357   28.845   29.055
  30.813   27.099   31.681
   6.335   47.892    8.383
   4.985   48.355    9.107
   7.684   47.428    7.660
   7.108   49.134    9.030
   5.561   46.650    7.736
   5.961   48.788    7.111
   6.709   46.996    9.655
  16.255    5.354   38.524
  17.731    4.760   38.698
  14.780    5.948   38.350
  16.822    6.831   38.762
  15.689    3.876   38.287
  16.007    5.197   40.097
  16.504    5.511   36.951
  13.866   10.710   28.293
  13.378   12.220   28.096
  14.355    9.199   28.490
  12.361   10.263   28.601
  15.371   11.156   27.985
  14.102   10.989   29.851
  13.630   10.430   26.735
  22.206    8.175   42.230
  22.788    7.376   40.972
  21.623    8.975   43.487
  23.646    8.131   42.925
  20.765    8.220   41.534
  21.823    6.790   42.933
  22.588    9.561   41.526
   3.681   44.619   16.492
   2.100   44.534   16.723
   5.262   44.704   16.262
   3.919   43.728   17.800
   3.443   45.511   15.185
   3.740   45.945   17.386
   3.621   43.293   15.599
  29.859   35.326   28.022
  29.262   36.315   29.129
  30.456   34.337   26.915
  30.509   34.428   29.176
  29.209   36.225   26.869
  31.193   36.206   27.956
  28.524   34.446   28.089
   5.891   41.987   21.450
   6.385   43.497   21.646
   5.398   40.478   21.254
   4.985   42.444   20.214
   6.798   41.530   22.687
   4.669   42.258   22.446
   7.114   41.717   20.454
