1 8 1 2
2 7 1 3
3 7 1 4
4 7 3 5
5 7 4 6
6 4 5 7
7 4 5 8
8 4 5 9
9 4 6 10
10 4 6 11
11 4 6 12
12 8 13 14
13 7 13 15
14 7 13 16
15 7 15 17
16 7 16 18
17 4 17 19
18 4 17 20
19 4 17 21
20 4 18 22
21 4 18 23
22 4 18 24
23 8 25 26
24 7 25 27
25 7 25 28
26 7 27 29
27 7 28 30
28 4 29 31
29 4 29 32
30 4 29 33
31 4 30 34
32 4 30 35
33 4 30 36
34 8 37 38
35 7 37 39
36 7 37 40
37 7 39 41
38 7 40 42
39 4 41 43
40 4 41 44
41 4 41 45
42 4 42 46
43 4 42 47
44 4 42 48
45 8 49 50
46 7 49 51
47 7 49 52
48 7 51 53
49 7 52 54
50 4 53 55
51 4 53 56
52 4 53 57
53 4 54 58
54 4 54 59
55 4 54 60
56 8 61 62
57 7 61 63
58 7 61 64
59 7 63 65
60 7 64 66
61 4 65 67
62 4 65 68
63 4 65 69
64 4 66 70
65 4 66 71
66 4 66 72
67 8 73 74
68 7 73 75
69 7 73 76
70 7 75 77
71 7 76 78
72 4 77 79
73 4 77 80
74 4 77 81
75 4 78 82
76 4 78 83
77 4 78 84
78 8 85 86
79 7 85 87
80 7 85 88
81 7 87 89
82 7 88 90
83 4 89 91
84 4 89 92
85 4 89 93
86 4 90 94
87 4 90 95
88 4 90 96
89 8 97 98
90 7 97 99
91 7 97 100
92 7 99 101
93 7 100 102
94 4 101 103
95 4 101 104
96 4 101 105
97 4 102 106
98 4 102 107
99 4 102 108
100 8 109 110
101 7 109 111
102 7 109 112
103 7 111 113
104 7 112 114
105 4 113 115
106 4 113 116
107 4 113 117
108 4 114 118
109 4 114 119
110 4 114 120
111 8 121 122
112 7 121 123
113 7 121 124
114 7 123 125
115 7 124 126
116 4 125 127
117 4 125 128
118 4 125 129
119 4 126 130
120 4 126 131
121 4 126 132
122 8 133 134
123 7 133 135
124 7 133 136
125 7 135 137
126 7 136 138
127 4 137 139
128 4 137 140
129 4 137 141
130 4 138 142
131 4 138 143
132 4 138 144
133 8 145 146
134 7 145 147
135 7 145 148
136 7 147 149
137 7 148 150
138 4 149 151
139 4 149 152
140 4 149 153
141 4 150 154
142 4 150 155
143 4 150 156
144 8 157 158
145 7 157 159
146 7 157 160
147 7 159 161
148 7 160 162
149 4 161 163
150 4 161 164
151 4 161 165
152 4 162 166
153 4 162 167
154 4 162 168
155 8 169 170
156 7 169 171
157 7 169 172
158 7 171 173
159 7 172 174
160 4 173 175
161 4 173 176
162 4 173 177
163 4 174 178
164 4 174 179
165 4 174 180
166 8 181 182
167 7 181 183
168 7 181 184
169 7 183 185
170 7 184 186
171 4 185 187
172 4 185 188
173 4 185 189
174 4 186 190
175 4 186 191
176 4 186 192
177 8 193 194
178 7 193 195
179 7 193 196
180 7 195 197
181 7 196 198
182 4 197 199
183 4 197 200
184 4 197 201
185 4 198 202
186 4 198 203
187 4 198 204
188 8 205 206
189 7 205 207
190 7 205 208
191 7 207 209
192 7 208 210
193 4 209 211
194 4 209 212
195 4 209 213
196 4 210 214
197 4 210 215
198 4 210 216
199 8 217 218
200 7 217 219
201 7 217 220
202 7 219 221
203 7 220 222
204 4 221 223
205 4 221 224
206 4 221 225
207 4 222 226
208 4 222 227
209 4 222 228
210 8 229 230
211 7 229 231
212 7 229 232
213 7 231 233
214 7 232 234
215 4 233 235
216 4 233 236
217 4 233 237
218 4 234 238
219 4 234 239
220 4 234 240
221 8 241 242
222 7 241 243
223 7 241 244
224 7 243 245
225 7 244 246
226 4 245 247
227 4 245 248
228 4 245 249
229 4 246 250
230 4 246 251
231 4 246 252
232 8 253 254
233 7 253 255
234 7 253 256
235 7 255 257
236 7 256 258
237 4 257 259
238 4 257 260
239 4 257 261
240 4 258 262
241 4 258 263
242 4 258 264
243 8 265 266
244 7 265 267
245 7 265 268
246 7 267 269
247 7 268 270
248 4 269 271
249 4 269 272
250 4 269 273
251 4 270 274
252 4 270 275
253 4 270 276
254 8 277 278
255 7 277 279
256 7 277 280
257 7 279 281
258 7 280 282
259 4 281 283
260 4 281 284
261 4 281 285
262 4 282 286
263 4 282 287
264 4 282 288
265 8 289 290
266 7 289 291
267 7 289 292
268 7 291 293
269 7 292 294
270 4 293 295
271 4 293 296
272 4 293 297
273 4 294 298
274 4 294 299
275 4 294 300
276 8 301 302
277 7 301 303
278 7 301 304
279 7 303 305
280 7 304 306
281 4 305 307
282 4 305 308
283 4 305 309
284 4 306 310
285 4 306 311
286 4 306 312
287 8 313 314
288 7 313 315
289 7 313 316
290 7 315 317
291 7 316 318
292 4 317 319
293 4 317 320
294 4 317 321
295 4 318 322
296 4 318 323
297 4 318 324
298 8 325 326
299 7 325 327
300 7 325 328
301 7 327 329
302 7 328 330
303 4 329 331
304 4 329 332
305 4 329 333
306 4 330 334
307 4 330 335
308 4 330 336
309 8 337 338
310 7 337 339
311 7 337 340
312 7 339 341
313 7 340 342
314 4 341 343
315 4 341 344
316 4 341 345
317 4 342 346
318 4 342 347
319 4 342 348
320 8 349 350
321 7 349 351
322 7 349 352
323 7 351 353
324 7 352 354
325 4 353 355
326 4 353 356
327 4 353 357
328 4 354 358
329 4 354 359
330 4 354 360
331 8 361 362
332 7 361 363
333 7 361 364
334 7 363 365
335 7 364 366
336 4 365 367
337 4 365 368
338 4 365 369
339 4 366 370
340 4 366 371
341 4 366 372
342 8 373 374
343 7 373 375
344 7 373 376
345 7 375 377
346 7 376 378
347 4 377 379
348 4 377 380
349 4 377 381
350 4 378 382
351 4 378 383
352 4 378 384
353 8 385 386
354 7 385 387
355 7 385 388
356 7 387 389
357 7 388 390
358 4 389 391
359 4 389 392
360 4 389 393
361 4 390 394
362 4 390 395
363 4 390 396
364 8 397 398
365 7 397 399
366 7 397 400
367 7 399 401
368 7 400 402
369 4 401 403
370 4 401 404
371 4 401 405
372 4 402 406
373 4 402 407
374 4 402 408
375 8 409 410
376 7 409 411
377 7 409 412
378 7 411 413
379 7 412 414
380 4 413 415
381 4 413 416
382 4 413 417
383 4 414 418
384 4 414 419
385 4 414 420
386 8 421 422
387 7 421 423
388 7 421 424
389 7 423 425
390 7 424 426
391 4 425 427
392 4 425 428
393 4 425 429
394 4 426 430
395 4 426 431
396 4 426 432
397 8 433 434
398 7 433 435
399 7 433 436
400 7 435 437
401 7 436 438
402 4 437 439
403 4 437 440
404 4 437 441
405 4 438 442
406 4 438 443
407 4 438 444
408 8 445 446
409 7 445 447
410 7 445 448
411 7 447 449
412 7 448 450
413 4 449 451
414 4 449 452
415 4 449 453
416 4 450 454
417 4 450 455
418 4 450 456
419 8 457 458
420 7 457 459
421 7 457 460
422 7 459 461
423 7 460 462
424 4 461 463
425 4 461 464
426 4 461 465
427 4 462 466
428 4 462 467
429 4 462 468
430 8 469 470
431 7 469 471
432 7 469 472
433 7 471 473
434 7 472 474
435 4 473 475
436 4 473 476
437 4 473 477
438 4 474 478
439 4 474 479
440 4 474 480
441 8 481 482
442 7 481 483
443 7 481 484
444 7 483 485
445 7 484 486
446 4 485 487
447 4 485 488
448 4 485 489
449 4 486 490
450 4 486 491
451 4 486 492
452 8 493 494
453 7 493 495
454 7 493 496
455 7 495 497
456 7 496 498
457 4 497 499
458 4 497 500
459 4 497 501
460 4 498 502
461 4 498 503
462 4 498 504
463 8 505 506
464 7 505 507
465 7 505 508
466 7 507 509
467 7 508 510
468 4 509 511
469 4 509 512
470 4 509 513
471 4 510 514
472 4 510 515
473 4 510 516
474 8 517 518
475 7 517 519
476 7 517 520
477 7 519 521
478 7 520 522
479 4 521 523
480 4 521 524
481 4 521 525
482 4 522 526
483 4 522 527
484 4 522 528
485 8 529 530
486 7 529 531
487 7 529 532
488 7 531 533
489 7 532 534
490 4 533 535
491 4 533 536
492 4 533 537
493 4 534 538
494 4 534 539
495 4 534 540
496 8 541 542
497 7 541 543
498 7 541 544
499 7 543 545
500 7 544 546
501 4 545 547
502 4 545 548
503 4 545 549
504 4 546 550
505 4 546 551
506 4 546 552
507 8 553 554
508 7 553 555
509 7 553 556
510 7 555 557
511 7 556 558
512 4 557 559
513 4 557 560
514 4 557 561
515 4 558 562
516 4 558 563
517 4 558 564
518 8 565 566
519 7 565 567
520 7 565 568
521 7 567 569
522 7 568 570
523 4 569 571
524 4 569 572
525 4 569 573
526 4 570 574
527 4 570 575
528 4 570 576
529 8 577 578
530 7 577 579
531 7 577 580
532 7 579 581
533 7 580 582
534 4 581 583
535 4 581 584
536 4 581 585
537 4 582 586
538 4 582 587
539 4 582 588
540 8 589 590
541 7 589 591
542 7 589 592
543 7 591 593
544 7 592 594
545 4 593 595
546 4 593 596
547 4 593 597
548 4 594 598
549 4 594 599
550 4 594 600
551 8 601 602
552 7 601 603
553 7 601 604
554 7 603 605
555 7 604 606
556 4 605 607
557 4 605 608
558 4 605 609
559 4 606 610
560 4 606 611
561 4 606 612
562 8 613 614
563 7 613 615
564 7 613 616
565 7 615 617
566 7 616 618
567 4 617 619
568 4 617 620
569 4 617 621
570 4 618 622
571 4 618 623
572 4 618 624
573 8 625 626
574 7 625 627
575 7 625 628
576 7 627 629
577 7 628 630
578 4 629 631
579 4 629 632
580 4 629 633
581 4 630 634
582 4 630 635
583 4 630 636
584 8 637 638
585 7 637 639
586 7 637 640
587 7 639 641
588 7 640 642
589 4 641 643
590 4 641 644
591 4 641 645
592 4 642 646
593 4 642 647
594 4 642 648
595 8 649 650
596 7 649 651
597 7 649 652
598 7 651 653
599 7 652 654
600 4 653 655
601 4 653 656
602 4 653 657
603 4 654 658
604 4 654 659
605 4 654 660
606 8 661 662
607 7 661 663
608 7 661 664
609 7 663 665
610 7 664 666
611 4 665 667
612 4 665 668
613 4 665 669
614 4 666 670
615 4 666 671
616 4 666 672
617 8 673 674
618 7 673 675
619 7 673 676
620 7 675 677
621 7 676 678
622 4 677 679
623 4 677 680
624 4 677 681
625 4 678 682
626 4 678 683
627 4 678 684
628 8 685 686
629 7 685 687
630 7 685 688
631 7 687 689
632 7 688 690
633 4 689 691
634 4 689 692
635 4 689 693
636 4 690 694
637 4 690 695
638 4 690 696
639 8 697 698
640 7 697 699
641 7 697 700
642 7 699 701
643 7 700 702
644 4 701 703
645 4 701 704
646 4 701 705
647 4 702 706
648 4 702 707
649 4 702 708
650 8 709 710
651 7 709 711
652 7 709 712
653 7 711 713
654 7 712 714
655 4 713 715
656 4 713 716
657 4 713 717
658 4 714 718
659 4 714 719
660 4 714 720
661 8 721 722
662 7 721 723
663 7 721 724
664 7 723 725
665 7 724 726
666 4 725 727
667 4 725 728
668 4 725 729
669 4 726 730
670 4 726 731
671 4 726 732
672 8 733 734
673 7 733 735
674 7 733 736
675 7 735 737
676 7 736 738
677 4 737 739
678 4 737 740
679 4 737 741
680 4 738 742
681 4 738 743
682 4 738 744
683 8 745 746
684 7 745 747
685 7 745 748
686 7 747 749
687 7 748 750
688 4 749 751
689 4 749 752
690 4 749 753
691 4 750 754
692 4 750 755
693 4 750 756
694 8 757 758
695 7 757 759
696 7 757 760
697 7 759 761
698 7 760 762
699 4 761 763
700 4 761 764
701 4 761 765
702 4 762 766
703 4 762 767
704 4 762 768
705 8 769 770
706 7 769 771
707 7 769 772
708 7 771 773
709 7 772 774
710 4 773 775
711 4 773 776
712 4 773 777
713 4 774 778
714 4 774 779
715 4 774 780
716 8 781 782
717 7 781 783
718 7 781 784
719 7 783 785
720 7 784 786
721 4 785 787
722 4 785 788
723 4 785 789
724 4 786 790
725 4 786 791
726 4 786 792
727 8 793 794
728 7 793 795
729 7 793 796
730 7 795 797
731 7 796 798
732 4 797 799
733 4 797 800
734 4 797 801
735 4 798 802
736 4 798 803
737 4 798 804
738 8 805 806
739 7 805 807
740 7 805 808
741 7 807 809
742 7 808 810
743 4 809 811
744 4 809 812
745 4 809 813
746 4 810 814
747 4 810 815
748 4 810 816
749 8 817 818
750 7 817 819
751 7 817 820
752 7 819 821
753 7 820 822
754 4 821 823
755 4 821 824
756 4 821 825
757 4 822 826
758 4 822 827
759 4 822 828
760 8 829 830
761 7 829 831
762 7 829 832
763 7 831 833
764 7 832 834
765 4 833 835
766 4 833 836
767 4 833 837
768 4 834 838
769 4 834 839
770 4 834 840
771 8 841 842
772 7 841 843
773 7 841 844
774 7 843 845
775 7 844 846
776 4 845 847
777 4 845 848
778 4 845 849
779 4 846 850
780 4 846 851
781 4 846 852
782 8 853 854
783 7 853 855
784 7 853 856
785 7 855 857
786 7 856 858
787 4 857 859
788 4 857 860
789 4 857 861
790 4 858 862
791 4 858 863
792 4 858 864
793 8 865 866
794 7 865 867
795 7 865 868
796 7 867 869
797 7 868 870
798 4 869 871
799 4 869 872
800 4 869 873
801 4 870 874
802 4 870 875
803 4 870 876
804 8 877 878
805 7 877 879
806 7 877 880
807 7 879 881
808 7 880 882
809 4 881 883
810 4 881 884
811 4 881 885
812 4 882 886
813 4 882 887
814 4 882 888
815 8 889 890
816 7 889 891
817 7 889 892
818 7 891 893
819 7 892 894
820 4 893 895
821 4 893 896
822 4 893 897
823 4 894 898
824 4 894 899
825 4 894 900
826 8 901 902
827 7 901 903
828 7 901 904
829 7 903 905
830 7 904 906
831 4 905 907
832 4 905 908
833 4 905 909
834 4 906 910
835 4 906 911
836 4 906 912
837 8 913 914
838 7 913 915
839 7 913 916
840 7 915 917
841 7 916 918
842 4 917 919
843 4 917 920
844 4 917 921
845 4 918 922
846 4 918 923
847 4 918 924
848 8 925 926
849 7 925 927
850 7 925 928
851 7 927 929
852 7 928 930
853 4 929 931
854 4 929 932
855 4 929 933
856 4 930 934
857 4 930 935
858 4 930 936
859 8 937 938
860 7 937 939
861 7 937 940
862 7 939 941
863 7 940 942
864 4 941 943
865 4 941 944
866 4 941 945
867 4 942 946
868 4 942 947
869 4 942 948
870 8 949 950
871 7 949 951
872 7 949 952
873 7 951 953
874 7 952 954
875 4 953 955
876 4 953 956
877 4 953 957
878 4 954 958
879 4 954 959
880 4 954 960
881 8 961 962
882 7 961 963
883 7 961 964
884 7 963 965
885 7 964 966
886 4 965 967
887 4 965 968
888 4 965 969
889 4 966 970
890 4 966 971
891 4 966 972
892 8 973 974
893 7 973 975
894 7 973 976
895 7 975 977
896 7 976 978
897 4 977 979
898 4 977 980
899 4 977 981
900 4 978 982
901 4 978 983
902 4 978 984
903 8 985 986
904 7 985 987
905 7 985 988
906 7 987 989
907 7 988 990
908 4 989 991
909 4 989 992
910 4 989 993
911 4 990 994
912 4 990 995
913 4 990 996
914 8 997 998
915 7 997 999
916 7 997 1000
917 7 999 1001
918 7 1000 1002
919 4 1001 1003
920 4 1001 1004
921 4 1001 1005
922 4 1002 1006
923 4 1002 1007
924 4 1002 1008
925 8 1009 1010
926 7 1009 1011
927 7 1009 1012
928 7 1011 1013
929 7 1012 1014
930 4 1013 1015
931 4 1013 1016
932 4 1013 1017
933 4 1014 1018
934 4 1014 1019
935 4 1014 1020
936 8 1021 1022
937 7 1021 1023
938 7 1021 1024
939 7 1023 1025
940 7 1024 1026
941 4 1025 1027
942 4 1025 1028
943 4 1025 1029
944 4 1026 1030
945 4 1026 1031
946 4 1026 1032
947 8 1033 1034
948 7 1033 1035
949 7 1033 1036
950 7 1035 1037
951 7 1036 1038
952 4 1037 1039
953 4 1037 1040
954 4 1037 1041
955 4 1038 1042
956 4 1038 1043
957 4 1038 1044
958 8 1045 1046
959 7 1045 1047
960 7 1045 1048
961 7 1047 1049
962 7 1048 1050
963 4 1049 1051
964 4 1049 1052
965 4 1049 1053
966 4 1050 1054
967 4 1050 1055
968 4 1050 1056
969 8 1057 1058
970 7 1057 1059
971 7 1057 1060
972 7 1059 1061
973 7 1060 1062
974 4 1061 1063
975 4 1061 1064
976 4 1061 1065
977 4 1062 1066
978 4 1062 1067
979 4 1062 1068
980 8 1069 1070
981 7 1069 1071
982 7 1069 1072
983 7 1071 1073
984 7 1072 1074
985 4 1073 1075
986 4 1073 1076
987 4 1073 1077
988 4 1074 1078
989 4 1074 1079
990 4 1074 1080
991 8 1081 1082
992 7 1081 1083
993 7 1081 1084
994 7 1083 1085
995 7 1084 1086
996 4 1085 1087
997 4 1085 1088
998 4 1085 1089
999 4 1086 1090
1000 4 1086 1091
1001 4 1086 1092
1002 8 1093 1094
1003 7 1093 1095
1004 7 1093 1096
1005 7 1095 1097
1006 7 1096 1098
1007 4 1097 1099
1008 4 1097 1100
1009 4 1097 1101
1010 4 1098 1102
1011 4 1098 1103
1012 4 1098 1104
1013 8 1105 1106
1014 7 1105 1107
1015 7 1105 1108
1016 7 1107 1109
1017 7 1108 1110
1018 4 1109 1111
1019 4 1109 1112
1020 4 1109 1113
1021 4 1110 1114
1022 4 1110 1115
1023 4 1110 1116
1024 8 1117 1118
1025 7 1117 1119
1026 7 1117 1120
1027 7 1119 1121
1028 7 1120 1122
1029 4 1121 1123
1030 4 1121 1124
1031 4 1121 1125
1032 4 1122 1126
1033 4 1122 1127
1034 4 1122 1128
1035 8 1129 1130
1036 7 1129 1131
1037 7 1129 1132
1038 7 1131 1133
1039 7 1132 1134
1040 4 1133 1135
1041 4 1133 1136
1042 4 1133 1137
1043 4 1134 1138
1044 4 1134 1139
1045 4 1134 1140
1046 8 1141 1142
1047 7 1141 1143
1048 7 1141 1144
1049 7 1143 1145
1050 7 1144 1146
1051 4 1145 1147
1052 4 1145 1148
1053 4 1145 1149
1054 4 1146 1150
1055 4 1146 1151
1056 4 1146 1152
1057 8 1153 1154
1058 7 1153 1155
1059 7 1153 1156
1060 7 1155 1157
1061 7 1156 1158
1062 4 1157 1159
1063 4 1157 1160
1064 4 1157 1161
1065 4 1158 1162
1066 4 1158 1163
1067 4 1158 1164
1068 8 1165 1166
1069 7 1165 1167
1070 7 1165 1168
1071 7 1167 1169
1072 7 1168 1170
1073 4 1169 1171
1074 4 1169 1172
1075 4 1169 1173
1076 4 1170 1174
1077 4 1170 1175
1078 4 1170 1176
1079 8 1177 1178
1080 7 1177 1179
1081 7 1177 1180
1082 7 1179 1181
1083 7 1180 1182
1084 4 1181 1183
1085 4 1181 1184
1086 4 1181 1185
1087 4 1182 1186
1088 4 1182 1187
1089 4 1182 1188
1090 8 1189 1190
1091 7 1189 1191
1092 7 1189 1192
1093 7 1191 1193
1094 7 1192 1194
1095 4 1193 1195
1096 4 1193 1196
1097 4 1193 1197
1098 4 1194 1198
1099 4 1194 1199
1100 4 1194 1200
1101 8 1201 1202
1102 7 1201 1203
1103 7 1201 1204
1104 7 1203 1205
1105 7 1204 1206
1106 4 1205 1207
1107 4 1205 1208
1108 4 1205 1209
1109 4 1206 1210
1110 4 1206 1211
1111 4 1206 1212
1112 8 1213 1214
1113 7 1213 1215
1114 7 1213 1216
1115 7 1215 1217
1116 7 1216 1218
1117 4 1217 1219
1118 4 1217 1220
1119 4 1217 1221
1120 4 1218 1222
1121 4 1218 1223
1122 4 1218 1224
1123 8 1225 1226
1124 7 1225 1227
1125 7 1225 1228
1126 7 1227 1229
1127 7 1228 1230
1128 4 1229 1231
1129 4 1229 1232
1130 4 1229 1233
1131 4 1230 1234
1132 4 1230 1235
1133 4 1230 1236
1134 8 1237 1238
1135 7 1237 1239
1136 7 1237 1240
1137 7 1239 1241
1138 7 1240 1242
1139 4 1241 1243
1140 4 1241 1244
1141 4 1241 1245
1142 4 1242 1246
1143 4 1242 1247
1144 4 1242 1248
1145 8 1249 1250
1146 7 1249 1251
1147 7 1249 1252
1148 7 1251 1253
1149 7 1252 1254
1150 4 1253 1255
1151 4 1253 1256
1152 4 1253 1257
1153 4 1254 1258
1154 4 1254 1259
1155 4 1254 1260
1156 8 1261 1262
1157 7 1261 1263
1158 7 1261 1264
1159 7 1263 1265
1160 7 1264 1266
1161 4 1265 1267
1162 4 1265 1268
1163 4 1265 1269
1164 4 1266 1270
1165 4 1266 1271
1166 4 1266 1272
1167 8 1273 1274
1168 7 1273 1275
1169 7 1273 1276
1170 7 1275 1277
1171 7 1276 1278
1172 4 1277 1279
1173 4 1277 1280
1174 4 1277 1281
1175 4 1278 1282
1176 4 1278 1283
1177 4 1278 1284
1178 8 1285 1286
1179 7 1285 1287
1180 7 1285 1288
1181 7 1287 1289
1182 7 1288 1290
1183 4 1289 1291
1184 4 1289 1292
1185 4 1289 1293
1186 4 1290 1294
1187 4 1290 1295
1188 4 1290 1296
1189 8 1297 1298
1190 7 1297 1299
1191 7 1297 1300
1192 7 1299 1301
1193 7 1300 1302
1194 4 1301 1303
1195 4 1301 1304
1196 4 1301 1305
1197 4 1302 1306
1198 4 1302 1307
1199 4 1302 1308
1200 8 1309 1310
1201 7 1309 1311
1202 7 1309 1312
1203 7 1311 1313
1204 7 1312 1314
1205 4 1313 1315
1206 4 1313 1316
1207 4 1313 1317
1208 4 1314 1318
1209 4 1314 1319
1210 4 1314 1320
1211 8 1321 1322
1212 7 1321 1323
1213 7 1321 1324
1214 7 1323 1325
1215 7 1324 1326
1216 4 1325 1327
1217 4 1325 1328
1218 4 1325 1329
1219 4 1326 1330
1220 4 1326 1331
1221 4 1326 1332
1222 8 1333 1334
1223 7 1333 1335
1224 7 1333 1336
1225 7 1335 1337
1226 7 1336 1338
1227 4 1337 1339
1228 4 1337 1340
1229 4 1337 1341
1230 4 1338 1342
1231 4 1338 1343
1232 4 1338 1344
1233 8 1345 1346
1234 7 1345 1347
1235 7 1345 1348
1236 7 1347 1349
1237 7 1348 1350
1238 4 1349 1351
1239 4 1349 1352
1240 4 1349 1353
1241 4 1350 1354
1242 4 1350 1355
1243 4 1350 1356
1244 8 1357 1358
1245 7 1357 1359
1246 7 1357 1360
1247 7 1359 1361
1248 7 1360 1362
1249 4 1361 1363
1250 4 1361 1364
1251 4 1361 1365
1252 4 1362 1366
1253 4 1362 1367
1254 4 1362 1368
1255 8 1369 1370
1256 7 1369 1371
1257 7 1369 1372
1258 7 1371 1373
1259 7 1372 1374
1260 4 1373 1375
1261 4 1373 1376
1262 4 1373 1377
1263 4 1374 1378
1264 4 1374 1379
1265 4 1374 1380
1266 8 1381 1382
1267 7 1381 1383
1268 7 1381 1384
1269 7 1383 1385
1270 7 1384 1386
1271 4 1385 1387
1272 4 1385 1388
1273 4 1385 1389
1274 4 1386 1390
1275 4 1386 1391
1276 4 1386 1392
1277 8 1393 1394
1278 7 1393 1395
1279 7 1393 1396
1280 7 1395 1397
1281 7 1396 1398
1282 4 1397 1399
1283 4 1397 1400
1284 4 1397 1401
1285 4 1398 1402
1286 4 1398 1403
1287 4 1398 1404
1288 8 1405 1406
1289 7 1405 1407
1290 7 1405 1408
1291 7 1407 1409
1292 7 1408 1410
1293 4 1409 1411
1294 4 1409 1412
1295 4 1409 1413
1296 4 1410 1414
1297 4 1410 1415
1298 4 1410 1416
1299 8 1417 1418
1300 7 1417 1419
1301 7 1417 1420
1302 7 1419 1421
1303 7 1420 1422
1304 4 1421 1423
1305 4 1421 1424
1306 4 1421 1425
1307 4 1422 1426
1308 4 1422 1427
1309 4 1422 1428
1310 8 1429 1430
1311 7 1429 1431
1312 7 1429 1432
1313 7 1431 1433
1314 7 1432 1434
1315 4 1433 1435
1316 4 1433 1436
1317 4 1433 1437
1318 4 1434 1438
1319 4 1434 1439
1320 4 1434 1440
1321 8 1441 1442
1322 7 1441 1443
1323 7 1441 1444
1324 7 1443 1445
1325 7 1444 1446
1326 4 1445 1447
1327 4 1445 1448
1328 4 1445 1449
1329 4 1446 1450
1330 4 1446 1451
1331 4 1446 1452
1332 8 1453 1454
1333 7 1453 1455
1334 7 1453 1456
1335 7 1455 1457
1336 7 1456 1458
1337 4 1457 1459
1338 4 1457 1460
1339 4 1457 1461
1340 4 1458 1462
1341 4 1458 1463
1342 4 1458 1464
1343 8 1465 1466
1344 7 1465 1467
1345 7 1465 1468
1346 7 1467 1469
1347 7 1468 1470
1348 4 1469 1471
1349 4 1469 1472
1350 4 1469 1473
1351 4 1470 1474
1352 4 1470 1475
1353 4 1470 1476
1354 8 1477 1478
1355 7 1477 1479
1356 7 1477 1480
1357 7 1479 1481
1358 7 1480 1482
1359 4 1481 1483
1360 4 1481 1484
1361 4 1481 1485
1362 4 1482 1486
1363 4 1482 1487
1364 4 1482 1488
1365 8 1489 1490
1366 7 1489 1491
1367 7 1489 1492
1368 7 1491 1493
1369 7 1492 1494
1370 4 1493 1495
1371 4 1493 1496
1372 4 1493 1497
1373 4 1494 1498
1374 4 1494 1499
1375 4 1494 1500
1376 8 1501 1502
1377 7 1501 1503
1378 7 1501 1504
1379 7 1503 1505
1380 7 1504 1506
1381 4 1505 1507
1382 4 1505 1508
1383 4 1505 1509
1384 4 1506 1510
1385 4 1506 1511
1386 4 1506 1512
1387 8 1513 1514
1388 7 1513 1515
1389 7 1513 1516
1390 7 1515 1517
1391 7 1516 1518
1392 4 1517 1519
1393 4 1517 1520
1394 4 1517 1521
1395 4 1518 1522
1396 4 1518 1523
1397 4 1518 1524
1398 8 1525 1526
1399 7 1525 1527
1400 7 1525 1528
1401 7 1527 1529
1402 7 1528 1530
1403 4 1529 1531
1404 4 1529 1532
1405 4 1529 1533
1406 4 1530 1534
1407 4 1530 1535
1408 4 1530 1536
1409 8 1537 1538
1410 7 1537 1539
1411 7 1537 1540
1412 7 1539 1541
1413 7 1540 1542
1414 4 1541 1543
1415 4 1541 1544
1416 4 1541 1545
1417 4 1542 1546
1418 4 1542 1547
1419 4 1542 1548
1420 8 1549 1550
1421 7 1549 1551
1422 7 1549 1552
1423 7 1551 1553
1424 7 1552 1554
1425 4 1553 1555
1426 4 1553 1556
1427 4 1553 1557
1428 4 1554 1558
1429 4 1554 1559
1430 4 1554 1560
1431 8 1561 1562
1432 7 1561 1563
1433 7 1561 1564
1434 7 1563 1565
1435 7 1564 1566
1436 4 1565 1567
1437 4 1565 1568
1438 4 1565 1569
1439 4 1566 1570
1440 4 1566 1571
1441 4 1566 1572
1442 8 1573 1574
1443 7 1573 1575
1444 7 1573 1576
1445 7 1575 1577
1446 7 1576 1578
1447 4 1577 1579
1448 4 1577 1580
1449 4 1577 1581
1450 4 1578 1582
1451 4 1578 1583
1452 4 1578 1584
1453 8 1585 1586
1454 7 1585 1587
1455 7 1585 1588
1456 7 1587 1589
1457 7 1588 1590
1458 4 1589 1591
1459 4 1589 1592
1460 4 1589 1593
1461 4 1590 1594
1462 4 1590 1595
1463 4 1590 1596
1464 8 1597 1598
1465 7 1597 1599
1466 7 1597 1600
1467 7 1599 1601
1468 7 1600 1602
1469 4 1601 1603
1470 4 1601 1604
1471 4 1601 1605
1472 4 1602 1606
1473 4 1602 1607
1474 4 1602 1608
1475 8 1609 1610
1476 7 1609 1611
1477 7 1609 1612
1478 7 1611 1613
1479 7 1612 1614
1480 4 1613 1615
1481 4 1613 1616
1482 4 1613 1617
1483 4 1614 1618
1484 4 1614 1619
1485 4 1614 1620
1486 8 1621 1622
1487 7 1621 1623
1488 7 1621 1624
1489 7 1623 1625
1490 7 1624 1626
1491 4 1625 1627
1492 4 1625 1628
1493 4 1625 1629
1494 4 1626 1630
1495 4 1626 1631
1496 4 1626 1632
1497 8 1633 1634
1498 7 1633 1635
1499 7 1633 1636
1500 7 1635 1637
1501 7 1636 1638
1502 4 1637 1639
1503 4 1637 1640
1504 4 1637 1641
1505 4 1638 1642
1506 4 1638 1643
1507 4 1638 1644
1508 8 1645 1646
1509 7 1645 1647
1510 7 1645 1648
1511 7 1647 1649
1512 7 1648 1650
1513 4 1649 1651
1514 4 1649 1652
1515 4 1649 1653
1516 4 1650 1654
1517 4 1650 1655
1518 4 1650 1656
1519 8 1657 1658
1520 7 1657 1659
1521 7 1657 1660
1522 7 1659 1661
1523 7 1660 1662
1524 4 1661 1663
1525 4 1661 1664
1526 4 1661 1665
1527 4 1662 1666
1528 4 1662 1667
1529 4 1662 1668
1530 8 1669 1670
1531 7 1669 1671
1532 7 1669 1672
1533 7 1671 1673
1534 7 1672 1674
1535 4 1673 1675
1536 4 1673 1676
1537 4 1673 1677
1538 4 1674 1678
1539 4 1674 1679
1540 4 1674 1680
1541 8 1681 1682
1542 7 1681 1683
1543 7 1681 1684
1544 7 1683 1685
1545 7 1684 1686
1546 4 1685 1687
1547 4 1685 1688
1548 4 1685 1689
1549 4 1686 1690
1550 4 1686 1691
1551 4 1686 1692
1552 8 1693 1694
1553 7 1693 1695
1554 7 1693 1696
1555 7 1695 1697
1556 7 1696 1698
1557 4 1697 1699
1558 4 1697 1700
1559 4 1697 1701
1560 4 1698 1702
1561 4 1698 1703
1562 4 1698 1704
1563 8 1705 1706
1564 7 1705 1707
1565 7 1705 1708
1566 7 1707 1709
1567 7 1708 1710
1568 4 1709 1711
1569 4 1709 1712
1570 4 1709 1713
1571 4 1710 1714
1572 4 1710 1715
1573 4 1710 1716
1574 8 1717 1718
1575 7 1717 1719
1576 7 1717 1720
1577 7 1719 1721
1578 7 1720 1722
1579 4 1721 1723
1580 4 1721 1724
1581 4 1721 1725
1582 4 1722 1726
1583 4 1722 1727
1584 4 1722 1728
1585 8 1729 1730
1586 7 1729 1731
1587 7 1729 1732
1588 7 1731 1733
1589 7 1732 1734
1590 4 1733 1735
1591 4 1733 1736
1592 4 1733 1737
1593 4 1734 1738
1594 4 1734 1739
1595 4 1734 1740
1596 8 1741 1742
1597 7 1741 1743
1598 7 1741 1744
1599 7 1743 1745
1600 7 1744 1746
1601 4 1745 1747
1602 4 1745 1748
1603 4 1745 1749
1604 4 1746 1750
1605 4 1746 1751
1606 4 1746 1752
1607 8 1753 1754
1608 7 1753 1755
1609 7 1753 1756
1610 7 1755 1757
1611 7 1756 1758
1612 4 1757 1759
1613 4 1757 1760
1614 4 1757 1761
1615 4 1758 1762
1616 4 1758 1763
1617 4 1758 1764
1618 8 1765 1766
1619 7 1765 1767
1620 7 1765 1768
1621 7 1767 1769
1622 7 1768 1770
1623 4 1769 1771
1624 4 1769 1772
1625 4 1769 1773
1626 4 1770 1774
1627 4 1770 1775
1628 4 1770 1776
1629 8 1777 1778
1630 7 1777 1779
1631 7 1777 1780
1632 7 1779 1781
1633 7 1780 1782
1634 4 1781 1783
1635 4 1781 1784
1636 4 1781 1785
1637 4 1782 1786
1638 4 1782 1787
1639 4 1782 1788
1640 8 1789 1790
1641 7 1789 1791
1642 7 1789 1792
1643 7 1791 1793
1644 7 1792 1794
1645 4 1793 1795
1646 4 1793 1796
1647 4 1793 1797
1648 4 1794 1798
1649 4 1794 1799
1650 4 1794 1800
1651 8 1801 1802
1652 7 1801 1803
1653 7 1801 1804
1654 7 1803 1805
1655 7 1804 1806
1656 4 1805 1807
1657 4 1805 1808
1658 4 1805 1809
1659 4 1806 1810
1660 4 1806 1811
1661 4 1806 1812
1662 8 1813 1814
1663 7 1813 1815
1664 7 1813 1816
1665 7 1815 1817
1666 7 1816 1818
1667 4 1817 1819
1668 4 1817 1820
1669 4 1817 1821
1670 4 1818 1822
1671 4 1818 1823
1672 4 1818 1824
1673 8 1825 1826
1674 7 1825 1827
1675 7 1825 1828
1676 7 1827 1829
1677 7 1828 1830
1678 4 1829 1831
1679 4 1829 1832
1680 4 1829 1833
1681 4 1830 1834
1682 4 1830 1835
1683 4 1830 1836
1684 8 1837 1838
1685 7 1837 1839
1686 7 1837 1840
1687 7 1839 1841
1688 7 1840 1842
1689 4 1841 1843
1690 4 1841 1844
1691 4 1841 1845
1692 4 1842 1846
1693 4 1842 1847
1694 4 1842 1848
1695 8 1849 1850
1696 7 1849 1851
1697 7 1849 1852
1698 7 1851 1853
1699 7 1852 1854
1700 4 1853 1855
1701 4 1853 1856
1702 4 1853 1857
1703 4 1854 1858
1704 4 1854 1859
1705 4 1854 1860
1706 8 1861 1862
1707 7 1861 1863
1708 7 1861 1864
1709 7 1863 1865
1710 7 1864 1866
1711 4 1865 1867
1712 4 1865 1868
1713 4 1865 1869
1714 4 1866 1870
1715 4 1866 1871
1716 4 1866 1872
1717 8 1873 1874
1718 7 1873 1875
1719 7 1873 1876
1720 7 1875 1877
1721 7 1876 1878
1722 4 1877 1879
1723 4 1877 1880
1724 4 1877 1881
1725 4 1878 1882
1726 4 1878 1883
1727 4 1878 1884
1728 8 1885 1886
1729 7 1885 1887
1730 7 1885 1888
1731 7 1887 1889
1732 7 1888 1890
1733 4 1889 1891
1734 4 1889 1892
1735 4 1889 1893
1736 4 1890 1894
1737 4 1890 1895
1738 4 1890 1896
1739 8 1897 1898
1740 7 1897 1899
1741 7 1897 1900
1742 7 1899 1901
1743 7 1900 1902
1744 4 1901 1903
1745 4 1901 1904
1746 4 1901 1905
1747 4 1902 1906
1748 4 1902 1907
1749 4 1902 1908
1750 8 1909 1910
1751 7 1909 1911
1752 7 1909 1912
1753 7 1911 1913
1754 7 1912 1914
1755 4 1913 1915
1756 4 1913 1916
1757 4 1913 1917
1758 4 1914 1918
1759 4 1914 1919
1760 4 1914 1920
1761 8 1921 1922
1762 7 1921 1923
1763 7 1921 1924
1764 7 1923 1925
1765 7 1924 1926
1766 4 1925 1927
1767 4 1925 1928
1768 4 1925 1929
1769 4 1926 1930
1770 4 1926 1931
1771 4 1926 1932
1772 8 1933 1934
1773 7 1933 1935
1774 7 1933 1936
1775 7 1935 1937
1776 7 1936 1938
1777 4 1937 1939
1778 4 1937 1940
1779 4 1937 1941
1780 4 1938 1942
1781 4 1938 1943
1782 4 1938 1944
1783 8 1945 1946
1784 7 1945 1947
1785 7 1945 1948
1786 7 1947 1949
1787 7 1948 1950
1788 4 1949 1951
1789 4 1949 1952
1790 4 1949 1953
1791 4 1950 1954
1792 4 1950 1955
1793 4 1950 1956
1794 8 1957 1958
1795 7 1957 1959
1796 7 1957 1960
1797 7 1959 1961
1798 7 1960 1962
1799 4 1961 1963
1800 4 1961 1964
1801 4 1961 1965
1802 4 1962 1966
1803 4 1962 1967
1804 4 1962 1968
1805 8 1969 1970
1806 7 1969 1971
1807 7 1969 1972
1808 7 1971 1973
1809 7 1972 1974
1810 4 1973 1975
1811 4 1973 1976
1812 4 1973 1977
1813 4 1974 1978
1814 4 1974 1979
1815 4 1974 1980
1816 8 1981 1982
1817 7 1981 1983
1818 7 1981 1984
1819 7 1983 1985
1820 7 1984 1986
1821 4 1985 1987
1822 4 1985 1988
1823 4 1985 1989
1824 4 1986 1990
1825 4 1986 1991
1826 4 1986 1992
1827 8 1993 1994
1828 7 1993 1995
1829 7 1993 1996
1830 7 1995 1997
1831 7 1996 1998
1832 4 1997 1999
1833 4 1997 2000
1834 4 1997 2001
1835 4 1998 2002
1836 4 1998 2003
1837 4 1998 2004
1838 8 2005 2006
1839 7 2005 2007
1840 7 2005 2008
1841 7 2007 2009
1842 7 2008 2010
1843 4 2009 2011
1844 4 2009 2012
1845 4 2009 2013
1846 4 2010 2014
1847 4 2010 2015
1848 4 2010 2016
1849 8 2017 2018
1850 7 2017 2019
1851 7 2017 2020
1852 7 2019 2021
1853 7 2020 2022
1854 4 2021 2023
1855 4 2021 2024
1856 4 2021 2025
1857 4 2022 2026
1858 4 2022 2027
1859 4 2022 2028
1860 8 2029 2030
1861 7 2029 2031
1862 7 2029 2032
1863 7 2031 2033
1864 7 2032 2034
1865 4 2033 2035
1866 4 2033 2036
1867 4 2033 2037
1868 4 2034 2038
1869 4 2034 2039
1870 4 2034 2040
1871 8 2041 2042
1872 7 2041 2043
1873 7 2041 2044
1874 7 2043 2045
1875 7 2044 2046
1876 4 2045 2047
1877 4 2045 2048
1878 4 2045 2049
1879 4 2046 2050
1880 4 2046 2051
1881 4 2046 2052
1882 8 2053 2054
1883 7 2053 2055
1884 7 2053 2056
1885 7 2055 2057
1886 7 2056 2058
1887 4 2057 2059
1888 4 2057 2060
1889 4 2057 2061
1890 4 2058 2062
1891 4 2058 2063
1892 4 2058 2064
1893 8 2065 2066
1894 7 2065 2067
1895 7 2065 2068
1896 7 2067 2069
1897 7 2068 2070
1898 4 2069 2071
1899 4 2069 2072
1900 4 2069 2073
1901 4 2070 2074
1902 4 2070 2075
1903 4 2070 2076
1904 8 2077 2078
1905 7 2077 2079
1906 7 2077 2080
1907 7 2079 2081
1908 7 2080 2082
1909 4 2081 2083
1910 4 2081 2084
1911 4 2081 2085
1912 4 2082 2086
1913 4 2082 2087
1914 4 2082 2088
1915 8 2089 2090
1916 7 2089 2091
1917 7 2089 2092
1918 7 2091 2093
1919 7 2092 2094
1920 4 2093 2095
1921 4 2093 2096
1922 4 2093 2097
1923 4 2094 2098
1924 4 2094 2099
1925 4 2094 2100
1926 8 2101 2102
1927 7 2101 2103
1928 7 2101 2104
1929 7 2103 2105
1930 7 2104 2106
1931 4 2105 2107
1932 4 2105 2108
1933 4 2105 2109
1934 4 2106 2110
1935 4 2106 2111
1936 4 2106 2112
1937 8 2113 2114
1938 7 2113 2115
1939 7 2113 2116
1940 7 2115 2117
1941 7 2116 2118
1942 4 2117 2119
1943 4 2117 2120
1944 4 2117 2121
1945 4 2118 2122
1946 4 2118 2123
1947 4 2118 2124
1948 8 2125 2126
1949 7 2125 2127
1950 7 2125 2128
1951 7 2127 2129
1952 7 2128 2130
1953 4 2129 2131
1954 4 2129 2132
1955 4 2129 2133
1956 4 2130 2134
1957 4 2130 2135
1958 4 2130 2136
1959 8 2137 2138
1960 7 2137 2139
1961 7 2137 2140
1962 7 2139 2141
1963 7 2140 2142
1964 4 2141 2143
1965 4 2141 2144
1966 4 2141 2145
1967 4 2142 2146
1968 4 2142 2147
1969 4 2142 2148
1970 8 2149 2150
1971 7 2149 2151
1972 7 2149 2152
1973 7 2151 2153
1974 7 2152 2154
1975 4 2153 2155
1976 4 2153 2156
1977 4 2153 2157
1978 4 2154 2158
1979 4 2154 2159
1980 4 2154 2160
1981 8 2161 2162
1982 7 2161 2163
1983 7 2161 2164
1984 7 2163 2165
1985 7 2164 2166
1986 4 2165 2167
1987 4 2165 2168
1988 4 2165 2169
1989 4 2166 2170
1990 4 2166 2171
1991 4 2166 2172
1992 8 2173 2174
1993 7 2173 2175
1994 7 2173 2176
1995 7 2175 2177
1996 7 2176 2178
1997 4 2177 2179
1998 4 2177 2180
1999 4 2177 2181
2000 4 2178 2182
2001 4 2178 2183
2002 4 2178 2184
2003 8 2185 2186
2004 7 2185 2187
2005 7 2185 2188
2006 7 2187 2189
2007 7 2188 2190
2008 4 2189 2191
2009 4 2189 2192
2010 4 2189 2193
2011 4 2190 2194
2012 4 2190 2195
2013 4 2190 2196
2014 8 2197 2198
2015 7 2197 2199
2016 7 2197 2200
2017 7 2199 2201
2018 7 2200 2202
2019 4 2201 2203
2020 4 2201 2204
2021 4 2201 2205
2022 4 2202 2206
2023 4 2202 2207
2024 4 2202 2208
2025 8 2209 2210
2026 7 2209 2211
2027 7 2209 2212
2028 7 2211 2213
2029 7 2212 2214
2030 4 2213 2215
2031 4 2213 2216
2032 4 2213 2217
2033 4 2214 2218
2034 4 2214 2219
2035 4 2214 2220
2036 8 2221 2222
2037 7 2221 2223
2038 7 2221 2224
2039 7 2223 2225
2040 7 2224 2226
2041 4 2225 2227
2042 4 2225 2228
2043 4 2225 2229
2044 4 2226 2230
2045 4 2226 2231
2046 4 2226 2232
2047 8 2233 2234
2048 7 2233 2235
2049 7 2233 2236
2050 7 2235 2237
2051 7 2236 2238
2052 4 2237 2239
2053 4 2237 2240
2054 4 2237 2241
2055 4 2238 2242
2056 4 2238 2243
2057 4 2238 2244
2058 8 2245 2246
2059 7 2245 2247
2060 7 2245 2248
2061 7 2247 2249
2062 7 2248 2250
2063 4 2249 2251
2064 4 2249 2252
2065 4 2249 2253
2066 4 2250 2254
2067 4 2250 2255
2068 4 2250 2256
2069 8 2257 2258
2070 7 2257 2259
2071 7 2257 2260
2072 7 2259 2261
2073 7 2260 2262
2074 4 2261 2263
2075 4 2261 2264
2076 4 2261 2265
2077 4 2262 2266
2078 4 2262 2267
2079 4 2262 2268
2080 8 2269 2270
2081 7 2269 2271
2082 7 2269 2272
2083 7 2271 2273
2084 7 2272 2274
2085 4 2273 2275
2086 4 2273 2276
2087 4 2273 2277
2088 4 2274 2278
2089 4 2274 2279
2090 4 2274 2280
2091 8 2281 2282
2092 7 2281 2283
2093 7 2281 2284
2094 7 2283 2285
2095 7 2284 2286
2096 4 2285 2287
2097 4 2285 2288
2098 4 2285 2289
2099 4 2286 2290
2100 4 2286 2291
2101 4 2286 2292
2102 8 2293 2294
2103 7 2293 2295
2104 7 2293 2296
2105 7 2295 2297
2106 7 2296 2298
2107 4 2297 2299
2108 4 2297 2300
2109 4 2297 2301
2110 4 2298 2302
2111 4 2298 2303
2112 4 2298 2304
2113 8 2305 2306
2114 7 2305 2307
2115 7 2305 2308
2116 7 2307 2309
2117 7 2308 2310
2118 4 2309 2311
2119 4 2309 2312
2120 4 2309 2313
2121 4 2310 2314
2122 4 2310 2315
2123 4 2310 2316
2124 8 2317 2318
2125 7 2317 2319
2126 7 2317 2320
2127 7 2319 2321
2128 7 2320 2322
2129 4 2321 2323
2130 4 2321 2324
2131 4 2321 2325
2132 4 2322 2326
2133 4 2322 2327
2134 4 2322 2328
2135 8 2329 2330
2136 7 2329 2331
2137 7 2329 2332
2138 7 2331 2333
2139 7 2332 2334
2140 4 2333 2335
2141 4 2333 2336
2142 4 2333 2337
2143 4 2334 2338
2144 4 2334 2339
2145 4 2334 2340
2146 8 2341 2342
2147 7 2341 2343
2148 7 2341 2344
2149 7 2343 2345
2150 7 2344 2346
2151 4 2345 2347
2152 4 2345 2348
2153 4 2345 2349
2154 4 2346 2350
2155 4 2346 2351
2156 4 2346 2352
2157 8 2353 2354
2158 7 2353 2355
2159 7 2353 2356
2160 7 2355 2357
2161 7 2356 2358
2162 4 2357 2359
2163 4 2357 2360
2164 4 2357 2361
2165 4 2358 2362
2166 4 2358 2363
2167 4 2358 2364
2168 8 2365 2366
2169 7 2365 2367
2170 7 2365 2368
2171 7 2367 2369
2172 7 2368 2370
2173 4 2369 2371
2174 4 2369 2372
2175 4 2369 2373
2176 4 2370 2374
2177 4 2370 2375
2178 4 2370 2376
2179 8 2377 2378
2180 7 2377 2379
2181 7 2377 2380
2182 7 2379 2381
2183 7 2380 2382
2184 4 2381 2383
2185 4 2381 2384
2186 4 2381 2385
2187 4 2382 2386
2188 4 2382 2387
2189 4 2382 2388
2190 8 2389 2390
2191 7 2389 2391
2192 7 2389 2392
2193 7 2391 2393
2194 7 2392 2394
2195 4 2393 2395
2196 4 2393 2396
2197 4 2393 2397
2198 4 2394 2398
2199 4 2394 2399
2200 4 2394 2400
2201 8 2401 2402
2202 7 2401 2403
2203 7 2401 2404
2204 7 2403 2405
2205 7 2404 2406
2206 4 2405 2407
2207 4 2405 2408
2208 4 2405 2409
2209 4 2406 2410
2210 4 2406 2411
2211 4 2406 2412
2212 8 2413 2414
2213 7 2413 2415
2214 7 2413 2416
2215 7 2415 2417
2216 7 2416 2418
2217 4 2417 2419
2218 4 2417 2420
2219 4 2417 2421
2220 4 2418 2422
2221 4 2418 2423
2222 4 2418 2424
2223 8 2425 2426
2224 7 2425 2427
2225 7 2425 2428
2226 7 2427 2429
2227 7 2428 2430
2228 4 2429 2431
2229 4 2429 2432
2230 4 2429 2433
2231 4 2430 2434
2232 4 2430 2435
2233 4 2430 2436
2234 8 2437 2438
2235 7 2437 2439
2236 7 2437 2440
2237 7 2439 2441
2238 7 2440 2442
2239 4 2441 2443
2240 4 2441 2444
2241 4 2441 2445
2242 4 2442 2446
2243 4 2442 2447
2244 4 2442 2448
2245 8 2449 2450
2246 7 2449 2451
2247 7 2449 2452
2248 7 2451 2453
2249 7 2452 2454
2250 4 2453 2455
2251 4 2453 2456
2252 4 2453 2457
2253 4 2454 2458
2254 4 2454 2459
2255 4 2454 2460
2256 8 2461 2462
2257 7 2461 2463
2258 7 2461 2464
2259 7 2463 2465
2260 7 2464 2466
2261 4 2465 2467
2262 4 2465 2468
2263 4 2465 2469
2264 4 2466 2470
2265 4 2466 2471
2266 4 2466 2472
2267 8 2473 2474
2268 7 2473 2475
2269 7 2473 2476
2270 7 2475 2477
2271 7 2476 2478
2272 4 2477 2479
2273 4 2477 2480
2274 4 2477 2481
2275 4 2478 2482
2276 4 2478 2483
2277 4 2478 2484
2278 8 2485 2486
2279 7 2485 2487
2280 7 2485 2488
2281 7 2487 2489
2282 7 2488 2490
2283 4 2489 2491
2284 4 2489 2492
2285 4 2489 2493
2286 4 2490 2494
2287 4 2490 2495
2288 4 2490 2496
2289 8 2497 2498
2290 7 2497 2499
2291 7 2497 2500
2292 7 2499 2501
2293 7 2500 2502
2294 4 2501 2503
2295 4 2501 2504
2296 4 2501 2505
2297 4 2502 2506
2298 4 2502 2507
2299 4 2502 2508
2300 8 2509 2510
2301 7 2509 2511
2302 7 2509 2512
2303 7 2511 2513
2304 7 2512 2514
2305 4 2513 2515
2306 4 2513 2516
2307 4 2513 2517
2308 4 2514 2518
2309 4 2514 2519
2310 4 2514 2520
2311 8 2521 2522
2312 7 2521 2523
2313 7 2521 2524
2314 7 2523 2525
2315 7 2524 2526
2316 4 2525 2527
2317 4 2525 2528
2318 4 2525 2529
2319 4 2526 2530
2320 4 2526 2531
2321 4 2526 2532
2322 8 2533 2534
2323 7 2533 2535
2324 7 2533 2536
2325 7 2535 2537
2326 7 2536 2538
2327 4 2537 2539
2328 4 2537 2540
2329 4 2537 2541
2330 4 2538 2542
2331 4 2538 2543
2332 4 2538 2544
2333 8 2545 2546
2334 7 2545 2547
2335 7 2545 2548
2336 7 2547 2549
2337 7 2548 2550
2338 4 2549 2551
2339 4 2549 2552
2340 4 2549 2553
2341 4 2550 2554
2342 4 2550 2555
2343 4 2550 2556
2344 8 2557 2558
2345 7 2557 2559
2346 7 2557 2560
2347 7 2559 2561
2348 7 2560 2562
2349 4 2561 2563
2350 4 2561 2564
2351 4 2561 2565
2352 4 2562 2566
2353 4 2562 2567
2354 4 2562 2568
2355 8 2569 2570
2356 7 2569 2571
2357 7 2569 2572
2358 7 2571 2573
2359 7 2572 2574
2360 4 2573 2575
2361 4 2573 2576
2362 4 2573 2577
2363 4 2574 2578
2364 4 2574 2579
2365 4 2574 2580
2366 8 2581 2582
2367 7 2581 2583
2368 7 2581 2584
2369 7 2583 2585
2370 7 2584 2586
2371 4 2585 2587
2372 4 2585 2588
2373 4 2585 2589
2374 4 2586 2590
2375 4 2586 2591
2376 4 2586 2592
2377 8 2593 2594
2378 7 2593 2595
2379 7 2593 2596
2380 7 2595 2597
2381 7 2596 2598
2382 4 2597 2599
2383 4 2597 2600
2384 4 2597 2601
2385 4 2598 2602
2386 4 2598 2603
2387 4 2598 2604
2388 8 2605 2606
2389 7 2605 2607
2390 7 2605 2608
2391 7 2607 2609
2392 7 2608 2610
2393 4 2609 2611
2394 4 2609 2612
2395 4 2609 2613
2396 4 2610 2614
2397 4 2610 2615
2398 4 2610 2616
2399 8 2617 2618
2400 7 2617 2619
2401 7 2617 2620
2402 7 2619 2621
2403 7 2620 2622
2404 4 2621 2623
2405 4 2621 2624
2406 4 2621 2625
2407 4 2622 2626
2408 4 2622 2627
2409 4 2622 2628
2410 8 2629 2630
2411 7 2629 2631
2412 7 2629 2632
2413 7 2631 2633
2414 7 2632 2634
2415 4 2633 2635
2416 4 2633 2636
2417 4 2633 2637
2418 4 2634 2638
2419 4 2634 2639
2420 4 2634 2640
2421 8 2641 2642
2422 7 2641 2643
2423 7 2641 2644
2424 7 2643 2645
2425 7 2644 2646
2426 4 2645 2647
2427 4 2645 2648
2428 4 2645 2649
2429 4 2646 2650
2430 4 2646 2651
2431 4 2646 2652
2432 8 2653 2654
2433 7 2653 2655
2434 7 2653 2656
2435 7 2655 2657
2436 7 2656 2658
2437 4 2657 2659
2438 4 2657 2660
2439 4 2657 2661
2440 4 2658 2662
2441 4 2658 2663
2442 4 2658 2664
2443 8 2665 2666
2444 7 2665 2667
2445 7 2665 2668
2446 7 2667 2669
2447 7 2668 2670
2448 4 2669 2671
2449 4 2669 2672
2450 4 2669 2673
2451 4 2670 2674
2452 4 2670 2675
2453 4 2670 2676
2454 8 2677 2678
2455 7 2677 2679
2456 7 2677 2680
2457 7 2679 2681
2458 7 2680 2682
2459 4 2681 2683
2460 4 2681 2684
2461 4 2681 2685
2462 4 2682 2686
2463 4 2682 2687
2464 4 2682 2688
2465 8 2689 2690
2466 7 2689 2691
2467 7 2689 2692
2468 7 2691 2693
2469 7 2692 2694
2470 4 2693 2695
2471 4 2693 2696
2472 4 2693 2697
2473 4 2694 2698
2474 4 2694 2699
2475 4 2694 2700
2476 8 2701 2702
2477 7 2701 2703
2478 7 2701 2704
2479 7 2703 2705
2480 7 2704 2706
2481 4 2705 2707
2482 4 2705 2708
2483 4 2705 2709
2484 4 2706 2710
2485 4 2706 2711
2486 4 2706 2712
2487 8 2713 2714
2488 7 2713 2715
2489 7 2713 2716
2490 7 2715 2717
2491 7 2716 2718
2492 4 2717 2719
2493 4 2717 2720
2494 4 2717 2721
2495 4 2718 2722
2496 4 2718 2723
2497 4 2718 2724
2498 8 2725 2726
2499 7 2725 2727
2500 7 2725 2728
2501 7 2727 2729
2502 7 2728 2730
2503 4 2729 2731
2504 4 2729 2732
2505 4 2729 2733
2506 4 2730 2734
2507 4 2730 2735
2508 4 2730 2736
2509 8 2737 2738
2510 7 2737 2739
2511 7 2737 2740
2512 7 2739 2741
2513 7 2740 2742
2514 4 2741 2743
2515 4 2741 2744
2516 4 2741 2745
2517 4 2742 2746
2518 4 2742 2747
2519 4 2742 2748
2520 8 2749 2750
2521 7 2749 2751
2522 7 2749 2752
2523 7 2751 2753
2524 7 2752 2754
2525 4 2753 2755
2526 4 2753 2756
2527 4 2753 2757
2528 4 2754 2758
2529 4 2754 2759
2530 4 2754 2760
2531 8 2761 2762
2532 7 2761 2763
2533 7 2761 2764
2534 7 2763 2765
2535 7 2764 2766
2536 4 2765 2767
2537 4 2765 2768
2538 4 2765 2769
2539 4 2766 2770
2540 4 2766 2771
2541 4 2766 2772
2542 8 2773 2774
2543 7 2773 2775
2544 7 2773 2776
2545 7 2775 2777
2546 7 2776 2778
2547 4 2777 2779
2548 4 2777 2780
2549 4 2777 2781
2550 4 2778 2782
2551 4 2778 2783
2552 4 2778 2784
2553 8 2785 2786
2554 7 2785 2787
2555 7 2785 2788
2556 7 2787 2789
2557 7 2788 2790
2558 4 2789 2791
2559 4 2789 2792
2560 4 2789 2793
2561 4 2790 2794
2562 4 2790 2795
2563 4 2790 2796
2564 8 2797 2798
2565 7 2797 2799
2566 7 2797 2800
2567 7 2799 2801
2568 7 2800 2802
2569 4 2801 2803
2570 4 2801 2804
2571 4 2801 2805
2572 4 2802 2806
2573 4 2802 2807
2574 4 2802 2808
2575 8 2809 2810
2576 7 2809 2811
2577 7 2809 2812
2578 7 2811 2813
2579 7 2812 2814
2580 4 2813 2815
2581 4 2813 2816
2582 4 2813 2817
2583 4 2814 2818
2584 4 2814 2819
2585 4 2814 2820
2586 8 2821 2822
2587 7 2821 2823
2588 7 2821 2824
2589 7 2823 2825
2590 7 2824 2826
2591 4 2825 2827
2592 4 2825 2828
2593 4 2825 2829
2594 4 2826 2830
2595 4 2826 2831
2596 4 2826 2832
2597 8 2833 2834
2598 7 2833 2835
2599 7 2833 2836
2600 7 2835 2837
2601 7 2836 2838
2602 4 2837 2839
2603 4 2837 2840
2604 4 2837 2841
2605 4 2838 2842
2606 4 2838 2843
2607 4 2838 2844
2608 8 2845 2846
2609 7 2845 2847
2610 7 2845 2848
2611 7 2847 2849
2612 7 2848 2850
2613 4 2849 2851
2614 4 2849 2852
2615 4 2849 2853
2616 4 2850 2854
2617 4 2850 2855
2618 4 2850 2856
2619 8 2857 2858
2620 7 2857 2859
2621 7 2857 2860
2622 7 2859 2861
2623 7 2860 2862
2624 4 2861 2863
2625 4 2861 2864
2626 4 2861 2865
2627 4 2862 2866
2628 4 2862 2867
2629 4 2862 2868
2630 8 2869 2870
2631 7 2869 2871
2632 7 2869 2872
2633 7 2871 2873
2634 7 2872 2874
2635 4 2873 2875
2636 4 2873 2876
2637 4 2873 2877
2638 4 2874 2878
2639 4 2874 2879
2640 4 2874 2880
2641 8 2881 2882
2642 7 2881 2883
2643 7 2881 2884
2644 7 2883 2885
2645 7 2884 2886
2646 4 2885 2887
2647 4 2885 2888
2648 4 2885 2889
2649 4 2886 2890
2650 4 2886 2891
2651 4 2886 2892
2652 8 2893 2894
2653 7 2893 2895
2654 7 2893 2896
2655 7 2895 2897
2656 7 2896 2898
2657 4 2897 2899
2658 4 2897 2900
2659 4 2897 2901
2660 4 2898 2902
2661 4 2898 2903
2662 4 2898 2904
2663 8 2905 2906
2664 7 2905 2907
2665 7 2905 2908
2666 7 2907 2909
2667 7 2908 2910
2668 4 2909 2911
2669 4 2909 2912
2670 4 2909 2913
2671 4 2910 2914
2672 4 2910 2915
2673 4 2910 2916
2674 8 2917 2918
2675 7 2917 2919
2676 7 2917 2920
2677 7 2919 2921
2678 7 2920 2922
2679 4 2921 2923
2680 4 2921 2924
2681 4 2921 2925
2682 4 2922 2926
2683 4 2922 2927
2684 4 2922 2928
2685 8 2929 2930
2686 7 2929 2931
2687 7 2929 2932
2688 7 2931 2933
2689 7 2932 2934
2690 4 2933 2935
2691 4 2933 2936
2692 4 2933 2937
2693 4 2934 2938
2694 4 2934 2939
2695 4 2934 2940
2696 8 2941 2942
2697 7 2941 2943
2698 7 2941 2944
2699 7 2943 2945
2700 7 2944 2946
2701 4 2945 2947
2702 4 2945 2948
2703 4 2945 2949
2704 4 2946 2950
2705 4 2946 2951
2706 4 2946 2952
2707 8 2953 2954
2708 7 2953 2955
2709 7 2953 2956
2710 7 2955 2957
2711 7 2956 2958
2712 4 2957 2959
2713 4 2957 2960
2714 4 2957 2961
2715 4 2958 2962
2716 4 2958 2963
2717 4 2958 2964
2718 8 2965 2966
2719 7 2965 2967
2720 7 2965 2968
2721 7 2967 2969
2722 7 2968 2970
2723 4 2969 2971
2724 4 2969 2972
2725 4 2969 2973
2726 4 2970 2974
2727 4 2970 2975
2728 4 2970 2976
2729 8 2977 2978
2730 7 2977 2979
2731 7 2977 2980
2732 7 2979 2981
2733 7 2980 2982
2734 4 2981 2983
2735 4 2981 2984
2736 4 2981 2985
2737 4 2982 2986
2738 4 2982 2987
2739 4 2982 2988
2740 8 2989 2990
2741 7 2989 2991
2742 7 2989 2992
2743 7 2991 2993
2744 7 2992 2994
2745 4 2993 2995
2746 4 2993 2996
2747 4 2993 2997
2748 4 2994 2998
2749 4 2994 2999
2750 4 2994 3000
2751 8 3001 3002
2752 7 3001 3003
2753 7 3001 3004
2754 7 3003 3005
2755 7 3004 3006
2756 4 3005 3007
2757 4 3005 3008
2758 4 3005 3009
2759 4 3006 3010
2760 4 3006 3011
2761 4 3006 3012
2762 8 3013 3014
2763 7 3013 3015
2764 7 3013 3016
2765 7 3015 3017
2766 7 3016 3018
2767 4 3017 3019
2768 4 3017 3020
2769 4 3017 3021
2770 4 3018 3022
2771 4 3018 3023
2772 4 3018 3024
2773 8 3025 3026
2774 7 3025 3027
2775 7 3025 3028
2776 7 3027 3029
2777 7 3028 3030
2778 4 3029 3031
2779 4 3029 3032
2780 4 3029 3033
2781 4 3030 3034
2782 4 3030 3035
2783 4 3030 3036
2784 8 3037 3038
2785 7 3037 3039
2786 7 3037 3040
2787 7 3039 3041
2788 7 3040 3042
2789 4 3041 3043
2790 4 3041 3044
2791 4 3041 3045
2792 4 3042 3046
2793 4 3042 3047
2794 4 3042 3048
2795 8 3049 3050
2796 7 3049 3051
2797 7 3049 3052
2798 7 3051 3053
2799 7 3052 3054
2800 4 3053 3055
2801 4 3053 3056
2802 4 3053 3057
2803 4 3054 3058
2804 4 3054 3059
2805 4 3054 3060
2806 8 3061 3062
2807 7 3061 3063
2808 7 3061 3064
2809 7 3063 3065
2810 7 3064 3066
2811 4 3065 3067
2812 4 3065 3068
2813 4 3065 3069
2814 4 3066 3070
2815 4 3066 3071
2816 4 3066 3072
2817 8 3073 3074
2818 7 3073 3075
2819 7 3073 3076
2820 7 3075 3077
2821 7 3076 3078
2822 4 3077 3079
2823 4 3077 3080
2824 4 3077 3081
2825 4 3078 3082
2826 4 3078 3083
2827 4 3078 3084
2828 8 3085 3086
2829 7 3085 3087
2830 7 3085 3088
2831 7 3087 3089
2832 7 3088 3090
2833 4 3089 3091
2834 4 3089 3092
2835 4 3089 3093
2836 4 3090 3094
2837 4 3090 3095
2838 4 3090 3096
2839 8 3097 3098
2840 7 3097 3099
2841 7 3097 3100
2842 7 3099 3101
2843 7 3100 3102
2844 4 3101 3103
2845 4 3101 3104
2846 4 3101 3105
2847 4 3102 3106
2848 4 3102 3107
2849 4 3102 3108
2850 8 3109 3110
2851 7 3109 3111
2852 7 3109 3112
2853 7 3111 3113
2854 7 3112 3114
2855 4 3113 3115
2856 4 3113 3116
2857 4 3113 3117
2858 4 3114 3118
2859 4 3114 3119
2860 4 3114 3120
2861 8 3121 3122
2862 7 3121 3123
2863 7 3121 3124
2864 7 3123 3125
2865 7 3124 3126
2866 4 3125 3127
2867 4 3125 3128
2868 4 3125 3129
2869 4 3126 3130
2870 4 3126 3131
2871 4 3126 3132
2872 8 3133 3134
2873 7 3133 3135
2874 7 3133 3136
2875 7 3135 3137
2876 7 3136 3138
2877 4 3137 3139
2878 4 3137 3140
2879 4 3137 3141
2880 4 3138 3142
2881 4 3138 3143
2882 4 3138 3144
2883 8 3145 3146
2884 7 3145 3147
2885 7 3145 3148
2886 7 3147 3149
2887 7 3148 3150
2888 4 3149 3151
2889 4 3149 3152
2890 4 3149 3153
2891 4 3150 3154
2892 4 3150 3155
2893 4 3150 3156
2894 8 3157 3158
2895 7 3157 3159
2896 7 3157 3160
2897 7 3159 3161
2898 7 3160 3162
2899 4 3161 3163
2900 4 3161 3164
2901 4 3161 3165
2902 4 3162 3166
2903 4 3162 3167
2904 4 3162 3168
2905 8 3169 3170
2906 7 3169 3171
2907 7 3169 3172
2908 7 3171 3173
2909 7 3172 3174
2910 4 3173 3175
2911 4 3173 3176
2912 4 3173 3177
2913 4 3174 3178
2914 4 3174 3179
2915 4 3174 3180
2916 8 3181 3182
2917 7 3181 3183
2918 7 3181 3184
2919 7 3183 3185
2920 7 3184 3186
2921 4 3185 3187
2922 4 3185 3188
2923 4 3185 3189
2924 4 3186 3190
2925 4 3186 3191
2926 4 3186 3192
2927 8 3193 3194
2928 7 3193 3195
2929 7 3193 3196
2930 7 3195 3197
2931 7 3196 3198
2932 4 3197 3199
2933 4 3197 3200
2934 4 3197 3201
2935 4 3198 3202
2936 4 3198 3203
2937 4 3198 3204
2938 8 3205 3206
2939 7 3205 3207
2940 7 3205 3208
2941 7 3207 3209
2942 7 3208 3210
2943 4 3209 3211
2944 4 3209 3212
2945 4 3209 3213
2946 4 3210 3214
2947 4 3210 3215
2948 4 3210 3216
2949 8 3217 3218
2950 7 3217 3219
2951 7 3217 3220
2952 7 3219 3221
2953 7 3220 3222
2954 4 3221 3223
2955 4 3221 3224
2956 4 3221 3225
2957 4 3222 3226
2958 4 3222 3227
2959 4 3222 3228
2960 8 3229 3230
2961 7 3229 3231
2962 7 3229 3232
2963 7 3231 3233
2964 7 3232 3234
2965 4 3233 3235
2966 4 3233 3236
2967 4 3233 3237
2968 4 3234 3238
2969 4 3234 3239
2970 4 3234 3240
2971 8 3241 3242
2972 7 3241 3243
2973 7 3241 3244
2974 7 3243 3245
2975 7 3244 3246
2976 4 3245 3247
2977 4 3245 3248
2978 4 3245 3249
2979 4 3246 3250
2980 4 3246 3251
2981 4 3246 3252
2982 8 3253 3254
2983 7 3253 3255
2984 7 3253 3256
2985 7 3255 3257
2986 7 3256 3258
2987 4 3257 3259
2988 4 3257 3260
2989 4 3257 3261
2990 4 3258 3262
2991 4 3258 3263
2992 4 3258 3264
2993 8 3265 3266
2994 7 3265 3267
2995 7 3265 3268
2996 7 3267 3269
2997 7 3268 3270
2998 4 3269 3271
2999 4 3269 3272
3000 4 3269 3273
3001 4 3270 3274
3002 4 3270 3275
3003 4 3270 3276
3004 8 3277 3278
3005 7 3277 3279
3006 7 3277 3280
3007 7 3279 3281
3008 7 3280 3282
3009 4 3281 3283
3010 4 3281 3284
3011 4 3281 3285
3012 4 3282 3286
3013 4 3282 3287
3014 4 3282 3288
3015 8 3289 3290
3016 7 3289 3291
3017 7 3289 3292
3018 7 3291 3293
3019 7 3292 3294
3020 4 3293 3295
3021 4 3293 3296
3022 4 3293 3297
3023 4 3294 3298
3024 4 3294 3299
3025 4 3294 3300
3026 8 3301 3302
3027 7 3301 3303
3028 7 3301 3304
3029 7 3303 3305
3030 7 3304 3306
3031 4 3305 3307
3032 4 3305 3308
3033 4 3305 3309
3034 4 3306 3310
3035 4 3306 3311
3036 4 3306 3312
3037 8 3313 3314
3038 7 3313 3315
3039 7 3313 3316
3040 7 3315 3317
3041 7 3316 3318
3042 4 3317 3319
3043 4 3317 3320
3044 4 3317 3321
3045 4 3318 3322
3046 4 3318 3323
3047 4 3318 3324
3048 8 3325 3326
3049 7 3325 3327
3050 7 3325 3328
3051 7 3327 3329
3052 7 3328 3330
3053 4 3329 3331
3054 4 3329 3332
3055 4 3329 3333
3056 4 3330 3334
3057 4 3330 3335
3058 4 3330 3336
3059 8 3337 3338
3060 7 3337 3339
3061 7 3337 3340
3062 7 3339 3341
3063 7 3340 3342
3064 4 3341 3343
3065 4 3341 3344
3066 4 3341 3345
3067 4 3342 3346
3068 4 3342 3347
3069 4 3342 3348
3070 8 3349 3350
3071 7 3349 3351
3072 7 3349 3352
3073 7 3351 3353
3074 7 3352 3354
3075 4 3353 3355
3076 4 3353 3356
3077 4 3353 3357
3078 4 3354 3358
3079 4 3354 3359
3080 4 3354 3360
3081 8 3361 3362
3082 7 3361 3363
3083 7 3361 3364
3084 7 3363 3365
3085 7 3364 3366
3086 4 3365 3367
3087 4 3365 3368
3088 4 3365 3369
3089 4 3366 3370
3090 4 3366 3371
3091 4 3366 3372
3092 8 3373 3374
3093 7 3373 3375
3094 7 3373 3376
3095 7 3375 3377
3096 7 3376 3378
3097 4 3377 3379
3098 4 3377 3380
3099 4 3377 3381
3100 4 3378 3382
3101 4 3378 3383
3102 4 3378 3384
3103 8 3385 3386
3104 7 3385 3387
3105 7 3385 3388
3106 7 3387 3389
3107 7 3388 3390
3108 4 3389 3391
3109 4 3389 3392
3110 4 3389 3393
3111 4 3390 3394
3112 4 3390 3395
3113 4 3390 3396
3114 8 3397 3398
3115 7 3397 3399
3116 7 3397 3400
3117 7 3399 3401
3118 7 3400 3402
3119 4 3401 3403
3120 4 3401 3404
3121 4 3401 3405
3122 4 3402 3406
3123 4 3402 3407
3124 4 3402 3408
3125 8 3409 3410
3126 7 3409 3411
3127 7 3409 3412
3128 7 3411 3413
3129 7 3412 3414
3130 4 3413 3415
3131 4 3413 3416
3132 4 3413 3417
3133 4 3414 3418
3134 4 3414 3419
3135 4 3414 3420
3136 8 3421 3422
3137 7 3421 3423
3138 7 3421 3424
3139 7 3423 3425
3140 7 3424 3426
3141 4 3425 3427
3142 4 3425 3428
3143 4 3425 3429
3144 4 3426 3430
3145 4 3426 3431
3146 4 3426 3432
3147 8 3433 3434
3148 7 3433 3435
3149 7 3433 3436
3150 7 3435 3437
3151 7 3436 3438
3152 4 3437 3439
3153 4 3437 3440
3154 4 3437 3441
3155 4 3438 3442
3156 4 3438 3443
3157 4 3438 3444
3158 8 3445 3446
3159 7 3445 3447
3160 7 3445 3448
3161 7 3447 3449
3162 7 3448 3450
3163 4 3449 3451
3164 4 3449 3452
3165 4 3449 3453
3166 4 3450 3454
3167 4 3450 3455
3168 4 3450 3456
3169 8 3457 3458
3170 7 3457 3459
3171 7 3457 3460
3172 7 3459 3461
3173 7 3460 3462
3174 4 3461 3463
3175 4 3461 3464
3176 4 3461 3465
3177 4 3462 3466
3178 4 3462 3467
3179 4 3462 3468
3180 8 3469 3470
3181 7 3469 3471
3182 7 3469 3472
3183 7 3471 3473
3184 7 3472 3474
3185 4 3473 3475
3186 4 3473 3476
3187 4 3473 3477
3188 4 3474 3478
3189 4 3474 3479
3190 4 3474 3480
3191 8 3481 3482
3192 7 3481 3483
3193 7 3481 3484
3194 7 3483 3485
3195 7 3484 3486
3196 4 3485 3487
3197 4 3485 3488
3198 4 3485 3489
3199 4 3486 3490
3200 4 3486 3491
3201 4 3486 3492
3202 8 3493 3494
3203 7 3493 3495
3204 7 3493 3496
3205 7 3495 3497
3206 7 3496 3498
3207 4 3497 3499
3208 4 3497 3500
3209 4 3497 3501
3210 4 3498 3502
3211 4 3498 3503
3212 4 3498 3504
3213 8 3505 3506
3214 7 3505 3507
3215 7 3505 3508
3216 7 3507 3509
3217 7 3508 3510
3218 4 3509 3511
3219 4 3509 3512
3220 4 3509 3513
3221 4 3510 3514
3222 4 3510 3515
3223 4 3510 3516
3224 8 3517 3518
3225 7 3517 3519
3226 7 3517 3520
3227 7 3519 3521
3228 7 3520 3522
3229 4 3521 3523
3230 4 3521 3524
3231 4 3521 3525
3232 4 3522 3526
3233 4 3522 3527
3234 4 3522 3528
3235 8 3529 3530
3236 7 3529 3531
3237 7 3529 3532
3238 7 3531 3533
3239 7 3532 3534
3240 4 3533 3535
3241 4 3533 3536
3242 4 3533 3537
3243 4 3534 3538
3244 4 3534 3539
3245 4 3534 3540
3246 8 3541 3542
3247 7 3541 3543
3248 7 3541 3544
3249 7 3543 3545
3250 7 3544 3546
3251 4 3545 3547
3252 4 3545 3548
3253 4 3545 3549
3254 4 3546 3550
3255 4 3546 3551
3256 4 3546 3552
3257 8 3553 3554
3258 7 3553 3555
3259 7 3553 3556
3260 7 3555 3557
3261 7 3556 3558
3262 4 3557 3559
3263 4 3557 3560
3264 4 3557 3561
3265 4 3558 3562
3266 4 3558 3563
3267 4 3558 3564
3268 8 3565 3566
3269 7 3565 3567
3270 7 3565 3568
3271 7 3567 3569
3272 7 3568 3570
3273 4 3569 3571
3274 4 3569 3572
3275 4 3569 3573
3276 4 3570 3574
3277 4 3570 3575
3278 4 3570 3576
3279 8 3577 3578
3280 7 3577 3579
3281 7 3577 3580
3282 7 3579 3581
3283 7 3580 3582
3284 4 3581 3583
3285 4 3581 3584
3286 4 3581 3585
3287 4 3582 3586
3288 4 3582 3587
3289 4 3582 3588
3290 8 3589 3590
3291 7 3589 3591
3292 7 3589 3592
3293 7 3591 3593
3294 7 3592 3594
3295 4 3593 3595
3296 4 3593 3596
3297 4 3593 3597
3298 4 3594 3598
3299 4 3594 3599
3300 4 3594 3600
3301 8 3601 3602
3302 7 3601 3603
3303 7 3601 3604
3304 7 3603 3605
3305 7 3604 3606
3306 4 3605 3607
3307 4 3605 3608
3308 4 3605 3609
3309 4 3606 3610
3310 4 3606 3611
3311 4 3606 3612
3312 8 3613 3614
3313 7 3613 3615
3314 7 3613 3616
3315 7 3615 3617
3316 7 3616 3618
3317 4 3617 3619
3318 4 3617 3620
3319 4 3617 3621
3320 4 3618 3622
3321 4 3618 3623
3322 4 3618 3624
3323 8 3625 3626
3324 7 3625 3627
3325 7 3625 3628
3326 7 3627 3629
3327 7 3628 3630
3328 4 3629 3631
3329 4 3629 3632
3330 4 3629 3633
3331 4 3630 3634
3332 4 3630 3635
3333 4 3630 3636
3334 8 3637 3638
3335 7 3637 3639
3336 7 3637 3640
3337 7 3639 3641
3338 7 3640 3642
3339 4 3641 3643
3340 4 3641 3644
3341 4 3641 3645
3342 4 3642 3646
3343 4 3642 3647
3344 4 3642 3648
3345 8 3649 3650
3346 7 3649 3651
3347 7 3649 3652
3348 7 3651 3653
3349 7 3652 3654
3350 4 3653 3655
3351 4 3653 3656
3352 4 3653 3657
3353 4 3654 3658
3354 4 3654 3659
3355 4 3654 3660
3356 8 3661 3662
3357 7 3661 3663
3358 7 3661 3664
3359 7 3663 3665
3360 7 3664 3666
3361 4 3665 3667
3362 4 3665 3668
3363 4 3665 3669
3364 4 3666 3670
3365 4 3666 3671
3366 4 3666 3672
3367 8 3673 3674
3368 7 3673 3675
3369 7 3673 3676
3370 7 3675 3677
3371 7 3676 3678
3372 4 3677 3679
3373 4 3677 3680
3374 4 3677 3681
3375 4 3678 3682
3376 4 3678 3683
3377 4 3678 3684
3378 8 3685 3686
3379 7 3685 3687
3380 7 3685 3688
3381 7 3687 3689
3382 7 3688 3690
3383 4 3689 3691
3384 4 3689 3692
3385 4 3689 3693
3386 4 3690 3694
3387 4 3690 3695
3388 4 3690 3696
3389 8 3697 3698
3390 7 3697 3699
3391 7 3697 3700
3392 7 3699 3701
3393 7 3700 3702
3394 4 3701 3703
3395 4 3701 3704
3396 4 3701 3705
3397 4 3702 3706
3398 4 3702 3707
3399 4 3702 3708
3400 8 3709 3710
3401 7 3709 3711
3402 7 3709 3712
3403 7 3711 3713
3404 7 3712 3714
3405 4 3713 3715
3406 4 3713 3716
3407 4 3713 3717
3408 4 3714 3718
3409 4 3714 3719
3410 4 3714 3720
3411 8 3721 3722
3412 7 3721 3723
3413 7 3721 3724
3414 7 3723 3725
3415 7 3724 3726
3416 4 3725 3727
3417 4 3725 3728
3418 4 3725 3729
3419 4 3726 3730
3420 4 3726 3731
3421 4 3726 3732
3422 8 3733 3734
3423 7 3733 3735
3424 7 3733 3736
3425 7 3735 3737
3426 7 3736 3738
3427 4 3737 3739
3428 4 3737 3740
3429 4 3737 3741
3430 4 3738 3742
3431 4 3738 3743
3432 4 3738 3744
3433 8 3745 3746
3434 7 3745 3747
3435 7 3745 3748
3436 7 3747 3749
3437 7 3748 3750
3438 4 3749 3751
3439 4 3749 3752
3440 4 3749 3753
3441 4 3750 3754
3442 4 3750 3755
3443 4 3750 3756
3444 8 3757 3758
3445 7 3757 3759
3446 7 3757 3760
3447 7 3759 3761
3448 7 3760 3762
3449 4 3761 3763
3450 4 3761 3764
3451 4 3761 3765
3452 4 3762 3766
3453 4 3762 3767
3454 4 3762 3768
3455 8 3769 3770
3456 7 3769 3771
3457 7 3769 3772
3458 7 3771 3773
3459 7 3772 3774
3460 4 3773 3775
3461 4 3773 3776
3462 4 3773 3777
3463 4 3774 3778
3464 4 3774 3779
3465 4 3774 3780
3466 8 3781 3782
3467 7 3781 3783
3468 7 3781 3784
3469 7 3783 3785
3470 7 3784 3786
3471 4 3785 3787
3472 4 3785 3788
3473 4 3785 3789
3474 4 3786 3790
3475 4 3786 3791
3476 4 3786 3792
3477 8 3793 3794
3478 7 3793 3795
3479 7 3793 3796
3480 7 3795 3797
3481 7 3796 3798
3482 4 3797 3799
3483 4 3797 3800
3484 4 3797 3801
3485 4 3798 3802
3486 4 3798 3803
3487 4 3798 3804
3488 8 3805 3806
3489 7 3805 3807
3490 7 3805 3808
3491 7 3807 3809
3492 7 3808 3810
3493 4 3809 3811
3494 4 3809 3812
3495 4 3809 3813
3496 4 3810 3814
3497 4 3810 3815
3498 4 3810 3816
3499 8 3817 3818
3500 7 3817 3819
3501 7 3817 3820
3502 7 3819 3821
3503 7 3820 3822
3504 4 3821 3823
3505 4 3821 3824
3506 4 3821 3825
3507 4 3822 3826
3508 4 3822 3827
3509 4 3822 3828
3510 8 3829 3830
3511 7 3829 3831
3512 7 3829 3832
3513 7 3831 3833
3514 7 3832 3834
3515 4 3833 3835
3516 4 3833 3836
3517 4 3833 3837
3518 4 3834 3838
3519 4 3834 3839
3520 4 3834 3840
3521 8 3841 3842
3522 7 3841 3843
3523 7 3841 3844
3524 7 3843 3845
3525 7 3844 3846
3526 4 3845 3847
3527 4 3845 3848
3528 4 3845 3849
3529 4 3846 3850
3530 4 3846 3851
3531 4 3846 3852
3532 8 3853 3854
3533 7 3853 3855
3534 7 3853 3856
3535 7 3855 3857
3536 7 3856 3858
3537 4 3857 3859
3538 4 3857 3860
3539 4 3857 3861
3540 4 3858 3862
3541 4 3858 3863
3542 4 3858 3864
3543 8 3865 3866
3544 7 3865 3867
3545 7 3865 3868
3546 7 3867 3869
3547 7 3868 3870
3548 4 3869 3871
3549 4 3869 3872
3550 4 3869 3873
3551 4 3870 3874
3552 4 3870 3875
3553 4 3870 3876
3554 8 3877 3878
3555 7 3877 3879
3556 7 3877 3880
3557 7 3879 3881
3558 7 3880 3882
3559 4 3881 3883
3560 4 3881 3884
3561 4 3881 3885
3562 4 3882 3886
3563 4 3882 3887
3564 4 3882 3888
3565 8 3889 3890
3566 7 3889 3891
3567 7 3889 3892
3568 7 3891 3893
3569 7 3892 3894
3570 4 3893 3895
3571 4 3893 3896
3572 4 3893 3897
3573 4 3894 3898
3574 4 3894 3899
3575 4 3894 3900
3576 8 3901 3902
3577 7 3901 3903
3578 7 3901 3904
3579 7 3903 3905
3580 7 3904 3906
3581 4 3905 3907
3582 4 3905 3908
3583 4 3905 3909
3584 4 3906 3910
3585 4 3906 3911
3586 4 3906 3912
3587 8 3913 3914
3588 7 3913 3915
3589 7 3913 3916
3590 7 3915 3917
3591 7 3916 3918
3592 4 3917 3919
3593 4 3917 3920
3594 4 3917 3921
3595 4 3918 3922
3596 4 3918 3923
3597 4 3918 3924
3598 8 3925 3926
3599 7 3925 3927
3600 7 3925 3928
3601 7 3927 3929
3602 7 3928 3930
3603 4 3929 3931
3604 4 3929 3932
3605 4 3929 3933
3606 4 3930 3934
3607 4 3930 3935
3608 4 3930 3936
3609 8 3937 3938
3610 7 3937 3939
3611 7 3937 3940
3612 7 3939 3941
3613 7 3940 3942
3614 4 3941 3943
3615 4 3941 3944
3616 4 3941 3945
3617 4 3942 3946
3618 4 3942 3947
3619 4 3942 3948
3620 8 3949 3950
3621 7 3949 3951
3622 7 3949 3952
3623 7 3951 3953
3624 7 3952 3954
3625 4 3953 3955
3626 4 3953 3956
3627 4 3953 3957
3628 4 3954 3958
3629 4 3954 3959
3630 4 3954 3960
3631 8 3961 3962
3632 7 3961 3963
3633 7 3961 3964
3634 7 3963 3965
3635 7 3964 3966
3636 4 3965 3967
3637 4 3965 3968
3638 4 3965 3969
3639 4 3966 3970
3640 4 3966 3971
3641 4 3966 3972
3642 8 3973 3974
3643 7 3973 3975
3644 7 3973 3976
3645 7 3975 3977
3646 7 3976 3978
3647 4 3977 3979
3648 4 3977 3980
3649 4 3977 3981
3650 4 3978 3982
3651 4 3978 3983
3652 4 3978 3984
3653 8 3985 3986
3654 7 3985 3987
3655 7 3985 3988
3656 7 3987 3989
3657 7 3988 3990
3658 4 3989 3991
3659 4 3989 3992
3660 4 3989 3993
3661 4 3990 3994
3662 4 3990 3995
3663 4 3990 3996
3664 8 3997 3998
3665 7 3997 3999
3666 7 3997 4000
3667 7 3999 4001
3668 7 4000 4002
3669 4 4001 4003
3670 4 4001 4004
3671 4 4001 4005
3672 4 4002 4006
3673 4 4002 4007
3674 4 4002 4008
3675 8 4009 4010
3676 7 4009 4011
3677 7 4009 4012
3678 7 4011 4013
3679 7 4012 4014
3680 4 4013 4015
3681 4 4013 4016
3682 4 4013 4017
3683 4 4014 4018
3684 4 4014 4019
3685 4 4014 4020
3686 8 4021 4022
3687 7 4021 4023
3688 7 4021 4024
3689 7 4023 4025
3690 7 4024 4026
3691 4 4025 4027
3692 4 4025 4028
3693 4 4025 4029
3694 4 4026 4030
3695 4 4026 4031
3696 4 4026 4032
3697 8 4033 4034
3698 7 4033 4035
3699 7 4033 4036
3700 7 4035 4037
3701 7 4036 4038
3702 4 4037 4039
3703 4 4037 4040
3704 4 4037 4041
3705 4 4038 4042
3706 4 4038 4043
3707 4 4038 4044
3708 8 4045 4046
3709 7 4045 4047
3710 7 4045 4048
3711 7 4047 4049
3712 7 4048 4050
3713 4 4049 4051
3714 4 4049 4052
3715 4 4049 4053
3716 4 4050 4054
3717 4 4050 4055
3718 4 4050 4056
3719 8 4057 4058
3720 7 4057 4059
3721 7 4057 4060
3722 7 4059 4061
3723 7 4060 4062
3724 4 4061 4063
3725 4 4061 4064
3726 4 4061 4065
3727 4 4062 4066
3728 4 4062 4067
3729 4 4062 4068
3730 8 4069 4070
3731 7 4069 4071
3732 7 4069 4072
3733 7 4071 4073
3734 7 4072 4074
3735 4 4073 4075
3736 4 4073 4076
3737 4 4073 4077
3738 4 4074 4078
3739 4 4074 4079
3740 4 4074 4080
3741 8 4081 4082
3742 7 4081 4083
3743 7 4081 4084
3744 7 4083 4085
3745 7 4084 4086
3746 4 4085 4087
3747 4 4085 4088
3748 4 4085 4089
3749 4 4086 4090
3750 4 4086 4091
3751 4 4086 4092
3752 8 4093 4094
3753 7 4093 4095
3754 7 4093 4096
3755 7 4095 4097
3756 7 4096 4098
3757 4 4097 4099
3758 4 4097 4100
3759 4 4097 4101
3760 4 4098 4102
3761 4 4098 4103
3762 4 4098 4104
3763 8 4105 4106
3764 7 4105 4107
3765 7 4105 4108
3766 7 4107 4109
3767 7 4108 4110
3768 4 4109 4111
3769 4 4109 4112
3770 4 4109 4113
3771 4 4110 4114
3772 4 4110 4115
3773 4 4110 4116
3774 8 4117 4118
3775 7 4117 4119
3776 7 4117 4120
3777 7 4119 4121
3778 7 4120 4122
3779 4 4121 4123
3780 4 4121 4124
3781 4 4121 4125
3782 4 4122 4126
3783 4 4122 4127
3784 4 4122 4128
3785 8 4129 4130
3786 7 4129 4131
3787 7 4129 4132
3788 7 4131 4133
3789 7 4132 4134
3790 4 4133 4135
3791 4 4133 4136
3792 4 4133 4137
3793 4 4134 4138
3794 4 4134 4139
3795 4 4134 4140
3796 8 4141 4142
3797 7 4141 4143
3798 7 4141 4144
3799 7 4143 4145
3800 7 4144 4146
3801 4 4145 4147
3802 4 4145 4148
3803 4 4145 4149
3804 4 4146 4150
3805 4 4146 4151
3806 4 4146 4152
3807 8 4153 4154
3808 7 4153 4155
3809 7 4153 4156
3810 7 4155 4157
3811 7 4156 4158
3812 4 4157 4159
3813 4 4157 4160
3814 4 4157 4161
3815 4 4158 4162
3816 4 4158 4163
3817 4 4158 4164
3818 8 4165 4166
3819 7 4165 4167
3820 7 4165 4168
3821 7 4167 4169
3822 7 4168 4170
3823 4 4169 4171
3824 4 4169 4172
3825 4 4169 4173
3826 4 4170 4174
3827 4 4170 4175
3828 4 4170 4176
3829 8 4177 4178
3830 7 4177 4179
3831 7 4177 4180
3832 7 4179 4181
3833 7 4180 4182
3834 4 4181 4183
3835 4 4181 4184
3836 4 4181 4185
3837 4 4182 4186
3838 4 4182 4187
3839 4 4182 4188
3840 8 4189 4190
3841 7 4189 4191
3842 7 4189 4192
3843 7 4191 4193
3844 7 4192 4194
3845 4 4193 4195
3846 4 4193 4196
3847 4 4193 4197
3848 4 4194 4198
3849 4 4194 4199
3850 4 4194 4200
3851 8 4201 4202
3852 7 4201 4203
3853 7 4201 4204
3854 7 4203 4205
3855 7 4204 4206
3856 4 4205 4207
3857 4 4205 4208
3858 4 4205 4209
3859 4 4206 4210
3860 4 4206 4211
3861 4 4206 4212
3862 8 4213 4214
3863 7 4213 4215
3864 7 4213 4216
3865 7 4215 4217
3866 7 4216 4218
3867 4 4217 4219
3868 4 4217 4220
3869 4 4217 4221
3870 4 4218 4222
3871 4 4218 4223
3872 4 4218 4224
3873 8 4225 4226
3874 7 4225 4227
3875 7 4225 4228
3876 7 4227 4229
3877 7 4228 4230
3878 4 4229 4231
3879 4 4229 4232
3880 4 4229 4233
3881 4 4230 4234
3882 4 4230 4235
3883 4 4230 4236
3884 8 4237 4238
3885 7 4237 4239
3886 7 4237 4240
3887 7 4239 4241
3888 7 4240 4242
3889 4 4241 4243
3890 4 4241 4244
3891 4 4241 4245
3892 4 4242 4246
3893 4 4242 4247
3894 4 4242 4248
3895 8 4249 4250
3896 7 4249 4251
3897 7 4249 4252
3898 7 4251 4253
3899 7 4252 4254
3900 4 4253 4255
3901 4 4253 4256
3902 4 4253 4257
3903 4 4254 4258
3904 4 4254 4259
3905 4 4254 4260
3906 8 4261 4262
3907 7 4261 4263
3908 7 4261 4264
3909 7 4263 4265
3910 7 4264 4266
3911 4 4265 4267
3912 4 4265 4268
3913 4 4265 4269
3914 4 4266 4270
3915 4 4266 4271
3916 4 4266 4272
3917 8 4273 4274
3918 7 4273 4275
3919 7 4273 4276
3920 7 4275 4277
3921 7 4276 4278
3922 4 4277 4279
3923 4 4277 4280
3924 4 4277 4281
3925 4 4278 4282
3926 4 4278 4283
3927 4 4278 4284
3928 8 4285 4286
3929 7 4285 4287
3930 7 4285 4288
3931 7 4287 4289
3932 7 4288 4290
3933 4 4289 4291
3934 4 4289 4292
3935 4 4289 4293
3936 4 4290 4294
3937 4 4290 4295
3938 4 4290 4296
3939 8 4297 4298
3940 7 4297 4299
3941 7 4297 4300
3942 7 4299 4301
3943 7 4300 4302
3944 4 4301 4303
3945 4 4301 4304
3946 4 4301 4305
3947 4 4302 4306
3948 4 4302 4307
3949 4 4302 4308
3950 8 4309 4310
3951 7 4309 4311
3952 7 4309 4312
3953 7 4311 4313
3954 7 4312 4314
3955 4 4313 4315
3956 4 4313 4316
3957 4 4313 4317
3958 4 4314 4318
3959 4 4314 4319
3960 4 4314 4320
3961 8 4321 4322
3962 7 4321 4323
3963 7 4321 4324
3964 7 4323 4325
3965 7 4324 4326
3966 4 4325 4327
3967 4 4325 4328
3968 4 4325 4329
3969 4 4326 4330
3970 4 4326 4331
3971 4 4326 4332
3972 8 4333 4334
3973 7 4333 4335
3974 7 4333 4336
3975 7 4335 4337
3976 7 4336 4338
3977 4 4337 4339
3978 4 4337 4340
3979 4 4337 4341
3980 4 4338 4342
3981 4 4338 4343
3982 4 4338 4344
3983 8 4345 4346
3984 7 4345 4347
3985 7 4345 4348
3986 7 4347 4349
3987 7 4348 4350
3988 4 4349 4351
3989 4 4349 4352
3990 4 4349 4353
3991 4 4350 4354
3992 4 4350 4355
3993 4 4350 4356
3994 8 4357 4358
3995 7 4357 4359
3996 7 4357 4360
3997 7 4359 4361
3998 7 4360 4362
3999 4 4361 4363
4000 4 4361 4364
4001 4 4361 4365
4002 4 4362 4366
4003 4 4362 4367
4004 4 4362 4368
4005 8 4369 4370
4006 7 4369 4371
4007 7 4369 4372
4008 7 4371 4373
4009 7 4372 4374
4010 4 4373 4375
4011 4 4373 4376
4012 4 4373 4377
4013 4 4374 4378
4014 4 4374 4379
4015 4 4374 4380
4016 8 4381 4382
4017 7 4381 4383
4018 7 4381 4384
4019 7 4383 4385
4020 7 4384 4386
4021 4 4385 4387
4022 4 4385 4388
4023 4 4385 4389
4024 4 4386 4390
4025 4 4386 4391
4026 4 4386 4392
4027 8 4393 4394
4028 7 4393 4395
4029 7 4393 4396
4030 7 4395 4397
4031 7 4396 4398
4032 4 4397 4399
4033 4 4397 4400
4034 4 4397 4401
4035 4 4398 4402
4036 4 4398 4403
4037 4 4398 4404
4038 8 4405 4406
4039 7 4405 4407
4040 7 4405 4408
4041 7 4407 4409
4042 7 4408 4410
4043 4 4409 4411
4044 4 4409 4412
4045 4 4409 4413
4046 4 4410 4414
4047 4 4410 4415
4048 4 4410 4416
4049 8 4417 4418
4050 7 4417 4419
4051 7 4417 4420
4052 7 4419 4421
4053 7 4420 4422
4054 4 4421 4423
4055 4 4421 4424
4056 4 4421 4425
4057 4 4422 4426
4058 4 4422 4427
4059 4 4422 4428
4060 8 4429 4430
4061 7 4429 4431
4062 7 4429 4432
4063 7 4431 4433
4064 7 4432 4434
4065 4 4433 4435
4066 4 4433 4436
4067 4 4433 4437
4068 4 4434 4438
4069 4 4434 4439
4070 4 4434 4440
4071 8 4441 4442
4072 7 4441 4443
4073 7 4441 4444
4074 7 4443 4445
4075 7 4444 4446
4076 4 4445 4447
4077 4 4445 4448
4078 4 4445 4449
4079 4 4446 4450
4080 4 4446 4451
4081 4 4446 4452
4082 8 4453 4454
4083 7 4453 4455
4084 7 4453 4456
4085 7 4455 4457
4086 7 4456 4458
4087 4 4457 4459
4088 4 4457 4460
4089 4 4457 4461
4090 4 4458 4462
4091 4 4458 4463
4092 4 4458 4464
4093 8 4465 4466
4094 7 4465 4467
4095 7 4465 4468
4096 7 4467 4469
4097 7 4468 4470
4098 4 4469 4471
4099 4 4469 4472
4100 4 4469 4473
4101 4 4470 4474
4102 4 4470 4475
4103 4 4470 4476
4104 8 4477 4478
4105 7 4477 4479
4106 7 4477 4480
4107 7 4479 4481
4108 7 4480 4482
4109 4 4481 4483
4110 4 4481 4484
4111 4 4481 4485
4112 4 4482 4486
4113 4 4482 4487
4114 4 4482 4488
4115 8 4489 4490
4116 7 4489 4491
4117 7 4489 4492
4118 7 4491 4493
4119 7 4492 4494
4120 4 4493 4495
4121 4 4493 4496
4122 4 4493 4497
4123 4 4494 4498
4124 4 4494 4499
4125 4 4494 4500
4126 8 4501 4502
4127 7 4501 4503
4128 7 4501 4504
4129 7 4503 4505
4130 7 4504 4506
4131 4 4505 4507
4132 4 4505 4508
4133 4 4505 4509
4134 4 4506 4510
4135 4 4506 4511
4136 4 4506 4512
4137 8 4513 4514
4138 7 4513 4515
4139 7 4513 4516
4140 7 4515 4517
4141 7 4516 4518
4142 4 4517 4519
4143 4 4517 4520
4144 4 4517 4521
4145 4 4518 4522
4146 4 4518 4523
4147 4 4518 4524
4148 8 4525 4526
4149 7 4525 4527
4150 7 4525 4528
4151 7 4527 4529
4152 7 4528 4530
4153 4 4529 4531
4154 4 4529 4532
4155 4 4529 4533
4156 4 4530 4534
4157 4 4530 4535
4158 4 4530 4536
4159 8 4537 4538
4160 7 4537 4539
4161 7 4537 4540
4162 7 4539 4541
4163 7 4540 4542
4164 4 4541 4543
4165 4 4541 4544
4166 4 4541 4545
4167 4 4542 4546
4168 4 4542 4547
4169 4 4542 4548
4170 8 4549 4550
4171 7 4549 4551
4172 7 4549 4552
4173 7 4551 4553
4174 7 4552 4554
4175 4 4553 4555
4176 4 4553 4556
4177 4 4553 4557
4178 4 4554 4558
4179 4 4554 4559
4180 4 4554 4560
4181 8 4561 4562
4182 7 4561 4563
4183 7 4561 4564
4184 7 4563 4565
4185 7 4564 4566
4186 4 4565 4567
4187 4 4565 4568
4188 4 4565 4569
4189 4 4566 4570
4190 4 4566 4571
4191 4 4566 4572
4192 8 4573 4574
4193 7 4573 4575
4194 7 4573 4576
4195 7 4575 4577
4196 7 4576 4578
4197 4 4577 4579
4198 4 4577 4580
4199 4 4577 4581
4200 4 4578 4582
4201 4 4578 4583
4202 4 4578 4584
4203 8 4585 4586
4204 7 4585 4587
4205 7 4585 4588
4206 7 4587 4589
4207 7 4588 4590
4208 4 4589 4591
4209 4 4589 4592
4210 4 4589 4593
4211 4 4590 4594
4212 4 4590 4595
4213 4 4590 4596
4214 8 4597 4598
4215 7 4597 4599
4216 7 4597 4600
4217 7 4599 4601
4218 7 4600 4602
4219 4 4601 4603
4220 4 4601 4604
4221 4 4601 4605
4222 4 4602 4606
4223 4 4602 4607
4224 4 4602 4608
4225 8 4609 4610
4226 7 4609 4611
4227 7 4609 4612
4228 7 4611 4613
4229 7 4612 4614
4230 4 4613 4615
4231 4 4613 4616
4232 4 4613 4617
4233 4 4614 4618
4234 4 4614 4619
4235 4 4614 4620
4236 8 4621 4622
4237 7 4621 4623
4238 7 4621 4624
4239 7 4623 4625
4240 7 4624 4626
4241 4 4625 4627
4242 4 4625 4628
4243 4 4625 4629
4244 4 4626 4630
4245 4 4626 4631
4246 4 4626 4632
4247 8 4633 4634
4248 7 4633 4635
4249 7 4633 4636
4250 7 4635 4637
4251 7 4636 4638
4252 4 4637 4639
4253 4 4637 4640
4254 4 4637 4641
4255 4 4638 4642
4256 4 4638 4643
4257 4 4638 4644
4258 8 4645 4646
4259 7 4645 4647
4260 7 4645 4648
4261 7 4647 4649
4262 7 4648 4650
4263 4 4649 4651
4264 4 4649 4652
4265 4 4649 4653
4266 4 4650 4654
4267 4 4650 4655
4268 4 4650 4656
4269 8 4657 4658
4270 7 4657 4659
4271 7 4657 4660
4272 7 4659 4661
4273 7 4660 4662
4274 4 4661 4663
4275 4 4661 4664
4276 4 4661 4665
4277 4 4662 4666
4278 4 4662 4667
4279 4 4662 4668
4280 8 4669 4670
4281 7 4669 4671
4282 7 4669 4672
4283 7 4671 4673
4284 7 4672 4674
4285 4 4673 4675
4286 4 4673 4676
4287 4 4673 4677
4288 4 4674 4678
4289 4 4674 4679
4290 4 4674 4680
4291 8 4681 4682
4292 7 4681 4683
4293 7 4681 4684
4294 7 4683 4685
4295 7 4684 4686
4296 4 4685 4687
4297 4 4685 4688
4298 4 4685 4689
4299 4 4686 4690
4300 4 4686 4691
4301 4 4686 4692
4302 8 4693 4694
4303 7 4693 4695
4304 7 4693 4696
4305 7 4695 4697
4306 7 4696 4698
4307 4 4697 4699
4308 4 4697 4700
4309 4 4697 4701
4310 4 4698 4702
4311 4 4698 4703
4312 4 4698 4704
4313 8 4705 4706
4314 7 4705 4707
4315 7 4705 4708
4316 7 4707 4709
4317 7 4708 4710
4318 4 4709 4711
4319 4 4709 4712
4320 4 4709 4713
4321 4 4710 4714
4322 4 4710 4715
4323 4 4710 4716
4324 8 4717 4718
4325 7 4717 4719
4326 7 4717 4720
4327 7 4719 4721
4328 7 4720 4722
4329 4 4721 4723
4330 4 4721 4724
4331 4 4721 4725
4332 4 4722 4726
4333 4 4722 4727
4334 4 4722 4728
4335 8 4729 4730
4336 7 4729 4731
4337 7 4729 4732
4338 7 4731 4733
4339 7 4732 4734
4340 4 4733 4735
4341 4 4733 4736
4342 4 4733 4737
4343 4 4734 4738
4344 4 4734 4739
4345 4 4734 4740
4346 8 4741 4742
4347 7 4741 4743
4348 7 4741 4744
4349 7 4743 4745
4350 7 4744 4746
4351 4 4745 4747
4352 4 4745 4748
4353 4 4745 4749
4354 4 4746 4750
4355 4 4746 4751
4356 4 4746 4752
4357 8 4753 4754
4358 7 4753 4755
4359 7 4753 4756
4360 7 4755 4757
4361 7 4756 4758
4362 4 4757 4759
4363 4 4757 4760
4364 4 4757 4761
4365 4 4758 4762
4366 4 4758 4763
4367 4 4758 4764
4368 8 4765 4766
4369 7 4765 4767
4370 7 4765 4768
4371 7 4767 4769
4372 7 4768 4770
4373 4 4769 4771
4374 4 4769 4772
4375 4 4769 4773
4376 4 4770 4774
4377 4 4770 4775
4378 4 4770 4776
4379 8 4777 4778
4380 7 4777 4779
4381 7 4777 4780
4382 7 4779 4781
4383 7 4780 4782
4384 4 4781 4783
4385 4 4781 4784
4386 4 4781 4785
4387 4 4782 4786
4388 4 4782 4787
4389 4 4782 4788
4390 8 4789 4790
4391 7 4789 4791
4392 7 4789 4792
4393 7 4791 4793
4394 7 4792 4794
4395 4 4793 4795
4396 4 4793 4796
4397 4 4793 4797
4398 4 4794 4798
4399 4 4794 4799
4400 4 4794 4800
4401 8 4801 4802
4402 7 4801 4803
4403 7 4801 4804
4404 7 4803 4805
4405 7 4804 4806
4406 4 4805 4807
4407 4 4805 4808
4408 4 4805 4809
4409 4 4806 4810
4410 4 4806 4811
4411 4 4806 4812
4412 8 4813 4814
4413 7 4813 4815
4414 7 4813 4816
4415 7 4815 4817
4416 7 4816 4818
4417 4 4817 4819
4418 4 4817 4820
4419 4 4817 4821
4420 4 4818 4822
4421 4 4818 4823
4422 4 4818 4824
4423 8 4825 4826
4424 7 4825 4827
4425 7 4825 4828
4426 7 4827 4829
4427 7 4828 4830
4428 4 4829 4831
4429 4 4829 4832
4430 4 4829 4833
4431 4 4830 4834
4432 4 4830 4835
4433 4 4830 4836
4434 8 4837 4838
4435 7 4837 4839
4436 7 4837 4840
4437 7 4839 4841
4438 7 4840 4842
4439 4 4841 4843
4440 4 4841 4844
4441 4 4841 4845
4442 4 4842 4846
4443 4 4842 4847
4444 4 4842 4848
4445 8 4849 4850
4446 7 4849 4851
4447 7 4849 4852
4448 7 4851 4853
4449 7 4852 4854
4450 4 4853 4855
4451 4 4853 4856
4452 4 4853 4857
4453 4 4854 4858
4454 4 4854 4859
4455 4 4854 4860
4456 8 4861 4862
4457 7 4861 4863
4458 7 4861 4864
4459 7 4863 4865
4460 7 4864 4866
4461 4 4865 4867
4462 4 4865 4868
4463 4 4865 4869
4464 4 4866 4870
4465 4 4866 4871
4466 4 4866 4872
4467 8 4873 4874
4468 7 4873 4875
4469 7 4873 4876
4470 7 4875 4877
4471 7 4876 4878
4472 4 4877 4879
4473 4 4877 4880
4474 4 4877 4881
4475 4 4878 4882
4476 4 4878 4883
4477 4 4878 4884
4478 8 4885 4886
4479 7 4885 4887
4480 7 4885 4888
4481 7 4887 4889
4482 7 4888 4890
4483 4 4889 4891
4484 4 4889 4892
4485 4 4889 4893
4486 4 4890 4894
4487 4 4890 4895
4488 4 4890 4896
4489 8 4897 4898
4490 7 4897 4899
4491 7 4897 4900
4492 7 4899 4901
4493 7 4900 4902
4494 4 4901 4903
4495 4 4901 4904
4496 4 4901 4905
4497 4 4902 4906
4498 4 4902 4907
4499 4 4902 4908
4500 8 4909 4910
4501 7 4909 4911
4502 7 4909 4912
4503 7 4911 4913
4504 7 4912 4914
4505 4 4913 4915
4506 4 4913 4916
4507 4 4913 4917
4508 4 4914 4918
4509 4 4914 4919
4510 4 4914 4920
4511 8 4921 4922
4512 7 4921 4923
4513 7 4921 4924
4514 7 4923 4925
4515 7 4924 4926
4516 4 4925 4927
4517 4 4925 4928
4518 4 4925 4929
4519 4 4926 4930
4520 4 4926 4931
4521 4 4926 4932
4522 8 4933 4934
4523 7 4933 4935
4524 7 4933 4936
4525 7 4935 4937
4526 7 4936 4938
4527 4 4937 4939
4528 4 4937 4940
4529 4 4937 4941
4530 4 4938 4942
4531 4 4938 4943
4532 4 4938 4944
4533 8 4945 4946
4534 7 4945 4947
4535 7 4945 4948
4536 7 4947 4949
4537 7 4948 4950
4538 4 4949 4951
4539 4 4949 4952
4540 4 4949 4953
4541 4 4950 4954
4542 4 4950 4955
4543 4 4950 4956
4544 8 4957 4958
4545 7 4957 4959
4546 7 4957 4960
4547 7 4959 4961
4548 7 4960 4962
4549 4 4961 4963
4550 4 4961 4964
4551 4 4961 4965
4552 4 4962 4966
4553 4 4962 4967
4554 4 4962 4968
4555 8 4969 4970
4556 7 4969 4971
4557 7 4969 4972
4558 7 4971 4973
4559 7 4972 4974
4560 4 4973 4975
4561 4 4973 4976
4562 4 4973 4977
4563 4 4974 4978
4564 4 4974 4979
4565 4 4974 4980
4566 8 4981 4982
4567 7 4981 4983
4568 7 4981 4984
4569 7 4983 4985
4570 7 4984 4986
4571 4 4985 4987
4572 4 4985 4988
4573 4 4985 4989
4574 4 4986 4990
4575 4 4986 4991
4576 4 4986 4992
4577 8 4993 4994
4578 7 4993 4995
4579 7 4993 4996
4580 7 4995 4997
4581 7 4996 4998
4582 4 4997 4999
4583 4 4997 5000
4584 4 4997 5001
4585 4 4998 5002
4586 4 4998 5003
4587 4 4998 5004
4588 8 5005 5006
4589 7 5005 5007
4590 7 5005 5008
4591 7 5007 5009
4592 7 5008 5010
4593 4 5009 5011
4594 4 5009 5012
4595 4 5009 5013
4596 4 5010 5014
4597 4 5010 5015
4598 4 5010 5016
4599 8 5017 5018
4600 7 5017 5019
4601 7 5017 5020
4602 7 5019 5021
4603 7 5020 5022
4604 4 5021 5023
4605 4 5021 5024
4606 4 5021 5025
4607 4 5022 5026
4608 4 5022 5027
4609 4 5022 5028
4610 8 5029 5030
4611 7 5029 5031
4612 7 5029 5032
4613 7 5031 5033
4614 7 5032 5034
4615 4 5033 5035
4616 4 5033 5036
4617 4 5033 5037
4618 4 5034 5038
4619 4 5034 5039
4620 4 5034 5040
4621 8 5041 5042
4622 7 5041 5043
4623 7 5041 5044
4624 7 5043 5045
4625 7 5044 5046
4626 4 5045 5047
4627 4 5045 5048
4628 4 5045 5049
4629 4 5046 5050
4630 4 5046 5051
4631 4 5046 5052
4632 8 5053 5054
4633 7 5053 5055
4634 7 5053 5056
4635 7 5055 5057
4636 7 5056 5058
4637 4 5057 5059
4638 4 5057 5060
4639 4 5057 5061
4640 4 5058 5062
4641 4 5058 5063
4642 4 5058 5064
4643 8 5065 5066
4644 7 5065 5067
4645 7 5065 5068
4646 7 5067 5069
4647 7 5068 5070
4648 4 5069 5071
4649 4 5069 5072
4650 4 5069 5073
4651 4 5070 5074
4652 4 5070 5075
4653 4 5070 5076
4654 8 5077 5078
4655 7 5077 5079
4656 7 5077 5080
4657 7 5079 5081
4658 7 5080 5082
4659 4 5081 5083
4660 4 5081 5084
4661 4 5081 5085
4662 4 5082 5086
4663 4 5082 5087
4664 4 5082 5088
4665 8 5089 5090
4666 7 5089 5091
4667 7 5089 5092
4668 7 5091 5093
4669 7 5092 5094
4670 4 5093 5095
4671 4 5093 5096
4672 4 5093 5097
4673 4 5094 5098
4674 4 5094 5099
4675 4 5094 5100
4676 8 5101 5102
4677 7 5101 5103
4678 7 5101 5104
4679 7 5103 5105
4680 7 5104 5106
4681 4 5105 5107
4682 4 5105 5108
4683 4 5105 5109
4684 4 5106 5110
4685 4 5106 5111
4686 4 5106 5112
4687 8 5113 5114
4688 7 5113 5115
4689 7 5113 5116
4690 7 5115 5117
4691 7 5116 5118
4692 4 5117 5119
4693 4 5117 5120
4694 4 5117 5121
4695 4 5118 5122
4696 4 5118 5123
4697 4 5118 5124
4698 8 5125 5126
4699 7 5125 5127
4700 7 5125 5128
4701 7 5127 5129
4702 7 5128 5130
4703 4 5129 5131
4704 4 5129 5132
4705 4 5129 5133
4706 4 5130 5134
4707 4 5130 5135
4708 4 5130 5136
4709 8 5137 5138
4710 7 5137 5139
4711 7 5137 5140
4712 7 5139 5141
4713 7 5140 5142
4714 4 5141 5143
4715 4 5141 5144
4716 4 5141 5145
4717 4 5142 5146
4718 4 5142 5147
4719 4 5142 5148
4720 8 5149 5150
4721 7 5149 5151
4722 7 5149 5152
4723 7 5151 5153
4724 7 5152 5154
4725 4 5153 5155
4726 4 5153 5156
4727 4 5153 5157
4728 4 5154 5158
4729 4 5154 5159
4730 4 5154 5160
4731 8 5161 5162
4732 7 5161 5163
4733 7 5161 5164
4734 7 5163 5165
4735 7 5164 5166
4736 4 5165 5167
4737 4 5165 5168
4738 4 5165 5169
4739 4 5166 5170
4740 4 5166 5171
4741 4 5166 5172
4742 8 5173 5174
4743 7 5173 5175
4744 7 5173 5176
4745 7 5175 5177
4746 7 5176 5178
4747 4 5177 5179
4748 4 5177 5180
4749 4 5177 5181
4750 4 5178 5182
4751 4 5178 5183
4752 4 5178 5184
4753 8 5185 5186
4754 7 5185 5187
4755 7 5185 5188
4756 7 5187 5189
4757 7 5188 5190
4758 4 5189 5191
4759 4 5189 5192
4760 4 5189 5193
4761 4 5190 5194
4762 4 5190 5195
4763 4 5190 5196
4764 8 5197 5198
4765 7 5197 5199
4766 7 5197 5200
4767 7 5199 5201
4768 7 5200 5202
4769 4 5201 5203
4770 4 5201 5204
4771 4 5201 5205
4772 4 5202 5206
4773 4 5202 5207
4774 4 5202 5208
4775 8 5209 5210
4776 7 5209 5211
4777 7 5209 5212
4778 7 5211 5213
4779 7 5212 5214
4780 4 5213 5215
4781 4 5213 5216
4782 4 5213 5217
4783 4 5214 5218
4784 4 5214 5219
4785 4 5214 5220
4786 8 5221 5222
4787 7 5221 5223
4788 7 5221 5224
4789 7 5223 5225
4790 7 5224 5226
4791 4 5225 5227
4792 4 5225 5228
4793 4 5225 5229
4794 4 5226 5230
4795 4 5226 5231
4796 4 5226 5232
4797 8 5233 5234
4798 7 5233 5235
4799 7 5233 5236
4800 7 5235 5237
4801 7 5236 5238
4802 4 5237 5239
4803 4 5237 5240
4804 4 5237 5241
4805 4 5238 5242
4806 4 5238 5243
4807 4 5238 5244
4808 8 5245 5246
4809 7 5245 5247
4810 7 5245 5248
4811 7 5247 5249
4812 7 5248 5250
4813 4 5249 5251
4814 4 5249 5252
4815 4 5249 5253
4816 4 5250 5254
4817 4 5250 5255
4818 4 5250 5256
4819 8 5257 5258
4820 7 5257 5259
4821 7 5257 5260
4822 7 5259 5261
4823 7 5260 5262
4824 4 5261 5263
4825 4 5261 5264
4826 4 5261 5265
4827 4 5262 5266
4828 4 5262 5267
4829 4 5262 5268
4830 8 5269 5270
4831 7 5269 5271
4832 7 5269 5272
4833 7 5271 5273
4834 7 5272 5274
4835 4 5273 5275
4836 4 5273 5276
4837 4 5273 5277
4838 4 5274 5278
4839 4 5274 5279
4840 4 5274 5280
4841 8 5281 5282
4842 7 5281 5283
4843 7 5281 5284
4844 7 5283 5285
4845 7 5284 5286
4846 4 5285 5287
4847 4 5285 5288
4848 4 5285 5289
4849 4 5286 5290
4850 4 5286 5291
4851 4 5286 5292
4852 8 5293 5294
4853 7 5293 5295
4854 7 5293 5296
4855 7 5295 5297
4856 7 5296 5298
4857 4 5297 5299
4858 4 5297 5300
4859 4 5297 5301
4860 4 5298 5302
4861 4 5298 5303
4862 4 5298 5304
4863 8 5305 5306
4864 7 5305 5307
4865 7 5305 5308
4866 7 5307 5309
4867 7 5308 5310
4868 4 5309 5311
4869 4 5309 5312
4870 4 5309 5313
4871 4 5310 5314
4872 4 5310 5315
4873 4 5310 5316
4874 8 5317 5318
4875 7 5317 5319
4876 7 5317 5320
4877 7 5319 5321
4878 7 5320 5322
4879 4 5321 5323
4880 4 5321 5324
4881 4 5321 5325
4882 4 5322 5326
4883 4 5322 5327
4884 4 5322 5328
4885 8 5329 5330
4886 7 5329 5331
4887 7 5329 5332
4888 7 5331 5333
4889 7 5332 5334
4890 4 5333 5335
4891 4 5333 5336
4892 4 5333 5337
4893 4 5334 5338
4894 4 5334 5339
4895 4 5334 5340
4896 8 5341 5342
4897 7 5341 5343
4898 7 5341 5344
4899 7 5343 5345
4900 7 5344 5346
4901 4 5345 5347
4902 4 5345 5348
4903 4 5345 5349
4904 4 5346 5350
4905 4 5346 5351
4906 4 5346 5352
4907 8 5353 5354
4908 7 5353 5355
4909 7 5353 5356
4910 7 5355 5357
4911 7 5356 5358
4912 4 5357 5359
4913 4 5357 5360
4914 4 5357 5361
4915 4 5358 5362
4916 4 5358 5363
4917 4 5358 5364
4918 8 5365 5366
4919 7 5365 5367
4920 7 5365 5368
4921 7 5367 5369
4922 7 5368 5370
4923 4 5369 5371
4924 4 5369 5372
4925 4 5369 5373
4926 4 5370 5374
4927 4 5370 5375
4928 4 5370 5376
4929 8 5377 5378
4930 7 5377 5379
4931 7 5377 5380
4932 7 5379 5381
4933 7 5380 5382
4934 4 5381 5383
4935 4 5381 5384
4936 4 5381 5385
4937 4 5382 5386
4938 4 5382 5387
4939 4 5382 5388
4940 8 5389 5390
4941 7 5389 5391
4942 7 5389 5392
4943 7 5391 5393
4944 7 5392 5394
4945 4 5393 5395
4946 4 5393 5396
4947 4 5393 5397
4948 4 5394 5398
4949 4 5394 5399
4950 4 5394 5400
4951 8 5401 5402
4952 7 5401 5403
4953 7 5401 5404
4954 7 5403 5405
4955 7 5404 5406
4956 4 5405 5407
4957 4 5405 5408
4958 4 5405 5409
4959 4 5406 5410
4960 4 5406 5411
4961 4 5406 5412
4962 8 5413 5414
4963 7 5413 5415
4964 7 5413 5416
4965 7 5415 5417
4966 7 5416 5418
4967 4 5417 5419
4968 4 5417 5420
4969 4 5417 5421
4970 4 5418 5422
4971 4 5418 5423
4972 4 5418 5424
4973 8 5425 5426
4974 7 5425 5427
4975 7 5425 5428
4976 7 5427 5429
4977 7 5428 5430
4978 4 5429 5431
4979 4 5429 5432
4980 4 5429 5433
4981 4 5430 5434
4982 4 5430 5435
4983 4 5430 5436
4984 8 5437 5438
4985 7 5437 5439
4986 7 5437 5440
4987 7 5439 5441
4988 7 5440 5442
4989 4 5441 5443
4990 4 5441 5444
4991 4 5441 5445
4992 4 5442 5446
4993 4 5442 5447
4994 4 5442 5448
4995 8 5449 5450
4996 7 5449 5451
4997 7 5449 5452
4998 7 5451 5453
4999 7 5452 5454
5000 4 5453 5455
5001 4 5453 5456
5002 4 5453 5457
5003 4 5454 5458
5004 4 5454 5459
5005 4 5454 5460
5006 8 5461 5462
5007 7 5461 5463
5008 7 5461 5464
5009 7 5463 5465
5010 7 5464 5466
5011 4 5465 5467
5012 4 5465 5468
5013 4 5465 5469
5014 4 5466 5470
5015 4 5466 5471
5016 4 5466 5472
5017 8 5473 5474
5018 7 5473 5475
5019 7 5473 5476
5020 7 5475 5477
5021 7 5476 5478
5022 4 5477 5479
5023 4 5477 5480
5024 4 5477 5481
5025 4 5478 5482
5026 4 5478 5483
5027 4 5478 5484
5028 8 5485 5486
5029 7 5485 5487
5030 7 5485 5488
5031 7 5487 5489
5032 7 5488 5490
5033 4 5489 5491
5034 4 5489 5492
5035 4 5489 5493
5036 4 5490 5494
5037 4 5490 5495
5038 4 5490 5496
5039 8 5497 5498
5040 7 5497 5499
5041 7 5497 5500
5042 7 5499 5501
5043 7 5500 5502
5044 4 5501 5503
5045 4 5501 5504
5046 4 5501 5505
5047 4 5502 5506
5048 4 5502 5507
5049 4 5502 5508
5050 8 5509 5510
5051 7 5509 5511
5052 7 5509 5512
5053 7 5511 5513
5054 7 5512 5514
5055 4 5513 5515
5056 4 5513 5516
5057 4 5513 5517
5058 4 5514 5518
5059 4 5514 5519
5060 4 5514 5520
5061 8 5521 5522
5062 7 5521 5523
5063 7 5521 5524
5064 7 5523 5525
5065 7 5524 5526
5066 4 5525 5527
5067 4 5525 5528
5068 4 5525 5529
5069 4 5526 5530
5070 4 5526 5531
5071 4 5526 5532
5072 8 5533 5534
5073 7 5533 5535
5074 7 5533 5536
5075 7 5535 5537
5076 7 5536 5538
5077 4 5537 5539
5078 4 5537 5540
5079 4 5537 5541
5080 4 5538 5542
5081 4 5538 5543
5082 4 5538 5544
5083 8 5545 5546
5084 7 5545 5547
5085 7 5545 5548
5086 7 5547 5549
5087 7 5548 5550
5088 4 5549 5551
5089 4 5549 5552
5090 4 5549 5553
5091 4 5550 5554
5092 4 5550 5555
5093 4 5550 5556
5094 8 5557 5558
5095 7 5557 5559
5096 7 5557 5560
5097 7 5559 5561
5098 7 5560 5562
5099 4 5561 5563
5100 4 5561 5564
5101 4 5561 5565
5102 4 5562 5566
5103 4 5562 5567
5104 4 5562 5568
5105 8 5569 5570
5106 7 5569 5571
5107 7 5569 5572
5108 7 5571 5573
5109 7 5572 5574
5110 4 5573 5575
5111 4 5573 5576
5112 4 5573 5577
5113 4 5574 5578
5114 4 5574 5579
5115 4 5574 5580
5116 8 5581 5582
5117 7 5581 5583
5118 7 5581 5584
5119 7 5583 5585
5120 7 5584 5586
5121 4 5585 5587
5122 4 5585 5588
5123 4 5585 5589
5124 4 5586 5590
5125 4 5586 5591
5126 4 5586 5592
5127 8 5593 5594
5128 7 5593 5595
5129 7 5593 5596
5130 7 5595 5597
5131 7 5596 5598
5132 4 5597 5599
5133 4 5597 5600
5134 4 5597 5601
5135 4 5598 5602
5136 4 5598 5603
5137 4 5598 5604
5138 8 5605 5606
5139 7 5605 5607
5140 7 5605 5608
5141 7 5607 5609
5142 7 5608 5610
5143 4 5609 5611
5144 4 5609 5612
5145 4 5609 5613
5146 4 5610 5614
5147 4 5610 5615
5148 4 5610 5616
5149 8 5617 5618
5150 7 5617 5619
5151 7 5617 5620
5152 7 5619 5621
5153 7 5620 5622
5154 4 5621 5623
5155 4 5621 5624
5156 4 5621 5625
5157 4 5622 5626
5158 4 5622 5627
5159 4 5622 5628
5160 8 5629 5630
5161 7 5629 5631
5162 7 5629 5632
5163 7 5631 5633
5164 7 5632 5634
5165 4 5633 5635
5166 4 5633 5636
5167 4 5633 5637
5168 4 5634 5638
5169 4 5634 5639
5170 4 5634 5640
5171 8 5641 5642
5172 7 5641 5643
5173 7 5641 5644
5174 7 5643 5645
5175 7 5644 5646
5176 4 5645 5647
5177 4 5645 5648
5178 4 5645 5649
5179 4 5646 5650
5180 4 5646 5651
5181 4 5646 5652
5182 8 5653 5654
5183 7 5653 5655
5184 7 5653 5656
5185 7 5655 5657
5186 7 5656 5658
5187 4 5657 5659
5188 4 5657 5660
5189 4 5657 5661
5190 4 5658 5662
5191 4 5658 5663
5192 4 5658 5664
5193 8 5665 5666
5194 7 5665 5667
5195 7 5665 5668
5196 7 5667 5669
5197 7 5668 5670
5198 4 5669 5671
5199 4 5669 5672
5200 4 5669 5673
5201 4 5670 5674
5202 4 5670 5675
5203 4 5670 5676
5204 8 5677 5678
5205 7 5677 5679
5206 7 5677 5680
5207 7 5679 5681
5208 7 5680 5682
5209 4 5681 5683
5210 4 5681 5684
5211 4 5681 5685
5212 4 5682 5686
5213 4 5682 5687
5214 4 5682 5688
5215 8 5689 5690
5216 7 5689 5691
5217 7 5689 5692
5218 7 5691 5693
5219 7 5692 5694
5220 4 5693 5695
5221 4 5693 5696
5222 4 5693 5697
5223 4 5694 5698
5224 4 5694 5699
5225 4 5694 5700
5226 8 5701 5702
5227 7 5701 5703
5228 7 5701 5704
5229 7 5703 5705
5230 7 5704 5706
5231 4 5705 5707
5232 4 5705 5708
5233 4 5705 5709
5234 4 5706 5710
5235 4 5706 5711
5236 4 5706 5712
5237 8 5713 5714
5238 7 5713 5715
5239 7 5713 5716
5240 7 5715 5717
5241 7 5716 5718
5242 4 5717 5719
5243 4 5717 5720
5244 4 5717 5721
5245 4 5718 5722
5246 4 5718 5723
5247 4 5718 5724
5248 8 5725 5726
5249 7 5725 5727
5250 7 5725 5728
5251 7 5727 5729
5252 7 5728 5730
5253 4 5729 5731
5254 4 5729 5732
5255 4 5729 5733
5256 4 5730 5734
5257 4 5730 5735
5258 4 5730 5736
5259 8 5737 5738
5260 7 5737 5739
5261 7 5737 5740
5262 7 5739 5741
5263 7 5740 5742
5264 4 5741 5743
5265 4 5741 5744
5266 4 5741 5745
5267 4 5742 5746
5268 4 5742 5747
5269 4 5742 5748
5270 8 5749 5750
5271 7 5749 5751
5272 7 5749 5752
5273 7 5751 5753
5274 7 5752 5754
5275 4 5753 5755
5276 4 5753 5756
5277 4 5753 5757
5278 4 5754 5758
5279 4 5754 5759
5280 4 5754 5760
5281 8 5761 5762
5282 7 5761 5763
5283 7 5761 5764
5284 7 5763 5765
5285 7 5764 5766
5286 4 5765 5767
5287 4 5765 5768
5288 4 5765 5769
5289 4 5766 5770
5290 4 5766 5771
5291 4 5766 5772
5292 8 5773 5774
5293 7 5773 5775
5294 7 5773 5776
5295 7 5775 5777
5296 7 5776 5778
5297 4 5777 5779
5298 4 5777 5780
5299 4 5777 5781
5300 4 5778 5782
5301 4 5778 5783
5302 4 5778 5784
5303 8 5785 5786
5304 7 5785 5787
5305 7 5785 5788
5306 7 5787 5789
5307 7 5788 5790
5308 4 5789 5791
5309 4 5789 5792
5310 4 5789 5793
5311 4 5790 5794
5312 4 5790 5795
5313 4 5790 5796
5314 8 5797 5798
5315 7 5797 5799
5316 7 5797 5800
5317 7 5799 5801
5318 7 5800 5802
5319 4 5801 5803
5320 4 5801 5804
5321 4 5801 5805
5322 4 5802 5806
5323 4 5802 5807
5324 4 5802 5808
5325 8 5809 5810
5326 7 5809 5811
5327 7 5809 5812
5328 7 5811 5813
5329 7 5812 5814
5330 4 5813 5815
5331 4 5813 5816
5332 4 5813 5817
5333 4 5814 5818
5334 4 5814 5819
5335 4 5814 5820
5336 8 5821 5822
5337 7 5821 5823
5338 7 5821 5824
5339 7 5823 5825
5340 7 5824 5826
5341 4 5825 5827
5342 4 5825 5828
5343 4 5825 5829
5344 4 5826 5830
5345 4 5826 5831
5346 4 5826 5832
5347 8 5833 5834
5348 7 5833 5835
5349 7 5833 5836
5350 7 5835 5837
5351 7 5836 5838
5352 4 5837 5839
5353 4 5837 5840
5354 4 5837 5841
5355 4 5838 5842
5356 4 5838 5843
5357 4 5838 5844
5358 8 5845 5846
5359 7 5845 5847
5360 7 5845 5848
5361 7 5847 5849
5362 7 5848 5850
5363 4 5849 5851
5364 4 5849 5852
5365 4 5849 5853
5366 4 5850 5854
5367 4 5850 5855
5368 4 5850 5856
5369 8 5857 5858
5370 7 5857 5859
5371 7 5857 5860
5372 7 5859 5861
5373 7 5860 5862
5374 4 5861 5863
5375 4 5861 5864
5376 4 5861 5865
5377 4 5862 5866
5378 4 5862 5867
5379 4 5862 5868
5380 8 5869 5870
5381 7 5869 5871
5382 7 5869 5872
5383 7 5871 5873
5384 7 5872 5874
5385 4 5873 5875
5386 4 5873 5876
5387 4 5873 5877
5388 4 5874 5878
5389 4 5874 5879
5390 4 5874 5880
5391 8 5881 5882
5392 7 5881 5883
5393 7 5881 5884
5394 7 5883 5885
5395 7 5884 5886
5396 4 5885 5887
5397 4 5885 5888
5398 4 5885 5889
5399 4 5886 5890
5400 4 5886 5891
5401 4 5886 5892
5402 8 5893 5894
5403 7 5893 5895
5404 7 5893 5896
5405 7 5895 5897
5406 7 5896 5898
5407 4 5897 5899
5408 4 5897 5900
5409 4 5897 5901
5410 4 5898 5902
5411 4 5898 5903
5412 4 5898 5904
5413 8 5905 5906
5414 7 5905 5907
5415 7 5905 5908
5416 7 5907 5909
5417 7 5908 5910
5418 4 5909 5911
5419 4 5909 5912
5420 4 5909 5913
5421 4 5910 5914
5422 4 5910 5915
5423 4 5910 5916
5424 8 5917 5918
5425 7 5917 5919
5426 7 5917 5920
5427 7 5919 5921
5428 7 5920 5922
5429 4 5921 5923
5430 4 5921 5924
5431 4 5921 5925
5432 4 5922 5926
5433 4 5922 5927
5434 4 5922 5928
5435 8 5929 5930
5436 7 5929 5931
5437 7 5929 5932
5438 7 5931 5933
5439 7 5932 5934
5440 4 5933 5935
5441 4 5933 5936
5442 4 5933 5937
5443 4 5934 5938
5444 4 5934 5939
5445 4 5934 5940
5446 8 5941 5942
5447 7 5941 5943
5448 7 5941 5944
5449 7 5943 5945
5450 7 5944 5946
5451 4 5945 5947
5452 4 5945 5948
5453 4 5945 5949
5454 4 5946 5950
5455 4 5946 5951
5456 4 5946 5952
5457 8 5953 5954
5458 7 5953 5955
5459 7 5953 5956
5460 7 5955 5957
5461 7 5956 5958
5462 4 5957 5959
5463 4 5957 5960
5464 4 5957 5961
5465 4 5958 5962
5466 4 5958 5963
5467 4 5958 5964
5468 8 5965 5966
5469 7 5965 5967
5470 7 5965 5968
5471 7 5967 5969
5472 7 5968 5970
5473 4 5969 5971
5474 4 5969 5972
5475 4 5969 5973
5476 4 5970 5974
5477 4 5970 5975
5478 4 5970 5976
5479 8 5977 5978
5480 7 5977 5979
5481 7 5977 5980
5482 7 5979 5981
5483 7 5980 5982
5484 4 5981 5983
5485 4 5981 5984
5486 4 5981 5985
5487 4 5982 5986
5488 4 5982 5987
5489 4 5982 5988
5490 8 5989 5990
5491 7 5989 5991
5492 7 5989 5992
5493 7 5991 5993
5494 7 5992 5994
5495 4 5993 5995
5496 4 5993 5996
5497 4 5993 5997
5498 4 5994 5998
5499 4 5994 5999
5500 4 5994 6000
5501 8 6001 6002
5502 7 6001 6003
5503 7 6001 6004
5504 7 6003 6005
5505 7 6004 6006
5506 4 6005 6007
5507 4 6005 6008
5508 4 6005 6009
5509 4 6006 6010
5510 4 6006 6011
5511 4 6006 6012
5512 8 6013 6014
5513 7 6013 6015
5514 7 6013 6016
5515 7 6015 6017
5516 7 6016 6018
5517 4 6017 6019
5518 4 6017 6020
5519 4 6017 6021
5520 4 6018 6022
5521 4 6018 6023
5522 4 6018 6024
5523 8 6025 6026
5524 7 6025 6027
5525 7 6025 6028
5526 7 6027 6029
5527 7 6028 6030
5528 4 6029 6031
5529 4 6029 6032
5530 4 6029 6033
5531 4 6030 6034
5532 4 6030 6035
5533 4 6030 6036
5534 8 6037 6038
5535 7 6037 6039
5536 7 6037 6040
5537 7 6039 6041
5538 7 6040 6042
5539 4 6041 6043
5540 4 6041 6044
5541 4 6041 6045
5542 4 6042 6046
5543 4 6042 6047
5544 4 6042 6048
5545 8 6049 6050
5546 7 6049 6051
5547 7 6049 6052
5548 7 6051 6053
5549 7 6052 6054
5550 4 6053 6055
5551 4 6053 6056
5552 4 6053 6057
5553 4 6054 6058
5554 4 6054 6059
5555 4 6054 6060
5556 8 6061 6062
5557 7 6061 6063
5558 7 6061 6064
5559 7 6063 6065
5560 7 6064 6066
5561 4 6065 6067
5562 4 6065 6068
5563 4 6065 6069
5564 4 6066 6070
5565 4 6066 6071
5566 4 6066 6072
5567 8 6073 6074
5568 7 6073 6075
5569 7 6073 6076
5570 7 6075 6077
5571 7 6076 6078
5572 4 6077 6079
5573 4 6077 6080
5574 4 6077 6081
5575 4 6078 6082
5576 4 6078 6083
5577 4 6078 6084
5578 8 6085 6086
5579 7 6085 6087
5580 7 6085 6088
5581 7 6087 6089
5582 7 6088 6090
5583 4 6089 6091
5584 4 6089 6092
5585 4 6089 6093
5586 4 6090 6094
5587 4 6090 6095
5588 4 6090 6096
5589 8 6097 6098
5590 7 6097 6099
5591 7 6097 6100
5592 7 6099 6101
5593 7 6100 6102
5594 4 6101 6103
5595 4 6101 6104
5596 4 6101 6105
5597 4 6102 6106
5598 4 6102 6107
5599 4 6102 6108
5600 8 6109 6110
5601 7 6109 6111
5602 7 6109 6112
5603 7 6111 6113
5604 7 6112 6114
5605 4 6113 6115
5606 4 6113 6116
5607 4 6113 6117
5608 4 6114 6118
5609 4 6114 6119
5610 4 6114 6120
5611 8 6121 6122
5612 7 6121 6123
5613 7 6121 6124
5614 7 6123 6125
5615 7 6124 6126
5616 4 6125 6127
5617 4 6125 6128
5618 4 6125 6129
5619 4 6126 6130
5620 4 6126 6131
5621 4 6126 6132
5622 8 6133 6134
5623 7 6133 6135
5624 7 6133 6136
5625 7 6135 6137
5626 7 6136 6138
5627 4 6137 6139
5628 4 6137 6140
5629 4 6137 6141
5630 4 6138 6142
5631 4 6138 6143
5632 4 6138 6144
5633 8 6145 6146
5634 7 6145 6147
5635 7 6145 6148
5636 7 6147 6149
5637 7 6148 6150
5638 4 6149 6151
5639 4 6149 6152
5640 4 6149 6153
5641 4 6150 6154
5642 4 6150 6155
5643 4 6150 6156
5644 8 6157 6158
5645 7 6157 6159
5646 7 6157 6160
5647 7 6159 6161
5648 7 6160 6162
5649 4 6161 6163
5650 4 6161 6164
5651 4 6161 6165
5652 4 6162 6166
5653 4 6162 6167
5654 4 6162 6168
5655 8 6169 6170
5656 7 6169 6171
5657 7 6169 6172
5658 7 6171 6173
5659 7 6172 6174
5660 4 6173 6175
5661 4 6173 6176
5662 4 6173 6177
5663 4 6174 6178
5664 4 6174 6179
5665 4 6174 6180
5666 8 6181 6182
5667 7 6181 6183
5668 7 6181 6184
5669 7 6183 6185
5670 7 6184 6186
5671 4 6185 6187
5672 4 6185 6188
5673 4 6185 6189
5674 4 6186 6190
5675 4 6186 6191
5676 4 6186 6192
5677 8 6193 6194
5678 7 6193 6195
5679 7 6193 6196
5680 7 6195 6197
5681 7 6196 6198
5682 4 6197 6199
5683 4 6197 6200
5684 4 6197 6201
5685 4 6198 6202
5686 4 6198 6203
5687 4 6198 6204
5688 8 6205 6206
5689 7 6205 6207
5690 7 6205 6208
5691 7 6207 6209
5692 7 6208 6210
5693 4 6209 6211
5694 4 6209 6212
5695 4 6209 6213
5696 4 6210 6214
5697 4 6210 6215
5698 4 6210 6216
5699 8 6217 6218
5700 7 6217 6219
5701 7 6217 6220
5702 7 6219 6221
5703 7 6220 6222
5704 4 6221 6223
5705 4 6221 6224
5706 4 6221 6225
5707 4 6222 6226
5708 4 6222 6227
5709 4 6222 6228
5710 8 6229 6230
5711 7 6229 6231
5712 7 6229 6232
5713 7 6231 6233
5714 7 6232 6234
5715 4 6233 6235
5716 4 6233 6236
5717 4 6233 6237
5718 4 6234 6238
5719 4 6234 6239
5720 4 6234 6240
5721 8 6241 6242
5722 7 6241 6243
5723 7 6241 6244
5724 7 6243 6245
5725 7 6244 6246
5726 4 6245 6247
5727 4 6245 6248
5728 4 6245 6249
5729 4 6246 6250
5730 4 6246 6251
5731 4 6246 6252
5732 8 6253 6254
5733 7 6253 6255
5734 7 6253 6256
5735 7 6255 6257
5736 7 6256 6258
5737 4 6257 6259
5738 4 6257 6260
5739 4 6257 6261
5740 4 6258 6262
5741 4 6258 6263
5742 4 6258 6264
5743 8 6265 6266
5744 7 6265 6267
5745 7 6265 6268
5746 7 6267 6269
5747 7 6268 6270
5748 4 6269 6271
5749 4 6269 6272
5750 4 6269 6273
5751 4 6270 6274
5752 4 6270 6275
5753 4 6270 6276
5754 8 6277 6278
5755 7 6277 6279
5756 7 6277 6280
5757 7 6279 6281
5758 7 6280 6282
5759 4 6281 6283
5760 4 6281 6284
5761 4 6281 6285
5762 4 6282 6286
5763 4 6282 6287
5764 4 6282 6288
5765 8 6289 6290
5766 7 6289 6291
5767 7 6289 6292
5768 7 6291 6293
5769 7 6292 6294
5770 4 6293 6295
5771 4 6293 6296
5772 4 6293 6297
5773 4 6294 6298
5774 4 6294 6299
5775 4 6294 6300
5776 8 6301 6302
5777 7 6301 6303
5778 7 6301 6304
5779 7 6303 6305
5780 7 6304 6306
5781 4 6305 6307
5782 4 6305 6308
5783 4 6305 6309
5784 4 6306 6310
5785 4 6306 6311
5786 4 6306 6312
5787 8 6313 6314
5788 7 6313 6315
5789 7 6313 6316
5790 7 6315 6317
5791 7 6316 6318
5792 4 6317 6319
5793 4 6317 6320
5794 4 6317 6321
5795 4 6318 6322
5796 4 6318 6323
5797 4 6318 6324
5798 8 6325 6326
5799 7 6325 6327
5800 7 6325 6328
5801 7 6327 6329
5802 7 6328 6330
5803 4 6329 6331
5804 4 6329 6332
5805 4 6329 6333
5806 4 6330 6334
5807 4 6330 6335
5808 4 6330 6336
5809 8 6337 6338
5810 7 6337 6339
5811 7 6337 6340
5812 7 6339 6341
5813 7 6340 6342
5814 4 6341 6343
5815 4 6341 6344
5816 4 6341 6345
5817 4 6342 6346
5818 4 6342 6347
5819 4 6342 6348
5820 8 6349 6350
5821 7 6349 6351
5822 7 6349 6352
5823 7 6351 6353
5824 7 6352 6354
5825 4 6353 6355
5826 4 6353 6356
5827 4 6353 6357
5828 4 6354 6358
5829 4 6354 6359
5830 4 6354 6360
5831 8 6361 6362
5832 7 6361 6363
5833 7 6361 6364
5834 7 6363 6365
5835 7 6364 6366
5836 4 6365 6367
5837 4 6365 6368
5838 4 6365 6369
5839 4 6366 6370
5840 4 6366 6371
5841 4 6366 6372
5842 8 6373 6374
5843 7 6373 6375
5844 7 6373 6376
5845 7 6375 6377
5846 7 6376 6378
5847 4 6377 6379
5848 4 6377 6380
5849 4 6377 6381
5850 4 6378 6382
5851 4 6378 6383
5852 4 6378 6384
5853 8 6385 6386
5854 7 6385 6387
5855 7 6385 6388
5856 7 6387 6389
5857 7 6388 6390
5858 4 6389 6391
5859 4 6389 6392
5860 4 6389 6393
5861 4 6390 6394
5862 4 6390 6395
5863 4 6390 6396
5864 8 6397 6398
5865 7 6397 6399
5866 7 6397 6400
5867 7 6399 6401
5868 7 6400 6402
5869 4 6401 6403
5870 4 6401 6404
5871 4 6401 6405
5872 4 6402 6406
5873 4 6402 6407
5874 4 6402 6408
5875 8 6409 6410
5876 7 6409 6411
5877 7 6409 6412
5878 7 6411 6413
5879 7 6412 6414
5880 4 6413 6415
5881 4 6413 6416
5882 4 6413 6417
5883 4 6414 6418
5884 4 6414 6419
5885 4 6414 6420
5886 8 6421 6422
5887 7 6421 6423
5888 7 6421 6424
5889 7 6423 6425
5890 7 6424 6426
5891 4 6425 6427
5892 4 6425 6428
5893 4 6425 6429
5894 4 6426 6430
5895 4 6426 6431
5896 4 6426 6432
5897 8 6433 6434
5898 7 6433 6435
5899 7 6433 6436
5900 7 6435 6437
5901 7 6436 6438
5902 4 6437 6439
5903 4 6437 6440
5904 4 6437 6441
5905 4 6438 6442
5906 4 6438 6443
5907 4 6438 6444
5908 8 6445 6446
5909 7 6445 6447
5910 7 6445 6448
5911 7 6447 6449
5912 7 6448 6450
5913 4 6449 6451
5914 4 6449 6452
5915 4 6449 6453
5916 4 6450 6454
5917 4 6450 6455
5918 4 6450 6456
5919 8 6457 6458
5920 7 6457 6459
5921 7 6457 6460
5922 7 6459 6461
5923 7 6460 6462
5924 4 6461 6463
5925 4 6461 6464
5926 4 6461 6465
5927 4 6462 6466
5928 4 6462 6467
5929 4 6462 6468
5930 8 6469 6470
5931 7 6469 6471
5932 7 6469 6472
5933 7 6471 6473
5934 7 6472 6474
5935 4 6473 6475
5936 4 6473 6476
5937 4 6473 6477
5938 4 6474 6478
5939 4 6474 6479
5940 4 6474 6480
5941 8 6481 6482
5942 7 6481 6483
5943 7 6481 6484
5944 7 6483 6485
5945 7 6484 6486
5946 4 6485 6487
5947 4 6485 6488
5948 4 6485 6489
5949 4 6486 6490
5950 4 6486 6491
5951 4 6486 6492
5952 8 6493 6494
5953 7 6493 6495
5954 7 6493 6496
5955 7 6495 6497
5956 7 6496 6498
5957 4 6497 6499
5958 4 6497 6500
5959 4 6497 6501
5960 4 6498 6502
5961 4 6498 6503
5962 4 6498 6504
5963 8 6505 6506
5964 7 6505 6507
5965 7 6505 6508
5966 7 6507 6509
5967 7 6508 6510
5968 4 6509 6511
5969 4 6509 6512
5970 4 6509 6513
5971 4 6510 6514
5972 4 6510 6515
5973 4 6510 6516
5974 8 6517 6518
5975 7 6517 6519
5976 7 6517 6520
5977 7 6519 6521
5978 7 6520 6522
5979 4 6521 6523
5980 4 6521 6524
5981 4 6521 6525
5982 4 6522 6526
5983 4 6522 6527
5984 4 6522 6528
5985 8 6529 6530
5986 7 6529 6531
5987 7 6529 6532
5988 7 6531 6533
5989 7 6532 6534
5990 4 6533 6535
5991 4 6533 6536
5992 4 6533 6537
5993 4 6534 6538
5994 4 6534 6539
5995 4 6534 6540
5996 8 6541 6542
5997 7 6541 6543
5998 7 6541 6544
5999 7 6543 6545
6000 7 6544 6546
6001 4 6545 6547
6002 4 6545 6548
6003 4 6545 6549
6004 4 6546 6550
6005 4 6546 6551
6006 4 6546 6552
6007 8 6553 6554
6008 7 6553 6555
6009 7 6553 6556
6010 7 6555 6557
6011 7 6556 6558
6012 4 6557 6559
6013 4 6557 6560
6014 4 6557 6561
6015 4 6558 6562
6016 4 6558 6563
6017 4 6558 6564
6018 8 6565 6566
6019 7 6565 6567
6020 7 6565 6568
6021 7 6567 6569
6022 7 6568 6570
6023 4 6569 6571
6024 4 6569 6572
6025 4 6569 6573
6026 4 6570 6574
6027 4 6570 6575
6028 4 6570 6576
6029 8 6577 6578
6030 7 6577 6579
6031 7 6577 6580
6032 7 6579 6581
6033 7 6580 6582
6034 4 6581 6583
6035 4 6581 6584
6036 4 6581 6585
6037 4 6582 6586
6038 4 6582 6587
6039 4 6582 6588
6040 8 6589 6590
6041 7 6589 6591
6042 7 6589 6592
6043 7 6591 6593
6044 7 6592 6594
6045 4 6593 6595
6046 4 6593 6596
6047 4 6593 6597
6048 4 6594 6598
6049 4 6594 6599
6050 4 6594 6600
6051 8 6601 6602
6052 7 6601 6603
6053 7 6601 6604
6054 7 6603 6605
6055 7 6604 6606
6056 4 6605 6607
6057 4 6605 6608
6058 4 6605 6609
6059 4 6606 6610
6060 4 6606 6611
6061 4 6606 6612
6062 8 6613 6614
6063 7 6613 6615
6064 7 6613 6616
6065 7 6615 6617
6066 7 6616 6618
6067 4 6617 6619
6068 4 6617 6620
6069 4 6617 6621
6070 4 6618 6622
6071 4 6618 6623
6072 4 6618 6624
6073 8 6625 6626
6074 7 6625 6627
6075 7 6625 6628
6076 7 6627 6629
6077 7 6628 6630
6078 4 6629 6631
6079 4 6629 6632
6080 4 6629 6633
6081 4 6630 6634
6082 4 6630 6635
6083 4 6630 6636
6084 8 6637 6638
6085 7 6637 6639
6086 7 6637 6640
6087 7 6639 6641
6088 7 6640 6642
6089 4 6641 6643
6090 4 6641 6644
6091 4 6641 6645
6092 4 6642 6646
6093 4 6642 6647
6094 4 6642 6648
6095 8 6649 6650
6096 7 6649 6651
6097 7 6649 6652
6098 7 6651 6653
6099 7 6652 6654
6100 4 6653 6655
6101 4 6653 6656
6102 4 6653 6657
6103 4 6654 6658
6104 4 6654 6659
6105 4 6654 6660
6106 8 6661 6662
6107 7 6661 6663
6108 7 6661 6664
6109 7 6663 6665
6110 7 6664 6666
6111 4 6665 6667
6112 4 6665 6668
6113 4 6665 6669
6114 4 6666 6670
6115 4 6666 6671
6116 4 6666 6672
6117 8 6673 6674
6118 7 6673 6675
6119 7 6673 6676
6120 7 6675 6677
6121 7 6676 6678
6122 4 6677 6679
6123 4 6677 6680
6124 4 6677 6681
6125 4 6678 6682
6126 4 6678 6683
6127 4 6678 6684
6128 8 6685 6686
6129 7 6685 6687
6130 7 6685 6688
6131 7 6687 6689
6132 7 6688 6690
6133 4 6689 6691
6134 4 6689 6692
6135 4 6689 6693
6136 4 6690 6694
6137 4 6690 6695
6138 4 6690 6696
6139 8 6697 6698
6140 7 6697 6699
6141 7 6697 6700
6142 7 6699 6701
6143 7 6700 6702
6144 4 6701 6703
6145 4 6701 6704
6146 4 6701 6705
6147 4 6702 6706
6148 4 6702 6707
6149 4 6702 6708
6150 8 6709 6710
6151 7 6709 6711
6152 7 6709 6712
6153 7 6711 6713
6154 7 6712 6714
6155 4 6713 6715
6156 4 6713 6716
6157 4 6713 6717
6158 4 6714 6718
6159 4 6714 6719
6160 4 6714 6720
6161 8 6721 6722
6162 7 6721 6723
6163 7 6721 6724
6164 7 6723 6725
6165 7 6724 6726
6166 4 6725 6727
6167 4 6725 6728
6168 4 6725 6729
6169 4 6726 6730
6170 4 6726 6731
6171 4 6726 6732
6172 8 6733 6734
6173 7 6733 6735
6174 7 6733 6736
6175 7 6735 6737
6176 7 6736 6738
6177 4 6737 6739
6178 4 6737 6740
6179 4 6737 6741
6180 4 6738 6742
6181 4 6738 6743
6182 4 6738 6744
6183 8 6745 6746
6184 7 6745 6747
6185 7 6745 6748
6186 7 6747 6749
6187 7 6748 6750
6188 4 6749 6751
6189 4 6749 6752
6190 4 6749 6753
6191 4 6750 6754
6192 4 6750 6755
6193 4 6750 6756
6194 8 6757 6758
6195 7 6757 6759
6196 7 6757 6760
6197 7 6759 6761
6198 7 6760 6762
6199 4 6761 6763
6200 4 6761 6764
6201 4 6761 6765
6202 4 6762 6766
6203 4 6762 6767
6204 4 6762 6768
6205 8 6769 6770
6206 7 6769 6771
6207 7 6769 6772
6208 7 6771 6773
6209 7 6772 6774
6210 4 6773 6775
6211 4 6773 6776
6212 4 6773 6777
6213 4 6774 6778
6214 4 6774 6779
6215 4 6774 6780
6216 8 6781 6782
6217 7 6781 6783
6218 7 6781 6784
6219 7 6783 6785
6220 7 6784 6786
6221 4 6785 6787
6222 4 6785 6788
6223 4 6785 6789
6224 4 6786 6790
6225 4 6786 6791
6226 4 6786 6792
6227 8 6793 6794
6228 7 6793 6795
6229 7 6793 6796
6230 7 6795 6797
6231 7 6796 6798
6232 4 6797 6799
6233 4 6797 6800
6234 4 6797 6801
6235 4 6798 6802
6236 4 6798 6803
6237 4 6798 6804
6238 8 6805 6806
6239 7 6805 6807
6240 7 6805 6808
6241 7 6807 6809
6242 7 6808 6810
6243 4 6809 6811
6244 4 6809 6812
6245 4 6809 6813
6246 4 6810 6814
6247 4 6810 6815
6248 4 6810 6816
6249 8 6817 6818
6250 7 6817 6819
6251 7 6817 6820
6252 7 6819 6821
6253 7 6820 6822
6254 4 6821 6823
6255 4 6821 6824
6256 4 6821 6825
6257 4 6822 6826
6258 4 6822 6827
6259 4 6822 6828
6260 8 6829 6830
6261 7 6829 6831
6262 7 6829 6832
6263 7 6831 6833
6264 7 6832 6834
6265 4 6833 6835
6266 4 6833 6836
6267 4 6833 6837
6268 4 6834 6838
6269 4 6834 6839
6270 4 6834 6840
6271 8 6841 6842
6272 7 6841 6843
6273 7 6841 6844
6274 7 6843 6845
6275 7 6844 6846
6276 4 6845 6847
6277 4 6845 6848
6278 4 6845 6849
6279 4 6846 6850
6280 4 6846 6851
6281 4 6846 6852
6282 8 6853 6854
6283 7 6853 6855
6284 7 6853 6856
6285 7 6855 6857
6286 7 6856 6858
6287 4 6857 6859
6288 4 6857 6860
6289 4 6857 6861
6290 4 6858 6862
6291 4 6858 6863
6292 4 6858 6864
6293 8 6865 6866
6294 7 6865 6867
6295 7 6865 6868
6296 7 6867 6869
6297 7 6868 6870
6298 4 6869 6871
6299 4 6869 6872
6300 4 6869 6873
6301 4 6870 6874
6302 4 6870 6875
6303 4 6870 6876
6304 8 6877 6878
6305 7 6877 6879
6306 7 6877 6880
6307 7 6879 6881
6308 7 6880 6882
6309 4 6881 6883
6310 4 6881 6884
6311 4 6881 6885
6312 4 6882 6886
6313 4 6882 6887
6314 4 6882 6888
6315 8 6889 6890
6316 7 6889 6891
6317 7 6889 6892
6318 7 6891 6893
6319 7 6892 6894
6320 4 6893 6895
6321 4 6893 6896
6322 4 6893 6897
6323 4 6894 6898
6324 4 6894 6899
6325 4 6894 6900
6326 8 6901 6902
6327 7 6901 6903
6328 7 6901 6904
6329 7 6903 6905
6330 7 6904 6906
6331 4 6905 6907
6332 4 6905 6908
6333 4 6905 6909
6334 4 6906 6910
6335 4 6906 6911
6336 4 6906 6912
6337 8 6913 6914
6338 7 6913 6915
6339 7 6913 6916
6340 7 6915 6917
6341 7 6916 6918
6342 4 6917 6919
6343 4 6917 6920
6344 4 6917 6921
6345 4 6918 6922
6346 4 6918 6923
6347 4 6918 6924
6348 8 6925 6926
6349 7 6925 6927
6350 7 6925 6928
6351 7 6927 6929
6352 7 6928 6930
6353 4 6929 6931
6354 4 6929 6932
6355 4 6929 6933
6356 4 6930 6934
6357 4 6930 6935
6358 4 6930 6936
6359 8 6937 6938
6360 7 6937 6939
6361 7 6937 6940
6362 7 6939 6941
6363 7 6940 6942
6364 4 6941 6943
6365 4 6941 6944
6366 4 6941 6945
6367 4 6942 6946
6368 4 6942 6947
6369 4 6942 6948
6370 8 6949 6950
6371 7 6949 6951
6372 7 6949 6952
6373 7 6951 6953
6374 7 6952 6954
6375 4 6953 6955
6376 4 6953 6956
6377 4 6953 6957
6378 4 6954 6958
6379 4 6954 6959
6380 4 6954 6960
6381 8 6961 6962
6382 7 6961 6963
6383 7 6961 6964
6384 7 6963 6965
6385 7 6964 6966
6386 4 6965 6967
6387 4 6965 6968
6388 4 6965 6969
6389 4 6966 6970
6390 4 6966 6971
6391 4 6966 6972
6392 8 6973 6974
6393 7 6973 6975
6394 7 6973 6976
6395 7 6975 6977
6396 7 6976 6978
6397 4 6977 6979
6398 4 6977 6980
6399 4 6977 6981
6400 4 6978 6982
6401 4 6978 6983
6402 4 6978 6984
6403 8 6985 6986
6404 7 6985 6987
6405 7 6985 6988
6406 7 6987 6989
6407 7 6988 6990
6408 4 6989 6991
6409 4 6989 6992
6410 4 6989 6993
6411 4 6990 6994
6412 4 6990 6995
6413 4 6990 6996
6414 8 6997 6998
6415 7 6997 6999
6416 7 6997 7000
6417 7 6999 7001
6418 7 7000 7002
6419 4 7001 7003
6420 4 7001 7004
6421 4 7001 7005
6422 4 7002 7006
6423 4 7002 7007
6424 4 7002 7008
6425 8 7009 7010
6426 7 7009 7011
6427 7 7009 7012
6428 7 7011 7013
6429 7 7012 7014
6430 4 7013 7015
6431 4 7013 7016
6432 4 7013 7017
6433 4 7014 7018
6434 4 7014 7019
6435 4 7014 7020
6436 8 7021 7022
6437 7 7021 7023
6438 7 7021 7024
6439 7 7023 7025
6440 7 7024 7026
6441 4 7025 7027
6442 4 7025 7028
6443 4 7025 7029
6444 4 7026 7030
6445 4 7026 7031
6446 4 7026 7032
6447 8 7033 7034
6448 7 7033 7035
6449 7 7033 7036
6450 7 7035 7037
6451 7 7036 7038
6452 4 7037 7039
6453 4 7037 7040
6454 4 7037 7041
6455 4 7038 7042
6456 4 7038 7043
6457 4 7038 7044
6458 8 7045 7046
6459 7 7045 7047
6460 7 7045 7048
6461 7 7047 7049
6462 7 7048 7050
6463 4 7049 7051
6464 4 7049 7052
6465 4 7049 7053
6466 4 7050 7054
6467 4 7050 7055
6468 4 7050 7056
6469 8 7057 7058
6470 7 7057 7059
6471 7 7057 7060
6472 7 7059 7061
6473 7 7060 7062
6474 4 7061 7063
6475 4 7061 7064
6476 4 7061 7065
6477 4 7062 7066
6478 4 7062 7067
6479 4 7062 7068
6480 8 7069 7070
6481 7 7069 7071
6482 7 7069 7072
6483 7 7071 7073
6484 7 7072 7074
6485 4 7073 7075
6486 4 7073 7076
6487 4 7073 7077
6488 4 7074 7078
6489 4 7074 7079
6490 4 7074 7080
6491 8 7081 7082
6492 7 7081 7083
6493 7 7081 7084
6494 7 7083 7085
6495 7 7084 7086
6496 4 7085 7087
6497 4 7085 7088
6498 4 7085 7089
6499 4 7086 7090
6500 4 7086 7091
6501 4 7086 7092
6502 8 7093 7094
6503 7 7093 7095
6504 7 7093 7096
6505 7 7095 7097
6506 7 7096 7098
6507 4 7097 7099
6508 4 7097 7100
6509 4 7097 7101
6510 4 7098 7102
6511 4 7098 7103
6512 4 7098 7104
6513 8 7105 7106
6514 7 7105 7107
6515 7 7105 7108
6516 7 7107 7109
6517 7 7108 7110
6518 4 7109 7111
6519 4 7109 7112
6520 4 7109 7113
6521 4 7110 7114
6522 4 7110 7115
6523 4 7110 7116
6524 8 7117 7118
6525 7 7117 7119
6526 7 7117 7120
6527 7 7119 7121
6528 7 7120 7122
6529 4 7121 7123
6530 4 7121 7124
6531 4 7121 7125
6532 4 7122 7126
6533 4 7122 7127
6534 4 7122 7128
6535 8 7129 7130
6536 7 7129 7131
6537 7 7129 7132
6538 7 7131 7133
6539 7 7132 7134
6540 4 7133 7135
6541 4 7133 7136
6542 4 7133 7137
6543 4 7134 7138
6544 4 7134 7139
6545 4 7134 7140
6546 8 7141 7142
6547 7 7141 7143
6548 7 7141 7144
6549 7 7143 7145
6550 7 7144 7146
6551 4 7145 7147
6552 4 7145 7148
6553 4 7145 7149
6554 4 7146 7150
6555 4 7146 7151
6556 4 7146 7152
6557 8 7153 7154
6558 7 7153 7155
6559 7 7153 7156
6560 7 7155 7157
6561 7 7156 7158
6562 4 7157 7159
6563 4 7157 7160
6564 4 7157 7161
6565 4 7158 7162
6566 4 7158 7163
6567 4 7158 7164
6568 8 7165 7166
6569 7 7165 7167
6570 7 7165 7168
6571 7 7167 7169
6572 7 7168 7170
6573 4 7169 7171
6574 4 7169 7172
6575 4 7169 7173
6576 4 7170 7174
6577 4 7170 7175
6578 4 7170 7176
6579 8 7177 7178
6580 7 7177 7179
6581 7 7177 7180
6582 7 7179 7181
6583 7 7180 7182
6584 4 7181 7183
6585 4 7181 7184
6586 4 7181 7185
6587 4 7182 7186
6588 4 7182 7187
6589 4 7182 7188
6590 8 7189 7190
6591 7 7189 7191
6592 7 7189 7192
6593 7 7191 7193
6594 7 7192 7194
6595 4 7193 7195
6596 4 7193 7196
6597 4 7193 7197
6598 4 7194 7198
6599 4 7194 7199
6600 4 7194 7200
6601 8 7201 7202
6602 7 7201 7203
6603 7 7201 7204
6604 7 7203 7205
6605 7 7204 7206
6606 4 7205 7207
6607 4 7205 7208
6608 4 7205 7209
6609 4 7206 7210
6610 4 7206 7211
6611 4 7206 7212
6612 8 7213 7214
6613 7 7213 7215
6614 7 7213 7216
6615 7 7215 7217
6616 7 7216 7218
6617 4 7217 7219
6618 4 7217 7220
6619 4 7217 7221
6620 4 7218 7222
6621 4 7218 7223
6622 4 7218 7224
6623 8 7225 7226
6624 7 7225 7227
6625 7 7225 7228
6626 7 7227 7229
6627 7 7228 7230
6628 4 7229 7231
6629 4 7229 7232
6630 4 7229 7233
6631 4 7230 7234
6632 4 7230 7235
6633 4 7230 7236
6634 8 7237 7238
6635 7 7237 7239
6636 7 7237 7240
6637 7 7239 7241
6638 7 7240 7242
6639 4 7241 7243
6640 4 7241 7244
6641 4 7241 7245
6642 4 7242 7246
6643 4 7242 7247
6644 4 7242 7248
6645 8 7249 7250
6646 7 7249 7251
6647 7 7249 7252
6648 7 7251 7253
6649 7 7252 7254
6650 4 7253 7255
6651 4 7253 7256
6652 4 7253 7257
6653 4 7254 7258
6654 4 7254 7259
6655 4 7254 7260
6656 8 7261 7262
6657 7 7261 7263
6658 7 7261 7264
6659 7 7263 7265
6660 7 7264 7266
6661 4 7265 7267
6662 4 7265 7268
6663 4 7265 7269
6664 4 7266 7270
6665 4 7266 7271
6666 4 7266 7272
6667 8 7273 7274
6668 7 7273 7275
6669 7 7273 7276
6670 7 7275 7277
6671 7 7276 7278
6672 4 7277 7279
6673 4 7277 7280
6674 4 7277 7281
6675 4 7278 7282
6676 4 7278 7283
6677 4 7278 7284
6678 8 7285 7286
6679 7 7285 7287
6680 7 7285 7288
6681 7 7287 7289
6682 7 7288 7290
6683 4 7289 7291
6684 4 7289 7292
6685 4 7289 7293
6686 4 7290 7294
6687 4 7290 7295
6688 4 7290 7296
6689 8 7297 7298
6690 7 7297 7299
6691 7 7297 7300
6692 7 7299 7301
6693 7 7300 7302
6694 4 7301 7303
6695 4 7301 7304
6696 4 7301 7305
6697 4 7302 7306
6698 4 7302 7307
6699 4 7302 7308
6700 8 7309 7310
6701 7 7309 7311
6702 7 7309 7312
6703 7 7311 7313
6704 7 7312 7314
6705 4 7313 7315
6706 4 7313 7316
6707 4 7313 7317
6708 4 7314 7318
6709 4 7314 7319
6710 4 7314 7320
6711 8 7321 7322
6712 7 7321 7323
6713 7 7321 7324
6714 7 7323 7325
6715 7 7324 7326
6716 4 7325 7327
6717 4 7325 7328
6718 4 7325 7329
6719 4 7326 7330
6720 4 7326 7331
6721 4 7326 7332
6722 8 7333 7334
6723 7 7333 7335
6724 7 7333 7336
6725 7 7335 7337
6726 7 7336 7338
6727 4 7337 7339
6728 4 7337 7340
6729 4 7337 7341
6730 4 7338 7342
6731 4 7338 7343
6732 4 7338 7344
6733 8 7345 7346
6734 7 7345 7347
6735 7 7345 7348
6736 7 7347 7349
6737 7 7348 7350
6738 4 7349 7351
6739 4 7349 7352
6740 4 7349 7353
6741 4 7350 7354
6742 4 7350 7355
6743 4 7350 7356
6744 8 7357 7358
6745 7 7357 7359
6746 7 7357 7360
6747 7 7359 7361
6748 7 7360 7362
6749 4 7361 7363
6750 4 7361 7364
6751 4 7361 7365
6752 4 7362 7366
6753 4 7362 7367
6754 4 7362 7368
6755 8 7369 7370
6756 7 7369 7371
6757 7 7369 7372
6758 7 7371 7373
6759 7 7372 7374
6760 4 7373 7375
6761 4 7373 7376
6762 4 7373 7377
6763 4 7374 7378
6764 4 7374 7379
6765 4 7374 7380
6766 8 7381 7382
6767 7 7381 7383
6768 7 7381 7384
6769 7 7383 7385
6770 7 7384 7386
6771 4 7385 7387
6772 4 7385 7388
6773 4 7385 7389
6774 4 7386 7390
6775 4 7386 7391
6776 4 7386 7392
6777 8 7393 7394
6778 7 7393 7395
6779 7 7393 7396
6780 7 7395 7397
6781 7 7396 7398
6782 4 7397 7399
6783 4 7397 7400
6784 4 7397 7401
6785 4 7398 7402
6786 4 7398 7403
6787 4 7398 7404
6788 8 7405 7406
6789 7 7405 7407
6790 7 7405 7408
6791 7 7407 7409
6792 7 7408 7410
6793 4 7409 7411
6794 4 7409 7412
6795 4 7409 7413
6796 4 7410 7414
6797 4 7410 7415
6798 4 7410 7416
6799 8 7417 7418
6800 7 7417 7419
6801 7 7417 7420
6802 7 7419 7421
6803 7 7420 7422
6804 4 7421 7423
6805 4 7421 7424
6806 4 7421 7425
6807 4 7422 7426
6808 4 7422 7427
6809 4 7422 7428
6810 8 7429 7430
6811 7 7429 7431
6812 7 7429 7432
6813 7 7431 7433
6814 7 7432 7434
6815 4 7433 7435
6816 4 7433 7436
6817 4 7433 7437
6818 4 7434 7438
6819 4 7434 7439
6820 4 7434 7440
6821 8 7441 7442
6822 7 7441 7443
6823 7 7441 7444
6824 7 7443 7445
6825 7 7444 7446
6826 4 7445 7447
6827 4 7445 7448
6828 4 7445 7449
6829 4 7446 7450
6830 4 7446 7451
6831 4 7446 7452
6832 8 7453 7454
6833 7 7453 7455
6834 7 7453 7456
6835 7 7455 7457
6836 7 7456 7458
6837 4 7457 7459
6838 4 7457 7460
6839 4 7457 7461
6840 4 7458 7462
6841 4 7458 7463
6842 4 7458 7464
6843 8 7465 7466
6844 7 7465 7467
6845 7 7465 7468
6846 7 7467 7469
6847 7 7468 7470
6848 4 7469 7471
6849 4 7469 7472
6850 4 7469 7473
6851 4 7470 7474
6852 4 7470 7475
6853 4 7470 7476
6854 8 7477 7478
6855 7 7477 7479
6856 7 7477 7480
6857 7 7479 7481
6858 7 7480 7482
6859 4 7481 7483
6860 4 7481 7484
6861 4 7481 7485
6862 4 7482 7486
6863 4 7482 7487
6864 4 7482 7488
6865 8 7489 7490
6866 7 7489 7491
6867 7 7489 7492
6868 7 7491 7493
6869 7 7492 7494
6870 4 7493 7495
6871 4 7493 7496
6872 4 7493 7497
6873 4 7494 7498
6874 4 7494 7499
6875 4 7494 7500
6876 8 7501 7502
6877 7 7501 7503
6878 7 7501 7504
6879 7 7503 7505
6880 7 7504 7506
6881 4 7505 7507
6882 4 7505 7508
6883 4 7505 7509
6884 4 7506 7510
6885 4 7506 7511
6886 4 7506 7512
6887 8 7513 7514
6888 7 7513 7515
6889 7 7513 7516
6890 7 7515 7517
6891 7 7516 7518
6892 4 7517 7519
6893 4 7517 7520
6894 4 7517 7521
6895 4 7518 7522
6896 4 7518 7523
6897 4 7518 7524
6898 8 7525 7526
6899 7 7525 7527
6900 7 7525 7528
6901 7 7527 7529
6902 7 7528 7530
6903 4 7529 7531
6904 4 7529 7532
6905 4 7529 7533
6906 4 7530 7534
6907 4 7530 7535
6908 4 7530 7536
6909 8 7537 7538
6910 7 7537 7539
6911 7 7537 7540
6912 7 7539 7541
6913 7 7540 7542
6914 4 7541 7543
6915 4 7541 7544
6916 4 7541 7545
6917 4 7542 7546
6918 4 7542 7547
6919 4 7542 7548
6920 8 7549 7550
6921 7 7549 7551
6922 7 7549 7552
6923 7 7551 7553
6924 7 7552 7554
6925 4 7553 7555
6926 4 7553 7556
6927 4 7553 7557
6928 4 7554 7558
6929 4 7554 7559
6930 4 7554 7560
6931 8 7561 7562
6932 7 7561 7563
6933 7 7561 7564
6934 7 7563 7565
6935 7 7564 7566
6936 4 7565 7567
6937 4 7565 7568
6938 4 7565 7569
6939 4 7566 7570
6940 4 7566 7571
6941 4 7566 7572
6942 8 7573 7574
6943 7 7573 7575
6944 7 7573 7576
6945 7 7575 7577
6946 7 7576 7578
6947 4 7577 7579
6948 4 7577 7580
6949 4 7577 7581
6950 4 7578 7582
6951 4 7578 7583
6952 4 7578 7584
6953 8 7585 7586
6954 7 7585 7587
6955 7 7585 7588
6956 7 7587 7589
6957 7 7588 7590
6958 4 7589 7591
6959 4 7589 7592
6960 4 7589 7593
6961 4 7590 7594
6962 4 7590 7595
6963 4 7590 7596
6964 8 7597 7598
6965 7 7597 7599
6966 7 7597 7600
6967 7 7599 7601
6968 7 7600 7602
6969 4 7601 7603
6970 4 7601 7604
6971 4 7601 7605
6972 4 7602 7606
6973 4 7602 7607
6974 4 7602 7608
6975 8 7609 7610
6976 7 7609 7611
6977 7 7609 7612
6978 7 7611 7613
6979 7 7612 7614
6980 4 7613 7615
6981 4 7613 7616
6982 4 7613 7617
6983 4 7614 7618
6984 4 7614 7619
6985 4 7614 7620
6986 8 7621 7622
6987 7 7621 7623
6988 7 7621 7624
6989 7 7623 7625
6990 7 7624 7626
6991 4 7625 7627
6992 4 7625 7628
6993 4 7625 7629
6994 4 7626 7630
6995 4 7626 7631
6996 4 7626 7632
6997 8 7633 7634
6998 7 7633 7635
6999 7 7633 7636
7000 7 7635 7637
7001 7 7636 7638
7002 4 7637 7639
7003 4 7637 7640
7004 4 7637 7641
7005 4 7638 7642
7006 4 7638 7643
7007 4 7638 7644
7008 8 7645 7646
7009 7 7645 7647
7010 7 7645 7648
7011 7 7647 7649
7012 7 7648 7650
7013 4 7649 7651
7014 4 7649 7652
7015 4 7649 7653
7016 4 7650 7654
7017 4 7650 7655
7018 4 7650 7656
7019 8 7657 7658
7020 7 7657 7659
7021 7 7657 7660
7022 7 7659 7661
7023 7 7660 7662
7024 4 7661 7663
7025 4 7661 7664
7026 4 7661 7665
7027 4 7662 7666
7028 4 7662 7667
7029 4 7662 7668
7030 8 7669 7670
7031 7 7669 7671
7032 7 7669 7672
7033 7 7671 7673
7034 7 7672 7674
7035 4 7673 7675
7036 4 7673 7676
7037 4 7673 7677
7038 4 7674 7678
7039 4 7674 7679
7040 4 7674 7680
7041 8 7681 7682
7042 7 7681 7683
7043 7 7681 7684
7044 7 7683 7685
7045 7 7684 7686
7046 4 7685 7687
7047 4 7685 7688
7048 4 7685 7689
7049 4 7686 7690
7050 4 7686 7691
7051 4 7686 7692
7052 8 7693 7694
7053 7 7693 7695
7054 7 7693 7696
7055 7 7695 7697
7056 7 7696 7698
7057 4 7697 7699
7058 4 7697 7700
7059 4 7697 7701
7060 4 7698 7702
7061 4 7698 7703
7062 4 7698 7704
7063 8 7705 7706
7064 7 7705 7707
7065 7 7705 7708
7066 7 7707 7709
7067 7 7708 7710
7068 4 7709 7711
7069 4 7709 7712
7070 4 7709 7713
7071 4 7710 7714
7072 4 7710 7715
7073 4 7710 7716
7074 8 7717 7718
7075 7 7717 7719
7076 7 7717 7720
7077 7 7719 7721
7078 7 7720 7722
7079 4 7721 7723
7080 4 7721 7724
7081 4 7721 7725
7082 4 7722 7726
7083 4 7722 7727
7084 4 7722 7728
7085 8 7729 7730
7086 7 7729 7731
7087 7 7729 7732
7088 7 7731 7733
7089 7 7732 7734
7090 4 7733 7735
7091 4 7733 7736
7092 4 7733 7737
7093 4 7734 7738
7094 4 7734 7739
7095 4 7734 7740
7096 8 7741 7742
7097 7 7741 7743
7098 7 7741 7744
7099 7 7743 7745
7100 7 7744 7746
7101 4 7745 7747
7102 4 7745 7748
7103 4 7745 7749
7104 4 7746 7750
7105 4 7746 7751
7106 4 7746 7752
7107 8 7753 7754
7108 7 7753 7755
7109 7 7753 7756
7110 7 7755 7757
7111 7 7756 7758
7112 4 7757 7759
7113 4 7757 7760
7114 4 7757 7761
7115 4 7758 7762
7116 4 7758 7763
7117 4 7758 7764
7118 8 7765 7766
7119 7 7765 7767
7120 7 7765 7768
7121 7 7767 7769
7122 7 7768 7770
7123 4 7769 7771
7124 4 7769 7772
7125 4 7769 7773
7126 4 7770 7774
7127 4 7770 7775
7128 4 7770 7776
7129 8 7777 7778
7130 7 7777 7779
7131 7 7777 7780
7132 7 7779 7781
7133 7 7780 7782
7134 4 7781 7783
7135 4 7781 7784
7136 4 7781 7785
7137 4 7782 7786
7138 4 7782 7787
7139 4 7782 7788
7140 8 7789 7790
7141 7 7789 7791
7142 7 7789 7792
7143 7 7791 7793
7144 7 7792 7794
7145 4 7793 7795
7146 4 7793 7796
7147 4 7793 7797
7148 4 7794 7798
7149 4 7794 7799
7150 4 7794 7800
7151 8 7801 7802
7152 7 7801 7803
7153 7 7801 7804
7154 7 7803 7805
7155 7 7804 7806
7156 4 7805 7807
7157 4 7805 7808
7158 4 7805 7809
7159 4 7806 7810
7160 4 7806 7811
7161 4 7806 7812
7162 8 7813 7814
7163 7 7813 7815
7164 7 7813 7816
7165 7 7815 7817
7166 7 7816 7818
7167 4 7817 7819
7168 4 7817 7820
7169 4 7817 7821
7170 4 7818 7822
7171 4 7818 7823
7172 4 7818 7824
7173 8 7825 7826
7174 7 7825 7827
7175 7 7825 7828
7176 7 7827 7829
7177 7 7828 7830
7178 4 7829 7831
7179 4 7829 7832
7180 4 7829 7833
7181 4 7830 7834
7182 4 7830 7835
7183 4 7830 7836
7184 8 7837 7838
7185 7 7837 7839
7186 7 7837 7840
7187 7 7839 7841
7188 7 7840 7842
7189 4 7841 7843
7190 4 7841 7844
7191 4 7841 7845
7192 4 7842 7846
7193 4 7842 7847
7194 4 7842 7848
7195 8 7849 7850
7196 7 7849 7851
7197 7 7849 7852
7198 7 7851 7853
7199 7 7852 7854
7200 4 7853 7855
7201 4 7853 7856
7202 4 7853 7857
7203 4 7854 7858
7204 4 7854 7859
7205 4 7854 7860
7206 8 7861 7862
7207 7 7861 7863
7208 7 7861 7864
7209 7 7863 7865
7210 7 7864 7866
7211 4 7865 7867
7212 4 7865 7868
7213 4 7865 7869
7214 4 7866 7870
7215 4 7866 7871
7216 4 7866 7872
7217 8 7873 7874
7218 7 7873 7875
7219 7 7873 7876
7220 7 7875 7877
7221 7 7876 7878
7222 4 7877 7879
7223 4 7877 7880
7224 4 7877 7881
7225 4 7878 7882
7226 4 7878 7883
7227 4 7878 7884
7228 8 7885 7886
7229 7 7885 7887
7230 7 7885 7888
7231 7 7887 7889
7232 7 7888 7890
7233 4 7889 7891
7234 4 7889 7892
7235 4 7889 7893
7236 4 7890 7894
7237 4 7890 7895
7238 4 7890 7896
7239 8 7897 7898
7240 7 7897 7899
7241 7 7897 7900
7242 7 7899 7901
7243 7 7900 7902
7244 4 7901 7903
7245 4 7901 7904
7246 4 7901 7905
7247 4 7902 7906
7248 4 7902 7907
7249 4 7902 7908
7250 8 7909 7910
7251 7 7909 7911
7252 7 7909 7912
7253 7 7911 7913
7254 7 7912 7914
7255 4 7913 7915
7256 4 7913 7916
7257 4 7913 7917
7258 4 7914 7918
7259 4 7914 7919
7260 4 7914 7920
7261 8 7921 7922
7262 7 7921 7923
7263 7 7921 7924
7264 7 7923 7925
7265 7 7924 7926
7266 4 7925 7927
7267 4 7925 7928
7268 4 7925 7929
7269 4 7926 7930
7270 4 7926 7931
7271 4 7926 7932
7272 8 7933 7934
7273 7 7933 7935
7274 7 7933 7936
7275 7 7935 7937
7276 7 7936 7938
7277 4 7937 7939
7278 4 7937 7940
7279 4 7937 7941
7280 4 7938 7942
7281 4 7938 7943
7282 4 7938 7944
7283 8 7945 7946
7284 7 7945 7947
7285 7 7945 7948
7286 7 7947 7949
7287 7 7948 7950
7288 4 7949 7951
7289 4 7949 7952
7290 4 7949 7953
7291 4 7950 7954
7292 4 7950 7955
7293 4 7950 7956
7294 8 7957 7958
7295 7 7957 7959
7296 7 7957 7960
7297 7 7959 7961
7298 7 7960 7962
7299 4 7961 7963
7300 4 7961 7964
7301 4 7961 7965
7302 4 7962 7966
7303 4 7962 7967
7304 4 7962 7968
7305 8 7969 7970
7306 7 7969 7971
7307 7 7969 7972
7308 7 7971 7973
7309 7 7972 7974
7310 4 7973 7975
7311 4 7973 7976
7312 4 7973 7977
7313 4 7974 7978
7314 4 7974 7979
7315 4 7974 7980
7316 8 7981 7982
7317 7 7981 7983
7318 7 7981 7984
7319 7 7983 7985
7320 7 7984 7986
7321 4 7985 7987
7322 4 7985 7988
7323 4 7985 7989
7324 4 7986 7990
7325 4 7986 7991
7326 4 7986 7992
7327 8 7993 7994
7328 7 7993 7995
7329 7 7993 7996
7330 7 7995 7997
7331 7 7996 7998
7332 4 7997 7999
7333 4 7997 8000
7334 4 7997 8001
7335 4 7998 8002
7336 4 7998 8003
7337 4 7998 8004
7338 8 8005 8006
7339 7 8005 8007
7340 7 8005 8008
7341 7 8007 8009
7342 7 8008 8010
7343 4 8009 8011
7344 4 8009 8012
7345 4 8009 8013
7346 4 8010 8014
7347 4 8010 8015
7348 4 8010 8016
7349 8 8017 8018
7350 7 8017 8019
7351 7 8017 8020
7352 7 8019 8021
7353 7 8020 8022
7354 4 8021 8023
7355 4 8021 8024
7356 4 8021 8025
7357 4 8022 8026
7358 4 8022 8027
7359 4 8022 8028
7360 8 8029 8030
7361 7 8029 8031
7362 7 8029 8032
7363 7 8031 8033
7364 7 8032 8034
7365 4 8033 8035
7366 4 8033 8036
7367 4 8033 8037
7368 4 8034 8038
7369 4 8034 8039
7370 4 8034 8040
7371 8 8041 8042
7372 7 8041 8043
7373 7 8041 8044
7374 7 8043 8045
7375 7 8044 8046
7376 4 8045 8047
7377 4 8045 8048
7378 4 8045 8049
7379 4 8046 8050
7380 4 8046 8051
7381 4 8046 8052
7382 8 8053 8054
7383 7 8053 8055
7384 7 8053 8056
7385 7 8055 8057
7386 7 8056 8058
7387 4 8057 8059
7388 4 8057 8060
7389 4 8057 8061
7390 4 8058 8062
7391 4 8058 8063
7392 4 8058 8064
7393 8 8065 8066
7394 7 8065 8067
7395 7 8065 8068
7396 7 8067 8069
7397 7 8068 8070
7398 4 8069 8071
7399 4 8069 8072
7400 4 8069 8073
7401 4 8070 8074
7402 4 8070 8075
7403 4 8070 8076
7404 8 8077 8078
7405 7 8077 8079
7406 7 8077 8080
7407 7 8079 8081
7408 7 8080 8082
7409 4 8081 8083
7410 4 8081 8084
7411 4 8081 8085
7412 4 8082 8086
7413 4 8082 8087
7414 4 8082 8088
7415 8 8089 8090
7416 7 8089 8091
7417 7 8089 8092
7418 7 8091 8093
7419 7 8092 8094
7420 4 8093 8095
7421 4 8093 8096
7422 4 8093 8097
7423 4 8094 8098
7424 4 8094 8099
7425 4 8094 8100
7426 8 8101 8102
7427 7 8101 8103
7428 7 8101 8104
7429 7 8103 8105
7430 7 8104 8106
7431 4 8105 8107
7432 4 8105 8108
7433 4 8105 8109
7434 4 8106 8110
7435 4 8106 8111
7436 4 8106 8112
7437 8 8113 8114
7438 7 8113 8115
7439 7 8113 8116
7440 7 8115 8117
7441 7 8116 8118
7442 4 8117 8119
7443 4 8117 8120
7444 4 8117 8121
7445 4 8118 8122
7446 4 8118 8123
7447 4 8118 8124
7448 8 8125 8126
7449 7 8125 8127
7450 7 8125 8128
7451 7 8127 8129
7452 7 8128 8130
7453 4 8129 8131
7454 4 8129 8132
7455 4 8129 8133
7456 4 8130 8134
7457 4 8130 8135
7458 4 8130 8136
7459 8 8137 8138
7460 7 8137 8139
7461 7 8137 8140
7462 7 8139 8141
7463 7 8140 8142
7464 4 8141 8143
7465 4 8141 8144
7466 4 8141 8145
7467 4 8142 8146
7468 4 8142 8147
7469 4 8142 8148
7470 8 8149 8150
7471 7 8149 8151
7472 7 8149 8152
7473 7 8151 8153
7474 7 8152 8154
7475 4 8153 8155
7476 4 8153 8156
7477 4 8153 8157
7478 4 8154 8158
7479 4 8154 8159
7480 4 8154 8160
7481 8 8161 8162
7482 7 8161 8163
7483 7 8161 8164
7484 7 8163 8165
7485 7 8164 8166
7486 4 8165 8167
7487 4 8165 8168
7488 4 8165 8169
7489 4 8166 8170
7490 4 8166 8171
7491 4 8166 8172
7492 8 8173 8174
7493 7 8173 8175
7494 7 8173 8176
7495 7 8175 8177
7496 7 8176 8178
7497 4 8177 8179
7498 4 8177 8180
7499 4 8177 8181
7500 4 8178 8182
7501 4 8178 8183
7502 4 8178 8184
7503 8 8185 8186
7504 7 8185 8187
7505 7 8185 8188
7506 7 8187 8189
7507 7 8188 8190
7508 4 8189 8191
7509 4 8189 8192
7510 4 8189 8193
7511 4 8190 8194
7512 4 8190 8195
7513 4 8190 8196
7514 8 8197 8198
7515 7 8197 8199
7516 7 8197 8200
7517 7 8199 8201
7518 7 8200 8202
7519 4 8201 8203
7520 4 8201 8204
7521 4 8201 8205
7522 4 8202 8206
7523 4 8202 8207
7524 4 8202 8208
7525 8 8209 8210
7526 7 8209 8211
7527 7 8209 8212
7528 7 8211 8213
7529 7 8212 8214
7530 4 8213 8215
7531 4 8213 8216
7532 4 8213 8217
7533 4 8214 8218
7534 4 8214 8219
7535 4 8214 8220
7536 8 8221 8222
7537 7 8221 8223
7538 7 8221 8224
7539 7 8223 8225
7540 7 8224 8226
7541 4 8225 8227
7542 4 8225 8228
7543 4 8225 8229
7544 4 8226 8230
7545 4 8226 8231
7546 4 8226 8232
7547 8 8233 8234
7548 7 8233 8235
7549 7 8233 8236
7550 7 8235 8237
7551 7 8236 8238
7552 4 8237 8239
7553 4 8237 8240
7554 4 8237 8241
7555 4 8238 8242
7556 4 8238 8243
7557 4 8238 8244
7558 8 8245 8246
7559 7 8245 8247
7560 7 8245 8248
7561 7 8247 8249
7562 7 8248 8250
7563 4 8249 8251
7564 4 8249 8252
7565 4 8249 8253
7566 4 8250 8254
7567 4 8250 8255
7568 4 8250 8256
7569 8 8257 8258
7570 7 8257 8259
7571 7 8257 8260
7572 7 8259 8261
7573 7 8260 8262
7574 4 8261 8263
7575 4 8261 8264
7576 4 8261 8265
7577 4 8262 8266
7578 4 8262 8267
7579 4 8262 8268
7580 8 8269 8270
7581 7 8269 8271
7582 7 8269 8272
7583 7 8271 8273
7584 7 8272 8274
7585 4 8273 8275
7586 4 8273 8276
7587 4 8273 8277
7588 4 8274 8278
7589 4 8274 8279
7590 4 8274 8280
7591 8 8281 8282
7592 7 8281 8283
7593 7 8281 8284
7594 7 8283 8285
7595 7 8284 8286
7596 4 8285 8287
7597 4 8285 8288
7598 4 8285 8289
7599 4 8286 8290
7600 4 8286 8291
7601 4 8286 8292
7602 8 8293 8294
7603 7 8293 8295
7604 7 8293 8296
7605 7 8295 8297
7606 7 8296 8298
7607 4 8297 8299
7608 4 8297 8300
7609 4 8297 8301
7610 4 8298 8302
7611 4 8298 8303
7612 4 8298 8304
7613 8 8305 8306
7614 7 8305 8307
7615 7 8305 8308
7616 7 8307 8309
7617 7 8308 8310
7618 4 8309 8311
7619 4 8309 8312
7620 4 8309 8313
7621 4 8310 8314
7622 4 8310 8315
7623 4 8310 8316
7624 8 8317 8318
7625 7 8317 8319
7626 7 8317 8320
7627 7 8319 8321
7628 7 8320 8322
7629 4 8321 8323
7630 4 8321 8324
7631 4 8321 8325
7632 4 8322 8326
7633 4 8322 8327
7634 4 8322 8328
7635 8 8329 8330
7636 7 8329 8331
7637 7 8329 8332
7638 7 8331 8333
7639 7 8332 8334
7640 4 8333 8335
7641 4 8333 8336
7642 4 8333 8337
7643 4 8334 8338
7644 4 8334 8339
7645 4 8334 8340
7646 8 8341 8342
7647 7 8341 8343
7648 7 8341 8344
7649 7 8343 8345
7650 7 8344 8346
7651 4 8345 8347
7652 4 8345 8348
7653 4 8345 8349
7654 4 8346 8350
7655 4 8346 8351
7656 4 8346 8352
7657 8 8353 8354
7658 7 8353 8355
7659 7 8353 8356
7660 7 8355 8357
7661 7 8356 8358
7662 4 8357 8359
7663 4 8357 8360
7664 4 8357 8361
7665 4 8358 8362
7666 4 8358 8363
7667 4 8358 8364
7668 8 8365 8366
7669 7 8365 8367
7670 7 8365 8368
7671 7 8367 8369
7672 7 8368 8370
7673 4 8369 8371
7674 4 8369 8372
7675 4 8369 8373
7676 4 8370 8374
7677 4 8370 8375
7678 4 8370 8376
7679 8 8377 8378
7680 7 8377 8379
7681 7 8377 8380
7682 7 8379 8381
7683 7 8380 8382
7684 4 8381 8383
7685 4 8381 8384
7686 4 8381 8385
7687 4 8382 8386
7688 4 8382 8387
7689 4 8382 8388
7690 8 8389 8390
7691 7 8389 8391
7692 7 8389 8392
7693 7 8391 8393
7694 7 8392 8394
7695 4 8393 8395
7696 4 8393 8396
7697 4 8393 8397
7698 4 8394 8398
7699 4 8394 8399
7700 4 8394 8400
7701 8 8401 8402
7702 7 8401 8403
7703 7 8401 8404
7704 7 8403 8405
7705 7 8404 8406
7706 4 8405 8407
7707 4 8405 8408
7708 4 8405 8409
7709 4 8406 8410
7710 4 8406 8411
7711 4 8406 8412
7712 8 8413 8414
7713 7 8413 8415
7714 7 8413 8416
7715 7 8415 8417
7716 7 8416 8418
7717 4 8417 8419
7718 4 8417 8420
7719 4 8417 8421
7720 4 8418 8422
7721 4 8418 8423
7722 4 8418 8424
7723 8 8425 8426
7724 7 8425 8427
7725 7 8425 8428
7726 7 8427 8429
7727 7 8428 8430
7728 4 8429 8431
7729 4 8429 8432
7730 4 8429 8433
7731 4 8430 8434
7732 4 8430 8435
7733 4 8430 8436
7734 8 8437 8438
7735 7 8437 8439
7736 7 8437 8440
7737 7 8439 8441
7738 7 8440 8442
7739 4 8441 8443
7740 4 8441 8444
7741 4 8441 8445
7742 4 8442 8446
7743 4 8442 8447
7744 4 8442 8448
7745 8 8449 8450
7746 7 8449 8451
7747 7 8449 8452
7748 7 8451 8453
7749 7 8452 8454
7750 4 8453 8455
7751 4 8453 8456
7752 4 8453 8457
7753 4 8454 8458
7754 4 8454 8459
7755 4 8454 8460
7756 8 8461 8462
7757 7 8461 8463
7758 7 8461 8464
7759 7 8463 8465
7760 7 8464 8466
7761 4 8465 8467
7762 4 8465 8468
7763 4 8465 8469
7764 4 8466 8470
7765 4 8466 8471
7766 4 8466 8472
7767 8 8473 8474
7768 7 8473 8475
7769 7 8473 8476
7770 7 8475 8477
7771 7 8476 8478
7772 4 8477 8479
7773 4 8477 8480
7774 4 8477 8481
7775 4 8478 8482
7776 4 8478 8483
7777 4 8478 8484
7778 8 8485 8486
7779 7 8485 8487
7780 7 8485 8488
7781 7 8487 8490
7782 7 8488 8489
7783 1 8489 8490
7784 4 8490 8491
7785 4 8490 8492
7786 4 8489 8493
7787 4 8489 8494
7788 8 8495 8496
7789 7 8495 8497
7790 7 8495 8498
7791 7 8497 8500
7792 7 8498 8499
7793 1 8499 8500
7794 4 8500 8501
7795 4 8500 8502
7796 4 8499 8503
7797 4 8499 8504
7798 8 8505 8506
7799 7 8505 8507
7800 7 8505 8508
7801 7 8507 8510
7802 7 8508 8509
7803 1 8509 8510
7804 4 8510 8511
7805 4 8510 8512
7806 4 8509 8513
7807 4 8509 8514
7808 8 8515 8516
7809 7 8515 8517
7810 7 8515 8518
7811 7 8517 8520
7812 7 8518 8519
7813 1 8519 8520
7814 4 8520 8521
7815 4 8520 8522
7816 4 8519 8523
7817 4 8519 8524
7818 8 8525 8526
7819 7 8525 8527
7820 7 8525 8528
7821 7 8527 8530
7822 7 8528 8529
7823 1 8529 8530
7824 4 8530 8531
7825 4 8530 8532
7826 4 8529 8533
7827 4 8529 8534
7828 8 8535 8536
7829 7 8535 8537
7830 7 8535 8538
7831 7 8537 8540
7832 7 8538 8539
7833 1 8539 8540
7834 4 8540 8541
7835 4 8540 8542
7836 4 8539 8543
7837 4 8539 8544
7838 8 8545 8546
7839 7 8545 8547
7840 7 8545 8548
7841 7 8547 8550
7842 7 8548 8549
7843 1 8549 8550
7844 4 8550 8551
7845 4 8550 8552
7846 4 8549 8553
7847 4 8549 8554
7848 8 8555 8556
7849 7 8555 8557
7850 7 8555 8558
7851 7 8557 8560
7852 7 8558 8559
7853 1 8559 8560
7854 4 8560 8561
7855 4 8560 8562
7856 4 8559 8563
7857 4 8559 8564
7858 8 8565 8566
7859 7 8565 8567
7860 7 8565 8568
7861 7 8567 8570
7862 7 8568 8569
7863 1 8569 8570
7864 4 8570 8571
7865 4 8570 8572
7866 4 8569 8573
7867 4 8569 8574
7868 8 8575 8576
7869 7 8575 8577
7870 7 8575 8578
7871 7 8577 8580
7872 7 8578 8579
7873 1 8579 8580
7874 4 8580 8581
7875 4 8580 8582
7876 4 8579 8583
7877 4 8579 8584
7878 8 8585 8586
7879 7 8585 8587
7880 7 8585 8588
7881 7 8587 8590
7882 7 8588 8589
7883 1 8589 8590
7884 4 8590 8591
7885 4 8590 8592
7886 4 8589 8593
7887 4 8589 8594
7888 8 8595 8596
7889 7 8595 8597
7890 7 8595 8598
7891 7 8597 8600
7892 7 8598 8599
7893 1 8599 8600
7894 4 8600 8601
7895 4 8600 8602
7896 4 8599 8603
7897 4 8599 8604
7898 8 8605 8606
7899 7 8605 8607
7900 7 8605 8608
7901 7 8607 8610
7902 7 8608 8609
7903 1 8609 8610
7904 4 8610 8611
7905 4 8610 8612
7906 4 8609 8613
7907 4 8609 8614
7908 8 8615 8616
7909 7 8615 8617
7910 7 8615 8618
7911 7 8617 8620
7912 7 8618 8619
7913 1 8619 8620
7914 4 8620 8621
7915 4 8620 8622
7916 4 8619 8623
7917 4 8619 8624
7918 8 8625 8626
7919 7 8625 8627
7920 7 8625 8628
7921 7 8627 8630
7922 7 8628 8629
7923 1 8629 8630
7924 4 8630 8631
7925 4 8630 8632
7926 4 8629 8633
7927 4 8629 8634
7928 8 8635 8636
7929 7 8635 8637
7930 7 8635 8638
7931 7 8637 8640
7932 7 8638 8639
7933 1 8639 8640
7934 4 8640 8641
7935 4 8640 8642
7936 4 8639 8643
7937 4 8639 8644
7938 8 8645 8646
7939 7 8645 8647
7940 7 8645 8648
7941 7 8647 8650
7942 7 8648 8649
7943 1 8649 8650
7944 4 8650 8651
7945 4 8650 8652
7946 4 8649 8653
7947 4 8649 8654
7948 8 8655 8656
7949 7 8655 8657
7950 7 8655 8658
7951 7 8657 8660
7952 7 8658 8659
7953 1 8659 8660
7954 4 8660 8661
7955 4 8660 8662
7956 4 8659 8663
7957 4 8659 8664
7958 8 8665 8666
7959 7 8665 8667
7960 7 8665 8668
7961 7 8667 8670
7962 7 8668 8669
7963 1 8669 8670
7964 4 8670 8671
7965 4 8670 8672
7966 4 8669 8673
7967 4 8669 8674
7968 8 8675 8676
7969 7 8675 8677
7970 7 8675 8678
7971 7 8677 8680
7972 7 8678 8679
7973 1 8679 8680
7974 4 8680 8681
7975 4 8680 8682
7976 4 8679 8683
7977 4 8679 8684
7978 8 8685 8686
7979 7 8685 8687
7980 7 8685 8688
7981 7 8687 8690
7982 7 8688 8689
7983 1 8689 8690
7984 4 8690 8691
7985 4 8690 8692
7986 4 8689 8693
7987 4 8689 8694
7988 8 8695 8696
7989 7 8695 8697
7990 7 8695 8698
7991 7 8697 8700
7992 7 8698 8699
7993 1 8699 8700
7994 4 8700 8701
7995 4 8700 8702
7996 4 8699 8703
7997 4 8699 8704
7998 8 8705 8706
7999 7 8705 8707
8000 7 8705 8708
8001 7 8707 8710
8002 7 8708 8709
8003 1 8709 8710
8004 4 8710 8711
8005 4 8710 8712
8006 4 8709 8713
8007 4 8709 8714
8008 8 8715 8716
8009 7 8715 8717
8010 7 8715 8718
8011 7 8717 8720
8012 7 8718 8719
8013 1 8719 8720
8014 4 8720 8721
8015 4 8720 8722
8016 4 8719 8723
8017 4 8719 8724
8018 8 8725 8726
8019 7 8725 8727
8020 7 8725 8728
8021 7 8727 8730
8022 7 8728 8729
8023 1 8729 8730
8024 4 8730 8731
8025 4 8730 8732
8026 4 8729 8733
8027 4 8729 8734
8028 8 8735 8736
8029 7 8735 8737
8030 7 8735 8738
8031 7 8737 8740
8032 7 8738 8739
8033 1 8739 8740
8034 4 8740 8741
8035 4 8740 8742
8036 4 8739 8743
8037 4 8739 8744
8038 8 8745 8746
8039 7 8745 8747
8040 7 8745 8748
8041 7 8747 8750
8042 7 8748 8749
8043 1 8749 8750
8044 4 8750 8751
8045 4 8750 8752
8046 4 8749 8753
8047 4 8749 8754
8048 8 8755 8756
8049 7 8755 8757
8050 7 8755 8758
8051 7 8757 8760
8052 7 8758 8759
8053 1 8759 8760
8054 4 8760 8761
8055 4 8760 8762
8056 4 8759 8763
8057 4 8759 8764
8058 8 8765 8766
8059 7 8765 8767
8060 7 8765 8768
8061 7 8767 8770
8062 7 8768 8769
8063 1 8769 8770
8064 4 8770 8771
8065 4 8770 8772
8066 4 8769 8773
8067 4 8769 8774
8068 8 8775 8776
8069 7 8775 8777
8070 7 8775 8778
8071 7 8777 8780
8072 7 8778 8779
8073 1 8779 8780
8074 4 8780 8781
8075 4 8780 8782
8076 4 8779 8783
8077 4 8779 8784
8078 8 8785 8786
8079 7 8785 8787
8080 7 8785 8788
8081 7 8787 8790
8082 7 8788 8789
8083 1 8789 8790
8084 4 8790 8791
8085 4 8790 8792
8086 4 8789 8793
8087 4 8789 8794
8088 8 8795 8796
8089 7 8795 8797
8090 7 8795 8798
8091 7 8797 8800
8092 7 8798 8799
8093 1 8799 8800
8094 4 8800 8801
8095 4 8800 8802
8096 4 8799 8803
8097 4 8799 8804
8098 8 8805 8806
8099 7 8805 8807
8100 7 8805 8808
8101 7 8807 8810
8102 7 8808 8809
8103 1 8809 8810
8104 4 8810 8811
8105 4 8810 8812
8106 4 8809 8813
8107 4 8809 8814
8108 8 8815 8816
8109 7 8815 8817
8110 7 8815 8818
8111 7 8817 8820
8112 7 8818 8819
8113 1 8819 8820
8114 4 8820 8821
8115 4 8820 8822
8116 4 8819 8823
8117 4 8819 8824
8118 8 8825 8826
8119 7 8825 8827
8120 7 8825 8828
8121 7 8827 8830
8122 7 8828 8829
8123 1 8829 8830
8124 4 8830 8831
8125 4 8830 8832
8126 4 8829 8833
8127 4 8829 8834
8128 8 8835 8836
8129 7 8835 8837
8130 7 8835 8838
8131 7 8837 8840
8132 7 8838 8839
8133 1 8839 8840
8134 4 8840 8841
8135 4 8840 8842
8136 4 8839 8843
8137 4 8839 8844
8138 8 8845 8846
8139 7 8845 8847
8140 7 8845 8848
8141 7 8847 8850
8142 7 8848 8849
8143 1 8849 8850
8144 4 8850 8851
8145 4 8850 8852
8146 4 8849 8853
8147 4 8849 8854
8148 8 8855 8856
8149 7 8855 8857
8150 7 8855 8858
8151 7 8857 8860
8152 7 8858 8859
8153 1 8859 8860
8154 4 8860 8861
8155 4 8860 8862
8156 4 8859 8863
8157 4 8859 8864
8158 8 8865 8866
8159 7 8865 8867
8160 7 8865 8868
8161 7 8867 8870
8162 7 8868 8869
8163 1 8869 8870
8164 4 8870 8871
8165 4 8870 8872
8166 4 8869 8873
8167 4 8869 8874
8168 8 8875 8876
8169 7 8875 8877
8170 7 8875 8878
8171 7 8877 8880
8172 7 8878 8879
8173 1 8879 8880
8174 4 8880 8881
8175 4 8880 8882
8176 4 8879 8883
8177 4 8879 8884
8178 8 8885 8886
8179 7 8885 8887
8180 7 8885 8888
8181 7 8887 8890
8182 7 8888 8889
8183 1 8889 8890
8184 4 8890 8891
8185 4 8890 8892
8186 4 8889 8893
8187 4 8889 8894
8188 8 8895 8896
8189 7 8895 8897
8190 7 8895 8898
8191 7 8897 8900
8192 7 8898 8899
8193 1 8899 8900
8194 4 8900 8901
8195 4 8900 8902
8196 4 8899 8903
8197 4 8899 8904
8198 8 8905 8906
8199 7 8905 8907
8200 7 8905 8908
8201 7 8907 8910
8202 7 8908 8909
8203 1 8909 8910
8204 4 8910 8911
8205 4 8910 8912
8206 4 8909 8913
8207 4 8909 8914
8208 8 8915 8916
8209 7 8915 8917
8210 7 8915 8918
8211 7 8917 8920
8212 7 8918 8919
8213 1 8919 8920
8214 4 8920 8921
8215 4 8920 8922
8216 4 8919 8923
8217 4 8919 8924
8218 8 8925 8926
8219 7 8925 8927
8220 7 8925 8928
8221 7 8927 8930
8222 7 8928 8929
8223 1 8929 8930
8224 4 8930 8931
8225 4 8930 8932
8226 4 8929 8933
8227 4 8929 8934
8228 8 8935 8936
8229 7 8935 8937
8230 7 8935 8938
8231 7 8937 8940
8232 7 8938 8939
8233 1 8939 8940
8234 4 8940 8941
8235 4 8940 8942
8236 4 8939 8943
8237 4 8939 8944
8238 8 8945 8946
8239 7 8945 8947
8240 7 8945 8948
8241 7 8947 8950
8242 7 8948 8949
8243 1 8949 8950
8244 4 8950 8951
8245 4 8950 8952
8246 4 8949 8953
8247 4 8949 8954
8248 8 8955 8956
8249 7 8955 8957
8250 7 8955 8958
8251 7 8957 8960
8252 7 8958 8959
8253 1 8959 8960
8254 4 8960 8961
8255 4 8960 8962
8256 4 8959 8963
8257 4 8959 8964
8258 8 8965 8966
8259 7 8965 8967
8260 7 8965 8968
8261 7 8967 8970
8262 7 8968 8969
8263 1 8969 8970
8264 4 8970 8971
8265 4 8970 8972
8266 4 8969 8973
8267 4 8969 8974
8268 8 8975 8976
8269 7 8975 8977
8270 7 8975 8978
8271 7 8977 8980
8272 7 8978 8979
8273 1 8979 8980
8274 4 8980 8981
8275 4 8980 8982
8276 4 8979 8983
8277 4 8979 8984
8278 8 8985 8986
8279 7 8985 8987
8280 7 8985 8988
8281 7 8987 8990
8282 7 8988 8989
8283 1 8989 8990
8284 4 8990 8991
8285 4 8990 8992
8286 4 8989 8993
8287 4 8989 8994
8288 8 8995 8996
8289 7 8995 8997
8290 7 8995 8998
8291 7 8997 9000
8292 7 8998 8999
8293 1 8999 9000
8294 4 9000 9001
8295 4 9000 9002
8296 4 8999 9003
8297 4 8999 9004
8298 8 9005 9006
8299 7 9005 9007
8300 7 9005 9008
8301 7 9007 9010
8302 7 9008 9009
8303 1 9009 9010
8304 4 9010 9011
8305 4 9010 9012
8306 4 9009 9013
8307 4 9009 9014
8308 8 9015 9016
8309 7 9015 9017
8310 7 9015 9018
8311 7 9017 9020
8312 7 9018 9019
8313 1 9019 9020
8314 4 9020 9021
8315 4 9020 9022
8316 4 9019 9023
8317 4 9019 9024
8318 8 9025 9026
8319 7 9025 9027
8320 7 9025 9028
8321 7 9027 9030
8322 7 9028 9029
8323 1 9029 9030
8324 4 9030 9031
8325 4 9030 9032
8326 4 9029 9033
8327 4 9029 9034
8328 8 9035 9036
8329 7 9035 9037
8330 7 9035 9038
8331 7 9037 9040
8332 7 9038 9039
8333 1 9039 9040
8334 4 9040 9041
8335 4 9040 9042
8336 4 9039 9043
8337 4 9039 9044
8338 8 9045 9046
8339 7 9045 9047
8340 7 9045 9048
8341 7 9047 9050
8342 7 9048 9049
8343 1 9049 9050
8344 4 9050 9051
8345 4 9050 9052
8346 4 9049 9053
8347 4 9049 9054
8348 8 9055 9056
8349 7 9055 9057
8350 7 9055 9058
8351 7 9057 9060
8352 7 9058 9059
8353 1 9059 9060
8354 4 9060 9061
8355 4 9060 9062
8356 4 9059 9063
8357 4 9059 9064
8358 8 9065 9066
8359 7 9065 9067
8360 7 9065 9068
8361 7 9067 9070
8362 7 9068 9069
8363 1 9069 9070
8364 4 9070 9071
8365 4 9070 9072
8366 4 9069 9073
8367 4 9069 9074
8368 8 9075 9076
8369 7 9075 9077
8370 7 9075 9078
8371 7 9077 9080
8372 7 9078 9079
8373 1 9079 9080
8374 4 9080 9081
8375 4 9080 9082
8376 4 9079 9083
8377 4 9079 9084
8378 8 9085 9086
8379 7 9085 9087
8380 7 9085 9088
8381 7 9087 9090
8382 7 9088 9089
8383 1 9089 9090
8384 4 9090 9091
8385 4 9090 9092
8386 4 9089 9093
8387 4 9089 9094
8388 8 9095 9096
8389 7 9095 9097
8390 7 9095 9098
8391 7 9097 9100
8392 7 9098 9099
8393 1 9099 9100
8394 4 9100 9101
8395 4 9100 9102
8396 4 9099 9103
8397 4 9099 9104
8398 8 9105 9106
8399 7 9105 9107
8400 7 9105 9108
8401 7 9107 9110
8402 7 9108 9109
8403 1 9109 9110
8404 4 9110 9111
8405 4 9110 9112
8406 4 9109 9113
8407 4 9109 9114
8408 8 9115 9116
8409 7 9115 9117
8410 7 9115 9118
8411 7 9117 9120
8412 7 9118 9119
8413 1 9119 9120
8414 4 9120 9121
8415 4 9120 9122
8416 4 9119 9123
8417 4 9119 9124
8418 8 9125 9126
8419 7 9125 9127
8420 7 9125 9128
8421 7 9127 9130
8422 7 9128 9129
8423 1 9129 9130
8424 4 9130 9131
8425 4 9130 9132
8426 4 9129 9133
8427 4 9129 9134
8428 8 9135 9136
8429 7 9135 9137
8430 7 9135 9138
8431 7 9137 9140
8432 7 9138 9139
8433 1 9139 9140
8434 4 9140 9141
8435 4 9140 9142
8436 4 9139 9143
8437 4 9139 9144
8438 8 9145 9146
8439 7 9145 9147
8440 7 9145 9148
8441 7 9147 9150
8442 7 9148 9149
8443 1 9149 9150
8444 4 9150 9151
8445 4 9150 9152
8446 4 9149 9153
8447 4 9149 9154
8448 8 9155 9156
8449 7 9155 9157
8450 7 9155 9158
8451 7 9157 9160
8452 7 9158 9159
8453 1 9159 9160
8454 4 9160 9161
8455 4 9160 9162
8456 4 9159 9163
8457 4 9159 9164
8458 8 9165 9166
8459 7 9165 9167
8460 7 9165 9168
8461 7 9167 9170
8462 7 9168 9169
8463 1 9169 9170
8464 4 9170 9171
8465 4 9170 9172
8466 4 9169 9173
8467 4 9169 9174
8468 8 9175 9176
8469 7 9175 9177
8470 7 9175 9178
8471 7 9177 9180
8472 7 9178 9179
8473 1 9179 9180
8474 4 9180 9181
8475 4 9180 9182
8476 4 9179 9183
8477 4 9179 9184
8478 8 9185 9186
8479 7 9185 9187
8480 7 9185 9188
8481 7 9187 9190
8482 7 9188 9189
8483 1 9189 9190
8484 4 9190 9191
8485 4 9190 9192
8486 4 9189 9193
8487 4 9189 9194
8488 8 9195 9196
8489 7 9195 9197
8490 7 9195 9198
8491 7 9197 9200
8492 7 9198 9199
8493 1 9199 9200
8494 4 9200 9201
8495 4 9200 9202
8496 4 9199 9203
8497 4 9199 9204
8498 8 9205 9206
8499 7 9205 9207
8500 7 9205 9208
8501 7 9207 9210
8502 7 9208 9209
8503 1 9209 9210
8504 4 9210 9211
8505 4 9210 9212
8506 4 9209 9213
8507 4 9209 9214
8508 8 9215 9216
8509 7 9215 9217
8510 7 9215 9218
8511 7 9217 9220
8512 7 9218 9219
8513 1 9219 9220
8514 4 9220 9221
8515 4 9220 9222
8516 4 9219 9223
8517 4 9219 9224
8518 8 9225 9226
8519 7 9225 9227
8520 7 9225 9228
8521 7 9227 9230
8522 7 9228 9229
8523 1 9229 9230
8524 4 9230 9231
8525 4 9230 9232
8526 4 9229 9233
8527 4 9229 9234
8528 8 9235 9236
8529 7 9235 9237
8530 7 9235 9238
8531 7 9237 9240
8532 7 9238 9239
8533 1 9239 9240
8534 4 9240 9241
8535 4 9240 9242
8536 4 9239 9243
8537 4 9239 9244
8538 8 9245 9246
8539 7 9245 9247
8540 7 9245 9248
8541 7 9247 9250
8542 7 9248 9249
8543 1 9249 9250
8544 4 9250 9251
8545 4 9250 9252
8546 4 9249 9253
8547 4 9249 9254
8548 8 9255 9256
8549 7 9255 9257
8550 7 9255 9258
8551 7 9257 9260
8552 7 9258 9259
8553 1 9259 9260
8554 4 9260 9261
8555 4 9260 9262
8556 4 9259 9263
8557 4 9259 9264
8558 8 9265 9266
8559 7 9265 9267
8560 7 9265 9268
8561 7 9267 9270
8562 7 9268 9269
8563 1 9269 9270
8564 4 9270 9271
8565 4 9270 9272
8566 4 9269 9273
8567 4 9269 9274
8568 8 9275 9276
8569 7 9275 9277
8570 7 9275 9278
8571 7 9277 9280
8572 7 9278 9279
8573 1 9279 9280
8574 4 9280 9281
8575 4 9280 9282
8576 4 9279 9283
8577 4 9279 9284
8578 8 9285 9286
8579 7 9285 9287
8580 7 9285 9288
8581 7 9287 9290
8582 7 9288 9289
8583 1 9289 9290
8584 4 9290 9291
8585 4 9290 9292
8586 4 9289 9293
8587 4 9289 9294
8588 8 9295 9296
8589 7 9295 9297
8590 7 9295 9298
8591 7 9297 9300
8592 7 9298 9299
8593 1 9299 9300
8594 4 9300 9301
8595 4 9300 9302
8596 4 9299 9303
8597 4 9299 9304
8598 8 9305 9306
8599 7 9305 9307
8600 7 9305 9308
8601 7 9307 9310
8602 7 9308 9309
8603 1 9309 9310
8604 4 9310 9311
8605 4 9310 9312
8606 4 9309 9313
8607 4 9309 9314
8608 8 9315 9316
8609 7 9315 9317
8610 7 9315 9318
8611 7 9317 9320
8612 7 9318 9319
8613 1 9319 9320
8614 4 9320 9321
8615 4 9320 9322
8616 4 9319 9323
8617 4 9319 9324
8618 8 9325 9326
8619 7 9325 9327
8620 7 9325 9328
8621 7 9327 9330
8622 7 9328 9329
8623 1 9329 9330
8624 4 9330 9331
8625 4 9330 9332
8626 4 9329 9333
8627 4 9329 9334
8628 8 9335 9336
8629 7 9335 9337
8630 7 9335 9338
8631 7 9337 9340
8632 7 9338 9339
8633 1 9339 9340
8634 4 9340 9341
8635 4 9340 9342
8636 4 9339 9343
8637 4 9339 9344
8638 8 9345 9346
8639 7 9345 9347
8640 7 9345 9348
8641 7 9347 9350
8642 7 9348 9349
8643 1 9349 9350
8644 4 9350 9351
8645 4 9350 9352
8646 4 9349 9353
8647 4 9349 9354
8648 8 9355 9356
8649 7 9355 9357
8650 7 9355 9358
8651 7 9357 9360
8652 7 9358 9359
8653 1 9359 9360
8654 4 9360 9361
8655 4 9360 9362
8656 4 9359 9363
8657 4 9359 9364
8658 8 9365 9366
8659 7 9365 9367
8660 7 9365 9368
8661 7 9367 9370
8662 7 9368 9369
8663 1 9369 9370
8664 4 9370 9371
8665 4 9370 9372
8666 4 9369 9373
8667 4 9369 9374
8668 8 9375 9376
8669 7 9375 9377
8670 7 9375 9378
8671 7 9377 9380
8672 7 9378 9379
8673 1 9379 9380
8674 4 9380 9381
8675 4 9380 9382
8676 4 9379 9383
8677 4 9379 9384
8678 8 9385 9386
8679 7 9385 9387
8680 7 9385 9388
8681 7 9387 9390
8682 7 9388 9389
8683 1 9389 9390
8684 4 9390 9391
8685 4 9390 9392
8686 4 9389 9393
8687 4 9389 9394
8688 8 9395 9396
8689 7 9395 9397
8690 7 9395 9398
8691 7 9397 9400
8692 7 9398 9399
8693 1 9399 9400
8694 4 9400 9401
8695 4 9400 9402
8696 4 9399 9403
8697 4 9399 9404
8698 8 9405 9406
8699 7 9405 9407
8700 7 9405 9408
8701 7 9407 9410
8702 7 9408 9409
8703 1 9409 9410
8704 4 9410 9411
8705 4 9410 9412
8706 4 9409 9413
8707 4 9409 9414
8708 8 9415 9416
8709 7 9415 9417
8710 7 9415 9418
8711 7 9417 9420
8712 7 9418 9419
8713 1 9419 9420
8714 4 9420 9421
8715 4 9420 9422
8716 4 9419 9423
8717 4 9419 9424
8718 8 9425 9426
8719 7 9425 9427
8720 7 9425 9428
8721 7 9427 9430
8722 7 9428 9429
8723 1 9429 9430
8724 4 9430 9431
8725 4 9430 9432
8726 4 9429 9433
8727 4 9429 9434
8728 8 9435 9436
8729 7 9435 9437
8730 7 9435 9438
8731 7 9437 9440
8732 7 9438 9439
8733 1 9439 9440
8734 4 9440 9441
8735 4 9440 9442
8736 4 9439 9443
8737 4 9439 9444
8738 8 9445 9446
8739 7 9445 9447
8740 7 9445 9448
8741 7 9447 9450
8742 7 9448 9449
8743 1 9449 9450
8744 4 9450 9451
8745 4 9450 9452
8746 4 9449 9453
8747 4 9449 9454
8748 8 9455 9456
8749 7 9455 9457
8750 7 9455 9458
8751 7 9457 9460
8752 7 9458 9459
8753 1 9459 9460
8754 4 9460 9461
8755 4 9460 9462
8756 4 9459 9463
8757 4 9459 9464
8758 8 9465 9466
8759 7 9465 9467
8760 7 9465 9468
8761 7 9467 9470
8762 7 9468 9469
8763 1 9469 9470
8764 4 9470 9471
8765 4 9470 9472
8766 4 9469 9473
8767 4 9469 9474
8768 8 9475 9476
8769 7 9475 9477
8770 7 9475 9478
8771 7 9477 9480
8772 7 9478 9479
8773 1 9479 9480
8774 4 9480 9481
8775 4 9480 9482
8776 4 9479 9483
8777 4 9479 9484
8778 8 9485 9486
8779 7 9485 9487
8780 7 9485 9488
8781 7 9487 9490
8782 7 9488 9489
8783 1 9489 9490
8784 4 9490 9491
8785 4 9490 9492
8786 4 9489 9493
8787 4 9489 9494
8788 8 9495 9496
8789 7 9495 9497
8790 7 9495 9498
8791 7 9497 9500
8792 7 9498 9499
8793 1 9499 9500
8794 4 9500 9501
8795 4 9500 9502
8796 4 9499 9503
8797 4 9499 9504
8798 8 9505 9506
8799 7 9505 9507
8800 7 9505 9508
8801 7 9507 9510
8802 7 9508 9509
8803 1 9509 9510
8804 4 9510 9511
8805 4 9510 9512
8806 4 9509 9513
8807 4 9509 9514
8808 8 9515 9516
8809 7 9515 9517
8810 7 9515 9518
8811 7 9517 9520
8812 7 9518 9519
8813 1 9519 9520
8814 4 9520 9521
8815 4 9520 9522
8816 4 9519 9523
8817 4 9519 9524
8818 8 9525 9526
8819 7 9525 9527
8820 7 9525 9528
8821 7 9527 9530
8822 7 9528 9529
8823 1 9529 9530
8824 4 9530 9531
8825 4 9530 9532
8826 4 9529 9533
8827 4 9529 9534
8828 8 9535 9536
8829 7 9535 9537
8830 7 9535 9538
8831 7 9537 9540
8832 7 9538 9539
8833 1 9539 9540
8834 4 9540 9541
8835 4 9540 9542
8836 4 9539 9543
8837 4 9539 9544
8838 8 9545 9546
8839 7 9545 9547
8840 7 9545 9548
8841 7 9547 9550
8842 7 9548 9549
8843 1 9549 9550
8844 4 9550 9551
8845 4 9550 9552
8846 4 9549 9553
8847 4 9549 9554
8848 8 9555 9556
8849 7 9555 9557
8850 7 9555 9558
8851 7 9557 9560
8852 7 9558 9559
8853 1 9559 9560
8854 4 9560 9561
8855 4 9560 9562
8856 4 9559 9563
8857 4 9559 9564
8858 8 9565 9566
8859 7 9565 9567
8860 7 9565 9568
8861 7 9567 9570
8862 7 9568 9569
8863 1 9569 9570
8864 4 9570 9571
8865 4 9570 9572
8866 4 9569 9573
8867 4 9569 9574
8868 8 9575 9576
8869 7 9575 9577
8870 7 9575 9578
8871 7 9577 9580
8872 7 9578 9579
8873 1 9579 9580
8874 4 9580 9581
8875 4 9580 9582
8876 4 9579 9583
8877 4 9579 9584
8878 8 9585 9586
8879 7 9585 9587
8880 7 9585 9588
8881 7 9587 9590
8882 7 9588 9589
8883 1 9589 9590
8884 4 9590 9591
8885 4 9590 9592
8886 4 9589 9593
8887 4 9589 9594
8888 8 9595 9596
8889 7 9595 9597
8890 7 9595 9598
8891 7 9597 9600
8892 7 9598 9599
8893 1 9599 9600
8894 4 9600 9601
8895 4 9600 9602
8896 4 9599 9603
8897 4 9599 9604
8898 8 9605 9606
8899 7 9605 9607
8900 7 9605 9608
8901 7 9607 9610
8902 7 9608 9609
8903 1 9609 9610
8904 4 9610 9611
8905 4 9610 9612
8906 4 9609 9613
8907 4 9609 9614
8908 8 9615 9616
8909 7 9615 9617
8910 7 9615 9618
8911 7 9617 9620
8912 7 9618 9619
8913 1 9619 9620
8914 4 9620 9621
8915 4 9620 9622
8916 4 9619 9623
8917 4 9619 9624
8918 8 9625 9626
8919 7 9625 9627
8920 7 9625 9628
8921 7 9627 9630
8922 7 9628 9629
8923 1 9629 9630
8924 4 9630 9631
8925 4 9630 9632
8926 4 9629 9633
8927 4 9629 9634
8928 8 9635 9636
8929 7 9635 9637
8930 7 9635 9638
8931 7 9637 9640
8932 7 9638 9639
8933 1 9639 9640
8934 4 9640 9641
8935 4 9640 9642
8936 4 9639 9643
8937 4 9639 9644
8938 8 9645 9646
8939 7 9645 9647
8940 7 9645 9648
8941 7 9647 9650
8942 7 9648 9649
8943 1 9649 9650
8944 4 9650 9651
8945 4 9650 9652
8946 4 9649 9653
8947 4 9649 9654
8948 8 9655 9656
8949 7 9655 9657
8950 7 9655 9658
8951 7 9657 9660
8952 7 9658 9659
8953 1 9659 9660
8954 4 9660 9661
8955 4 9660 9662
8956 4 9659 9663
8957 4 9659 9664
8958 8 9665 9666
8959 7 9665 9667
8960 7 9665 9668
8961 7 9667 9670
8962 7 9668 9669
8963 1 9669 9670
8964 4 9670 9671
8965 4 9670 9672
8966 4 9669 9673
8967 4 9669 9674
8968 8 9675 9676
8969 7 9675 9677
8970 7 9675 9678
8971 7 9677 9680
8972 7 9678 9679
8973 1 9679 9680
8974 4 9680 9681
8975 4 9680 9682
8976 4 9679 9683
8977 4 9679 9684
8978 8 9685 9686
8979 7 9685 9687
8980 7 9685 9688
8981 7 9687 9690
8982 7 9688 9689
8983 1 9689 9690
8984 4 9690 9691
8985 4 9690 9692
8986 4 9689 9693
8987 4 9689 9694
8988 8 9695 9696
8989 7 9695 9697
8990 7 9695 9698
8991 7 9697 9700
8992 7 9698 9699
8993 1 9699 9700
8994 4 9700 9701
8995 4 9700 9702
8996 4 9699 9703
8997 4 9699 9704
8998 8 9705 9706
8999 7 9705 9707
9000 7 9705 9708
9001 7 9707 9710
9002 7 9708 9709
9003 1 9709 9710
9004 4 9710 9711
9005 4 9710 9712
9006 4 9709 9713
9007 4 9709 9714
9008 8 9715 9716
9009 7 9715 9717
9010 7 9715 9718
9011 7 9717 9720
9012 7 9718 9719
9013 1 9719 9720
9014 4 9720 9721
9015 4 9720 9722
9016 4 9719 9723
9017 4 9719 9724
9018 8 9725 9726
9019 7 9725 9727
9020 7 9725 9728
9021 7 9727 9730
9022 7 9728 9729
9023 1 9729 9730
9024 4 9730 9731
9025 4 9730 9732
9026 4 9729 9733
9027 4 9729 9734
9028 8 9735 9736
9029 7 9735 9737
9030 7 9735 9738
9031 7 9737 9740
9032 7 9738 9739
9033 1 9739 9740
9034 4 9740 9741
9035 4 9740 9742
9036 4 9739 9743
9037 4 9739 9744
9038 8 9745 9746
9039 7 9745 9747
9040 7 9745 9748
9041 7 9747 9750
9042 7 9748 9749
9043 1 9749 9750
9044 4 9750 9751
9045 4 9750 9752
9046 4 9749 9753
9047 4 9749 9754
9048 8 9755 9756
9049 7 9755 9757
9050 7 9755 9758
9051 7 9757 9760
9052 7 9758 9759
9053 1 9759 9760
9054 4 9760 9761
9055 4 9760 9762
9056 4 9759 9763
9057 4 9759 9764
9058 8 9765 9766
9059 7 9765 9767
9060 7 9765 9768
9061 7 9767 9770
9062 7 9768 9769
9063 1 9769 9770
9064 4 9770 9771
9065 4 9770 9772
9066 4 9769 9773
9067 4 9769 9774
9068 8 9775 9776
9069 7 9775 9777
9070 7 9775 9778
9071 7 9777 9780
9072 7 9778 9779
9073 1 9779 9780
9074 4 9780 9781
9075 4 9780 9782
9076 4 9779 9783
9077 4 9779 9784
9078 8 9785 9786
9079 7 9785 9787
9080 7 9785 9788
9081 7 9787 9790
9082 7 9788 9789
9083 1 9789 9790
9084 4 9790 9791
9085 4 9790 9792
9086 4 9789 9793
9087 4 9789 9794
9088 8 9795 9796
9089 7 9795 9797
9090 7 9795 9798
9091 7 9797 9800
9092 7 9798 9799
9093 1 9799 9800
9094 4 9800 9801
9095 4 9800 9802
9096 4 9799 9803
9097 4 9799 9804
9098 8 9805 9806
9099 7 9805 9807
9100 7 9805 9808
9101 7 9807 9810
9102 7 9808 9809
9103 1 9809 9810
9104 4 9810 9811
9105 4 9810 9812
9106 4 9809 9813
9107 4 9809 9814
9108 8 9815 9816
9109 7 9815 9817
9110 7 9815 9818
9111 7 9817 9820
9112 7 9818 9819
9113 1 9819 9820
9114 4 9820 9821
9115 4 9820 9822
9116 4 9819 9823
9117 4 9819 9824
9118 8 9825 9826
9119 7 9825 9827
9120 7 9825 9828
9121 7 9827 9830
9122 7 9828 9829
9123 1 9829 9830
9124 4 9830 9831
9125 4 9830 9832
9126 4 9829 9833
9127 4 9829 9834
9128 8 9835 9836
9129 7 9835 9837
9130 7 9835 9838
9131 7 9837 9840
9132 7 9838 9839
9133 1 9839 9840
9134 4 9840 9841
9135 4 9840 9842
9136 4 9839 9843
9137 4 9839 9844
9138 8 9845 9846
9139 7 9845 9847
9140 7 9845 9848
9141 7 9847 9850
9142 7 9848 9849
9143 1 9849 9850
9144 4 9850 9851
9145 4 9850 9852
9146 4 9849 9853
9147 4 9849 9854
9148 8 9855 9856
9149 7 9855 9857
9150 7 9855 9858
9151 7 9857 9860
9152 7 9858 9859
9153 1 9859 9860
9154 4 9860 9861
9155 4 9860 9862
9156 4 9859 9863
9157 4 9859 9864
9158 8 9865 9866
9159 7 9865 9867
9160 7 9865 9868
9161 7 9867 9870
9162 7 9868 9869
9163 1 9869 9870
9164 4 9870 9871
9165 4 9870 9872
9166 4 9869 9873
9167 4 9869 9874
9168 8 9875 9876
9169 7 9875 9877
9170 7 9875 9878
9171 7 9877 9880
9172 7 9878 9879
9173 1 9879 9880
9174 4 9880 9881
9175 4 9880 9882
9176 4 9879 9883
9177 4 9879 9884
9178 8 9885 9886
9179 7 9885 9887
9180 7 9885 9888
9181 7 9887 9890
9182 7 9888 9889
9183 1 9889 9890
9184 4 9890 9891
9185 4 9890 9892
9186 4 9889 9893
9187 4 9889 9894
9188 8 9895 9896
9189 7 9895 9897
9190 7 9895 9898
9191 7 9897 9900
9192 7 9898 9899
9193 1 9899 9900
9194 4 9900 9901
9195 4 9900 9902
9196 4 9899 9903
9197 4 9899 9904
9198 8 9905 9906
9199 7 9905 9907
9200 7 9905 9908
9201 7 9907 9910
9202 7 9908 9909
9203 1 9909 9910
9204 4 9910 9911
9205 4 9910 9912
9206 4 9909 9913
9207 4 9909 9914
9208 8 9915 9916
9209 7 9915 9917
9210 7 9915 9918
9211 7 9917 9920
9212 7 9918 9919
9213 1 9919 9920
9214 4 9920 9921
9215 4 9920 9922
9216 4 9919 9923
9217 4 9919 9924
9218 8 9925 9926
9219 7 9925 9927
9220 7 9925 9928
9221 7 9927 9930
9222 7 9928 9929
9223 1 9929 9930
9224 4 9930 9931
9225 4 9930 9932
9226 4 9929 9933
9227 4 9929 9934
9228 8 9935 9936
9229 7 9935 9937
9230 7 9935 9938
9231 7 9937 9940
9232 7 9938 9939
9233 1 9939 9940
9234 4 9940 9941
9235 4 9940 9942
9236 4 9939 9943
9237 4 9939 9944
9238 8 9945 9946
9239 7 9945 9947
9240 7 9945 9948
9241 7 9947 9950
9242 7 9948 9949
9243 1 9949 9950
9244 4 9950 9951
9245 4 9950 9952
9246 4 9949 9953
9247 4 9949 9954
9248 8 9955 9956
9249 7 9955 9957
9250 7 9955 9958
9251 7 9957 9960
9252 7 9958 9959
9253 1 9959 9960
9254 4 9960 9961
9255 4 9960 9962
9256 4 9959 9963
9257 4 9959 9964
9258 8 9965 9966
9259 7 9965 9967
9260 7 9965 9968
9261 7 9967 9970
9262 7 9968 9969
9263 1 9969 9970
9264 4 9970 9971
9265 4 9970 9972
9266 4 9969 9973
9267 4 9969 9974
9268 8 9975 9976
9269 7 9975 9977
9270 7 9975 9978
9271 7 9977 9980
9272 7 9978 9979
9273 1 9979 9980
9274 4 9980 9981
9275 4 9980 9982
9276 4 9979 9983
9277 4 9979 9984
9278 8 9985 9986
9279 7 9985 9987
9280 7 9985 9988
9281 7 9987 9990
9282 7 9988 9989
9283 1 9989 9990
9284 4 9990 9991
9285 4 9990 9992
9286 4 9989 9993
9287 4 9989 9994
9288 8 9995 9996
9289 7 9995 9997
9290 7 9995 9998
9291 7 9997 10000
9292 7 9998 9999
9293 1 9999 10000
9294 4 10000 10001
9295 4 10000 10002
9296 4 9999 10003
9297 4 9999 10004
9298 8 10005 10006
9299 7 10005 10007
9300 7 10005 10008
9301 7 10007 10010
9302 7 10008 10009
9303 1 10009 10010
9304 4 10010 10011
9305 4 10010 10012
9306 4 10009 10013
9307 4 10009 10014
9308 8 10015 10016
9309 7 10015 10017
9310 7 10015 10018
9311 7 10017 10020
9312 7 10018 10019
9313 1 10019 10020
9314 4 10020 10021
9315 4 10020 10022
9316 4 10019 10023
9317 4 10019 10024
9318 8 10025 10026
9319 7 10025 10027
9320 7 10025 10028
9321 7 10027 10030
9322 7 10028 10029
9323 1 10029 10030
9324 4 10030 10031
9325 4 10030 10032
9326 4 10029 10033
9327 4 10029 10034
9328 8 10035 10036
9329 7 10035 10037
9330 7 10035 10038
9331 7 10037 10040
9332 7 10038 10039
9333 1 10039 10040
9334 4 10040 10041
9335 4 10040 10042
9336 4 10039 10043
9337 4 10039 10044
9338 8 10045 10046
9339 7 10045 10047
9340 7 10045 10048
9341 7 10047 10050
9342 7 10048 10049
9343 1 10049 10050
9344 4 10050 10051
9345 4 10050 10052
9346 4 10049 10053
9347 4 10049 10054
9348 8 10055 10056
9349 7 10055 10057
9350 7 10055 10058
9351 7 10057 10060
9352 7 10058 10059
9353 1 10059 10060
9354 4 10060 10061
9355 4 10060 10062
9356 4 10059 10063
9357 4 10059 10064
9358 8 10065 10066
9359 7 10065 10067
9360 7 10065 10068
9361 7 10067 10070
9362 7 10068 10069
9363 1 10069 10070
9364 4 10070 10071
9365 4 10070 10072
9366 4 10069 10073
9367 4 10069 10074
9368 8 10075 10076
9369 7 10075 10077
9370 7 10075 10078
9371 7 10077 10080
9372 7 10078 10079
9373 1 10079 10080
9374 4 10080 10081
9375 4 10080 10082
9376 4 10079 10083
9377 4 10079 10084
9378 8 10085 10086
9379 7 10085 10087
9380 7 10085 10088
9381 7 10087 10090
9382 7 10088 10089
9383 1 10089 10090
9384 4 10090 10091
9385 4 10090 10092
9386 4 10089 10093
9387 4 10089 10094
9388 8 10095 10096
9389 7 10095 10097
9390 7 10095 10098
9391 7 10097 10100
9392 7 10098 10099
9393 1 10099 10100
9394 4 10100 10101
9395 4 10100 10102
9396 4 10099 10103
9397 4 10099 10104
9398 8 10105 10106
9399 7 10105 10107
9400 7 10105 10108
9401 7 10107 10110
9402 7 10108 10109
9403 1 10109 10110
9404 4 10110 10111
9405 4 10110 10112
9406 4 10109 10113
9407 4 10109 10114
9408 8 10115 10116
9409 7 10115 10117
9410 7 10115 10118
9411 7 10117 10120
9412 7 10118 10119
9413 1 10119 10120
9414 4 10120 10121
9415 4 10120 10122
9416 4 10119 10123
9417 4 10119 10124
9418 8 10125 10126
9419 7 10125 10127
9420 7 10125 10128
9421 7 10127 10130
9422 7 10128 10129
9423 1 10129 10130
9424 4 10130 10131
9425 4 10130 10132
9426 4 10129 10133
9427 4 10129 10134
9428 8 10135 10136
9429 7 10135 10137
9430 7 10135 10138
9431 7 10137 10140
9432 7 10138 10139
9433 1 10139 10140
9434 4 10140 10141
9435 4 10140 10142
9436 4 10139 10143
9437 4 10139 10144
9438 8 10145 10146
9439 7 10145 10147
9440 7 10145 10148
9441 7 10147 10150
9442 7 10148 10149
9443 1 10149 10150
9444 4 10150 10151
9445 4 10150 10152
9446 4 10149 10153
9447 4 10149 10154
9448 8 10155 10156
9449 7 10155 10157
9450 7 10155 10158
9451 7 10157 10160
9452 7 10158 10159
9453 1 10159 10160
9454 4 10160 10161
9455 4 10160 10162
9456 4 10159 10163
9457 4 10159 10164
9458 8 10165 10166
9459 7 10165 10167
9460 7 10165 10168
9461 7 10167 10170
9462 7 10168 10169
9463 1 10169 10170
9464 4 10170 10171
9465 4 10170 10172
9466 4 10169 10173
9467 4 10169 10174
9468 8 10175 10176
9469 7 10175 10177
9470 7 10175 10178
9471 7 10177 10180
9472 7 10178 10179
9473 1 10179 10180
9474 4 10180 10181
9475 4 10180 10182
9476 4 10179 10183
9477 4 10179 10184
9478 8 10185 10186
9479 7 10185 10187
9480 7 10185 10188
9481 7 10187 10190
9482 7 10188 10189
9483 1 10189 10190
9484 4 10190 10191
9485 4 10190 10192
9486 4 10189 10193
9487 4 10189 10194
9488 8 10195 10196
9489 7 10195 10197
9490 7 10195 10198
9491 7 10197 10200
9492 7 10198 10199
9493 1 10199 10200
9494 4 10200 10201
9495 4 10200 10202
9496 4 10199 10203
9497 4 10199 10204
9498 8 10205 10206
9499 7 10205 10207
9500 7 10205 10208
9501 7 10207 10210
9502 7 10208 10209
9503 1 10209 10210
9504 4 10210 10211
9505 4 10210 10212
9506 4 10209 10213
9507 4 10209 10214
9508 8 10215 10216
9509 7 10215 10217
9510 7 10215 10218
9511 7 10217 10220
9512 7 10218 10219
9513 1 10219 10220
9514 4 10220 10221
9515 4 10220 10222
9516 4 10219 10223
9517 4 10219 10224
9518 8 10225 10226
9519 7 10225 10227
9520 7 10225 10228
9521 7 10227 10230
9522 7 10228 10229
9523 1 10229 10230
9524 4 10230 10231
9525 4 10230 10232
9526 4 10229 10233
9527 4 10229 10234
9528 8 10235 10236
9529 7 10235 10237
9530 7 10235 10238
9531 7 10237 10240
9532 7 10238 10239
9533 1 10239 10240
9534 4 10240 10241
9535 4 10240 10242
9536 4 10239 10243
9537 4 10239 10244
9538 8 10245 10246
9539 7 10245 10247
9540 7 10245 10248
9541 7 10247 10250
9542 7 10248 10249
9543 1 10249 10250
9544 4 10250 10251
9545 4 10250 10252
9546 4 10249 10253
9547 4 10249 10254
9548 8 10255 10256
9549 7 10255 10257
9550 7 10255 10258
9551 7 10257 10260
9552 7 10258 10259
9553 1 10259 10260
9554 4 10260 10261
9555 4 10260 10262
9556 4 10259 10263
9557 4 10259 10264
9558 8 10265 10266
9559 7 10265 10267
9560 7 10265 10268
9561 7 10267 10270
9562 7 10268 10269
9563 1 10269 10270
9564 4 10270 10271
9565 4 10270 10272
9566 4 10269 10273
9567 4 10269 10274
9568 8 10275 10276
9569 7 10275 10277
9570 7 10275 10278
9571 7 10277 10280
9572 7 10278 10279
9573 1 10279 10280
9574 4 10280 10281
9575 4 10280 10282
9576 4 10279 10283
9577 4 10279 10284
9578 8 10285 10286
9579 7 10285 10287
9580 7 10285 10288
9581 7 10287 10290
9582 7 10288 10289
9583 1 10289 10290
9584 4 10290 10291
9585 4 10290 10292
9586 4 10289 10293
9587 4 10289 10294
9588 8 10295 10296
9589 7 10295 10297
9590 7 10295 10298
9591 7 10297 10300
9592 7 10298 10299
9593 1 10299 10300
9594 4 10300 10301
9595 4 10300 10302
9596 4 10299 10303
9597 4 10299 10304
9598 8 10305 10306
9599 7 10305 10307
9600 7 10305 10308
9601 7 10307 10310
9602 7 10308 10309
9603 1 10309 10310
9604 4 10310 10311
9605 4 10310 10312
9606 4 10309 10313
9607 4 10309 10314
9608 8 10315 10316
9609 7 10315 10317
9610 7 10315 10318
9611 7 10317 10320
9612 7 10318 10319
9613 1 10319 10320
9614 4 10320 10321
9615 4 10320 10322
9616 4 10319 10323
9617 4 10319 10324
9618 8 10325 10326
9619 7 10325 10327
9620 7 10325 10328
9621 7 10327 10330
9622 7 10328 10329
9623 1 10329 10330
9624 4 10330 10331
9625 4 10330 10332
9626 4 10329 10333
9627 4 10329 10334
9628 8 10335 10336
9629 7 10335 10337
9630 7 10335 10338
9631 7 10337 10340
9632 7 10338 10339
9633 1 10339 10340
9634 4 10340 10341
9635 4 10340 10342
9636 4 10339 10343
9637 4 10339 10344
9638 8 10345 10346
9639 7 10345 10347
9640 7 10345 10348
9641 7 10347 10350
9642 7 10348 10349
9643 1 10349 10350
9644 4 10350 10351
9645 4 10350 10352
9646 4 10349 10353
9647 4 10349 10354
9648 8 10355 10356
9649 7 10355 10357
9650 7 10355 10358
9651 7 10357 10360
9652 7 10358 10359
9653 1 10359 10360
9654 4 10360 10361
9655 4 10360 10362
9656 4 10359 10363
9657 4 10359 10364
9658 8 10365 10366
9659 7 10365 10367
9660 7 10365 10368
9661 7 10367 10370
9662 7 10368 10369
9663 1 10369 10370
9664 4 10370 10371
9665 4 10370 10372
9666 4 10369 10373
9667 4 10369 10374
9668 8 10375 10376
9669 7 10375 10377
9670 7 10375 10378
9671 7 10377 10380
9672 7 10378 10379
9673 1 10379 10380
9674 4 10380 10381
9675 4 10380 10382
9676 4 10379 10383
9677 4 10379 10384
9678 8 10385 10386
9679 7 10385 10387
9680 7 10385 10388
9681 7 10387 10390
9682 7 10388 10389
9683 1 10389 10390
9684 4 10390 10391
9685 4 10390 10392
9686 4 10389 10393
9687 4 10389 10394
9688 8 10395 10396
9689 7 10395 10397
9690 7 10395 10398
9691 7 10397 10400
9692 7 10398 10399
9693 1 10399 10400
9694 4 10400 10401
9695 4 10400 10402
9696 4 10399 10403
9697 4 10399 10404
9698 8 10405 10406
9699 7 10405 10407
9700 7 10405 10408
9701 7 10407 10410
9702 7 10408 10409
9703 1 10409 10410
9704 4 10410 10411
9705 4 10410 10412
9706 4 10409 10413
9707 4 10409 10414
9708 8 10415 10416
9709 7 10415 10417
9710 7 10415 10418
9711 7 10417 10420
9712 7 10418 10419
9713 1 10419 10420
9714 4 10420 10421
9715 4 10420 10422
9716 4 10419 10423
9717 4 10419 10424
9718 8 10425 10426
9719 7 10425 10427
9720 7 10425 10428
9721 7 10427 10430
9722 7 10428 10429
9723 1 10429 10430
9724 4 10430 10431
9725 4 10430 10432
9726 4 10429 10433
9727 4 10429 10434
9728 8 10435 10436
9729 7 10435 10437
9730 7 10435 10438
9731 7 10437 10440
9732 7 10438 10439
9733 1 10439 10440
9734 4 10440 10441
9735 4 10440 10442
9736 4 10439 10443
9737 4 10439 10444
9738 8 10445 10446
9739 7 10445 10447
9740 7 10445 10448
9741 7 10447 10450
9742 7 10448 10449
9743 1 10449 10450
9744 4 10450 10451
9745 4 10450 10452
9746 4 10449 10453
9747 4 10449 10454
9748 8 10455 10456
9749 7 10455 10457
9750 7 10455 10458
9751 7 10457 10460
9752 7 10458 10459
9753 1 10459 10460
9754 4 10460 10461
9755 4 10460 10462
9756 4 10459 10463
9757 4 10459 10464
9758 8 10465 10466
9759 7 10465 10467
9760 7 10465 10468
9761 7 10467 10470
9762 7 10468 10469
9763 1 10469 10470
9764 4 10470 10471
9765 4 10470 10472
9766 4 10469 10473
9767 4 10469 10474
9768 8 10475 10476
9769 7 10475 10477
9770 7 10475 10478
9771 7 10477 10480
9772 7 10478 10479
9773 1 10479 10480
9774 4 10480 10481
9775 4 10480 10482
9776 4 10479 10483
9777 4 10479 10484
9778 8 10485 10486
9779 7 10485 10487
9780 7 10485 10488
9781 7 10487 10490
9782 7 10488 10489
9783 1 10489 10490
9784 4 10490 10491
9785 4 10490 10492
9786 4 10489 10493
9787 4 10489 10494
9788 8 10495 10496
9789 7 10495 10497
9790 7 10495 10498
9791 7 10497 10500
9792 7 10498 10499
9793 1 10499 10500
9794 4 10500 10501
9795 4 10500 10502
9796 4 10499 10503
9797 4 10499 10504
9798 8 10505 10506
9799 7 10505 10507
9800 7 10505 10508
9801 7 10507 10510
9802 7 10508 10509
9803 1 10509 10510
9804 4 10510 10511
9805 4 10510 10512
9806 4 10509 10513
9807 4 10509 10514
9808 8 10515 10516
9809 7 10515 10517
9810 7 10515 10518
9811 7 10517 10520
9812 7 10518 10519
9813 1 10519 10520
9814 4 10520 10521
9815 4 10520 10522
9816 4 10519 10523
9817 4 10519 10524
9818 8 10525 10526
9819 7 10525 10527
9820 7 10525 10528
9821 7 10527 10530
9822 7 10528 10529
9823 1 10529 10530
9824 4 10530 10531
9825 4 10530 10532
9826 4 10529 10533
9827 4 10529 10534
9828 8 10535 10536
9829 7 10535 10537
9830 7 10535 10538
9831 7 10537 10540
9832 7 10538 10539
9833 1 10539 10540
9834 4 10540 10541
9835 4 10540 10542
9836 4 10539 10543
9837 4 10539 10544
9838 8 10545 10546
9839 7 10545 10547
9840 7 10545 10548
9841 7 10547 10550
9842 7 10548 10549
9843 1 10549 10550
9844 4 10550 10551
9845 4 10550 10552
9846 4 10549 10553
9847 4 10549 10554
9848 8 10555 10556
9849 7 10555 10557
9850 7 10555 10558
9851 7 10557 10560
9852 7 10558 10559
9853 1 10559 10560
9854 4 10560 10561
9855 4 10560 10562
9856 4 10559 10563
9857 4 10559 10564
9858 8 10565 10566
9859 7 10565 10567
9860 7 10565 10568
9861 7 10567 10570
9862 7 10568 10569
9863 1 10569 10570
9864 4 10570 10571
9865 4 10570 10572
9866 4 10569 10573
9867 4 10569 10574
9868 8 10575 10576
9869 7 10575 10577
9870 7 10575 10578
9871 7 10577 10580
9872 7 10578 10579
9873 1 10579 10580
9874 4 10580 10581
9875 4 10580 10582
9876 4 10579 10583
9877 4 10579 10584
9878 8 10585 10586
9879 7 10585 10587
9880 7 10585 10588
9881 7 10587 10590
9882 7 10588 10589
9883 1 10589 10590
9884 4 10590 10591
9885 4 10590 10592
9886 4 10589 10593
9887 4 10589 10594
9888 8 10595 10596
9889 7 10595 10597
9890 7 10595 10598
9891 7 10597 10600
9892 7 10598 10599
9893 1 10599 10600
9894 4 10600 10601
9895 4 10600 10602
9896 4 10599 10603
9897 4 10599 10604
9898 8 10605 10606
9899 7 10605 10607
9900 7 10605 10608
9901 7 10607 10610
9902 7 10608 10609
9903 1 10609 10610
9904 4 10610 10611
9905 4 10610 10612
9906 4 10609 10613
9907 4 10609 10614
9908 8 10615 10616
9909 7 10615 10617
9910 7 10615 10618
9911 7 10617 10620
9912 7 10618 10619
9913 1 10619 10620
9914 4 10620 10621
9915 4 10620 10622
9916 4 10619 10623
9917 4 10619 10624
9918 8 10625 10626
9919 7 10625 10627
9920 7 10625 10628
9921 7 10627 10630
9922 7 10628 10629
9923 1 10629 10630
9924 4 10630 10631
9925 4 10630 10632
9926 4 10629 10633
9927 4 10629 10634
9928 8 10635 10636
9929 7 10635 10637
9930 7 10635 10638
9931 7 10637 10640
9932 7 10638 10639
9933 1 10639 10640
9934 4 10640 10641
9935 4 10640 10642
9936 4 10639 10643
9937 4 10639 10644
9938 8 10645 10646
9939 7 10645 10647
9940 7 10645 10648
9941 7 10647 10650
9942 7 10648 10649
9943 1 10649 10650
9944 4 10650 10651
9945 4 10650 10652
9946 4 10649 10653
9947 4 10649 10654
9948 8 10655 10656
9949 7 10655 10657
9950 7 10655 10658
9951 7 10657 10660
9952 7 10658 10659
9953 1 10659 10660
9954 4 10660 10661
9955 4 10660 10662
9956 4 10659 10663
9957 4 10659 10664
9958 8 10665 10666
9959 7 10665 10667
9960 7 10665 10668
9961 7 10667 10670
9962 7 10668 10669
9963 1 10669 10670
9964 4 10670 10671
9965 4 10670 10672
9966 4 10669 10673
9967 4 10669 10674
9968 8 10675 10676
9969 7 10675 10677
9970 7 10675 10678
9971 7 10677 10680
9972 7 10678 10679
9973 1 10679 10680
9974 4 10680 10681
9975 4 10680 10682
9976 4 10679 10683
9977 4 10679 10684
9978 8 10685 10686
9979 7 10685 10687
9980 7 10685 10688
9981 7 10687 10690
9982 7 10688 10689
9983 1 10689 10690
9984 4 10690 10691
9985 4 10690 10692
9986 4 10689 10693
9987 4 10689 10694
9988 8 10695 10696
9989 7 10695 10697
9990 7 10695 10698
9991 7 10697 10700
9992 7 10698 10699
9993 1 10699 10700
9994 4 10700 10701
9995 4 10700 10702
9996 4 10699 10703
9997 4 10699 10704
9998 8 10705 10706
9999 7 10705 10707
10000 7 10705 10708
10001 7 10707 10710
10002 7 10708 10709
10003 1 10709 10710
10004 4 10710 10711
10005 4 10710 10712
10006 4 10709 10713
10007 4 10709 10714
10008 8 10715 10716
10009 7 10715 10717
10010 7 10715 10718
10011 7 10717 10720
10012 7 10718 10719
10013 1 10719 10720
10014 4 10720 10721
10015 4 10720 10722
10016 4 10719 10723
10017 4 10719 10724
10018 8 10725 10726
10019 7 10725 10727
10020 7 10725 10728
10021 7 10727 10730
10022 7 10728 10729
10023 1 10729 10730
10024 4 10730 10731
10025 4 10730 10732
10026 4 10729 10733
10027 4 10729 10734
10028 8 10735 10736
10029 7 10735 10737
10030 7 10735 10738
10031 7 10737 10740
10032 7 10738 10739
10033 1 10739 10740
10034 4 10740 10741
10035 4 10740 10742
10036 4 10739 10743
10037 4 10739 10744
10038 8 10745 10746
10039 7 10745 10747
10040 7 10745 10748
10041 7 10747 10750
10042 7 10748 10749
10043 1 10749 10750
10044 4 10750 10751
10045 4 10750 10752
10046 4 10749 10753
10047 4 10749 10754
10048 8 10755 10756
10049 7 10755 10757
10050 7 10755 10758
10051 7 10757 10760
10052 7 10758 10759
10053 1 10759 10760
10054 4 10760 10761
10055 4 10760 10762
10056 4 10759 10763
10057 4 10759 10764
10058 8 10765 10766
10059 7 10765 10767
10060 7 10765 10768
10061 7 10767 10770
10062 7 10768 10769
10063 1 10769 10770
10064 4 10770 10771
10065 4 10770 10772
10066 4 10769 10773
10067 4 10769 10774
10068 8 10775 10776
10069 7 10775 10777
10070 7 10775 10778
10071 7 10777 10780
10072 7 10778 10779
10073 1 10779 10780
10074 4 10780 10781
10075 4 10780 10782
10076 4 10779 10783
10077 4 10779 10784
10078 8 10785 10786
10079 7 10785 10787
10080 7 10785 10788
10081 7 10787 10790
10082 7 10788 10789
10083 1 10789 10790
10084 4 10790 10791
10085 4 10790 10792
10086 4 10789 10793
10087 4 10789 10794
10088 8 10795 10796
10089 7 10795 10797
10090 7 10795 10798
10091 7 10797 10800
10092 7 10798 10799
10093 1 10799 10800
10094 4 10800 10801
10095 4 10800 10802
10096 4 10799 10803
10097 4 10799 10804
10098 8 10805 10806
10099 7 10805 10807
10100 7 10805 10808
10101 7 10807 10810
10102 7 10808 10809
10103 1 10809 10810
10104 4 10810 10811
10105 4 10810 10812
10106 4 10809 10813
10107 4 10809 10814
10108 8 10815 10816
10109 7 10815 10817
10110 7 10815 10818
10111 7 10817 10820
10112 7 10818 10819
10113 1 10819 10820
10114 4 10820 10821
10115 4 10820 10822
10116 4 10819 10823
10117 4 10819 10824
10118 8 10825 10826
10119 7 10825 10827
10120 7 10825 10828
10121 7 10827 10830
10122 7 10828 10829
10123 1 10829 10830
10124 4 10830 10831
10125 4 10830 10832
10126 4 10829 10833
10127 4 10829 10834
10128 8 10835 10836
10129 7 10835 10837
10130 7 10835 10838
10131 7 10837 10840
10132 7 10838 10839
10133 1 10839 10840
10134 4 10840 10841
10135 4 10840 10842
10136 4 10839 10843
10137 4 10839 10844
10138 8 10845 10846
10139 7 10845 10847
10140 7 10845 10848
10141 7 10847 10850
10142 7 10848 10849
10143 1 10849 10850
10144 4 10850 10851
10145 4 10850 10852
10146 4 10849 10853
10147 4 10849 10854
10148 8 10855 10856
10149 7 10855 10857
10150 7 10855 10858
10151 7 10857 10860
10152 7 10858 10859
10153 1 10859 10860
10154 4 10860 10861
10155 4 10860 10862
10156 4 10859 10863
10157 4 10859 10864
10158 8 10865 10866
10159 7 10865 10867
10160 7 10865 10868
10161 7 10867 10870
10162 7 10868 10869
10163 1 10869 10870
10164 4 10870 10871
10165 4 10870 10872
10166 4 10869 10873
10167 4 10869 10874
10168 8 10875 10876
10169 7 10875 10877
10170 7 10875 10878
10171 7 10877 10880
10172 7 10878 10879
10173 1 10879 10880
10174 4 10880 10881
10175 4 10880 10882
10176 4 10879 10883
10177 4 10879 10884
10178 8 10885 10886
10179 7 10885 10887
10180 7 10885 10888
10181 7 10887 10890
10182 7 10888 10889
10183 1 10889 10890
10184 4 10890 10891
10185 4 10890 10892
10186 4 10889 10893
10187 4 10889 10894
10188 8 10895 10896
10189 7 10895 10897
10190 7 10895 10898
10191 7 10897 10900
10192 7 10898 10899
10193 1 10899 10900
10194 4 10900 10901
10195 4 10900 10902
10196 4 10899 10903
10197 4 10899 10904
10198 8 10905 10906
10199 7 10905 10907
10200 7 10905 10908
10201 7 10907 10910
10202 7 10908 10909
10203 1 10909 10910
10204 4 10910 10911
10205 4 10910 10912
10206 4 10909 10913
10207 4 10909 10914
10208 8 10915 10916
10209 7 10915 10917
10210 7 10915 10918
10211 7 10917 10920
10212 7 10918 10919
10213 1 10919 10920
10214 4 10920 10921
10215 4 10920 10922
10216 4 10919 10923
10217 4 10919 10924
10218 8 10925 10926
10219 7 10925 10927
10220 7 10925 10928
10221 7 10927 10930
10222 7 10928 10929
10223 1 10929 10930
10224 4 10930 10931
10225 4 10930 10932
10226 4 10929 10933
10227 4 10929 10934
10228 8 10935 10936
10229 7 10935 10937
10230 7 10935 10938
10231 7 10937 10940
10232 7 10938 10939
10233 1 10939 10940
10234 4 10940 10941
10235 4 10940 10942
10236 4 10939 10943
10237 4 10939 10944
10238 8 10945 10946
10239 7 10945 10947
10240 7 10945 10948
10241 7 10947 10950
10242 7 10948 10949
10243 1 10949 10950
10244 4 10950 10951
10245 4 10950 10952
10246 4 10949 10953
10247 4 10949 10954
10248 8 10955 10956
10249 7 10955 10957
10250 7 10955 10958
10251 7 10957 10960
10252 7 10958 10959
10253 1 10959 10960
10254 4 10960 10961
10255 4 10960 10962
10256 4 10959 10963
10257 4 10959 10964
10258 8 10965 10966
10259 7 10965 10967
10260 7 10965 10968
10261 7 10967 10970
10262 7 10968 10969
10263 1 10969 10970
10264 4 10970 10971
10265 4 10970 10972
10266 4 10969 10973
10267 4 10969 10974
10268 8 10975 10976
10269 7 10975 10977
10270 7 10975 10978
10271 7 10977 10980
10272 7 10978 10979
10273 1 10979 10980
10274 4 10980 10981
10275 4 10980 10982
10276 4 10979 10983
10277 4 10979 10984
10278 8 10985 10986
10279 7 10985 10987
10280 7 10985 10988
10281 7 10987 10990
10282 7 10988 10989
10283 1 10989 10990
10284 4 10990 10991
10285 4 10990 10992
10286 4 10989 10993
10287 4 10989 10994
10288 8 10995 10996
10289 7 10995 10997
10290 7 10995 10998
10291 7 10997 11000
10292 7 10998 10999
10293 1 10999 11000
10294 4 11000 11001
10295 4 11000 11002
10296 4 10999 11003
10297 4 10999 11004
10298 8 11005 11006
10299 7 11005 11007
10300 7 11005 11008
10301 7 11007 11010
10302 7 11008 11009
10303 1 11009 11010
10304 4 11010 11011
10305 4 11010 11012
10306 4 11009 11013
10307 4 11009 11014
10308 8 11015 11016
10309 7 11015 11017
10310 7 11015 11018
10311 7 11017 11020
10312 7 11018 11019
10313 1 11019 11020
10314 4 11020 11021
10315 4 11020 11022
10316 4 11019 11023
10317 4 11019 11024
10318 8 11025 11026
10319 7 11025 11027
10320 7 11025 11028
10321 7 11027 11030
10322 7 11028 11029
10323 1 11029 11030
10324 4 11030 11031
10325 4 11030 11032
10326 4 11029 11033
10327 4 11029 11034
10328 8 11035 11036
10329 7 11035 11037
10330 7 11035 11038
10331 7 11037 11040
10332 7 11038 11039
10333 1 11039 11040
10334 4 11040 11041
10335 4 11040 11042
10336 4 11039 11043
10337 4 11039 11044
10338 8 11045 11046
10339 7 11045 11047
10340 7 11045 11048
10341 7 11047 11050
10342 7 11048 11049
10343 1 11049 11050
10344 4 11050 11051
10345 4 11050 11052
10346 4 11049 11053
10347 4 11049 11054
10348 8 11055 11056
10349 7 11055 11057
10350 7 11055 11058
10351 7 11057 11060
10352 7 11058 11059
10353 1 11059 11060
10354 4 11060 11061
10355 4 11060 11062
10356 4 11059 11063
10357 4 11059 11064
10358 8 11065 11066
10359 7 11065 11067
10360 7 11065 11068
10361 7 11067 11070
10362 7 11068 11069
10363 1 11069 11070
10364 4 11070 11071
10365 4 11070 11072
10366 4 11069 11073
10367 4 11069 11074
10368 8 11075 11076
10369 7 11075 11077
10370 7 11075 11078
10371 7 11077 11080
10372 7 11078 11079
10373 1 11079 11080
10374 4 11080 11081
10375 4 11080 11082
10376 4 11079 11083
10377 4 11079 11084
10378 8 11085 11086
10379 7 11085 11087
10380 7 11085 11088
10381 7 11087 11090
10382 7 11088 11089
10383 1 11089 11090
10384 4 11090 11091
10385 4 11090 11092
10386 4 11089 11093
10387 4 11089 11094
10388 8 11095 11096
10389 7 11095 11097
10390 7 11095 11098
10391 7 11097 11100
10392 7 11098 11099
10393 1 11099 11100
10394 4 11100 11101
10395 4 11100 11102
10396 4 11099 11103
10397 4 11099 11104
10398 8 11105 11106
10399 7 11105 11107
10400 7 11105 11108
10401 7 11107 11110
10402 7 11108 11109
10403 1 11109 11110
10404 4 11110 11111
10405 4 11110 11112
10406 4 11109 11113
10407 4 11109 11114
10408 8 11115 11116
10409 7 11115 11117
10410 7 11115 11118
10411 7 11117 11120
10412 7 11118 11119
10413 1 11119 11120
10414 4 11120 11121
10415 4 11120 11122
10416 4 11119 11123
10417 4 11119 11124
10418 8 11125 11126
10419 7 11125 11127
10420 7 11125 11128
10421 7 11127 11130
10422 7 11128 11129
10423 1 11129 11130
10424 4 11130 11131
10425 4 11130 11132
10426 4 11129 11133
10427 4 11129 11134
10428 8 11135 11136
10429 7 11135 11137
10430 7 11135 11138
10431 7 11137 11140
10432 7 11138 11139
10433 1 11139 11140
10434 4 11140 11141
10435 4 11140 11142
10436 4 11139 11143
10437 4 11139 11144
10438 8 11145 11146
10439 7 11145 11147
10440 7 11145 11148
10441 7 11147 11150
10442 7 11148 11149
10443 1 11149 11150
10444 4 11150 11151
10445 4 11150 11152
10446 4 11149 11153
10447 4 11149 11154
10448 8 11155 11156
10449 7 11155 11157
10450 7 11155 11158
10451 7 11157 11160
10452 7 11158 11159
10453 1 11159 11160
10454 4 11160 11161
10455 4 11160 11162
10456 4 11159 11163
10457 4 11159 11164
10458 8 11165 11166
10459 7 11165 11167
10460 7 11165 11168
10461 7 11167 11170
10462 7 11168 11169
10463 1 11169 11170
10464 4 11170 11171
10465 4 11170 11172
10466 4 11169 11173
10467 4 11169 11174
10468 8 11175 11176
10469 7 11175 11177
10470 7 11175 11178
10471 7 11177 11180
10472 7 11178 11179
10473 1 11179 11180
10474 4 11180 11181
10475 4 11180 11182
10476 4 11179 11183
10477 4 11179 11184
10478 8 11185 11186
10479 7 11185 11187
10480 7 11185 11188
10481 7 11187 11190
10482 7 11188 11189
10483 1 11189 11190
10484 4 11190 11191
10485 4 11190 11192
10486 4 11189 11193
10487 4 11189 11194
10488 8 11195 11196
10489 7 11195 11197
10490 7 11195 11198
10491 7 11197 11200
10492 7 11198 11199
10493 1 11199 11200
10494 4 11200 11201
10495 4 11200 11202
10496 4 11199 11203
10497 4 11199 11204
10498 8 11205 11206
10499 7 11205 11207
10500 7 11205 11208
10501 7 11207 11210
10502 7 11208 11209
10503 1 11209 11210
10504 4 11210 11211
10505 4 11210 11212
10506 4 11209 11213
10507 4 11209 11214
10508 8 11215 11216
10509 7 11215 11217
10510 7 11215 11218
10511 7 11217 11220
10512 7 11218 11219
10513 1 11219 11220
10514 4 11220 11221
10515 4 11220 11222
10516 4 11219 11223
10517 4 11219 11224
10518 8 11225 11226
10519 7 11225 11227
10520 7 11225 11228
10521 7 11227 11230
10522 7 11228 11229
10523 1 11229 11230
10524 4 11230 11231
10525 4 11230 11232
10526 4 11229 11233
10527 4 11229 11234
10528 8 11235 11236
10529 7 11235 11237
10530 7 11235 11238
10531 7 11237 11240
10532 7 11238 11239
10533 1 11239 11240
10534 4 11240 11241
10535 4 11240 11242
10536 4 11239 11243
10537 4 11239 11244
10538 8 11245 11246
10539 7 11245 11247
10540 7 11245 11248
10541 7 11247 11250
10542 7 11248 11249
10543 1 11249 11250
10544 4 11250 11251
10545 4 11250 11252
10546 4 11249 11253
10547 4 11249 11254
10548 8 11255 11256
10549 7 11255 11257
10550 7 11255 11258
10551 7 11257 11260
10552 7 11258 11259
10553 1 11259 11260
10554 4 11260 11261
10555 4 11260 11262
10556 4 11259 11263
10557 4 11259 11264
10558 8 11265 11266
10559 7 11265 11267
10560 7 11265 11268
10561 7 11267 11270
10562 7 11268 11269
10563 1 11269 11270
10564 4 11270 11271
10565 4 11270 11272
10566 4 11269 11273
10567 4 11269 11274
10568 8 11275 11276
10569 7 11275 11277
10570 7 11275 11278
10571 7 11277 11280
10572 7 11278 11279
10573 1 11279 11280
10574 4 11280 11281
10575 4 11280 11282
10576 4 11279 11283
10577 4 11279 11284
10578 8 11285 11286
10579 7 11285 11287
10580 7 11285 11288
10581 7 11287 11290
10582 7 11288 11289
10583 1 11289 11290
10584 4 11290 11291
10585 4 11290 11292
10586 4 11289 11293
10587 4 11289 11294
10588 8 11295 11296
10589 7 11295 11297
10590 7 11295 11298
10591 7 11297 11300
10592 7 11298 11299
10593 1 11299 11300
10594 4 11300 11301
10595 4 11300 11302
10596 4 11299 11303
10597 4 11299 11304
10598 8 11305 11306
10599 7 11305 11307
10600 7 11305 11308
10601 7 11307 11310
10602 7 11308 11309
10603 1 11309 11310
10604 4 11310 11311
10605 4 11310 11312
10606 4 11309 11313
10607 4 11309 11314
10608 8 11315 11316
10609 7 11315 11317
10610 7 11315 11318
10611 7 11317 11320
10612 7 11318 11319
10613 1 11319 11320
10614 4 11320 11321
10615 4 11320 11322
10616 4 11319 11323
10617 4 11319 11324
10618 8 11325 11326
10619 7 11325 11327
10620 7 11325 11328
10621 7 11327 11330
10622 7 11328 11329
10623 1 11329 11330
10624 4 11330 11331
10625 4 11330 11332
10626 4 11329 11333
10627 4 11329 11334
10628 8 11335 11336
10629 7 11335 11337
10630 7 11335 11338
10631 7 11337 11340
10632 7 11338 11339
10633 1 11339 11340
10634 4 11340 11341
10635 4 11340 11342
10636 4 11339 11343
10637 4 11339 11344
10638 8 11345 11346
10639 7 11345 11347
10640 7 11345 11348
10641 7 11347 11350
10642 7 11348 11349
10643 1 11349 11350
10644 4 11350 11351
10645 4 11350 11352
10646 4 11349 11353
10647 4 11349 11354
10648 8 11355 11356
10649 7 11355 11357
10650 7 11355 11358
10651 7 11357 11360
10652 7 11358 11359
10653 1 11359 11360
10654 4 11360 11361
10655 4 11360 11362
10656 4 11359 11363
10657 4 11359 11364
10658 8 11365 11366
10659 7 11365 11367
10660 7 11365 11368
10661 7 11367 11370
10662 7 11368 11369
10663 1 11369 11370
10664 4 11370 11371
10665 4 11370 11372
10666 4 11369 11373
10667 4 11369 11374
10668 8 11375 11376
10669 7 11375 11377
10670 7 11375 11378
10671 7 11377 11380
10672 7 11378 11379
10673 1 11379 11380
10674 4 11380 11381
10675 4 11380 11382
10676 4 11379 11383
10677 4 11379 11384
10678 8 11385 11386
10679 7 11385 11387
10680 7 11385 11388
10681 7 11387 11390
10682 7 11388 11389
10683 1 11389 11390
10684 4 11390 11391
10685 4 11390 11392
10686 4 11389 11393
10687 4 11389 11394
10688 8 11395 11396
10689 7 11395 11397
10690 7 11395 11398
10691 7 11397 11400
10692 7 11398 11399
10693 1 11399 11400
10694 4 11400 11401
10695 4 11400 11402
10696 4 11399 11403
10697 4 11399 11404
10698 8 11405 11406
10699 7 11405 11407
10700 7 11405 11408
10701 7 11407 11410
10702 7 11408 11409
10703 1 11409 11410
10704 4 11410 11411
10705 4 11410 11412
10706 4 11409 11413
10707 4 11409 11414
10708 8 11415 11416
10709 7 11415 11417
10710 7 11415 11418
10711 7 11417 11420
10712 7 11418 11419
10713 1 11419 11420
10714 4 11420 11421
10715 4 11420 11422
10716 4 11419 11423
10717 4 11419 11424
10718 8 11425 11426
10719 7 11425 11427
10720 7 11425 11428
10721 7 11427 11430
10722 7 11428 11429
10723 1 11429 11430
10724 4 11430 11431
10725 4 11430 11432
10726 4 11429 11433
10727 4 11429 11434
10728 8 11435 11436
10729 7 11435 11437
10730 7 11435 11438
10731 7 11437 11440
10732 7 11438 11439
10733 1 11439 11440
10734 4 11440 11441
10735 4 11440 11442
10736 4 11439 11443
10737 4 11439 11444
10738 8 11445 11446
10739 7 11445 11447
10740 7 11445 11448
10741 7 11447 11450
10742 7 11448 11449
10743 1 11449 11450
10744 4 11450 11451
10745 4 11450 11452
10746 4 11449 11453
10747 4 11449 11454
10748 8 11455 11456
10749 7 11455 11457
10750 7 11455 11458
10751 7 11457 11460
10752 7 11458 11459
10753 1 11459 11460
10754 4 11460 11461
10755 4 11460 11462
10756 4 11459 11463
10757 4 11459 11464
10758 8 11465 11466
10759 7 11465 11467
10760 7 11465 11468
10761 7 11467 11470
10762 7 11468 11469
10763 1 11469 11470
10764 4 11470 11471
10765 4 11470 11472
10766 4 11469 11473
10767 4 11469 11474
10768 8 11475 11476
10769 7 11475 11477
10770 7 11475 11478
10771 7 11477 11480
10772 7 11478 11479
10773 1 11479 11480
10774 4 11480 11481
10775 4 11480 11482
10776 4 11479 11483
10777 4 11479 11484
10778 8 11485 11486
10779 7 11485 11487
10780 7 11485 11488
10781 7 11487 11490
10782 7 11488 11489
10783 1 11489 11490
10784 4 11490 11491
10785 4 11490 11492
10786 4 11489 11493
10787 4 11489 11494
10788 8 11495 11496
10789 7 11495 11497
10790 7 11495 11498
10791 7 11497 11500
10792 7 11498 11499
10793 1 11499 11500
10794 4 11500 11501
10795 4 11500 11502
10796 4 11499 11503
10797 4 11499 11504
10798 8 11505 11506
10799 7 11505 11507
10800 7 11505 11508
10801 7 11507 11510
10802 7 11508 11509
10803 1 11509 11510
10804 4 11510 11511
10805 4 11510 11512
10806 4 11509 11513
10807 4 11509 11514
10808 15 11590 11591
10809 15 11590 11592
10810 15 11590 11593
10811 15 11590 11594
10812 15 11590 11595
10813 15 11590 11596
10814 15 11597 11598
10815 15 11597 11599
10816 15 11597 11600
10817 15 11597 11601
10818 15 11597 11602
10819 15 11597 11603
10820 15 11604 11605
10821 15 11604 11606
10822 15 11604 11607
10823 15 11604 11608
10824 15 11604 11609
10825 15 11604 11610
10826 15 11611 11612
10827 15 11611 11613
10828 15 11611 11614
10829 15 11611 11615
10830 15 11611 11616
10831 15 11611 11617
10832 15 11618 11619
10833 15 11618 11620
10834 15 11618 11621
10835 15 11618 11622
10836 15 11618 11623
10837 15 11618 11624
10838 15 11625 11626
10839 15 11625 11627
10840 15 11625 11628
10841 15 11625 11629
10842 15 11625 11630
10843 15 11625 11631
10844 15 11632 11633
10845 15 11632 11634
10846 15 11632 11635
10847 15 11632 11636
10848 15 11632 11637
10849 15 11632 11638
10850 15 11639 11640
10851 15 11639 11641
10852 15 11639 11642
10853 15 11639 11643
10854 15 11639 11644
10855 15 11639 11645
10856 15 11646 11647
10857 15 11646 11648
10858 15 11646 11649
10859 15 11646 11650
10860 15 11646 11651
10861 15 11646 11652
10862 15 11653 11654
10863 15 11653 11655
10864 15 11653 11656
10865 15 11653 11657
10866 15 11653 11658
10867 15 11653 11659
10868 15 11660 11661
10869 15 11660 11662
10870 15 11660 11663
10871 15 11660 11664
10872 15 11660 11665
10873 15 11660 11666
10874 15 11667 11668
10875 15 11667 11669
10876 15 11667 11670
10877 15 11667 11671
10878 15 11667 11672
10879 15 11667 11673
10880 15 11674 11675
10881 15 11674 11676
10882 15 11674 11677
10883 15 11674 11678
10884 15 11674 11679
10885 15 11674 11680
10886 15 11681 11682
10887 15 11681 11683
10888 15 11681 11684
10889 15 11681 11685
10890 15 11681 11686
10891 15 11681 11687
10892 15 11688 11689
10893 15 11688 11690
10894 15 11688 11691
10895 15 11688 11692
10896 15 11688 11693
10897 15 11688 11694
10898 15 11695 11696
10899 15 11695 11697
10900 15 11695 11698
10901 15 11695 11699
10902 15 11695 11700
10903 15 11695 11701
10904 15 11702 11703
10905 15 11702 11704
10906 15 11702 11705
10907 15 11702 11706
10908 15 11702 11707
10909 15 11702 11708
10910 15 11709 11710
10911 15 11709 11711
10912 15 11709 11712
10913 15 11709 11713
10914 15 11709 11714
10915 15 11709 11715
10916 15 11716 11717
10917 15 11716 11718
10918 15 11716 11719
10919 15 11716 11720
10920 15 11716 11721
10921 15 11716 11722
10922 15 11723 11724
10923 15 11723 11725
10924 15 11723 11726
10925 15 11723 11727
10926 15 11723 11728
10927 15 11723 11729
10928 15 11730 11731
10929 15 11730 11732
10930 15 11730 11733
10931 15 11730 11734
10932 15 11730 11735
10933 15 11730 11736
10934 15 11737 11738
10935 15 11737 11739
10936 15 11737 11740
10937 15 11737 11741
10938 15 11737 11742
10939 15 11737 11743
10940 15 11744 11745
10941 15 11744 11746
10942 15 11744 11747
10943 15 11744 11748
10944 15 11744 11749
10945 15 11744 11750
10946 15 11751 11752
10947 15 11751 11753
10948 15 11751 11754
10949 15 11751 11755
10950 15 11751 11756
10951 15 11751 11757
10952 15 11758 11759
10953 15 11758 11760
10954 15 11758 11761
10955 15 11758 11762
10956 15 11758 11763
10957 15 11758 11764
10958 15 11765 11766
10959 15 11765 11767
10960 15 11765 11768
10961 15 11765 11769
10962 15 11765 11770
10963 15 11765 11771
10964 15 11772 11773
10965 15 11772 11774
10966 15 11772 11775
10967 15 11772 11776
10968 15 11772 11777
10969 15 11772 11778
10970 15 11779 11780
10971 15 11779 11781
10972 15 11779 11782
10973 15 11779 11783
10974 15 11779 11784
10975 15 11779 11785
10976 15 11786 11787
10977 15 11786 11788
10978 15 11786 11789
10979 15 11786 11790
10980 15 11786 11791
10981 15 11786 11792
10982 15 11793 11794
10983 15 11793 11795
10984 15 11793 11796
10985 15 11793 11797
10986 15 11793 11798
10987 15 11793 11799
10988 15 11800 11801
10989 15 11800 11802
10990 15 11800 11803
10991 15 11800 11804
10992 15 11800 11805
10993 15 11800 11806
10994 15 11807 11808
10995 15 11807 11809
10996 15 11807 11810
10997 15 11807 11811
10998 15 11807 11812
10999 15 11807 11813
11000 15 11814 11815
11001 15 11814 11816
11002 15 11814 11817
11003 15 11814 11818
11004 15 11814 11819
11005 15 11814 11820
11006 15 11821 11822
11007 15 11821 11823
11008 15 11821 11824
11009 15 11821 11825
11010 15 11821 11826
11011 15 11821 11827
11012 15 11828 11829
11013 15 11828 11830
11014 15 11828 11831
11015 15 11828 11832
11016 15 11828 11833
11017 15 11828 11834
11018 15 11835 11836
11019 15 11835 11837
11020 15 11835 11838
11021 15 11835 11839
11022 15 11835 11840
11023 15 11835 11841
11024 15 11842 11843
11025 15 11842 11844
11026 15 11842 11845
11027 15 11842 11846
11028 15 11842 11847
11029 15 11842 11848
11030 15 11849 11850
11031 15 11849 11851
11032 15 11849 11852
11033 15 11849 11853
11034 15 11849 11854
11035 15 11849 11855
11036 15 11856 11857
11037 15 11856 11858
11038 15 11856 11859
11039 15 11856 11860
11040 15 11856 11861
11041 15 11856 11862
11042 15 11863 11864
11043 15 11863 11865
11044 15 11863 11866
11045 15 11863 11867
11046 15 11863 11868
11047 15 11863 11869
11048 15 11870 11871
11049 15 11870 11872
11050 15 11870 11873
11051 15 11870 11874
11052 15 11870 11875
11053 15 11870 11876
11054 15 11877 11878
11055 15 11877 11879
11056 15 11877 11880
11057 15 11877 11881
11058 15 11877 11882
11059 15 11877 11883
11060 15 11884 11885
11061 15 11884 11886
11062 15 11884 11887
11063 15 11884 11888
11064 15 11884 11889
11065 15 11884 11890
11066 15 11891 11892
11067 15 11891 11893
11068 15 11891 11894
11069 15 11891 11895
11070 15 11891 11896
11071 15 11891 11897
11072 15 11898 11899
11073 15 11898 11900
11074 15 11898 11901
11075 15 11898 11902
11076 15 11898 11903
11077 15 11898 11904
11078 15 11905 11906
11079 15 11905 11907
11080 15 11905 11908
11081 15 11905 11909
11082 15 11905 11910
11083 15 11905 11911
11084 15 11912 11913
11085 15 11912 11914
11086 15 11912 11915
11087 15 11912 11916
11088 15 11912 11917
11089 15 11912 11918
11090 15 11919 11920
11091 15 11919 11921
11092 15 11919 11922
11093 15 11919 11923
11094 15 11919 11924
11095 15 11919 11925
11096 15 11926 11927
11097 15 11926 11928
11098 15 11926 11929
11099 15 11926 11930
11100 15 11926 11931
11101 15 11926 11932
11102 15 11933 11934
11103 15 11933 11935
11104 15 11933 11936
11105 15 11933 11937
11106 15 11933 11938
11107 15 11933 11939
11108 15 11940 11941
11109 15 11940 11942
11110 15 11940 11943
11111 15 11940 11944
11112 15 11940 11945
11113 15 11940 11946
11114 15 11947 11948
11115 15 11947 11949
11116 15 11947 11950
11117 15 11947 11951
11118 15 11947 11952
11119 15 11947 11953
11120 15 11954 11955
11121 15 11954 11956
11122 15 11954 11957
11123 15 11954 11958
11124 15 11954 11959
11125 15 11954 11960
11126 15 11961 11962
11127 15 11961 11963
11128 15 11961 11964
11129 15 11961 11965
11130 15 11961 11966
11131 15 11961 11967
11132 15 11968 11969
11133 15 11968 11970
11134 15 11968 11971
11135 15 11968 11972
11136 15 11968 11973
11137 15 11968 11974
11138 15 11975 11976
11139 15 11975 11977
11140 15 11975 11978
11141 15 11975 11979
11142 15 11975 11980
11143 15 11975 11981
11144 15 11982 11983
11145 15 11982 11984
11146 15 11982 11985
11147 15 11982 11986
11148 15 11982 11987
11149 15 11982 11988
11150 15 11989 11990
11151 15 11989 11991
11152 15 11989 11992
11153 15 11989 11993
11154 15 11989 11994
11155 15 11989 11995
11156 15 11996 11997
11157 15 11996 11998
11158 15 11996 11999
11159 15 11996 12000
11160 15 11996 12001
11161 15 11996 12002
11162 15 12003 12004
11163 15 12003 12005
11164 15 12003 12006
11165 15 12003 12007
11166 15 12003 12008
11167 15 12003 12009
11168 15 12010 12011
11169 15 12010 12012
11170 15 12010 12013
11171 15 12010 12014
11172 15 12010 12015
11173 15 12010 12016
11174 15 12017 12018
11175 15 12017 12019
11176 15 12017 12020
11177 15 12017 12021
11178 15 12017 12022
11179 15 12017 12023
11180 15 12024 12025
11181 15 12024 12026
11182 15 12024 12027
11183 15 12024 12028
11184 15 12024 12029
11185 15 12024 12030
11186 15 12031 12032
11187 15 12031 12033
11188 15 12031 12034
11189 15 12031 12035
11190 15 12031 12036
11191 15 12031 12037
11192 15 12038 12039
11193 15 12038 12040
11194 15 12038 12041
11195 15 12038 12042
11196 15 12038 12043
11197 15 12038 12044
11198 15 12045 12046
11199 15 12045 12047
11200 15 12045 12048
11201 15 12045 12049
11202 15 12045 12050
11203 15 12045 12051
11204 15 12052 12053
11205 15 12052 12054
11206 15 12052 12055
11207 15 12052 12056
11208 15 12052 12057
11209 15 12052 12058
11210 15 12059 12060
11211 15 12059 12061
11212 15 12059 12062
11213 15 12059 12063
11214 15 12059 12064
11215 15 12059 12065
11216 15 12066 12067
11217 15 12066 12068
11218 15 12066 12069
11219 15 12066 12070
11220 15 12066 12071
11221 15 12066 12072
11222 15 12073 12074
11223 15 12073 12075
11224 15 12073 12076
11225 15 12073 12077
11226 15 12073 12078
11227 15 12073 12079
11228 15 12080 12081
11229 15 12080 12082
11230 15 12080 12083
11231 15 12080 12084
11232 15 12080 12085
11233 15 12080 12086
11234 15 12087 12088
11235 15 12087 12089
11236 15 12087 12090
11237 15 12087 12091
11238 15 12087 12092
11239 15 12087 12093
11240 15 12094 12095
11241 15 12094 12096
11242 15 12094 12097
11243 15 12094 12098
11244 15 12094 12099
11245 15 12094 12100
11246 15 12101 12102
11247 15 12101 12103
11248 15 12101 12104
11249 15 12101 12105
11250 15 12101 12106
11251 15 12101 12107
11252 15 12108 12109
11253 15 12108 12110
11254 15 12108 12111
11255 15 12108 12112
11256 15 12108 12113
11257 15 12108 12114
