  20.045   11.831   21.657
  21.386   11.705   21.753
  21.723   10.469   21.754
  20.746    9.657   21.665
  19.439   10.684   21.589
  19.049    9.716   21.541
  18.482   11.175   21.528
  22.697   10.176   21.820
  21.243    9.610   21.701
  48.743   42.918   16.162
  49.213   43.088   14.908
  48.285   42.886   14.049
  47.157   42.580   14.553
  47.484   42.597   16.185
  46.475   42.344   16.096
  47.497   42.558   17.261
  48.452   42.969   13.046
  47.331   42.642   14.089
  37.272   17.594    9.213
  37.622   16.358    8.801
  36.847   15.476    9.314
  35.944   15.948   10.077
  36.250   17.583   10.016
  35.428   17.466   10.650
  36.288   18.656   10.105
  36.958   14.481    9.117
  36.074   15.490    9.924
  47.666   42.133    8.101
  47.146   40.905    8.313
  48.078   40.054    8.534
  49.254   40.541    8.506
  48.964   42.145    8.173
  50.000   42.050    8.251
  48.980   43.202    7.966
  47.877   39.071    8.716
  49.061   40.086    8.584
   3.727   22.465   44.176
   2.869   21.684   44.865
   1.899   22.381   45.328
   1.958   23.620   45.044
   3.361   23.712   44.154
   2.981   24.684   44.195
   4.225   23.972   43.565
   1.149   21.962   45.878
   1.640   23.331   45.299
  12.482   10.727   32.480
  13.043   11.950   32.371
  14.250   11.856   31.951
  14.641   10.664   31.735
  13.294    9.772   32.136
  14.020    9.082   31.840
  12.539    9.034   32.344
  14.836   12.678   31.806
  14.849   11.117   31.695
  33.509   19.997   46.324
  34.750   20.528   46.357
  34.701   21.797   46.181
  33.527   22.261   46.018
  32.587   20.891   46.124
  31.926   21.683   45.961
  31.823   20.134   46.162
  35.543   22.372   46.174
  33.987   22.458   46.030
  41.004    6.605   42.737
  41.932    5.642   42.922
  42.418    5.706   44.106
  41.932    6.637   44.825
  40.837    7.347   43.791
  40.778    7.882   44.686
  40.091    7.932   43.280
  43.135    5.057   44.430
  42.275    6.280   44.893
  24.235   20.988   10.066
  23.315   21.975   10.041
  22.174   21.518    9.679
  22.161   20.270    9.431
  23.741   19.835    9.722
  23.250   18.961    9.433
  24.701   19.366    9.858
  21.353   22.119    9.602
  21.820   20.636    9.422
   4.545   21.896   42.214
   4.705   22.705   41.146
   5.949   22.847   40.871
   6.735   22.210   41.644
   5.676   21.467   42.691
   6.632   21.180   42.995
   5.161   20.910   43.455
   6.266   23.425   40.093
   6.794   22.510   41.248
  29.718   48.379   21.335
  29.311   47.883   22.523
  29.896   46.771   22.771
  30.709   46.390   21.868
  30.591   47.615   20.747
  31.282   46.935   20.360
  30.652   48.297   19.917
  29.715   46.246   23.626
  30.558   46.207   22.308
  16.682    0.879   36.166
  17.669    1.607   36.730
  17.464    1.744   37.987
  16.406    1.180   38.413
  15.782    0.504   37.026
  15.118    0.255   37.792
  15.229   -0.000   36.252
  18.106    2.266   38.583
  16.771    1.450   38.622
   5.514    3.221    4.961
   6.554    3.541    5.760
   7.285    4.438    5.210
   6.881    4.818    4.064
   5.514    3.893    3.848
   5.603    4.480    2.990
   4.615    3.392    3.528
   8.120    4.807    5.666
   7.266    4.936    4.360
   6.311    7.588    5.273
   5.412    6.590    5.140
   4.222    7.061    5.075
   4.153    8.330    5.149
   5.753    8.762    5.302
   5.211    9.654    5.315
   6.716    9.233    5.408
   3.408    6.456    4.973
   3.820    7.960    5.099
  16.559   34.258   26.281
  17.013   33.436   25.311
  18.004   32.744   25.735
  18.332   32.978   26.942
  17.232   34.144   27.388
  17.831   33.978   28.226
  16.616   34.893   27.857
  18.480   32.065   25.141
  18.500   32.673   26.583
  40.798   15.700   33.926
  39.818   14.775   34.015
  40.025   13.995   35.010
  41.079   14.256   35.674
  41.695   15.569   34.858
  42.357   15.381   35.642
  42.243   16.411   34.470
  39.388   13.232   35.237
  40.716   13.914   35.708
   6.361   47.785   33.346
   6.336   47.911   32.002
   6.542   49.129   31.661
   6.720   49.927   32.637
   6.585   48.914   33.951
   6.770   49.866   34.338
   6.532   48.428   34.910
   6.560   49.419   30.683
   6.711   49.974   32.139
  14.595   47.245   24.238
  15.394   48.133   23.609
  15.495   49.212   24.294
  14.838   49.207   25.384
  14.134   47.699   25.366
  13.819   48.154   26.251
  13.597   46.780   25.533
  16.059   50.000   23.977
  15.134   49.536   25.151
  40.830   32.061   14.518
  39.787   32.074   13.661
  40.198   31.981   12.451
  41.462   31.901   12.329
  41.975   31.960   13.911
  42.839   31.877   13.331
  42.494   31.983   14.854
  39.551   31.974   11.662
  41.076   31.905   12.011
  10.187   34.444   13.944
   9.041   34.656   14.626
   8.835   35.911   14.782
   9.731   36.658   14.274
  10.787   35.550   13.620
  11.189   36.491   13.409
  11.577   34.999   13.139
   8.016   36.265   15.275
   9.307   36.737   14.526
   3.362   48.853   16.643
   3.812   47.582   16.574
   2.899   46.761   16.944
   1.803   47.310   17.284
   2.133   48.926   17.061
   1.148   48.877   17.404
   2.154   50.000   16.981
   3.056   45.753   16.958
   1.970   46.839   17.259
  35.833   33.225    5.405
  35.788   31.934    5.013
  35.537   31.853    3.758
  35.391   32.976    3.177
  35.615   34.053    4.426
  35.429   34.631    3.577
  35.727   34.893    5.091
  35.463   30.955    3.281
  35.374   32.498    3.032
   5.763   28.729   31.763
   7.099   28.536   31.750
   7.716   29.660   31.745
   6.954   30.679   31.753
   5.440   29.989   31.767
   5.286   31.021   31.770
   4.393   29.736   31.777
   8.734   29.715   31.735
   7.449   30.608   31.748
  27.231   40.148   33.446
  26.611   40.378   34.623
  25.647   39.551   34.793
  25.493   38.719   33.842
  26.703   39.158   32.788
  26.210   38.354   32.341
  27.415   39.289   31.990
  25.062   39.571   35.628
  25.263   38.805   34.278
  35.544   13.371   26.978
  35.026   12.711   28.036
  34.418   13.523   28.819
  34.436   14.737   28.436
  35.300   14.647   27.016
  35.051   15.654   27.140
  35.828   14.792   26.089
  33.961   13.206   29.674
  34.244   14.492   28.828
  21.437   39.027   17.774
  22.623   39.224   18.388
  23.378   39.977   17.677
  22.858   40.360   16.581
  21.358   39.640   16.630
  21.394   40.169   15.731
  20.360   39.265   16.481
  24.316   40.238   17.980
  23.297   40.434   16.808
   5.882   30.501   24.103
   4.975   31.500   24.148
   5.501   32.604   23.765
   6.727   32.516   23.436
   7.047   30.903   23.688
   7.939   31.323   23.346
   7.443   29.906   23.787
   4.967   33.472   23.732
   6.391   32.886   23.453
   8.985   39.268   26.991
   9.548   39.784   25.877
   9.258   41.027   25.761
   8.524   41.486   26.694
   8.299   40.148   27.658
   7.776   40.925   28.118
   8.042   39.408   28.398
   9.595   41.588   24.979
   8.732   41.677   26.282
  19.208    4.661   20.499
  18.720    4.862   19.256
  17.447    5.004   19.290
  16.939    4.926   20.455
  18.279    4.662   21.407
  17.461    4.679   22.057
  19.010    4.488   22.178
  16.900    5.165   18.444
  16.759    5.000   19.994
   9.307   10.839   25.504
   9.682   10.785   26.800
  10.744   11.476   26.990
  11.197   12.044   25.945
  10.106   11.569   24.783
  10.803   12.172   24.293
   9.515   11.373   23.903
  11.178   11.554   27.910
  11.336   12.024   26.425
  16.256   17.506   35.703
  15.578   16.801   34.773
  15.819   15.548   34.894
  16.622   15.255   35.837
  16.974   16.750   36.478
  17.515   16.059   37.044
  17.321   17.612   37.023
  15.395   14.855   34.277
  16.371   14.994   35.493
  16.108   46.060    5.491
  15.433   44.979    5.938
  15.798   43.927    5.304
  16.689   44.129    4.418
  16.946   45.768    4.541
  17.587   45.432    3.789
  17.249   46.799    4.471
  15.397   43.011    5.505
  16.439   43.728    4.584
   8.082   44.341   46.745
   8.452   45.488   47.352
   9.540   45.319   48.009
  10.015   44.140   47.945
   8.908   43.364   46.975
   9.629   42.649   47.218
   8.313   42.698   46.373
   9.975   46.077   48.534
  10.153   44.565   48.170
  12.977   48.467   48.068
  14.307   48.568   47.858
  14.544   48.989   46.670
  13.503   49.211   45.973
  12.278   48.817   47.029
  11.811   49.117   46.145
  11.362   48.613   47.557
  15.494   49.128   46.328
  13.995   49.249   45.895
   1.905    9.768   46.690
   2.503    8.766   46.010
   1.859    8.507   44.933
   0.828    9.230   44.749
   0.840   10.213   46.092
   0.005   10.497   45.534
   0.679   10.930   46.879
   2.161    7.777   44.287
   1.049    8.859   44.497
  42.359   13.972   39.906
  41.269   13.177   39.949
  40.734   13.083   38.789
  41.332   13.742   37.878
  42.591   14.438   38.714
  42.690   14.757   37.725
  43.456   14.970   39.074
  39.898   12.523   38.625
  40.928   13.447   37.895
   8.668   35.043   17.727
   9.456   33.948   17.779
  10.645   34.232   17.394
  10.815   35.448   17.059
   9.302   36.097   17.307
   9.899   36.881   16.961
   8.410   36.692   17.403
  11.384   33.529   17.365
  11.107   35.042   17.078
  -0.000   44.446   31.879
   0.133   45.771   32.097
   0.983   45.991   33.030
   1.499   44.941   33.531
   0.756   43.733   32.659
   1.398   43.253   33.329
   0.389   42.825   32.211
   1.216   46.936   33.335
   1.548   45.432   33.611
  36.052   41.544   26.704
  36.951   40.697   26.160
  36.537   39.487   26.245
  35.402   39.357   26.806
  35.005   40.931   27.170
  34.210   40.347   27.512
  34.577   41.868   27.484
  37.084   38.704   25.887
  35.735   39.043   26.605
   7.138    4.566   45.981
   8.268    5.303   46.023
   8.018    6.488   46.441
   6.794    6.702   46.717
   6.092    5.233   46.370
   5.318    5.852   46.697
   5.463    4.374   46.204
   8.751    7.190   46.540
   7.212    6.974   46.732
   2.485   31.662   44.258
   1.923   30.439   44.375
   0.645   30.531   44.390
   0.201   31.720   44.294
   1.602   32.613   44.190
   0.817   33.301   44.144
   2.381   33.352   44.112
   0.047   29.709   44.472
  -0.007   31.268   44.337
   0.416   11.223    5.238
  -0.000   11.213    6.523
   0.555   12.160    7.183
   1.354   12.880    6.502
   1.265   12.177    4.996
   1.937   12.971    4.904
   1.342   11.868    3.967
   0.363   12.311    8.173
   1.200   12.876    6.977
  10.624    1.633    0.846
  11.657    1.386    0.012
  12.769    1.697    0.569
  12.655    2.157    1.751
  11.008    2.117    1.989
  11.418    2.500    2.870
   9.987    2.168    2.328
  13.662    1.581    0.091
  13.038    2.065    1.442
  31.288   24.154   25.333
  30.499   23.631   24.370
  31.180   23.391   23.311
  32.415   23.689   23.400
  32.524   24.281   24.952
  33.486   24.342   24.551
  32.794   24.691   25.911
  30.754   22.992   22.475
  32.122   23.496   23.044
   5.884   39.327   12.805
   4.956   38.445   12.379
   5.182   37.282   12.868
   6.202   37.218   13.626
   6.764   38.785   13.594
   7.416   38.257   14.215
   7.273   39.728   13.700
   4.583   36.484   12.657
   5.858   36.892   13.468
  22.614   18.356   22.736
  23.636   19.235   22.810
  24.759   18.632   22.680
  24.665   17.374   22.514
  23.018   17.134   22.553
  23.443   16.192   22.407
  22.000   16.782   22.549
  25.646   19.134   22.710
  25.043   17.699   22.542
  48.384   25.331   39.796
  47.632   26.129   40.584
  47.745   25.784   41.813
  48.519   24.793   42.013
  49.025   24.423   40.471
  49.495   23.736   41.101
  49.461   24.036   39.565
  47.249   26.273   42.558
  48.240   25.088   42.305
  31.514   35.501   46.972
  30.942   36.629   47.444
  29.664   36.531   47.417
  29.230   35.423   46.965
  30.639   34.609   46.614
  29.860   33.963   46.355
  31.425   33.931   46.325
  29.059   37.288   47.736
  29.018   35.841   47.139
  44.648    5.139   34.409
  43.789    4.983   35.438
  42.585    4.891   35.009
  42.469    4.965   33.744
  44.049    5.157   33.255
  43.475    5.158   32.383
  44.991    5.286   32.750
  41.796    4.768   35.643
  42.151    4.907   34.125
   6.623   15.602   19.280
   7.370   14.547   19.670
   7.443   13.676   18.733
   6.813   13.990   17.672
   6.171   15.473   18.068
   5.858   15.275   17.092
   5.676   16.428   18.135
   7.967   12.808   18.844
   7.090   13.599   17.817
  39.130   42.394    6.603
  37.797   42.605    6.552
  37.242   41.780    5.744
  38.046   40.968    5.185
  39.512   41.420    5.831
  39.715   40.627    5.183
  40.536   41.562    6.132
  36.236   41.787    5.574
  37.553   41.046    5.166
   2.158   42.171   44.973
   2.190   43.406   44.428
   3.374   43.892   44.483
   4.233   43.125   45.026
   3.320   41.789   45.413
   4.291   41.577   45.733
   2.905   40.850   45.738
   3.594   44.819   44.119
   4.245   43.582   44.823
   5.990    2.146   41.573
   5.893    3.415   41.122
   6.813    4.146   41.633
   7.593    3.531   42.429
   6.979    1.984   42.401
   7.795    1.959   43.051
   6.734    0.941   42.514
   6.900    5.137   41.409
   7.557    4.001   42.262
  19.490    0.865   23.216
  20.464    0.196   23.869
  21.604    0.421   23.330
  21.567    1.203   22.327
  19.946    1.561   22.217
  20.409    2.083   21.441
  18.952    1.908   21.986
  22.462   -0.001   23.687
  21.928    0.955   22.568
  31.527   -0.000   30.647
  32.750    0.048   31.216
  32.791    0.956   32.119
  31.701    1.594   32.275
  30.707    0.874   31.149
  30.130    1.608   31.617
  29.923    0.541   30.490
  33.636    1.140   32.659
  32.154    1.611   32.485
  27.916   31.493   34.358
  26.775   31.732   35.039
  26.287   30.639   35.497
  26.966   29.600   35.216
  28.230   30.231   34.337
  28.394   29.201   34.378
  29.112   30.445   33.756
  25.424   30.621   36.040
  26.543   29.689   35.468
   7.169   18.606   18.206
   7.163   19.637   19.077
   6.380   20.566   18.669
   5.799   20.317   17.565
   6.390   18.809   17.185
   5.741   19.068   16.410
   6.655   17.850   16.773
   6.246   21.428   19.198
   5.796   20.699   17.887
  31.830   19.262   32.295
  30.697   19.813   32.781
  29.672   19.343   32.172
  29.941   18.487   31.270
  31.601   18.405   31.344
  31.313   17.739   30.594
  32.657   18.215   31.241
  28.724   19.642   32.404
  29.521   18.690   31.450
  21.611   38.811   34.376
  20.495   38.257   33.856
  19.516   39.082   33.912
  19.804   40.208   34.431
  21.417   40.025   34.798
  21.158   40.989   35.105
  22.446   40.099   35.107
  18.588   38.839   33.566
  19.390   40.002   34.238
   4.358   33.501   33.107
   4.855   34.380   32.212
   4.673   35.584   32.614
   4.080   35.680   33.736
   3.825   34.085   34.139
   3.425   34.648   34.922
   3.573   33.130   34.568
   4.984   36.387   32.067
   4.265   36.006   33.404
   9.913    1.358   10.743
  10.167    0.400   11.659
  11.029    0.812   12.513
  11.443    1.999   12.314
  10.596    2.444   10.952
  11.188    3.266   11.205
  10.149    2.910   10.090
  11.347    0.224   13.284
  11.537    1.644   12.653
   4.099   28.942   27.734
   5.089   28.046   27.934
   4.604   26.883   28.166
   3.332   26.831   28.156
   2.917   28.408   27.825
   2.017   27.886   27.919
   2.455   29.360   27.623
   5.202   26.075   28.341
   3.699   26.499   28.230
   3.123   13.018   40.397
   4.319   12.519   40.775
   5.268   13.296   40.406
   4.884   14.337   39.783
   3.231   14.147   39.762
   3.424   15.045   39.265
   2.161   14.202   39.647
   6.246   13.084   40.603
   5.327   14.152   39.923
  22.811   34.852   32.675
  22.062   35.247   33.727
  21.963   34.304   34.588
  22.575   33.234   34.271
  23.239   33.631   32.797
  23.531   32.647   32.989
  23.744   33.697   31.848
  21.433   34.417   35.452
  22.298   33.380   34.660
  28.386   24.108   31.134
  29.105   24.744   32.084
  29.476   23.920   32.993
  29.096   22.720   32.804
  28.252   22.837   31.375
  28.203   21.834   31.658
  27.676   22.712   30.473
  30.030   24.219   33.796
  29.362   22.956   33.156
  39.829   42.414   23.986
  39.493   41.653   22.923
  39.757   42.267   21.829
  40.263   43.424   21.984
  40.330   43.563   23.641
  40.718   44.455   23.261
  40.454   43.837   24.675
  39.570   41.848   20.919
  40.138   43.143   21.590
  23.110    3.030    2.956
  23.429    2.006    3.776
  23.334    0.888    3.158
  22.970    0.988    1.942
  22.790    2.632    1.761
  22.551    2.212    0.835
  22.621    3.650    1.451
  23.537   -0.000    3.616
  23.088    0.608    2.246
   7.158   38.108   21.311
   6.113   37.318   21.638
   5.251   37.297   20.689
   5.562   38.005   19.679
   7.031   38.642   20.133
   6.835   39.020   19.180
   7.976   39.147   20.244
   4.391   36.752   20.755
   5.175   37.712   19.800
  17.010   29.187   29.736
  17.387   30.484   29.757
  18.665   30.581   29.740
  19.278   29.467   29.709
  18.023   28.373   29.706
  18.900   27.806   29.682
  17.360   27.524   29.698
  19.136   31.486   29.751
  19.417   29.947   29.717
  14.397   21.759   18.406
  13.108   22.104   18.610
  12.817   22.041   19.857
  13.781   21.678   20.604
  15.014   21.454   19.509
  15.416   21.229   20.446
  15.923   21.258   18.965
  11.885   22.266   20.204
  13.303   21.805   20.680
  28.189    5.108    2.344
  27.130    5.845    2.741
  26.448    6.234    1.728
  26.907    5.850    0.605
  28.252    4.978    1.052
  28.214    4.934    0.010
  29.146    4.384    1.141
  25.609    6.805    1.830
  26.515    6.123    0.751
  47.969   39.311   15.445
  46.821   39.716   14.861
  47.070   40.381   13.794
  48.308   40.509   13.529
  49.025   39.692   14.789
  49.806   40.044   14.192
  49.665   39.215   15.513
  46.324   40.769   13.216
  47.883   40.659   13.313
  17.445   12.571   12.355
  18.124   13.699   12.652
  19.382   13.525   12.477
  19.702   12.362   12.074
  18.224   11.604   11.971
  18.932   10.896   11.676
  17.377   10.951   11.841
  20.057   14.269   12.652
  19.954   12.779   12.184
  25.584   33.891   44.528
  26.324   32.938   43.922
  26.912   33.415   42.888
  26.675   34.646   42.668
  25.652   35.038   43.921
  25.773   35.912   43.362
  24.991   35.480   44.647
  27.517   32.841   42.300
  26.949   34.293   42.443
  44.658   46.138   11.527
  43.773   45.118   11.493
  42.946   45.272   10.526
  43.137   46.322    9.832
  44.453   47.009   10.584
  44.206   47.647    9.795
  45.285   47.599   10.928
  42.203   44.599   10.341
  42.809   45.944    9.819
  48.119   17.385   48.061
  48.017   18.730   47.993
  46.788   19.090   48.015
  45.959   18.127   48.094
  46.961   16.799   48.131
  45.987   16.427   48.183
  47.435   15.833   48.166
  46.513   20.071   47.972
  45.921   18.625   48.069
  13.153    8.947   26.941
  13.879    7.837   26.686
  15.067    8.151   26.323
  15.293    9.403   26.284
  13.830   10.041   26.757
  14.458   10.857   26.582
  12.977   10.635   27.039
  15.763    7.443   26.088
  15.562    8.992   26.190
  46.272    4.601   41.794
  47.349    5.027   41.101
  48.319    5.294   41.896
  48.058    5.105   43.127
  46.483    4.569   43.077
  46.752    4.580   44.085
  45.481    4.212   43.248
  49.219    5.630   41.553
  48.457    5.262   42.870
  14.347   27.293    6.685
  13.821   27.740    5.524
  12.546   27.828    5.612
  12.071   27.485    6.742
  13.441   27.068    7.590
  12.640   26.918    8.243
  14.197   26.758    8.291
  11.973   28.148    4.831
  11.876   27.650    6.312
  40.481   23.363   24.525
  39.629   23.053   25.526
  38.416   23.234   25.155
  38.287   23.654   23.960
  39.868   23.761   23.451
  39.283   24.067   22.642
  40.809   23.896   22.945
  37.630   23.052   25.779
  37.971   23.539   24.331
  34.905   21.838   23.919
  34.714   20.683   23.247
  35.262   19.705   23.869
  35.848   20.030   24.950
  35.588   21.673   25.013
  36.140   21.436   25.867
  35.526   22.726   25.229
  35.222   18.750   23.512
  35.778   19.602   24.701
  28.634   23.587   47.858
  27.660   22.748   48.271
  27.978   22.206   49.388
  29.108   22.569   49.847
  29.636   23.636   48.684
  30.387   23.604   49.409
  30.143   24.345   48.052
  27.364   21.540   49.857
  28.747   22.258   50.000
   2.676   38.442   32.350
   2.071   37.419   32.990
   0.830   37.363   32.677
   0.453   38.258   31.854
   1.860   39.106   31.586
   1.128   39.570   31.004
   2.655   39.769   31.287
   0.208   36.652   33.063
   0.229   37.879   32.092
  11.244   44.002   31.601
  10.290   43.205   31.075
   9.325   43.908   30.608
   9.476   45.165   30.740
  10.951   45.265   31.505
  10.624   46.248   31.379
  11.874   45.532   31.992
   8.510   43.479   30.169
   9.122   44.870   30.545
  29.584   27.026   11.774
  28.580   27.899   11.545
  27.906   28.101   12.616
  28.320   27.451   13.629
  29.616   26.613   13.007
  29.556   26.344   14.014
  30.473   25.996   12.794
  27.105   28.732   12.638
  27.948   27.774   13.545
  39.220    3.507   18.588
  38.616    3.081   19.717
  38.964    3.806   20.715
  39.780    4.740   20.428
  39.993    4.532   18.791
  40.586    5.349   19.057
  40.257    4.559   17.747
  38.609    3.635   21.655
  39.556    4.582   20.846
  14.008   26.562   40.272
  14.616   27.759   40.416
  13.954   28.675   39.811
  12.900   28.265   39.227
  12.919   26.636   39.567
  12.063   26.801   38.991
  12.757   25.577   39.677
  14.260   29.648   39.809
  13.125   28.708   39.280
  22.553   33.095   11.469
  22.239   34.165   10.707
  21.463   34.960   11.345
  21.167   34.575   12.522
  21.996   33.137   12.643
  21.506   33.265   13.556
  22.452   32.199   12.910
  21.119   35.825   10.930
  21.051   34.971   12.240
   7.750   48.811   28.936
   8.143   49.282   27.733
   9.097   48.570   27.261
   9.454   47.603   28.008
   8.429   47.767   29.310
   9.028   46.937   29.517
   7.864   47.708   30.225
   9.525   48.774   26.358
   9.599   47.778   27.563
   5.545   30.989   40.654
   5.161   31.310   39.400
   4.398   30.400   38.917
   4.179   29.424   39.704
   5.053   29.854   41.053
   4.609   28.936   41.277
   5.549   29.956   42.004
   4.008   30.468   37.977
   4.036   29.543   39.239
  11.627   32.295   46.647
  12.208   31.545   45.686
  12.772   30.516   46.199
  12.663   30.431   47.465
  11.782   31.793   47.836
  11.962   31.310   48.744
  11.228   32.608   48.270
  13.265   29.830   45.627
  12.878   30.153   47.109
  19.215   15.476   19.730
  18.070   15.941   19.186
  18.022   17.219   19.265
  19.034   17.751   19.824
  19.971   16.426   20.193
  20.502   17.259   20.531
  20.708   15.707   20.510
  17.229   17.751   18.905
  18.610   17.924   19.622
  42.689    9.650   26.803
  42.174    8.418   27.005
  42.403    7.664   25.994
  43.046    8.227   25.051
  43.279    9.762   25.650
  43.727    9.749   24.707
  43.527   10.789   25.860
  42.088    6.694   25.964
  42.855    7.771   25.126
  44.666   39.528   50.000
  45.760   40.318   50.000
  46.828   39.609   50.000
  46.625   38.353   50.000
  44.964   38.262   50.000
  45.306   37.276   50.000
  43.919   38.001   50.000
  47.755   40.033   50.000
  47.031   38.645   50.000
  30.032   22.241    4.201
  30.759   23.094    3.449
  31.662   22.461    2.796
  31.672   21.204    2.996
  30.423   21.008    4.078
  30.811   20.053    3.909
  29.664   20.682    4.769
  32.311   22.940    2.172
  31.942   21.520    2.717
  18.600   48.146   21.116
  19.453   47.186   21.530
  20.662   47.506   21.249
  20.786   48.628   20.660
  19.208   49.143   20.545
  19.788   49.891   20.104
  18.267   49.641   20.378
  21.448   46.902   21.486
  21.102   48.272   20.813
  33.124   19.469    9.969
  31.939   18.870    9.725
  31.670   18.015   10.641
  32.554   17.923   11.552
  33.688   19.036   11.057
  34.057   18.623   11.943
  34.524   19.699   10.906
  30.813   17.462   10.627
  32.116   17.701   11.462
  49.463   21.790   26.914
  49.235   22.434   25.750
  48.048   22.198   25.330
  47.366   21.431   26.082
  48.436   21.101   27.314
  47.560   20.582   27.546
  48.975   20.774   28.187
  47.694   22.600   24.462
  47.282   21.669   25.651
  46.511    6.472   26.654
  47.608    6.105   25.957
  47.286    5.735   24.774
  46.039    5.793   24.524
  45.417    6.360   25.960
  44.601    6.234   25.322
  44.834    6.714   26.793
  47.984    5.422   24.099
  46.446    5.657   24.266
  21.695    3.384    5.839
  20.740    4.263    5.467
  21.231    5.158    4.693
  22.474    5.025    4.454
  22.857    3.661    5.327
  23.743    3.969    4.868
  23.295    2.809    5.820
  20.658    5.910    4.309
  22.120    5.350    4.316
  38.980   24.044   35.010
  39.974   24.871   34.623
  39.586   26.092   34.667
  38.384   26.249   35.055
  37.892   24.682   35.326
  37.072   25.286   35.556
  37.396   23.754   35.555
  40.203   26.862   34.410
  38.752   26.555   34.912
  40.963   23.580    3.201
  40.200   24.058    4.207
  40.242   23.269    5.217
  40.974   22.241    5.052
  41.542   22.456    3.503
  41.959   21.561    3.841
  42.009   22.419    2.532
  39.727   23.465    6.075
  40.691   22.417    5.425
  22.159   49.657   46.930
  23.009   49.439   47.956
  24.224   49.484   47.552
  24.357   49.719   46.308
  22.777   49.856   45.804
  23.365   50.003   44.954
  21.837   49.978   45.292
  25.008   49.342   48.188
  24.672   49.638   46.689
  10.979   18.084   15.880
   9.895   18.510   15.197
   9.007   18.965   16.001
   9.334   18.916   17.230
  10.853   18.239   17.165
  10.655   18.406   18.176
  11.831   17.819   17.327
   8.116   19.333   15.667
   8.933   19.074   16.977
  41.554   35.057   17.774
  40.770   35.720   18.650
  39.578   35.251   18.631
  39.402   34.291   17.814
  40.914   34.121   17.139
  40.312   33.398   16.685
  41.805   33.859   16.593
  38.842   35.627   19.229
  39.112   34.536   18.139
  24.517   19.065   35.913
  25.155   20.018   35.201
  26.282   20.303   35.739
  26.543   19.644   36.796
  25.196   18.680   36.953
  25.816   18.441   37.758
  24.418   17.984   37.222
  26.907   21.004   35.341
  26.779   19.997   36.532
  35.017   12.288   44.044
  33.735   12.659   44.243
  33.232   13.136   43.165
  34.030   13.154   42.175
  35.417   12.505   42.826
  35.640   12.717   41.829
  36.393   12.113   43.060
  32.269   13.469   43.122
  33.555   13.291   42.248
  48.916   20.118   19.347
  47.676   20.641   19.453
  46.826   19.729   19.751
  47.326   18.565   19.877
  48.939   18.837   19.569
  48.850   17.815   19.764
  50.002   18.811   19.403
  45.835   19.936   19.874
  46.866   18.759   19.916
  10.221   20.790    4.495
  10.413   20.916    5.825
  11.512   21.532    6.064
  12.158   21.878    5.024
  11.183   21.317    3.798
  12.002   21.768    3.332
  10.696   21.033    2.881
  11.827   21.721    7.016
  12.230   21.925    5.517
  31.977    4.960   27.591
  31.129    4.854   28.636
  30.662    3.663   28.717
  31.091    2.867   27.821
  32.108    3.844   26.938
  32.144    2.905   26.483
  32.798    4.308   26.253
  30.003    3.391   29.447
  30.776    2.828   28.208
   5.091   11.920   15.500
   4.131   11.009   15.238
   2.984   11.574   15.158
   3.003   12.834   15.338
   4.620   13.127   15.605
   4.144   14.054   15.669
   5.607   13.513   15.796
   2.134   11.043   14.965
   2.648   12.496   15.241
  47.066    4.046   35.892
  46.402    5.222   35.921
  47.226    6.203   35.925
  48.452    5.862   35.901
  48.357    4.201   35.875
  49.375    4.431   35.864
  48.500    3.133   35.856
  46.909    7.172   35.945
  48.207    6.297   35.912
  35.031   36.989   39.391
  34.574   36.435   40.535
  34.436   35.168   40.398
  34.751   34.726   39.247
  35.214   36.111   38.449
  35.327   35.332   37.764
  35.548   36.882   37.775
  34.100   34.578   41.158
  34.582   34.521   39.670
  10.821    8.664   26.731
  10.657    9.017   25.439
  11.013    8.061   24.662
  11.432    7.021   25.265
  11.294    7.460   26.865
  11.673    6.488   26.864
  11.279    7.557   27.937
  10.960    8.144   23.647
  11.371    7.152   24.786
  37.159   26.936   29.507
  37.207   28.225   29.107
  38.376   28.713   29.302
  39.208   27.898   29.815
  38.294   26.518   29.983
  39.244   26.280   30.346
  37.874   25.544   30.170
  38.603   29.677   29.061
  39.226   28.375   29.667
  37.438   44.059   36.102
  38.053   45.230   36.374
  39.246   45.024   36.795
  39.577   43.797   36.861
  38.199   43.030   36.331
  38.886   42.273   36.545
  37.414   42.361   36.019
  39.866   45.792   37.052
  39.805   44.231   36.962
  19.186   45.734   46.763
  19.417   44.480   46.321
  18.992   44.341   45.120
  18.462   45.387   44.625
  18.598   46.478   45.874
  18.129   46.989   45.094
  18.595   47.314   46.553
  19.080   43.458   44.616
  18.547   44.922   44.461
  34.127   46.429    1.962
  33.256   45.640    1.296
  32.050   46.007    1.527
  31.944   47.004    2.311
  33.533   47.350    2.661
  32.964   48.049    3.187
  34.484   47.724    3.003
  31.252   45.528    1.110
  31.621   46.712    2.064
  45.581   22.454   43.405
  44.408   23.121   43.361
  43.605   22.565   42.531
  44.078   21.537   41.949
  45.604   21.429   42.606
  45.521   20.632   41.937
  46.610   21.194   42.911
  42.668   22.929   42.362
  43.644   21.784   41.933
  10.263    5.207   47.097
  10.378    3.978   46.550
   9.759    3.110   47.261
   9.189    3.585   48.295
   9.563    5.204   48.192
   8.989    5.095   49.058
   9.697    6.267   48.299
   9.735    2.123   47.005
   9.232    3.130   48.093
  15.003   21.826   16.261
  16.117   22.310   16.850
  16.997   22.613   15.969
  16.634   22.398   14.768
  15.098   21.790   14.965
  15.273   21.801   13.936
  14.103   21.384   14.889
  17.907   22.995   16.225
  17.047   22.577   14.986
  38.018   16.912   44.100
  37.263   16.383   43.113
  36.124   16.968   43.055
  35.962   17.892   43.916
  37.410   17.869   44.736
  36.838   18.621   45.181
  38.265   18.007   45.376
  35.417   16.703   42.369
  35.682   17.696   43.550
  15.518   40.058   22.591
  16.864   40.023   22.688
  17.272   38.821   22.863
  16.343   37.951   22.904
  14.979   38.881   22.696
  14.645   37.896   22.793
  13.995   39.304   22.577
  18.262   38.596   22.959
  16.842   37.938   22.941
  47.037   42.933   23.167
  46.414   42.568   22.026
  46.813   41.410   21.646
  47.683   40.877   22.407
  47.874   42.032   23.590
  48.518   41.250   23.844
  48.133   42.648   24.435
  46.453   40.967   20.801
  47.452   40.742   21.985
  37.657   49.584    8.267
  36.708   48.677    8.583
  37.180   47.488    8.509
  38.403   47.427    8.164
  38.796   49.033    7.971
  39.664   48.495    7.751
  39.237   50.000    7.797
  36.608   46.668    8.713
  38.052   47.091    8.281
  15.278    4.471   25.736
  15.321    5.592   24.985
  14.909    5.352   23.795
  14.561    4.145   23.591
  14.837    3.442   25.075
  14.472    2.682   24.459
  14.947    2.816   25.944
  14.870    6.080   23.082
  14.577    4.560   23.313
  22.069   14.422   28.957
  23.061   15.219   29.407
  22.663   16.435   29.481
  21.455   16.616   29.124
  20.973   15.076   28.714
  20.145   15.691   28.551
  20.481   14.169   28.407
  23.276   17.184   29.801
  21.822   16.911   29.290
  25.541   39.093   49.345
  25.648   40.437   49.270
  26.878   40.787   49.185
  27.703   39.817   49.190
  26.696   38.498   49.314
  27.668   38.117   49.281
  26.219   37.535   49.390
  27.156   41.766   49.119
  27.742   40.315   49.162
  20.669   11.298    4.169
  21.603   11.650    3.260
  21.052   11.962    2.145
  19.782   11.872    2.143
  19.461   11.361    3.694
  18.534   11.444    3.220
  19.057   11.035    4.638
  21.600   12.255    1.337
  20.128   12.002    1.806
  31.225   13.724   34.610
  30.694   12.506   34.375
  30.153   12.467   33.213
  30.235   13.555   32.558
  31.059   14.543   33.614
  30.874   15.120   32.764
  31.574   15.323   34.149
  29.699   11.626   32.859
  30.038   13.103   32.471
  23.582   14.067   39.747
  24.659   14.840   39.494
  25.702   14.358   40.062
  25.497   13.288   40.721
  23.867   13.041   40.494
  24.197   12.253   41.094
  22.841   12.715   40.464
  26.614   14.807   39.984
  25.896   13.575   40.627
  27.367   28.539   37.309
  27.206   27.214   37.508
  26.235   26.995   38.316
  25.654   28.046   38.739
  26.509   29.253   37.976
  25.781   29.733   38.549
  26.934   30.161   37.581
  25.963   26.050   38.587
  25.595   27.555   38.813
  28.242    2.072   40.489
  26.902    2.197   40.591
  26.493    1.752   41.721
  27.415    1.304   42.475
  28.776    1.539   41.547
  29.105    1.105   42.438
  29.756    1.608   41.107
  25.506    1.764   41.979
  26.918    1.350   42.513
  12.392    8.552   21.135
  11.196    8.954   21.616
  11.119   10.233   21.619
  12.158   10.824   21.181
  13.157    9.549   20.801
  13.691   10.414   20.563
  13.935    8.869   20.497
  10.287   10.722   21.949
  11.715   10.973   21.359
  13.966   21.433   12.132
  13.107   20.407   12.315
  12.199   20.413   11.411
  12.305   21.357   10.565
  13.662   22.160   11.098
  13.334   22.678   10.253
  14.505   22.804   11.284
  11.460   19.711   11.387
  11.987   20.977   10.633
  45.435   21.408   15.832
  44.477   21.200   16.760
  44.964   21.302   17.941
  46.208   21.570   17.975
  46.596   21.657   16.359
  47.482   21.847   16.879
  47.037   21.755   15.381
  44.389   21.176   18.773
  45.853   21.493   18.319
  32.759   46.137   29.518
  32.177   45.176   28.770
  32.764   44.050   28.948
  33.737   44.088   29.767
  33.755   45.688   30.223
  34.535   45.231   30.745
  33.925   46.669   30.635
  32.463   43.204   28.465
  33.522   43.732   29.490
  38.278   35.993   43.689
  38.483   34.735   43.244
  39.519   34.688   42.490
  40.107   35.805   42.332
  39.169   36.831   43.248
  39.930   37.420   42.842
  38.695   37.639   43.779
  39.832   33.818   42.059
  40.183   35.339   42.168
   8.745   24.662   47.908
   8.653   25.979   48.193
   9.457   26.291   49.142
  10.143   25.318   49.592
   9.613   24.048   48.656
  10.328   23.650   49.304
   9.403   23.115   48.160
   9.528   27.245   49.495
  10.109   25.806   49.697
   7.207   37.155   32.895
   8.314   37.797   32.463
   9.354   37.358   33.070
   9.120   36.440   33.920
   7.469   36.265   33.805
   7.782   35.578   34.526
   6.425   36.007   33.875
  10.285   37.724   32.875
   9.529   36.678   33.760
  27.078    7.310   39.565
  26.098    7.762   40.375
  26.235    7.284   41.557
  27.237    6.512   41.699
  27.906    6.515   40.175
  28.510    5.891   40.754
  28.477    6.390   39.271
  25.586    7.514   42.309
  26.874    6.679   42.000
   2.922   40.323   48.261
   1.966   39.632   47.604
   1.830   38.461   48.107
   2.605   38.216   49.086
   3.459   39.637   49.226
   3.824   39.007   49.974
   4.107   40.462   49.472
   1.153   37.793   47.741
   2.251   37.960   48.843
  42.354    0.634   40.856
  43.422   -0.001   40.327
  44.431    0.788   40.271
  44.209    1.960   40.713
  42.612    1.868   41.172
  42.918    2.842   41.389
  41.603    2.005   41.523
  45.331    0.484   39.899
  44.604    1.725   40.518
  28.418   11.205   28.145
  27.993    9.928   28.245
  27.870    9.590   29.475
  28.167   10.507   30.306
  28.594   11.766   29.304
  28.704   12.123   30.279
  28.903   12.683   28.831
  27.558    8.658   29.749
  28.009   10.034   30.343
   9.464   15.960   25.289
   8.659   16.956   25.715
   7.456   16.763   25.319
   7.291   15.705   24.631
   8.827   15.065   24.593
   8.227   14.406   24.050
   9.735   14.502   24.457
   6.704   17.414   25.544
   6.993   16.074   24.789
   9.738   39.848    8.375
   9.477   41.071    7.867
  10.065   41.979    8.553
  10.747   41.539    9.534
  10.511   39.896    9.420
  11.132   40.041   10.246
  10.480   38.823    9.511
   9.984   42.968    8.320
  10.650   41.992    9.346
   5.322   19.592   47.534
   4.272   19.779   48.363
   4.265   20.978   48.816
   5.221   21.706   48.396
   6.052   20.660   47.404
   6.570   21.565   47.367
   6.715   20.142   46.731
   3.544   21.306   49.459
   4.832   21.775   48.703
   0.339   17.560    5.915
   0.025   17.980    7.160
   1.062   17.966    7.914
   2.126   17.572    7.339
   1.596   17.251    5.794
   2.617   17.030    5.801
   1.448   16.992    4.759
   1.019   18.252    8.892
   2.010   17.727    7.800
  46.011   19.389   12.706
  45.624   18.391   11.883
  45.846   17.250   12.424
  46.368   17.310   13.583
  46.506   18.950   13.825
  46.884   18.499   14.687
  46.675   19.959   14.163
  45.618   16.377   11.950
  46.224   16.940   13.278
  34.889   30.993   17.991
  35.931   30.651   17.204
  36.847   31.546   17.254
  36.578   32.532   18.014
  35.072   32.129   18.596
  35.314   33.046   19.032
  34.111   32.046   19.075
  37.713   31.461   16.723
  36.964   32.405   17.722
  12.954   34.185   40.921
  11.859   34.972   40.855
  10.848   34.302   40.439
  11.095   33.079   40.187
  12.715   32.962   40.552
  12.420   32.011   40.238
  13.741   32.690   40.733
   9.930   34.729   40.324
  10.689   33.370   40.163
  44.219   20.338   10.723
  45.568   20.315   10.760
  46.037   21.507   10.793
  45.152   22.422   10.783
  43.738   21.545   10.730
  43.454   22.550   10.739
  42.732   21.162   10.696
  47.040   21.691   10.823
  45.652   22.414   10.797
  24.463   21.930   43.308
  23.525   21.750   42.355
  23.431   20.510   42.045
  24.220   19.745   42.687
  25.029   20.817   43.670
  25.420   19.874   43.889
  25.652   21.344   44.374
  22.772   20.179   41.340
  23.873   19.678   42.334
  21.498   29.821   46.036
  20.825   30.889   46.515
  20.086   31.401   45.602
  20.148   30.807   44.478
  21.233   29.582   44.786
  20.954   29.475   43.786
  21.903   28.739   44.789
  19.501   32.218   45.778
  19.899   31.202   44.655
  11.670   16.935   36.079
  12.992   17.200   36.152
  13.323   17.511   37.350
  12.360   17.500   38.183
  11.072   17.058   37.226
  10.687   17.184   38.189
  10.129   16.787   36.781
  14.284   17.745   37.600
  12.850   17.598   38.209
  47.643   44.092   42.178
  47.478   45.019   43.146
  47.638   44.493   44.304
  47.909   43.250   44.285
  47.919   42.915   42.655
  48.135   42.014   43.136
  47.970   42.506   41.660
  47.552   45.041   45.160
  47.848   43.593   44.644
  33.415   33.490   17.568
  33.807   34.550   18.306
  32.898   35.454   18.313
  31.858   35.161   17.640
  32.231   33.648   17.054
  31.279   33.872   16.690
  32.287   32.680   16.587
  33.015   36.331   18.820
  32.003   35.554   17.914
  33.637   40.513   19.009
  33.822   41.814   18.698
  34.764   41.941   17.838
  35.301   40.845   17.478
  34.449   39.726   18.368
  35.142   39.182   17.807
  34.019   38.864   18.850
  35.047   42.854   17.482
  35.369   41.327   17.363
  33.847   34.543   24.835
  35.052   34.098   25.250
  35.030   32.828   25.416
  33.908   32.283   25.160
  32.977   33.586   24.709
  32.355   32.749   24.640
  32.225   34.289   24.392
  35.852   32.311   25.728
  34.355   32.118   25.314
  28.167    6.475   23.719
  27.898    5.158   23.847
  26.645    4.938   23.688
  25.953    5.980   23.453
  27.104    7.181   23.471
  26.195    7.656   23.275
  27.692    8.084   23.443
  26.251    3.999   23.749
  25.853    5.492   23.500
  45.745    1.677   18.759
  46.975    1.453   18.250
  47.670    2.529   18.263
  47.065    3.542   18.740
  45.575    2.912   19.131
  45.540    3.921   19.397
  44.569    2.694   19.447
  48.629    2.554   17.916
  47.520    3.459   18.551
  22.054   40.758   41.396
  22.202   40.758   40.054
  22.924   41.748   39.680
  23.332   42.491   40.630
  22.674   41.749   41.966
  23.203   42.574   42.326
  22.340   41.419   42.936
  23.146   41.912   38.698
  23.386   42.490   40.133
  34.252   41.937   44.630
  33.503   41.308   43.699
  33.591   40.037   43.836
  34.342   39.660   44.792
  34.866   41.109   45.422
  35.313   40.364   46.001
  35.308   41.929   45.962
  33.093   39.394   43.221
  34.065   39.427   44.447
  30.523   33.168   40.665
  29.466   33.012   39.839
  29.782   33.333   38.639
  30.987   33.717   38.496
  31.582   33.598   40.046
  32.373   33.944   39.459
  32.142   33.589   40.966
  29.111   33.280   37.873
  30.596   33.660   38.190
   5.432   36.508   35.997
   5.202   37.447   35.055
   3.963   37.778   35.042
   3.246   37.166   35.897
   4.356   36.178   36.647
   3.439   35.984   37.108
   4.914   35.476   37.244
   3.599   38.477   34.395
   3.161   37.514   35.548
  29.777   44.913   20.250
  29.178   46.099   20.009
  27.943   46.056   20.349
  27.565   44.938   20.825
  28.963   44.036   20.760
  28.233   43.409   21.164
  29.752   43.304   20.799
  27.327   46.862   20.240
  27.344   45.377   20.735
  27.530   31.031   27.091
  28.179   31.067   28.274
  27.865   30.052   28.991
  27.034   29.258   28.444
  26.759   29.991   26.975
  26.172   29.127   26.981
  26.455   30.306   25.991
  28.258   29.908   29.921
  27.275   29.271   28.882
  12.965   17.109   24.691
  12.548   18.034   25.581
  11.294   18.260   25.441
  10.736   17.581   24.520
  12.005   16.684   23.925
  11.169   16.409   23.363
  12.686   16.026   23.411
  10.799   18.932   26.027
  10.582   17.924   24.850
  33.680    5.523   24.645
  34.485    4.442   24.561
  35.707    4.801   24.418
  35.885    6.061   24.388
  34.336    6.642   24.562
  34.951    7.482   24.485
  33.421    7.203   24.662
  36.462    4.121   24.337
  36.184    5.661   24.357
  16.171   44.686   22.988
  15.697   44.818   21.731
  16.337   45.735   21.104
  17.251   46.300   21.785
  17.144   45.508   23.245
  17.914   46.206   23.351
  17.229   45.119   24.246
  16.119   45.978   20.138
  17.075   46.349   21.320
  43.497   32.873    3.350
  42.753   33.469    4.306
  43.221   34.630    4.582
  44.253   34.955    3.912
  44.488   33.615    2.952
  45.249   34.285    2.704
  44.800   32.853    2.258
  42.789   35.231    5.283
  43.978   35.175    4.266
  36.139   40.317   34.000
  34.801   40.135   33.992
  34.193   41.263   33.974
  34.964   42.276   33.968
  36.472   41.574   33.987
  36.635   42.605   33.976
  37.517   41.312   33.998
  33.176   41.326   33.965
  34.468   42.209   33.965
  14.523   32.770   32.842
  13.737   32.828   31.746
  12.511   32.998   32.080
  12.313   33.073   33.336
  13.851   32.900   33.947
  13.223   33.012   34.773
  14.755   32.807   34.525
  11.768   33.066   31.386
  12.022   33.094   32.930
  18.510   30.552    7.010
  17.541   31.446    7.300
  18.017   32.636    7.313
  19.261   32.709    7.056
  19.667   31.112    6.818
  20.548   31.657    6.684
  20.119   30.153    6.631
  17.432   33.447    7.514
  18.903   33.040    7.164
   5.950   37.917    4.498
   6.014   37.564    5.800
   5.656   38.540    6.549
   5.328   39.596    5.917
   5.546   39.141    4.331
   5.215   40.131    4.305
   5.625   39.038    3.262
   5.640   38.461    7.565
   5.352   39.465    6.399
  26.125    3.234   31.483
  24.781    3.315   31.592
  24.336    4.323   30.938
  25.233    5.005   30.347
  26.624    4.186   30.752
  26.925    4.986   30.152
  27.619    3.799   30.901
  23.342    4.546   30.904
  24.736    5.035   30.388
  33.685    1.168   17.827
  33.661    2.302   17.095
  32.488    2.819   17.103
  31.630    2.166   17.780
  32.529    0.886   18.350
  31.563    0.749   18.723
  32.935    0.000   18.808
  32.276    3.682   16.603
  31.621    2.586   17.509
   4.380   20.351    8.846
   4.132   20.783    7.591
   3.362   21.808    7.612
   3.012   22.179    8.778
   3.784   21.071    9.750
   3.267   21.708   10.394
   4.197   20.457   10.533
   3.064   22.275    6.756
   2.920   22.339    8.313
  44.245   26.276   10.122
  44.674   27.396   10.742
  44.896   27.166   11.983
  44.667   25.968   12.346
  44.163   25.259   10.927
  44.133   24.508   11.651
  43.819   24.630   10.123
  45.227   27.895   12.615
  44.827   26.382   12.575
  28.903    5.703    5.258
  29.617    6.739    4.770
  29.521    7.756    5.544
  28.795    7.568    6.573
  28.304    5.990    6.376
  27.868    6.319    7.265
  27.887    4.999    6.425
  29.995    8.635    5.339
  29.059    7.952    6.392
  10.621   36.442   44.796
   9.568   35.607   44.670
   8.477   36.271   44.557
   8.625   37.535   44.586
  10.272   37.694   44.771
   9.890   38.665   44.739
  11.298   37.999   44.888
   7.574   35.810   44.451
   8.235   37.226   44.540
  12.186   37.019   40.118
  10.856   36.948   39.897
  10.553   37.522   38.792
  11.544   38.017   38.166
  12.818   37.643   39.169
  13.230   38.156   38.358
  13.757   37.496   39.676
   9.591   37.569   38.456
  11.052   37.991   38.084
  16.902   47.652   36.684
  18.120   48.210   36.518
  18.132   49.408   36.973
  17.025   49.795   37.467
  16.057   48.457   37.256
  15.458   49.177   37.718
  15.286   47.707   37.209
  18.969   49.989   36.936
  17.476   50.001   37.405
  35.857   33.195   28.857
  36.870   33.836   29.476
  36.558   35.058   29.704
  35.394   35.387   29.306
  34.831   33.965   28.647
  34.064   34.663   28.527
  34.297   33.154   28.181
  37.200   35.701   30.166
  35.769   35.624   29.535
  37.107   11.697    1.268
  38.398   11.346    1.451
  38.516   10.070    1.488
  37.422    9.435    1.348
  36.317   10.669    1.176
  35.771    9.781    1.115
  35.465   11.315    1.049
  39.420    9.617    1.619
  37.900    9.305    1.415
  22.857   28.047   21.252
  23.898   28.655   20.644
  24.070   29.833   21.117
  23.244   30.160   22.029
  22.297   28.798   22.153
  21.919   29.476   22.851
  21.584   28.022   22.378
  24.811   30.446   20.779
  23.630   30.385   21.804
  18.775   29.912   13.350
  17.797   30.843   13.338
  16.648   30.289   13.464
  16.682   29.021   13.570
  18.314   28.704   13.484
  17.845   27.778   13.595
  19.312   28.302   13.450
  15.786   30.835   13.477
  16.320   29.366   13.565
  16.446    4.492   30.153
  17.794    4.422   30.134
  18.180    3.201   30.086
  17.235    2.349   30.068
  15.884    3.320   30.118
  15.532    2.338   30.088
  14.906    3.771   30.146
  19.169    2.949   30.065
  17.734    2.323   30.061
  38.564    9.839    9.518
  39.684    9.414   10.140
  39.389    8.668   11.139
  38.140    8.497   11.318
  37.480    9.392   10.079
  36.673    8.982   10.601
  36.873    9.908    9.355
  40.107    8.252   11.732
  38.555    8.340   11.548
   1.955   30.775   14.049
   3.093   31.105   14.696
   4.094   30.485   14.191
   3.803   29.717   13.218
   2.156   29.922   13.088
   2.422   29.241   12.343
   1.106   29.921   12.849
   5.041   30.608   14.550
   4.224   29.840   13.458
  11.724    6.028    2.999
  12.116    7.298    3.233
  11.134    8.002    3.659
  10.037    7.365    3.765
  10.465    5.838    3.262
   9.450    5.789    3.501
  10.545    4.804    2.972
  11.239    8.990    3.891
  10.182    7.836    3.852
  10.694   20.743   29.669
  10.241   19.471   29.690
  11.210   18.647   29.537
  12.352   19.194   29.403
  11.981   20.813   29.502
  13.015   20.762   29.364
  11.943   21.889   29.540
  11.062   17.638   29.525
  12.184   18.723   29.410
   7.088   36.942   10.406
   6.389   36.814    9.258
   6.654   35.695    8.692
   7.494   34.973    9.319
   7.845   35.913   10.647
   8.416   35.045   10.749
   8.197   36.367   11.559
   6.219   35.421    7.811
   7.235   34.926    8.894
  14.090   24.571   31.962
  15.233   24.171   32.558
  16.118   23.873   31.680
  15.733   24.017   30.475
  14.170   24.555   30.665
  14.336   24.507   29.635
  13.155   24.906   30.582
  17.049   23.549   31.942
  16.157   23.868   30.696
  22.496   31.289   42.515
  22.188   31.318   43.829
  23.237   31.533   44.533
  24.306   31.668   43.857
  23.763   31.484   42.295
  24.791   31.649   42.224
  23.607   31.394   41.233
  23.200   31.589   45.551
  24.192   31.679   44.343
  35.569   27.149   36.114
  36.741   27.820   36.103
  36.622   28.944   36.708
  35.459   29.172   37.171
  34.626   27.801   36.727
  33.941   28.403   37.236
  33.928   27.005   36.532
  37.405   29.590   36.801
  35.893   29.420   37.167
  11.276   32.948   21.451
  11.569   33.984   22.267
  12.432   34.758   21.719
  12.810   34.389   20.561
  11.933   32.994   20.330
  12.505   33.121   19.467
  11.461   32.084   20.000
  12.776   35.596   22.187
  12.919   34.773   20.863
   5.359   14.292   48.328
   5.675   12.981   48.263
   5.977   12.650   47.062
   5.913   13.603   46.221
   5.438   14.883   47.173
   5.530   15.263   46.204
   5.138   15.819   47.614
   6.244   11.697   46.818
   6.030   13.118   46.197
   6.731   42.921   15.378
   6.613   44.069   16.078
   7.714   44.349   16.671
   8.648   43.507   16.475
   7.915   42.393   15.479
   8.891   42.052   15.623
   7.622   41.576   14.840
   7.817   45.183   17.250
   8.604   43.932   16.734
  45.354   31.209   21.365
  45.233   29.996   20.784
  44.044   29.827   20.339
  43.262   30.811   20.538
  44.249   31.893   21.328
  43.318   32.358   21.248
  44.722   32.713   21.842
  43.763   28.967   19.867
  43.217   30.362   20.322
  40.314   19.631   46.065
  40.047   20.945   46.226
  39.698   21.473   45.112
  39.680   20.665   44.129
  40.152   19.235   44.838
  39.994   19.018   43.829
  40.436   18.232   45.108
  39.457   22.461   45.036
  39.581   21.151   44.188
  24.762    1.746   20.359
  23.594    2.369   20.092
  23.596    3.555   20.578
  24.667    3.873   21.188
  25.584    2.493   21.033
  26.169    3.169   21.572
  26.319    1.705   21.039
  22.796    4.180   20.476
  24.234    4.104   21.089
  12.919   12.807   28.526
  11.818   13.586   28.461
  12.139   14.825   28.516
  13.389   15.041   28.617
  14.015   13.499   28.627
  14.833   14.143   28.705
  14.601   12.596   28.650
  11.438   15.565   28.480
  12.981   15.329   28.593
   9.333    4.420   11.466
   9.316    5.711   11.072
   8.111    6.143   11.000
   7.224    5.284   11.308
   8.141    3.944   11.672
   7.147    3.658   11.810
   8.554    2.987   11.945
   7.899    7.100   10.718
   7.218    5.762   11.162
  38.159   24.298   44.624
  37.671   23.244   43.936
  36.794   23.630   43.085
  36.584   24.885   43.077
  37.626   25.425   44.257
  37.140   26.274   43.892
  38.226   25.960   44.974
  36.313   22.973   42.471
  36.403   24.495   42.822
  35.228    6.705    6.324
  34.586    7.429    7.266
  35.403    8.217    7.862
  36.603    8.144    7.446
  36.496    6.984    6.257
  37.497    7.278    6.283
  36.628    6.265    5.466
  35.099    8.844    8.606
  36.366    8.412    7.794
   1.507   42.169    1.779
   2.732   42.667    2.051
   2.921   43.768    1.423
   1.940   44.137    0.701
   0.834   42.920    0.958
   0.379   43.589    0.298
  -0.000   42.240    0.996
   3.792   44.292    1.505
   2.393   44.321    0.802
  13.475   10.435   13.944
  13.094   11.371   13.049
  11.981   11.901   13.398
  11.494   11.440   14.480
  12.629   10.306   14.922
  11.892   10.279   15.661
  13.240    9.540   15.370
  11.534   12.631   12.842
  11.353   11.787   14.148
  13.192   18.665   10.518
  13.642   19.753    9.858
  14.865   19.594    9.511
  15.370   18.478    9.856
  14.098   17.740   10.635
  14.893   17.064   10.676
  13.407   17.108   11.167
  15.378   20.314    9.001
  15.537   18.881    9.611
  32.783   47.933   23.362
  31.686   47.660   24.100
  31.932   47.820   25.347
  33.121   48.190   25.607
  33.801   48.285   24.090
  34.554   48.555   24.761
  34.409   48.404   23.210
  31.221   47.660   26.061
  32.715   48.089   25.880
  48.460   48.431    7.990
  49.206   47.306    7.954
  48.979   46.583    8.988
  48.125   47.071    9.795
  47.709   48.499    9.049
  47.147   48.459    9.928
  47.315   49.449    8.727
  49.452   45.691    9.135
  48.401   46.655    9.782
  23.348   21.933   34.054
  24.339   22.850   34.069
  23.860   24.027   34.239
  22.593   24.068   34.353
  22.173   22.463   34.214
  21.278   22.985   34.348
  21.709   21.494   34.148
  24.458   24.851   34.277
  22.959   24.408   34.358
   9.942   32.394   16.097
   8.625   32.677   16.187
   7.924   31.624   15.983
   8.605   30.575   15.747
  10.168   31.142   15.829
  10.241   30.123   15.614
  11.231   31.315   15.841
   6.905   31.643   16.010
   8.117   30.680   15.780
  27.716   22.158    9.474
  26.957   21.438   10.327
  26.177   22.206   10.994
  26.288   23.442   10.712
  27.471   23.433    9.541
  27.200   24.433    9.670
  28.209   23.631    8.782
  25.527   21.840   11.689
  26.007   23.175   11.028
  16.813   18.802   25.724
  16.212   17.961   24.855
  15.874   18.584   23.787
  16.171   19.822   23.783
  16.898   20.016   25.267
  16.916   20.956   24.812
  17.389   20.338   26.170
  15.406   18.112   23.014
  15.949   19.510   23.461
  16.775   19.575   47.048
  17.171   20.819   47.393
  16.156   21.578   47.581
  15.032   21.009   47.405
  15.481   19.460   46.992
  14.437   19.472   46.976
  15.570   18.424   46.712
  16.259   22.557   47.849
  15.179   21.469   47.533
  42.780   17.212    6.402
  41.642   17.217    7.128
  41.038   16.092    7.024
  41.628   15.243    6.281
  42.977   16.084    5.787
  43.042   15.144    5.338
  43.895   16.456    5.364
  40.157   15.907    7.505
  41.206   15.245    6.550
  40.417   39.062   15.164
  40.554   38.034   16.029
  40.039   38.330   17.164
  39.527   39.494   17.224
  39.806   40.081   15.691
  39.308   40.841   16.205
  39.891   40.629   14.768
  40.047   37.675   17.946
  39.578   39.113   17.544
  36.092   34.382   47.744
  34.967   33.886   47.187
  34.290   33.226   48.053
  34.814   33.187   49.212
  36.207   34.072   49.001
  36.206   33.771   50.001
  37.142   34.605   49.063
  33.407   32.776   47.816
  34.398   33.003   49.006
  19.283   19.415    3.572
  19.518   20.649    3.078
  20.708   20.727    2.609
  21.385   19.653    2.710
  20.307   18.624    3.450
  21.181   18.071    3.306
  19.762   17.821    3.917
  21.068   21.585    2.193
  21.472   20.111    2.527
  42.764   29.172    5.490
  43.420   28.225    6.193
  43.345   28.465    7.450
  42.688   29.513    7.748
  42.227   30.079    6.252
  41.837   30.752    6.947
  41.839   30.595    5.390
  43.783   27.856    8.141
  42.931   29.162    8.008
  18.816   13.258   27.176
  19.043   12.410   26.150
  18.585   12.895   25.056
  18.033   14.036   25.175
  18.198   14.339   26.803
  17.703   15.167   26.404
  18.208   14.711   27.814
  18.664   12.395   24.170
  18.117   13.722   24.795
   3.487   35.149   23.152
   4.432   35.017   22.197
   4.362   33.859   21.652
   3.444   33.112   22.119
   2.752   34.085   23.279
   2.222   33.186   23.303
   2.180   34.554   24.062
   4.998   33.575   20.907
   3.794   33.063   21.766
   4.551   31.165   34.427
   3.751   31.144   33.340
   2.835   30.258   33.473
   2.882   29.612   34.568
   4.198   30.293   35.325
   3.835   29.564   35.978
   5.008   30.601   35.965
   2.134   30.096   32.750
   2.585   29.604   34.166
  21.065   24.485   26.981
  21.941   25.501   27.138
  23.136   25.052   27.243
  23.231   23.785   27.178
  21.645   23.322   26.976
  22.205   22.440   26.986
  20.696   22.831   26.843
  23.935   25.674   27.368
  23.555   24.161   27.236
  47.649    6.032   11.419
  48.490    6.017   12.475
  48.712    4.813   12.855
  48.107    3.925   12.173
  47.279    4.840   11.056
  47.043    3.845   10.845
  46.675    5.251   10.264
  49.325    4.602   13.642
  48.418    3.919   12.564
   8.534   20.246    3.192
   7.851   21.410    3.249
   6.684   21.222    3.744
   6.434   20.015    4.062
   7.847   19.240    3.646
   7.215   18.503    4.030
   8.666   18.570    3.445
   6.021   21.988    3.866
   6.181   20.446    4.083
   8.237   34.806   50.006
   8.759   36.051   50.000
  10.040   36.002   49.970
  10.521   34.824   49.953
   9.150   33.881   49.980
   9.956   33.218   49.958
   8.395   33.114   49.994
  10.611   36.847   49.961
  10.715   35.285   49.951
  26.039   25.094   30.536
  25.685   24.303   31.572
  25.073   23.259   31.151
  24.938   23.200   29.887
  25.675   24.606   29.387
  25.342   24.131   28.520
  26.102   25.452   28.876
  24.729   22.543   31.791
  24.807   22.907   30.271
  43.443   31.286   32.411
  43.384   31.217   33.758
  42.237   30.786   34.136
  41.432   30.528   33.184
  42.339   30.905   31.841
  41.413   30.582   31.482
  42.758   31.093   30.867
  42.005   30.667   35.121
  41.410   30.502   33.683
  41.686    3.175   44.685
  42.979    2.935   44.988
  43.257    1.695   44.823
  42.280    0.985   44.421
  41.053    2.104   44.306
  40.638    1.191   44.017
  40.146    2.669   44.170
  44.189    1.323   45.004
  42.759    0.896   44.534
   1.588   24.480    3.026
   2.921   24.343    3.190
   3.193   23.996    4.393
   2.175   23.860    5.145
   0.922   24.228    4.113
   0.482   24.007    5.034
  -0.008   24.430    3.609
   4.152   23.845    4.706
   2.669   23.810    5.206
   5.260   10.192    1.235
   5.348   11.535    1.330
   4.251   12.086    0.962
   3.347   11.267    0.600
   4.100    9.796    0.801
   3.141    9.583    0.447
   4.410    8.767    0.864
   4.129   13.098    0.966
   3.380   11.765    0.635
  30.594   29.002   42.366
  30.803   28.603   41.094
  31.533   29.451   40.470
  31.890   30.454   41.169
  31.178   30.132   42.638
  31.682   31.039   42.754
  30.803   30.101   43.647
  31.798   29.319   39.494
  31.967   30.306   40.697
   6.192   34.808   42.408
   5.322   35.105   41.419
   5.766   34.691   40.290
   6.895   34.108   40.349
   7.247   34.185   41.974
   8.052   33.691   41.528
   7.647   34.135   42.973
   5.243   34.826   39.424
   6.573   34.219   39.983
   4.020    6.521   43.760
   3.263    6.679   42.653
   3.996    6.669   41.602
   5.239    6.517   41.828
   5.285    6.399   43.488
   6.274    6.312   43.165
   5.517    6.303   44.535
   3.600    6.777   40.668
   4.959    6.575   41.418
  24.394    3.525   28.496
  23.464    4.339   27.954
  22.343    3.728   27.841
  22.355    2.524   28.253
  23.928    2.341   28.764
  23.459    1.426   28.941
  24.888    2.032   29.143
  21.518    4.184   27.451
  22.010    2.826   28.052
  17.615   25.547   19.051
  18.932   25.615   18.762
  19.176   26.622   18.007
  18.152   27.315   17.706
  16.932   26.506   18.500
  16.477   27.311   18.015
  16.022   26.128   18.933
  20.119   26.836   17.684
  18.639   27.340   17.599
  25.116    5.160   34.914
  24.138    4.230   34.892
  22.985    4.789   34.930
  23.018    6.061   34.978
  24.652    6.373   34.967
  24.181    7.304   35.009
  25.653    6.772   34.968
  22.122    4.246   34.921
  22.655    5.717   34.970
  39.351   37.699   26.158
  39.261   38.834   25.433
  39.535   38.604   24.202
  39.823   37.391   23.944
  39.688   36.670   25.438
  39.961   35.911   24.775
  39.653   36.032   26.305
  39.519   39.343   23.500
  39.790   37.811   23.675
  10.589   22.926   12.926
   9.741   23.974   12.998
  10.370   25.039   13.333
  11.618   24.877   13.519
  11.814   23.253   13.211
  12.762   23.617   13.454
  12.139   22.238   13.054
   9.893   25.934   13.438
  11.304   25.265   13.545
  37.482   38.116   36.832
  38.639   37.481   37.116
  39.559   38.327   37.401
  39.189   39.543   37.353
  37.588   39.409   36.916
  37.776   40.431   37.011
  36.553   39.527   36.642
  40.505   38.032   37.643
  39.617   39.308   37.458
   8.930   32.915   10.550
   8.874   32.381    9.311
  10.018   32.454    8.737
  10.927   32.999    9.442
  10.113   33.365   10.847
  11.094   33.694   10.988
   9.768   33.677   11.818
  10.170   32.100    7.793
  10.906   32.801    8.983
  16.036   10.587   17.264
  17.212   10.449   17.913
  17.064    9.734   18.966
  15.874    9.324   19.161
  15.060    9.969   17.860
  14.349    9.442   18.414
  14.369   10.294   17.101
  17.844    9.520   19.586
  16.310    9.273   19.401
   4.593   23.288   11.157
   4.910   23.348    9.846
   4.460   24.428    9.323
   3.834   25.184   10.133
   3.922   24.327   11.557
   3.389   25.198   11.777
   3.873   23.929   12.557
   4.602   24.649    8.338
   3.951   25.206    9.648
  15.336    8.351   10.474
  14.352    7.577   10.981
  13.627    8.249   11.797
  13.985    9.461   11.945
  15.303    9.566   10.934
  15.191   10.512   11.361
  16.165    9.830   10.344
  12.832    7.830   12.280
  13.621    9.175   12.132
   7.263   33.112   21.156
   7.341   32.445   19.984
   8.536   32.488   19.522
   9.359   33.131   20.248
   8.402   33.623   21.517
   9.358   33.992   21.717
   7.954   34.029   22.409
   8.788   32.038   18.642
   9.388   32.884   19.814
   3.973    3.059   24.057
   3.074    3.376   23.101
   2.538    4.514   23.346
   2.960    5.077   24.407
   4.069    3.974   24.975
   4.072    4.764   25.658
   4.814    3.396   25.496
   1.833    4.920   22.732
   2.627    5.194   24.053
  12.672   24.499   46.414
  11.516   24.931   45.867
  10.885   25.687   46.687
  11.471   25.857   47.804
  12.854   24.950   47.619
  12.906   25.363   48.577
  13.792   24.425   47.690
   9.988   26.109   46.449
  11.043   26.017   47.601
  15.296   12.432   20.994
  16.508   12.164   21.525
  17.119   13.251   21.823
  16.466   14.311   21.559
  15.054   13.707   20.918
  14.957   14.746   20.900
  14.087   13.513   20.484
  18.051   13.249   22.236
  16.915   14.212   21.755
  42.473   47.795   18.512
  42.785   48.716   17.575
  44.054   48.891   17.523
  44.718   48.179   18.341
  43.521   47.322   19.117
  44.422   47.008   19.541
  42.901   46.684   19.724
  44.479   49.552   16.872
  44.834   48.520   17.994
  27.641    5.744   44.104
  28.489    6.608   43.506
  28.500    7.729   44.126
  27.731    7.779   45.140
  27.056    6.257   45.145
  26.641    6.760   45.961
  26.518    5.340   45.315
  29.082    8.508   43.820
  28.045    8.099   44.918
  30.504    4.124   10.094
  29.672    3.191   10.605
  30.109    2.768   11.733
  31.200    3.306   12.111
  31.526    4.357   10.863
  32.306    4.471   11.547
  31.904    5.086   10.165
  29.613    2.058   12.272
  30.892    2.960   12.300
  49.878   37.114   44.808
  49.464   37.989   43.868
  48.822   38.959   44.407
  48.721   38.883   45.674
  49.528   37.467   46.009
  49.200   37.837   46.929
  50.002   36.592   46.422
  48.432   39.721   43.853
  48.567   39.208   45.326
  26.196   28.150   46.078
  25.476   27.978   44.949
  24.618   28.920   44.815
  24.633   29.784   45.749
  25.843   29.213   46.739
  25.487   30.084   47.192
  26.582   29.007   47.495
  23.982   28.960   44.018
  24.367   29.721   45.331
  18.055   14.352   42.256
  19.208   13.683   42.035
  19.015   12.418   42.105
  17.814   12.082   42.359
  17.052   13.557   42.480
  16.315   12.836   42.649
  16.391   14.399   42.596
  19.772   11.750   41.965
  18.240   11.835   42.277
  37.254    4.070   41.946
  36.989    5.374   42.175
  38.075    6.054   42.210
  39.132    5.369   42.026
  38.526    3.833   41.820
  39.563    3.748   41.735
  38.331    2.785   41.665
  38.075    7.061   42.372
  39.034    5.852   42.111
  29.729   14.588   37.595
  30.647   13.799   38.192
  30.207   12.600   38.303
  29.035   12.424   37.838
  28.642   13.944   37.286
  27.816   13.340   37.079
  28.211   14.841   36.873
  30.763   11.860   38.730
  29.376   12.132   38.059
  40.828   12.299   28.197
  39.506   12.505   28.381
  38.988   11.537   29.041
  39.810   10.621   29.367
  41.239   11.186   28.727
  41.467   10.276   29.185
  42.244   11.379   28.391
  37.996   11.516   29.277
  39.320   10.698   29.435
   6.374   44.313   48.701
   6.695   45.623   48.760
   7.735   45.799   49.487
   8.222   44.730   49.978
   7.188   43.567   49.386
   7.895   43.059   49.963
   6.639   42.684   49.107
   8.129   46.726   49.649
   8.341   45.215   50.000
  20.531   18.171   23.475
  20.041   16.915   23.551
  18.932   16.903   24.192
  18.549   18.044   24.604
  19.766   19.042   24.064
  19.086   19.660   24.561
  20.443   19.837   23.802
  18.412   16.040   24.351
  18.367   17.579   24.632
  43.926   10.321    5.068
  44.053   10.675    3.772
  45.159   11.295    3.581
  45.871   11.434    4.627
  44.942   10.691    5.790
  45.799   11.030    6.279
  44.493   10.261    6.670
  45.430   11.641    2.661
  45.918   11.566    4.146
   6.588   31.213   28.516
   7.837   30.706   28.586
   7.831   29.574   29.187
   6.681   29.190   29.574
   5.702   30.438   29.069
   5.072   29.748   29.535
   4.918   31.134   28.824
   8.686   29.038   29.335
   7.143   29.002   29.600
   3.588   27.585   35.050
   4.380   27.305   33.994
   3.764   26.557   33.155
   2.576   26.252   33.495
   2.415   27.033   34.956
   1.505   26.550   34.786
   2.122   27.459   35.901
   4.204   26.240   32.291
   2.869   26.148   33.104
  11.527   16.676   20.251
  12.689   16.101   20.627
  13.308   16.845   21.467
  12.707   17.930   21.752
  11.328   17.824   20.826
  11.262   18.732   21.338
  10.390   17.938   20.309
  14.207   16.576   21.864
  13.137   17.717   21.891
  14.154   31.586   23.076
  15.108   30.736   23.510
  16.230   31.344   23.635
  16.195   32.580   23.330
  14.603   32.792   22.894
  15.060   33.724   22.781
  13.629   33.125   22.579
  17.070   30.863   23.954
  16.549   32.265   23.491
  26.460   37.122   37.586
  26.468   38.155   36.716
  26.986   39.195   37.257
  27.368   39.028   38.460
  26.974   37.436   38.738
  27.402   37.786   39.624
  26.796   36.439   39.106
  27.077   40.076   36.752
  27.371   39.411   38.138
  45.374   39.608   43.945
  44.527   39.514   44.992
  43.938   38.375   44.993
  44.273   37.608   44.034
  45.381   38.536   43.209
  45.313   37.635   42.686
  46.110   38.975   42.549
  43.260   38.121   45.711
  43.959   37.573   44.422
  32.533   34.088   30.961
  32.890   35.382   30.821
  31.855   36.139   30.837
  30.752   35.519   30.978
  31.247   33.933   31.076
  30.207   33.917   31.160
  31.367   32.866   31.159
  31.927   37.152   30.744
  30.884   35.999   30.926
  43.797   27.651   28.693
  43.224   28.805   28.289
  43.806   29.810   28.832
  44.767   29.506   29.610
  44.781   27.844   29.520
  45.552   28.104   30.174
  44.948   26.782   29.593
  43.510   30.768   28.647
  44.555   29.933   29.460
  12.191   38.792   23.726
  11.798   39.217   22.506
  10.537   39.050   22.356
   9.950   38.535   23.361
  11.205   38.326   24.434
  10.350   37.974   24.919
  11.873   38.113   25.252
  10.057   39.314   21.495
   9.805   38.693   22.910
  35.120   25.052    5.626
  36.101   24.152    5.850
  36.104   23.786    7.079
  35.206   24.337    7.794
  34.433   25.320    6.696
  33.944   25.465    7.607
  33.814   26.008    6.145
  36.776   23.109    7.437
  35.570   24.004    7.877
  25.861    7.021   19.023
  25.645    8.165   18.339
  24.390    8.362   18.178
  23.645    7.462   18.684
  24.757    6.414   19.343
  23.818    6.007   19.550
  25.311    5.627   19.827
  24.033    9.179   17.682
  23.565    7.886   18.430
   2.442    2.830   10.689
   2.902    3.228    9.484
   2.982    2.232    8.681
   2.620    1.121    9.184
   2.198    1.554   10.734
   2.034    0.525   10.667
   1.881    1.635   11.760
   3.311    2.339    7.722
   2.791    1.268    8.737
  40.546   46.034   28.708
  39.746   45.612   27.706
  39.866   44.347   27.537
  40.690   43.785   28.328
  41.229   45.066   29.244
  41.730   44.223   29.603
  41.693   45.754   29.931
  39.338   43.847   26.822
  40.394   43.629   27.957
  34.913   12.022    4.173
  35.902   12.865    4.537
  36.083   13.761    3.639
  35.313   13.659    2.631
  34.399   12.323    3.017
  34.056   12.648    2.086
  33.716   11.494    3.087
  36.791   14.489    3.739
  35.679   13.972    2.766
  47.249   23.678    4.225
  47.803   24.876    3.942
  49.070   24.842    4.127
  49.514   23.717    4.525
  48.128   22.800    4.609
  48.908   22.172    4.905
  47.357   22.057    4.726
  49.661   25.657    3.964
  49.719   24.161    4.420
   3.794   41.211   36.457
   4.628   42.184   36.882
   5.647   41.677   37.472
   5.645   40.405   37.527
   4.224   40.020   36.750
   4.656   39.111   37.030
   3.359   39.577   36.286
   6.388   42.259   37.861
   5.954   40.765   37.684
   8.175   34.946    5.533
   7.686   34.301    6.613
   6.612   33.669    6.312
   6.256   33.787    5.096
   7.446   34.768    4.472
   6.796   34.564    3.681
   8.112   35.385    3.892
   6.098   33.122    7.002
   6.074   33.548    5.496
  39.232   49.279   22.234
  39.161   48.923   20.933
  37.970   49.082   20.488
  37.142   49.528   21.345
  38.091   49.689   22.703
  37.134   50.000   22.981
  38.533   49.860   23.670
  37.723   48.864   19.523
  37.116   49.396   20.864
  41.336   24.442   38.657
  40.408   23.505   38.944
  39.935   22.994   37.867
  40.432   23.470   36.797
  41.517   24.591   37.378
  41.587   24.634   36.337
  42.259   25.351   37.556
  39.221   22.267   37.885
  40.088   23.123   36.903
  34.901    4.624   28.708
  35.916    5.475   28.444
  35.729    6.596   29.036
  34.658    6.658   29.721
  34.000    5.147   29.485
  33.336    5.657   30.109
  33.423    4.238   29.453
  36.393    7.365   28.954
  35.034    6.973   29.623
  32.185    7.820   22.950
  32.722    9.051   22.811
  31.851    9.954   23.069
  30.705    9.504   23.391
  30.935    7.858   23.307
  29.941    7.995   23.592
  30.888    6.782   23.308
  32.074   10.948   23.017
  30.904    9.960   23.339
   6.945    6.278   25.749
   5.717    6.718   25.401
   5.803    7.799   24.717
   6.994    8.206   24.523
   7.895    7.049   25.309
   8.581    7.729   24.913
   8.640    6.411   25.756
   4.976    8.281   24.365
   6.539    8.369   24.394
  29.375   14.447   21.043
  30.249   14.620   20.029
  31.287   13.887   20.199
  31.264   13.179   21.256
  29.798   13.592   21.927
  30.226   12.895   22.576
  28.902   13.727   22.509
  32.058   13.884   19.532
  31.588   13.243   20.880
  42.492    4.137   12.915
  43.373    4.895   12.227
  43.912    4.214   11.284
  43.509    3.009   11.208
  42.412    2.923   12.457
  42.421    1.977   12.015
  41.678    2.673   13.204
  44.605    4.620   10.656
  43.835    3.290   10.953
  42.710   26.979   39.111
  42.398   26.714   40.397
  41.410   27.436   40.778
  40.956   28.221   39.885
  41.943   27.888   38.587
  41.276   28.623   38.261
  42.469   27.814   37.650
  41.032   27.375   41.723
  40.840   28.123   40.362
  38.022   12.254   15.399
  38.534   13.370   15.960
  39.709   13.145   16.419
  40.121   11.953   16.249
  38.837   11.243   15.464
  39.560   10.497   15.566
  38.123   10.615   14.958
  40.255   13.872   16.879
  40.311   12.366   16.457
  35.654   30.624   11.857
  35.332   30.049   13.035
  34.382   30.694   13.605
  33.965   31.704   12.953
  34.931   31.673   11.598
  34.301   32.497   11.483
  35.451   31.819   10.666
  34.002   30.408   14.508
  33.846   31.491   13.389
  48.044   27.170   35.996
  49.024   26.613   36.740
  48.785   25.370   36.940
  47.708   24.948   36.409
  47.117   26.318   35.673
  46.428   25.561   35.468
  46.579   27.083   35.138
  49.416   24.781   37.483
  48.071   24.742   36.684
  40.499   10.063    7.793
  39.736    8.952    7.882
  40.270    7.987    7.228
  41.368    8.282    6.656
  41.568    9.880    7.077
  42.393    9.631    6.488
  41.870   10.901    7.239
  39.836    7.065    7.180
  41.086    7.870    6.689
  31.663   15.614   48.555
  32.032   14.761   47.575
  33.257   14.411   47.721
  33.837   14.930   48.728
  32.628   15.864   49.389
  33.464   15.999   50.001
  31.988   16.517   49.958
  33.714   13.769   47.074
  33.973   14.615   48.365
  25.230   15.854   43.141
  24.427   15.375   44.115
  23.196   15.481   43.775
  23.009   16.000   42.628
  24.564   16.297   42.117
  23.940   16.625   41.347
  25.480   16.564   41.617
  22.440   15.171   44.386
  22.711   15.823   42.989
  26.051   11.254    5.441
  26.355   10.187    6.210
  27.525   10.316    6.717
  28.124   11.392    6.391
  27.007   12.134    5.406
  27.830   12.776    5.444
  26.425   12.763    4.753
  27.929    9.607    7.328
  28.237   10.996    6.676
  34.205    3.258   48.648
  35.358    3.729   48.127
  35.574    4.928   48.524
  34.679    5.396   49.298
  33.609    4.127   49.410
  33.213    4.891   50.001
  32.811    3.431   49.606
  36.401    5.450   48.233
  35.106    5.571   49.105
  49.822   32.069   21.694
  49.068   33.152   21.408
  47.824   32.891   21.575
  47.582   31.702   21.961
  49.108   31.046   22.061
  48.449   30.287   22.342
  49.998   30.451   22.185
  47.100   33.589   21.407
  47.303   32.103   21.855
  16.040   25.047    4.037
  16.797   25.174    5.147
  16.661   26.343    5.654
  15.865   27.104    5.016
  15.371   26.127    3.762
  14.879   27.039    3.629
  14.939   25.658    2.894
  17.157   26.624    6.499
  16.145   27.151    5.427
   4.665    8.987   34.447
   5.574    8.390   35.247
   5.158    7.235   35.616
   4.014    6.916   35.159
   3.610    8.252   34.252
   2.810    7.588   34.160
   3.177    9.013   33.625
   5.712    6.634   36.226
   4.351    6.695   35.456
  37.739   18.303   31.150
  36.681   18.353   31.987
  36.971   19.024   33.040
  38.159   19.482   33.062
  38.774   18.939   31.614
  39.545   19.473   32.073
  39.344   18.684   30.736
  36.294   19.170   33.788
  37.767   19.500   33.372
   2.003   30.546   21.703
   0.921   30.716   20.913
   0.803   29.735   20.095
   1.706   28.845   20.207
   2.646   29.447   21.442
   3.088   28.546   21.156
   3.366   29.668   22.212
   0.043   29.688   19.418
   1.306   28.908   19.914
  18.047   32.365   31.481
  17.332   32.906   30.472
  17.094   34.144   30.702
  17.572   34.577   31.800
  18.314   33.222   32.421
  18.473   33.984   33.117
  18.843   32.469   32.980
  16.565   34.721   30.050
  17.307   34.777   31.426
  11.728   24.478   28.474
  10.923   23.898   29.389
  10.129   23.064   28.826
  10.271   22.971   27.565
  11.500   24.053   27.267
  11.241   23.648   26.340
  12.272   24.696   26.878
   9.445   22.528   29.360
   9.973   22.756   27.904
  40.201   20.227   38.165
  39.929   20.452   36.862
  38.663   20.518   36.672
  37.963   20.361   37.723
  39.127   20.134   38.892
  38.208   20.076   39.384
  39.720   19.970   39.776
  38.266   20.684   35.747
  37.863   20.445   37.241
  44.404    7.737   11.315
  43.413    6.830   11.182
  42.056    7.164   11.400
  41.028    6.224   11.261
  41.322    4.915   10.900
  45.395    8.645   11.449
  46.752    8.310   11.231
  40.460    5.082   10.094
  40.630    4.640   11.830
  41.554    3.813   10.597
  47.444    8.585   10.300
  47.614    8.143   12.037
  46.856    9.063   11.412
  32.828   47.308   32.916
  34.046   46.728   32.916
  34.207   45.322   32.919
  35.471   44.720   32.919
  36.619   45.502   32.917
  31.609   47.889   32.916
  31.448   49.295   32.913
  36.945   44.791   32.018
  36.947   44.794   33.818
  37.591   46.147   32.914
  31.120   50.002   32.012
  31.122   50.006   33.812
  30.691   49.101   32.914
  44.379    5.322   49.100
  43.103    5.764   49.100
  42.787    7.143   49.100
  41.464    7.601   49.100
  40.410    6.696   49.100
  45.655    4.880   49.100
  45.971    3.501   49.100
  40.007    7.365   48.200
  40.007    7.365   50.000
  39.516    5.948   49.100
  46.374    2.832   48.200
  46.374    2.832   50.000
  46.701    3.777   49.100
  47.453   19.071   10.199
  47.923   18.360   11.246
  48.268   18.972   12.474
  48.755   18.235   13.560
  48.916   16.859   13.456
  46.983   19.782    9.152
  46.639   19.169    7.924
  48.318   16.842   14.487
  50.001   17.083   13.895
  49.056   15.704   13.383
  45.554   18.945    7.485
  47.236   19.186    6.893
  46.464   19.905    7.728
  24.087    5.052   25.464
  24.338    3.887   24.829
  25.220    2.917   25.363
  25.480    1.709   24.706
  24.868    1.427   23.491
  23.836    6.217   26.098
  22.954    7.187   25.564
  24.602    0.390   24.014
  25.976    1.160   23.143
  24.361    1.178   22.471
  21.846    7.454   25.912
  23.221    8.224   25.041
  23.152    7.570   26.215
  13.944   20.065   39.992
  13.993   18.749   39.696
  13.551   17.759   40.605
  13.602   16.394   40.298
  14.095   15.970   39.070
  13.896   21.381   40.288
  14.338   22.372   39.379
  13.094   15.326   39.036
  14.749   15.229   39.735
  14.507   15.601   38.043
  13.683   23.113   38.714
  15.339   23.016   39.413
  14.121   22.849   39.958
  29.664   37.939   37.770
  29.791   37.957   36.426
  29.519   39.118   35.664
  29.650   39.137   34.270
  30.058   37.997   33.589
  29.538   37.920   39.114
  29.810   36.759   39.877
  30.830   38.741   33.070
  29.113   38.228   32.901
  30.399   37.047   33.005
  30.754   36.528   40.565
  29.037   36.015   40.397
  29.611   37.230   40.468
  16.879   19.377   44.561
  15.785   20.089   44.906
  15.699   21.485   44.690
  14.564   22.222   45.047
  13.475   21.591   45.635
  17.973   18.666   44.216
  18.059   17.270   44.432
  12.853   22.176   44.804
  13.559   22.472   46.432
  12.554   21.073   46.128
  17.975   16.389   43.635
  18.681   16.685   45.263
  18.763   17.371   44.109
   2.195   24.096   19.127
   2.346   22.757   19.050
   3.592   22.128   19.281
   3.748   20.739   19.201
   2.664   19.929   18.887
   2.044   25.435   19.204
   0.797   26.064   18.972
   3.016   19.309   19.842
   3.415   19.455   18.092
   1.762   19.238   18.624
   0.047   26.539   19.767
   0.445   26.684   18.018
   1.215   26.707   19.121
   2.748   38.120   42.324
   2.643   39.445   42.088
   3.099   40.410   43.016
   2.990   41.784   42.772
   2.421   42.242   41.590
   2.853   36.794   42.560
   2.397   35.829   41.631
   3.398   42.921   41.534
   1.778   42.932   42.319
   1.945   42.640   40.602
   3.039   35.139   40.902
   1.419   35.150   41.687
   2.658   35.336   42.177
  20.329   45.401   14.746
  21.397   46.219   14.867
  21.256   47.606   15.109
  22.363   48.453   15.234
  23.651   47.944   15.121
  19.262   44.584   14.626
  19.402   43.197   14.384
  23.837   48.543   16.134
  23.803   48.849   14.361
  24.737   47.530   15.029
  19.251   42.292   15.144
  19.217   42.598   13.371
  18.622   43.223   14.403
  38.653   28.865   18.241
  37.906   27.868   17.722
  37.643   26.676   18.438
  36.868   25.642   17.899
  36.328   25.763   16.625
  39.401   29.862   18.761
  39.663   31.054   18.044
  35.319   25.428   17.162
  36.801   24.681   16.463
  35.869   25.852   15.556
  39.191   32.136   18.206
  40.673   31.390   17.507
  40.059   31.231   18.694
  11.695   31.522    3.210
  10.692   32.163    2.573
   9.893   33.135    3.219
   8.853   33.800    2.558
   8.576   33.516    1.227
  12.697   30.881    3.848
  13.497   29.909    3.201
   8.604   34.701    1.103
   7.454   33.414    1.617
   8.332   33.287    0.109
  14.618   30.010    2.811
  13.469   28.724    3.325
  13.842   29.881    3.902
  45.844    9.271    8.562
  45.171    8.109    8.418
  43.867    8.060    7.873
  43.170    6.855    7.724
  43.752    5.656    8.115
  46.516   10.432    8.706
  47.821   10.481    9.251
  43.414    5.288    7.033
  42.717    5.487    8.681
  44.230    4.642    8.439
  48.856   10.650    8.685
  48.159   10.849   10.333
  47.731   11.246    9.121
  22.831    6.912   37.249
  22.120    5.774   37.103
  20.724    5.727   37.329
  19.986    4.547   37.177
  20.619    3.371   36.794
  23.542    8.050   37.396
  24.938    8.096   37.170
  19.739    3.312   35.992
  20.032    2.906   37.721
  21.137    2.377   36.473
  25.525    8.561   36.242
  25.818    8.155   37.971
  24.837    8.846   37.363
  22.468   15.442   24.859
  21.533   16.074   25.600
  21.675   17.427   25.991
  20.705   18.083   26.759
  19.560   17.409   27.165
  23.403   14.810   24.118
  23.261   13.457   23.728
  19.000   18.369   26.733
  19.840   17.847   28.237
  18.594   16.856   27.512
  22.982   13.019   22.656
  23.821   12.498   24.160
  23.952   13.593   23.390
  31.800   37.683   23.998
  32.664   38.718   24.059
  33.708   38.880   23.118
  34.604   39.954   23.181
  34.489   40.904   24.188
  30.936   36.647   23.938
  29.892   36.485   24.879
  34.561   41.679   23.286
  35.655   40.704   24.331
  34.403   41.708   25.028
  28.726   36.685   24.736
  29.820   35.710   25.781
  29.743   35.853   24.446
  35.001   39.206   15.331
  34.068   40.051   15.819
  32.796   39.600   16.244
  31.829   40.476   16.751
  32.099   41.835   16.850
  35.934   38.361   14.843
  37.206   38.813   14.418
  31.692   41.703   17.962
  31.048   41.952   16.300
  32.312   42.978   16.938
  38.256   38.696   14.968
  37.612   38.945   13.305
  37.306   38.053   14.265
   7.454   47.643   44.981
   6.971   47.964   43.762
   6.767   46.991   42.755
   6.266   47.324   41.491
   5.951   48.643   41.189
   7.938   47.321   46.200
   8.141   48.295   47.206
   4.924   48.173   40.808
   6.602   48.438   40.212
   5.681   49.746   40.922
   7.490   48.500   48.183
   9.168   48.765   47.588
   8.383   47.672   47.611
  37.311   26.243   49.147
  36.628   25.078   49.160
  37.283   23.824   49.166
  36.575   22.617   49.180
  35.186   22.620   49.188
  37.994   27.407   49.134
  37.338   28.661   49.128
  35.319   21.857   50.093
  35.308   21.842   48.293
  34.020   22.608   49.195
  37.215   29.439   50.022
  37.205   29.425   48.223
  38.073   28.926   49.121
  45.109   47.698    4.511
  46.102   46.876    4.913
  46.232   46.459    6.258
  47.262   45.606    6.675
  48.199   45.142    5.760
  44.116   48.520    4.109
  43.987   48.937    2.764
  47.943   44.079    6.235
  48.985   45.506    6.578
  48.992   44.744    5.003
  43.200   48.573    1.946
  44.242   50.000    2.289
  43.370   49.319    3.053
  22.190    8.715   13.232
  21.537    7.730   13.884
  20.734    7.987   15.020
  20.057    6.965   15.696
  20.159    5.650   15.260
  22.843    9.701   12.580
  23.647    9.444   11.443
  18.970    5.668   15.340
  20.400    5.426   16.406
  20.236    4.542   14.905
  23.405    9.668   10.298
  24.835    9.426   11.364
  23.753   10.217   11.476
  45.520   28.672   23.481
  46.307   29.030   22.444
  46.981   28.073   21.649
  47.797   28.443   20.573
  47.968   29.785   20.255
  44.733   28.315   24.518
  44.059   29.272   25.313
  47.707   29.421   19.150
  49.126   29.503   20.255
  48.121   30.907   19.976
  42.901   29.554   25.313
  44.320   29.636   26.417
  43.808   28.632   25.683
  15.104   45.230   43.421
  15.426   45.467   44.711
  16.116   44.516   45.499
  16.450   44.762   46.836
  16.106   45.968   47.433
  14.782   44.992   42.132
  14.092   45.944   41.344
  17.247   45.976   47.775
  15.676   45.269   48.297
  15.823   46.977   47.946
  14.522   46.643   40.480
  12.951   45.936   41.002
  14.162   45.387   40.801
  48.486    9.292   20.365
  48.338   10.351   19.541
  49.145   11.508   19.654
  48.991   12.606   18.799
  48.026   12.586   17.800
  48.633    8.234   21.189
  47.827    7.076   21.076
  48.927   12.934   17.102
  47.734   13.654   18.241
  47.220   12.583   16.958
  48.119    6.009   20.635
  46.925    6.729   21.774
  48.263    6.843   21.681
   6.746   11.086   39.830
   5.427   11.070   39.543
   4.692    9.863   39.457
   3.324    9.847   39.160
   2.642   11.036   38.937
   8.065   11.102   40.117
   8.799   12.308   40.202
   1.864   10.585   39.718
   2.247   10.476   37.962
   2.057   12.027   38.747
   9.195   12.869   41.176
   9.578   12.760   39.421
   9.385   11.817   40.360
  41.309   39.824   41.171
  40.335   40.675   40.783
  40.625   41.932   40.201
  39.615   42.814   39.799
  38.279   42.470   39.965
  42.283   38.974   41.558
  41.994   37.717   42.140
  38.187   42.798   38.823
  38.196   43.553   40.457
  37.153   42.195   40.099
  42.076   36.635   41.649
  42.085   37.390   43.283
  42.773   37.666   42.160
  32.232   45.643   46.814
  31.386   44.594   46.902
  31.822   43.261   46.716
  30.945   42.173   46.807
  29.600   42.380   47.088
  33.077   46.691   46.726
  32.641   48.024   46.913
  29.776   41.535   47.910
  29.428   41.668   46.148
  28.469   42.540   47.323
  32.813   48.737   47.852
  32.466   48.869   46.091
  33.395   48.178   46.776
  11.117    6.242    8.838
   9.899    5.671    8.717
   8.706    6.429    8.784
   7.443    5.837    8.659
   7.329    4.466    8.462
  12.334    6.813    8.959
  13.528    6.056    8.891
   6.602    4.786    7.573
   6.543    4.534    9.355
   7.219    3.317    8.296
  14.314    5.988    7.998
  14.255    5.736    9.780
  13.853    6.757    9.001
  12.151    7.801   36.360
  11.304    8.852   36.369
  11.765   10.188   36.303
  10.886   11.277   36.312
   9.515   11.070   36.386
  12.998    6.750   36.352
  12.537    5.414   36.417
   9.482   11.822   35.462
   9.571   11.879   37.259
   8.361   10.910   36.448
  12.481    4.605   35.544
  12.569    4.662   37.341
  13.302    5.260   36.384
  16.254   36.136    5.078
  16.029   35.034    4.330
  15.560   33.826    4.897
  15.327   32.684    4.122
  15.553   32.710    2.751
  16.479   37.237    5.825
  16.948   38.446    5.258
  14.461   32.237    2.693
  16.159   31.706    2.964
  15.740   32.718    1.600
  16.342   39.449    5.045
  18.040   38.918    5.316
  16.905   38.686    6.000
  30.098    1.957    1.504
  28.780    1.737    1.691
  27.876    2.791    1.970
  26.509    2.563    2.164
  25.996    1.274    2.087
  31.417    2.176    1.316
  32.320    1.123    1.038
  25.195    1.776    1.362
  25.482    1.557    3.125
  25.552    0.198    2.026
  32.834    0.841   -0.000
  33.121    0.621    1.763
  32.836    1.710    1.027
  12.431   17.282    3.398
  12.635   15.974    3.661
  11.969   15.309    4.718
  12.180   13.952    4.990
  13.064   13.211    4.216
  12.228   18.591    3.135
  12.894   19.256    2.079
  12.159   12.439    4.153
  13.501   12.872    5.271
  13.803   12.578    3.573
  12.457   19.595    1.023
  13.799   20.028    2.142
  12.479   19.863    2.341
  17.690    6.890   42.648
  16.560    7.022   43.375
  15.709    8.145   43.243
  14.537    8.281   43.997
  14.174    7.299   44.909
  18.820    6.759   41.921
  19.670    5.636   42.053
  13.116    7.368   44.366
  14.042    8.221   45.653
  13.857    6.481   45.679
  19.802    4.714   41.310
  20.728    5.566   42.597
  20.080    6.015   41.507
  13.841   14.319   30.661
  12.879   13.372   30.701
  11.503   13.701   30.713
  10.506   12.719   30.755
  10.850   11.373   30.785
  14.802   15.266   30.621
  16.178   14.938   30.608
  10.057   11.285   29.899
  10.085   11.333   31.698
  11.124   10.240   30.811
  16.943   14.979   29.695
  16.970   15.026   31.494
  16.255   15.715   30.586
  39.924   35.560   34.746
  39.935   35.166   33.455
  39.157   35.814   32.467
  39.168   35.405   31.128
  39.958   34.334   30.729
  39.914   35.954   36.037
  40.692   35.306   37.026
  40.317   35.084   29.876
  38.955   33.956   30.209
  40.616   33.437   30.381
  41.695   35.684   37.546
  40.333   34.556   37.879
  40.360   35.843   37.487
  34.879   32.689    0.532
  35.841   33.616    0.726
  37.188   33.387    0.360
  38.186   34.349    0.561
  37.871   35.574    1.135
  33.917   31.762    0.338
  32.570   31.991    0.705
  38.473   36.017    0.208
  38.801   35.335    1.841
  37.621   36.606    1.617
  31.640   32.230   -0.001
  31.968   31.548    1.632
  32.481   31.268    0.421
  38.057   33.947   37.343
  37.346   34.877   36.671
  37.016   34.726   35.303
  36.279   35.691   34.606
  35.846   36.842   35.252
  38.767   33.016   38.015
  39.097   33.168   39.383
  34.793   36.560   34.769
  36.321   37.394   34.309
  35.476   37.813   35.782
  38.622   32.616   40.326
  40.149   33.450   39.865
  39.440   32.476   39.267
  15.140    7.112    5.570
  13.902    6.578    5.641
  13.685    5.235    6.029
  12.401    4.682    6.102
  11.288    5.453    5.790
  16.378    7.645    5.500
  16.595    8.988    5.111
  10.871    5.038    6.826
  10.996    4.520    5.107
  10.345    6.088    5.530
  16.887    9.920    5.794
  17.011    9.403    4.074
  17.341    8.789    5.225
  20.154   46.875   26.880
  21.102   46.996   25.926
  22.177   47.908   26.048
  23.160   48.034   25.059
  23.103   47.252   23.912
  19.206   46.754   27.833
  18.131   45.842   27.711
  24.244   47.023   24.168
  23.261   48.291   23.352
  23.067   46.601   22.945
  17.973   44.802   28.271
  16.990   46.070   27.455
  17.939   46.140   28.406
  41.228   28.670   27.042
  41.795   27.842   26.139
  41.652   26.436   26.217
  42.240   25.577   25.280
  42.991   26.093   24.232
  40.662   29.498   27.945
  40.805   30.904   27.866
  42.311   25.378   23.564
  43.794   25.284   24.581
  43.625   26.513   23.347
  40.002   31.713   27.518
  41.485   31.619   28.534
  40.362   30.878   28.509
   7.880   21.548   35.882
   7.582   22.651   35.162
   8.547   23.647   34.882
   8.238   24.790   34.135
   6.953   24.978   33.642
   8.178   20.446   36.602
   7.213   19.449   36.881
   7.518   25.196   32.616
   7.064   26.060   34.128
   5.878   25.148   33.222
   7.101   18.367   36.395
   6.647   19.232   37.907
   7.816   19.119   37.251
  34.348    4.751   19.617
  35.515    5.376   19.353
  36.736    4.669   19.237
  37.946    5.317   18.963
  37.979    6.696   18.795
  33.182    4.125   19.882
  31.961    4.832   19.998
  38.591    6.430   17.808
  38.880    6.639   19.572
  38.020    7.852   18.651
  31.060    4.890   19.220
  31.348    5.098   20.985
  31.681    4.115   20.128
  14.810    3.942   33.662
  13.997    3.386   32.738
  12.598    3.603   32.743
  11.755    3.027   31.785
  12.280    2.214   30.789
  15.623    4.497   34.585
  17.022    4.281   34.580
  11.634    2.905   30.065
  11.415    1.466   31.123
  12.708    1.529   29.947
  17.887    5.028   34.246
  17.668    3.589   35.304
  16.988    4.746   35.207
   4.207   22.350   32.100
   4.443   22.296   33.428
   5.494   21.521   33.972
   5.739   21.465   35.349
   4.941   22.182   36.232
   3.971   22.404   30.772
   2.920   23.179   30.227
   5.985   22.552   36.671
   4.873   21.143   36.811
   4.279   22.779   36.983
   2.988   24.218   29.648
   1.876   22.810   29.788
   3.199   22.893   29.556
  47.247   40.019   33.971
  47.656   38.865   33.404
  49.000   38.656   33.013
  49.424   37.459   32.424
  48.520   36.428   32.205
  46.837   41.173   34.539
  45.493   41.382   34.930
  49.352   35.760   32.735
  48.982   36.430   31.106
  47.771   35.554   32.015
  45.031   41.379   36.028
  44.661   42.050   34.399
  45.777   42.075   35.151
  36.211   39.173   28.856
  37.514   39.435   28.617
  37.972   40.737   28.302
  39.323   41.009   28.055
  40.264   39.989   28.113
  34.909   38.911   29.095
  34.451   37.610   29.409
  40.859   40.754   28.806
  40.605   40.420   27.056
  41.064   39.142   28.158
  34.110   37.178   30.466
  33.856   36.845   28.716
  33.761   37.975   29.439
  17.873   21.744   18.049
  17.695   22.553   19.115
  18.686   23.471   19.534
  18.501   24.310   20.640
  17.317   24.260   21.366
  18.052   20.935   16.983
  17.061   20.017   16.564
  17.337   25.444   21.231
  18.048   24.186   22.304
  16.329   24.229   21.984
  16.330   20.091   15.625
  17.041   18.833   16.699
  17.595   19.853   16.018
  37.211   14.754   45.923
  36.078   15.222   45.356
  35.013   14.365   44.990
  33.839   14.850   44.403
  33.687   16.210   44.161
  38.343   14.286   46.489
  39.408   15.142   46.856
  32.638   16.057   44.703
  33.367   15.848   43.071
  33.547   17.349   43.952
  39.728   15.504   47.945
  40.458   15.295   46.313
  39.730   14.469   47.086
  20.757   35.695   47.083
  19.721   35.469   46.248
  19.257   36.454   45.344
  18.183   36.219   44.478
  17.533   34.991   44.485
  21.793   35.922   47.919
  22.257   34.937   48.823
  17.690   35.048   43.305
  16.549   35.658   44.556
  16.980   33.965   44.481
  23.242   34.269   48.752
  22.100   34.880   50.002
  22.764   35.500   49.010
  26.841   37.896   27.063
  27.076   37.734   25.744
  26.544   36.644   25.016
  26.788   36.475   23.647
  27.573   37.392   22.958
  26.605   38.059   28.382
  27.137   39.149   29.111
  26.668   37.388   22.183
  28.135   36.417   22.565
  28.230   38.153   22.368
  26.575   40.123   29.505
  28.042   39.153   29.886
  26.756   38.804   29.699
   3.809   12.438   36.983
   3.440   13.717   37.206
   2.087   14.127   37.152
   1.704   15.454   37.383
   2.660   16.417   37.677
   4.178   11.158   36.761
   5.532   10.748   36.815
   1.929   16.682   38.579
   2.107   17.039   36.824
   3.453   17.236   37.924
   6.085   10.126   37.668
   6.263   10.483   35.912
   5.217   10.054   36.642
  48.469    6.975    8.157
  48.646    8.090    7.417
  47.654    9.095    7.325
  47.838   10.251    6.557
  49.020   10.443    5.853
  48.291    5.861    8.898
  49.283    4.856    8.990
  49.001   11.517    6.371
  48.289   10.682    4.944
  50.008   10.617    5.258
  50.015    4.617    9.899
  49.302    3.782    8.473
  48.750    4.521    9.452
   8.309   25.392   15.311
   9.056   24.268   15.280
   8.474   22.984   15.164
   9.249   21.818   15.132
  10.634   21.896   15.215
   7.562   26.516   15.341
   8.144   27.801   15.457
  10.600   21.179   14.263
  10.500   21.063   16.057
  11.797   21.946   15.283
   8.277   28.633   14.615
   8.177   28.517   16.409
   7.396   28.025   15.430
  29.101    4.527   22.116
  28.862    5.623   21.365
  29.176    6.926   21.817
  28.929    8.062   21.038
  28.357    7.936   19.778
  29.340    3.432   22.868
  29.025    2.129   22.416
  29.257    8.641   19.442
  27.618    8.784   20.171
  27.878    7.844   18.718
  29.764    1.281   22.023
  28.125    1.424   22.752
  29.318    1.931   23.112
  37.992   23.688    3.836
  38.663   22.517    3.883
  38.392   21.461    2.981
  39.088   20.247    3.030
  40.080   20.047    3.982
  37.321   24.858    3.789
  37.592   25.915    4.690
  40.723   19.686    3.046
  39.496   19.028    4.186
  40.915   19.865    4.775
  38.176   26.934    4.486
  36.949   26.276    5.626
  37.026   26.266    4.283
   1.906    4.033   33.829
   1.692    3.669   35.111
   0.463    3.112   35.538
   0.241    2.735   36.868
   1.240    2.902   37.819
   2.120    4.396   32.546
   3.349    4.953   32.120
   0.993    1.768   38.088
   0.371    3.417   38.451
   2.070    3.036   38.627
   4.217    4.438   31.487
   3.595    6.088   31.851
   2.981    4.967   31.431
   9.021   33.545   38.083
  10.285   34.014   38.035
  10.596   35.364   38.325
  11.908   35.850   38.275
  12.956   35.005   37.933
   7.756   33.076   38.132
   7.445   31.727   37.841
  13.467   35.454   38.911
  13.243   35.880   37.176
  13.844   34.306   37.646
   7.158   30.852   38.598
   6.934   31.277   36.863
   6.719   31.972   37.995
   2.780   15.542   45.646
   3.483   14.511   45.132
   3.097   13.164   45.334
   3.827   12.095   44.802
   4.969   12.333   44.048
   2.076   16.573   46.159
   2.462   17.919   45.957
   4.458   11.584   43.275
   5.458   11.522   44.770
   5.930   12.519   43.413
   1.974   18.731   45.234
   2.974   18.669   46.730
   1.826   18.055   46.388
  30.293   15.251   46.320
  29.954   14.038   45.833
  28.720   13.422   46.148
  28.368   12.165   45.643
  29.239   11.478   44.805
  30.632   16.463   46.807
  31.867   17.080   46.492
  28.273   11.357   44.117
  29.031   10.570   45.547
  29.960   10.892   44.100
  32.074   17.988   45.749
  32.832   17.202   47.180
  31.582   17.643   46.952
  10.246   12.533   46.345
   9.563   13.243   47.267
   9.632   14.655   47.329
   8.923   15.392   48.285
   8.119   14.743   49.214
  10.930   11.822   45.423
  10.861   10.410   45.362
   7.303   15.541   48.873
   8.702   15.424   50.000
   7.442   14.210   50.000
  10.278    9.729   44.576
  11.677    9.612   45.703
  11.352   10.518   44.764
  42.979   11.476   18.712
  43.802   10.425   18.916
  43.325    9.093   18.937
  44.178    8.003   19.149
  45.538    8.206   19.349
  42.157   12.527   18.507
  42.634   13.859   18.487
  45.654    7.364   18.514
  45.374    7.491   20.288
  46.681    8.363   19.518
  42.797   14.575   17.548
  42.517   14.701   19.321
  41.879   14.014   18.357
   3.393    4.651   20.941
   3.192    3.431   20.399
   2.037    3.130   19.639
   1.828    1.865   19.077
   2.766    0.856   19.256
   3.595    5.871   21.483
   4.749    6.173   22.243
   2.667    0.733   18.075
   1.818    0.208   19.572
   3.546   -0.000   19.398
   5.698    6.821   21.927
   4.849    6.296   23.424
   4.405    6.872   22.292
  14.650   18.325    3.241
  14.228   18.547    4.504
  13.279   19.550    4.812
  12.841   19.780    6.122
  13.336   19.015    7.170
  15.073   18.103    1.979
  16.022   17.100    1.671
  12.185   18.887    7.449
  13.517   20.074    7.686
  13.744   18.380    8.060
  15.841   16.041    1.155
  17.173   17.228    1.392
  15.912   17.368    0.945
  12.868   30.805   35.442
  13.912   30.776   34.587
  13.768   30.361   33.241
  14.851   30.331   32.355
  16.116   30.714   32.781
  11.824   30.834   36.297
  11.968   31.249   37.643
  16.104   31.383   31.796
  16.454   29.686   32.281
  17.184   31.032   33.127
  11.630   32.277   38.143
  11.980   30.579   38.628
  11.202   31.096   37.660
  24.570   40.393   11.290
  24.917   39.555   10.291
  24.044   39.271    9.213
  24.403   38.401    8.177
  25.648   37.785    8.180
  24.224   41.231   12.290
  25.097   41.515   13.367
  25.702   38.180    7.057
  25.015   36.796    7.979
  26.690   37.261    8.170
  25.730   42.504   13.568
  25.043   41.120   14.490
  24.499   41.964   13.594
   7.985   26.933    6.072
   8.612   26.018    5.302
   8.219   25.766    3.967
   8.870   24.817    3.168
   9.937   24.088    3.677
   7.357   27.847    6.842
   7.750   28.100    8.177
  10.477   24.422    2.669
   9.336   23.154    3.245
  10.834   23.469    4.092
   8.351   29.034    8.610
   7.210   27.767    9.186
   7.162   28.613    8.141
  28.648   44.205   11.308
  29.591   44.255   12.273
  30.957   44.473   11.975
  31.936   44.525   12.975
  31.583   44.359   14.309
  27.705   44.156   10.344
  26.339   43.938   10.641
  32.228   45.349   14.467
  32.478   43.573   14.313
  31.300   44.222   15.432
  25.443   44.724   10.637
  25.694   42.948   10.483
  26.270   43.995    9.865
  23.290   19.571   44.814
  24.259   19.675   45.748
  24.456   20.861   46.495
  25.461   20.969   47.464
  26.304   19.895   47.721
  22.321   19.467   43.879
  22.124   18.282   43.132
  26.020   20.111   48.858
  27.165   20.711   47.605
  27.019   19.001   47.947
  21.263   17.466   43.249
  22.408   18.065   41.996
  21.552   18.705   42.812
   5.989   10.269   26.606
   4.928    9.440   26.521
   4.808    8.289   27.336
   3.707    7.429   27.248
   2.686    7.689   26.342
   7.051   11.099   26.691
   7.171   12.250   25.877
   1.980    7.519   27.287
   2.840    6.547   26.039
   1.822    7.896   25.586
   7.017   13.392   26.179
   7.876   12.420   24.932
   7.839   12.331   26.273
   8.582   18.322   23.849
   8.473   19.626   24.182
   8.318   20.047   25.524
   8.204   21.399   25.869
   8.242   22.378   24.885
   8.692   17.018   23.516
   8.847   16.597   22.174
   9.048   22.884   25.602
   7.260   22.778   25.428
   8.272   23.210   24.068
   9.829   16.197   21.631
   8.041   16.091   21.457
   8.856   15.891   22.509
  41.367   46.663   16.879
  42.669   46.306   16.893
  43.075   44.952   16.945
  44.425   44.582   16.960
  45.417   45.554   16.924
  40.065   47.019   16.864
  39.658   48.374   16.812
  45.864   44.879   16.050
  45.863   44.948   17.848
  46.260   46.359   16.894
  39.212   48.980   15.888
  39.211   49.048   17.687
  38.948   48.050   16.824
  19.342   20.675    0.886
  18.629   21.822    0.888
  19.253   23.092    0.889
  18.514   24.281    0.891
  17.125   24.243    0.892
  20.054   19.528    0.884
  19.430   18.258    0.884
  17.233   25.017   -0.007
  17.235   25.016    1.793
  15.959   24.225    0.894
  19.321   17.485   -0.017
  19.323   17.484    1.783
  20.172   18.012    0.883
  41.592   27.289   29.411
  42.401   27.599   30.446
  42.915   28.904   30.632
  43.754   29.226   31.705
  44.110   28.254   32.631
  40.783   26.979   28.376
  40.270   25.673   28.190
  43.777   29.075   33.428
  45.215   28.652   32.431
  44.416   27.447   33.416
  39.165   25.275   28.391
  40.602   24.851   27.394
  39.937   26.007   27.568
  13.130   15.392   16.699
  11.916   15.607   17.250
  11.159   14.561   17.829
   9.900   14.784   18.400
   9.353   16.060   18.411
  14.344   15.177   16.149
  15.100   16.223   15.570
   9.168   15.830   19.566
   8.390   15.511   17.974
   8.882   17.127   18.428
  16.063   16.773   16.007
  15.285   16.454   14.416
  15.606   15.642   15.439
  16.578   12.133   26.081
  16.257   13.422   26.320
  14.920   13.836   26.529
  14.588   15.173   26.777
  15.580   16.144   26.826
  16.899   10.843   25.841
  18.236   10.430   25.633
  15.049   16.450   27.847
  14.860   16.731   26.080
  16.403   16.969   26.869
  18.956    9.842   26.379
  18.767   10.123   24.611
  17.896    9.731   25.558
  18.205   48.834   39.252
  19.001   48.020   38.526
  20.343   48.357   38.225
  21.168   47.513   37.472
  20.681   46.303   36.992
  17.410   49.647   39.978
  16.068   49.311   40.279
  21.681   45.862   37.467
  21.138   46.679   35.957
  20.286   45.285   36.584
  15.611   48.936   41.314
  15.068   49.752   39.804
  16.089   50.001   40.645
  15.144   22.516   42.078
  15.401   21.192   42.143
  14.367   20.226   42.145
  14.634   18.854   42.212
  15.945   18.398   42.280
  14.886   23.840   42.013
  15.920   24.806   42.010
  15.602   17.676   41.396
  15.536   17.751   43.193
  17.040   18.002   42.337
  16.329   25.452   41.097
  16.263   25.528   42.894
  15.315   25.298   41.967
  22.945   37.073   34.578
  22.427   36.373   35.609
  22.213   36.957   36.880
  21.676   36.231   37.950
  21.334   34.895   37.787
  23.463   37.773   33.546
  23.677   37.189   32.275
  20.305   35.232   38.285
  21.964   34.746   38.788
  21.042   33.773   37.664
  23.047   37.337   31.275
  24.705   36.851   31.778
  23.938   37.906   32.108
  33.441   29.161   42.296
  32.617   28.559   43.179
  32.819   28.651   44.577
  31.965   28.027   45.493
  30.878   27.287   45.045
  34.265   29.763   41.412
  34.062   29.671   40.014
  30.274   27.936   45.841
  31.300   26.458   45.790
  29.962   26.663   44.683
  33.640   30.499   39.269
  34.667   29.021   39.219
  34.703   30.116   39.999
   5.636   44.199   35.244
   5.035   45.331   34.819
   5.045   46.520   35.586
   4.421   47.693   35.145
   3.765   47.719   33.921
   6.238   43.068   35.670
   6.228   41.879   34.903
   4.404   48.709   33.746
   2.878   48.201   34.554
   3.210   47.754   32.896
   7.115   41.397   34.270
   5.589   40.889   35.077
   6.639   41.610   35.510
  27.585   22.605    2.994
  26.637   23.281    3.677
  26.372   23.024    5.043
  25.388   23.724    5.752
  24.635   24.706    5.120
  28.534   21.930    2.310
  28.799   22.187    0.944
  24.932   25.362    6.069
  23.712   24.124    5.600
  23.995   25.532    4.602
  29.721   22.769    0.464
  28.502   21.531   -0.005
  29.330   21.624    1.051
   6.044   14.100    2.444
   6.853   15.094    2.020
   6.475   15.976    0.980
   7.314   17.008    0.541
   8.560   17.195    1.127
   5.236   13.105    2.867
   5.613   12.223    3.907
   8.207   18.330    1.208
   8.942   17.218   -0.001
   9.608   17.362    1.610
   5.230   12.200    5.036
   5.966   11.088    3.826
   4.909   11.918    3.760
  26.633   19.257    8.763
  27.026   18.398    9.727
  26.172   18.023   10.791
  26.580   17.132   11.791
  27.857   16.586   11.764
  26.239   20.115    7.798
  27.094   20.491    6.734
  27.278   15.556   11.923
  27.891   16.937   12.902
  28.926   16.119   11.753
  27.060   20.140    5.596
  27.672   21.520    6.575
  26.472   20.915    6.525
  22.442   15.175   37.970
  22.714   14.596   36.781
  23.336   15.305   35.726
  23.618   14.705   34.494
  23.289   13.374   34.272
  22.170   15.754   39.159
  21.548   15.045   40.214
  24.413   13.295   33.886
  22.798   13.797   33.272
  23.018   12.257   34.072
  22.039   14.622   41.214
  20.424   15.124   40.599
  21.623   15.732   40.578
   4.804   15.287   24.533
   4.839   13.968   24.247
   6.056   13.277   24.041
   6.092   11.909   23.744
   4.912   11.183   23.643
   4.769   16.605   24.819
   3.552   17.296   25.024
   5.468   10.425   24.375
   5.386   10.804   22.617
   3.929   10.562   23.555
   3.078   17.676   26.050
   2.996   18.055   24.292
   4.035   17.900   25.132
  45.279   11.990   23.438
  45.259   11.326   24.614
  45.841   11.860   25.787
  45.820   11.172   27.006
  45.216    9.924   27.095
  45.299   12.654   22.263
  44.717   12.119   21.089
  44.673   10.399   28.043
  46.237    9.612   27.625
  44.713    8.876   27.183
  43.696   12.431   20.559
  45.260   11.644   20.141
  44.973   12.790   20.784
  12.499    9.006   42.118
  12.476   10.347   41.968
  11.302   11.106   42.187
  11.277   12.497   42.031
  12.426   13.179   41.650
  12.523    7.665   42.268
  13.697    6.906   42.049
  12.159   13.882   42.575
  11.705   13.680   40.845
  13.383   13.764   41.330
  14.418    6.405   42.854
  13.964    6.203   41.124
  13.224    6.315   42.242
  36.076   33.121   42.215
  35.237   32.621   43.146
  35.117   31.230   43.378
  34.247   30.711   44.343
  33.464   31.564   45.111
  36.916   33.622   41.284
  37.036   35.013   41.052
  33.890   30.924   46.022
  32.581   30.831   44.790
  32.802   32.268   45.763
  37.919   35.745   41.373
  36.609   35.653   40.141
  37.553   34.772   40.519
   3.577   33.481    6.288
   2.800   32.384    6.174
   3.348   31.081    6.095
   2.541   29.943    5.976
   1.158   30.066    5.933
   4.355   34.579    6.402
   3.807   35.881    6.481
   1.187   29.221    6.773
   1.255   29.359    4.979
  -0.004   30.156    5.896
   3.710   36.589    7.435
   3.778   36.727    5.641
   4.561   36.081    6.525
  41.492   31.275   25.733
  42.701   31.519   26.282
  43.745   32.136   25.552
  44.999   32.389   26.121
  45.254   32.033   27.440
  40.282   31.032   25.185
  39.239   30.414   25.914
  45.659   33.150   27.526
  46.233   31.534   26.979
  45.481   31.740   28.545
  38.259   30.913   26.375
  38.833   29.297   25.828
  38.856   30.507   25.240
  10.650   49.090    4.405
  11.359   48.573    5.431
  11.157   48.992    6.768
  11.893   48.456    7.832
  12.856   47.483    7.598
   9.941   49.606    3.379
  10.143   49.188    2.042
  12.300   46.906    8.480
  13.545   48.189    8.266
  13.667   46.665    7.415
   9.454   48.482    1.373
  10.698   49.765    1.159
   9.580   49.711    1.905
  18.453   14.897   10.251
  17.222   14.344   10.222
  17.030   12.942   10.227
  15.753   12.368   10.196
  14.624   13.175   10.159
  19.684   15.450   10.281
  19.877   16.852   10.276
  14.257   12.480   11.055
  14.306   12.466    9.256
  13.667   13.841   10.128
  20.194   17.561   11.180
  20.244   17.548    9.380
  20.629   16.642   10.298
  14.821   33.938   44.904
  14.284   34.988   44.248
  13.845   34.890   42.906
  13.287   35.979   42.226
  13.149   37.205   42.863
  15.359   32.887   45.560
  15.797   32.986   46.902
  12.032   37.147   42.450
  13.670   37.629   41.879
  13.026   38.241   43.386
  15.276   32.562   47.886
  16.914   33.044   47.315
  15.978   32.235   46.786
  47.300    4.291    7.717
  47.817    5.136    6.799
  47.192    6.363    6.474
  47.728    7.238    5.521
  48.907    6.918    4.861
  46.784    3.447    8.635
  47.408    2.220    8.961
  49.230    8.021    5.175
  48.283    7.197    3.885
  49.896    6.661    4.299
  48.032    1.940    9.937
  47.085    1.117    8.647
  46.799    2.160    9.446
  43.154   18.401   11.183
  43.503   18.362   12.487
  43.412   17.175   13.252
  43.773   17.135   14.604
  44.238   18.280   15.240
  42.806   18.440    9.880
  42.897   19.627    9.115
  45.117   17.563   15.604
  43.431   17.990   16.068
  44.629   19.233   15.785
  43.703   19.917    8.287
  42.017   20.344    8.750
  42.624   19.159    8.552
  13.302   28.761   25.925
  13.222   29.157   24.636
  11.985   29.250   23.956
  11.902   29.660   22.620
  13.053   29.992   21.917
  13.382   28.366   27.213
  14.619   28.273   27.893
  12.437   30.970   21.627
  12.604   29.260   21.091
  14.011   30.274   21.315
  15.068   29.005   28.719
  15.235   27.295   28.184
  14.158   28.044   28.481
  40.797    0.703   12.777
  39.743    1.302   12.184
  39.156    0.791   11.003
  38.062    1.412   10.388
  37.516    2.568   10.933
  41.852    0.104   13.369
  42.439    0.616   14.551
  36.485    1.983   10.810
  37.609    2.981    9.819
  37.048    3.538   11.380
  42.346    0.202   15.665
  43.470    1.200   14.674
  42.907   -0.003   14.459
   9.186   29.421    6.612
   9.753   28.224    6.348
   9.788   27.184    7.307
  10.375   25.943    7.033
  10.948   25.698    5.792
   8.620   30.618    6.875
   8.585   31.658    5.917
  10.294   24.702    5.831
  11.873   25.316    6.439
  11.433   25.479    4.754
   7.660   32.040    5.270
   9.240   32.653    5.878
   8.217   32.034    6.495
   5.043   45.610   16.027
   4.536   45.278   14.821
   5.355   45.133   13.676
   4.828   44.788   12.426
   3.464   44.576   12.275
   5.551   45.943   17.233
   4.732   46.087   18.377
   3.811   43.573   11.733
   3.582   45.317   11.349
   2.320   44.395   12.135
   4.613   45.347   19.303
   4.384   47.090   18.919
   5.416   46.252   18.715
   4.604   28.175    7.771
   5.515   27.183    7.859
   5.611   26.163    6.882
   6.556   25.135    6.974
   7.439   25.088    8.045
   3.693   29.167    7.683
   3.597   30.186    8.660
   8.261   24.952    7.194
   7.085   23.953    8.120
   8.186   25.037    8.939
   3.951   31.321    8.585
   2.774   30.323    9.511
   3.021   30.432    8.193
  15.257   37.088   43.482
  14.831   37.375   44.731
  13.631   36.839   45.256
  13.190   37.136   46.551
  13.933   37.980   47.367
  15.682   36.802   42.233
  16.882   37.338   41.708
  13.798   37.109   48.169
  12.887   38.526   47.534
  14.547   38.686   48.063
  17.928   36.792   41.541
  17.017   38.209   40.906
  16.669   36.921   41.083
   6.738   18.146   14.136
   8.059   18.008   13.893
   8.801   18.994   13.201
  10.171   18.852   12.949
  10.847   17.718   13.380
   5.418   18.283   14.379
   4.676   17.297   15.072
  11.624   18.507   13.820
  11.252   17.691   12.259
  11.428   16.771   13.736
   4.271   17.323   16.192
   3.899   16.508   14.632
   4.092   17.801   14.947
  10.418   22.191   44.371
  10.479   20.865   44.127
  11.677   20.128   44.284
  11.741   18.753   44.031
  10.609   18.065   43.612
  10.356   23.517   44.615
   9.158   24.254   44.459
  10.906   17.307   44.483
  11.337   17.643   42.768
   9.666   17.475   43.260
   8.431   24.676   45.303
   8.861   25.011   43.588
   9.616   24.844   44.689
  48.548   18.342   22.604
  47.580   17.618   22.004
  47.874   16.480   21.215
  46.870   15.729   20.592
  45.536   16.089   20.737
  49.517   19.066   23.204
  49.223   20.204   23.993
  45.390   14.939   21.010
  45.514   15.983   19.550
  44.412   16.380   20.849
  49.245   20.310   25.179
  49.369   21.354   23.719
  50.000   20.219   24.070
  20.597   35.900    6.522
  20.666   35.116    5.426
  20.727   33.705    5.516
  20.799   32.891    4.379
  20.811   33.459    3.111
  20.528   36.685    7.619
  20.467   38.096    7.529
  19.952   32.663    2.888
  21.750   32.745    2.942
  20.822   33.923    2.041
  19.528   38.810    7.698
  21.325   38.892    7.752
  20.446   38.038    8.308
  33.312   14.021   36.770
  33.351   14.834   35.692
  33.542   14.333   34.383
  33.583   15.176   33.265
  33.433   16.548   33.418
  33.273   13.209   37.848
  33.082   13.709   39.157
  32.630   16.427   32.545
  34.412   16.599   32.740
  33.308   17.702   33.531
  32.103   13.658   39.835
  33.884   13.831   40.030
  33.135   12.952   39.340
  32.448   42.557   23.507
  31.985   41.514   22.785
  31.249   40.460   23.377
  30.769   39.379   22.629
  31.007   39.313   21.261
  32.911   43.599   24.229
  33.647   44.653   23.637
  29.836   39.099   21.199
  31.367   38.204   21.509
  31.200   39.245   20.113
  33.286   45.762   23.389
  34.817   44.867   23.699
  33.653   44.919   24.372
  46.117    4.247   31.133
  47.100    5.004   31.664
  47.184    5.258   33.053
  48.204    6.043   33.604
  49.176    6.603   32.785
  45.133    3.490   30.601
  45.050    3.236   29.212
  49.930    6.135   33.581
  48.911    7.604   33.374
  49.999    7.078   32.109
  45.315    2.234   28.623
  44.296    3.704   28.416
  44.420    2.830   29.432
  42.589   42.229   29.956
  42.029   42.138   31.181
  41.671   40.894   31.752
  41.091   40.800   33.023
  40.849   41.947   33.768
  43.148   42.319   28.731
  43.506   43.564   28.160
  41.399   41.343   34.636
  39.762   41.475   33.898
  40.639   42.902   34.404
  44.592   44.035   28.030
  42.956   44.168   27.292
  43.735   43.107   27.569
  19.920    7.051   27.433
  19.702    5.722   27.344
  18.397    5.178   27.294
  18.171    3.799   27.202
  19.242    2.916   27.157
  20.139    8.381   27.521
  21.444    8.925   27.571
  18.662    2.464   26.220
  18.641    2.348   28.016
  20.132    2.163   27.119
  22.045    9.493   26.713
  22.024    9.376   28.509
  21.048    9.597   27.610
   8.216    7.924   41.542
   9.412    7.739   40.944
   9.555    6.946   39.781
  10.795    6.754   39.161
  11.937    7.348   39.682
   7.020    8.109   42.140
   6.877    8.902   43.303
  12.108    7.704   38.558
  12.395    6.252   39.582
  12.904    7.841   40.109
   6.419    9.997   43.403
   6.707    8.546   44.428
   6.128    8.696   43.223
  46.720   28.858   13.956
  47.403   28.065   13.104
  48.526   27.310   13.519
  49.235   26.487   12.636
  48.846   26.389   11.306
  46.037   29.652   14.808
  44.914   30.406   14.392
  48.919   25.217   11.506
  50.000   26.595   11.089
  48.531   26.298   10.187
  43.760   30.201   14.609
  44.841   31.579   14.192
  44.920   30.628   15.141
  33.565   37.602    3.668
  32.739   36.906    2.857
  32.141   37.490    1.715
  31.285   36.768    0.875
  30.997   35.437    1.146
  34.390   38.298    4.478
  34.988   37.713    5.620
  31.276   35.277   -0.001
  29.867   35.787    0.997
  30.746   34.319    1.362
  36.117   37.364    5.770
  34.708   37.873    6.768
  35.296   38.427    5.692
   5.483   23.538   17.476
   4.350   22.852   17.212
   3.125   23.505   16.938
   1.950   22.793   16.665
   1.959   21.404   16.657
   6.615   24.225   17.739
   7.841   23.572   18.013
   1.407   21.536   15.609
   1.008   21.523   17.364
   1.953   20.238   16.647
   8.792   23.453   17.306
   8.392   23.440   19.061
   8.095   24.308   18.077
   8.427   33.611   24.840
   8.268   32.365   25.333
   9.230   31.348   25.127
   9.064   30.055   25.638
   7.931   29.733   26.374
   8.587   34.858   24.346
   7.625   35.875   24.552
   8.720   29.290   27.150
   7.876   28.799   25.637
   6.985   29.450   26.994
   7.680   36.809   25.290
   6.836   36.319   23.777
   8.134   36.294   24.133
  10.784   34.718    1.502
  10.558   35.732    2.365
   9.390   36.528    2.297
   9.155   37.579    3.192
  10.080   37.870    4.187
  11.010   33.705    0.639
  12.177   32.908    0.707
   9.125   37.850    4.899
   9.966   38.987    3.785
  10.848   38.126    5.027
  12.292   31.792    1.109
  13.132   32.929   -0.006
  11.844   32.556    0.095
  10.466   12.271   16.238
   9.366   11.494   16.335
   8.084   12.038   16.585
   6.943   11.233   16.685
   7.044    9.855   16.538
  11.567   13.047   16.142
  12.849   12.503   15.891
   6.138   10.001   15.778
   6.412    9.832   17.549
   7.114    8.697   16.417
  13.480   12.527   14.881
  13.755   12.358   16.652
  13.058   13.255   15.930
   3.757   43.261   15.830
   4.777   43.017   16.680
   5.366   41.736   16.797
   6.425   41.484   17.678
   6.932   42.504   18.474
   2.737   43.504   14.980
   2.147   44.785   14.863
   7.983   42.130   18.057
   6.805   41.707   19.350
   7.367   43.351   19.147
   2.274   45.582   13.986
   1.096   45.159   15.280
   1.703   44.416   14.337
  25.051   40.172   26.599
  26.199   40.611   27.158
  27.447   40.003   26.883
  28.637   40.458   27.464
  28.622   41.536   28.339
  23.903   39.734   26.039
  22.655   40.342   26.314
  29.508   41.940   27.653
  29.264   40.813   29.035
  28.623   42.440   29.076
  22.012   41.065   25.619
  21.769   39.938   27.001
  22.399   39.792   25.822
  17.129   34.442    0.869
  17.743   33.240    0.858
  19.153   33.119    0.855
  19.790   31.872    0.844
  19.041   30.703    0.835
  16.514   35.644    0.879
  15.104   35.766    0.883
  19.760   30.389    1.732
  19.757   30.404   -0.068
  18.423   29.713    0.828
  14.387   36.065    1.786
  14.385   36.080   -0.014
  15.276   36.528    0.888
  41.990   31.360   10.055
  42.353   32.573    9.587
  43.554   32.770    8.866
  43.931   34.029    8.382
  43.119   35.134    8.601
  41.627   30.146   10.522
  40.426   29.949   11.244
  43.262   35.308    7.430
  44.132   35.642    8.971
  42.447   36.071    8.777
  39.413   29.442   10.873
  40.282   29.775   12.414
  40.681   29.211   11.259
  39.350   39.538   19.768
  39.348   40.689   19.062
  40.488   41.135   18.352
  40.486   42.328   17.620
  39.344   43.118   17.572
  39.351   38.387   20.473
  38.212   37.941   21.184
  39.539   43.101   16.397
  40.098   43.997   17.855
  38.393   43.791   17.524
  37.458   37.062   20.901
  38.016   37.957   22.359
  38.688   37.349   21.365
  23.029   35.602   29.565
  24.326   35.771   29.899
  25.266   34.717   29.812
  26.611   34.892   30.158
  27.064   36.127   30.604
  21.732   35.433   29.232
  20.792   36.488   29.319
  27.920   35.961   29.791
  27.545   35.487   31.486
  27.458   37.159   30.980
  20.311   37.128   28.436
  19.936   36.653   30.132
  20.306   35.934   29.057
  43.616   30.351   46.224
  42.727   29.884   47.127
  41.330   30.021   46.943
  40.408   29.538   47.879
  40.850   28.900   49.032
  44.505   30.817   45.321
  45.901   30.680   45.505
  40.057   28.067   48.719
  40.100   29.649   49.577
  41.207   28.363   50.004
  46.652   29.932   44.960
  46.694   31.513   45.818
  45.921   31.052   44.818
  36.222    9.119   18.669
  35.748    7.949   18.191
  36.467    7.178   17.246
  35.976    5.965   16.750
  34.748    5.479   17.180
  36.695   10.289   19.148
  35.976   11.059   20.092
  35.356    4.469   17.355
  34.538    5.348   16.014
  33.719    5.059   17.532
  36.186   11.190   21.258
  35.368   12.069   19.917
  36.596   11.529   20.022
  30.456   39.306   13.105
  29.346   39.093   13.842
  29.138   37.887   14.554
  27.986   37.666   15.318
  27.001   38.642   15.399
  31.567   39.519   12.368
  31.775   40.725   11.656
  27.088   38.448   16.572
  26.269   37.741   15.133
  26.167   39.453   15.475
  32.508   41.626   11.922
  31.689   40.919   10.484
  32.439   40.367   11.454
  33.616    7.050   19.737
  33.398    7.053   18.405
  33.641    8.197   17.608
  33.416    8.200   16.226
  32.940    7.060   15.592
  33.833    7.047   21.070
  33.590    5.903   21.866
  33.840    7.261   14.838
  32.149    7.813   15.115
  32.540    6.109   15.047
  34.381    5.150   22.344
  32.690    5.701   22.621
  33.838    6.377   22.435
  49.199   42.922   37.178
  48.887   42.119   38.218
  49.755   41.092   38.660
  49.431   40.259   39.737
  48.228   40.423   40.412
  49.511   43.725   36.139
  48.643   44.751   35.697
  48.919   40.403   41.383
  48.128   39.247   40.252
  47.221   40.550   40.987
  48.744   45.928   35.857
  47.952   44.772   34.727
  49.216   44.866   35.179
  28.047   42.000   26.009
  27.206   42.711   26.790
  27.056   44.111   26.650
  26.183   44.848   27.460
  25.430   44.212   28.438
  28.888   41.289   25.229
  29.038   39.889   25.368
  24.526   44.816   27.951
  25.851   45.077   29.141
  24.791   43.690   29.263
  28.617   39.023   24.665
  29.942   39.284   25.856
  29.544   39.991   24.783
  12.595   19.986   31.507
  11.254   19.858   31.604
  10.625   18.593   31.673
   9.235   18.460   31.773
   8.425   19.588   31.809
  13.935   20.114   31.410
  14.565   21.380   31.341
   7.940   19.051   32.756
   7.813   19.017   30.961
   7.733   20.527   31.840
  15.176   21.951   32.189
  15.049   21.917   30.394
  15.208   20.939   31.304
  47.764   10.265   35.231
  47.581   11.418   34.553
  46.556   11.567   33.589
  46.366   12.762   32.886
  47.194   13.852   33.122
  47.947    9.112   35.909
  48.972    8.963   36.873
  46.167   14.448   33.218
  47.290   13.872   31.935
  47.883   14.775   33.311
  48.877    8.943   38.060
  50.000    8.367   36.777
  48.669    8.245   36.929
  17.129   23.065   37.858
  17.382   22.127   38.794
  17.808   22.466   40.100
  18.070   21.492   41.071
  17.917   20.144   40.771
  16.876   24.004   36.921
  16.450   23.665   35.615
  17.290   20.123   41.784
  19.006   20.048   41.245
  17.792   19.010   40.532
  15.361   23.762   35.141
  17.076   23.686   34.602
  16.456   24.441   35.526
  27.565   19.524   11.803
  26.515   19.841   12.590
  25.482   18.916   12.871
  24.394   19.244   13.688
  24.299   20.510   14.253
  28.615   19.208   11.016
  29.648   20.133   10.735
  24.099   19.903   15.259
  23.191   20.480   13.816
  24.207   21.568   14.734
  30.757   20.163   11.172
  29.848   20.740    9.729
  29.927   19.534   10.320
  45.212   28.460   42.059
  46.529   28.238   41.864
  47.145   28.440   40.606
  48.511   28.210   40.404
  49.310   27.769   41.452
  43.894   28.681   42.254
  43.278   28.479   43.511
  50.024   28.660   41.110
  49.670   26.953   40.662
  49.991   27.399   42.323
  42.917   29.295   44.301
  42.563   27.588   43.853
  42.644   28.713   43.119
  36.017   37.567   43.551
  36.890   37.620   42.522
  37.060   38.789   41.743
  37.966   38.844   40.676
  38.732   37.732   40.351
  35.144   37.514   44.579
  34.973   36.346   45.359
  39.634   38.510   40.369
  38.344   37.949   39.245
  39.382   36.806   40.067
  35.361   36.128   46.464
  34.071   35.567   45.341
  34.454   36.797   45.729
  35.025   29.707   47.469
  34.435   28.496   47.551
  33.875   28.015   48.758
  33.262   26.759   48.843
  33.188   25.939   47.724
  35.616   30.919   47.387
  36.176   31.400   46.179
  32.039   25.851   48.026
  33.620   25.110   48.464
  33.119   25.241   46.793
  35.744   32.229   45.440
  37.325   31.488   45.878
  36.341   32.018   46.627
  32.446    1.723    7.724
  31.599    1.505    6.696
  30.903    0.283    6.544
  30.024    0.057    5.478
  29.810    1.046    4.526
  33.294    1.941    8.752
  33.989    3.163    8.905
  28.659    0.816    4.735
  30.019    0.164    3.752
  29.620    1.867    3.720
  33.780    4.045    9.679
  35.140    3.394    8.696
  34.272    2.801    9.536
   6.946   15.052   33.944
   6.855   14.446   35.147
   8.001   14.128   35.915
   7.907   13.499   37.163
   6.664   13.167   37.687
   7.036   15.657   32.741
   5.891   15.976   31.974
   7.077   13.709   38.665
   7.168   12.101   37.862
   5.628   12.882   38.139
   5.387   17.041   31.799
   5.478   15.433   30.996
   6.429   16.252   31.481
  16.939   44.420   11.698
  18.176   44.960   11.724
  19.344   44.161   11.750
  20.626   44.721   11.777
  20.788   46.101   11.780
  15.703   43.880   11.672
  14.535   44.679   11.646
  21.557   45.882   10.896
  21.518   45.883   12.696
  20.937   47.257   11.783
  13.805   44.897   10.730
  13.766   44.898   12.530
  14.186   43.981   11.639
  15.851   37.818   20.675
  15.885   39.038   20.098
  14.979   40.063   20.458
  15.014   41.329   19.860
  15.957   41.614   18.880
  15.816   36.598   21.252
  16.723   35.572   20.892
  16.159   42.584   19.541
  15.014   42.017   18.274
  16.743   41.866   18.057
  17.666   35.169   21.498
  16.520   34.602   20.231
  16.322   35.175   21.432
  18.943   34.009   11.882
  19.843   33.510   11.008
  19.449   32.855    9.817
  20.383   32.337    8.912
  21.744   32.455    9.165
  18.043   34.509   12.755
  18.437   35.164   13.946
  21.784   32.863    8.046
  21.758   31.289    8.919
  22.889   32.547    9.365
  18.422   36.330   14.191
  18.396   34.756   15.065
  17.664   35.228   14.040
  32.115    4.152   47.645
  33.015    5.154   47.558
  32.920    6.320   48.354
  33.854    7.359   48.263
  34.917    7.269   47.373
  31.214    3.150   47.732
  31.310    1.984   46.936
  35.568    7.574   48.323
  34.569    8.362   47.050
  35.814    7.206   46.631
  31.657    0.891   47.260
  30.658    1.679   45.986
  30.661    1.793   47.327
  49.720   43.182   31.379
  49.471   43.065   30.058
  50.001   43.973   29.111
  49.742   43.851   27.740
  48.944   42.817   27.268
  49.969   43.299   32.701
  49.439   42.391   33.647
  49.841   42.650   26.500
  48.383   43.691   26.683
  48.276   41.953   26.857
  50.000   41.517   34.232
  48.543   42.557   34.415
  49.829   42.849   34.146
  29.667   21.479   24.473
  30.798   21.612   25.197
  32.058   21.828   24.589
  33.231   21.966   25.340
  33.187   21.892   26.727
  28.536   21.346   23.748
  27.277   21.129   24.357
  33.820   22.900   26.671
  34.085   21.122   26.584
  33.164   21.832   27.891
  26.379   21.899   24.499
  26.643   20.121   24.412
  27.037   21.129   23.613
   2.648   25.143    7.456
   3.419   26.017    6.776
   3.607   25.920    5.376
   4.406   26.827    4.670
   5.045   27.864    5.338
   1.877   24.268    8.137
   1.689   24.366    9.537
   4.571   28.537    4.477
   6.005   27.482    4.743
   5.588   28.739    5.886
   0.730   24.748   10.131
   2.163   23.692   10.398
   1.247   23.734    9.414
   6.155    2.688   35.150
   6.819    3.499   36.000
   7.645    2.991   37.031
   8.334    3.832   37.912
   8.222    5.212   37.794
   5.490    1.876   34.300
   4.665    2.385   33.269
   9.413    5.182   37.845
   8.003    5.164   38.964
   8.138    6.372   37.706
   4.884    2.433   32.099
   3.475    2.414   33.218
   4.559    1.624   33.124
  42.235    3.853   26.674
  40.978    3.411   26.891
  40.014    4.194   27.569
  38.711    3.735   27.795
  38.325    2.477   27.351
  43.491    4.295   26.456
  44.455    3.512   25.778
  37.394    3.066   26.896
  37.917    2.352   28.464
  37.988    1.422   26.984
  44.863    3.636   24.665
  45.386    2.923   26.233
  44.903    4.137   25.913
   5.639   27.528    0.693
   4.800   28.421    1.261
   3.457   28.562    0.840
   2.587   29.488    1.428
   3.030   30.306    2.460
   6.477   26.635    0.125
   7.821   26.495    0.547
   2.039   29.935    3.006
   2.545   31.175    1.804
   3.389   31.000    3.326
   8.306   25.627    1.203
   8.812   26.867    0.000
   7.827   25.950   -0.012
  18.398   18.804   10.916
  18.776   19.311    9.723
  19.465   20.543    9.616
  19.856   21.068    8.379
  19.573   20.382    7.205
  18.021   18.297   12.109
  17.332   17.066   12.216
  20.726   20.569    6.971
  19.154   21.437    6.842
  19.341   19.816    6.212
  17.750   16.011   12.579
  16.178   16.879   12.451
  17.364   17.236   12.978
  17.134   29.623   44.445
  17.665   29.756   45.679
  17.747   31.010   46.330
  18.298   31.147   47.610
  18.787   30.035   48.284
  16.602   29.491   43.212
  16.520   28.237   42.561
  18.122   30.451   49.182
  19.746   30.721   48.454
  19.200   29.110   48.862
  15.560   27.551   42.391
  17.184   27.822   41.663
  16.195   28.670   41.998
  22.674   26.747   45.314
  23.157   26.227   44.166
  24.327   26.730   43.549
  24.828   26.190   42.358
  24.176   25.130   41.741
  22.191   27.267   46.463
  21.021   26.765   47.080
  25.265   24.647   41.713
  24.268   25.810   40.767
  23.639   24.240   41.213
  20.929   26.085   48.054
  19.932   27.248   47.109
  21.182   27.326   47.599
  16.691   30.745   11.313
  16.064   31.933   11.443
  16.778   33.151   11.543
  16.127   34.383   11.679
  14.740   34.442   11.720
  17.318   29.557   11.182
  16.604   28.339   11.082
  14.881   35.289   10.894
  14.926   35.116   12.685
  13.576   34.506   11.755
  16.418   27.665   10.117
  16.463   27.492   11.908
  17.326   28.043   11.035
  11.245   34.855    5.380
  10.412   35.709    6.012
   9.649   35.316    7.138
   8.785   36.201    7.794
   8.654   37.510    7.348
  12.078   34.002    4.747
  12.841   34.395    3.622
   8.830   37.781    8.495
   7.487   37.276    7.408
   8.534   38.612    6.985
  14.008   34.629    3.561
  12.665   34.124    2.475
  13.086   33.654    3.663
   9.636   41.410   40.937
   9.151   42.397   40.154
   9.816   43.638   40.013
   9.313   44.662   39.201
   8.127   44.480   38.500
  10.121   40.423   41.720
   9.457   39.182   41.860
   8.764   44.881   37.576
   7.838   45.535   38.974
   7.133   44.341   37.907
   9.746   38.127   41.386
   8.820   38.781   42.784
  10.062   39.032   42.331
  40.212   45.580   14.439
  38.874   45.601   14.617
  38.144   46.812   14.675
  36.756   46.833   14.860
  36.049   45.645   14.994
  41.550   45.559   14.260
  42.280   44.348   14.203
  35.341   46.124   14.164
  35.579   46.183   15.947
  35.443   44.655   15.108
  42.750   43.810   13.249
  42.988   43.869   15.032
  42.880   44.839   14.106
  28.367   35.760   14.033
  27.315   35.790   13.187
  26.020   35.382   13.585
  24.930   35.413   12.708
  25.096   35.854   11.401
  29.418   35.729   14.880
  30.713   36.138   14.482
  24.147   36.532   11.647
  24.517   34.849   11.126
  25.221   36.222   10.301
  31.291   37.143   14.757
  31.662   35.460   14.236
  30.884   35.947   15.220
  45.748   21.792   49.109
  44.437   21.469   49.111
  43.422   22.456   49.111
  42.063   22.122   49.113
  41.669   20.789   49.115
  47.059   22.114   49.106
  48.074   21.128   49.106
  40.966   21.131   48.216
  40.969   21.133   50.016
  41.325   19.675   49.117
  48.774   20.784   48.206
  48.777   20.786   50.006
  48.537   21.756   49.105
  43.742   36.317   17.884
  43.164   36.821   18.995
  43.763   37.859   19.747
  43.163   38.382   20.899
  41.943   37.885   21.340
  44.320   35.813   16.773
  43.721   34.775   16.020
  41.639   39.036   21.389
  42.499   37.813   22.391
  40.919   37.477   21.721
  43.165   34.847   14.969
  44.025   33.624   15.972
  44.362   34.867   15.583
  43.131    4.920    1.537
  44.462    4.790    1.354
  45.399    5.238    2.316
  46.780    5.104    2.126
  47.273    4.517    0.967
  41.800    5.049    1.720
  40.864    4.601    0.758
  47.923    3.869    1.727
  47.970    5.483    0.930
  47.700    4.026   -0.001
  40.166    3.636    0.795
  40.213    5.249   -0.002
  40.354    4.875    1.283
  40.505   44.431   45.909
  40.489   43.466   46.853
  41.529   43.330   47.803
  41.513   42.329   48.782
  40.457   41.427   48.845
  40.520   45.396   44.966
  39.481   45.532   44.015
  40.448   41.718   50.000
  41.326   40.613   48.883
  39.578   40.665   48.908
  38.612   46.347   43.976
  39.490   45.242   42.859
  39.924   46.128   43.773
  45.467   19.089   28.531
  46.603   18.381   28.699
  47.665   18.847   29.510
  48.844   18.112   29.684
  49.003   16.884   29.055
  44.330   19.798   28.362
  43.269   19.331   27.552
  49.324   16.515   30.141
  50.050   17.340   28.715
  49.149   15.852   28.532
  42.221   18.875   27.891
  42.947   19.700   26.465
  42.943   20.005   27.775
  37.679   38.100   45.759
  37.518   39.243   45.059
  37.485   40.510   45.689
  37.319   41.695   44.963
  37.180   41.656   43.581
  37.839   36.957   46.459
  37.872   35.690   45.830
  38.025   42.497   43.603
  36.239   42.359   43.787
  37.062   41.638   42.421
  38.812   34.988   45.624
  37.027   34.850   45.808
  37.966   35.445   46.565
  32.827   34.721   48.744
  33.938   35.463   48.939
  34.068   36.771   48.417
  35.220   37.541   48.620
  36.283   37.029   49.352
  31.717   33.979   48.548
  31.587   32.670   49.070
  36.216   38.068   49.930
  36.931   37.395   48.422
  37.183   36.611   49.965
  30.939   32.303   50.001
  31.654   31.630   48.492
  30.890   32.714   48.720
  19.483   36.907   35.268
  20.077   37.408   36.372
  19.546   37.203   37.668
  20.163   37.722   38.813
  21.332   38.464   38.703
  18.889   36.407   34.164
  19.420   36.612   32.869
  21.723   37.732   39.558
  20.752   39.239   39.398
  22.314   39.089   38.625
  20.000   35.837   32.174
  19.029   37.344   32.014
  18.797   36.188   32.662
  39.831   18.283   18.410
  41.180   18.243   18.422
  41.893   17.149   18.968
  43.292   17.108   18.980
  44.029   18.158   18.447
  38.481   18.324   18.398
  37.768   19.417   17.852
  44.608   17.289   17.873
  44.618   18.098   19.481
  44.659   19.033   18.003
  37.179   19.477   16.819
  37.189   20.286   18.426
  37.153   18.989   18.072
  28.136   43.074   32.354
  26.808   43.320   32.348
  26.200   44.127   31.357
  24.823   44.382   31.351
  24.006   43.839   32.334
  29.463   42.829   32.360
  30.072   42.022   33.351
  23.337   43.499   31.408
  23.602   44.956   32.432
  23.309   43.389   33.154
  30.476   40.905   33.253
  30.740   42.361   34.277
  30.716   42.192   32.942
  14.655   46.998    4.131
  14.610   45.700    3.763
  13.718   45.232    2.769
  13.672   43.886    2.387
  14.517   42.960    2.985
  14.699   48.296    4.500
  15.591   48.764    5.493
  14.757   42.647    1.861
  13.515   42.330    3.125
  15.221   42.172    3.479
  16.593   49.393    5.354
  15.351   49.077    6.618
  15.249   49.446    5.328
  28.672   33.312   35.337
  27.548   34.047   35.201
  26.351   33.719   35.882
  25.185   34.482   35.741
  25.175   35.598   34.915
  29.797   32.577   35.473
  30.993   32.904   34.793
  24.690   36.134   35.862
  24.184   35.103   34.476
  25.152   36.538   34.224
  31.985   33.399   35.231
  31.478   32.368   33.845
  31.255   32.271   35.168
  16.354   22.591   23.452
  15.847   23.582   24.216
  14.534   23.525   24.743
  14.008   24.553   25.535
  14.775   25.673   25.828
  16.862   21.600   22.688
  18.174   21.657   22.162
  14.434   25.452   26.949
  13.806   26.269   25.472
  15.408   26.619   26.082
  19.143   21.061   22.518
  18.515   21.878   21.041
  17.971   20.964   21.865
   9.414    3.297   22.539
  10.227    2.489   23.253
  11.634    2.520   23.103
  12.477    1.682   23.844
  11.944    0.785   24.760
   8.601    4.104   21.826
   7.194    4.074   21.975
  12.758    1.251   25.494
  12.648    0.000   24.205
  11.509    0.027   25.533
   6.490    4.859   22.531
   6.380    3.608   21.241
   7.231    4.632   21.431
  47.227   38.160   47.864
  47.768   39.368   47.597
  47.065   40.363   46.879
  47.626   41.616   46.603
  48.912   41.917   47.035
  46.685   36.953   48.130
  47.389   35.957   48.848
  48.400   42.909   47.451
  49.068   42.269   45.907
  49.990   42.182   47.391
  47.232   35.605   49.976
  47.901   34.964   48.432
  46.729   35.555   48.729
  13.627   41.952   14.038
  12.370   41.835   13.560
  11.294   41.408   14.375
   9.991   41.286   13.879
   9.716   41.586   12.551
  14.884   42.070   14.516
  15.959   42.497   13.702
   8.834   42.238   13.017
   9.167   40.529   12.561
   9.472   41.836   11.438
  16.508   43.554   13.692
  16.842   41.845   13.236
  16.361   42.398   14.364
  40.538   45.742    2.819
  40.367   45.519    4.139
  39.259   46.038    4.850
  39.082   45.807    6.219
  40.006   45.049    6.927
  40.709   45.964    1.498
  41.817   45.445    0.788
  39.039   44.473    7.318
  39.976   45.964    7.691
  40.774   44.415    7.533
  41.847   44.531    0.024
  42.784   46.022    0.397
  41.471   45.812    0.191
  26.278    3.595    5.455
  25.751    4.809    5.189
  26.563    5.936    4.919
  26.016    7.195    4.643
  24.638    7.372    4.626
  26.805    2.381    5.721
  25.993    1.254    5.991
  24.849    7.901    3.580
  24.879    8.299    5.335
  23.483    7.534    4.609
  25.752    0.327    5.282
  25.782    0.725    7.038
  26.688    0.903    6.059
  30.132   20.538   15.816
  31.399   20.726   16.243
  32.466   20.964   15.344
  33.780   21.160   15.787
  34.073   21.124   17.144
  28.866   20.349   15.389
  27.799   20.111   16.288
  34.637   22.149   16.916
  34.938   20.378   16.805
  34.334   21.097   18.281
  26.934   20.858   16.627
  27.235   19.086   16.516
  27.387   20.083   15.625
  47.038   17.786   24.160
  46.029   18.386   23.492
  45.198   17.677   22.594
  44.152   18.300   21.902
  43.901   19.654   22.083
  48.046   17.185   24.827
  48.878   17.895   25.726
  42.777   19.292   22.242
  43.902   19.681   20.892
  43.679   20.790   22.227
  48.876   17.868   26.917
  50.002   18.257   25.567
  49.213   17.193   25.802
  35.546   25.361   45.116
  35.446   24.060   44.769
  34.494   23.607   43.825
  34.391   22.258   43.464
  35.235   21.315   44.035
  35.646   26.662   45.464
  36.597   27.115   46.408
  35.412   20.980   42.905
  34.223   20.717   44.230
  35.938   20.512   44.506
  37.610   27.712   46.212
  36.421   27.449   47.538
  36.268   27.805   46.249
  20.879   15.310   47.119
  21.138   14.537   46.042
  20.106   13.910   45.304
  20.374   13.109   44.187
  21.683   12.907   43.769
  20.621   16.082   48.196
  21.653   16.709   48.933
  21.249   13.204   42.699
  21.367   11.758   43.765
  22.777   12.729   43.407
  21.969   17.858   48.938
  22.086   16.412   50.003
  21.048   16.970   49.354
  40.154   18.575   34.429
  38.962   18.718   35.045
  38.343   17.652   35.740
  37.107   17.800   36.379
  36.444   19.021   36.346
  41.347   18.432   33.813
  41.965   19.499   33.118
  36.353   18.855   37.523
  35.512   18.358   36.011
  35.877   20.039   36.326
  42.897   20.162   33.453
  42.056   19.664   31.941
  42.513   18.958   32.991
  31.862   47.422   16.516
  32.512   47.775   17.646
  32.733   46.858   18.701
  33.408   47.224   19.872
  33.885   48.519   20.030
  31.212   47.070   15.387
  30.990   47.986   14.332
  34.897   47.970   20.336
  33.334   48.455   21.085
  34.290   49.603   20.175
  31.541   48.051   13.277
  29.978   48.535   14.026
  30.643   47.366   14.008
  36.618    8.698   23.635
  37.370    7.636   23.993
  38.248    6.999   23.084
  39.028    5.897   23.454
  38.957    5.392   24.747
  35.866    9.761   23.278
  34.988   10.398   24.187
  40.146    5.454   24.696
  38.820    4.347   24.192
  38.908    4.958   25.828
  35.125   11.444   24.742
  33.799   10.336   24.237
  34.845   10.851   23.567
  22.904   45.497   26.628
  23.802   46.498   26.507
  25.119   46.271   26.041
  26.050   47.309   25.916
  25.698   48.611   26.251
  22.006   44.496   26.749
  20.689   44.723   27.214
  26.164   48.873   25.186
  26.711   48.586   26.876
  25.415   49.707   26.529
  19.675   44.747   26.589
  20.223   44.460   28.279
  20.631   43.952   27.102
  19.636   10.135   43.519
  18.934   10.588   44.579
  17.741   11.333   44.426
  17.013   11.803   45.526
  17.452   11.544   46.818
  20.338    9.682   42.458
  21.531    8.936   42.612
  16.328   11.189   46.990
  17.284   12.714   46.971
  17.810   11.334   47.908
  21.700    7.767   42.459
  22.655    9.292   42.440
  21.508    8.941   41.831
  22.918   32.359   20.380
  22.357   31.254   19.843
  22.903   30.612   18.706
  22.321   29.467   18.150
  21.173   28.922   18.711
  23.479   33.463   20.916
  22.933   34.105   22.053
  21.788   27.902   18.658
  20.774   28.936   17.589
  20.210   28.454   19.172
  23.332   34.090   23.176
  22.318   35.124   22.106
  23.540   34.584   21.942
  17.053    4.058   16.093
  16.150    4.760   15.376
  16.540    5.745   14.437
  15.603    6.473   13.694
  14.243    6.243   13.863
  17.956    3.356   16.810
  17.566    2.371   17.749
  14.239    6.177   12.673
  14.188    7.429   13.965
  13.099    6.060   13.995
  17.621    1.185   17.647
  17.570    2.438   18.938
  18.339    2.307   17.842
  19.621   16.963   36.899
  19.005   17.091   35.704
  18.917   16.018   34.787
  18.278   16.151   33.548
  17.705   17.363   33.183
  20.238   16.834   38.093
  20.326   17.907   39.011
  16.759   16.688   32.920
  18.314   17.199   32.173
  17.219   18.375   32.864
  19.717   18.072   40.021
  21.272   18.582   39.274
  20.706   17.373   39.436
  41.595    8.302    4.144
  42.893    8.443    3.801
  43.944    8.079    4.676
  45.290    8.225    4.320
  45.634    8.740    3.076
  40.297    8.162    4.487
  39.246    8.526    3.612
  46.347    7.787    3.023
  46.349    9.449    3.713
  45.936    9.171    2.036
  38.531    7.816    2.975
  38.533    9.479    3.665
  38.807    8.279    4.208
  47.317   32.590   24.000
  47.811   31.345   24.164
  46.969   30.213   24.278
  47.480   28.921   24.448
  48.853   28.714   24.509
  46.824   33.836   23.837
  47.666   34.968   23.722
  48.630   27.870   23.698
  48.583   28.085   25.485
  50.002   28.526   24.562
  47.936   35.596   22.747
  47.889   35.812   24.533
  46.982   35.338   23.660
   9.656    8.501   31.436
  10.789    8.058   30.850
  11.298    6.759   31.089
  12.473    6.300   30.481
  13.180    7.123   29.614
   8.523    8.944   32.022
   8.014   10.242   31.784
  13.153    6.172   28.897
  14.115    6.803   30.280
  13.784    7.803   28.884
   7.079   10.562   31.117
   8.042   11.193   32.501
   7.460   10.000   32.279
   4.315   17.441   42.980
   3.276   18.303   43.000
   3.450   19.692   42.798
   2.372   20.586   42.818
   1.082   20.121   43.040
   5.355   16.580   42.961
   5.181   15.190   43.162
   0.822   20.769   42.075
   1.044   20.998   43.846
  -0.006   19.744   43.225
   5.218   14.313   42.356
   5.441   14.542   44.128
   5.956   15.187   43.066
  21.525   23.487   32.221
  22.182   22.325   32.018
  21.820   21.429   30.985
  22.501   20.224   30.775
  23.569   19.872   31.591
  20.869   24.649   32.424
  21.231   25.545   33.457
  24.124   19.670   30.556
  22.991   18.834   31.678
  24.467   19.565   32.268
  21.808   26.584   33.370
  20.676   25.748   34.492
  20.636   25.957   33.164
  33.705   14.825    3.577
  33.754   15.843    2.692
  33.839   15.621    1.297
  33.889   16.677    0.379
  33.856   17.993    0.823
  33.657   13.807    4.462
  33.572   14.029    5.857
  33.003   18.113   -0.000
  34.800   18.121    0.108
  33.829   19.102    1.183
  32.628   13.901    6.573
  34.425   13.909    6.681
  33.575   13.248    5.874
  32.711   20.259   48.516
  33.694   19.343   48.650
  34.991   19.694   49.094
  36.010   18.745   49.233
  35.769   17.410   48.933
  31.728   21.174   48.382
  30.431   20.823   47.938
  36.267   17.216   49.998
  36.771   17.507   48.295
  35.580   16.286   48.685
  29.430   20.726   48.576
  29.933   21.017   46.873
  30.307   21.588   48.032
  25.924    4.064   42.463
  27.223    4.425   42.394
  28.272    3.483   42.522
  29.619    3.857   42.450
  29.965    5.187   42.247
  24.625    3.702   42.533
  23.577    4.644   42.405
  30.668    4.739   41.396
  30.690    5.004   43.176
  30.271    6.300   42.078
  22.853    4.827   41.477
  22.875    5.092   43.257
  23.136    4.008   42.505
  15.587   48.183   29.309
  16.312   48.033   28.180
  16.441   49.071   27.227
  17.193   48.915   26.057
  17.844   47.716   25.798
  14.861   48.334   30.437
  14.732   47.295   31.390
  18.783   48.420   25.590
  17.322   47.813   24.731
  18.395   46.714   25.568
  15.255   47.198   32.456
  13.794   46.591   31.598
  14.296   47.829   31.756
  24.188   41.296   34.441
  24.594   42.070   35.470
  25.342   41.548   36.551
  25.763   42.350   37.619
  25.449   43.704   37.643
  23.783   40.522   33.412
  23.034   41.044   32.330
  26.611   43.835   37.873
  25.084   43.466   38.752
  25.193   44.841   37.676
  23.399   41.281   31.221
  21.872   40.912   32.100
  23.072   40.304   32.085
  27.640   30.778   22.863
  28.237   29.632   22.471
  29.624   29.565   22.198
  30.244   28.377   21.792
  29.499   27.214   21.645
  27.042   31.923   23.254
  25.655   31.990   23.527
  30.363   26.731   22.308
  30.045   27.153   20.587
  28.885   26.231   21.517
  25.109   32.051   24.585
  24.791   32.473   22.864
  25.829   32.737   23.678
  24.758   35.460   27.765
  24.622   34.117   27.728
  25.645   33.273   27.237
  25.503   31.880   27.199
  24.333   31.283   27.651
  24.895   36.803   27.801
  23.872   37.647   28.293
  25.080   30.587   28.265
  24.381   30.703   26.611
  23.356   30.769   28.027
  23.824   38.227   29.333
  23.125   38.344   27.678
  24.390   38.203   28.113
  42.773    7.685   42.000
  41.932    8.309   41.149
  40.544    8.035   41.130
  39.672    8.683   40.247
  40.156    9.627   39.351
  43.615    7.061   42.852
  45.003    7.334   42.870
  39.263   10.294   39.771
  39.535    8.998   38.552
  40.550   10.422   38.594
  45.624    7.964   43.669
  45.896    6.667   42.450
  44.993    6.798   43.438
  21.881   34.289   16.741
  21.860   33.056   16.193
  21.414   31.923   16.914
  21.393   30.643   16.346
  21.816   30.451   15.037
  21.902   35.523   17.288
  22.348   36.656   16.567
  20.787   29.860   14.929
  22.465   29.572   15.514
  22.169   30.276   13.940
  21.699   37.535   16.091
  23.377   37.247   16.676
  22.176   37.018   17.238
  20.383   47.006    6.772
  21.499   47.666    7.150
  21.474   49.032    7.517
  22.631   49.716    7.908
  23.854   49.058    7.948
  19.267   46.347    6.394
  19.291   44.980    6.028
  23.929   49.536    9.037
  24.234   50.000    7.325
  24.887   48.518    7.985
  18.911   44.038    6.651
  19.217   44.503    4.939
  18.527   45.104    5.925
  11.370   27.910   36.581
  10.547   27.362   37.500
   9.167   27.675   37.552
   8.314   27.106   38.506
   8.809   26.206   39.440
  12.193   28.458   35.661
  13.572   28.146   35.609
   7.884   25.539   39.096
   8.235   26.900   40.221
   9.212   25.449   40.231
  14.147   27.453   34.829
  14.497   28.813   35.954
  13.554   28.647   35.010
  19.503   42.065   17.355
  20.045   43.273   17.620
  20.333   44.207   16.597
  20.895   45.459   16.872
  21.188   45.822   18.180
  18.962   40.857   17.089
  18.673   39.923   18.113
  20.599   46.819   17.898
  22.248   46.118   17.722
  21.440   46.140   19.274
  17.614   39.627   18.570
  19.262   38.926   18.395
  18.427   39.496   17.507
  19.863   23.184   37.973
  19.733   24.495   38.270
  20.624   25.470   37.762
  20.489   26.829   38.069
  19.459   27.262   38.895
  19.993   21.873   37.677
  19.102   20.898   38.185
  19.273   28.057   38.028
  20.333   27.837   39.466
  18.599   27.638   39.587
  18.229   20.322   37.614
  19.289   20.102   39.052
  19.561   20.418   37.773
  42.551   42.554   23.398
  42.973   42.906   22.165
  42.330   43.918   21.413
  42.767   44.284   20.135
  43.864   43.651   19.563
  42.129   42.201   24.631
  42.772   41.190   25.383
  44.231   44.764   19.350
  43.140   43.531   18.624
  44.783   43.128   19.071
  43.496   41.310   26.322
  42.405   40.076   25.596
  42.219   41.373   25.903
  24.792   21.134   23.043
  25.222   21.540   21.830
  26.590   21.784   21.561
  27.036   22.206   20.303
  26.129   22.400   19.268
  24.362   20.727   24.256
  22.994   20.483   24.524
  26.894   21.730   18.647
  26.688   23.446   19.149
  25.380   22.566   18.391
  22.436   19.437   24.644
  22.230   21.153   25.146
  23.274   20.310   25.233
  35.266    4.747   34.670
  34.461    3.678   34.847
  33.144    3.806   35.348
  32.309    2.697   35.532
  32.761    1.421   35.220
  36.071    5.816   34.493
  37.388    5.688   33.991
  31.730    1.342   34.627
  32.351    1.152   36.306
  33.127    0.345   34.962
  37.798    5.957   32.905
  38.419    5.767   34.584
  37.384    6.464   34.081
  12.290   31.936    6.154
  11.259   31.559    5.368
  10.999   30.200    5.072
   9.930   29.809    4.258
   9.082   30.764    3.709
  13.322   32.313    6.939
  13.582   33.672    7.235
   8.223   30.061    4.143
   9.286   30.173    2.695
   8.363   31.554    3.243
  13.378   34.263    8.249
  14.441   34.374    6.801
  14.170   33.360    7.643
  29.463   29.723   17.867
  29.827   30.574   18.849
  30.451   30.126   20.038
  30.829   31.010   21.056
  30.597   32.373   20.922
  29.098   28.871   16.886
  28.475   29.319   15.697
  31.741   32.467   21.240
  30.127   32.269   22.012
  30.408   33.520   20.822
  28.945   29.423   14.607
  27.331   29.225   15.378
  28.489   28.556   15.529
  28.874   32.182    4.963
  29.360   30.937    4.778
  29.663   30.434    3.491
  30.167   29.142    3.299
  30.387   28.307    4.387
  28.387   33.428    5.149
  28.084   33.931    6.436
  31.456   28.149    3.885
  29.777   27.515    3.738
  30.576   27.596    5.292
  28.694   34.723    7.086
  27.015   34.089    6.938
  27.882   34.563    6.025
  20.606    3.732   19.041
  19.738    2.791   19.469
  19.974    1.409   19.274
  19.074    0.433   19.717
  17.906    0.803   20.372
  21.474    4.673   18.614
  21.238    6.055   18.809
  18.249   -0.011   21.171
  17.389    0.065   19.592
  16.921    1.100   20.923
  21.755    6.793   19.589
  20.894    6.869   18.010
  21.923    6.116   18.439
  14.352   41.835   37.474
  15.213   40.811   37.298
  16.556   40.876   37.739
  17.450   39.814   37.557
  17.032   38.648   36.928
  13.490   42.860   37.649
  12.147   42.794   37.208
  17.531   38.115   37.870
  18.020   38.799   36.278
  16.695   37.664   36.401
  11.160   42.643   37.858
  11.649   43.327   36.266
  12.125   43.514   37.510
  35.367    2.222   22.330
  35.618    1.909   21.042
  36.430    2.723   20.216
  36.691    2.398   18.880
  36.148    1.247   18.321
  35.115    2.536   23.619
  34.303    1.722   24.444
  37.267    1.054   17.957
  35.814    1.986   17.447
  35.700    0.285   17.839
  34.638    0.983   25.318
  33.185    1.916   24.808
  34.472    2.273   24.972
  12.198    2.051   17.493
  11.459    3.163   17.690
  10.045    3.144   17.635
   9.279    4.297   17.839
   9.898    5.512   18.106
  12.938    0.939   17.296
  14.352    0.959   17.351
   9.120    5.563   19.007
   9.184    5.918   17.243
  10.406    6.537   18.331
  15.066    0.552   18.214
  15.130    0.907   16.450
  14.262    0.199   17.195
  46.720   33.749   43.347
  47.485   32.648   43.510
  48.874   32.654   43.243
  49.667   31.512   43.412
  49.098   30.324   43.855
  45.956   34.850   43.184
  44.567   34.845   43.451
  50.002   30.331   44.630
  49.677   29.853   42.926
  48.633   29.321   44.225
  43.988   35.316   44.380
  43.662   34.838   42.676
  44.629   35.591   43.230
  46.961   29.186   49.629
  46.252   30.321   49.451
  44.915   30.448   49.896
  44.180   31.625   49.712
  44.756   32.718   49.076
  47.669   28.051   49.806
  49.007   27.924   49.361
  44.341   33.320   50.017
  43.755   32.705   48.430
  45.227   33.642   48.544
  50.008   27.937   50.007
  49.421   27.322   48.420
  48.928   27.210   49.667
  14.967    3.242   20.571
  15.774    3.324   21.649
  15.952    2.237   22.538
  16.790    2.322   23.656
  17.480    3.497   23.926
  14.159    3.159   19.492
  13.981    4.246   18.604
  18.418    2.769   24.030
  17.034    3.354   25.022
  18.065    4.477   24.164
  14.427    4.389   17.508
  13.043    4.974   18.500
  13.509    3.738   18.245
  29.037   41.766   17.214
  29.697   40.601   17.391
  29.017   39.375   17.578
  29.702   38.167   17.762
  31.091   38.144   17.766
  28.376   42.930   17.036
  29.056   44.157   16.849
  30.948   37.249   16.992
  30.948   37.520   18.771
  32.256   38.110   17.771
  29.199   44.780   15.844
  29.199   45.051   17.623
  28.327   44.432   16.807
  18.231   17.437   47.466
  18.779   18.377   46.667
  20.055   18.209   46.078
  20.623   19.183   45.249
  19.936   20.360   44.978
  17.683   16.498   48.266
  16.407   16.665   48.855
  20.203   20.102   43.846
  20.966   20.878   45.280
  19.370   21.352   44.743
  15.377   16.147   48.553
  16.140   16.923   49.987
  16.568   15.960   49.150
  15.556   36.329   19.083
  14.228   36.177   19.271
  13.402   37.250   19.685
  12.025   37.093   19.880
  11.424   35.858   19.669
  16.884   36.480   18.894
  17.710   35.407   18.481
  10.650   36.492   19.021
  10.944   36.055   20.742
  10.906   34.828   19.496
  18.190   35.211   17.408
  18.484   34.774   19.129
  18.263   35.956   18.526
  34.752   14.924   20.694
  36.084   14.920   20.480
  36.775   13.752   20.078
  38.157   13.747   19.855
  38.898   14.910   20.027
  33.419   14.929   20.909
  32.728   16.097   21.311
  39.332   14.638   18.951
  39.608   14.207   20.676
  39.532   15.879   20.167
  32.018   16.800   20.661
  32.294   16.369   22.387
  32.115   15.613   21.289
  32.354   25.101   31.206
  33.449   25.864   31.412
  33.383   27.278   31.441
  34.518   28.069   31.655
  35.759   27.476   31.847
  31.260   24.338   30.999
  31.326   22.925   30.970
  35.815   28.202   32.790
  36.114   28.252   31.016
  36.807   26.990   32.010
  30.971   22.148   31.801
  31.270   22.199   30.027
  30.559   22.998   30.843
  17.468   28.212   15.719
  17.984   29.447   15.544
  17.177   30.609   15.575
  17.712   31.890   15.393
  19.074   32.055   15.174
  16.952   26.977   15.894
  17.759   25.815   15.862
  18.982   32.871   16.037
  18.712   32.732   14.263
  20.215   32.207   14.989
  18.121   25.138   16.774
  17.851   24.999   14.999
  17.074   25.464   15.994
  45.633   39.055   37.359
  44.570   39.864   37.555
  43.433   39.826   36.714
  42.331   40.665   36.917
  42.327   41.573   37.969
  46.696   38.245   37.163
  47.833   38.284   38.004
  41.253   41.109   38.195
  42.001   42.349   37.126
  42.311   42.339   38.848
  48.159   37.507   38.847
  48.907   38.748   37.779
  48.077   37.721   37.521
   7.835   40.582    5.198
   7.589   41.054    6.439
   7.115   40.219    7.478
   6.859   40.708    8.765
   7.068   42.050    9.058
   8.082   40.110    3.958
   8.556   40.944    2.918
   7.666   41.618    9.994
   5.970   41.987    9.516
   7.240   43.174    9.317
   9.654   41.007    2.460
   7.958   41.376    1.982
   8.525   40.277    2.513
  45.340   44.311   38.524
  45.450   45.635   38.763
  44.316   46.477   38.855
  44.429   47.850   39.102
  45.681   48.431   39.267
  45.231   42.987   38.286
  46.365   42.145   38.194
  45.187   48.908   40.241
  45.276   49.220   38.471
  46.725   48.931   39.407
  46.769   41.356   38.990
  46.858   41.668   37.220
  45.818   41.601   38.071
   3.037   21.755   47.104
   3.674   22.867   46.680
   5.071   22.892   46.456
   5.731   24.046   46.017
   5.018   25.216   45.786
   2.400   20.642   47.527
   1.003   20.617   47.751
   5.603   25.213   44.747
   5.868   25.713   46.456
   4.431   26.204   45.588
   0.153   20.120   47.081
   0.418   20.619   48.789
   1.155   19.875   47.944
  39.300   36.035   10.488
  37.972   35.831   10.628
  37.110   35.714    9.513
  35.733   35.503    9.658
  35.170   35.402   10.924
  40.627   36.238   10.348
  41.490   36.355   11.464
  34.664   34.420   10.478
  34.393   36.200   10.501
  34.685   35.315   11.981
  42.267   35.557   11.888
  41.996   37.337   11.910
  42.027   36.444   10.904
  47.205   34.052   46.399
  45.858   34.010   46.469
  45.070   35.185   46.478
  43.672   35.141   46.550
  43.013   33.920   46.616
  48.553   34.095   46.329
  49.341   32.919   46.321
  42.352   34.377   45.736
  42.443   34.425   47.533
  42.447   32.902   46.672
  49.910   32.414   45.404
  50.002   32.463   47.201
  49.923   33.438   46.277
   4.892   36.592   17.252
   5.879   36.429   18.158
   6.045   35.221   18.876
   7.069   35.051   19.816
   7.964   36.083   20.071
   3.905   36.756   16.345
   3.739   37.964   15.627
   8.786   35.235   19.916
   7.700   35.856   21.210
   8.721   36.941   20.294
   4.003   38.191   14.487
   2.917   38.813   15.782
   3.141   37.571   15.314
   7.238   43.707   13.386
   6.082   43.027   13.230
   5.997   41.866   12.426
   4.798   41.162   12.264
   3.641   41.594   12.901
   8.395   44.386   13.542
   8.480   45.547   14.347
   3.562   40.456   13.246
   3.157   41.474   11.819
   2.663   41.945   13.429
   8.964   45.666   15.429
   8.559   46.685   14.001
   9.226   45.522   14.117
  20.088   46.425   23.612
  20.260   45.086   23.600
  19.166   44.189   23.600
  19.344   42.800   23.588
  20.624   42.259   23.576
  19.915   47.763   23.623
  21.010   48.660   23.623
  20.199   41.607   22.673
  20.210   41.593   24.473
  21.692   41.792   23.565
  21.423   49.326   22.726
  21.435   49.312   24.526
  20.437   49.192   23.631
  30.628   39.752   41.291
  31.073   38.871   40.370
  31.791   39.284   39.223
  32.253   38.370   38.268
  32.012   37.011   38.426
  30.183   40.634   42.212
  29.465   40.221   43.359
  33.179   36.911   38.206
  31.634   37.079   37.299
  31.818   35.867   38.547
  29.843   40.153   44.487
  28.298   40.320   43.580
  29.463   40.988   43.504
  35.934    3.513   32.389
  35.142    4.606   32.358
  35.675    5.917   32.331
  34.854    7.051   32.299
  33.472    6.914   32.292
  36.725    2.420   32.420
  36.193    1.109   32.446
  33.532    7.673   31.374
  33.518    7.714   33.174
  32.310    6.814   32.285
  36.146    0.309   31.564
  36.132    0.351   33.364
  36.949    0.916   32.457
  15.830   49.123   34.422
  14.946   48.993   35.434
  13.551   49.118   35.233
  12.635   48.983   36.283
  13.081   48.718   37.571
  16.713   49.254   33.409
  18.108   49.128   33.611
  12.255   47.859   37.540
  12.367   49.626   37.865
  13.441   48.495   38.657
  18.822   48.220   33.316
  18.934   49.987   33.642
  18.124   49.269   32.843
  11.536   26.141   20.745
  10.913   27.285   21.101
  10.000   27.337   22.180
   9.354   28.523   22.549
   9.598   29.699   21.852
  12.159   24.998   20.389
  13.073   24.946   19.310
   9.760   30.157   22.940
   8.409   29.771   21.815
   9.794   30.694   21.275
  14.262   24.874   19.346
  12.911   24.488   18.222
  13.113   24.195   19.519
   2.589    7.163   29.976
   2.611    5.930   29.428
   3.812    5.196   29.279
   3.835    3.917   28.711
   2.657    3.326   28.270
   2.567    8.397   30.524
   1.366    9.130   30.673
   3.041    2.393   28.906
   3.284    3.121   27.278
   1.676    2.818   27.897
   0.740    9.335   31.665
   0.983   10.063   30.037
   1.852    9.658   30.981
  32.575    4.501   44.194
  32.331    5.771   44.580
  32.960    6.346   45.710
  32.707    7.664   46.110
  31.815    8.453   45.395
  32.819    3.231   43.808
  32.190    2.656   42.678
  32.699    9.252   45.425
  31.351    8.675   46.470
  31.069    9.127   44.804
  32.654    2.434   41.603
  31.306    1.857   42.648
  32.618    2.037   42.888
  46.211   17.691   43.186
  44.913   17.324   43.225
  44.519   15.965   43.276
  43.172   15.584   43.316
  42.172   16.547   43.307
  47.509   18.059   43.148
  47.903   19.417   43.097
  41.750   15.931   44.235
  41.712   15.875   42.437
  41.321   17.346   43.299
  48.362   20.090   43.967
  48.325   20.033   42.168
  48.616   19.100   43.092
  27.080   12.013   47.419
  26.719   13.264   47.777
  27.660   14.212   48.244
  27.285   15.509   48.614
  25.955   15.904   48.531
  27.442   10.762   47.062
  26.501    9.814   46.595
  26.407   16.846   47.958
  26.134   16.285   49.646
  24.843   16.249   48.466
  26.322    9.433   45.480
  26.049    8.872   47.168
  27.137    9.364   46.548
  15.168   39.242   11.175
  16.329   38.556   11.125
  16.623   37.511   12.033
  17.827   36.798   11.980
  18.781   37.106   11.017
  14.007   39.929   11.226
  13.713   40.974   10.318
  18.774   35.930   10.823
  19.526   37.118   11.947
  19.590   37.354   10.215
  12.968   40.962    9.389
  13.719   42.150   10.513
  13.051   41.003   10.731
  32.032   33.700    9.603
  31.597   32.422    9.593
  32.487   31.328    9.484
  32.036   30.002    9.474
  30.679   29.724    9.572
  32.467   34.978    9.613
  31.576   36.072    9.722
  31.029   28.965   10.421
  30.886   29.027    8.628
  29.542   29.476    9.654
  31.369   36.769   10.666
  31.227   36.832    8.873
  32.241   36.480    9.683
  29.112   41.237    7.874
  29.260   40.487    6.761
  29.653   41.050    5.524
  29.807   40.273    4.370
  29.571   38.904    4.412
  28.964   41.987    8.987
  28.570   41.424   10.224
  30.630   38.837    3.870
  28.903   39.121    3.450
  29.377   37.754    4.434
  29.238   41.207   11.187
  27.511   41.491   10.766
  28.635   42.166   10.461
   7.912   16.414   42.463
   8.146   15.145   42.861
   9.253   14.807   43.674
   9.496   13.491   44.088
   8.639   12.467   43.703
   7.679   17.682   42.064
   6.571   18.021   41.251
   8.652   12.196   44.863
   9.648   11.916   43.390
   7.927   11.599   43.388
   5.562   18.572   41.564
   6.558   18.293   40.091
   6.875   18.737   41.320
  44.876    9.900   36.984
  44.843   10.013   38.329
  45.920    9.591   39.143
  45.886    9.708   40.538
  44.773   10.251   41.168
  44.909    9.788   35.639
  43.832   10.210   34.824
  45.581   10.919   41.734
  44.848    9.279   41.853
  43.845   10.705   41.709
  43.756   11.181   34.139
  43.023    9.542   34.258
  44.303    9.958   34.255
  15.527   12.097    5.634
  16.323   12.782    4.785
  15.890   13.964    4.139
  16.715   14.674    3.260
  18.004   14.228    2.995
  14.731   11.412    6.482
  15.165   10.230    7.128
  18.304   15.356    3.232
  17.681   14.376    1.857
  19.087   13.865    2.763
  15.488   10.081    8.266
  14.865    9.101    6.890
  14.446   10.259    7.432
  30.938   30.885   12.236
  29.795   31.467   12.656
  29.369   32.724   12.166
  28.184   33.328   12.601
  27.381   32.696   13.543
  32.081   30.302   11.815
  32.506   29.045   12.306
  26.508   32.934   12.768
  27.413   33.755   14.089
  26.699   32.177   14.333
  32.475   27.986   11.759
  33.379   28.807   13.081
  33.102   29.175   11.817
   5.352   17.230   20.798
   4.449   16.712   19.939
   3.467   15.781   20.354
   2.530   15.244   19.462
   2.542   15.619   18.125
   6.256   17.747   21.658
   7.237   18.678   21.243
   1.377   15.798   18.299
   2.504   14.444   17.930
   2.540   15.925   16.999
   7.275   19.853   21.438
   8.403   18.500   21.069
   7.439   18.640   21.997
   7.024   25.426   13.443
   7.885   25.944   12.541
   8.534   25.139   11.575
   9.426   25.676   10.640
   9.703   27.037   10.638
   6.163   24.908   14.344
   5.514   25.713   15.310
   9.475   26.949    9.471
  10.838   26.675   10.615
   9.943   28.178   10.625
   4.379   26.075   15.333
   5.742   25.801   16.477
   5.202   25.027   15.517
  39.790   34.676   47.794
  39.918   35.971   47.434
  41.053   36.448   46.738
  41.186   37.791   46.365
  40.187   38.705   46.676
  39.663   33.381   48.153
  38.527   32.904   48.850
  40.281   39.002   45.526
  41.093   39.357   47.092
  39.356   39.483   46.930
  37.621   32.252   48.433
  38.433   32.607   50.000
  38.914   32.227   48.802
   5.013   38.474   23.437
   3.664   38.471   23.384
   2.920   37.271   23.289
   1.521   37.267   23.233
   0.816   38.464   23.271
   6.362   38.477   23.491
   7.106   39.677   23.586
   0.183   37.914   24.118
   0.254   38.013   22.322
   0.212   39.461   23.302
   7.668   40.128   24.535
   7.739   40.226   22.739
   7.708   39.179   23.582
  39.630   26.080    1.449
  38.285   26.029    1.357
  37.560   24.839    1.602
  36.164   24.786    1.506
  35.443   25.923    1.161
  40.976   26.131    1.542
  41.701   27.321    1.296
  34.787   25.637    2.113
  34.923   25.195    0.374
  34.826   26.869    0.872
  42.221   28.049    2.084
  42.357   27.607    0.344
  42.309   26.859    1.461
  36.825   42.608   10.148
  37.764   43.553   10.368
  37.771   44.780    9.663
  38.744   45.761    9.890
  39.745   45.549   10.830
  35.887   41.663    9.929
  35.879   40.435   10.634
  39.429   46.630   11.219
  40.468   45.893    9.947
  40.591   45.384   11.616
  35.157   40.091   11.517
  36.196   39.355   10.245
  35.248   40.308   10.192
   8.816   10.075   10.279
   8.365    9.195   11.198
   7.117    9.359   11.844
   6.649    8.446   12.797
   7.413    7.337   13.138
   9.268   10.955    9.360
  10.516   10.791    8.714
   6.397    6.743   12.952
   7.196    7.694   14.255
   8.044    6.402   13.434
  10.733   10.434    7.598
  11.532   11.385    8.901
  10.301   11.454    8.362
  37.509    5.395   37.141
  38.550    6.184   36.801
  38.414    7.585   36.658
  39.493    8.404   36.306
  40.748    7.850   36.085
  36.468    4.605   37.480
  36.604    3.204   37.623
  41.114    8.711   36.824
  40.712    8.494   35.083
  41.807    7.399   35.897
  36.640    2.561   38.626
  36.238    2.343   36.885
  35.843    3.254   37.793
   6.252   24.709   11.421
   6.990   23.579   11.419
   6.930   22.645   10.358
   7.696   21.473   10.356
   8.549   21.193   11.416
   5.514   25.839   11.422
   5.574   26.773   12.484
   9.347   20.999   10.553
   8.016   20.128   11.395
   9.269   20.946   12.300
   6.107   27.838   12.505
   4.776   26.967   13.347
   5.050   27.148   12.042
   9.615   32.823   31.766
   9.918   31.541   32.058
  11.244   31.126   32.328
  11.559   29.796   32.630
  10.559   28.833   32.674
   9.311   34.106   31.474
   7.985   34.520   31.205
  11.051   28.557   33.723
  11.301   28.218   31.973
   9.729   28.014   32.714
   7.243   35.136   31.905
   7.493   34.797   30.155
   8.333   35.215   31.120
  10.223    8.865   34.308
   9.853   10.140   34.065
  10.800   11.164   33.828
  10.416   12.487   33.576
   9.070   12.832   33.552
  10.594    7.590   34.551
   9.647    6.566   34.787
   9.356   13.354   32.520
   9.415   13.707   34.284
   7.944   13.136   33.529
   9.301    5.691   34.056
   9.360    6.044   35.820
  10.292    6.130   34.853
  18.616   21.516   31.473
  19.719   22.081   30.938
  19.992   22.026   29.550
  21.136   22.612   28.995
  22.048   23.274   29.807
  17.513   20.951   32.008
  17.240   21.006   33.396
  21.944   24.140   28.996
  22.848   22.602   29.234
  22.821   23.832   30.478
  16.440   21.678   33.969
  17.344   20.139   34.207
  16.608   20.601   33.180
  15.022   40.467    1.717
  13.789   39.975    1.471
  13.078   40.289    0.288
  11.799   39.778    0.034
  11.186   38.936    0.953
  16.255   40.959    1.962
  16.966   40.646    3.145
  10.993   38.249   -0.001
  10.261   39.675    0.817
  10.660   38.229    1.716
  17.891   39.907    3.281
  17.158   41.334    4.099
  17.503   41.109    2.818
  11.574    4.589   28.620
  10.585    4.986   29.448
  10.600    4.689   30.831
   9.574    5.101   31.690
   8.496    5.826   31.196
  12.563    4.191   27.792
  12.548    4.488   26.408
   8.734    6.554   32.109
   7.849    5.020   31.788
   7.586    6.435   30.794
  13.195    5.295   25.815
  12.310    3.760   25.495
  13.223    4.095   26.425
  17.027   21.389    6.285
  16.990   21.342    7.634
  17.821   22.160    8.436
  17.783   22.112    9.834
  16.912   21.244   10.481
  17.064   21.436    4.937
  16.233   20.618    4.135
  16.617   22.214   11.107
  17.883   20.935   11.098
  16.185   20.520   11.037
  15.261   20.927    3.518
  16.528   19.648    3.509
  16.604   20.990    3.557
  16.829   43.856   42.526
  16.161   42.682   42.521
  16.833   41.437   42.519
  16.141   40.220   42.514
  14.751   40.205   42.511
  17.497   45.029   42.531
  16.825   46.274   42.533
  14.887   39.434   43.409
  14.891   39.439   41.609
  13.586   40.178   42.508
  16.685   47.040   43.435
  16.689   47.046   41.635
  17.556   46.548   42.536
  24.624   33.084   47.516
  24.301   33.367   46.236
  23.045   33.915   45.883
  22.710   34.208   44.556
  23.619   33.963   43.534
  24.947   32.802   48.796
  26.203   32.253   49.149
  23.362   35.082   43.213
  22.693   33.422   43.016
  24.373   33.762   42.667
  27.129   32.794   49.668
  26.460   31.135   49.470
  25.898   32.291   49.868
  13.718   22.457   22.764
  13.753   23.806   22.705
  14.020   24.498   21.500
  14.056   25.896   21.440
  13.826   26.652   22.582
  13.684   21.109   22.822
  13.417   20.417   24.027
  13.065   27.242   21.881
  14.825   27.213   22.254
  13.635   27.299   23.534
  12.418   19.856   24.355
  14.179   19.827   24.729
  13.505   19.794   23.565
  20.678   43.738   30.307
  20.227   42.581   29.779
  20.530   42.193   28.452
  20.062   40.992   27.904
  19.275   40.136   28.664
  21.129   44.896   30.834
  20.826   45.284   32.161
  20.045   39.307   28.291
  18.565   40.149   27.707
  18.614   39.408   29.291
  21.536   45.270   33.118
  20.056   46.113   32.535
  21.257   45.905   31.965
  11.475   37.678    7.918
  11.254   38.784    7.177
  12.261   39.356    6.364
  12.032   40.504    5.596
  10.787   41.121    5.613
  11.696   36.571    8.659
  10.689   35.999    9.472
  10.895   41.080    4.427
  11.424   42.109    5.805
   9.747   41.648    5.618
  10.052   35.011    9.279
  10.580   36.040   10.658
  11.258   35.490    9.634
   3.809   21.684    4.478
   2.961   21.939    3.459
   2.112   20.943    2.921
   1.233   21.208    1.864
   1.171   22.479    1.307
   4.657   21.428    5.497
   5.505   22.425    6.034
  -0.004   22.346    1.456
   1.278   21.891    0.276
   1.109   23.542    0.831
   5.399   23.013    7.065
   6.680   22.558    5.885
   5.725   21.836    6.499
  23.983   31.667    1.909
  23.556   30.416    1.631
  24.455   29.360    1.354
  24.012   28.064    1.067
  22.653   27.777    1.046
  24.411   32.917    2.186
  23.511   33.973    2.463
  22.966   26.867    1.748
  22.907   27.275   -0.004
  21.515   27.523    1.026
  23.257   34.475    3.513
  23.197   34.884    1.761
  24.175   34.378    2.535
  31.760   30.160   30.153
  30.642   30.914   30.091
  29.722   30.980   31.164
  28.562   31.762   31.100
  28.282   32.506   29.961
  32.878   29.406   30.215
  33.798   29.339   29.142
  28.112   33.392   30.739
  27.208   31.996   30.050
  28.034   33.135   29.010
  34.872   29.849   29.052
  33.968   28.453   28.363
  34.171   28.857   29.630
   4.360   35.799   30.041
   3.764   34.593   30.152
   2.361   34.459   30.280
   1.742   33.209   30.394
   2.504   32.047   30.385
   4.957   37.005   29.931
   6.360   37.138   29.803
   1.714   31.691   29.566
   1.870   31.778   31.357
   3.131   31.064   30.378
   6.994   37.407   28.830
   7.149   37.494   30.621
   6.179   37.898   29.781
  13.434   42.695   16.902
  12.766   41.687   17.501
  13.425   40.526   17.972
  12.732   39.480   18.594
  11.356   39.558   18.768
  14.101   43.703   16.302
  13.442   44.864   15.831
  11.611   39.254   19.891
  11.365   38.465   18.292
  10.201   39.610   18.919
  13.433   45.956   16.307
  13.187   45.168   14.707
  14.168   45.062   15.622
  18.894   23.930   33.298
  19.225   22.621   33.275
  19.324   21.852   34.459
  19.667   20.495   34.435
  19.924   19.858   33.227
  18.563   25.238   33.320
  18.465   26.008   32.137
  19.165   19.040   33.646
  20.905   19.478   33.786
  20.142   19.312   32.220
  17.483   26.388   31.578
  19.223   26.826   31.718
  18.282   26.572   32.645
  26.566   34.084   10.837
  25.947   32.900   10.641
  24.831   32.501   11.412
  24.189   31.273   11.209
  24.642   30.401   10.227
  27.184   35.268   11.033
  28.301   35.668   10.262
  23.494   30.369    9.909
  24.596   29.595   11.104
  25.012   29.660    9.406
  28.347   36.473    9.385
  29.449   35.700   10.579
  28.253   36.302   10.716
  45.031    4.222   22.530
  45.190    5.561   22.462
  44.333    6.453   23.149
  44.497    7.842   23.079
  45.524    8.388   22.319
  44.873    2.883   22.598
  45.730    1.991   21.911
  45.745    9.016   23.307
  44.656    9.073   21.875
  46.382    8.859   21.685
  46.598    1.306   22.356
  45.509    1.362   20.924
  45.266    1.457   22.244
  19.970   40.565   43.732
  20.665   41.540   44.356
  20.333   41.982   45.659
  21.054   42.992   46.306
  22.133   43.597   45.674
  19.275   39.591   43.108
  19.607   39.149   41.806
  22.694   43.371   46.700
  21.590   44.607   45.999
  23.040   44.114   45.155
  20.149   38.139   41.480
  19.045   39.376   40.779
  18.999   38.674   41.927
  29.791   16.724   39.124
  30.412   17.853   38.720
  30.070   18.506   37.513
  30.714   19.677   37.094
  31.723   20.236   37.869
  29.170   15.595   39.527
  29.512   14.942   40.735
  31.102   21.242   37.719
  32.324   20.255   36.840
  32.572   20.715   38.509
  28.911   14.922   41.764
  30.133   13.936   40.884
  28.950   14.451   40.504
  16.370    9.405   36.151
  16.794   10.454   35.415
  16.621   11.791   35.846
  17.061   12.879   35.082
  17.689   12.669   33.861
  15.946    8.355   36.887
  16.118    7.018   36.456
  18.505   13.418   34.299
  16.909   13.480   33.468
  18.217   12.507   32.834
  16.897    6.207   36.849
  15.302    6.269   36.018
  15.760    6.866   37.134
   8.094   46.476   32.593
   9.130   47.340   32.569
   8.939   48.737   32.453
  10.014   49.634   32.428
  11.319   49.165   32.516
   7.057   45.611   32.618
   7.248   44.214   32.734
  11.424   50.000   33.360
  11.496   49.862   31.567
  12.419   48.784   32.590
   7.070   43.517   33.684
   7.143   43.379   31.890
   6.467   44.212   32.702
  22.825   29.127   33.246
  21.966   29.870   33.976
  21.564   31.165   33.571
  20.673   31.935   34.328
  20.153   31.438   35.517
  23.684   28.384   32.516
  24.086   27.089   32.921
  19.110   31.780   35.052
  20.494   32.492   35.955
  19.709   31.034   36.516
  23.745   26.035   32.482
  25.129   26.747   33.386
  24.499   27.126   32.259
  10.818    9.551   28.745
  12.167    9.584   28.801
  12.863   10.592   29.510
  14.261   10.626   29.569
  15.013    9.653   28.921
   9.470    9.518   28.688
   8.773    8.510   27.980
  15.572    9.572   29.971
  15.609   10.589   28.486
  15.656    8.843   28.383
   8.177    7.574   28.415
   8.215    8.591   26.930
   8.152    8.907   28.236
  44.060    7.951   33.147
  45.177    8.512   32.637
  46.362    8.652   33.399
  47.520    9.233   32.870
  47.535    9.696   31.560
  42.944    7.390   33.658
  41.759    7.250   32.896
  48.543    9.066   31.486
  47.989   10.682   32.051
  47.561   10.089   30.462
  41.305    6.264   32.405
  40.751    7.881   32.970
  41.498    6.929   33.558
   4.994   33.382    2.954
   4.066   34.355    3.076
   4.422   35.705    3.309
   3.461   36.715    3.435
   2.109   36.411    3.333
   5.921   32.408    2.832
   5.565   31.058    2.599
   2.094   37.324    2.568
   2.025   37.036    4.343
   0.971   36.169    3.249
   5.649   30.433    1.588
   5.580   30.145    3.364
   6.340   30.963    2.614
  16.277   36.938   46.331
  15.262   36.188   46.811
  15.386   35.435   48.003
  14.334   34.657   48.501
  13.122   34.603   47.824
  17.291   37.689   45.851
  17.168   38.442   44.659
  12.660   34.834   48.899
  13.253   33.425   47.948
  12.099   34.549   47.267
  17.036   39.620   44.535
  17.629   38.211   43.584
  17.904   38.636   44.831
  40.038   11.613   44.679
  38.985   11.531   45.520
  37.883   12.414   45.430
  36.791   12.329   46.302
  36.763   11.359   47.297
  41.090   11.694   43.837
  42.193   10.812   43.928
  35.671   11.141   46.872
  36.488   12.278   48.004
  36.727   10.550   48.135
  42.468    9.893   43.220
  43.285   11.030   44.352
  42.445   11.234   43.321
  21.400   36.036   42.561
  22.364   36.972   42.695
  22.525   38.022   41.760
  23.524   38.992   41.899
  24.397   38.949   42.979
  20.437   35.100   42.427
  20.275   34.051   43.363
  24.105   40.098   43.095
  25.235   39.073   42.140
  25.136   38.924   43.880
  19.438   33.927   44.201
  20.568   32.901   43.247
  19.692   33.855   42.882
  30.835   26.487   16.887
  29.872   25.586   16.596
  28.517   25.962   16.436
  27.519   25.029   16.134
  27.840   23.686   15.980
  31.798   27.387   17.179
  33.153   27.011   17.339
  27.211   23.785   14.973
  26.929   23.517   16.730
  28.095   22.556   15.848
  34.063   27.180   16.588
  33.782   26.912   18.346
  33.239   27.776   17.469
  37.276   45.113    5.082
  36.526   46.216    5.289
  36.077   46.586    6.579
  35.299   47.730    6.795
  34.943   48.545    5.728
  38.026   44.010    4.874
  38.476   43.641    3.584
  35.344   49.420    6.431
  33.848   48.448    6.188
  34.637   49.238    4.841
  39.571   43.737    3.124
  38.075   42.766    2.881
  38.795   43.049    3.981
   2.466   32.883   12.404
   3.616   33.195   13.039
   3.659   34.142   14.089
   4.852   34.465   14.748
   6.043   33.853   14.379
   1.316   32.571   11.769
   1.272   31.624   10.718
   6.154   33.659   15.550
   6.458   34.970   14.355
   7.050   33.347   14.080
   0.857   30.507   10.743
   1.161   31.818    9.548
   0.513   31.808   10.727
  41.315   18.427   36.635
  42.412   19.074   36.188
  42.493   20.487   36.170
  43.630   21.159   35.706
  44.727   20.442   35.244
  40.219   17.779   37.083
  40.137   16.366   37.101
  45.339   21.159   35.972
  44.650   21.178   34.310
  45.654   19.853   34.852
  40.214   15.630   38.034
  39.525   15.649   36.372
  39.430   16.517   37.396
  16.103    9.021   33.332
  17.289    8.594   32.849
  17.415    7.373   32.143
  18.645    6.930   31.642
  19.792    7.692   31.828
  14.917    9.448   33.815
  14.790   10.668   34.521
  19.937    7.523   30.658
  20.258    6.661   32.205
  20.763    8.321   31.978
  14.325   11.698   34.144
  14.645   10.837   35.691
  14.041   10.449   34.553
  27.505   45.271   33.089
  27.981   45.330   31.827
  27.289   46.009   30.796
  27.782   46.071   29.487
  28.984   45.455   29.162
  27.030   45.211   34.351
  27.721   44.532   35.382
  29.240   46.508   28.666
  28.355   44.994   28.262
  29.992   44.943   28.876
  28.351   44.993   36.282
  27.466   43.479   35.878
  27.112   44.775   35.805
  26.824    5.719   36.535
  25.811    5.011   37.078
  26.023    3.768   37.719
  24.973    3.034   38.282
  23.671    3.517   38.224
  27.837    6.427   35.992
  27.625    7.670   35.350
  23.667    3.274   39.390
  23.422    2.423   37.823
  22.574    3.911   38.181
  27.874    8.764   35.751
  27.629    7.913   34.184
  28.398    7.630   35.251
  25.308   17.599   34.371
  26.420   18.344   34.542
  27.378   18.043   35.539
  28.532   18.816   35.717
  28.769   19.917   34.904
  24.195   16.854   34.199
  23.237   17.155   33.202
  29.847   19.425   34.773
  28.964   20.476   35.938
  28.980   20.844   34.228
  23.042   16.597   32.168
  22.159   17.647   33.333
  22.884   16.526   33.502
  25.240   44.227   25.238
  24.867   43.439   26.269
  23.542   42.960   26.405
  23.155   42.143   27.474
  24.079   41.776   28.445
  25.613   45.015   24.207
  26.938   45.494   24.071
  23.662   40.678   28.241
  23.232   42.139   29.202
  24.844   41.461   29.267
  27.784   45.132   23.315
  27.354   46.592   24.275
  26.638   45.827   23.431
  18.848    9.235    7.281
  18.966   10.476    6.763
  20.210   11.148    6.702
  20.332   12.435    6.165
  19.215   13.096    5.670
  18.730    7.994    7.799
  17.486    7.322    7.861
  19.909   13.287    4.720
  19.607   13.994    6.348
  18.285   13.662    5.251
  17.094    6.424    7.183
  16.792    7.131    8.810
  17.925    6.763    8.185
   4.842   14.905   35.998
   5.789   15.251   36.895
   5.835   16.539   37.480
   6.817   16.897   38.411
   7.789   15.979   38.791
   3.895   14.560   35.100
   3.849   13.272   34.515
   7.479   16.305   39.895
   8.540   16.874   38.557
   8.611   15.219   39.119
   3.098   12.377   34.750
   4.159   12.947   33.412
   3.228   13.576   34.152
  15.451   29.763   45.857
  15.640   28.757   46.737
  16.556   28.862   47.811
  16.751   27.818   48.724
  16.038   26.633   48.596
  15.263   30.768   44.976
  14.347   30.664   43.902
  15.808   26.798   49.753
  17.111   26.127   48.708
  15.446   25.633   48.500
  13.274   31.170   43.790
  14.577   30.499   42.745
  14.601   31.387   43.755
  23.469   12.976   13.006
  22.569   12.463   13.872
  21.245   12.955   13.956
  20.312   12.423   14.855
  20.669   11.381   15.701
  24.369   13.488   12.140
  25.693   12.996   12.056
  19.665   10.882   15.297
  20.186   12.072   16.543
  20.956   10.506   16.416
  26.176   12.305   11.214
  26.697   13.495   12.460
  25.750   13.548   11.506
  37.174   36.338    7.404
  37.382   37.627    7.747
  37.603   38.634    6.778
  37.819   39.971    7.133
  37.821   40.349    8.470
  36.966   35.049    7.062
  36.744   34.042    8.031
  37.072   41.197    8.097
  38.843   40.889    8.181
  37.825   40.679    9.588
  35.722   33.502    8.319
  37.493   33.193    8.404
  36.696   33.590    7.395
  34.636   27.233    4.435
  35.683   27.932    4.925
  35.818   29.325    4.716
  36.903   30.050    5.224
  37.891   29.407    5.959
  33.590   26.535    3.945
  33.455   25.142    4.154
  37.710   30.295    6.733
  38.630   29.978    5.219
  38.728   28.880    6.577
  32.716   24.571    4.894
  33.636   24.254    3.380
  32.804   25.250    3.736
  43.391    2.097    5.549
  42.363    1.808    4.724
  41.442    0.771    5.007
  40.376    0.471    4.151
  40.192    1.196    2.981
  44.419    2.387    6.375
  45.339    3.424    6.091
  39.068    1.287    3.368
  40.111    0.119    2.479
  40.026    1.798    1.996
  45.421    4.502    6.593
  46.463    3.334    5.705
  45.651    3.188    6.767
  40.192   42.628   13.497
  41.355   42.351   14.124
  42.053   41.139   13.908
  43.259   40.851   14.558
  43.810   41.766   15.447
  39.028   42.905   12.871
  38.331   44.117   13.086
  44.804   41.584   14.815
  43.894   40.819   16.166
  44.284   42.524   16.195
  38.247   45.063   12.367
  37.337   44.299   13.718
  37.835   43.800   12.573
  45.120   37.761   40.316
  46.459   37.658   40.451
  47.053   36.954   41.525
  48.442   36.847   41.664
  49.286   37.440   40.735
  43.780   37.865   40.182
  43.187   38.569   39.108
  49.810   36.370   40.721
  49.828   37.880   41.701
  50.007   37.934   39.962
  42.645   38.130   38.141
  42.663   39.640   39.122
  42.529   38.346   39.464
  21.736   27.314   36.140
  20.515   27.806   35.840
  20.346   29.074   35.233
  19.080   29.584   34.922
  17.938   28.845   35.206
  22.957   26.822   36.440
  23.126   25.555   37.047
  17.653   29.095   34.076
  17.562   29.861   35.703
  16.971   28.236   35.439
  23.502   24.539   36.550
  23.411   25.305   38.176
  23.880   25.750   36.997
  41.284   18.348   25.972
  41.966   17.237   26.325
  41.364   15.957   26.326
  42.071   14.805   26.692
  43.405   14.893   27.070
  40.602   19.458   25.619
  41.204   20.739   25.617
  43.550   14.005   26.289
  43.050   14.242   28.002
  44.525   14.953   27.389
  41.559   21.391   24.685
  41.059   21.628   26.398
  40.492   20.956   25.379
  42.049   27.443   35.523
  42.572   26.240   35.201
  43.965   26.044   35.049
  44.507   24.797   34.716
  43.675   23.702   34.522
  41.526   28.645   35.844
  40.133   28.841   35.996
  44.433   23.159   35.265
  44.300   23.569   33.517
  42.988   22.774   34.357
  39.507   28.974   37.001
  39.375   29.383   35.254
  40.360   29.572   36.150
  37.317   22.058   12.078
  37.451   20.733   12.300
  36.399   19.820   12.050
  36.538   18.446   12.280
  37.734   17.936   12.769
  37.182   23.383   11.856
  38.234   24.296   12.106
  37.622   17.163   11.870
  37.028   17.385   13.555
  38.733   17.495   13.180
  38.941   24.847   11.321
  38.347   25.069   13.005
  37.705   24.811   11.851
  42.372    9.650   31.091
  42.344    8.533   30.333
  41.427    7.483   30.578
  41.398    6.325   29.792
  42.285    6.174   28.734
  42.399   10.767   31.848
  43.317   11.816   31.603
  41.303    5.889   28.121
  42.491    5.109   29.227
  43.024    6.035   27.842
  43.111   12.881   31.110
  44.298   12.102   32.216
  42.953   12.134   32.217
  45.642   46.258   24.474
  46.448   46.477   25.534
  46.071   47.326   26.601
  46.907   47.553   27.700
  48.151   46.938   27.772
  44.835   46.040   23.413
  45.212   45.190   22.347
  47.795   46.639   28.869
  48.537   48.039   28.016
  49.198   46.429   27.845
  44.827   44.089   22.103
  45.569   45.490   21.250
  44.510   45.396   22.074
  47.986   24.719   22.518
  48.203   24.704   23.851
  48.767   25.809   24.531
  48.992   25.794   25.913
  48.662   24.673   26.664
  47.769   24.733   21.186
  47.205   23.628   20.506
  48.119   25.466   27.369
  49.766   24.795   27.093
  48.389   23.739   27.306
  46.100   23.506   20.077
  47.747   22.835   19.801
  47.293   24.099   19.889
   4.129   20.462   13.938
   3.093   19.604   14.047
   1.769   19.981   13.716
   0.695   19.091   13.829
   0.905   17.793   14.277
   5.166   21.320   13.829
   6.489   20.944   14.160
   0.267   17.496   13.315
  -0.002   18.037   15.010
   1.067   16.700   14.652
   7.396   20.699   13.427
   7.126   21.240   15.122
   6.638   21.681   13.948
   3.813   21.029   28.562
   4.841   21.892   28.418
   6.161   21.557   28.802
   7.227   22.452   28.653
   7.011   23.714   28.114
   2.785   20.166   28.706
   1.465   20.501   28.322
   7.937   23.434   27.419
   7.623   24.083   29.068
   6.843   24.777   27.664
   0.853   20.132   27.369
   0.538   20.781   29.018
   1.320   19.778   28.580
   1.490   37.884   37.292
   2.293   38.705   38.001
   1.822   39.916   38.560
   2.655   40.768   39.296
   3.989   40.438   39.499
   0.686   37.063   36.582
   1.158   35.851   36.023
   3.741   40.682   40.638
   4.186   41.553   39.127
   5.111   40.173   39.676
   0.961   34.736   36.395
   1.406   35.607   34.884
   0.418   35.801   35.777
  46.384    5.071   16.298
  45.146    4.542   16.396
  44.902    3.326   17.078
  43.618    2.777   17.179
  42.533    3.424   16.602
  47.622    5.600   16.200
  47.867    6.816   15.518
  42.032    3.261   17.671
  42.302    2.349   16.143
  41.613    3.957   16.122
  48.097    7.891   15.977
  48.367    6.979   14.449
  48.602    6.667   15.736
  10.804   29.789   43.701
  10.280   30.813   44.409
   8.884   31.026   44.498
   8.341   32.087   45.232
   9.174   32.973   45.903
  11.327   28.766   42.993
  12.723   28.553   42.903
   8.448   32.756   46.823
   8.514   33.803   45.360
   9.863   33.724   46.471
  13.384   27.723   43.447
  13.450   28.770   41.983
  12.496   27.950   42.462
  45.422   38.331   46.617
  45.119   39.425   47.347
  43.793   39.718   47.745
  43.479   40.853   48.503
  44.480   41.736   48.888
  45.725   37.237   45.887
  47.051   36.944   45.488
  43.987   41.620   49.967
  43.739   42.562   48.453
  45.310   42.485   49.219
  47.791   36.118   45.923
  47.544   37.060   44.409
  46.703   36.326   45.161
  22.445   40.345   47.172
  23.619   40.745   46.638
  23.684   41.444   45.410
  24.901   41.859   44.856
  26.096   41.590   45.512
  21.271   39.944   47.706
  21.206   39.246   48.935
  26.307   42.748   45.327
  26.440   41.185   44.445
  27.106   41.371   46.051
  20.862   39.651   50.001
  20.995   38.088   49.120
  20.440   39.266   48.783
  45.494   44.414   45.686
  45.330   45.754   45.721
  46.369   46.626   46.124
  46.199   48.015   46.160
  44.984   48.582   45.796
  45.658   43.074   45.651
  44.619   42.202   45.248
  45.665   49.287   45.118
  45.100   49.173   46.824
  43.970   49.070   45.492
  44.503   41.610   44.220
  43.938   41.496   45.925
  45.162   41.660   45.392
  28.875   28.569   27.107
  29.491   29.770   27.075
  30.552   30.093   27.954
  31.190   31.338   27.922
  30.791   32.306   27.008
  28.260   27.368   27.138
  27.199   27.046   26.259
  31.956   32.376   26.771
  30.771   33.015   27.965
  30.465   33.127   26.247
  27.218   26.336   25.302
  26.033   26.975   26.497
  27.225   26.368   26.647
  48.577   32.607   13.719
  48.777   33.871   14.150
  48.037   34.963   13.639
  48.245   36.274   14.086
  49.202   36.539   15.058
  48.376   31.343   13.289
  49.116   30.251   13.799
  48.316   37.143   15.579
  49.555   37.383   14.295
  50.001   36.775   15.874
  48.763   29.406   14.562
  50.001   29.646   13.278
  48.672   29.852   13.296
  31.070   15.561   30.404
  32.322   15.149   30.696
  33.455   15.960   30.450
  34.753   15.533   30.753
  34.965   14.279   31.312
  29.818   15.972   30.113
  28.685   15.161   30.359
  35.629   14.884   32.095
  35.779   14.175   30.448
  35.157   13.229   31.782
  27.871   15.265   31.223
  28.021   14.556   29.575
  28.311   15.778   30.059
  41.853   12.669   34.296
  42.094   13.804   33.607
  43.374   14.109   33.087
  43.624   15.287   32.372
  42.602   16.202   32.152
  41.613   11.533   34.985
  40.332   11.228   35.505
  42.976   16.150   31.021
  43.398   16.991   32.555
  41.753   16.978   31.959
  39.537   10.439   35.101
  39.959   11.280   36.635
  40.703   10.588   35.754
  11.422   15.913   47.103
  12.201   14.916   47.575
  13.579   15.101   47.836
  14.387   14.068   48.326
  13.845   12.813   48.572
  10.644   16.909   46.631
   9.265   16.725   46.370
  14.392   12.926   49.625
  14.778   12.428   47.939
  13.403   11.754   48.784
   8.332   17.109   47.004
   8.718   16.611   45.317
   9.313   17.475   46.159
   7.294   17.567    6.019
   7.612   16.270    5.821
   6.640   15.243    5.869
   6.970   13.898    5.663
   8.284   13.533    5.401
   6.975   18.864    6.218
   7.947   19.891    6.169
   7.799   12.927    4.497
   8.095   12.730    6.262
   9.383   13.212    5.181
   8.136   20.694    5.309
   8.433   20.496    7.073
   7.327   20.339    6.324
  39.828   18.970   28.060
  39.942   17.720   28.558
  41.144   17.252   29.140
  41.263   15.956   29.657
  40.184   15.082   29.609
  39.713   20.219   27.562
  38.511   20.687   26.980
  40.435   14.917   30.763
  40.984   14.326   29.153
  39.287   14.339   29.576
  37.712   21.444   27.435
  38.261   20.853   25.826
  38.935   21.337   26.886
  14.150   29.306   13.083
  14.502   29.929   11.938
  13.561   30.622   11.140
  13.926   31.268    9.953
  15.246   31.244    9.521
  13.798   28.684   14.227
  14.739   27.991   15.025
  15.094   32.420    9.407
  14.764   30.910    8.484
  16.351   31.232    9.147
  15.221   28.324   16.062
  14.892   26.815   15.139
  14.109   27.858   15.466
  36.940    6.666   38.910
  35.861    6.627   38.099
  34.595    7.105   38.511
  33.476    7.065   37.670
  33.585    6.546   36.386
  38.018    6.705   39.721
  39.285    6.227   39.308
  33.034    7.555   36.072
  32.621    5.918   36.698
  33.662    6.113   35.306
  40.248    6.855   38.996
  39.836    5.219   39.622
  39.486    6.452   40.028
  32.997   26.745   21.064
  32.860   27.873   21.791
  32.963   29.159   21.208
  32.821   30.329   21.963
  32.570   30.257   23.327
  33.134   25.616   20.336
  33.031   24.330   20.919
  31.699   31.030   23.076
  33.469   31.035   23.402
  32.359   30.210   24.473
  32.132   23.552   20.844
  33.902   23.557   21.170
  33.166   24.103   20.184
  41.560    9.382   20.217
  41.890    8.118   20.560
  42.200    7.135   19.590
  42.542    5.825   19.945
  42.585    5.450   21.282
  41.230   10.645   19.875
  40.920   11.628   20.845
  43.652    5.008   20.989
  41.917    4.535   20.913
  42.626    5.123   22.401
  41.588   12.543   21.214
  39.853   12.070   21.138
  40.827   12.073   20.209
  29.704   46.157    9.132
  31.030   46.261    9.362
  31.550   47.065   10.403
  32.926   47.173   10.642
  33.830   46.480    9.847
  28.378   46.054    8.902
  27.858   45.249    7.860
  34.287   46.136   10.892
  34.372   47.538    9.767
  34.600   45.904    9.187
  27.316   44.191    7.940
  27.401   45.593    6.815
  27.178   45.514    8.139
   9.975   47.554   38.516
   9.843   46.791   37.410
  10.961   46.244   36.738
  10.824   45.453   35.591
   9.563   45.181   35.075
  10.108   48.316   39.623
   8.989   48.864   40.295
   9.949   44.054   35.074
  10.052   45.528   34.046
   8.510   44.946   34.632
   8.500   48.517   41.324
   8.603   49.991   40.296
   9.545   49.151   40.762
  28.446   45.275   38.462
  29.356   44.376   38.892
  29.104   43.520   39.991
  30.048   42.588   40.438
  31.278   42.478   39.802
  27.536   46.174   38.031
  27.788   47.029   36.932
  31.022   41.314   39.793
  31.711   42.546   40.910
  32.314   42.374   39.277
  27.355   46.961   35.824
  28.043   48.193   36.941
  27.067   47.281   37.099
  35.480    5.893   40.602
  35.605    4.549   40.572
  34.483    3.690   40.643
  34.613    2.296   40.611
  35.869    1.712   40.508
  35.355    7.237   40.633
  36.476    8.096   40.562
  35.361    1.082   39.633
  35.496    1.054   41.428
  36.917    1.209   40.421
  36.850    8.755   39.641
  36.985    8.727   41.436
  35.924    8.647   40.612
  19.391   17.850   17.336
  19.779   19.143   17.380
  19.561   19.952   18.520
  19.963   21.292   18.566
  20.599   21.870   17.474
  19.002   16.558   17.291
  19.220   15.748   16.151
  21.389   22.232   18.290
  19.792   22.734   17.628
  21.133   22.368   16.565
  20.027   14.885   15.998
  18.430   15.387   15.335
  18.867   15.212   16.596
  36.980   22.973   22.273
  38.093   22.209   22.313
  38.032   20.798   22.399
  39.186   20.007   22.440
  40.442   20.598   22.395
  35.867   23.736   22.234
  35.929   25.147   22.147
  40.648   19.792   21.542
  40.660   19.902   23.338
  41.503   21.081   22.359
  35.711   25.843   21.204
  35.723   25.953   23.001
  35.151   25.075   22.157
  36.622   37.678   18.753
  37.238   36.924   17.818
  38.036   37.497   16.799
  38.675   36.716   15.829
  38.538   35.333   15.843
  36.006   38.432   19.689
  35.209   37.859   20.707
  39.726   35.345   15.749
  38.278   35.477   14.689
  38.432   34.172   15.843
  35.470   37.715   21.861
  34.021   37.847   20.801
  35.125   38.607   20.915
  21.604   22.491   46.633
  20.879   21.636   47.385
  21.289   21.243   48.681
  20.537   20.356   49.460
  19.347   19.831   48.972
  22.329   23.346   45.881
  21.919   23.739   44.585
  18.912   20.178   50.025
  19.815   18.791   49.318
  18.347   19.382   48.574
  21.450   24.779   44.239
  22.353   23.391   43.532
  22.580   24.153   44.617
  13.330   19.515   16.102
  12.262   19.969   16.791
  12.246   20.014   18.206
  11.138   20.485   18.921
  10.007   20.928   18.247
  14.398   19.061   15.412
  14.413   19.016   13.998
  10.113   21.877   18.961
   9.433   20.211   19.006
   9.051   21.303   17.694
  14.987   19.734   13.239
  14.308   18.068   13.284
  15.129   18.728   14.121
  45.299   36.674   25.626
  46.376   36.123   26.225
  47.551   36.866   26.485
  48.668   36.294   27.106
  48.649   34.959   27.489
  44.222   37.225   25.027
  43.046   36.482   24.767
  49.042   35.386   28.530
  49.696   34.916   26.920
  48.647   33.839   27.815
  42.000   36.525   25.336
  42.654   36.055   23.726
  42.808   37.165   24.471
  23.979    7.061   47.882
  23.932    8.322   47.402
  22.737    8.889   46.898
  22.689   10.197   46.400
  23.834   10.984   46.388
  24.025    5.801   48.362
  25.220    5.233   48.866
  23.125   11.794   46.898
  23.528   11.183   45.253
  24.787   11.655   46.372
  25.526    5.034   50.000
  25.929    4.423   48.356
  24.753    4.617   48.981
  19.244   47.002   30.405
  20.578   47.187   30.311
  21.135   48.299   29.637
  22.519   48.491   29.540
  23.394   47.577   30.113
  17.910   46.817   30.499
  17.353   45.705   31.174
  23.899   48.551   30.579
  23.922   47.609   29.045
  24.140   46.818   30.590
  16.825   45.673   32.242
  16.848   44.731   30.708
  16.683   46.043   30.956
  16.264   10.395   42.318
  16.829   10.370   41.093
  18.141    9.882   40.882
  18.728    9.855   39.611
  18.024   10.315   38.506
  15.698   10.421   43.543
  14.386   10.909   43.754
  18.362    9.280   38.022
  19.020   10.933   38.292
  17.445   10.698   37.569
  13.390   10.291   43.968
  14.048   11.944   44.237
  14.550   10.723   44.494
  20.113   33.366   18.626
  21.151   34.171   18.936
  20.968   35.532   19.280
  22.044   36.367   19.601
  23.342   35.872   19.590
  19.075   32.560   18.316
  19.258   31.200   17.972
  23.407   36.380   20.666
  23.567   36.841   18.933
  24.437   35.470   19.584
  19.034   30.231   18.629
  19.194   30.691   16.896
  18.480   31.222   17.906
  12.120   40.291   31.450
  13.338   39.711   31.407
  14.479   40.397   30.929
  15.742   39.795   30.884
  15.909   38.485   31.316
  10.902   40.872   31.494
   9.760   40.185   31.972
  16.815   38.944   31.940
  16.474   38.352   30.275
  16.064   37.387   31.675
   9.196   40.319   33.013
   8.855   39.727   31.348
   9.413   40.864   31.802
  38.540    9.781   27.594
  38.394    8.698   28.387
  39.383    7.689   28.467
  39.232    6.566   29.289
  38.087    6.412   30.061
  38.685   10.864   26.801
  37.697   11.873   26.721
  38.865    6.203   30.939
  38.071    5.319   29.587
  37.131    6.271   30.714
  37.712   12.966   27.195
  36.919   12.083   25.842
  38.207   12.185   26.218
  34.786   21.339   12.348
  34.356   20.424   13.243
  35.212   19.879   14.229
  34.766   18.930   15.156
  33.448   18.493   15.131
  35.216   22.254   11.453
  34.360   22.799   10.467
  33.483   18.732   16.298
  33.943   17.410   15.167
  32.344   18.117   15.121
  33.865   23.882   10.431
  34.325   22.559    9.300
  35.008   23.190   10.273
  11.263   22.195    1.078
   9.918   22.161    0.959
   9.171   20.989    1.223
   7.777   20.954    1.099
   7.080   22.091    0.707
  12.607   22.229    1.198
  13.354   23.401    0.934
   6.400   21.841    1.653
   6.565   21.348   -0.070
   6.483   23.037    0.379
  13.869   24.143    1.711
  14.035   23.650   -0.012
  13.952   22.935    1.124
  18.479    3.184   46.114
  17.163    2.888   46.066
  16.689    1.557   46.161
  15.324    1.250   46.112
  14.384    2.262   45.965
  19.795    3.480   46.161
  20.268    4.810   46.066
  13.855    1.727   46.889
  13.958    1.562   45.100
  13.584    3.102   45.842
  20.695    5.510   46.931
  20.797    5.345   45.142
  20.961    4.456   46.138
  26.747    2.348   14.388
  28.062    2.073   14.529
  28.786    2.447   15.686
  30.149    2.162   15.832
  30.836    1.494   14.826
  25.433    2.622   14.247
  24.709    2.249   13.091
  31.212    0.803   15.722
  31.623    2.379   14.955
  31.425    0.933   13.990
  23.921    1.363   12.962
  24.332    2.939   12.196
  24.122    2.590   13.477
  36.314   34.929   17.875
  36.395   34.553   16.580
  35.998   35.407   15.525
  36.082   35.018   14.183
  36.567   33.760   13.848
  36.233   35.304   19.169
  36.631   34.450   20.224
  37.253   34.369   13.089
  35.583   33.702   13.178
  36.972   32.707   13.554
  37.614   34.508   20.895
  35.945   33.840   20.984
  36.410   35.060   20.659
   7.905   10.452   19.484
   8.456    9.965   18.352
   8.816    8.604   18.218
   9.388    8.099   17.044
   9.620    8.939   15.962
   7.353   10.938   20.616
   6.993   12.300   20.750
   9.067    8.082   15.345
  10.708    8.453   15.984
   9.820    9.632   15.046
   5.905   12.786   20.727
   7.546   13.157   21.366
   6.771   12.062   21.460
  24.694    5.916   39.753
  25.803    5.330   39.254
  26.723    4.641   40.080
  27.874    4.034   39.563
  28.145    4.093   38.202
  23.584    6.502   40.251
  22.664    7.190   39.425
  28.305    2.917   38.315
  29.224    4.445   38.565
  28.385    4.135   37.062
  21.585    6.838   39.063
  22.504    8.365   39.312
  22.297    7.299   40.106
  30.082   42.750    2.396
  29.555   43.945    2.058
  28.294   44.057    1.425
  27.747   45.297    1.074
  28.441   46.470    1.344
  30.610   41.554    2.734
  31.871   41.443    3.367
  27.403   46.822    1.813
  28.203   46.720    0.203
  29.012   47.462    1.565
  32.109   41.193    4.507
  32.908   41.090    2.898
  31.702   40.681    3.332
   3.464   29.812   19.303
   2.723   30.885   19.652
   3.256   32.196   19.650
   2.488   33.310   20.012
   1.160   33.152   20.390
   4.204   28.738   18.953
   3.672   27.427   18.956
   0.969   34.029   19.607
   1.481   33.824   21.320
   0.045   33.033   20.709
   3.351   26.755   18.026
   3.863   26.550   19.739
   4.394   27.248   18.719
   6.099   32.479   26.728
   5.751   31.280   26.214
   4.405   30.845   26.170
   4.044   29.602   25.637
   5.016   28.749   25.129
   6.448   33.677   27.242
   7.794   34.112   27.287
   4.287   28.688   24.189
   4.475   27.937   25.814
   5.822   28.023   24.700
   8.334   34.924   26.602
   8.523   34.173   28.227
   7.468   34.741   27.616
  16.946   42.216   22.840
  15.871   42.585   23.569
  15.992   43.369   24.741
  14.878   43.751   25.497
  13.602   43.364   25.108
  18.020   41.848   22.111
  17.899   41.064   20.939
  13.346   44.518   25.259
  13.501   43.019   26.244
  12.525   43.045   24.793
  18.000   41.408   19.803
  18.154   39.910   20.789
  18.676   41.141   20.935
  32.531   38.091   45.285
  32.802   38.663   46.478
  31.778   39.143   47.328
  32.059   39.736   48.565
  33.373   39.870   48.996
  32.260   37.520   44.092
  33.284   37.039   43.241
  32.956   39.385   50.001
  33.052   40.998   49.207
  34.471   39.988   49.369
  33.605   35.911   43.030
  33.701   37.523   42.236
  32.675   36.853   42.790
  15.681   17.771   31.201
  14.576   17.173   31.694
  14.651   16.123   32.641
  13.505   15.503   33.153
  12.243   15.911   32.736
  16.787   18.369   30.707
  16.712   19.418   29.761
  12.012   15.947   33.905
  12.065   14.745   32.567
  11.179   16.243   32.396
  16.890   20.584   29.931
  16.943   19.382   28.593
  17.490   19.385   29.822
  16.029   28.441   38.874
  16.908   29.040   39.705
  16.577   30.208   40.431
  17.489   30.829   41.294
  18.764   30.303   41.461
  15.149   27.843   38.042
  15.480   26.675   37.316
  18.515   30.409   42.621
  19.112   31.424   41.260
  19.837   29.872   41.610
  15.132   25.553   37.517
  15.729   26.568   36.155
  14.748   26.757   37.056
   8.612   47.309    3.915
   9.539   46.989    2.987
  10.507   45.982    3.211
  11.469   45.650    2.248
  11.496   46.314    1.028
   7.685   47.629    4.843
   6.716   48.636    4.619
  11.538   45.212    0.577
  12.655   46.441    1.271
  11.530   46.864    0.000
   5.556   48.509    4.377
   6.674   49.738    5.071
   6.493   48.432    5.340
  21.568   25.752   20.128
  21.094   26.954   20.518
  19.787   27.113   21.038
  19.296   28.360   21.442
  20.094   29.493   21.341
  22.042   24.549   19.738
  23.349   24.391   19.219
  19.761   29.669   22.472
  19.136   29.961   20.809
  20.753   30.452   21.262
  24.307   23.922   19.750
  23.681   24.215   18.088
  23.125   23.644   19.172
   5.664   46.784   21.318
   5.666   45.443   21.473
   4.475   44.680   21.419
   4.477   43.290   21.580
   5.670   42.612   21.799
   5.662   48.125   21.163
   6.853   48.888   21.216
   5.279   41.906   20.922
   5.069   42.111   22.698
   6.664   42.031   21.984
   7.454   49.389   20.318
   7.243   49.594   22.093
   6.355   49.477   21.090
  11.056   34.977   34.342
   9.848   34.387   34.221
   9.713   33.003   33.956
   8.461   32.391   33.831
   7.298   33.140   33.967
  12.264   35.568   34.463
  12.399   36.952   34.728
   6.979   32.268   34.714
   6.991   32.606   32.946
   6.315   33.756   34.078
  12.707   37.485   35.749
  12.718   37.823   33.981
  13.159   36.775   34.699
  35.635   36.177   32.311
  35.730   37.468   31.926
  36.785   38.305   32.361
  36.883   39.643   31.962
  35.929   40.192   31.114
  35.541   34.887   32.696
  34.486   34.050   32.261
  36.880   40.567   30.500
  35.899   41.064   31.925
  35.136   40.666   30.402
  34.517   33.178   31.450
  33.536   33.675   32.875
  34.862   33.526   32.703
  31.827   27.861   36.960
  31.611   27.132   38.076
  30.564   27.434   38.978
  30.340   26.679   40.135
  31.156   25.594   40.432
  32.043   28.589   35.844
  33.091   28.287   34.942
  30.121   25.024   40.585
  31.226   26.107   41.505
  31.833   24.682   40.693
  33.021   27.775   33.868
  34.125   28.858   34.789
  32.800   28.905   34.564
  20.206   11.545   47.268
  19.788   10.448   46.602
  20.645    9.724   45.739
  20.213    8.585   45.048
  18.908    8.131   45.195
  20.623   12.643   47.935
  19.766   13.367   48.797
  19.434    7.078   45.384
  18.918    8.112   44.004
  17.816    7.739   45.309
  19.756   13.386   49.989
  19.240   14.420   48.608
  20.405   13.807   48.888
  42.168   30.766   23.630
  41.339   29.711   23.772
  41.811   28.377   23.740
  40.951   27.282   23.887
  39.588   27.482   24.071
  42.997   31.822   23.488
  42.526   33.156   23.520
  39.732   26.724   24.980
  39.485   26.679   23.197
  38.443   27.635   24.227
  42.629   33.959   24.394
  42.382   33.914   22.612
  43.283   33.314   23.411
  28.562   15.963   27.837
  28.543   17.256   28.222
  29.668   17.880   28.812
  29.648   19.221   29.212
  28.502   19.987   29.036
  28.582   14.669   27.451
  27.457   14.045   26.862
  29.257   20.770   28.549
  28.677   20.275   30.179
  27.547   20.641   28.895
  27.282   13.757   25.719
  26.702   13.262   27.349
  27.938   13.431   26.847
  18.237   36.678    7.025
  18.574   36.573    5.722
  19.629   37.329    5.158
  19.979   37.220    3.807
  19.287   36.352    2.972
  17.899   36.783    8.328
  16.844   36.028    8.893
  20.378   35.986    2.662
  19.219   37.302    2.256
  18.714   35.627    2.260
  16.912   35.078    9.609
  15.753   36.393    9.202
  17.055   36.414    9.538
  23.965   17.381   20.429
  23.448   18.595   20.714
  22.065   18.869   20.595
  21.529   20.128   20.891
  22.358   21.159   21.315
  24.481   16.167   20.144
  25.865   15.894   20.263
  21.548   21.278   22.181
  21.795   21.784   20.472
  23.042   22.033   21.673
  26.428   15.268   21.106
  26.674   15.774   19.397
  25.637   15.187   20.021
  42.302   25.025   41.804
  42.620   24.409   40.645
  43.938   24.415   40.130
  44.269   23.777   38.929
  43.293   23.109   38.200
  41.984   25.641   42.962
  40.666   25.635   43.477
  44.090   22.223   38.191
  43.729   23.737   37.287
  42.483   22.545   37.578
  40.229   25.006   44.391
  39.868   26.520   43.486
  41.000   26.054   44.045
  44.495    3.343    3.724
  45.589    2.560    3.840
  45.551    1.173    3.564
  46.686    0.361    3.683
  47.899    0.909    4.083
  43.401    4.125    3.609
  43.439    5.513    3.885
  48.325    0.329    3.133
  47.907   -0.001    4.853
  48.923    1.355    4.418
  43.430    6.423    3.116
  43.013    6.092    4.835
  42.683    5.463    3.692
  40.112   12.598    0.872
  40.611   11.346    0.951
  41.532   10.845   -0.000
  42.050    9.547    0.082
  41.665    8.703    1.117
  39.612   13.850    0.793
  38.692   14.351    1.744
  42.838    8.532    1.238
  41.472    7.924    0.236
  41.351    7.985    1.980
  38.885   15.130    2.624
  37.519   14.522    1.622
  38.738   14.988    1.295
  42.417   39.616   12.242
  43.409   38.825   12.703
  44.738   39.292   12.839
  45.767   38.472   13.317
  45.505   37.156   13.677
  41.424   40.406   11.780
  40.096   39.939   11.644
  46.090   37.448   14.673
  46.449   36.917   12.991
  45.298   36.050   13.982
  39.151   40.178   12.330
  39.510   39.647   10.648
  39.978   40.668   11.389
   8.671   30.482   41.326
   7.475   30.977   41.709
   7.360   31.970   42.711
   6.120   32.483   43.108
   4.950   32.021   42.518
   9.867   29.987   40.943
   9.982   28.994   39.942
   4.711   33.182   42.388
   4.584   31.900   43.646
   3.960   31.642   42.032
  10.348   29.115   38.815
  10.221   27.833   40.072
  10.743   29.073   40.100
  13.380    6.409   20.894
  13.940    6.600   19.681
  15.250    7.114   19.531
  15.830    7.312   18.272
  15.120    7.003   17.118
  12.821    6.217   22.108
  11.511    5.703   22.258
  16.116    6.422   16.818
  15.455    8.095   16.777
  14.536    6.748   16.142
  11.177    4.612   22.599
  10.515    6.285   22.558
  11.679    5.788   23.016
  27.795   30.890   19.889
  28.063   31.719   20.920
  28.218   33.114   20.740
  28.495   33.974   21.809
  28.627   33.469   23.097
  27.528   30.060   18.857
  27.373   28.665   19.038
  27.866   34.343   23.377
  29.631   34.111   23.106
  28.740   33.059   24.183
  26.369   28.023   19.029
  28.133   27.792   18.758
  27.257   28.686   18.265
  45.164   26.049   20.565
  44.932   27.033   19.670
  45.891   28.036   19.392
  45.650   29.055   18.463
  44.442   29.109   17.780
  45.397   25.066   21.460
  44.438   24.063   21.738
  45.139   29.223   16.820
  44.445   30.249   18.126
  43.432   29.165   17.199
  44.435   22.923   21.391
  43.741   23.948   22.698
  44.994   23.816   22.227
  22.062    5.590   12.894
  20.780    5.279   12.611
  20.402    3.992   12.160
  19.072    3.669   11.865
  18.072    4.622   12.012
  23.345    5.901   13.178
  23.723    7.188   13.629
  17.517    3.757   12.615
  17.766    4.281   10.912
  17.222    5.412   12.130
  24.028    7.528   14.730
  24.278    8.052   13.026
  24.432    6.862   13.633
  23.873   37.256    0.678
  22.988   38.054    1.314
  22.343   39.130    0.660
  21.426   39.957    1.320
  21.122   39.737    2.658
  24.757   36.459    0.041
  25.402   35.383    0.695
  19.994   39.806    2.278
  21.335   40.905    2.763
  20.857   39.564    3.780
  25.189   34.215    0.590
  26.530   35.314    1.075
  25.731   35.292   -0.007
  32.832   21.111   41.050
  32.587   22.127   40.195
  33.561   22.589   39.279
  33.306   23.642   38.393
  32.068   24.272   38.392
  33.078   20.095   41.904
  32.104   19.634   42.821
  32.123   24.093   37.215
  32.720   25.268   38.441
  31.033   24.810   38.380
  31.452   18.638   42.772
  32.048   19.813   43.998
  32.676   19.140   43.016
  32.189   18.296   40.264
  31.593   19.506   40.199
  30.672   19.942   41.180
  30.054   21.197   41.112
  30.336   22.060   40.060
  32.784   17.086   40.330
  33.706   16.649   39.349
  30.501   22.857   40.930
  29.150   22.141   39.980
  30.564   22.794   39.183
  34.892   16.568   39.429
  33.541   15.852   38.479
  33.724   16.013   39.802
  33.269    9.784   14.029
  34.490    9.306   14.352
  35.186    8.401   13.517
  36.452    7.906   13.852
  37.067    8.298   15.035
  32.048   10.261   13.706
  31.352   11.167   14.541
  38.001    8.511   14.326
  37.233    7.128   15.185
  37.594    8.619   16.024
  31.186   12.337   14.392
  30.418   10.954   15.250
  30.817   11.112   13.975
  28.839   39.162   10.483
  30.096   39.099    9.995
  30.520   39.901    8.909
  31.824   39.835    8.402
  32.750   38.965    8.964
  27.582   39.225   10.971
  27.158   38.423   12.057
  33.450   39.929    8.982
  32.939   38.643    7.832
  33.537   38.239    9.425
  26.970   38.745   13.189
  26.458   37.459   12.038
  26.485   38.800   11.935
  43.955   30.432   37.440
  45.300   30.453   37.560
  46.141   29.708   36.699
  47.535   29.730   36.824
  48.138   30.497   37.813
  42.611   30.411   37.320
  41.769   31.155   38.181
  48.814   30.890   36.914
  48.735   29.493   38.046
  48.657   31.137   38.639
  41.172   32.159   37.948
  41.093   30.762   39.079
  41.211   30.830   37.741
  24.181   43.945   12.693
  25.348   44.610   12.832
  25.787   45.102   14.084
  26.997   45.791   14.227
  27.811   46.015   13.124
  23.015   43.280   12.555
  22.575   42.789   11.303
  28.667   45.583   13.831
  27.817   47.139   13.519
  28.503   46.209   12.206
  22.569   41.665   10.907
  21.719   43.221   10.595
  21.970   42.544   11.731
   3.399   33.171   25.265
   3.882   34.399   25.549
   5.271   34.654   25.646
   5.773   35.928   25.941
   4.904   36.992   26.149
   2.915   31.943   24.981
   1.527   31.688   24.884
   5.611   37.553   25.371
   5.559   37.166   27.129
   4.185   37.893   26.326
   0.871   31.514   23.904
   0.819   31.127   25.661
   1.778   30.965   24.732
   7.606   40.361   39.527
   7.087   39.652   40.552
   6.508   40.280   41.680
   5.970   39.545   42.743
   5.991   38.157   42.716
   8.125   41.070   38.501
   8.704   40.442   37.373
   4.838   38.263   42.996
   6.441   38.271   43.813
   6.002   36.990   42.706
   8.253   40.327   36.275
   9.857   40.335   37.093
   8.813   41.182   37.150
   9.614   22.656   31.550
   8.450   23.259   31.227
   7.245   22.533   31.081
   6.038   23.158   30.747
   5.993   24.532   30.546
  10.778   22.053   31.872
  11.984   22.779   32.018
   5.064   24.480   31.290
   5.422   24.237   29.543
   5.942   25.685   30.375
  12.555   23.075   33.022
  12.913   22.832   31.274
  12.268   22.069   32.176
   8.005   36.584   41.442
   8.854   35.687   41.986
  10.116   36.067   42.501
  10.997   35.137   43.066
  10.648   33.794   43.136
   7.155   37.481   40.898
   5.893   37.102   40.382
  10.983   33.899   44.274
  11.726   33.622   42.658
  10.367   32.664   43.200
   4.815   37.273   40.860
   5.558   36.996   39.244
   5.845   37.866   40.229
  13.513   38.978   28.470
  13.150   38.044   29.375
  13.922   37.779   30.531
  13.546   36.811   31.469
  12.384   36.072   31.284
  13.875   39.912   27.566
  13.103   40.176   26.410
  12.161   36.384   32.413
  13.096   35.141   31.505
  11.411   35.444   31.142
  12.392   41.106   26.189
  13.326   39.864   25.281
  13.670   40.698   26.280
  30.145   30.985   39.318
  31.357   31.393   38.885
  31.578   31.799   37.547
  32.835   32.222   37.098
  33.916   32.254   37.971
  28.933   30.578   39.751
  28.712   30.172   41.088
  34.060   33.357   37.544
  34.471   31.662   37.098
  34.831   32.285   38.692
  28.157   30.763   41.961
  28.567   29.069   41.515
  27.985   30.066   40.824
  35.474   15.229   23.236
  36.633   15.830   23.577
  36.812   17.230   23.470
  38.015   17.854   23.823
  39.082   17.100   24.296
  34.314   14.628   22.896
  34.135   13.228   23.003
  39.103   17.914   25.166
  39.704   17.709   23.482
  39.985   16.479   24.694
  33.513   12.619   23.817
  34.114   12.414   22.132
  33.426   13.405   22.728
  21.117   12.054   18.537
  21.563   13.323   18.424
  20.687   14.433   18.471
  21.150   15.750   18.355
  22.506   16.002   18.188
  20.670   10.785   18.649
  21.546    9.675   18.602
  22.338   16.778   19.076
  22.134   16.692   17.290
  23.641   16.229   18.047
  21.918    8.985   19.500
  21.714    8.899   17.713
  20.879    9.280   18.697
  30.421   34.536   33.272
  29.112   34.317   33.026
  28.579   33.011   32.911
  27.221   32.783   32.656
  26.348   33.854   32.507
  31.730   34.755   33.518
  32.263   36.061   33.633
  25.683   33.252   33.292
  26.012   33.274   31.522
  25.604   34.743   32.380
  32.600   36.641   34.618
  32.929   36.663   32.848
  32.926   35.665   33.751
  48.541   46.673   46.535
  48.740   46.899   45.219
  47.948   47.815   44.488
  48.154   48.050   43.123
  49.160   47.377   42.441
  48.342   46.447   47.851
  49.134   45.530   48.583
  49.450   48.467   42.057
  48.294   47.147   41.655
  50.000   46.818   41.856
  50.000   45.760   49.368
  48.844   44.440   48.967
  48.670   45.759   49.167
  18.215   38.099   49.238
  18.243   39.382   48.821
  18.036   40.465   49.708
  18.066   41.796   49.276
  18.303   42.092   47.939
  18.186   36.815   49.656
  18.393   35.733   48.768
  19.107   42.850   48.385
  17.339   42.782   48.055
  18.502   42.355   46.821
  19.358   35.043   48.651
  17.589   34.975   48.322
  18.288   35.317   49.420
  42.417   15.981    9.482
  43.762   16.091    9.459
  44.497   16.044    8.250
  45.892   16.157    8.226
  46.602   16.322    9.409
  41.071   15.872    9.505
  40.336   15.919   10.714
  47.121   17.219    8.821
  47.269   15.433    8.981
  47.210   16.461   10.395
  39.669   16.809   11.142
  39.817   15.022   11.302
  39.733   15.825   10.226
  15.129    9.392   38.647
  14.801   10.572   38.078
  13.482   10.859   37.654
  13.142   12.082   37.064
  14.108   13.062   36.878
  15.457    8.213   39.216
  16.776    7.926   39.641
  13.301   13.772   37.392
  13.677   13.094   35.768
  14.910   13.894   36.716
  17.207    7.894   40.751
  17.583    7.216   39.127
  16.448    7.248   39.848
  21.314   43.403   34.260
  20.823   42.555   33.332
  19.482   42.104   33.363
  18.973   41.224   32.400
  19.786   40.764   31.372
  21.805   44.251   35.189
  23.146   44.702   35.158
  18.876   41.096   30.678
  19.370   39.696   31.696
  20.458   40.370   30.504
  23.563   45.771   34.834
  24.057   44.371   35.852
  22.920   45.088   35.798
  10.858   39.265   47.952
  10.009   38.220   47.858
  10.193   37.187   46.910
   9.312   36.103   46.813
   8.215   36.014   47.661
  11.708   40.311   48.045
  11.523   41.344   48.994
   8.608   34.904   47.840
   7.614   35.818   46.651
   7.291   35.927   48.367
  12.125   41.540   50.004
  11.130   42.455   48.815
  12.174   41.620   48.662
  29.409   33.782   18.423
  30.261   32.740   18.321
  30.303   31.916   17.171
  31.187   30.835   17.065
  32.061   30.541   18.104
  28.556   34.824   18.526
  28.514   35.648   19.675
  32.878   30.517   17.238
  31.641   29.434   17.970
  32.799   30.283   18.969
  28.934   36.756   19.809
  27.697   35.672   20.542
  27.956   36.009   19.265
  12.133   41.302   34.308
  12.535   42.588   34.393
  13.508   43.129   33.518
  13.925   44.463   33.606
  13.384   45.303   34.571
  11.731   40.016   34.223
  10.759   39.476   35.098
  13.225   46.043   33.651
  14.525   45.561   34.799
  12.938   46.019   35.376
   9.618   39.217   34.870
  10.918   38.735   36.018
  10.892   38.832   34.676
  33.940   22.198    6.461
  35.237   21.828    6.513
  35.823   21.004    5.522
  37.168   20.620    5.576
  37.976   21.045    6.623
  32.643   22.569    6.408
  32.058   23.393    7.399
  38.724   21.354    5.749
  38.268   19.892    6.695
  38.665   21.395    7.497
  31.766   24.546    7.328
  31.310   23.084    8.274
  31.425   23.300    6.951
  41.608   42.559   42.566
  41.535   43.426   41.534
  41.347   44.815   41.733
  41.271   45.714   40.663
  41.382   45.258   39.355
  41.680   41.691   43.598
  41.869   40.303   43.398
  42.179   46.137   39.253
  40.396   45.905   39.184
  41.473   44.888   38.253
  42.855   39.656   43.570
  41.071   39.424   43.501
  41.839   40.295   44.179
  28.488   41.337   31.043
  29.785   40.984   31.166
  30.806   41.598   30.402
  32.151   41.231   30.529
  32.523   40.237   31.426
  27.191   41.691   30.919
  26.171   41.077   31.684
  33.333   41.038   31.776
  33.117   39.797   30.491
  32.850   39.404   32.174
  25.577   41.517   32.619
  25.361   40.276   31.333
  25.719   41.572   31.282
  19.462   14.821   22.850
  20.050   14.062   23.800
  20.940   13.012   23.475
  21.550   12.225   24.459
  21.292   12.461   25.803
  18.873   15.580   21.901
  17.983   16.631   22.226
  22.479   12.437   25.902
  21.097   11.286   25.838
  21.084   12.648   26.935
  18.178   17.806   22.191
  16.796   16.654   22.128
  17.956   16.706   21.449
   3.926   14.309   10.863
   5.245   14.231   10.582
   5.854   13.021   10.173
   7.221   12.940    9.881
   8.027   14.066    9.989
   2.608   14.387   11.143
   1.999   15.597   11.553
   8.391   13.750    8.899
   8.733   13.341   10.618
   8.716   15.004   10.075
   1.294   16.323   10.923
   1.635   15.913   12.642
   1.362   15.146   11.572
  28.714   11.544   17.573
  30.043   11.375   17.411
  30.641   10.093   17.410
  32.020    9.917   17.242
  32.850   11.018   17.068
  27.384   11.714   17.735
  26.786   12.996   17.735
  33.267   10.394   16.143
  33.498   10.501   17.925
  33.558   11.933   16.922
  26.138   13.513   16.879
  26.369   13.620   18.661
  26.136   12.576   17.844
   3.184   26.102   38.774
   4.084   26.722   37.981
   5.455   26.802   38.321
   6.387   27.445   37.499
   5.982   28.032   36.307
   2.285   25.481   39.567
   0.914   25.402   39.227
   6.897   27.423   35.846
   6.592   28.972   36.713
   5.655   28.529   35.304
   0.303   24.462   38.821
  -0.001   26.011   39.687
   0.878   25.015   39.905
  33.108   13.678   25.757
  33.090   15.012   25.550
  34.176   15.693   24.950
  34.157   17.076   24.735
  33.052   17.828   25.112
  33.126   12.345   25.965
  32.040   11.664   26.564
  33.135   18.265   24.006
  33.866   18.527   25.630
  32.130   18.471   25.423
  31.225   10.965   26.046
  31.957   11.227   27.670
  32.505   11.046   26.455
  25.988   23.944   25.447
  25.922   24.801   24.406
  24.761   24.923   23.607
  24.693   25.811   22.527
  25.784   26.609   22.208
  26.053   23.087   26.489
  27.215   22.965   27.287
  24.977   27.485   22.201
  25.596   26.200   21.105
  26.693   27.285   21.929
  27.403   23.375   28.390
  28.022   22.089   27.294
  26.775   22.437   27.658
  32.009    2.978   30.572
  31.335    4.033   31.076
  30.235    3.872   31.952
  29.536    4.966   32.475
  29.913    6.261   32.142
  32.682    1.922   30.067
  33.782    2.084   29.191
  29.870    6.438   33.319
  28.752    6.399   31.909
  30.218    7.354   31.870
  34.942    1.946   29.424
  33.825    1.907   28.013
  33.779    1.303   29.215
  20.278   24.150   36.037
  21.453   23.626   36.446
  21.723   22.238   36.369
  22.942   21.695   36.793
  23.934   22.519   37.308
  19.103   24.674   35.628
  18.833   26.061   35.705
  24.634   21.941   36.537
  23.960   21.718   38.190
  24.776   23.200   37.743
  18.808   26.862   34.823
  18.133   26.639   36.477
  18.152   25.837   35.397
  19.785   10.712   30.104
  20.038   11.970   30.524
  21.308   12.356   31.016
  21.570   13.660   31.452
  20.572   14.626   31.410
  19.533    9.454   29.685
  18.263    9.069   29.193
  21.408   15.281   30.872
  20.901   14.827   32.538
  19.743   15.446   31.381
  17.934    8.867   28.065
  17.426    8.413   29.731
  18.621    8.379   29.114
  16.672   45.991   39.385
  17.775   46.673   39.759
  18.798   46.078   40.535
  19.942   46.786   40.923
  20.104   48.114   40.549
  15.569   45.308   39.011
  14.546   45.903   38.236
  21.183   47.749   40.199
  20.347   48.274   41.704
  20.252   49.230   40.242
  14.302   45.743   37.081
  13.467   46.268   38.586
  14.226   45.194   38.306
  25.475   11.150    8.987
  25.815   12.456    9.022
  24.842   13.483    9.044
  25.194   14.838    9.081
  26.531   15.213    9.097
  25.136    9.843    8.951
  26.109    8.816    8.929
  26.194   15.896   10.013
  26.202   15.943    8.214
  27.650   15.542    9.110
  26.438    8.086    9.812
  26.446    8.133    8.012
  25.474    8.361    8.914
  29.971   26.677   36.668
  30.502   25.524   36.207
  29.934   24.264   36.511
  30.484   23.068   36.033
  31.621   23.090   35.235
  29.441   27.830   37.128
  30.008   29.090   36.825
  30.981   22.375   34.529
  32.014   22.264   35.998
  32.575   23.094   34.564
  29.615   29.917   36.062
  30.649   29.805   37.531
  29.414   29.344   37.262
  16.094   14.909   17.467
  15.743   16.067   18.066
  15.756   16.217   19.473
  15.392   17.418   20.094
  15.002   18.511   19.330
  16.446   13.751   16.868
  16.433   13.601   15.461
  15.787   19.099   20.007
  14.077   18.542   20.081
  14.673   19.436   18.701
  17.358   13.570   14.710
  15.648   13.013   14.784
  16.676   12.881   15.642
  19.207   25.297   25.685
  18.721   26.497   26.064
  19.548   27.640   26.179
  19.044   28.885   26.572
  17.694   29.033   26.865
  19.694   24.096   25.306
  18.866   22.954   25.191
  17.771   29.969   26.133
  18.099   29.559   27.854
  16.563   29.170   27.113
  18.461   22.427   24.202
  18.789   22.017   25.924
  19.540   22.618   24.983
  34.457   31.560    8.279
  33.478   32.367    7.817
  33.563   33.776    7.906
  32.548   34.612    7.427
  31.411   34.069    6.841
  35.436   30.754    8.742
  35.352   29.344    8.653
  31.640   34.855    5.975
  30.836   34.801    7.585
  30.452   33.626    6.348
  35.927   28.612    7.909
  35.123   28.558    9.519
  36.049   29.387    9.002
  45.059    2.146   36.617
  43.956    1.814   35.913
  43.028    2.785   35.470
  41.884    2.441   34.740
  41.627    1.112   34.428
  46.163    2.478   37.320
  47.091    1.506   37.763
  41.468    1.537   33.326
  40.544    1.355   34.860
  41.400    0.000   34.158
  48.174    1.264   37.331
  47.251    1.081   38.865
  47.450    2.136   38.054
  25.986   13.746    6.672
  27.159   14.136    7.215
  28.137   13.205    7.637
  29.354   13.610    8.200
  29.635   14.961    8.361
  24.814   13.355    6.129
  23.835   14.287    5.708
  30.665   14.676    7.833
  29.920   14.635    9.472
  29.884   16.091    8.502
  23.550   14.612    4.597
  22.806   14.571    6.235
  23.450   13.635    5.516
  23.636   33.171   14.488
  23.629   34.500   14.251
  22.477   35.293   14.465
  22.469   36.672   14.220
  23.612   37.306   13.751
  23.644   31.842   14.725
  24.796   31.049   14.511
  23.393   38.072   14.637
  22.868   37.767   12.942
  24.565   37.851   13.357
  25.540   30.588   15.319
  25.015   30.282   13.625
  24.321   30.481   14.760
  21.093   44.348   21.702
  22.014   43.549   22.282
  22.883   44.019   23.295
  23.838   43.191   23.896
  23.958   41.863   23.506
  20.172   45.147   21.122
  19.303   44.677   20.109
  23.916   41.650   24.678
  25.117   42.127   23.425
  24.070   40.747   23.188
  18.143   44.413   20.190
  19.345   44.890   18.937
  19.042   45.413   20.139
   2.947    5.092   36.851
   2.370    6.247   36.458
   1.282    6.272   35.554
   0.683    7.470   35.147
   1.150    8.686   35.629
   3.525    3.936   37.244
   4.613    3.912   38.149
  -0.001    8.889   35.859
   1.149    8.995   34.478
   1.533    9.713   36.026
   4.614    3.602   39.299
   5.764    3.708   37.919
   4.550    3.141   38.037
  24.661   35.339    5.985
  25.115   36.099    4.966
  24.246   36.648    3.994
  24.717   37.436    2.937
  26.074   37.703    2.814
  24.207   34.579    7.004
  25.077   34.030    7.976
  25.710   38.831    2.698
  25.908   37.355    1.686
  27.212   37.934    2.699
  25.243   34.377    9.104
  25.441   32.901    8.092
  24.407   33.745    8.260
  41.993    3.607   37.539
  42.835    4.661   37.579
  42.371    5.995   37.494
  43.245    7.088   37.535
  44.613    6.887   37.664
  41.151    2.552   37.499
  41.615    1.218   37.585
  44.520    7.697   38.533
  44.679    7.637   36.741
  45.764    6.732   37.771
  41.549    0.467   38.508
  41.708    0.408   36.716
  40.852    1.061   37.522
  17.245   35.851   23.547
  16.081   35.291   23.939
  14.972   36.072   24.344
  13.765   35.492   24.750
  13.622   34.111   24.766
  18.410   36.410   23.155
  19.518   35.629   22.750
  12.617   34.338   24.169
  13.208   34.296   25.868
  13.489   32.952   24.784
  19.932   35.443   21.649
  20.524   35.402   23.348
  19.843   36.332   22.654
  46.317   22.698   37.944
  46.607   21.472   38.429
  46.505   20.307   37.632
  46.807   19.036   38.134
  47.221   18.884   39.451
  46.026   23.924   37.460
  46.128   25.089   38.257
  48.097   18.238   38.965
  46.384   18.036   39.480
  47.570   18.742   40.555
  46.965   25.937   38.228
  45.253   25.734   38.743
  45.889   25.433   37.597
   8.882   43.774    5.093
  10.044   43.822    5.778
  10.925   44.925    5.684
  12.130   44.975    6.395
  12.497   43.923    7.225
   7.720   43.726    4.407
   6.838   42.623    4.501
  12.689   44.790    8.021
  13.534   43.996    6.643
  12.817   43.047    7.926
   5.801   42.550    5.083
   6.646   41.757    3.706
   6.420   43.050    3.999
  36.501   24.600   33.295
  37.553   23.755   33.360
  38.795   24.054   32.752
  39.885   23.179   32.820
  39.772   21.972   33.499
  35.450   25.444   33.229
  34.208   25.145   33.837
  40.787   22.318   34.018
  40.238   21.516   32.502
  39.690   20.956   34.066
  33.742   25.601   34.835
  33.192   24.799   33.319
  34.015   25.840   33.539
  33.511   14.948   11.460
  33.624   13.906   10.608
  34.644   13.845    9.629
  34.760   12.764    8.747
  33.862   11.707    8.811
  33.398   15.989   12.311
  32.379   16.051   13.290
  34.848   11.038    8.808
  33.773   11.881    7.636
  33.114   10.813    8.855
  32.467   15.878   14.466
  31.392   16.720   13.293
  32.727   16.730   13.458
  44.775   13.924   10.993
  44.774   13.987   12.341
  45.874   14.500   13.069
  45.873   14.564   14.467
  44.772   14.118   15.188
  44.775   13.862    9.644
  43.676   13.349    8.916
  44.871   15.170   15.740
  45.590   13.521   15.817
  43.855   13.747   15.805
  42.858   13.946    8.288
  43.577   12.297    8.364
  44.134   13.520    8.308
  38.444   44.837   22.991
  38.186   43.544   22.698
  36.889   42.992   22.820
  36.621   41.652   22.516
  37.641   40.816   22.079
  38.701   46.129   23.284
  39.998   46.682   23.161
  36.868   40.539   21.216
  37.224   40.082   22.920
  38.488   40.104   21.711
  40.416   47.416   22.320
  40.772   46.958   24.025
  39.632   47.325   23.410
  18.815   20.341   13.469
  19.606   19.271   13.697
  19.079   18.024   14.107
  19.900   16.914   14.344
  21.276   17.012   14.179
  18.024   21.411   13.241
  18.550   22.659   12.831
  21.139   16.018   13.537
  21.310   16.512   15.259
  22.432   17.081   14.044
  18.516   23.160   11.750
  18.687   23.654   13.472
  17.797   22.863   12.847
  17.747   28.321    4.207
  17.901   28.470    5.540
  19.052   28.005    6.219
  19.212   28.159    7.601
  18.226   28.784    8.354
  17.594   28.173    2.874
  16.442   28.638    2.196
  19.139   29.416    8.786
  18.338   27.827    9.056
  17.406   29.307    8.998
  16.331   29.595    1.494
  15.529   28.006    1.764
  16.818   28.344    1.577
   2.108   19.098   11.036
   3.284   18.475   10.807
   3.528   17.152   11.244
   4.747   16.505   11.007
   5.765   17.159   10.324
   0.933   19.722   11.264
   0.688   21.045   10.827
   5.798   16.159    9.678
   6.437   16.791   11.237
   6.628   17.697    9.753
   0.017   21.413    9.914
   0.655   22.046   11.474
  -0.004   20.915   11.164
  26.319   17.804   43.697
  25.447   17.833   44.727
  24.081   17.501   44.563
  23.176   17.532   45.631
  23.605   17.895   46.901
  27.192   17.774   42.667
  28.557   18.106   42.832
  23.037   16.902   47.235
  22.663   18.624   46.869
  23.952   18.198   47.972
  29.500   17.377   42.864
  29.125   19.099   42.498
  28.578   17.948   42.067
  43.878   25.729   44.971
  43.473   24.447   44.846
  42.120   24.069   45.012
  41.700   22.740   44.882
  42.618   21.741   44.583
  44.283   27.011   45.096
  45.637   27.389   44.931
  41.824   21.442   43.746
  42.112   21.180   45.504
  43.378   20.894   44.331
  46.143   27.951   44.010
  46.431   27.688   45.767
  45.347   28.098   45.084
  38.512   22.971   16.453
  39.051   23.567   17.538
  40.332   23.219   18.026
  40.891   23.838   19.151
  40.188   24.826   19.828
  37.973   22.375   15.368
  36.691   22.723   14.880
  41.209   25.435   19.733
  40.465   24.182   20.791
  39.609   25.658   20.405
  36.414   23.367   13.917
  35.671   22.115   14.975
  36.861   22.175   14.350
  42.532    2.351   31.581
  43.852    2.133   31.766
  44.389    0.828   31.869
  45.758    0.602   32.060
  46.637    1.673   32.157
  41.213    2.569   31.396
  40.675    3.874   31.294
  47.264    1.063   31.347
  47.020    1.102   33.130
  47.386    2.563   32.239
  40.292    4.444   30.321
  40.049    4.484   32.104
  40.008    3.477   31.212
  28.849   46.118   41.967
  29.730   45.200   42.421
  30.985   45.569   42.960
  31.898   44.618   43.430
  31.589   43.264   43.378
  27.968   47.035   41.514
  26.713   46.666   40.974
  31.932   43.275   44.519
  32.667   43.170   42.879
  31.342   42.125   43.340
  25.634   46.761   41.473
  26.370   46.656   39.833
  26.640   47.440   40.893
   6.879   13.859   29.980
   5.979   13.451   29.061
   5.112   12.357   29.295
   4.178   11.934   28.342
   4.077   12.589   27.121
   7.780   14.267   30.900
   8.647   15.361   30.666
   2.913   12.606   27.373
   4.136   11.487   26.672
   3.983   13.130   26.092
   8.588   16.463   31.115
   9.811   15.344   30.414
   8.894   15.181   31.385
  41.815    7.090   46.977
  41.785    8.440   46.972
  42.961    9.216   47.101
  42.930   10.616   47.096
  41.723   11.289   46.962
  41.844    5.740   46.982
  40.668    4.964   46.852
  42.306   11.899   46.120
  42.107   11.901   47.909
  40.716   11.867   46.849
  40.284    4.352   45.905
  40.085    4.354   47.694
  41.178    4.375   46.910
  24.424   16.379    6.231
  24.137   16.304    7.548
  22.953   16.859    8.090
  22.656   16.781    9.456
  23.531   16.147   10.328
  24.711   16.454    4.914
  25.895   15.899    4.371
  22.549   15.582   10.697
  23.405   17.141   10.972
  24.257   15.617   11.071
  26.021   14.905    3.727
  26.877   16.464    4.003
  25.595   16.181    3.707
  37.482   46.831   29.824
  36.305   47.456   29.610
  36.220   48.665   28.879
  34.999   49.313   28.657
  33.820   48.776   29.157
  38.660   46.206   30.038
  38.745   44.997   30.769
  33.424   48.945   28.046
  33.643   49.880   29.568
  32.823   48.335   29.571
  38.921   43.893   30.358
  39.141   44.828   31.880
  39.505   45.079   30.610
  43.806   30.216   11.966
  44.933   30.836   11.558
  44.903   31.938   10.671
  46.072   32.582   10.248
  47.313   32.146   10.697
  42.678   29.595   12.375
  42.708   28.493   13.262
  47.485   33.300   10.941
  47.596   32.175    9.540
  48.361   31.791   11.066
  42.424   28.464   14.419
  42.536   27.339   13.017
  41.934   28.533   13.168
  26.470   48.882   42.545
  25.404   48.303   43.137
  25.105   48.503   44.505
  23.999   47.903   45.119
  23.152   47.081   44.386
  27.537   49.461   41.953
  27.835   49.260   40.585
  22.295   47.754   44.868
  23.307   46.329   45.297
  22.434   46.389   43.782
  27.681   50.013   39.674
  28.693   48.587   40.103
  28.432   49.735   40.755
  24.100   21.229   17.201
  23.257   22.281   17.129
  23.240   23.154   16.016
  22.365   24.245   15.942
  21.477   24.501   16.979
  24.944   20.177   17.272
  24.961   19.304   18.385
  20.674   24.568   16.101
  21.906   25.610   16.899
  20.726   24.728   17.842
  24.532   18.195   18.465
  25.764   19.237   19.263
  25.524   18.957   17.969
  15.271   20.067    6.360
  15.857   19.089    7.082
  15.537   17.723    6.895
  16.145   16.709    7.644
  17.096   17.024    8.607
  14.684   21.045    5.637
  15.005   22.411    5.825
  17.737   16.179    8.063
  16.438   16.314    9.302
  17.895   17.274    9.418
  15.663   23.120    5.130
  14.364   23.255    6.368
  14.474   22.503    5.258
  34.458   24.435   41.788
  34.606   23.293   41.082
  35.611   23.146   40.096
  35.763   21.963   39.364
  34.917   20.885   39.591
  34.311   25.576   42.494
  33.306   25.723   43.480
  35.934   20.267   39.655
  34.800   20.894   38.405
  34.213   19.972   39.771
  33.423   25.714   44.666
  32.289   26.341   43.416
  33.625   26.433   43.547
   4.391   24.573   40.006
   5.119   25.330   40.854
   5.471   26.667   40.553
   6.226   27.452   41.433
   6.655   26.928   42.646
   3.664   23.816   39.158
   3.312   22.479   39.459
   6.200   27.934   43.093
   7.714   27.359   42.308
   7.022   26.501   43.667
   2.253   22.049   39.797
   3.767   21.473   39.012
   2.966   22.524   38.760
  21.524   19.341    5.262
  20.893   20.433    4.781
  21.443   21.731    4.902
  20.789   22.863    4.403
  19.561   22.738    3.766
  22.155   18.248    5.743
  21.605   16.950    5.623
  20.076   23.407    2.924
  19.236   23.617    4.503
  18.529   22.648    3.229
  21.930   16.072    4.886
  21.090   16.282    6.464
  22.261   16.753    5.998
  28.520   45.394   47.082
  28.280   44.828   45.880
  27.111   45.114   45.136
  26.862   44.527   43.890
  27.773   43.631   43.344
  28.761   45.961   48.283
  29.929   45.674   49.027
  27.661   44.311   42.371
  26.809   42.949   43.184
  28.529   42.878   42.874
  30.893   46.357   49.187
  30.042   44.995   50.000
  29.605   46.177   49.529
   3.784   44.392   33.272
   3.223   43.876   34.387
   3.092   44.630   35.577
   2.511   44.096   36.733
   2.040   42.789   36.740
   4.344   44.907   32.157
   4.475   44.153   30.967
   1.059   43.282   37.202
   2.674   42.704   37.746
   1.641   41.693   36.760
   3.842   44.238   29.961
   5.457   43.660   30.505
   4.800   44.816   30.709
  14.994   39.586   39.253
  15.741   38.472   39.099
  15.381   37.446   38.194
  16.156   36.291   38.034
  17.320   36.121   38.775
  14.246   40.699   39.407
  14.606   41.725   40.312
  17.801   35.863   37.716
  16.856   35.050   39.014
  18.298   35.966   39.390
  15.070   42.797   40.073
  14.124   41.983   41.371
  13.951   42.050   40.039
   6.909    4.284   16.025
   6.096    5.344   16.219
   5.572    5.664   17.494
   4.728    6.763   17.695
   4.379    7.581   16.628
   7.723    3.224   15.831
   8.247    2.904   14.556
   4.703    8.460   17.365
   3.271    7.420   17.036
   4.077    8.276   15.741
   9.355    3.065   14.148
   7.923    2.026   13.820
   8.579    2.321   14.956
  46.400   29.034   47.507
  45.391   28.268   47.972
  44.846   27.204   47.214
  43.799   26.410   47.696
  43.259   26.651   48.953
  47.410   29.800   47.043
  47.954   30.864   47.801
  43.414   25.479   49.101
  42.220   26.610   48.371
  42.796   26.842   50.006
  48.993   30.905   48.383
  47.799   32.036   47.652
  48.410   30.939   47.171
  33.004    7.915    3.188
  31.825    7.885    2.531
  31.309    6.693    1.970
  30.086    6.662    1.289
  29.336    7.822    1.144
  34.183    7.945    3.845
  34.699    9.137    4.406
  28.444    7.141    1.542
  29.296    7.498   -0.002
  28.697    8.789    1.015
  34.739    9.461    5.552
  35.591    9.819    4.007
  35.281    8.660    4.617
  17.467   12.950   37.823
  16.512   12.401   38.604
  15.344   13.111   38.971
  14.353   12.541   39.780
  14.495   11.242   40.251
  18.422   13.499   37.043
  19.590   12.789   36.676
  13.385   11.109   39.837
  14.225   11.732   41.303
  14.601   10.152   40.652
  19.860   12.299   35.624
  20.700   12.922   37.089
  19.749   13.456   36.302
   7.301   11.987   12.274
   8.361   11.154   12.199
   9.680   11.634   12.020
  10.779   10.771   11.942
  10.599    9.397   12.039
   6.240   12.819   12.349
   4.921   12.339   12.528
  11.477    9.470   12.842
  11.271    9.370   11.056
  10.461    8.242   12.120
   4.249   12.366   13.511
   4.043   12.266   11.726
   4.754   13.102   12.504
  15.536   38.145    2.686
  15.061   37.774    3.895
  13.705   37.952    4.255
  13.213   37.567    5.508
  14.060   36.991    6.445
  16.010   38.516    1.478
  17.367   38.338    1.118
  13.200   36.170    6.526
  13.587   37.802    7.179
  14.761   36.506    7.242
  17.840   37.527    0.384
  18.227   39.159    1.037
  17.122   38.663    0.451
  32.051   17.088    3.318
  32.735   18.250    3.261
  33.597   18.665    4.304
  34.307   19.870    4.246
  34.180   20.704    3.143
  31.367   15.926    3.374
  30.505   15.511    2.331
  35.371   20.701    3.166
  33.998   21.548    3.964
  34.083   21.414    2.222
  30.687   14.668    1.509
  29.314   15.515    2.307
  30.402   14.898    2.803
  37.056   36.779   26.954
  37.723   37.339   27.985
  38.642   36.603   28.771
  39.334   37.184   29.840
  39.133   38.520   30.161
  36.388   36.219   25.923
  35.470   36.954   25.136
  40.324   38.567   30.150
  38.992   38.099   31.267
  38.974   39.641   30.441
  35.611   37.376   24.030
  34.279   36.908   25.147
  35.401   36.270   24.767
  36.126   45.796   20.882
  36.297   45.405   22.163
  36.512   46.335   23.208
  36.690   45.930   24.536
  36.659   44.581   24.867
  35.954   46.186   19.601
  35.739   45.256   18.556
  35.897   44.939   25.711
  37.674   44.832   25.440
  36.636   43.452   25.159
  34.725   45.005   17.983
  36.501   44.898   17.713
  35.713   45.907   18.126
  10.428   44.514   45.664
   9.631   43.712   44.926
   8.313   44.087   44.571
   7.486   43.255   43.806
   7.948   42.020   43.368
  11.225   45.315   46.402
  12.543   44.941   46.757
   7.541   42.388   42.310
   6.917   41.623   43.816
   8.322   40.981   42.994
  13.573   45.338   46.309
  12.950   44.573   47.814
  12.533   45.638   47.108
  27.845   19.653   38.602
  27.809   21.001   38.660
  28.529   21.811   37.750
  28.492   23.209   37.811
  27.733   23.847   38.783
  27.881   18.305   38.544
  27.160   17.495   39.454
  27.318   24.477   37.861
  28.734   24.467   38.972
  27.100   24.396   39.595
  26.160   16.876   39.265
  27.576   16.866   40.377
  27.485   16.921   39.035
  43.386   14.017   24.096
  42.048   13.960   23.919
  41.363   12.732   23.770
  39.976   12.673   23.586
  39.226   13.841   23.545
  44.723   14.073   24.273
  45.408   15.302   24.423
  38.539   13.274   24.336
  38.772   13.361   22.553
  38.584   14.814   23.508
  45.862   15.783   25.414
  46.095   15.869   23.631
  46.026   14.828   24.480
  42.802   39.462   17.528
  43.167   39.751   18.795
  42.669   40.885   19.479
  43.047   41.185   20.794
  43.937   40.360   21.471
  42.437   39.173   16.261
  42.935   38.039   15.577
  43.118   40.405   22.335
  44.496   41.384   21.716
  44.683   39.677   22.051
  42.376   37.016   15.332
  43.754   37.994   14.712
  42.481   38.317   15.005
  30.746   32.023   45.019
  30.355   31.124   45.948
  28.993   30.942   46.289
  28.588   30.010   47.252
  29.529   29.227   47.908
  31.137   32.921   44.091
  32.498   33.104   43.750
  28.803   28.332   47.608
  28.955   29.588   48.888
  30.309   28.564   48.467
  33.073   32.743   42.771
  33.225   33.999   44.050
  32.195   33.635   43.264
  44.654   45.264   42.761
  45.629   45.049   41.852
  46.232   46.108   41.134
  47.243   45.885   40.191
  47.687   44.594   39.933
  43.680   45.479   43.670
  43.077   44.419   44.388
  48.767   45.075   40.086
  47.525   44.905   38.795
  48.069   43.516   39.707
  43.239   44.108   45.527
  41.997   43.939   44.235
  42.669   45.006   44.703
  28.840   47.599   30.692
  29.428   46.984   31.740
  30.692   46.358   31.629
  31.302   45.720   32.716
  30.669   45.686   33.953
  28.252   48.214   29.643
  26.988   48.840   29.754
  31.723   46.066   34.357
  30.918   44.522   33.903
  30.149   45.650   34.996
  26.739   50.005   29.804
  25.934   48.460   29.349
  27.118   48.995   28.999
  20.681    1.710   15.060
  21.488    2.744   15.379
  22.898    2.646   15.305
  23.735    3.718   15.636
  23.192    4.927   16.054
  19.874    0.676   14.740
  18.465    0.774   14.815
  23.925    5.390   15.238
  23.976    4.822   16.945
  22.749    5.947   16.407
  17.680    0.878   13.924
  17.731    0.310   15.631
  18.507    0.034   14.567
  26.893   41.560   18.092
  25.997   42.336   17.445
  25.015   41.790   16.586
  24.085   42.594   15.915
  24.105   43.973   16.081
  27.790   40.785   18.738
  28.772   41.331   19.598
  22.938   43.835   16.281
  24.071   43.986   14.890
  24.110   45.132   16.211
  28.806   41.318   20.789
  29.939   41.469   19.398
  28.968   40.579   19.676
  38.202   25.927    7.458
  38.960   26.487    6.492
  39.705   25.707    5.577
  40.492   26.288    4.575
  40.561   27.670    4.452
  37.443   25.367    8.425
  36.698   26.147    9.340
  40.329   27.450    3.304
  41.737   27.479    4.426
  40.628   28.829    4.339
  35.522   26.339    9.366
  36.930   26.368   10.488
  36.496   25.443    9.612
   5.802   46.084   37.605
   6.798   46.752   36.985
   7.242   46.401   35.688
   8.275   47.093   35.045
   8.901   48.162   35.676
   4.806   45.416   38.226
   4.362   45.767   39.523
   8.696   48.722   34.645
   9.900   47.593   35.363
   9.434   49.060   36.194
   3.363   46.335   39.836
   4.567   45.206   40.554
   3.874   45.169   39.401
   0.417   23.920   33.536
   0.811   23.036   34.476
  -0.009   21.956   34.881
   0.399   21.038   35.856
   1.642   21.168   36.462
   0.023   24.805   32.595
   0.844   25.885   32.191
   1.750   20.012   36.191
   1.019   21.047   37.470
   2.683   21.265   36.979
   1.467   26.006   31.182
   0.736   27.040   32.461
   0.236   26.033   31.723
  32.649    7.202   41.160
  33.634    7.745   41.906
  34.160    7.089   43.045
  35.182    7.652   43.819
  35.714    8.890   43.482
  31.663    6.660   40.413
  31.138    7.315   39.275
  36.758    8.327   43.599
  35.528    9.138   44.633
  36.170    9.929   43.211
  31.324    7.067   38.124
  30.094    7.878   39.159
  30.691    6.675   39.245
  25.642   10.406   32.258
  25.293    9.596   31.237
  25.710    9.842   29.907
  25.348    9.002   28.848
  24.556    7.884   29.080
  25.991   11.217   33.280
  25.574   10.971   34.609
  25.395    7.320   28.449
  23.917    8.309   28.169
  23.892    6.943   29.261
  26.214   10.546   35.521
  24.736   11.535   35.241
  25.984   11.621   34.746
  36.223   19.444    8.052
  37.156   20.152    8.724
  38.484   19.689    8.874
  39.452   20.424    9.571
  39.124   21.648   10.141
  35.291   18.735    7.380
  33.962   19.198    7.230
  40.109   22.023    9.585
  39.645   21.188   11.110
  38.863   22.676   10.625
  33.442   19.658    6.261
  32.978   18.823    7.787
  33.885   18.527    6.839
  33.612    9.213   20.759
  34.949    9.300   20.922
  35.767    8.150   21.036
  37.153    8.240   21.205
  37.772    9.482   21.268
  32.274    9.127   20.595
  31.457   10.277   20.482
  38.507    9.012   20.456
  38.288    9.031   22.243
  38.304   10.518   21.322
  30.941   10.727   19.507
  30.722   10.747   21.293
  30.894    9.739   20.419
  43.873   34.724   27.582
  44.752   35.625   28.070
  46.118   35.310   28.264
  47.030   36.244   28.770
  46.609   37.526   29.099
  42.994   33.823   27.095
  41.628   34.138   26.900
  47.548   37.862   28.447
  47.183   37.312   30.121
  46.269   38.606   29.380
  41.054   34.353   25.878
  40.689   33.803   27.553
  41.602   33.398   26.652
  31.007   26.325   25.740
  32.244   26.765   25.426
  32.466   28.050   24.878
  33.749   28.506   24.552
  34.855   27.693   24.763
  29.769   25.885   26.054
  29.547   24.599   26.602
  35.302   28.661   25.297
  35.121   27.985   23.639
  35.793   27.021   24.935
  29.282   24.308   27.727
  29.101   23.632   26.069
  28.804   24.838   26.586
  22.636   43.275   19.047
  22.981   44.578   19.112
  24.096   45.095   18.411
  24.453   46.447   18.478
  23.708   47.331   19.250
  22.292   41.971   18.982
  21.177   41.454   19.683
  23.719   47.998   18.262
  24.773   47.649   19.680
  23.091   48.083   19.893
  20.112   41.135   19.253
  21.166   40.786   20.670
  21.409   40.788   19.347
  21.054   31.280   27.108
  20.937   31.946   28.276
  21.929   31.876   29.282
  21.807   32.568   30.493
  20.689   33.354   30.741
  21.171   30.613   25.940
  20.179   30.683   24.933
  21.496   34.176   31.046
  20.660   32.757   31.772
  19.756   34.017   30.963
  20.209   31.279   23.902
  19.372   29.860   24.628
  20.672   30.203   24.563
  37.538    5.516    1.890
  38.389    5.184    2.885
  38.932    3.883    3.004
  39.815    3.539    4.035
  40.185    4.484    4.984
  36.687    5.847    0.896
  36.144    7.149    0.776
  41.290    4.115    4.730
  39.896    3.628    5.760
  40.505    5.268    5.786
  36.434    8.005   -0.000
  35.040    7.518    1.030
  35.796    6.831    0.154
  15.205   29.862   25.527
  16.078   28.994   24.973
  15.651   27.909   24.171
  16.556   27.009   23.596
  17.921   27.162   23.803
  14.332   30.729   26.081
  14.759   31.814   26.883
  17.982   27.045   22.618
  17.877   26.005   24.083
  19.070   27.279   23.968
  14.804   32.972   26.602
  14.699   31.931   28.067
  13.991   31.949   26.923
  31.314   32.669    3.409
  30.000   32.575    3.115
  29.532   32.532    1.780
  28.169   32.435    1.475
  27.226   32.376    2.493
  32.628   32.763    3.704
  33.097   32.805    5.038
  26.813   31.441    1.881
  26.688   33.236    1.868
  26.424   32.326    3.338
  33.635   31.945    5.664
  33.509   33.741    5.650
  33.790   32.851    4.681
   5.981   45.796    8.079
   4.687   45.486    7.851
   3.667   46.466    7.866
   2.325   46.145    7.629
   1.955   44.831    7.369
   7.275   46.106    8.307
   8.295   45.126    8.292
   1.377   45.314    6.446
   1.133   45.033    8.207
   1.632   43.732    7.149
   9.117   44.924    7.454
   8.874   44.643    9.215
   8.744   45.744    8.453
  29.166   41.867   38.541
  30.144   42.558   37.918
  29.949   43.156   36.650
  30.964   43.872   36.004
  32.209   44.017   36.602
  28.188   41.176   39.165
  28.384   40.578   40.432
  32.057   45.169   36.341
  32.616   43.656   35.541
  33.259   44.145   37.092
  27.977   40.938   41.493
  28.536   39.426   40.693
  27.641   40.360   40.325
  45.653   24.680   29.456
  46.802   25.388   29.462
  48.070   24.759   29.451
  49.262   25.494   29.457
  49.229   26.882   29.474
  44.504   23.972   29.450
  43.236   24.600   29.461
  50.000   26.782   28.571
  50.004   26.761   30.370
  49.215   28.048   29.488
  42.460   24.721   28.564
  42.465   24.700   30.364
  42.987   23.859   29.453
  36.806   31.293   39.484
  36.739   31.205   38.138
  36.550   32.344   37.321
  36.480   32.253   35.925
  36.596   31.019   35.298
  36.873   31.381   40.829
  37.062   30.241   41.647
  37.395   31.586   34.619
  35.612   31.364   34.723
  36.693   29.990   34.758
  38.047   29.896   42.222
  36.264   29.674   42.326
  37.029   30.775   42.216
   6.484   46.481   12.206
   7.708   45.919   12.122
   7.933   44.713   11.417
   9.203   44.130   11.329
  10.293   44.733   11.944
   5.259   47.043   12.291
   5.034   48.249   12.996
  10.812   44.580   10.882
  10.484   43.641   12.382
  11.217   45.228   12.455
   4.844   49.341   12.558
   4.516   48.402   14.058
   4.300   48.126   12.759
  34.346   21.265   20.496
  35.653   21.493   20.242
  36.075   22.346   19.194
  37.430   22.582   18.931
  38.410   21.976   19.707
  33.040   21.037   20.749
  32.618   20.184   21.797
  38.851   23.080   19.781
  38.877   21.679   18.651
  39.243   21.473   20.350
  32.150   20.482   22.852
  32.176   19.080   21.723
  31.911   20.385   21.532
  27.431   39.172    5.782
  27.019   40.241    5.068
  25.674   40.395    4.657
  25.247   41.503    3.916
  26.149   42.497    3.559
  27.843   38.103    6.497
  29.189   37.949    6.908
  25.318   43.229    3.999
  25.684   42.349    2.472
  26.897   43.338    3.253
  29.654   38.098    7.995
  30.020   37.218    6.468
  28.907   37.291    7.220
   9.100    2.419    5.559
   8.681    2.438    4.276
   8.773    3.600    3.474
   8.338    3.620    2.144
   7.797    2.478    1.567
   9.518    2.399    6.842
   9.426    1.237    7.644
   8.566    2.715    0.688
   6.926    3.219    1.231
   7.340    1.527    1.070
  10.298    0.496    7.980
   8.657    1.000    8.523
   9.748    1.708    8.177
  26.689   15.269   34.716
  26.404   14.392   35.702
  25.099   13.877   35.894
  24.803   12.968   36.916
  25.801   12.540   37.783
  26.974   16.146   33.730
  28.278   16.660   33.538
  25.385   11.455   37.519
  25.009   12.823   38.627
  26.629   12.173   38.517
  29.071   16.377   32.694
  28.695   17.745   33.802
  27.928   17.039   32.951
  24.210   10.919   16.347
  24.317   11.360   17.619
  23.211   11.381   18.501
  23.321   11.839   19.819
  24.543   12.291   20.303
  24.104   10.477   15.076
  25.210   10.456   14.194
  24.305   11.560   21.213
  23.903   13.228   20.669
  25.562   12.673   20.722
  25.850    9.519   13.828
  25.448   11.187   13.283
  24.677   10.167   13.702
  11.563   26.735   44.186
  11.465   25.632   43.414
  11.686   25.672   42.017
  11.585   24.529   41.216
  11.258   23.303   41.783
  11.661   27.838   44.958
  11.439   27.797   46.355
  12.203   22.914   41.170
  10.456   23.257   40.903
  10.984   22.269   42.247
  12.241   27.844   47.236
  10.495   28.186   46.968
  11.598   28.559   46.295
   9.861   16.776    5.088
   9.806   17.310    6.326
  10.106   18.671    6.570
  10.049   19.226    7.854
   9.690   18.438    8.941
   9.916   16.241    3.849
   9.616   14.880    3.606
   8.939   19.333    9.176
  10.668   18.905    9.437
   9.390   17.789    9.862
   8.638   14.413    3.110
  10.367   13.985    3.371
   9.778   15.086    2.870
  34.976   11.781   12.000
  35.026   10.446   11.804
  33.879    9.697   11.450
  33.930    8.313   11.247
  35.130    7.628   11.392
  34.927   13.116   12.195
  36.074   13.865   12.549
  34.844    7.166   10.331
  34.481    6.898   12.074
  36.131    7.041   11.510
  36.723   14.596   11.867
  36.360   14.328   13.610
  35.563   14.455   12.534
  14.169   12.234   22.884
  12.965   12.575   22.377
  12.461   13.895   22.463
  11.213   14.248   21.938
  10.423   13.295   21.308
  15.373   11.894   23.390
  15.877   10.574   23.304
  10.345   14.116   20.448
   9.569   13.718   22.023
   9.750   12.504   20.776
  16.731   10.151   22.589
  15.955    9.752   24.163
  16.481   10.893   23.682
  16.382    4.761   45.217
  16.708    4.163   44.052
  16.237    2.872   43.714
  16.574    2.252   42.505
  17.395    2.901   41.590
  16.056    5.359   46.383
  16.527    6.650   46.721
  16.544    2.602   40.812
  17.992    1.870   41.591
  18.083    3.435   40.814
  15.930    7.681   46.721
  17.378    6.949   47.500
  16.111    6.516   47.368
  22.101    8.025   23.113
  20.823    7.725   23.426
  20.217    8.178   24.622
  18.891    7.866   24.947
  18.124    7.091   24.086
  23.380    8.326   22.801
  23.985    7.873   21.604
  17.321    7.960   24.229
  17.877    6.471   25.074
  17.468    6.442   23.373
  24.232    8.493   20.617
  24.788    7.004   21.462
  24.597    8.264   21.891
  37.606   10.973   34.120
  36.635   10.777   35.037
  36.589    9.616   35.845
  35.582    9.413   36.796
  34.585   10.364   36.974
  38.577   11.168   33.202
  38.623   12.329   32.395
  34.863   10.251   38.127
  33.855    9.427   36.884
  33.743   11.155   37.133
  39.353   13.267   32.484
  38.344   12.443   31.242
  39.260   11.977   32.111
  12.471   27.188   30.422
  11.629   26.852   29.421
  10.243   27.132   29.482
   9.370   26.785   28.445
   9.851   26.145   27.309
  13.314   27.523   31.422
  14.700   27.243   31.361
   9.238   26.989   26.733
   8.950   25.391   27.510
  10.242   25.608   26.350
  15.600   27.997   31.160
  15.312   26.399   31.937
  14.691   27.586   32.063
  42.805   23.605   14.302
  43.156   23.814   15.589
  44.360   23.304   16.130
  44.723   23.521   17.464
  43.896   24.255   18.305
  42.454   23.396   13.015
  41.250   23.905   12.474
  44.900   24.842   18.566
  44.045   23.332   19.044
  43.211   24.869   19.022
  41.101   24.828   11.735
  40.246   23.318   12.213
  41.515   23.552   11.830
  33.919   23.582   29.575
  34.248   22.285   29.751
  33.275   21.295   30.025
  33.617   19.949   30.208
  34.944   19.546   30.123
  33.590   24.880   29.399
  34.563   25.870   29.125
  34.507   18.712   29.392
  34.709   19.003   31.157
  36.053   19.194   30.054
  34.797   26.414   28.091
  34.999   26.704   29.856
  33.935   26.334   29.121
   8.547    8.133   35.970
   7.735    8.187   34.893
   7.605    7.100   33.997
   6.764    7.156   32.879
   6.021    8.301   32.619
   9.359    8.079   37.048
   9.489    9.166   37.944
   5.117    7.533   32.510
   6.472    8.187   31.522
   5.393    9.256   32.388
   9.038    9.281   39.041
  10.393    9.934   38.053
   9.983    8.677   38.299
  27.562   16.356   15.817
  28.479   16.985   16.583
  29.868   16.860   16.343
  30.819   17.512   17.137
  30.415   18.312   18.198
  26.645   15.727   15.052
  25.255   15.852   15.291
  31.159   19.107   17.713
  31.220   17.682   18.811
  30.090   18.987   19.092
  24.451   16.483   14.679
  24.512   15.057   15.777
  25.214   15.375   14.674
  29.617   26.223    0.758
  28.449   26.198    1.434
  27.217   25.926    0.793
  26.006   25.900    1.495
  25.984   26.144    2.862
  30.785   26.249    0.081
  32.018   26.521    0.722
  25.333   25.147    2.898
  25.110   26.904    2.580
  25.950   26.348    4.010
  32.891   25.761    1.004
  32.668   27.519    0.686
  32.294   26.425   -0.002
  29.743   21.745   12.315
  30.189   22.813   11.621
  29.417   23.990   11.478
  29.880   25.098   10.758
  31.131   25.068   10.155
  29.296   20.677   13.010
  30.068   19.499   13.153
  31.274   26.119   10.697
  30.535   25.453    9.197
  32.179   25.056    9.643
  30.664   19.115   14.111
  29.925   18.448   12.611
  29.445   19.268   13.563
  46.809   32.806   30.198
  45.621   33.445   30.167
  44.391   32.744   30.171
  43.159   33.407   30.139
  43.112   34.795   30.103
  47.998   32.166   30.229
  49.227   32.867   30.225
  42.336   34.663   30.997
  42.357   34.616   29.198
  43.057   35.960   30.072
  49.981   33.046   31.130
  50.003   33.000   29.330
  49.518   32.143   30.247
  15.426   15.314    6.009
  14.256   14.742    6.363
  14.201   13.616    7.219
  12.987   13.022    7.586
  11.786   13.533    7.111
  16.596   15.887    5.655
  16.652   17.013    4.799
  11.463   13.488    8.257
  11.565   12.397    6.829
  10.770   13.951    6.719
  16.873   18.149    5.081
  16.975   17.058    3.653
  17.420   16.931    4.916
  13.620   40.041   35.860
  13.181   39.984   37.135
  11.989   40.626   37.548
  11.534   40.567   38.870
  12.255   39.864   39.828
  14.059   40.098   34.584
  15.250   39.456   34.172
  11.197   39.375   40.077
  12.133   40.863   40.465
  12.850   39.277   40.641
  15.372   38.457   33.534
  16.308   39.944   33.922
  15.050   39.762   33.481
  28.683   14.570   34.105
  27.870   14.144   33.116
  27.839   12.792   32.700
  26.996   12.350   31.673
  26.153   13.245   31.026
  29.497   14.996   35.095
  29.528   16.348   35.511
  25.322   12.420   31.246
  26.612   12.762   30.038
  25.441   13.985   30.474
  29.069   16.831   36.499
  30.359   17.173   35.291
  30.065   16.072   36.007
  19.118    5.669    5.945
  20.046    6.578    6.313
  21.347    6.199    6.718
  22.310    7.141    7.100
  22.004    8.496    7.090
  18.190    4.760    5.577
  16.888    5.139    5.172
  23.026    8.590    6.485
  22.463    8.474    8.190
  21.761    9.637    7.087
  16.430    5.161    4.072
  15.866    5.046    5.778
  16.803    4.367    5.092
  37.683   18.689   28.665
  38.095   19.924   29.022
  37.835   20.460   30.305
  38.262   21.741   30.675
  38.964   22.532   29.774
  37.271   17.454   28.309
  37.531   16.918   27.025
  39.718   22.673   30.686
  38.169   23.363   30.084
  39.554   23.206   29.028
  38.326   16.086   26.715
  36.777   16.776   26.113
  37.144   16.306   27.319
  40.104   18.323    9.606
  39.423   17.693    8.625
  39.599   18.021    7.260
  38.893   17.367    6.243
  37.987   16.362    6.555
  40.785   18.953   10.587
  40.609   18.625   11.952
  38.572   15.752    5.714
  37.258   16.976    5.840
  37.223   15.516    6.802
  41.338   18.011   12.667
  40.024   19.234   12.792
  41.142   19.188   12.046
  35.964   32.225   22.533
  35.815   31.188   21.681
  35.298   29.940   22.101
  35.144   28.865   21.218
  35.501   29.000   19.882
  36.113   33.261   23.385
  36.629   34.510   22.965
  34.421   28.539   19.681
  36.087   27.980   20.070
  35.796   29.100   18.758
  36.043   35.530   22.777
  37.709   34.971   23.165
  36.515   34.690   23.716
  29.177    1.752   27.147
  28.373    2.834   27.221
  26.972    2.740   27.049
  26.138    3.862   27.127
  26.676    5.118   27.378
  29.981    0.670   27.072
  31.383    0.764   27.244
  25.821    5.174   28.207
  26.020    5.444   26.438
  27.114    6.178   27.589
  32.039    0.438   28.184
  32.237    0.708   26.415
  31.342   -0.006   27.122
  32.398   39.549   26.550
  31.869   40.786   26.432
  32.679   41.945   26.374
  32.132   43.227   26.252
  30.754   43.397   26.185
  32.926   38.312   26.667
  32.116   37.153   26.726
  31.015   44.073   25.239
  30.944   44.213   27.032
  29.600   43.553   26.127
  31.926   36.337   25.878
  31.855   36.477   27.672
  32.810   36.800   26.781
  39.962   17.671   39.430
  41.141   18.328   39.422
  42.295   17.791   38.803
  43.518   18.472   38.795
  43.630   19.715   39.404
  38.782   17.014   39.438
  37.628   17.552   40.056
  44.134   20.031   38.371
  44.591   19.231   39.918
  43.739   20.760   39.912
  36.668   18.036   39.542
  37.125   17.236   41.089
  37.312   16.884   39.804
   3.393   20.907    1.132
   4.200   21.907    1.546
   3.831   23.268    1.424
   4.667   24.305    1.853
   5.903   24.019    2.420
   2.586   19.907    0.718
   2.955   18.546    0.841
   5.540   24.769    3.272
   6.302   24.829    1.642
   6.943   23.792    2.897
   2.557   17.736    1.619
   3.318   17.796   -0.011
   2.256   18.437    0.510
  26.527    5.641   33.296
  27.707    5.615   33.952
  28.371    4.402   34.254
  29.594    4.375   34.933
  30.198    5.560   35.335
  25.347    5.667   32.641
  24.684    6.879   32.339
  31.163    5.093   34.815
  30.289    5.006   36.386
  30.716    6.547   35.678
  24.593    7.434   31.288
  23.719    7.347   32.859
  24.162    6.392   32.022
  25.272   39.940   40.119
  25.164   41.239   40.468
  26.296   42.082   40.579
  26.184   43.430   40.941
  24.937   43.983   41.205
  25.380   38.640   39.770
  24.248   37.797   39.659
  25.302   44.837   40.459
  25.469   44.385   42.193
  23.897   44.460   41.430
  23.716   37.395   38.671
  23.883   36.943   40.406
  24.792   37.270   39.469
  25.458   11.079   25.818
  25.727   12.273   25.249
  25.096   13.466   25.676
  25.376   14.705   25.086
  26.295   14.795   24.049
  25.188    9.885   26.387
  25.819    8.692   25.960
  26.750   15.682   24.702
  25.430   15.411   23.509
  27.065   14.885   23.177
  26.684    8.075   26.500
  25.364    7.805   25.307
  25.374    8.381   26.522
  43.275    1.137   10.050
  44.449    1.019   10.707
  44.565    1.293   12.090
  45.783    1.171   12.771
  46.927    0.770   12.092
  42.102    1.255    9.394
  41.985    0.981    8.010
  47.035   -0.000   12.995
  47.416    1.719   12.622
  47.895    0.435   11.535
  41.496    0.032    7.480
  41.877    1.752    7.108
  41.240    1.175    8.143
   2.919   45.366    3.795
   2.822   44.020    3.783
   3.868   43.188    4.249
   3.767   41.792    4.238
   2.616   41.177    3.760
   3.017   46.713    3.806
   1.971   47.544    3.340
   2.677   40.563    4.779
   3.385   40.525    3.124
   1.656   40.648    3.361
   1.202   48.196    3.975
   1.909   48.159    2.320
   2.472   48.108    3.541
  30.040   48.298   44.154
  30.263   47.647   42.993
  30.401   48.332   41.763
  30.633   47.656   40.559
  30.735   46.271   40.542
  29.816   48.950   45.315
  29.678   48.264   46.545
  31.728   46.482   39.917
  29.953   46.354   39.647
  30.823   45.108   40.514
  30.461   48.181   47.440
  28.686   48.054   47.170
  29.585   48.990   46.818
  25.188   47.820   11.881
  25.782   47.858   13.093
  25.936   49.064   13.816
  26.552   49.103   15.072
  27.036   47.937   15.651
  24.594   47.783   10.669
  24.441   46.576    9.946
  26.429   48.312   16.605
  28.024   48.583   15.815
  27.447   46.965   16.148
  23.453   45.930    9.782
  25.047   46.201    8.992
  24.103   47.054    9.428
   3.080   14.305    7.446
   3.980   13.299    7.461
   5.374   13.540    7.507
   6.307   12.497    7.522
   5.881   11.175    7.491
   2.180   15.311    7.432
   0.786   15.069    7.386
   6.625   11.049    8.413
   6.681   11.073    6.614
   5.536   10.061    7.466
  -0.014   15.171    8.263
   0.042   15.195    6.464
   0.759   15.850    7.396
  27.814   35.455   37.109
  27.283   34.597   38.006
  27.853   34.402   39.286
  27.303   33.512   40.216
  26.163   32.785   39.898
  28.345   36.313   36.212
  27.775   36.508   34.932
  25.773   33.183   40.952
  26.801   31.859   40.294
  25.206   32.168   39.645
  27.137   37.433   34.536
  28.164   36.110   33.878
  28.371   37.007   34.859
  41.115   47.920   41.758
  39.821   47.781   41.401
  39.266   46.523   41.068
  37.923   46.378   40.697
  37.088   47.488   40.646
  42.410   48.059   42.116
  42.965   49.317   42.449
  36.357   46.804   41.293
  36.806   47.063   39.569
  36.376   48.410   40.599
  43.248   49.742   43.526
  43.696   50.000   41.802
  43.608   48.887   42.552
  37.191    9.891   25.472
  38.316    9.698   24.750
  39.260   10.731   24.542
  40.426   10.530   23.793
  40.689    9.289   23.226
  36.067   10.085   26.193
  35.122    9.052   26.401
  41.759    9.430   23.733
  40.886    9.927   22.239
  40.922    8.253   22.745
  34.926    8.414   27.389
  34.053    8.912   25.895
  34.756    9.613   26.803
  20.864    9.945   11.220
  21.424   10.618   10.193
  22.400   11.622   10.397
  22.981   12.320    9.331
  22.607   12.039    8.023
  20.303    9.273   12.248
  19.327    8.268   12.043
  23.782   11.980    7.837
  22.483   13.221    7.942
  22.302   11.812    6.921
  19.451    7.086   12.125
  18.152    8.327   12.229
  19.355    8.232   12.823
  23.482   29.074    7.939
  23.562   30.083    7.046
  23.901   31.401    7.433
  23.985   32.448    6.507
  23.733   32.214    5.161
  23.401   28.064    8.832
  23.062   26.746    8.445
  24.762   32.793    5.002
  23.020   33.163    5.263
  23.524   32.031    4.029
  23.775   25.796    8.343
  22.033   26.167    8.605
  23.149   26.613    9.210
  42.684   26.004   32.267
  41.603   26.800   32.404
  40.284   26.302   32.284
  39.163   27.128   32.426
  39.320   28.482   32.693
  43.765   25.207   32.130
  45.084   25.705   32.250
  38.525   28.272   33.556
  38.556   28.617   31.789
  39.438   29.621   32.917
  45.849   25.571   33.154
  45.879   25.916   31.387
  45.265   24.959   32.107
  27.443    4.686   16.415
  27.905    5.677   15.623
  28.640    5.414   14.444
  29.119    6.443   13.623
  28.878    7.771   13.952
  26.982    3.694   17.207
  26.247    3.957   18.387
  28.517    7.851   12.819
  30.049    7.893   13.765
  28.684    8.890   14.217
  25.076    3.835   18.574
  26.607    3.877   19.519
  26.241    3.178   18.430
  36.742   16.136   33.993
  35.664   16.650   34.622
  35.239   16.179   35.887
  34.121   16.712   36.540
  33.388   17.734   35.951
  37.820   15.622   33.364
  38.245   16.092   32.098
  33.507   18.257   37.015
  32.456   17.039   36.209
  32.764   18.593   35.467
  39.177   16.788   31.840
  38.126   15.570   31.034
  38.797   15.549   32.200
  43.998   10.702   16.000
  42.940   10.000   16.459
  41.755   10.633   16.902
  40.658    9.904   17.378
  40.707    8.517   17.426
  45.056   11.405   15.542
  46.241   10.772   15.098
  39.654    8.590   16.874
  40.322    8.672   18.543
  40.735    7.352   17.472
  46.626   10.616   13.981
  47.295   10.698   15.650
  46.462   11.510   14.973
  19.583   43.907    1.619
  19.904   45.215    1.536
  20.229   45.982    2.681
  20.562   47.339    2.595
  20.582   47.978    1.362
  19.262   42.598    1.702
  18.937   41.832    0.557
  21.653   48.357    1.721
  19.918   48.795    1.920
  20.602   48.527    0.333
  19.601   41.015   -0.001
  17.866   41.452    0.198
  18.856   41.266    1.090
  40.875   27.609   19.690
  41.607   27.318   18.594
  43.022   27.313   18.616
  43.780   27.011   17.478
  43.151   26.704   16.279
  40.143   27.900   20.787
  38.728   27.905   20.765
  43.890   25.769   16.281
  43.903   27.511   15.828
  42.636   26.444   15.265
  37.976   27.098   21.216
  37.990   28.840   20.763
  38.824   28.099   21.515
  26.242   10.059   38.989
  27.431    9.962   38.356
  27.696   10.648   37.148
  28.928   10.547   36.492
  29.940    9.756   37.021
  25.053   10.157   39.621
  24.788    9.470   40.830
  30.610   10.727   36.851
  29.997    9.316   35.915
  30.798    9.096   37.455
  24.731    9.910   41.936
  24.118    8.500   41.001
  24.095    9.822   40.754
  23.329   28.057   42.108
  22.155   27.923   42.762
  21.404   26.724   42.715
  20.187   26.584   43.393
  19.678   27.638   44.142
  24.502   28.192   41.454
  25.253   29.390   41.501
  19.554   26.807   44.987
  18.676   27.413   43.537
  19.239   28.514   44.774
  26.255   29.615   42.106
  25.377   30.222   40.656
  25.733   28.982   41.039
   1.609   41.935   22.525
   2.393   41.813   21.433
   2.394   40.642   20.638
   3.207   40.515   19.505
   4.047   41.555   19.126
   0.825   42.057   23.617
   0.824   43.228   24.412
   3.558   41.386   18.053
   4.871   40.696   19.072
   4.757   42.419   18.798
  -0.000   44.087   24.466
   1.313   43.397   25.486
   0.295   42.823   24.819
  48.449   40.889    2.661
  48.014   42.166    2.709
  48.908   43.264    2.706
  48.457   44.588    2.755
  47.096   44.863    2.810
  48.884   39.612    2.614
  47.990   38.515    2.617
  47.345   45.615    1.920
  47.408   45.569    3.718
  45.957   45.107    2.857
  47.679   37.809    1.709
  47.742   37.763    3.508
  48.656   38.109    2.583
  44.641   21.622   13.697
  45.336   22.779   13.666
  46.590   22.883   13.018
  47.311   24.083   12.985
  46.803   25.221   13.600
  43.946   20.465   13.728
  42.693   20.360   14.376
  47.059   25.740   12.558
  47.888   25.283   14.089
  46.389   26.184   14.111
  41.608   20.299   13.887
  42.437   19.842   15.418
  42.745   19.622   14.127
  13.812   27.993   19.544
  12.815   27.130   19.254
  11.592   27.560   18.688
  10.558   26.665   18.387
  10.712   25.308   18.641
  14.809   28.857   19.834
  16.032   28.427   20.400
  10.330   25.187   17.519
   9.649   25.419   19.168
  10.827   24.166   18.849
  17.095   28.315   19.872
  16.414   28.547   21.522
  16.196   29.189   20.360
  32.892    2.568    5.264
  34.014    2.337    5.978
  34.286    1.077    6.561
  35.450    0.838    7.302
  36.383    1.851    7.487
  31.770    2.799    4.549
  31.498    4.059    3.967
  37.161    1.021    7.131
  36.309    1.532    8.632
  37.174    2.692    7.649
  31.571    4.378    2.821
  30.720    4.888    4.323
  30.853    3.690    3.727
   6.234   44.499   42.415
   5.733   44.877   43.610
   6.464   45.693   44.506
   5.945   46.085   45.745
   4.676   45.674   46.134
   6.735   44.121   41.220
   6.005   43.304   40.325
   4.519   46.829   46.381
   5.228   45.360   47.142
   3.612   45.336   46.472
   5.453   43.618   39.316
   6.161   42.149   40.078
   6.648   43.389   39.890
  31.433   15.619   18.075
  32.762   15.836   18.172
  33.301   17.137   18.313
  34.679   17.362   18.414
  35.567   16.294   18.378
  30.104   15.402   17.978
  29.565   14.102   17.837
  36.022   16.808   19.352
  36.128   16.957   17.562
  36.324   15.407   18.348
  29.004   13.439   18.653
  29.110   13.588   16.862
  28.891   14.497   17.830
  32.178   23.599   16.803
  32.089   24.810   16.212
  33.047   25.259   15.273
  32.954   26.515   14.660
  31.900   27.366   14.966
  32.268   22.388   17.393
  31.310   21.939   18.332
  31.795   27.450   13.782
  32.765   28.172   15.116
  31.020   28.091   15.214
  30.445   21.134   18.183
  31.414   21.855   19.516
  31.769   21.308   18.340
  46.240   25.889   26.296
  45.628   24.713   26.043
  45.944   23.932   24.906
  45.310   22.712   24.644
  44.337   22.229   25.510
  46.851   27.066   26.548
  46.535   27.847   27.686
  44.972   21.222   25.454
  43.704   22.084   24.510
  43.518   21.812   26.228
  47.168   27.992   28.685
  45.900   28.853   27.741
  47.081   28.317   27.383
  12.084   32.956   29.211
  11.463   34.145   29.367
  10.653   34.707   28.352
  10.010   35.940   28.514
  10.154   36.655   29.696
  12.704   31.767   29.055
  13.514   31.205   30.070
   8.965   36.722   29.648
  10.403   37.562   28.965
  10.266   37.265   30.684
  13.265   30.298   30.801
  14.703   31.138   30.119
  13.596   30.636   29.542
  40.339   28.168   45.413
  40.325   28.887   44.271
  40.904   30.175   44.189
  40.889   30.922   43.005
  40.294   30.406   41.860
  40.354   27.448   46.556
  39.774   26.160   46.638
  41.317   30.728   41.340
  39.748   31.465   41.825
  39.797   29.986   40.892
  40.320   25.101   46.673
  38.751   25.838   47.158
  40.026   26.210   47.376
  14.577   36.623   14.249
  13.493   37.246   13.741
  13.537   37.947   12.513
  12.413   38.594   11.986
  11.204   38.563   12.670
  15.662   35.999   14.757
  15.617   35.298   15.985
  10.763   38.235   11.612
  11.219   39.740   12.487
  10.183   38.544   13.233
  15.601   34.121   16.168
  16.057   35.626   17.043
  16.368   35.169   15.817
  25.305   27.255   47.880
  24.534   28.290   48.278
  23.121   28.246   48.200
  22.322   29.318   48.613
  22.906   30.473   49.119
  26.076   26.221   47.482
  27.488   26.265   47.560
  22.118   30.329   50.001
  22.189   31.021   48.341
  23.383   31.448   49.545
  28.205   25.717   48.338
  28.276   26.409   46.678
  27.421   25.548   47.259
  49.628   10.826   15.943
  49.255   11.495   14.832
  49.794   12.762   14.503
  49.407   13.456   13.350
  48.468   12.908   12.486
  50.001   10.156   17.055
  49.462    8.890   17.384
  49.272   13.178   11.649
  47.953   13.980   12.575
  47.680   12.461   11.751
  49.977    7.819   17.295
  48.658    8.621   18.220
  49.939    8.965   17.998
  46.942   11.567   40.022
  46.222   11.825   38.909
  44.895   12.314   38.971
  44.149   12.581   37.817
  44.703   12.369   36.560
  47.661   11.309   41.135
  48.988   10.821   41.074
  44.308   13.473   36.344
  43.686   11.783   36.354
  45.155   12.196   35.500
  50.005   11.407   41.280
  49.383    9.718   41.290
  48.922   10.850   41.851
  31.880   13.405   28.928
  31.599   12.358   29.733
  32.615   11.615   30.380
  32.324   10.530   31.214
  31.006   10.148   31.432
  32.161   14.452   28.123
  31.145   15.194   27.476
  31.326   10.171   32.580
  31.414    9.060   31.166
  29.905    9.817   31.623
  30.737   16.282   27.742
  30.825   15.171   26.329
  31.758   15.592   27.202
  19.501   45.007    8.536
  20.756   44.510    8.533
  21.012   43.119    8.515
  22.313   42.603    8.513
  23.406   43.461    8.529
  18.246   45.505    8.538
  17.990   46.896    8.556
  23.783   42.788    7.621
  23.776   42.763    9.420
  24.332   44.170    8.542
  17.620   47.595    7.664
  17.613   47.569    9.464
  17.248   46.652    8.550
  10.966   14.217   26.259
  12.107   14.495   25.593
  12.986   13.477   25.153
  14.170   13.766   24.463
  14.516   15.083   24.187
   9.825   13.938   26.924
   8.946   14.956   27.364
  14.681   14.672   23.081
  15.570   14.765   24.643
  14.818   16.184   23.949
   7.892   15.274   26.908
   8.781   15.368   28.470
   8.541   14.344   27.631
  44.634    9.895   13.091
  44.199    9.069   14.066
  44.937    8.858   15.255
  44.486    8.000   16.265
  43.281    7.324   16.124
  45.068   10.722   12.116
  44.330   10.933   10.928
  43.064    7.746   17.216
  43.927    6.373   16.436
  42.271    6.749   16.017
  43.684   11.884   10.615
  44.547   10.511    9.835
  44.932   11.404   10.764
  42.445   45.347    5.541
  41.946   46.569    5.256
  40.836   47.106    5.950
  40.319   48.374    5.655
  40.894   49.148    4.655
  42.943   44.125    5.825
  44.053   43.587    5.131
  40.881   50.000    5.488
  39.769   49.265    4.279
  41.366   49.809    3.818
  45.178   43.471    5.507
  44.065   42.735    4.298
  43.927   42.985    5.613
  26.015   23.309   46.921
  26.700   22.453   46.133
  28.084   22.610   45.880
  28.794   21.723   45.062
  28.146   20.647   44.468
  25.331   24.164   47.710
  23.947   24.007   47.963
  29.057   20.021   44.911
  28.679   21.041   43.477
  27.615   19.740   43.963
  23.414   23.614   48.953
  23.036   24.633   47.519
  24.061   24.650   48.390
   5.127    7.665   10.518
   6.159    7.994    9.712
   6.013    8.085    8.307
   7.082    8.426    7.471
   8.336    8.688    8.009
   4.096    7.336   11.325
   4.242    7.245   12.729
   8.279    9.666    7.331
   8.710    7.926    7.173
   9.394    8.910    8.447
   3.867    8.007   13.565
   4.298    6.266   13.407
   3.484    7.061   12.689
  40.487   33.189   20.096
  41.821   33.312   19.923
  42.439   34.570   19.728
  43.822   34.697   19.548
  44.635   33.571   19.557
  39.154   33.066   20.270
  38.536   31.808   20.464
  45.285   34.205   20.328
  45.069   34.036   18.549
  45.329   32.634   19.561
  38.102   31.343   21.472
  37.886   31.174   19.693
  37.892   32.250   20.500
  16.172   31.277    5.587
  15.078   30.949    6.307
  14.736   29.603    6.579
  13.602   29.262    7.326
  12.770   30.255    7.827
  17.265   31.606    4.867
  17.607   32.952    4.595
  12.883   29.652    8.849
  11.905   29.596    7.339
  12.063   31.078    8.254
  18.472   33.611    5.083
  17.494   33.555    3.573
  18.204   32.613    4.221
  20.324   10.117   33.169
  19.533   10.818   32.329
  18.193   10.443   32.073
  17.373   11.170   31.202
  17.863   12.297   30.556
  21.115    9.417   34.009
  22.456    9.792   34.265
  16.861   12.803   30.957
  17.411   11.777   29.583
  18.262   13.246   30.007
  22.908   10.312   35.237
  23.457    9.286   33.864
  22.432    9.162   34.726
  11.864   31.962   12.116
  10.659   31.451   11.784
  10.404   30.901   10.505
   9.155   30.371   10.161
   8.116   30.372   11.083
  13.068   32.473   12.448
  13.323   33.023   13.727
   8.015   29.226   10.776
   7.492   30.843   10.184
   7.235   30.367   11.847
  13.947   32.552   14.626
  13.424   34.170   14.034
  14.031   33.139   13.418
  28.497   36.015   27.527
  27.398   35.698   26.810
  27.321   34.514   26.039
  26.181   34.185   25.296
  25.077   35.029   25.298
  29.597   36.332   28.243
  29.674   37.516   29.014
  24.475   34.028   25.533
  25.146   34.908   24.114
  24.144   35.728   25.290
  29.605   37.636   30.198
  30.276   38.517   28.779
  30.385   37.237   29.177
  41.958   33.291   32.862
  40.641   33.231   32.572
  39.909   32.023   32.653
  38.543   31.961   32.352
  37.861   33.106   31.959
  43.276   33.351   33.152
  44.008   34.559   33.071
  37.078   32.767   32.791
  37.473   32.412   31.071
  37.276   34.059   31.627
  44.396   35.253   33.958
  44.791   34.897   32.239
  44.593   34.096   33.301
  40.210   22.951   47.135
  41.559   22.999   47.129
  42.266   24.222   47.202
  43.665   24.272   47.195
  44.407   23.100   47.117
  38.861   22.903   47.141
  38.153   21.679   47.069
  44.995   23.564   48.044
  44.983   23.676   46.248
  45.042   22.124   47.052
  37.577   21.103   47.938
  37.566   21.215   46.142
  37.536   22.156   47.103
  15.898   24.502   12.074
  15.180   24.511   13.217
  15.794   24.412   14.488
  15.049   24.421   15.674
  13.665   24.530   15.631
  16.616   24.493   10.930
  16.002   24.593    9.659
  13.838   25.387   16.441
  13.698   23.594   16.367
  12.503   24.622   15.609
  15.969   25.529    8.922
  15.830   23.736    8.849
  16.743   24.545    9.416
  26.681   17.265    6.319
  25.921   18.379    6.260
  24.677   18.474    6.929
  23.889   19.629    6.868
  24.315   20.730    6.135
  27.442   16.151    6.378
  28.685   16.056    5.709
  24.052   21.330    7.130
  23.218   20.683    5.672
  24.661   21.661    5.524
  29.782   16.102    6.172
  28.948   15.455    4.714
  28.681   15.343    6.028
  43.508   18.877   46.617
  42.231   18.777   47.045
  41.840   17.835   48.026
  40.517   17.732   48.470
  39.536   18.566   47.948
  44.784   18.977   46.189
  45.175   19.918   45.208
  39.271   18.756   49.094
  38.932   17.550   47.802
  38.703   19.261   47.518
  45.779   20.935   45.354
  45.440   19.729   44.061
  45.875   19.593   45.327
   8.812   14.833   12.410
  10.141   14.788   12.643
  11.067   14.431   11.634
  12.445   14.384   11.875
  12.947   14.692   13.133
   7.482   14.879   12.178
   6.557   15.236   13.187
  13.687   15.398   12.522
  13.544   13.669   13.002
  13.381   14.949   14.184
   5.959   16.258   13.317
   5.816   14.530   13.798
   6.044   15.117   12.610
  36.292   49.153   37.015
  35.079   49.119   37.606
  34.732   50.001   38.657
  33.474   49.965   39.271
  32.518   49.047   38.855
  37.505   49.188   36.423
  37.852   48.306   35.372
  31.805   50.001   38.818
  32.425   48.813   40.020
  31.707   48.280   38.516
  37.945   48.540   34.207
  38.565   47.352   35.409
  38.527   48.697   35.410
  45.716   24.972    5.176
  46.322   24.676    6.345
  47.521   23.926    6.399
  48.150   23.619    7.612
  47.603   24.051    8.813
  45.109   25.268    4.007
  43.910   26.018    3.953
  48.710   24.436    9.029
  47.753   22.915    9.141
  47.155   24.407    9.829
  43.760   27.154    3.625
  42.803   25.633    3.737
  44.000   25.905    3.185
  38.958   15.851   41.319
  39.910   16.798   41.460
  39.591   18.173   41.552
  40.578   19.155   41.699
  41.919   18.797   41.758
  38.007   14.904   41.178
  38.325   13.528   41.086
  41.930   19.498   42.722
  42.049   19.645   40.932
  43.048   18.510   41.810
  38.196   12.680   41.912
  38.315   12.827   40.122
  37.549   13.461   41.029
   5.050   45.851    4.048
   5.003   44.910    5.015
   3.857   44.724    5.824
   3.808   43.748    6.827
   4.902   42.924    7.056
   5.097   46.792    3.081
   6.243   46.978    2.271
   4.092   42.052    7.006
   4.738   43.240    8.193
   5.814   42.226    7.259
   6.407   46.662    1.134
   7.053   47.851    2.322
   5.798   47.537    1.955
  36.755   45.178   28.289
  37.594   46.068   27.716
  37.136   47.301   27.196
  38.005   48.224   26.602
  39.363   47.946   26.506
  35.917   44.288   28.861
  36.375   43.054   29.381
  39.486   49.038   26.969
  39.215   48.262   25.367
  40.505   47.726   26.420
  36.523   42.738   30.521
  36.252   41.962   28.919
  35.618   42.966   29.552
  25.060   30.902   18.384
  25.232   29.614   18.019
  24.328   28.951   17.156
  24.507   27.615   16.777
  25.597   26.894   17.248
  24.887   32.190   18.749
  25.792   32.853   19.612
  25.740   26.610   16.099
  24.773   26.078   17.521
  26.507   26.277   17.636
  26.616   33.669   19.339
  25.649   33.137   20.761
  25.298   33.447   19.499
  28.701   28.926   32.217
  27.463   29.360   31.897
  26.981   30.624   32.310
  25.697   31.073   31.978
  24.850   30.274   31.222
  29.939   28.493   32.537
  30.421   27.229   32.124
  24.710   31.263   30.572
  24.061   30.523   32.079
  24.128   29.613   30.587
  31.210   26.979   31.266
  30.562   26.240   32.774
  31.057   27.463   32.513
  31.131   23.135   27.939
  30.611   22.038   27.348
  31.307   20.806   27.308
  30.769   19.669   26.695
  29.515   19.722   26.100
  31.650   24.232   28.529
  30.954   25.463   28.569
  29.314   18.735   26.738
  30.074   19.215   25.178
  28.463   19.752   25.597
  30.394   25.970   29.491
  31.154   26.450   27.932
  31.595   25.692   28.952
  22.852   26.164   12.904
  24.145   25.779   12.836
  25.196   26.711   12.665
  26.536   26.312   12.595
  26.873   24.967   12.693
  21.560   26.548   12.972
  20.509   25.617   13.144
  27.658   25.357   13.500
  27.514   25.190   11.714
  27.169   23.842   12.774
  19.867   25.394   14.123
  19.723   25.228   12.336
  20.073   26.265   13.118
  26.123   27.530   35.449
  25.267   27.734   36.473
  24.264   28.731   36.424
  23.377   28.943   37.486
  23.460   28.166   38.634
  26.979   27.325   34.425
  27.982   26.328   34.474
  22.288   28.031   38.472
  23.433   29.218   39.192
  23.520   27.520   39.604
  28.010   25.276   33.916
  29.155   26.463   34.636
  28.143   26.606   33.762
   4.060   29.547   16.702
   3.487   28.663   15.858
   2.258   28.932   15.211
   1.664   28.014   14.336
   2.278   26.795   14.077
   4.633   30.432   17.546
   5.862   30.163   18.193
   2.088   27.089   12.938
   1.200   26.349   14.317
   2.783   25.769   13.851
   6.941   30.610   17.952
   6.053   29.869   19.332
   5.737   30.873   18.493
  29.492   24.350   43.640
  28.181   24.334   43.964
  27.371   25.490   43.865
  26.012   25.474   44.200
  25.415   24.302   44.647
  30.803   24.365   43.316
  31.613   23.209   43.415
  24.591   24.563   43.826
  25.005   24.998   45.523
  24.901   23.325   45.023
  32.023   22.513   42.539
  32.437   22.948   44.236
  32.161   23.701   43.155
  10.792   31.557   27.438
  10.923   32.860   27.111
  10.310   33.411   25.961
  10.445   34.763   25.623
  11.199   35.612   26.423
  10.661   30.254   27.764
  11.274   29.703   28.915
  10.238   36.314   26.358
  11.705   35.924   25.390
  11.829   36.336   27.085
  10.769   29.391   29.948
  12.235   29.002   28.979
  10.930   29.052   28.656
   5.794   34.662   46.215
   5.187   35.863   46.100
   5.922   37.069   46.011
   5.293   38.314   45.892
   3.907   38.397   45.858
   6.401   33.462   46.329
   5.666   32.256   46.419
   4.101   39.079   44.900
   4.067   39.233   46.693
   2.744   38.482   45.828
   5.506   31.420   45.584
   5.472   31.574   47.377
   6.382   31.947   46.459
  35.261   12.306   34.252
  35.995   12.873   35.233
  35.417   13.721   36.207
  36.178   14.309   37.225
  37.545   14.070   37.304
  34.527   11.738   33.271
  35.105   10.890   32.297
  37.305   13.832   38.446
  37.615   15.257   37.391
  38.692   13.879   37.381
  35.035    9.704   32.210
  35.344   11.129   31.154
  34.368   10.860   32.040
  23.034   46.431   39.153
  22.304   45.858   40.133
  21.570   44.666   39.923
  20.813   44.071   40.939
  20.763   44.647   42.203
  23.764   47.005   38.173
  24.497   48.196   38.383
  21.018   43.543   42.573
  19.586   44.513   42.074
  20.712   45.120   43.267
  25.675   48.330   38.512
  24.243   49.300   38.013
  24.685   48.087   37.633
  34.979   42.778   36.968
  34.232   41.773   36.465
  34.541   40.414   36.711
  33.767   39.370   36.189
  32.656   39.649   35.403
  35.725   43.784   37.472
  35.416   45.143   37.226
  32.109   38.884   36.134
  33.143   38.853   34.661
  31.721   39.869   34.741
  34.929   45.939   37.967
  35.964   45.908   36.494
  36.050   45.257   37.668
  38.298   17.716   15.519
  37.263   16.864   15.679
  37.434   15.460   15.642
  36.360   14.577   15.808
  35.077   15.066   16.017
  39.333   18.567   15.360
  39.162   19.972   15.396
  35.070   14.294   16.924
  34.786   14.306   15.147
  33.995   15.464   16.192
  39.453   20.732   16.266
  39.169   20.744   14.489
  39.933   19.962   15.273
  42.287   32.285   44.017
  43.297   31.890   43.212
  44.583   32.475   43.281
  45.630   32.065   42.446
  45.427   31.055   41.513
  41.278   32.680   44.822
  39.991   32.095   44.754
  46.425   30.601   41.981
  45.931   31.828   40.760
  45.271   30.209   40.726
  39.487   31.322   45.508
  38.994   32.549   44.287
  39.845   32.606   45.326
  26.335   20.793   32.176
  26.410   21.573   33.275
  26.362   22.985   33.197
  26.439   23.794   34.337
  26.568   23.220   35.596
  26.261   20.013   31.076
  26.309   18.601   31.154
  25.668   23.948   35.877
  27.460   24.000   35.718
  26.676   22.751   36.658
  25.417   17.820   31.032
  27.209   17.872   30.873
  26.238   18.662   30.379
  39.533   14.576   14.407
  39.204   13.385   13.864
  38.153   13.252   12.925
  37.812   12.017   12.362
  38.509   10.869   12.718
  39.862   15.768   14.950
  40.912   15.900   15.889
  38.583   10.706   11.540
  37.420   10.415   12.883
  39.086    9.898   13.008
  42.001   16.354   15.724
  40.838   16.063   17.067
  40.697   16.650   15.864
  21.042   38.850   12.093
  21.477   37.984   11.153
  22.757   38.101   10.560
  23.208   37.203    9.586
  22.395   36.156    9.169
  20.607   39.716   13.032
  19.327   39.600   13.625
  23.367   35.495    9.366
  22.675   36.545    8.078
  21.723   35.273    8.810
  19.047   39.210   14.716
  18.355   40.260   13.428
  19.566   40.234   14.013
  15.269    2.947   36.678
  15.097    2.264   35.527
  16.044    2.313   34.477
  15.866    1.605   33.282
  14.733    0.821   33.096
  15.441    3.630   37.830
  14.494    3.581   38.880
  15.522   -0.010   32.768
  14.661    1.403   32.058
  13.788    0.160   32.926
  14.566    2.999   39.918
  13.705    4.412   39.208
  15.005    4.063   39.221
  17.844   24.123   47.605
  16.912   24.802   46.903
  15.700   24.202   46.489
  14.733   24.906   45.761
  14.945   26.236   45.420
  18.776   23.443   48.307
  19.989   24.044   48.720
  13.851   26.390   45.867
  14.632   25.872   44.330
  15.110   27.353   45.128
  20.302   24.408   49.811
  21.083   23.891   48.274
  20.113   23.335   49.022
  41.166   36.626    2.953
  41.029   37.927    2.622
  42.122   38.825    2.641
  41.980   40.175    2.298
  40.739   40.675    1.923
  41.303   35.324    3.284
  40.210   34.426    3.266
  41.344   41.127    1.002
  40.987   41.526    2.720
  39.703   41.108    1.608
  39.962   33.575    2.469
  39.605   33.974    4.188
  40.758   33.920    3.497
  10.392   23.433   33.705
  10.322   22.123   34.023
   9.094   21.422   34.051
   9.022   20.064   34.382
  10.176   19.358   34.696
  10.461   24.743   33.386
  11.690   25.444   33.358
   9.753   18.570   33.908
   9.545   19.003   35.643
  11.137   18.753   34.962
  12.321   25.799   32.411
  12.113   26.232   34.146
  11.225   26.038   33.154
  43.177   36.861   36.424
  42.065   37.341   35.828
  41.749   38.720   35.830
  40.596   39.218   35.212
  39.718   38.354   34.569
  44.289   36.381   37.020
  44.606   35.002   37.018
  39.807   39.138   33.676
  38.892   38.925   35.211
  38.972   37.641   34.026
  45.432   34.431   36.376
  44.517   34.218   37.912
  45.225   35.252   37.422
  40.998   38.716    8.564
  40.717   37.398    8.481
  39.403   36.924    8.255
  39.112   35.557    8.169
  40.124   34.616    8.305
  41.279   40.033    8.648
  42.594   40.507    8.873
  39.660   34.163    7.305
  39.373   34.112    9.081
  40.964   33.815    8.417
  43.344   41.011    8.097
  43.058   40.960    9.873
  42.236   41.200    8.836
  36.564    9.529   30.263
  35.374    9.142   29.757
  34.560   10.017   28.999
  33.326    9.615   28.475
  32.861    8.324   28.690
  37.754    9.917   30.768
  38.568    9.042   31.527
  32.678    8.333   27.512
  31.860    8.879   29.020
  32.459    7.243   28.863
  39.569    8.487   31.196
  38.751    9.032   32.704
  39.033    9.668   31.552
  14.584   42.450   45.237
  14.144   43.697   44.961
  13.214   43.951   43.926
  12.758   45.244   43.639
  13.217   46.327   44.377
  15.023   41.204   45.514
  15.954   40.950   46.549
  12.058   46.589   44.469
  13.413   46.809   43.305
  13.593   47.246   44.989
  15.758   40.468   47.621
  17.113   40.688   46.456
  15.864   40.213   46.304
  13.341   35.305   16.989
  12.891   36.504   16.562
  11.907   36.620   15.552
  11.441   37.864   15.109
  11.942   39.036   15.661
  13.790   34.106   17.416
  14.774   33.990   18.427
  10.791   39.321   15.776
  12.082   39.359   14.523
  12.354   40.028   16.116
  14.634   33.667   19.565
  15.925   33.705   18.312
  14.668   33.228   18.294
  31.212   30.605    6.425
  31.740   30.221    5.244
  33.101   29.857    5.113
  33.649   29.459    3.887
  32.854   29.411    2.749
  30.684   30.989    7.607
  29.323   31.353    7.738
  33.323   28.322    2.626
  33.745   30.033    2.259
  32.199   29.365    1.785
  28.432   30.731    8.227
  28.854   32.441    7.860
  29.533   31.461    8.482
   7.226   25.335   20.012
   7.825   26.518   19.756
   7.209   27.513   18.961
   7.830   28.739   18.695
   9.088   29.014   19.215
   6.627   24.153   20.269
   7.243   23.157   21.064
   8.578   30.033   19.564
   9.340   29.329   18.094
  10.144   29.258   19.645
   6.991   22.843   22.186
   7.753   22.138   20.715
   6.582   22.773   20.906
  30.505    5.164   25.191
  30.217    5.668   26.410
  29.309    6.740   26.583
  29.011    7.262   27.848
  29.608    6.730   28.984
  30.793    4.661   23.972
  31.700    3.589   23.798
  28.492    6.698   29.398
  29.847    7.871   29.233
  30.103    6.294   29.945
  31.462    2.448   23.548
  32.817    3.622   23.384
  31.516    3.695   23.047
  15.329   37.050   27.113
  15.956   38.169   26.690
  16.579   38.245   25.422
  17.229   39.405   24.983
  17.278   40.530   25.797
  14.703   35.931   27.535
  14.079   35.854   28.803
  16.901   41.095   24.818
  18.441   40.506   25.540
  17.326   41.481   26.470
  12.916   35.879   29.061
  14.456   35.289   29.782
  13.916   35.130   28.561
  38.974   48.606   31.383
  40.120   48.323   30.728
  41.375   48.804   31.170
  42.563   48.510   30.490
  42.539   47.726   29.344
  37.828   48.889   32.039
  36.573   48.408   31.596
  43.411   47.127   29.891
  43.200   48.605   28.885
  42.532   47.069   28.380
  35.911   47.529   32.055
  35.700   49.007   31.048
  36.321   48.799   32.224
   3.510   31.158   46.475
   2.987   32.386   46.274
   3.795   33.546   46.218
   3.253   34.819   46.009
   1.882   34.978   45.848
   4.033   29.930   46.677
   3.224   28.770   46.733
   2.200   35.616   44.893
   2.016   35.830   46.670
   0.733   35.126   45.711
   3.091   27.918   45.910
   2.907   28.132   47.688
   3.915   28.423   46.846
  10.463   20.539   27.491
  11.790   20.685   27.291
  12.392   21.958   27.149
  13.768   22.109   26.942
  14.592   20.992   26.869
   9.136   20.393   27.691
   8.534   19.120   27.833
  15.255   21.592   27.657
  14.995   21.516   25.877
  15.295   20.064   26.806
   8.131   18.597   28.825
   7.871   18.521   27.045
   7.888   19.552   27.909
  30.381   11.119    6.199
  30.396   10.030    6.998
  29.850   10.050    8.303
  29.866    8.921    9.131
  30.428    7.732    8.683
  30.365   12.207    5.401
  30.911   12.188    4.096
  29.406    7.255    9.067
  31.002    7.762    9.727
  30.897    6.728    8.320
  30.337   12.158    3.052
  31.933   12.664    3.711
  30.673   12.931    4.100
  18.749   34.494   24.471
  18.202   33.786   23.459
  18.866   32.684   22.870
  18.300   31.950   21.821
  17.049   32.293   21.323
  19.295   35.201   25.482
  18.631   36.303   26.071
  16.821   31.131   21.458
  17.598   32.235   20.267
  16.000   32.570   20.895
  18.083   36.361   27.127
  18.859   37.465   25.936
  19.277   36.322   26.510
   3.882   24.615   23.905
   4.289   23.328   23.924
   5.659   22.975   23.932
   6.082   21.641   23.950
   5.149   20.611   23.962
   3.474   25.902   23.887
   2.104   26.255   23.879
   5.804   20.202   24.869
   5.809   20.178   23.069
   4.376   19.738   23.972
   1.444   26.688   24.772
   1.448   26.664   22.972
   2.400   26.978   23.870
  23.407   29.838    4.146
  24.682   29.540    4.476
  25.720   30.497    4.397
  27.042   30.188    4.739
  27.373   28.910    5.172
  22.132   30.136    3.816
  21.093   29.178    3.896
  27.915   29.492    6.060
  28.239   28.999    4.359
  27.664   27.842    5.538
  20.227   29.089    4.709
  20.551   28.596    3.008
  20.665   29.779    3.640
  23.176   31.023   24.793
  22.760   32.174   25.361
  21.443   32.663   25.189
  21.012   33.857   25.778
  21.882   34.606   26.561
  23.592   29.871   24.224
  24.909   29.382   24.396
  20.980   34.599   27.340
  21.509   35.510   25.880
  22.602   35.244   27.220
  25.282   28.478   25.077
  25.810   29.389   23.617
  24.641   28.807   23.941
   4.920   48.383   10.579
   6.229   48.050   10.568
   7.248   49.020   10.418
   8.605   48.675   10.407
   8.991   47.347   10.546
   3.612   48.716   10.590
   2.593   47.746   10.740
   9.727   47.784   11.375
   9.661   47.578    9.588
   9.328   46.237   10.662
   1.923   47.516   11.698
   1.856   47.309    9.911
   2.133   48.375   10.684
  29.081   27.839   24.229
  28.617   26.713   23.646
  29.089   25.430   24.013
  28.608   24.262   23.408
  27.639   24.336   22.415
  29.544   28.965   24.812
  29.072   30.248   24.446
  27.092   23.503   23.069
  28.382   23.620   21.819
  26.826   24.383   21.581
  28.330   30.964   25.043
  29.619   31.081   23.792
  29.582   30.475   24.993
  46.928   34.067   15.972
  46.308   34.226   14.783
  46.279   33.200   13.810
  45.636   33.365   12.577
  45.001   34.562   12.273
  47.547   33.908   17.161
  47.577   34.935   18.135
  44.092   33.853   11.970
  45.621   34.483   11.259
  44.464   35.562   12.006
  46.957   35.013   19.149
  48.485   35.644   18.438
  47.983   34.400   18.533
  29.234   13.550   24.726
  29.354   12.249   25.063
  28.335   11.559   25.762
  28.459   10.209   26.112
  29.606    9.501   25.776
  29.115   14.852   24.388
  30.134   15.542   23.690
  28.831    8.699   25.356
  29.582    9.174   26.922
  30.563    8.895   25.500
  30.157   15.870   22.544
  30.908   16.344   24.109
  29.628   16.134   23.752
  42.561    7.588   14.004
  43.368    6.519   13.839
  43.230    5.347   14.620
  44.067    4.238   14.448
  45.073    4.261   13.490
  41.753    8.657   14.169
  41.892    9.829   13.388
  44.616    3.208   13.172
  45.758    3.883   14.388
  45.921    4.268   12.689
  41.206   10.208   12.490
  42.349   10.883   13.706
  41.288   10.064   13.826
  13.791   11.701   18.751
  15.117   11.927   18.860
  15.658   13.235   18.855
  17.033   13.470   18.969
  17.917   12.406   19.092
  12.465   11.474   18.641
  11.925   10.166   18.646
  18.345   13.036   20.009
  18.505   12.962   18.217
  18.671   11.522   19.196
  11.337    9.609   19.521
  11.497    9.536   17.729
  11.253   10.558   18.570
  17.781   44.799   37.216
  18.029   43.988   38.266
  17.040   43.688   39.232
  17.297   42.847   40.321
  18.553   42.276   40.484
  17.533   45.610   36.165
  18.523   45.910   35.199
  17.933   41.268   40.623
  18.453   42.689   41.597
  19.603   41.790   40.632
  18.623   45.497   34.086
  19.143   46.918   35.060
  17.943   46.333   34.892
  29.042   33.609   15.560
  29.980   33.623   14.589
  31.054   32.701   14.570
  32.027   32.716   13.563
  31.960   33.653   12.539
  28.105   33.594   16.531
  27.031   34.516   16.550
  32.110   32.702   11.836
  33.104   33.841   12.813
  31.916   34.433   11.674
  25.886   34.327   16.276
  26.881   35.466   17.253
  26.844   34.122   17.198
   7.306   31.852   48.558
   6.586   32.982   48.718
   5.743   33.183   49.837
   4.996   34.356   50.003
   5.066   35.369   49.055
   8.026   30.721   48.398
   8.869   30.521   47.279
   5.246   36.067   50.005
   3.876   35.321   49.106
   5.115   36.228   48.268
  10.058   30.569   47.228
   8.688   29.823   46.330
   9.004   29.840   47.637
  46.953   41.163   28.427
  46.577   42.196   29.210
  45.215   42.488   29.464
  44.825   43.559   30.276
  45.782   44.377   30.864
  47.329   40.130   27.643
  48.691   39.838   27.390
  45.153   44.179   31.857
  45.116   45.258   30.417
  46.575   45.071   31.364
  49.356   38.957   27.837
  49.319   40.036   26.397
  48.378   39.261   26.966
   4.089   18.965    4.018
   3.055   19.536    4.673
   2.750   19.216    6.017
   1.678   19.808    6.696
   0.874   20.742    6.055
   5.122   18.394    3.364
   5.427   18.714    2.020
   1.070   21.391    7.035
  -0.016   20.070    6.474
   0.191   21.527    5.529
   6.318   19.386    1.601
   5.232   18.065    1.039
   5.999   18.194    2.137
  35.977   46.061   45.154
  35.313   46.312   44.006
  34.056   45.726   43.722
  33.368   45.986   42.532
  33.911   46.842   41.581
  36.641   45.810   46.302
  37.898   46.396   46.585
  32.833   47.348   41.610
  33.659   45.954   40.828
  34.356   47.557   40.775
  38.150   47.283   47.339
  38.976   45.889   46.556
  37.823   45.982   47.243
  18.396   10.127    1.463
  19.528    9.393    1.449
  20.748    9.904    0.947
  21.922    9.143    0.932
  21.919    7.842    1.420
  17.263   10.862    1.477
  16.043   10.350    1.979
  22.878    8.206    2.028
  22.460    7.592    0.388
  21.930    6.749    1.827
  15.503   10.600    3.011
  15.085    9.986    1.372
  15.786   11.060    1.779
  17.612    7.194   34.515
  16.309    7.015   34.211
  15.895    6.155   33.165
  14.544    5.969   32.849
  13.559    6.635   33.568
  18.915    7.374   34.820
  19.329    8.233   35.865
  13.068    5.552   33.648
  13.150    6.925   32.487
  12.722    7.188   34.163
  19.738    7.943   36.946
  19.820    9.316   35.785
  20.037    7.997   35.635
  26.811    1.054   18.503
  25.469    1.115   18.374
  24.704   -0.001   17.959
  23.312    0.063   17.825
  22.635    1.245   18.100
  28.154    0.993   18.633
  28.919    2.109   19.047
  21.936    0.539   18.758
  22.125    1.047   17.041
  22.055    2.230   18.327
  29.429    2.307   20.106
  29.618    2.815   18.389
  29.507    1.602   18.962
  46.720   31.871   35.127
  45.525   32.470   35.312
  44.382   31.750   35.732
  43.142   32.371   35.923
  43.001   33.735   35.702
  47.916   31.272   34.942
  49.059   31.993   34.523
  42.484   33.724   36.775
  42.056   33.401   35.057
  42.869   34.879   35.520
  50.004   32.327   35.168
  49.577   32.004   33.449
  49.391   31.288   34.573
  36.786   25.733   40.957
  37.763   24.816   41.125
  38.955   25.110   41.828
  39.968   24.160   42.002
  39.824   22.880   41.479
  35.810   26.650   40.789
  34.618   26.356   40.085
  40.143   22.537   42.575
  40.915   23.078   41.041
  39.717   21.803   41.046
  33.527   26.158   40.523
  34.299   26.699   38.989
  34.454   27.098   40.265
  46.766   42.815   11.641
  46.379   43.919   12.315
  47.231   45.039   12.472
  46.830   46.183   13.171
  45.564   46.250   13.738
  47.152   41.711   10.967
  46.301   40.592   10.810
  45.513   47.304   13.185
  46.159   46.599   14.709
  44.504   46.319   14.219
  45.705   40.243    9.838
  46.351   39.538   11.363
  46.917   40.312   10.419
  19.781    9.484    9.268
  20.649    8.464    9.436
  20.227    7.113    9.436
  21.127    6.055    9.610
  22.481    6.310    9.789
  18.913   10.505    9.100
  19.335   11.855    9.100
  22.616    5.490    8.935
  22.365    5.569   10.716
  23.620    6.509    9.941
  19.451   12.596    8.174
  19.200   12.675    9.955
  18.573   11.982    8.987
  35.578   25.320   37.336
  36.326   26.033   38.205
  36.244   27.444   38.283
  37.020   28.183   39.184
  37.906   27.539   40.038
  34.830   24.607   36.468
  34.912   23.196   36.389
  37.381   28.206   40.874
  38.680   28.350   39.637
  38.653   27.010   40.761
  34.138   22.385   36.790
  35.437   22.529   35.553
  34.372   23.302   35.835
  24.001   22.328   25.721
  23.502   23.182   24.802
  22.514   24.141   25.129
  21.996   25.027   24.176
  22.447   24.984   22.863
  24.501   21.474   26.640
  25.488   20.514   26.313
  22.574   26.160   23.005
  21.284   24.971   22.601
  22.816   24.959   21.757
  26.650   20.527   26.574
  25.361   19.338   26.171
  25.414   20.337   27.070
  34.357   12.185   14.748
  33.327   12.720   14.059
  32.972   12.264   12.767
  31.903   12.818   12.052
  31.151   13.847   12.604
  35.388   11.651   15.437
  35.742   12.106   16.729
  30.226   13.167   12.285
  31.341   14.376   11.553
  30.511   14.712   13.056
  35.552   11.578   17.780
  36.667   12.786   17.049
  36.291   11.555   16.657
  28.616   27.082    7.373
  29.898   27.506    7.383
  30.987   26.602    7.377
  32.316   27.042    7.387
  32.604   28.401    7.405
  27.335   26.658    7.362
  26.246   27.562    7.369
  33.334   28.125    6.504
  33.327   28.104    8.304
  32.859   29.538    7.419
  25.523   27.859    6.469
  25.515   27.838    8.269
  25.833   26.899    7.359
  16.308    7.726   21.836
  15.370    8.424   22.510
  14.011    8.029   22.530
  13.038    8.753   23.229
  13.388    9.898   23.933
  17.247    7.028   21.163
  18.606    7.423   21.143
  12.778    9.384   24.818
  12.467   10.381   23.352
  13.669   10.861   24.528
  19.527    6.940   21.724
  19.216    7.937   20.258
  18.674    6.786   20.696
   0.351   15.773   24.457
   0.702   16.948   23.891
  -0.000   18.148   24.157
   0.364   19.365   23.570
   1.442   19.427   22.696
  -0.000   14.599   25.023
   0.702   13.399   24.758
   1.775   20.346   23.378
   0.674   20.008   21.995
   2.345   19.493   21.961
   1.470   12.818   25.459
   0.369   12.480   24.076
   0.172   13.105   25.251
  31.853   13.594    9.340
  31.033   12.733    9.979
  31.319   11.350   10.068
  30.468   10.458   10.730
  29.300   10.916   11.327
  32.674   14.455    8.702
  32.387   15.838    8.612
  29.693   10.299   12.268
  28.797   10.014   10.733
  28.317   11.287   11.832
  32.890   16.740    9.206
  31.995   16.455    7.671
  33.061   15.844    8.218
   5.459   31.650   10.841
   4.676   30.566   10.660
   5.217   29.287   10.387
   4.405   28.162   10.199
   3.022   28.276   10.279
   6.242   32.735   11.022
   5.701   34.014   11.295
   3.117   27.339   11.009
   3.045   27.685    9.244
   1.861   28.357   10.342
   5.679   34.604   12.330
   5.606   34.951   10.565
   6.456   34.214   11.304
   5.033   39.178   17.370
   4.069   38.779   18.226
   2.695   38.997   17.963
   1.695   38.583   18.851
   2.033   37.937   20.033
   5.998   39.577   16.514
   7.371   39.360   16.777
   1.210   37.148   19.685
   1.300   38.736   20.527
   2.302   37.393   21.029
   8.103   38.560   16.283
   8.194   40.148   17.125
   7.451   39.720   16.088
  31.013    4.774    6.975
  30.922    3.646    7.712
  29.859    2.727    7.548
  29.765    1.558    8.312
  30.730    1.266    9.268
  31.103    5.901    6.238
  32.167    6.820    6.401
  30.747    0.199    8.737
  29.789    1.086    9.976
  31.534    1.009   10.073
  33.108    7.000    5.693
  32.150    7.887    6.932
  31.785    7.199    5.835
  46.452   38.805   31.563
  45.197   38.439   31.900
  44.807   37.082   31.979
  43.505   36.703   32.329
  42.548   37.669   32.613
  47.708   39.170   31.226
  48.098   40.528   31.147
  42.356   37.006   33.585
  41.879   37.043   31.849
  41.734   38.469   32.853
  48.767   41.153   31.910
  48.290   41.190   30.175
  48.784   40.209   30.952
  28.181   31.885   44.465
  28.886   33.036   44.425
  28.253   34.301   44.389
  28.984   35.495   44.347
  30.373   35.466   44.340
  27.477   30.734   44.505
  28.109   29.468   44.541
  30.265   36.266   45.216
  30.253   36.210   43.417
  31.539   35.455   44.332
  28.228   28.724   45.464
  28.217   28.668   43.665
  27.370   29.218   44.553
  16.938   30.920   38.382
  18.206   31.155   38.782
  19.096   30.104   39.108
  20.411   30.347   39.523
  20.883   31.649   39.626
  15.670   30.686   37.982
  14.780   31.737   37.656
  21.800   31.229   38.991
  21.248   31.294   40.703
  21.292   32.738   39.717
  14.416   32.093   36.578
  13.864   32.157   38.290
  14.294   31.141   37.521
  26.171   27.974   10.365
  25.212   27.032   10.489
  25.485   25.655   10.308
  24.490   24.679   10.437
  23.187   25.044   10.751
  27.130   28.916   10.240
  26.857   30.292   10.421
  23.286   24.192   11.579
  22.907   24.347    9.826
  22.089   25.336   11.014
  27.137   30.989   11.346
  26.758   31.144    9.594
  27.619   30.355   10.262
  10.225   29.600   12.889
  11.287   28.951   12.365
  11.470   27.557   12.528
  12.571   26.884   11.985
  13.529   27.582   11.259
   9.164   30.248   13.413
   8.981   31.642   13.250
  13.366   26.714   10.459
  14.295   27.012   11.972
  14.340   28.154   10.648
   8.215   32.212   12.538
   9.144   32.510   14.050
   8.340   31.500   13.672
  35.783    1.689   12.949
  36.660    2.245   13.812
  38.032    2.389   13.499
  38.941    2.965   14.395
  38.510    3.417   15.635
  34.907    1.134   12.085
  33.534    0.989   12.399
  39.102    4.407   15.336
  39.435    2.785   16.042
  38.162    3.801   16.680
  32.610    1.621   11.992
  32.942   -0.001   12.698
  33.514    0.674   11.684
   5.102   39.430   10.114
   3.978   38.973    9.522
   2.796   39.749    9.457
   1.631   39.275    8.843
   1.605   38.009    8.273
   6.226   39.887   10.705
   7.408   39.111   10.770
   1.144   38.583    7.335
   0.601   37.887    8.904
   1.569   36.948    7.790
   8.411   39.232   10.139
   7.868   38.537   11.708
   7.676   39.743   11.143
  29.045   12.501   49.702
  27.721   12.327   49.500
  26.760   13.238   50.000
  25.388   13.058   49.791
  24.927   11.961   49.074
  30.368   12.674   49.904
  31.329   11.764   49.404
  24.299   12.778   48.477
  24.191   11.828   50.002
  24.527   11.044   48.475
  32.065   11.896   48.476
  31.957   10.946   50.001
  31.823   12.261   49.748
  26.414    7.545   14.803
  26.951    6.712   13.886
  26.227    5.622   13.348
  26.784    4.758   12.397
  28.085    4.954   11.951
  25.877    8.377   15.720
  26.601    9.467   16.259
  27.592    4.852   10.871
  28.203    3.792   12.192
  29.176    5.106   11.568
  26.483   10.628   16.018
  27.094    9.569   17.339
  25.936    9.576   16.654
  39.009    6.431    9.137
  39.951    7.364    9.389
  41.326    7.123    9.159
  42.303    8.091    9.420
  41.940    9.334    9.922
  38.066    5.497    8.885
  36.691    5.738    9.116
  42.628    9.746    9.040
  42.800    9.119   10.718
  41.649   10.382   10.343
  35.832    5.954    8.319
  36.004    5.327    9.998
  36.627    5.007    8.849
   6.920   25.159   36.509
   5.710   24.716   36.107
   4.607   25.588   35.947
   3.351   25.128   35.531
   3.155   23.780   35.259
   8.130   25.602   36.911
   9.233   24.731   37.070
   2.671   24.187   34.249
   2.203   23.910   35.965
   2.976   22.651   35.028
  10.184   24.600   36.365
   9.716   24.323   38.080
   9.591   25.393   37.275
  39.600   32.400   23.262
  39.058   32.709   24.459
  38.795   34.046   24.840
  38.233   34.367   26.081
  37.913   33.362   26.986
  40.143   32.090   22.065
  40.406   30.753   21.684
  36.864   33.925   27.042
  38.512   34.045   27.757
  37.640   32.529   27.755
  39.807   30.070   20.913
  41.455   30.191   21.628
  40.663   31.101   21.034
  11.623   47.411   28.343
  11.455   46.077   28.228
  10.180   45.470   28.322
  10.006   44.086   28.203
  11.100   43.259   27.985
  11.791   48.746   28.457
  13.066   49.352   28.363
  10.424   42.813   27.111
  10.642   42.632   28.889
  12.010   42.554   27.802
  13.524   49.979   27.459
  13.742   49.799   29.236
  12.648   50.002   28.480
  12.556   18.821   47.913
  12.615   17.798   47.034
  13.817   17.096   46.779
  13.878   16.036   45.867
  12.739   15.639   45.178
  12.498   19.844   48.792
  11.296   20.546   49.047
  13.054   14.550   45.544
  13.450   15.708   44.224
  11.790   15.296   44.592
  10.584   20.477   50.000
  10.981   21.635   48.680
  11.757   20.944   49.535
   3.942    9.784   44.694
   4.559    9.856   45.892
   5.518    8.899   46.301
   6.158    8.975   47.544
   5.862   10.010   48.422
   3.325    9.711   43.495
   2.366   10.668   43.086
   7.047   10.124   48.481
   5.740    9.128   49.215
   5.624   10.873   49.169
   2.489   11.549   42.293
   1.182   10.553   43.027
   2.349   10.220   42.446
  23.721   27.172   30.202
  25.049   26.995   30.040
  26.000   27.751   30.766
  27.378   27.568   30.598
  27.854   26.623   29.698
  22.392   27.348   30.364
  21.441   26.592   29.638
  28.530   26.279   30.617
  28.536   27.522   29.315
  28.267   25.833   28.946
  20.759   25.694   30.021
  20.765   26.936   28.719
  20.939   27.026   30.050
  27.482   41.190   22.542
  27.027   40.273   21.661
  25.749   39.680   21.789
  25.277   38.729   20.877
  26.067   38.337   19.804
  27.937   42.107   23.422
  29.216   42.699   23.294
  25.082   38.552   19.168
  25.792   37.237   20.171
  26.720   37.998   18.898
  29.491   43.799   22.926
  30.201   42.484   23.929
  28.991   43.072   23.942
  44.435   40.206   29.219
  45.006   40.035   28.008
  44.337   39.376   26.949
  44.930   39.199   25.693
  46.212   39.675   25.451
  43.864   40.377   30.430
  44.533   41.035   31.489
  45.712   40.150   24.479
  46.398   38.578   25.024
  47.288   40.069   25.234
  44.347   42.133   31.915
  45.033   40.560   32.461
  43.868   40.876   31.867
  42.050   12.138    5.394
  43.295   12.502    5.767
  44.133   13.277    4.930
  45.424   13.655    5.317
  45.924   13.271    6.555
  40.805   11.774    5.021
  39.967   11.000    5.858
  46.208   14.424    6.652
  46.868   12.919    5.919
  46.356   12.956    7.592
  39.023   11.352    6.494
  39.683    9.846    5.761
  39.475   11.076    5.257
  47.636   14.598   27.473
  47.011   15.356   28.399
  47.396   15.348   29.760
  46.748   16.134   30.720
  45.690   16.957   30.352
  48.261   13.839   26.548
  47.876   13.848   25.187
  46.296   17.786   30.957
  45.140   16.444   31.276
  44.802   17.652   30.057
  48.426   14.361   24.263
  47.270   13.019   24.582
  48.459   13.332   25.128
   3.536   24.809   21.741
   4.462   25.785   21.853
   5.850   25.511   21.815
   6.809   26.524   21.932
   6.416   27.846   22.090
   2.611   23.833   21.629
   1.223   24.107   21.667
   7.188   28.046   21.204
   7.195   27.834   22.992
   6.099   28.961   22.224
   0.444   24.119   20.766
   0.451   23.907   22.553
   1.176   23.333   21.576
  36.458   24.872   28.626
  36.070   24.041   29.617
  35.523   24.525   30.829
  35.120   23.664   31.857
  35.251   22.288   31.709
  36.847   25.702   27.635
  37.394   25.219   26.423
  34.115   22.273   32.069
  35.765   22.353   32.782
  35.355   21.132   31.599
  36.880   25.154   25.350
  38.530   25.234   26.063
  37.428   25.981   26.258
  39.967   17.715   21.298
  38.658   18.023   21.172
  38.227   19.248   20.612
  36.870   19.568   20.481
  35.896   18.672   20.906
  41.275   17.407   21.424
  41.707   16.181   21.984
  35.428   18.872   19.828
  35.447   19.625   21.463
  35.068   17.930   21.258
  42.155   15.228   21.426
  42.175   15.982   23.061
  42.411   16.484   21.835
   4.357   19.746   26.726
   3.382   20.587   26.322
   3.548   21.452   25.215
   2.536   22.325   24.797
   1.322   22.364   25.471
   5.332   18.904   27.129
   5.166   18.039   28.237
   0.860   22.266   24.377
   1.508   23.541   25.470
   0.299   22.407   26.028
   4.980   16.862   28.238
   5.629   18.137   29.331
   5.895   17.830   28.048
  23.422   19.591   38.347
  24.481   19.799   39.158
  24.491   20.827   40.130
  25.590   21.042   40.970
  26.718   20.237   40.868
  22.362   19.383   37.537
  22.352   18.355   36.565
  26.597   20.142   42.050
  27.298   21.278   40.842
  27.671   19.569   40.793
  21.771   17.314   36.591
  22.472   18.450   35.383
  21.640   18.643   36.422
  39.537   14.042    4.723
  38.672   13.125    5.204
  37.747   13.433    6.230
  36.849   12.482    6.730
  36.844   11.189    6.222
  40.403   14.959    4.241
  41.328   14.651    3.215
  35.669   11.368    6.133
  36.879   10.876    7.371
  36.829   10.101    5.804
  41.292   14.964    2.065
  42.503   14.472    3.304
  41.528   15.399    3.316
   1.434   26.987    5.885
   1.310   26.874    4.546
   2.436   26.802    3.692
   2.307   26.684    2.302
   1.048   26.636    1.718
   1.558   27.100    7.225
   0.432   27.173    8.079
   1.490   25.685    1.152
   1.491   27.478    1.001
  -0.003   26.594    1.214
  -0.011   26.331    8.796
  -0.010   28.125    8.644
   0.985   27.219    8.628
   3.297    4.009   18.064
   4.500    3.435   18.279
   5.156    2.671   17.284
   6.403    2.076   17.507
   7.040    2.224   18.733
   2.094    4.582   17.849
   1.439    5.346   18.844
   7.977    2.527   18.063
   7.161    1.040   18.665
   7.585    2.339   19.757
   1.318    6.529   18.912
   0.501    5.043   19.514
   0.899    5.415   18.284
  37.519   36.513   12.671
  36.195   36.776   12.633
  35.693   38.099   12.643
  34.320   38.371   12.604
  33.401   37.331   12.554
  38.842   36.250   12.708
  39.345   34.927   12.698
  32.939   37.956   11.651
  32.881   37.920   13.449
  32.619   36.467   12.511
  39.865   34.337   11.803
  39.807   34.302   13.601
  40.030   35.300   12.728
   9.821   21.401   38.378
  10.630   22.337   37.838
  11.595   22.017   36.854
  12.435   22.987   36.295
  12.340   24.313   36.700
   9.011   20.465   38.917
   8.046   20.785   39.901
  12.306   24.532   35.529
  13.522   24.225   36.821
  12.270   25.429   37.031
   6.864   20.872   39.781
   8.079   20.565   41.072
   7.901   20.019   39.856
  46.428   24.979   45.222
  46.411   24.489   43.964
  45.521   24.979   42.980
  45.503   24.471   41.675
  46.375   23.454   41.309
  46.445   25.469   46.479
  47.336   24.978   47.464
  46.612   24.167   40.384
  45.390   22.941   40.878
  47.102   22.600   40.988
  48.321   25.491   47.894
  47.099   24.265   48.389
  46.976   25.514   47.904
  37.802   22.448   40.175
  38.266   23.486   39.447
  37.639   23.901   38.248
  38.120   24.977   37.494
  39.245   25.678   37.911
  37.339   21.409   40.903
  37.965   20.994   42.102
  38.559   26.634   37.725
  39.607   25.509   36.788
  40.188   26.274   38.250
  37.604   21.163   43.225
  38.651   20.038   42.288
  37.391   20.466   42.094
   7.104   16.527    7.947
   8.383   16.468    8.375
   9.344   15.633    7.757
  10.670   15.573    8.201
  11.083   16.345    9.280
   5.825   16.585    7.518
   4.864   17.420    8.137
  11.974   16.652    8.552
  11.537   15.316    9.676
  11.442   16.987   10.184
   4.411   18.448    7.741
   3.973   17.112    8.865
   4.400   17.112    7.589
  11.876   19.785   38.039
  12.336   19.407   36.827
  12.463   20.320   35.754
  12.939   19.928   34.498
  13.306   18.607   34.269
  11.417   20.164   39.251
  11.290   19.250   40.324
  14.297   19.096   33.824
  12.615   18.719   33.304
  13.617   17.502   34.064
  11.980   19.139   41.289
  10.299   18.762   40.769
  11.033   19.887   40.696
  43.404   20.029    4.480
  43.947   20.701    5.518
  44.354   22.052    5.405
  44.916   22.749    6.481
  45.091   22.120    7.708
  42.862   19.356    3.443
  42.455   18.006    3.555
  44.556   23.095    8.137
  46.197   22.558    7.627
  45.244   21.605    8.743
  41.349   17.568    3.635
  42.990   17.031    3.126
  42.258   18.114    2.807
   6.601   25.363   25.557
   7.840   25.235   25.038
   8.594   26.353   24.610
   9.879   26.220   24.072
  10.457   24.963   23.942
   5.361   25.492   26.077
   4.607   24.373   26.505
  11.388   25.479   24.477
  10.682   25.325   22.829
  10.954   23.914   23.828
   4.383   24.012   27.618
   3.676   23.857   25.969
   4.084   24.926   26.677
  35.071   32.212   15.172
  36.170   31.428   15.155
  36.084   30.017   15.102
  37.224   29.204   15.084
  38.490   29.774   15.118
  33.972   32.996   15.190
  34.059   34.407   15.242
  38.698   29.051   14.193
  38.679   28.986   15.992
  39.560   30.239   15.146
  33.869   35.195   14.369
  33.851   35.130   16.167
  33.280   34.349   15.232
   8.889   34.654   36.188
   8.757   33.340   35.909
   9.825   32.427   36.076
   9.688   31.064   35.787
   8.478   30.566   35.319
   9.022   35.969   36.467
   7.954   36.882   36.299
   8.631   29.752   36.176
   9.159   30.059   34.483
   7.469   30.134   34.926
   7.273   37.389   37.136
   7.801   37.696   35.442
   8.488   37.390   36.558
   7.631   16.999   34.738
   8.518   16.191   35.356
   9.785   15.901   34.797
  10.706   15.064   35.439
  10.392   14.487   36.663
   6.743   17.806   34.119
   5.476   18.096   34.678
  11.460   14.906   36.987
  10.758   13.483   36.136
  10.142   13.996   37.691
   5.110   19.101   35.205
   4.408   17.678   34.355
   5.404   18.521   34.027
  20.682   22.615   41.941
  19.613   22.928   42.704
  19.751   23.398   44.031
  18.642   23.722   44.822
  17.356   23.587   44.314
  21.751   22.303   41.178
  21.613   21.832   39.850
  17.216   24.696   44.726
  17.155   23.003   45.333
  16.271   23.478   43.900
  21.814   22.416   38.831
  21.753   20.723   39.438
  22.393   21.817   39.888
  22.161   28.943   28.323
  21.432   29.102   29.447
  21.927   29.807   30.570
  21.170   29.971   31.736
  19.891   29.437   31.821
  22.891   28.785   27.198
  22.396   28.080   26.076
  19.601   30.529   32.199
  20.283   28.999   32.858
  18.815   28.994   31.906
  22.003   28.518   25.039
  22.686   26.988   25.698
  23.095   28.266   25.783
  12.517   46.344   23.026
  13.323   47.146   22.297
  13.801   46.768   21.020
  14.636   47.599   20.265
  15.024   48.838   20.759
  11.711   45.543   23.754
  11.233   45.921   25.031
  14.673   49.229   19.690
  16.116   48.473   20.454
  15.356   49.881   21.162
  10.140   46.286   25.336
  11.584   45.530   26.101
  10.888   45.222   24.992
  20.236   12.524   39.203
  19.469   13.631   39.296
  18.269   13.651   40.046
  17.473   14.798   40.142
  17.849   15.967   39.492
  21.004   11.417   39.110
  22.204   11.397   38.360
  17.646   16.469   40.553
  16.726   15.953   39.095
  18.153   16.955   38.951
  23.327   11.411   38.757
  22.407   10.895   37.299
  22.222   10.657   38.610
   3.930   49.166    7.140
   5.262   48.952    7.130
   6.194   50.015    7.200
   7.576   49.792    7.190
   8.076   48.499    7.111
   2.597   49.381    7.149
   1.666   48.317    7.080
   8.745   48.840    8.036
   8.751   48.952    6.240
   8.510   47.418    7.045
   0.991   47.864    7.951
   0.996   47.976    6.154
   1.153   48.905    7.115
   7.837   47.483   18.066
   8.761   47.299   19.033
   9.063   46.016   19.548
  10.022   45.826   20.550
  10.713   46.911   21.073
   6.912   47.667   17.100
   6.610   48.950   16.585
  11.672   46.235   20.866
  10.399   46.440   22.122
  11.300   47.814   21.521
   6.924   49.421   15.536
   5.651   49.626   16.793
   6.111   48.539   16.146
  20.403   23.723   10.770
  19.706   23.881    9.625
  19.147   25.126    9.253
  18.423   25.290    8.066
  18.233   24.214    7.209
  21.101   23.565   11.915
  21.660   22.319   12.287
  18.611   24.978    6.376
  17.091   24.555    7.244
  18.065   23.319    6.480
  22.801   21.978   12.252
  21.282   21.555   13.120
  21.899   22.732   12.906
  25.073   14.526    1.563
  25.944   15.555    1.627
  25.753   16.747    0.889
  26.656   17.814    0.956
  27.783   17.728    1.764
  24.202   13.496    1.498
  24.393   12.305    2.237
  27.424   18.795    2.156
  28.354   18.094    0.783
  28.733   17.669    2.438
  23.823   11.939    3.217
  24.753   11.238    1.844
  23.725   12.105    1.885
  22.859   19.226   27.911
  23.729   18.194   27.900
  25.113   18.378   28.134
  26.015   17.308   28.124
  25.567   16.016   27.878
  21.989   20.258   27.921
  20.605   20.075   27.687
  26.195   15.751   28.856
  26.462   15.994   27.092
  25.203   14.927   27.674
  19.710   20.097   28.473
  19.977   20.340   26.710
  20.593   20.849   27.791
   1.627    3.732   40.909
   1.440    5.063   41.037
   1.136    5.888   39.928
   0.942    7.268   40.061
   1.045    7.872   41.308
   1.814    2.401   40.780
   2.118    1.576   41.889
  -0.000    8.362   41.012
   1.757    8.636   40.734
   1.128    8.392   42.348
   1.406    0.812   42.463
   3.163    1.086   42.185
   2.118    1.020   41.341
  44.553   26.289    6.802
  43.664   25.445    7.368
  43.253   24.251    6.730
  42.332   23.375    7.316
  41.789   23.663    8.562
  45.442   27.133    6.236
  45.853   28.328    6.874
  42.103   22.541    8.814
  40.753   23.429    8.020
  41.325   23.892    9.607
  46.888   28.561    7.416
  45.538   29.449    6.622
  46.282   28.401    6.225
  32.301   22.335   11.125
  31.751   21.807   10.010
  32.541   21.324    8.940
  31.970   20.777    7.785
  30.589   20.694    7.658
  32.851   22.862   12.239
  32.061   23.345   13.309
  30.816   19.564    7.354
  30.787   21.196    6.596
  29.432   20.618    7.539
  31.864   22.843   14.371
  31.835   24.475   13.613
  32.762   23.501   13.616
  43.296   32.578   39.744
  43.854   31.372   39.510
  43.128   30.167   39.666
  43.706   28.915   39.422
  45.031   28.824   39.014
  42.739   33.785   39.979
  43.465   34.990   39.823
  44.585   28.111   38.169
  45.109   28.018   39.889
  46.142   28.733   38.671
  43.386   35.795   38.949
  43.910   35.702   40.668
  42.785   35.304   40.047
  47.915   34.884   34.205
  47.792   33.618   33.754
  46.553   33.098   33.309
  46.426   31.784   32.841
  47.532   30.944   32.801
  48.038   36.151   34.656
  49.277   36.671   35.101
  47.172   30.738   31.684
  46.807   30.178   33.355
  48.452   30.229   32.763
  50.001   37.438   34.546
  49.636   36.878   36.218
  48.844   37.311   35.220
  28.802   12.915   42.657
  28.380   13.768   43.615
  29.107   14.933   43.955
  28.669   15.817   44.948
  27.489   15.568   45.637
  29.224   12.063   41.699
  28.496   10.897   41.359
  27.243   16.702   45.365
  28.161   15.768   46.600
  26.500   15.371   46.222
  27.824   10.697   40.395
  28.742    9.764   41.631
  29.085   10.807   40.853
   9.924   27.110   42.637
  17.577   41.752   44.565
   2.046   43.339   30.859
  25.875   36.820   41.360
   7.777   32.673   29.654
  22.492   49.829    5.716
  44.342   18.405   24.904
   9.526   48.690   20.556
  34.422   38.727   38.188
  26.180   32.058   16.826
   8.349   43.150   36.283
  12.673   24.645   11.510
  20.728   47.322   47.087
  24.844   28.910   34.310
  50.000   34.905   23.062
  16.069   27.969    7.876
  34.608   44.347   45.345
  38.384    7.255   44.621
  37.509   21.622   33.907
  41.503   29.485   18.232
  26.526   29.736    7.763
  31.561   12.767   16.525
  17.491   40.815   35.574
  50.000   43.700   43.765
   1.913   11.731   11.607
  27.717   43.743   18.971
  18.966   42.814   25.814
  18.808   48.632   50.000
  30.551   38.346   42.981
   9.209   42.304   33.964
  26.616   22.941   42.296
  28.547   37.557   42.365
  17.801   21.710   43.244
  35.408    4.444   26.568
  23.267   11.741   31.807
  22.295   42.070   49.034
  48.707   19.095    5.260
   5.200    1.462    6.260
  47.187   35.899   36.668
  23.595   19.836    3.460
  25.520    6.328   16.434
  26.703    7.943   31.646
  30.076   10.140   29.276
  35.542   24.725   47.280
  32.480   32.585   29.282
  11.766    1.366   33.293
  47.088   49.568   35.951
  22.797   27.701    3.776
  45.693    6.084    4.888
  19.092    1.967    3.834
  43.482   16.870   40.409
  16.830   24.904   25.674
  20.985   13.833   34.517
  16.274   37.389   48.484
  37.191   39.770   18.378
  13.806   19.502   44.145
  39.510   40.936   43.158
  23.426   39.797   20.355
   6.703   44.908    2.854
  47.365    2.902   29.548
  16.008   30.002   49.611
   5.118   18.876   19.358
  40.738   10.423   26.143
  43.453    9.147   39.798
  24.232    0.369   27.166
   5.675   41.504   30.884
   8.516   23.757   41.813
  32.235   36.766    6.919
  39.244   47.504    3.068
  27.088    1.187   16.325
  46.895   43.863   36.926
  36.284    6.387   22.245
  19.711   17.880    7.190
  34.595   42.894    6.716
  20.866   10.173   23.955
   1.535   43.562   18.348
   1.704   44.521   19.618
   1.365   42.603   17.079
  -0.001   43.326   18.732
   3.070   43.798   17.965
   1.952   42.303   19.244
   1.118   44.821   17.453
  48.896   31.153   26.801
  49.707   30.913   25.443
  48.084   31.393   28.159
  49.709   29.964   27.497
  48.083   32.343   26.105
  47.782   30.110   26.320
  50.010   32.196   27.283
   1.433   28.870   38.274
  -0.008   29.207   38.882
   2.875   28.533   37.667
   0.871   27.482   37.710
   1.995   30.258   38.838
   1.841   28.149   39.643
   1.025   29.591   36.906
   3.408   15.226    3.370
   3.696   16.759    3.729
   3.121   13.694    3.011
   4.717   14.791    4.181
   2.100   15.662    2.558
   4.283   15.374    2.038
   2.533   15.079    4.701
  33.042   34.904   21.301
  31.831   34.429   22.232
  34.253   35.380   20.370
  33.739   35.600   22.562
  32.345   34.209   20.040
  32.262   36.264   20.981
  33.822   33.544   21.620
  19.746   41.588   37.656
  20.432   42.497   36.532
  19.061   40.678   38.780
  18.303   42.092   37.185
  21.190   41.083   38.128
  19.833   42.803   38.693
  19.660   40.372   36.620
  21.719    3.695   24.005
  21.163    3.871   22.515
  22.274    3.518   25.495
  20.469    4.520   24.569
  22.968    2.869   23.441
  22.550    5.054   23.857
  20.887    2.335   24.154
  27.705   10.744    2.581
  27.018   10.193    1.245
  28.391   11.295    3.917
  26.289   10.702    3.325
  29.120   10.785    1.836
  27.413   12.245    2.111
  27.996    9.242    3.050
  25.262   42.928   20.529
  24.800   41.603   21.298
  25.723   44.253   19.760
  26.659   42.235   20.173
  23.864   43.622   20.885
  25.890   43.496   21.886
  24.633   42.360   19.172
  23.559   11.935   28.681
  23.685   10.657   29.637
  23.433   13.212   27.726
  23.601   12.895   29.960
  23.518   10.974   27.402
  21.965   11.859   28.790
  25.154   12.010   28.573
  34.461   39.964   40.630
  35.338   41.270   40.928
  33.585   38.659   40.333
  33.979   40.604   39.245
  34.944   39.325   42.015
  33.213   40.633   41.375
  35.710   39.296   39.886
  36.435   41.533   14.433
  37.878   41.182   13.837
  34.992   41.884   15.028
  37.071   42.749   15.256
  35.799   40.318   13.609
  36.707   40.554   15.668
  36.163   42.513   13.197
  15.687   38.744   16.505
  14.483   39.537   15.810
  16.890   37.952   17.200
  14.898   37.367   16.301
  16.475   40.122   16.709
  14.987   38.934   17.931
  16.386   38.555   15.078
  44.278   41.810   41.215
  44.238   43.095   40.262
  44.318   40.525   42.168
  44.757   40.910   39.982
  43.799   42.710   42.449
  42.752   41.494   40.853
  45.804   42.126   41.577
  35.010   26.351   12.621
  34.912   27.590   11.613
  35.107   25.113   13.629
  35.192   25.357   11.381
  34.827   27.346   13.861
  33.423   26.161   12.540
  36.596   26.542   12.702
  16.006   35.318   34.644
  16.665   33.887   34.366
  15.348   36.750   34.921
  14.736   34.905   33.762
  17.276   35.731   35.525
  16.723   35.901   33.337
  15.289   34.735   35.950
  25.462   12.878   43.763
  24.385   13.232   44.892
  26.539   12.523   42.634
  26.286   14.199   44.134
  24.639   11.557   43.392
  24.613   13.708   42.691
  26.312   12.047   44.834
  39.441   12.936    9.192
  40.315   12.439    7.947
  38.566   13.433   10.436
  40.710   13.718    9.772
  38.171   12.154    8.612
  39.869   11.632   10.014
  39.013   14.240    8.370
  26.977   37.690   45.487
  26.751   39.274   45.490
  27.202   36.106   45.484
  28.561   37.915   45.468
  25.393   37.464   45.506
  26.957   37.690   43.887
  26.996   37.690   47.087
  29.391   45.635    4.547
  30.474   44.606    3.974
  28.309   46.664    5.121
  30.479   46.208    5.572
  28.304   45.062    3.523
  28.938   44.552    5.634
  29.845   46.718    3.460
  13.998   48.856   15.573
  14.946   48.165   14.485
  13.050   49.547   16.662
  12.848   47.793   15.247
  15.148   49.919   15.900
  13.416   49.832   14.447
  14.580   47.881   16.700
  16.882    9.875   14.471
  16.272    8.953   13.315
  17.492   10.797   15.628
  18.240   10.021   13.638
  15.524    9.728   15.304
  17.468    8.575   15.198
  16.296   11.174   13.744
   7.673   44.848   23.479
   7.504   45.005   25.063
   7.842   44.691   21.896
   8.145   43.332   23.680
   7.202   46.364   23.279
   9.193   45.336   23.593
   6.154   44.360   23.366
  32.982   43.972   20.747
  33.506   45.405   21.230
  32.459   42.539   20.265
  34.252   43.833   19.784
  31.713   44.111   21.711
  32.161   44.670   19.565
  33.803   43.274   21.930
   9.143    1.442   34.046
   8.559    2.525   35.069
   9.728    0.360   33.024
   8.344    0.287   34.812
   9.943    2.597   33.281
  10.400    1.211   35.010
   7.887    1.674   33.083
  29.652   24.451   19.288
  28.923   24.034   17.926
  30.380   24.868   20.651
  29.527   22.946   19.815
  29.776   25.957   18.761
  28.232   24.797   19.941
  31.071   24.105   18.636
  34.449    4.664    2.493
  35.651    3.656    2.806
  33.246    5.672    2.180
  35.428    5.907    2.731
  33.469    3.421    2.255
  34.056    4.677    4.044
  34.842    4.651    0.942
   1.308    1.582   45.955
   0.405    1.495   47.273
   2.210    1.669   44.637
   2.607    1.811   46.860
   0.008    1.353   45.050
   1.070    3.163   45.897
   1.545    0.001   46.014
  25.266   44.336   47.574
  25.581   43.943   49.093
  24.951   44.729   46.056
  25.786   45.823   47.851
  24.746   42.848   47.297
  23.786   44.774   47.995
  26.746   43.897   47.153
  48.174   38.035   20.479
  48.271   36.462   20.752
  48.077   39.609   20.205
  48.509   37.787   18.934
  47.839   38.283   22.023
  49.736   38.186   20.793
  46.613   37.884   20.164
  12.111   40.858   44.902
  11.458   40.104   43.651
  12.763   41.612   46.153
  10.932   41.939   44.865
  13.290   39.777   44.938
  12.973   41.764   43.905
  11.248   39.951   45.899
  44.556    4.686   39.677
  45.666    3.567   39.950
  43.446    5.806   39.404
  45.634    5.829   39.982
  43.479    3.544   39.372
  44.148    4.659   41.224
  44.964    4.714   38.130
  13.673   44.025   29.814
  14.416   45.441   29.829
  12.929   42.608   29.800
  15.089   43.281   29.824
  12.256   44.769   29.805
  13.688   44.033   28.215
  13.657   44.017   31.414
  14.965   30.775   17.162
  14.948   31.090   18.730
  14.982   30.460   15.593
  13.722   31.760   16.951
  16.208   29.790   17.373
  13.958   29.554   17.396
  15.972   31.996   16.928
  34.142   44.316    4.358
  32.742   44.860    3.806
  35.541   43.772    4.910
  33.451   42.923    4.736
  34.833   45.709    3.980
  33.789   44.885    5.811
  34.494   43.747    2.905
   1.111   32.790   48.165
   2.224   31.641   48.198
  -0.002   33.939   48.132
   2.222   33.853   47.725
  -0.000   31.726   48.605
   1.405   33.119   49.703
   0.817   32.461   46.627
  21.111   25.997    5.737
  19.735   26.280    4.973
  22.488   25.713    6.501
  20.409   26.345    7.132
  21.814   25.649    4.342
  21.525   27.533    5.562
  20.698   24.461    5.912
  10.035   21.461   22.529
   9.833   21.073   20.989
  10.237   21.848   24.068
  11.610   21.607   22.285
   8.461   21.314   22.772
  10.235   19.915   22.892
   9.835   23.006   22.166
  46.073   34.890    6.523
  46.089   34.166    7.950
  46.056   35.615    5.097
  47.466   35.598    6.867
  44.679   34.182    6.180
  45.286   36.129    7.162
  46.859   33.652    5.885
  40.597   27.141    8.729
  39.085   27.627    8.541
  42.110   26.655    8.916
  40.149   25.633    8.438
  41.046   28.649    9.019
  40.332   26.919   10.291
  40.863   27.363    7.166
  44.655   17.188   36.337
  45.129   16.887   37.835
  44.181   17.488   34.838
  44.663   15.619   36.019
  44.646   18.756   36.654
  46.183   17.289   35.874
  43.127   17.086   36.799
  15.003   21.140   36.808
  15.680   20.853   38.229
  14.327   21.428   35.387
  15.101   22.714   37.080
  14.906   19.567   36.536
  13.557   21.112   37.491
  16.450   21.169   36.125
  16.790   44.837   17.088
  15.713   44.115   18.025
  17.867   45.559   16.150
  16.222   44.041   15.821
  17.359   45.633   18.354
  17.828   43.651   17.367
  15.752   46.022   16.808
  19.400   25.135   40.879
  19.156   26.610   41.450
  19.643   23.661   40.307
  18.220   24.581   41.807
  20.579   25.690   39.950
  20.453   24.855   42.050
  18.346   25.415   39.707
  16.683   43.166   33.429
  17.744   42.745   34.550
  15.621   43.587   32.308
  16.506   44.593   34.132
  16.859   41.740   32.726
  15.499   42.576   34.329
  17.867   43.756   32.529
  11.341   27.471   15.541
  10.299   27.981   16.643
  12.383   26.962   14.439
  12.067   28.897   15.569
  10.615   26.046   15.513
  10.368   27.990   14.382
  12.314   26.953   16.700
  37.027   18.051    2.407
  37.099   19.646    2.306
  36.955   16.456    2.508
  35.430   18.120    2.356
  38.625   17.982    2.458
  36.980   18.154    4.003
  37.074   17.947    0.811
  23.792   32.752   37.398
  24.268   32.488   35.893
  23.316   33.015   38.903
  24.329   31.305   37.821
  23.256   34.198   36.975
  22.362   32.121   37.056
  25.223   33.382   37.740
  23.177   37.938   23.443
  23.908   36.533   23.218
  22.445   39.343   23.669
  21.755   37.224   23.280
  24.599   38.653   23.607
  23.220   38.213   21.868
  23.134   37.664   25.019
  40.053   46.040   19.901
  41.064   45.702   21.094
  39.043   46.379   18.707
  40.575   47.553   19.888
  39.532   44.528   19.914
  38.928   46.438   20.966
  41.179   45.643   18.835
  10.927   27.745    2.017
   9.816   28.470    1.123
  12.038   27.020    2.911
  10.363   26.319    1.561
  11.491   29.171    2.473
   9.923   27.744    3.263
  11.930   27.746    0.771
  29.055   24.446    5.876
  29.335   22.943    6.349
  28.775   25.948    5.403
  28.618   23.910    4.433
  29.492   24.982    7.319
  30.568   24.569    5.372
  27.541   24.323    6.380
  32.381   10.500   42.344
  32.132   11.810   41.460
  32.630    9.189   43.227
  32.691    9.663   41.016
  32.071   11.336   43.672
  30.831   10.122   42.221
  33.931   10.878   42.467
  11.273   43.307   19.132
  11.428   44.900   19.135
  11.118   41.715   19.130
  12.865   43.152   19.139
   9.680   43.462   19.126
  11.280   43.309   17.532
  11.266   43.306   20.732
  45.303   14.044   41.489
  43.976   14.915   41.290
  46.630   13.172   41.687
  46.112   15.366   41.882
  44.493   12.721   41.095
  45.681   14.270   39.951
  44.924   13.818   43.027
  43.817   46.765   48.413
  42.706   47.910   48.526
  44.929   45.619   48.301
  43.771   46.564   50.000
  43.864   46.965   46.827
  44.967   47.864   48.586
  42.667   45.666   48.241
  28.304   41.808   14.335
  27.229   40.895   13.581
  29.380   42.721   15.090
  27.154   42.370   15.295
  29.455   41.246   13.376
  28.022   42.995   13.301
  28.587   40.621   15.370
  42.139   14.157   13.246
  41.148   15.410   13.168
  43.131   12.903   13.324
  42.710   14.518   11.796
  41.569   13.796   14.697
  41.020   13.230   12.576
  43.258   15.083   13.917
  10.192   45.773   42.098
   9.955   46.272   40.596
  10.430   45.275   43.600
  11.383   46.830   42.260
   9.002   44.717   41.936
  11.235   44.680   41.570
   9.150   46.867   42.626
  29.827    5.591   46.506
  28.574    4.809   45.891
  31.079    6.374   47.122
  28.839    6.696   47.110
  30.814    4.487   45.902
  29.956    6.444   45.159
  29.697    4.739   47.854
  16.588   33.367   41.347
  15.858   34.062   42.590
  17.317   32.671   40.104
  17.689   32.756   42.335
  15.487   33.977   40.360
  17.491   34.672   41.147
  15.685   32.061   41.548
  18.125   24.369   28.592
  16.532   24.470   28.476
  19.718   24.269   28.707
  17.995   22.844   29.056
  18.255   25.895   28.128
  18.044   24.840   30.119
  18.206   23.898   27.065
  20.702   41.399    6.111
  19.222   41.866    6.500
  22.182   40.933    5.721
  20.173   39.906    5.889
  21.231   42.893    6.333
  21.001   41.065    7.647
  20.403   41.734    4.575
  43.591   15.928   46.810
  42.716   16.941   45.934
  44.466   14.915   47.686
  44.893   16.325   45.969
  42.289   15.531   47.652
  43.276   14.755   45.769
  43.907   17.101   47.852
  30.220    6.555   17.058
  30.974    7.963   16.968
  29.466    5.146   17.147
  30.398    6.360   15.480
  30.042    6.750   18.636
  28.820    7.288   16.809
  31.620    5.821   17.306
  12.497   15.378    0.902
  13.571   14.643   -0.028
  11.423   16.113    1.833
  13.683   16.059    1.733
  11.311   14.696    0.072
  12.512   14.130    1.904
  12.482   16.625   -0.100
   1.446   16.322   28.073
   0.000   17.007   28.092
   2.892   15.638   28.053
   0.762   14.876   28.112
   2.130   17.768   28.033
   1.481   16.349   29.672
   1.412   16.295   26.473
  35.146   49.051   43.834
  36.355   50.001   44.277
  33.937   48.101   43.392
  35.343   48.181   45.163
  34.950   49.920   42.506
  36.176   48.101   43.061
  34.116   50.000   44.608
  10.598   23.198    8.921
  10.163   23.148    7.382
  11.033   23.248   10.460
  12.131   23.331    8.483
   9.065   23.065    9.358
  10.740   21.604    8.933
  10.456   24.791    8.909
   9.130   15.073   15.328
   8.256   14.099   14.408
  10.005   16.047   16.248
  10.468   14.385   14.784
   7.792   15.761   15.872
   9.066   14.006   16.519
   9.195   16.140   14.138
  48.555   11.169   46.069
  47.673   12.486   46.286
  49.438    9.852   45.852
  49.879   12.065   46.010
  47.231   10.272   46.127
  48.386   11.316   44.484
  48.725   11.022   47.653
   2.934   33.217   16.759
   1.638   33.751   17.529
   4.231   32.684   15.988
   2.032   32.863   15.486
   3.837   33.571   18.032
   2.680   31.751   17.346
   3.188   34.684   16.171
  45.489   43.754    9.093
  45.424   42.181    8.809
  45.555   45.328    9.377
  43.979   43.909    8.587
  46.999   43.600    9.599
  46.014   44.002    7.602
  44.964   43.507   10.584
  21.225   28.737   11.002
  20.855   27.180   10.987
  21.596   30.293   11.018
  21.302   28.703   12.600
  21.149   28.771    9.405
  19.671   29.106   11.084
  22.780   28.368   10.920
  21.634   38.246   45.177
  21.823   39.834   45.124
  21.445   36.658   45.229
  23.061   38.053   44.480
  20.206   38.439   45.873
  20.936   38.282   43.737
  22.332   38.210   46.616
