1 8 2 1 3 5
2 8 2 1 4 6
3 6 1 3 5 7
4 6 1 3 5 8
5 6 1 3 5 9
6 6 1 4 6 10
7 6 1 4 6 11
8 6 1 4 6 12
9 8 14 13 15 17
10 8 14 13 16 18
11 6 13 15 17 19
12 6 13 15 17 20
13 6 13 15 17 21
14 6 13 16 18 22
15 6 13 16 18 23
16 6 13 16 18 24
17 8 26 25 27 29
18 8 26 25 28 30
19 6 25 27 29 31
20 6 25 27 29 32
21 6 25 27 29 33
22 6 25 28 30 34
23 6 25 28 30 35
24 6 25 28 30 36
25 8 38 37 39 41
26 8 38 37 40 42
27 6 37 39 41 43
28 6 37 39 41 44
29 6 37 39 41 45
30 6 37 40 42 46
31 6 37 40 42 47
32 6 37 40 42 48
33 8 50 49 51 53
34 8 50 49 52 54
35 6 49 51 53 55
36 6 49 51 53 56
37 6 49 51 53 57
38 6 49 52 54 58
39 6 49 52 54 59
40 6 49 52 54 60
41 8 62 61 63 65
42 8 62 61 64 66
43 6 61 63 65 67
44 6 61 63 65 68
45 6 61 63 65 69
46 6 61 64 66 70
47 6 61 64 66 71
48 6 61 64 66 72
49 8 74 73 75 77
50 8 74 73 76 78
51 6 73 75 77 79
52 6 73 75 77 80
53 6 73 75 77 81
54 6 73 76 78 82
55 6 73 76 78 83
56 6 73 76 78 84
57 8 86 85 87 89
58 8 86 85 88 90
59 6 85 87 89 91
60 6 85 87 89 92
61 6 85 87 89 93
62 6 85 88 90 94
63 6 85 88 90 95
64 6 85 88 90 96
65 8 98 97 99 101
66 8 98 97 100 102
67 6 97 99 101 103
68 6 97 99 101 104
69 6 97 99 101 105
70 6 97 100 102 106
71 6 97 100 102 107
72 6 97 100 102 108
73 8 110 109 111 113
74 8 110 109 112 114
75 6 109 111 113 115
76 6 109 111 113 116
77 6 109 111 113 117
78 6 109 112 114 118
79 6 109 112 114 119
80 6 109 112 114 120
81 8 122 121 123 125
82 8 122 121 124 126
83 6 121 123 125 127
84 6 121 123 125 128
85 6 121 123 125 129
86 6 121 124 126 130
87 6 121 124 126 131
88 6 121 124 126 132
89 8 134 133 135 137
90 8 134 133 136 138
91 6 133 135 137 139
92 6 133 135 137 140
93 6 133 135 137 141
94 6 133 136 138 142
95 6 133 136 138 143
96 6 133 136 138 144
97 8 146 145 147 149
98 8 146 145 148 150
99 6 145 147 149 151
100 6 145 147 149 152
101 6 145 147 149 153
102 6 145 148 150 154
103 6 145 148 150 155
104 6 145 148 150 156
105 8 158 157 159 161
106 8 158 157 160 162
107 6 157 159 161 163
108 6 157 159 161 164
109 6 157 159 161 165
110 6 157 160 162 166
111 6 157 160 162 167
112 6 157 160 162 168
113 8 170 169 171 173
114 8 170 169 172 174
115 6 169 171 173 175
116 6 169 171 173 176
117 6 169 171 173 177
118 6 169 172 174 178
119 6 169 172 174 179
120 6 169 172 174 180
121 8 182 181 183 185
122 8 182 181 184 186
123 6 181 183 185 187
124 6 181 183 185 188
125 6 181 183 185 189
126 6 181 184 186 190
127 6 181 184 186 191
128 6 181 184 186 192
129 8 194 193 195 197
130 8 194 193 196 198
131 6 193 195 197 199
132 6 193 195 197 200
133 6 193 195 197 201
134 6 193 196 198 202
135 6 193 196 198 203
136 6 193 196 198 204
137 8 206 205 207 209
138 8 206 205 208 210
139 6 205 207 209 211
140 6 205 207 209 212
141 6 205 207 209 213
142 6 205 208 210 214
143 6 205 208 210 215
144 6 205 208 210 216
145 8 218 217 219 221
146 8 218 217 220 222
147 6 217 219 221 223
148 6 217 219 221 224
149 6 217 219 221 225
150 6 217 220 222 226
151 6 217 220 222 227
152 6 217 220 222 228
153 8 230 229 231 233
154 8 230 229 232 234
155 6 229 231 233 235
156 6 229 231 233 236
157 6 229 231 233 237
158 6 229 232 234 238
159 6 229 232 234 239
160 6 229 232 234 240
161 8 242 241 243 245
162 8 242 241 244 246
163 6 241 243 245 247
164 6 241 243 245 248
165 6 241 243 245 249
166 6 241 244 246 250
167 6 241 244 246 251
168 6 241 244 246 252
169 8 254 253 255 257
170 8 254 253 256 258
171 6 253 255 257 259
172 6 253 255 257 260
173 6 253 255 257 261
174 6 253 256 258 262
175 6 253 256 258 263
176 6 253 256 258 264
177 8 266 265 267 269
178 8 266 265 268 270
179 6 265 267 269 271
180 6 265 267 269 272
181 6 265 267 269 273
182 6 265 268 270 274
183 6 265 268 270 275
184 6 265 268 270 276
185 8 278 277 279 281
186 8 278 277 280 282
187 6 277 279 281 283
188 6 277 279 281 284
189 6 277 279 281 285
190 6 277 280 282 286
191 6 277 280 282 287
192 6 277 280 282 288
193 8 290 289 291 293
194 8 290 289 292 294
195 6 289 291 293 295
196 6 289 291 293 296
197 6 289 291 293 297
198 6 289 292 294 298
199 6 289 292 294 299
200 6 289 292 294 300
201 8 302 301 303 305
202 8 302 301 304 306
203 6 301 303 305 307
204 6 301 303 305 308
205 6 301 303 305 309
206 6 301 304 306 310
207 6 301 304 306 311
208 6 301 304 306 312
209 8 314 313 315 317
210 8 314 313 316 318
211 6 313 315 317 319
212 6 313 315 317 320
213 6 313 315 317 321
214 6 313 316 318 322
215 6 313 316 318 323
216 6 313 316 318 324
217 8 326 325 327 329
218 8 326 325 328 330
219 6 325 327 329 331
220 6 325 327 329 332
221 6 325 327 329 333
222 6 325 328 330 334
223 6 325 328 330 335
224 6 325 328 330 336
225 8 338 337 339 341
226 8 338 337 340 342
227 6 337 339 341 343
228 6 337 339 341 344
229 6 337 339 341 345
230 6 337 340 342 346
231 6 337 340 342 347
232 6 337 340 342 348
233 8 350 349 351 353
234 8 350 349 352 354
235 6 349 351 353 355
236 6 349 351 353 356
237 6 349 351 353 357
238 6 349 352 354 358
239 6 349 352 354 359
240 6 349 352 354 360
241 8 362 361 363 365
242 8 362 361 364 366
243 6 361 363 365 367
244 6 361 363 365 368
245 6 361 363 365 369
246 6 361 364 366 370
247 6 361 364 366 371
248 6 361 364 366 372
249 8 374 373 375 377
250 8 374 373 376 378
251 6 373 375 377 379
252 6 373 375 377 380
253 6 373 375 377 381
254 6 373 376 378 382
255 6 373 376 378 383
256 6 373 376 378 384
257 8 386 385 387 389
258 8 386 385 388 390
259 6 385 387 389 391
260 6 385 387 389 392
261 6 385 387 389 393
262 6 385 388 390 394
263 6 385 388 390 395
264 6 385 388 390 396
265 8 398 397 399 401
266 8 398 397 400 402
267 6 397 399 401 403
268 6 397 399 401 404
269 6 397 399 401 405
270 6 397 400 402 406
271 6 397 400 402 407
272 6 397 400 402 408
273 8 410 409 411 413
274 8 410 409 412 414
275 6 409 411 413 415
276 6 409 411 413 416
277 6 409 411 413 417
278 6 409 412 414 418
279 6 409 412 414 419
280 6 409 412 414 420
281 8 422 421 423 425
282 8 422 421 424 426
283 6 421 423 425 427
284 6 421 423 425 428
285 6 421 423 425 429
286 6 421 424 426 430
287 6 421 424 426 431
288 6 421 424 426 432
289 8 434 433 435 437
290 8 434 433 436 438
291 6 433 435 437 439
292 6 433 435 437 440
293 6 433 435 437 441
294 6 433 436 438 442
295 6 433 436 438 443
296 6 433 436 438 444
297 8 446 445 447 449
298 8 446 445 448 450
299 6 445 447 449 451
300 6 445 447 449 452
301 6 445 447 449 453
302 6 445 448 450 454
303 6 445 448 450 455
304 6 445 448 450 456
305 8 458 457 459 461
306 8 458 457 460 462
307 6 457 459 461 463
308 6 457 459 461 464
309 6 457 459 461 465
310 6 457 460 462 466
311 6 457 460 462 467
312 6 457 460 462 468
313 8 470 469 471 473
314 8 470 469 472 474
315 6 469 471 473 475
316 6 469 471 473 476
317 6 469 471 473 477
318 6 469 472 474 478
319 6 469 472 474 479
320 6 469 472 474 480
321 8 482 481 483 485
322 8 482 481 484 486
323 6 481 483 485 487
324 6 481 483 485 488
325 6 481 483 485 489
326 6 481 484 486 490
327 6 481 484 486 491
328 6 481 484 486 492
329 8 494 493 495 497
330 8 494 493 496 498
331 6 493 495 497 499
332 6 493 495 497 500
333 6 493 495 497 501
334 6 493 496 498 502
335 6 493 496 498 503
336 6 493 496 498 504
337 8 506 505 507 509
338 8 506 505 508 510
339 6 505 507 509 511
340 6 505 507 509 512
341 6 505 507 509 513
342 6 505 508 510 514
343 6 505 508 510 515
344 6 505 508 510 516
345 8 518 517 519 521
346 8 518 517 520 522
347 6 517 519 521 523
348 6 517 519 521 524
349 6 517 519 521 525
350 6 517 520 522 526
351 6 517 520 522 527
352 6 517 520 522 528
353 8 530 529 531 533
354 8 530 529 532 534
355 6 529 531 533 535
356 6 529 531 533 536
357 6 529 531 533 537
358 6 529 532 534 538
359 6 529 532 534 539
360 6 529 532 534 540
361 8 542 541 543 545
362 8 542 541 544 546
363 6 541 543 545 547
364 6 541 543 545 548
365 6 541 543 545 549
366 6 541 544 546 550
367 6 541 544 546 551
368 6 541 544 546 552
369 8 554 553 555 557
370 8 554 553 556 558
371 6 553 555 557 559
372 6 553 555 557 560
373 6 553 555 557 561
374 6 553 556 558 562
375 6 553 556 558 563
376 6 553 556 558 564
377 8 566 565 567 569
378 8 566 565 568 570
379 6 565 567 569 571
380 6 565 567 569 572
381 6 565 567 569 573
382 6 565 568 570 574
383 6 565 568 570 575
384 6 565 568 570 576
385 8 578 577 579 581
386 8 578 577 580 582
387 6 577 579 581 583
388 6 577 579 581 584
389 6 577 579 581 585
390 6 577 580 582 586
391 6 577 580 582 587
392 6 577 580 582 588
393 8 590 589 591 593
394 8 590 589 592 594
395 6 589 591 593 595
396 6 589 591 593 596
397 6 589 591 593 597
398 6 589 592 594 598
399 6 589 592 594 599
400 6 589 592 594 600
401 8 602 601 603 605
402 8 602 601 604 606
403 6 601 603 605 607
404 6 601 603 605 608
405 6 601 603 605 609
406 6 601 604 606 610
407 6 601 604 606 611
408 6 601 604 606 612
409 8 614 613 615 617
410 8 614 613 616 618
411 6 613 615 617 619
412 6 613 615 617 620
413 6 613 615 617 621
414 6 613 616 618 622
415 6 613 616 618 623
416 6 613 616 618 624
417 8 626 625 627 629
418 8 626 625 628 630
419 6 625 627 629 631
420 6 625 627 629 632
421 6 625 627 629 633
422 6 625 628 630 634
423 6 625 628 630 635
424 6 625 628 630 636
425 8 638 637 639 641
426 8 638 637 640 642
427 6 637 639 641 643
428 6 637 639 641 644
429 6 637 639 641 645
430 6 637 640 642 646
431 6 637 640 642 647
432 6 637 640 642 648
433 8 650 649 651 653
434 8 650 649 652 654
435 6 649 651 653 655
436 6 649 651 653 656
437 6 649 651 653 657
438 6 649 652 654 658
439 6 649 652 654 659
440 6 649 652 654 660
441 8 662 661 663 665
442 8 662 661 664 666
443 6 661 663 665 667
444 6 661 663 665 668
445 6 661 663 665 669
446 6 661 664 666 670
447 6 661 664 666 671
448 6 661 664 666 672
449 8 674 673 675 677
450 8 674 673 676 678
451 6 673 675 677 679
452 6 673 675 677 680
453 6 673 675 677 681
454 6 673 676 678 682
455 6 673 676 678 683
456 6 673 676 678 684
457 8 686 685 687 689
458 8 686 685 688 690
459 6 685 687 689 691
460 6 685 687 689 692
461 6 685 687 689 693
462 6 685 688 690 694
463 6 685 688 690 695
464 6 685 688 690 696
465 8 698 697 699 701
466 8 698 697 700 702
467 6 697 699 701 703
468 6 697 699 701 704
469 6 697 699 701 705
470 6 697 700 702 706
471 6 697 700 702 707
472 6 697 700 702 708
473 8 710 709 711 713
474 8 710 709 712 714
475 6 709 711 713 715
476 6 709 711 713 716
477 6 709 711 713 717
478 6 709 712 714 718
479 6 709 712 714 719
480 6 709 712 714 720
481 8 722 721 723 725
482 8 722 721 724 726
483 6 721 723 725 727
484 6 721 723 725 728
485 6 721 723 725 729
486 6 721 724 726 730
487 6 721 724 726 731
488 6 721 724 726 732
489 8 734 733 735 737
490 8 734 733 736 738
491 6 733 735 737 739
492 6 733 735 737 740
493 6 733 735 737 741
494 6 733 736 738 742
495 6 733 736 738 743
496 6 733 736 738 744
497 8 746 745 747 749
498 8 746 745 748 750
499 6 745 747 749 751
500 6 745 747 749 752
501 6 745 747 749 753
502 6 745 748 750 754
503 6 745 748 750 755
504 6 745 748 750 756
505 8 758 757 759 761
506 8 758 757 760 762
507 6 757 759 761 763
508 6 757 759 761 764
509 6 757 759 761 765
510 6 757 760 762 766
511 6 757 760 762 767
512 6 757 760 762 768
513 8 770 769 771 773
514 8 770 769 772 774
515 6 769 771 773 775
516 6 769 771 773 776
517 6 769 771 773 777
518 6 769 772 774 778
519 6 769 772 774 779
520 6 769 772 774 780
521 8 782 781 783 785
522 8 782 781 784 786
523 6 781 783 785 787
524 6 781 783 785 788
525 6 781 783 785 789
526 6 781 784 786 790
527 6 781 784 786 791
528 6 781 784 786 792
529 8 794 793 795 797
530 8 794 793 796 798
531 6 793 795 797 799
532 6 793 795 797 800
533 6 793 795 797 801
534 6 793 796 798 802
535 6 793 796 798 803
536 6 793 796 798 804
537 8 806 805 807 809
538 8 806 805 808 810
539 6 805 807 809 811
540 6 805 807 809 812
541 6 805 807 809 813
542 6 805 808 810 814
543 6 805 808 810 815
544 6 805 808 810 816
545 8 818 817 819 821
546 8 818 817 820 822
547 6 817 819 821 823
548 6 817 819 821 824
549 6 817 819 821 825
550 6 817 820 822 826
551 6 817 820 822 827
552 6 817 820 822 828
553 8 830 829 831 833
554 8 830 829 832 834
555 6 829 831 833 835
556 6 829 831 833 836
557 6 829 831 833 837
558 6 829 832 834 838
559 6 829 832 834 839
560 6 829 832 834 840
561 8 842 841 843 845
562 8 842 841 844 846
563 6 841 843 845 847
564 6 841 843 845 848
565 6 841 843 845 849
566 6 841 844 846 850
567 6 841 844 846 851
568 6 841 844 846 852
569 8 854 853 855 857
570 8 854 853 856 858
571 6 853 855 857 859
572 6 853 855 857 860
573 6 853 855 857 861
574 6 853 856 858 862
575 6 853 856 858 863
576 6 853 856 858 864
577 8 866 865 867 869
578 8 866 865 868 870
579 6 865 867 869 871
580 6 865 867 869 872
581 6 865 867 869 873
582 6 865 868 870 874
583 6 865 868 870 875
584 6 865 868 870 876
585 8 878 877 879 881
586 8 878 877 880 882
587 6 877 879 881 883
588 6 877 879 881 884
589 6 877 879 881 885
590 6 877 880 882 886
591 6 877 880 882 887
592 6 877 880 882 888
593 8 890 889 891 893
594 8 890 889 892 894
595 6 889 891 893 895
596 6 889 891 893 896
597 6 889 891 893 897
598 6 889 892 894 898
599 6 889 892 894 899
600 6 889 892 894 900
601 8 902 901 903 905
602 8 902 901 904 906
603 6 901 903 905 907
604 6 901 903 905 908
605 6 901 903 905 909
606 6 901 904 906 910
607 6 901 904 906 911
608 6 901 904 906 912
609 8 914 913 915 917
610 8 914 913 916 918
611 6 913 915 917 919
612 6 913 915 917 920
613 6 913 915 917 921
614 6 913 916 918 922
615 6 913 916 918 923
616 6 913 916 918 924
617 8 926 925 927 929
618 8 926 925 928 930
619 6 925 927 929 931
620 6 925 927 929 932
621 6 925 927 929 933
622 6 925 928 930 934
623 6 925 928 930 935
624 6 925 928 930 936
625 8 938 937 939 941
626 8 938 937 940 942
627 6 937 939 941 943
628 6 937 939 941 944
629 6 937 939 941 945
630 6 937 940 942 946
631 6 937 940 942 947
632 6 937 940 942 948
633 8 950 949 951 953
634 8 950 949 952 954
635 6 949 951 953 955
636 6 949 951 953 956
637 6 949 951 953 957
638 6 949 952 954 958
639 6 949 952 954 959
640 6 949 952 954 960
641 8 962 961 963 965
642 8 962 961 964 966
643 6 961 963 965 967
644 6 961 963 965 968
645 6 961 963 965 969
646 6 961 964 966 970
647 6 961 964 966 971
648 6 961 964 966 972
649 8 974 973 975 977
650 8 974 973 976 978
651 6 973 975 977 979
652 6 973 975 977 980
653 6 973 975 977 981
654 6 973 976 978 982
655 6 973 976 978 983
656 6 973 976 978 984
657 8 986 985 987 989
658 8 986 985 988 990
659 6 985 987 989 991
660 6 985 987 989 992
661 6 985 987 989 993
662 6 985 988 990 994
663 6 985 988 990 995
664 6 985 988 990 996
665 8 998 997 999 1001
666 8 998 997 1000 1002
667 6 997 999 1001 1003
668 6 997 999 1001 1004
669 6 997 999 1001 1005
670 6 997 1000 1002 1006
671 6 997 1000 1002 1007
672 6 997 1000 1002 1008
673 8 1010 1009 1011 1013
674 8 1010 1009 1012 1014
675 6 1009 1011 1013 1015
676 6 1009 1011 1013 1016
677 6 1009 1011 1013 1017
678 6 1009 1012 1014 1018
679 6 1009 1012 1014 1019
680 6 1009 1012 1014 1020
681 8 1022 1021 1023 1025
682 8 1022 1021 1024 1026
683 6 1021 1023 1025 1027
684 6 1021 1023 1025 1028
685 6 1021 1023 1025 1029
686 6 1021 1024 1026 1030
687 6 1021 1024 1026 1031
688 6 1021 1024 1026 1032
689 8 1034 1033 1035 1037
690 8 1034 1033 1036 1038
691 6 1033 1035 1037 1039
692 6 1033 1035 1037 1040
693 6 1033 1035 1037 1041
694 6 1033 1036 1038 1042
695 6 1033 1036 1038 1043
696 6 1033 1036 1038 1044
697 8 1046 1045 1047 1049
698 8 1046 1045 1048 1050
699 6 1045 1047 1049 1051
700 6 1045 1047 1049 1052
701 6 1045 1047 1049 1053
702 6 1045 1048 1050 1054
703 6 1045 1048 1050 1055
704 6 1045 1048 1050 1056
705 8 1058 1057 1059 1061
706 8 1058 1057 1060 1062
707 6 1057 1059 1061 1063
708 6 1057 1059 1061 1064
709 6 1057 1059 1061 1065
710 6 1057 1060 1062 1066
711 6 1057 1060 1062 1067
712 6 1057 1060 1062 1068
713 8 1070 1069 1071 1073
714 8 1070 1069 1072 1074
715 6 1069 1071 1073 1075
716 6 1069 1071 1073 1076
717 6 1069 1071 1073 1077
718 6 1069 1072 1074 1078
719 6 1069 1072 1074 1079
720 6 1069 1072 1074 1080
721 8 1082 1081 1083 1085
722 8 1082 1081 1084 1086
723 6 1081 1083 1085 1087
724 6 1081 1083 1085 1088
725 6 1081 1083 1085 1089
726 6 1081 1084 1086 1090
727 6 1081 1084 1086 1091
728 6 1081 1084 1086 1092
729 8 1094 1093 1095 1097
730 8 1094 1093 1096 1098
731 6 1093 1095 1097 1099
732 6 1093 1095 1097 1100
733 6 1093 1095 1097 1101
734 6 1093 1096 1098 1102
735 6 1093 1096 1098 1103
736 6 1093 1096 1098 1104
737 8 1106 1105 1107 1109
738 8 1106 1105 1108 1110
739 6 1105 1107 1109 1111
740 6 1105 1107 1109 1112
741 6 1105 1107 1109 1113
742 6 1105 1108 1110 1114
743 6 1105 1108 1110 1115
744 6 1105 1108 1110 1116
745 8 1118 1117 1119 1121
746 8 1118 1117 1120 1122
747 6 1117 1119 1121 1123
748 6 1117 1119 1121 1124
749 6 1117 1119 1121 1125
750 6 1117 1120 1122 1126
751 6 1117 1120 1122 1127
752 6 1117 1120 1122 1128
753 8 1130 1129 1131 1133
754 8 1130 1129 1132 1134
755 6 1129 1131 1133 1135
756 6 1129 1131 1133 1136
757 6 1129 1131 1133 1137
758 6 1129 1132 1134 1138
759 6 1129 1132 1134 1139
760 6 1129 1132 1134 1140
761 8 1142 1141 1143 1145
762 8 1142 1141 1144 1146
763 6 1141 1143 1145 1147
764 6 1141 1143 1145 1148
765 6 1141 1143 1145 1149
766 6 1141 1144 1146 1150
767 6 1141 1144 1146 1151
768 6 1141 1144 1146 1152
769 8 1154 1153 1155 1157
770 8 1154 1153 1156 1158
771 6 1153 1155 1157 1159
772 6 1153 1155 1157 1160
773 6 1153 1155 1157 1161
774 6 1153 1156 1158 1162
775 6 1153 1156 1158 1163
776 6 1153 1156 1158 1164
777 8 1166 1165 1167 1169
778 8 1166 1165 1168 1170
779 6 1165 1167 1169 1171
780 6 1165 1167 1169 1172
781 6 1165 1167 1169 1173
782 6 1165 1168 1170 1174
783 6 1165 1168 1170 1175
784 6 1165 1168 1170 1176
785 8 1178 1177 1179 1181
786 8 1178 1177 1180 1182
787 6 1177 1179 1181 1183
788 6 1177 1179 1181 1184
789 6 1177 1179 1181 1185
790 6 1177 1180 1182 1186
791 6 1177 1180 1182 1187
792 6 1177 1180 1182 1188
793 8 1190 1189 1191 1193
794 8 1190 1189 1192 1194
795 6 1189 1191 1193 1195
796 6 1189 1191 1193 1196
797 6 1189 1191 1193 1197
798 6 1189 1192 1194 1198
799 6 1189 1192 1194 1199
800 6 1189 1192 1194 1200
801 8 1202 1201 1203 1205
802 8 1202 1201 1204 1206
803 6 1201 1203 1205 1207
804 6 1201 1203 1205 1208
805 6 1201 1203 1205 1209
806 6 1201 1204 1206 1210
807 6 1201 1204 1206 1211
808 6 1201 1204 1206 1212
809 8 1214 1213 1215 1217
810 8 1214 1213 1216 1218
811 6 1213 1215 1217 1219
812 6 1213 1215 1217 1220
813 6 1213 1215 1217 1221
814 6 1213 1216 1218 1222
815 6 1213 1216 1218 1223
816 6 1213 1216 1218 1224
817 8 1226 1225 1227 1229
818 8 1226 1225 1228 1230
819 6 1225 1227 1229 1231
820 6 1225 1227 1229 1232
821 6 1225 1227 1229 1233
822 6 1225 1228 1230 1234
823 6 1225 1228 1230 1235
824 6 1225 1228 1230 1236
825 8 1238 1237 1239 1241
826 8 1238 1237 1240 1242
827 6 1237 1239 1241 1243
828 6 1237 1239 1241 1244
829 6 1237 1239 1241 1245
830 6 1237 1240 1242 1246
831 6 1237 1240 1242 1247
832 6 1237 1240 1242 1248
833 8 1250 1249 1251 1253
834 8 1250 1249 1252 1254
835 6 1249 1251 1253 1255
836 6 1249 1251 1253 1256
837 6 1249 1251 1253 1257
838 6 1249 1252 1254 1258
839 6 1249 1252 1254 1259
840 6 1249 1252 1254 1260
841 8 1262 1261 1263 1265
842 8 1262 1261 1264 1266
843 6 1261 1263 1265 1267
844 6 1261 1263 1265 1268
845 6 1261 1263 1265 1269
846 6 1261 1264 1266 1270
847 6 1261 1264 1266 1271
848 6 1261 1264 1266 1272
849 8 1274 1273 1275 1277
850 8 1274 1273 1276 1278
851 6 1273 1275 1277 1279
852 6 1273 1275 1277 1280
853 6 1273 1275 1277 1281
854 6 1273 1276 1278 1282
855 6 1273 1276 1278 1283
856 6 1273 1276 1278 1284
857 8 1286 1285 1287 1289
858 8 1286 1285 1288 1290
859 6 1285 1287 1289 1291
860 6 1285 1287 1289 1292
861 6 1285 1287 1289 1293
862 6 1285 1288 1290 1294
863 6 1285 1288 1290 1295
864 6 1285 1288 1290 1296
865 8 1298 1297 1299 1301
866 8 1298 1297 1300 1302
867 6 1297 1299 1301 1303
868 6 1297 1299 1301 1304
869 6 1297 1299 1301 1305
870 6 1297 1300 1302 1306
871 6 1297 1300 1302 1307
872 6 1297 1300 1302 1308
873 8 1310 1309 1311 1313
874 8 1310 1309 1312 1314
875 6 1309 1311 1313 1315
876 6 1309 1311 1313 1316
877 6 1309 1311 1313 1317
878 6 1309 1312 1314 1318
879 6 1309 1312 1314 1319
880 6 1309 1312 1314 1320
881 8 1322 1321 1323 1325
882 8 1322 1321 1324 1326
883 6 1321 1323 1325 1327
884 6 1321 1323 1325 1328
885 6 1321 1323 1325 1329
886 6 1321 1324 1326 1330
887 6 1321 1324 1326 1331
888 6 1321 1324 1326 1332
889 8 1334 1333 1335 1337
890 8 1334 1333 1336 1338
891 6 1333 1335 1337 1339
892 6 1333 1335 1337 1340
893 6 1333 1335 1337 1341
894 6 1333 1336 1338 1342
895 6 1333 1336 1338 1343
896 6 1333 1336 1338 1344
897 8 1346 1345 1347 1349
898 8 1346 1345 1348 1350
899 6 1345 1347 1349 1351
900 6 1345 1347 1349 1352
901 6 1345 1347 1349 1353
902 6 1345 1348 1350 1354
903 6 1345 1348 1350 1355
904 6 1345 1348 1350 1356
905 8 1358 1357 1359 1361
906 8 1358 1357 1360 1362
907 6 1357 1359 1361 1363
908 6 1357 1359 1361 1364
909 6 1357 1359 1361 1365
910 6 1357 1360 1362 1366
911 6 1357 1360 1362 1367
912 6 1357 1360 1362 1368
913 8 1370 1369 1371 1373
914 8 1370 1369 1372 1374
915 6 1369 1371 1373 1375
916 6 1369 1371 1373 1376
917 6 1369 1371 1373 1377
918 6 1369 1372 1374 1378
919 6 1369 1372 1374 1379
920 6 1369 1372 1374 1380
921 8 1382 1381 1383 1385
922 8 1382 1381 1384 1386
923 6 1381 1383 1385 1387
924 6 1381 1383 1385 1388
925 6 1381 1383 1385 1389
926 6 1381 1384 1386 1390
927 6 1381 1384 1386 1391
928 6 1381 1384 1386 1392
929 8 1394 1393 1395 1397
930 8 1394 1393 1396 1398
931 6 1393 1395 1397 1399
932 6 1393 1395 1397 1400
933 6 1393 1395 1397 1401
934 6 1393 1396 1398 1402
935 6 1393 1396 1398 1403
936 6 1393 1396 1398 1404
937 8 1406 1405 1407 1409
938 8 1406 1405 1408 1410
939 6 1405 1407 1409 1411
940 6 1405 1407 1409 1412
941 6 1405 1407 1409 1413
942 6 1405 1408 1410 1414
943 6 1405 1408 1410 1415
944 6 1405 1408 1410 1416
945 8 1418 1417 1419 1421
946 8 1418 1417 1420 1422
947 6 1417 1419 1421 1423
948 6 1417 1419 1421 1424
949 6 1417 1419 1421 1425
950 6 1417 1420 1422 1426
951 6 1417 1420 1422 1427
952 6 1417 1420 1422 1428
953 8 1430 1429 1431 1433
954 8 1430 1429 1432 1434
955 6 1429 1431 1433 1435
956 6 1429 1431 1433 1436
957 6 1429 1431 1433 1437
958 6 1429 1432 1434 1438
959 6 1429 1432 1434 1439
960 6 1429 1432 1434 1440
961 8 1442 1441 1443 1445
962 8 1442 1441 1444 1446
963 6 1441 1443 1445 1447
964 6 1441 1443 1445 1448
965 6 1441 1443 1445 1449
966 6 1441 1444 1446 1450
967 6 1441 1444 1446 1451
968 6 1441 1444 1446 1452
969 8 1454 1453 1455 1457
970 8 1454 1453 1456 1458
971 6 1453 1455 1457 1459
972 6 1453 1455 1457 1460
973 6 1453 1455 1457 1461
974 6 1453 1456 1458 1462
975 6 1453 1456 1458 1463
976 6 1453 1456 1458 1464
977 8 1466 1465 1467 1469
978 8 1466 1465 1468 1470
979 6 1465 1467 1469 1471
980 6 1465 1467 1469 1472
981 6 1465 1467 1469 1473
982 6 1465 1468 1470 1474
983 6 1465 1468 1470 1475
984 6 1465 1468 1470 1476
985 8 1478 1477 1479 1481
986 8 1478 1477 1480 1482
987 6 1477 1479 1481 1483
988 6 1477 1479 1481 1484
989 6 1477 1479 1481 1485
990 6 1477 1480 1482 1486
991 6 1477 1480 1482 1487
992 6 1477 1480 1482 1488
993 8 1490 1489 1491 1493
994 8 1490 1489 1492 1494
995 6 1489 1491 1493 1495
996 6 1489 1491 1493 1496
997 6 1489 1491 1493 1497
998 6 1489 1492 1494 1498
999 6 1489 1492 1494 1499
1000 6 1489 1492 1494 1500
1001 8 1502 1501 1503 1505
1002 8 1502 1501 1504 1506
1003 6 1501 1503 1505 1507
1004 6 1501 1503 1505 1508
1005 6 1501 1503 1505 1509
1006 6 1501 1504 1506 1510
1007 6 1501 1504 1506 1511
1008 6 1501 1504 1506 1512
1009 8 1514 1513 1515 1517
1010 8 1514 1513 1516 1518
1011 6 1513 1515 1517 1519
1012 6 1513 1515 1517 1520
1013 6 1513 1515 1517 1521
1014 6 1513 1516 1518 1522
1015 6 1513 1516 1518 1523
1016 6 1513 1516 1518 1524
1017 8 1526 1525 1527 1529
1018 8 1526 1525 1528 1530
1019 6 1525 1527 1529 1531
1020 6 1525 1527 1529 1532
1021 6 1525 1527 1529 1533
1022 6 1525 1528 1530 1534
1023 6 1525 1528 1530 1535
1024 6 1525 1528 1530 1536
1025 8 1538 1537 1539 1541
1026 8 1538 1537 1540 1542
1027 6 1537 1539 1541 1543
1028 6 1537 1539 1541 1544
1029 6 1537 1539 1541 1545
1030 6 1537 1540 1542 1546
1031 6 1537 1540 1542 1547
1032 6 1537 1540 1542 1548
1033 8 1550 1549 1551 1553
1034 8 1550 1549 1552 1554
1035 6 1549 1551 1553 1555
1036 6 1549 1551 1553 1556
1037 6 1549 1551 1553 1557
1038 6 1549 1552 1554 1558
1039 6 1549 1552 1554 1559
1040 6 1549 1552 1554 1560
1041 8 1562 1561 1563 1565
1042 8 1562 1561 1564 1566
1043 6 1561 1563 1565 1567
1044 6 1561 1563 1565 1568
1045 6 1561 1563 1565 1569
1046 6 1561 1564 1566 1570
1047 6 1561 1564 1566 1571
1048 6 1561 1564 1566 1572
1049 8 1574 1573 1575 1577
1050 8 1574 1573 1576 1578
1051 6 1573 1575 1577 1579
1052 6 1573 1575 1577 1580
1053 6 1573 1575 1577 1581
1054 6 1573 1576 1578 1582
1055 6 1573 1576 1578 1583
1056 6 1573 1576 1578 1584
1057 8 1586 1585 1587 1589
1058 8 1586 1585 1588 1590
1059 6 1585 1587 1589 1591
1060 6 1585 1587 1589 1592
1061 6 1585 1587 1589 1593
1062 6 1585 1588 1590 1594
1063 6 1585 1588 1590 1595
1064 6 1585 1588 1590 1596
1065 8 1598 1597 1599 1601
1066 8 1598 1597 1600 1602
1067 6 1597 1599 1601 1603
1068 6 1597 1599 1601 1604
1069 6 1597 1599 1601 1605
1070 6 1597 1600 1602 1606
1071 6 1597 1600 1602 1607
1072 6 1597 1600 1602 1608
1073 8 1610 1609 1611 1613
1074 8 1610 1609 1612 1614
1075 6 1609 1611 1613 1615
1076 6 1609 1611 1613 1616
1077 6 1609 1611 1613 1617
1078 6 1609 1612 1614 1618
1079 6 1609 1612 1614 1619
1080 6 1609 1612 1614 1620
1081 8 1622 1621 1623 1625
1082 8 1622 1621 1624 1626
1083 6 1621 1623 1625 1627
1084 6 1621 1623 1625 1628
1085 6 1621 1623 1625 1629
1086 6 1621 1624 1626 1630
1087 6 1621 1624 1626 1631
1088 6 1621 1624 1626 1632
1089 8 1634 1633 1635 1637
1090 8 1634 1633 1636 1638
1091 6 1633 1635 1637 1639
1092 6 1633 1635 1637 1640
1093 6 1633 1635 1637 1641
1094 6 1633 1636 1638 1642
1095 6 1633 1636 1638 1643
1096 6 1633 1636 1638 1644
1097 8 1646 1645 1647 1649
1098 8 1646 1645 1648 1650
1099 6 1645 1647 1649 1651
1100 6 1645 1647 1649 1652
1101 6 1645 1647 1649 1653
1102 6 1645 1648 1650 1654
1103 6 1645 1648 1650 1655
1104 6 1645 1648 1650 1656
1105 8 1658 1657 1659 1661
1106 8 1658 1657 1660 1662
1107 6 1657 1659 1661 1663
1108 6 1657 1659 1661 1664
1109 6 1657 1659 1661 1665
1110 6 1657 1660 1662 1666
1111 6 1657 1660 1662 1667
1112 6 1657 1660 1662 1668
1113 8 1670 1669 1671 1673
1114 8 1670 1669 1672 1674
1115 6 1669 1671 1673 1675
1116 6 1669 1671 1673 1676
1117 6 1669 1671 1673 1677
1118 6 1669 1672 1674 1678
1119 6 1669 1672 1674 1679
1120 6 1669 1672 1674 1680
1121 8 1682 1681 1683 1685
1122 8 1682 1681 1684 1686
1123 6 1681 1683 1685 1687
1124 6 1681 1683 1685 1688
1125 6 1681 1683 1685 1689
1126 6 1681 1684 1686 1690
1127 6 1681 1684 1686 1691
1128 6 1681 1684 1686 1692
1129 8 1694 1693 1695 1697
1130 8 1694 1693 1696 1698
1131 6 1693 1695 1697 1699
1132 6 1693 1695 1697 1700
1133 6 1693 1695 1697 1701
1134 6 1693 1696 1698 1702
1135 6 1693 1696 1698 1703
1136 6 1693 1696 1698 1704
1137 8 1706 1705 1707 1709
1138 8 1706 1705 1708 1710
1139 6 1705 1707 1709 1711
1140 6 1705 1707 1709 1712
1141 6 1705 1707 1709 1713
1142 6 1705 1708 1710 1714
1143 6 1705 1708 1710 1715
1144 6 1705 1708 1710 1716
1145 8 1718 1717 1719 1721
1146 8 1718 1717 1720 1722
1147 6 1717 1719 1721 1723
1148 6 1717 1719 1721 1724
1149 6 1717 1719 1721 1725
1150 6 1717 1720 1722 1726
1151 6 1717 1720 1722 1727
1152 6 1717 1720 1722 1728
1153 8 1730 1729 1731 1733
1154 8 1730 1729 1732 1734
1155 6 1729 1731 1733 1735
1156 6 1729 1731 1733 1736
1157 6 1729 1731 1733 1737
1158 6 1729 1732 1734 1738
1159 6 1729 1732 1734 1739
1160 6 1729 1732 1734 1740
1161 8 1742 1741 1743 1745
1162 8 1742 1741 1744 1746
1163 6 1741 1743 1745 1747
1164 6 1741 1743 1745 1748
1165 6 1741 1743 1745 1749
1166 6 1741 1744 1746 1750
1167 6 1741 1744 1746 1751
1168 6 1741 1744 1746 1752
1169 8 1754 1753 1755 1757
1170 8 1754 1753 1756 1758
1171 6 1753 1755 1757 1759
1172 6 1753 1755 1757 1760
1173 6 1753 1755 1757 1761
1174 6 1753 1756 1758 1762
1175 6 1753 1756 1758 1763
1176 6 1753 1756 1758 1764
1177 8 1766 1765 1767 1769
1178 8 1766 1765 1768 1770
1179 6 1765 1767 1769 1771
1180 6 1765 1767 1769 1772
1181 6 1765 1767 1769 1773
1182 6 1765 1768 1770 1774
1183 6 1765 1768 1770 1775
1184 6 1765 1768 1770 1776
1185 8 1778 1777 1779 1781
1186 8 1778 1777 1780 1782
1187 6 1777 1779 1781 1783
1188 6 1777 1779 1781 1784
1189 6 1777 1779 1781 1785
1190 6 1777 1780 1782 1786
1191 6 1777 1780 1782 1787
1192 6 1777 1780 1782 1788
1193 8 1790 1789 1791 1793
1194 8 1790 1789 1792 1794
1195 6 1789 1791 1793 1795
1196 6 1789 1791 1793 1796
1197 6 1789 1791 1793 1797
1198 6 1789 1792 1794 1798
1199 6 1789 1792 1794 1799
1200 6 1789 1792 1794 1800
1201 8 1802 1801 1803 1805
1202 8 1802 1801 1804 1806
1203 6 1801 1803 1805 1807
1204 6 1801 1803 1805 1808
1205 6 1801 1803 1805 1809
1206 6 1801 1804 1806 1810
1207 6 1801 1804 1806 1811
1208 6 1801 1804 1806 1812
1209 8 1814 1813 1815 1817
1210 8 1814 1813 1816 1818
1211 6 1813 1815 1817 1819
1212 6 1813 1815 1817 1820
1213 6 1813 1815 1817 1821
1214 6 1813 1816 1818 1822
1215 6 1813 1816 1818 1823
1216 6 1813 1816 1818 1824
1217 8 1826 1825 1827 1829
1218 8 1826 1825 1828 1830
1219 6 1825 1827 1829 1831
1220 6 1825 1827 1829 1832
1221 6 1825 1827 1829 1833
1222 6 1825 1828 1830 1834
1223 6 1825 1828 1830 1835
1224 6 1825 1828 1830 1836
1225 8 1838 1837 1839 1841
1226 8 1838 1837 1840 1842
1227 6 1837 1839 1841 1843
1228 6 1837 1839 1841 1844
1229 6 1837 1839 1841 1845
1230 6 1837 1840 1842 1846
1231 6 1837 1840 1842 1847
1232 6 1837 1840 1842 1848
1233 8 1850 1849 1851 1853
1234 8 1850 1849 1852 1854
1235 6 1849 1851 1853 1855
1236 6 1849 1851 1853 1856
1237 6 1849 1851 1853 1857
1238 6 1849 1852 1854 1858
1239 6 1849 1852 1854 1859
1240 6 1849 1852 1854 1860
1241 8 1862 1861 1863 1865
1242 8 1862 1861 1864 1866
1243 6 1861 1863 1865 1867
1244 6 1861 1863 1865 1868
1245 6 1861 1863 1865 1869
1246 6 1861 1864 1866 1870
1247 6 1861 1864 1866 1871
1248 6 1861 1864 1866 1872
1249 8 1874 1873 1875 1877
1250 8 1874 1873 1876 1878
1251 6 1873 1875 1877 1879
1252 6 1873 1875 1877 1880
1253 6 1873 1875 1877 1881
1254 6 1873 1876 1878 1882
1255 6 1873 1876 1878 1883
1256 6 1873 1876 1878 1884
1257 8 1886 1885 1887 1889
1258 8 1886 1885 1888 1890
1259 6 1885 1887 1889 1891
1260 6 1885 1887 1889 1892
1261 6 1885 1887 1889 1893
1262 6 1885 1888 1890 1894
1263 6 1885 1888 1890 1895
1264 6 1885 1888 1890 1896
1265 8 1898 1897 1899 1901
1266 8 1898 1897 1900 1902
1267 6 1897 1899 1901 1903
1268 6 1897 1899 1901 1904
1269 6 1897 1899 1901 1905
1270 6 1897 1900 1902 1906
1271 6 1897 1900 1902 1907
1272 6 1897 1900 1902 1908
1273 8 1910 1909 1911 1913
1274 8 1910 1909 1912 1914
1275 6 1909 1911 1913 1915
1276 6 1909 1911 1913 1916
1277 6 1909 1911 1913 1917
1278 6 1909 1912 1914 1918
1279 6 1909 1912 1914 1919
1280 6 1909 1912 1914 1920
1281 8 1922 1921 1923 1925
1282 8 1922 1921 1924 1926
1283 6 1921 1923 1925 1927
1284 6 1921 1923 1925 1928
1285 6 1921 1923 1925 1929
1286 6 1921 1924 1926 1930
1287 6 1921 1924 1926 1931
1288 6 1921 1924 1926 1932
1289 8 1934 1933 1935 1937
1290 8 1934 1933 1936 1938
1291 6 1933 1935 1937 1939
1292 6 1933 1935 1937 1940
1293 6 1933 1935 1937 1941
1294 6 1933 1936 1938 1942
1295 6 1933 1936 1938 1943
1296 6 1933 1936 1938 1944
1297 8 1946 1945 1947 1949
1298 8 1946 1945 1948 1950
1299 6 1945 1947 1949 1951
1300 6 1945 1947 1949 1952
1301 6 1945 1947 1949 1953
1302 6 1945 1948 1950 1954
1303 6 1945 1948 1950 1955
1304 6 1945 1948 1950 1956
1305 8 1958 1957 1959 1961
1306 8 1958 1957 1960 1962
1307 6 1957 1959 1961 1963
1308 6 1957 1959 1961 1964
1309 6 1957 1959 1961 1965
1310 6 1957 1960 1962 1966
1311 6 1957 1960 1962 1967
1312 6 1957 1960 1962 1968
1313 8 1970 1969 1971 1973
1314 8 1970 1969 1972 1974
1315 6 1969 1971 1973 1975
1316 6 1969 1971 1973 1976
1317 6 1969 1971 1973 1977
1318 6 1969 1972 1974 1978
1319 6 1969 1972 1974 1979
1320 6 1969 1972 1974 1980
1321 8 1982 1981 1983 1985
1322 8 1982 1981 1984 1986
1323 6 1981 1983 1985 1987
1324 6 1981 1983 1985 1988
1325 6 1981 1983 1985 1989
1326 6 1981 1984 1986 1990
1327 6 1981 1984 1986 1991
1328 6 1981 1984 1986 1992
1329 8 1994 1993 1995 1997
1330 8 1994 1993 1996 1998
1331 6 1993 1995 1997 1999
1332 6 1993 1995 1997 2000
1333 6 1993 1995 1997 2001
1334 6 1993 1996 1998 2002
1335 6 1993 1996 1998 2003
1336 6 1993 1996 1998 2004
1337 8 2006 2005 2007 2009
1338 8 2006 2005 2008 2010
1339 6 2005 2007 2009 2011
1340 6 2005 2007 2009 2012
1341 6 2005 2007 2009 2013
1342 6 2005 2008 2010 2014
1343 6 2005 2008 2010 2015
1344 6 2005 2008 2010 2016
1345 8 2018 2017 2019 2021
1346 8 2018 2017 2020 2022
1347 6 2017 2019 2021 2023
1348 6 2017 2019 2021 2024
1349 6 2017 2019 2021 2025
1350 6 2017 2020 2022 2026
1351 6 2017 2020 2022 2027
1352 6 2017 2020 2022 2028
1353 8 2030 2029 2031 2033
1354 8 2030 2029 2032 2034
1355 6 2029 2031 2033 2035
1356 6 2029 2031 2033 2036
1357 6 2029 2031 2033 2037
1358 6 2029 2032 2034 2038
1359 6 2029 2032 2034 2039
1360 6 2029 2032 2034 2040
1361 8 2042 2041 2043 2045
1362 8 2042 2041 2044 2046
1363 6 2041 2043 2045 2047
1364 6 2041 2043 2045 2048
1365 6 2041 2043 2045 2049
1366 6 2041 2044 2046 2050
1367 6 2041 2044 2046 2051
1368 6 2041 2044 2046 2052
1369 8 2054 2053 2055 2057
1370 8 2054 2053 2056 2058
1371 6 2053 2055 2057 2059
1372 6 2053 2055 2057 2060
1373 6 2053 2055 2057 2061
1374 6 2053 2056 2058 2062
1375 6 2053 2056 2058 2063
1376 6 2053 2056 2058 2064
1377 8 2066 2065 2067 2069
1378 8 2066 2065 2068 2070
1379 6 2065 2067 2069 2071
1380 6 2065 2067 2069 2072
1381 6 2065 2067 2069 2073
1382 6 2065 2068 2070 2074
1383 6 2065 2068 2070 2075
1384 6 2065 2068 2070 2076
1385 8 2078 2077 2079 2081
1386 8 2078 2077 2080 2082
1387 6 2077 2079 2081 2083
1388 6 2077 2079 2081 2084
1389 6 2077 2079 2081 2085
1390 6 2077 2080 2082 2086
1391 6 2077 2080 2082 2087
1392 6 2077 2080 2082 2088
1393 8 2090 2089 2091 2093
1394 8 2090 2089 2092 2094
1395 6 2089 2091 2093 2095
1396 6 2089 2091 2093 2096
1397 6 2089 2091 2093 2097
1398 6 2089 2092 2094 2098
1399 6 2089 2092 2094 2099
1400 6 2089 2092 2094 2100
1401 8 2102 2101 2103 2105
1402 8 2102 2101 2104 2106
1403 6 2101 2103 2105 2107
1404 6 2101 2103 2105 2108
1405 6 2101 2103 2105 2109
1406 6 2101 2104 2106 2110
1407 6 2101 2104 2106 2111
1408 6 2101 2104 2106 2112
1409 8 2114 2113 2115 2117
1410 8 2114 2113 2116 2118
1411 6 2113 2115 2117 2119
1412 6 2113 2115 2117 2120
1413 6 2113 2115 2117 2121
1414 6 2113 2116 2118 2122
1415 6 2113 2116 2118 2123
1416 6 2113 2116 2118 2124
1417 8 2126 2125 2127 2129
1418 8 2126 2125 2128 2130
1419 6 2125 2127 2129 2131
1420 6 2125 2127 2129 2132
1421 6 2125 2127 2129 2133
1422 6 2125 2128 2130 2134
1423 6 2125 2128 2130 2135
1424 6 2125 2128 2130 2136
1425 8 2138 2137 2139 2141
1426 8 2138 2137 2140 2142
1427 6 2137 2139 2141 2143
1428 6 2137 2139 2141 2144
1429 6 2137 2139 2141 2145
1430 6 2137 2140 2142 2146
1431 6 2137 2140 2142 2147
1432 6 2137 2140 2142 2148
1433 8 2150 2149 2151 2153
1434 8 2150 2149 2152 2154
1435 6 2149 2151 2153 2155
1436 6 2149 2151 2153 2156
1437 6 2149 2151 2153 2157
1438 6 2149 2152 2154 2158
1439 6 2149 2152 2154 2159
1440 6 2149 2152 2154 2160
1441 8 2162 2161 2163 2165
1442 8 2162 2161 2164 2166
1443 6 2161 2163 2165 2167
1444 6 2161 2163 2165 2168
1445 6 2161 2163 2165 2169
1446 6 2161 2164 2166 2170
1447 6 2161 2164 2166 2171
1448 6 2161 2164 2166 2172
1449 8 2174 2173 2175 2177
1450 8 2174 2173 2176 2178
1451 6 2173 2175 2177 2179
1452 6 2173 2175 2177 2180
1453 6 2173 2175 2177 2181
1454 6 2173 2176 2178 2182
1455 6 2173 2176 2178 2183
1456 6 2173 2176 2178 2184
1457 8 2186 2185 2187 2189
1458 8 2186 2185 2188 2190
1459 6 2185 2187 2189 2191
1460 6 2185 2187 2189 2192
1461 6 2185 2187 2189 2193
1462 6 2185 2188 2190 2194
1463 6 2185 2188 2190 2195
1464 6 2185 2188 2190 2196
1465 8 2198 2197 2199 2201
1466 8 2198 2197 2200 2202
1467 6 2197 2199 2201 2203
1468 6 2197 2199 2201 2204
1469 6 2197 2199 2201 2205
1470 6 2197 2200 2202 2206
1471 6 2197 2200 2202 2207
1472 6 2197 2200 2202 2208
1473 8 2210 2209 2211 2213
1474 8 2210 2209 2212 2214
1475 6 2209 2211 2213 2215
1476 6 2209 2211 2213 2216
1477 6 2209 2211 2213 2217
1478 6 2209 2212 2214 2218
1479 6 2209 2212 2214 2219
1480 6 2209 2212 2214 2220
1481 8 2222 2221 2223 2225
1482 8 2222 2221 2224 2226
1483 6 2221 2223 2225 2227
1484 6 2221 2223 2225 2228
1485 6 2221 2223 2225 2229
1486 6 2221 2224 2226 2230
1487 6 2221 2224 2226 2231
1488 6 2221 2224 2226 2232
1489 8 2234 2233 2235 2237
1490 8 2234 2233 2236 2238
1491 6 2233 2235 2237 2239
1492 6 2233 2235 2237 2240
1493 6 2233 2235 2237 2241
1494 6 2233 2236 2238 2242
1495 6 2233 2236 2238 2243
1496 6 2233 2236 2238 2244
1497 8 2246 2245 2247 2249
1498 8 2246 2245 2248 2250
1499 6 2245 2247 2249 2251
1500 6 2245 2247 2249 2252
1501 6 2245 2247 2249 2253
1502 6 2245 2248 2250 2254
1503 6 2245 2248 2250 2255
1504 6 2245 2248 2250 2256
1505 8 2258 2257 2259 2261
1506 8 2258 2257 2260 2262
1507 6 2257 2259 2261 2263
1508 6 2257 2259 2261 2264
1509 6 2257 2259 2261 2265
1510 6 2257 2260 2262 2266
1511 6 2257 2260 2262 2267
1512 6 2257 2260 2262 2268
1513 8 2270 2269 2271 2273
1514 8 2270 2269 2272 2274
1515 6 2269 2271 2273 2275
1516 6 2269 2271 2273 2276
1517 6 2269 2271 2273 2277
1518 6 2269 2272 2274 2278
1519 6 2269 2272 2274 2279
1520 6 2269 2272 2274 2280
1521 8 2282 2281 2283 2285
1522 8 2282 2281 2284 2286
1523 6 2281 2283 2285 2287
1524 6 2281 2283 2285 2288
1525 6 2281 2283 2285 2289
1526 6 2281 2284 2286 2290
1527 6 2281 2284 2286 2291
1528 6 2281 2284 2286 2292
1529 8 2294 2293 2295 2297
1530 8 2294 2293 2296 2298
1531 6 2293 2295 2297 2299
1532 6 2293 2295 2297 2300
1533 6 2293 2295 2297 2301
1534 6 2293 2296 2298 2302
1535 6 2293 2296 2298 2303
1536 6 2293 2296 2298 2304
1537 8 2306 2305 2307 2309
1538 8 2306 2305 2308 2310
1539 6 2305 2307 2309 2311
1540 6 2305 2307 2309 2312
1541 6 2305 2307 2309 2313
1542 6 2305 2308 2310 2314
1543 6 2305 2308 2310 2315
1544 6 2305 2308 2310 2316
1545 8 2318 2317 2319 2321
1546 8 2318 2317 2320 2322
1547 6 2317 2319 2321 2323
1548 6 2317 2319 2321 2324
1549 6 2317 2319 2321 2325
1550 6 2317 2320 2322 2326
1551 6 2317 2320 2322 2327
1552 6 2317 2320 2322 2328
1553 8 2330 2329 2331 2333
1554 8 2330 2329 2332 2334
1555 6 2329 2331 2333 2335
1556 6 2329 2331 2333 2336
1557 6 2329 2331 2333 2337
1558 6 2329 2332 2334 2338
1559 6 2329 2332 2334 2339
1560 6 2329 2332 2334 2340
1561 8 2342 2341 2343 2345
1562 8 2342 2341 2344 2346
1563 6 2341 2343 2345 2347
1564 6 2341 2343 2345 2348
1565 6 2341 2343 2345 2349
1566 6 2341 2344 2346 2350
1567 6 2341 2344 2346 2351
1568 6 2341 2344 2346 2352
1569 8 2354 2353 2355 2357
1570 8 2354 2353 2356 2358
1571 6 2353 2355 2357 2359
1572 6 2353 2355 2357 2360
1573 6 2353 2355 2357 2361
1574 6 2353 2356 2358 2362
1575 6 2353 2356 2358 2363
1576 6 2353 2356 2358 2364
1577 8 2366 2365 2367 2369
1578 8 2366 2365 2368 2370
1579 6 2365 2367 2369 2371
1580 6 2365 2367 2369 2372
1581 6 2365 2367 2369 2373
1582 6 2365 2368 2370 2374
1583 6 2365 2368 2370 2375
1584 6 2365 2368 2370 2376
1585 8 2378 2377 2379 2381
1586 8 2378 2377 2380 2382
1587 6 2377 2379 2381 2383
1588 6 2377 2379 2381 2384
1589 6 2377 2379 2381 2385
1590 6 2377 2380 2382 2386
1591 6 2377 2380 2382 2387
1592 6 2377 2380 2382 2388
1593 8 2390 2389 2391 2393
1594 8 2390 2389 2392 2394
1595 6 2389 2391 2393 2395
1596 6 2389 2391 2393 2396
1597 6 2389 2391 2393 2397
1598 6 2389 2392 2394 2398
1599 6 2389 2392 2394 2399
1600 6 2389 2392 2394 2400
1601 8 2402 2401 2403 2405
1602 8 2402 2401 2404 2406
1603 6 2401 2403 2405 2407
1604 6 2401 2403 2405 2408
1605 6 2401 2403 2405 2409
1606 6 2401 2404 2406 2410
1607 6 2401 2404 2406 2411
1608 6 2401 2404 2406 2412
1609 8 2414 2413 2415 2417
1610 8 2414 2413 2416 2418
1611 6 2413 2415 2417 2419
1612 6 2413 2415 2417 2420
1613 6 2413 2415 2417 2421
1614 6 2413 2416 2418 2422
1615 6 2413 2416 2418 2423
1616 6 2413 2416 2418 2424
1617 8 2426 2425 2427 2429
1618 8 2426 2425 2428 2430
1619 6 2425 2427 2429 2431
1620 6 2425 2427 2429 2432
1621 6 2425 2427 2429 2433
1622 6 2425 2428 2430 2434
1623 6 2425 2428 2430 2435
1624 6 2425 2428 2430 2436
1625 8 2438 2437 2439 2441
1626 8 2438 2437 2440 2442
1627 6 2437 2439 2441 2443
1628 6 2437 2439 2441 2444
1629 6 2437 2439 2441 2445
1630 6 2437 2440 2442 2446
1631 6 2437 2440 2442 2447
1632 6 2437 2440 2442 2448
1633 8 2450 2449 2451 2453
1634 8 2450 2449 2452 2454
1635 6 2449 2451 2453 2455
1636 6 2449 2451 2453 2456
1637 6 2449 2451 2453 2457
1638 6 2449 2452 2454 2458
1639 6 2449 2452 2454 2459
1640 6 2449 2452 2454 2460
1641 8 2462 2461 2463 2465
1642 8 2462 2461 2464 2466
1643 6 2461 2463 2465 2467
1644 6 2461 2463 2465 2468
1645 6 2461 2463 2465 2469
1646 6 2461 2464 2466 2470
1647 6 2461 2464 2466 2471
1648 6 2461 2464 2466 2472
1649 8 2474 2473 2475 2477
1650 8 2474 2473 2476 2478
1651 6 2473 2475 2477 2479
1652 6 2473 2475 2477 2480
1653 6 2473 2475 2477 2481
1654 6 2473 2476 2478 2482
1655 6 2473 2476 2478 2483
1656 6 2473 2476 2478 2484
1657 8 2486 2485 2487 2489
1658 8 2486 2485 2488 2490
1659 6 2485 2487 2489 2491
1660 6 2485 2487 2489 2492
1661 6 2485 2487 2489 2493
1662 6 2485 2488 2490 2494
1663 6 2485 2488 2490 2495
1664 6 2485 2488 2490 2496
1665 8 2498 2497 2499 2501
1666 8 2498 2497 2500 2502
1667 6 2497 2499 2501 2503
1668 6 2497 2499 2501 2504
1669 6 2497 2499 2501 2505
1670 6 2497 2500 2502 2506
1671 6 2497 2500 2502 2507
1672 6 2497 2500 2502 2508
1673 8 2510 2509 2511 2513
1674 8 2510 2509 2512 2514
1675 6 2509 2511 2513 2515
1676 6 2509 2511 2513 2516
1677 6 2509 2511 2513 2517
1678 6 2509 2512 2514 2518
1679 6 2509 2512 2514 2519
1680 6 2509 2512 2514 2520
1681 8 2522 2521 2523 2525
1682 8 2522 2521 2524 2526
1683 6 2521 2523 2525 2527
1684 6 2521 2523 2525 2528
1685 6 2521 2523 2525 2529
1686 6 2521 2524 2526 2530
1687 6 2521 2524 2526 2531
1688 6 2521 2524 2526 2532
1689 8 2534 2533 2535 2537
1690 8 2534 2533 2536 2538
1691 6 2533 2535 2537 2539
1692 6 2533 2535 2537 2540
1693 6 2533 2535 2537 2541
1694 6 2533 2536 2538 2542
1695 6 2533 2536 2538 2543
1696 6 2533 2536 2538 2544
1697 8 2546 2545 2547 2549
1698 8 2546 2545 2548 2550
1699 6 2545 2547 2549 2551
1700 6 2545 2547 2549 2552
1701 6 2545 2547 2549 2553
1702 6 2545 2548 2550 2554
1703 6 2545 2548 2550 2555
1704 6 2545 2548 2550 2556
1705 8 2558 2557 2559 2561
1706 8 2558 2557 2560 2562
1707 6 2557 2559 2561 2563
1708 6 2557 2559 2561 2564
1709 6 2557 2559 2561 2565
1710 6 2557 2560 2562 2566
1711 6 2557 2560 2562 2567
1712 6 2557 2560 2562 2568
1713 8 2570 2569 2571 2573
1714 8 2570 2569 2572 2574
1715 6 2569 2571 2573 2575
1716 6 2569 2571 2573 2576
1717 6 2569 2571 2573 2577
1718 6 2569 2572 2574 2578
1719 6 2569 2572 2574 2579
1720 6 2569 2572 2574 2580
1721 8 2582 2581 2583 2585
1722 8 2582 2581 2584 2586
1723 6 2581 2583 2585 2587
1724 6 2581 2583 2585 2588
1725 6 2581 2583 2585 2589
1726 6 2581 2584 2586 2590
1727 6 2581 2584 2586 2591
1728 6 2581 2584 2586 2592
1729 8 2594 2593 2595 2597
1730 8 2594 2593 2596 2598
1731 6 2593 2595 2597 2599
1732 6 2593 2595 2597 2600
1733 6 2593 2595 2597 2601
1734 6 2593 2596 2598 2602
1735 6 2593 2596 2598 2603
1736 6 2593 2596 2598 2604
1737 8 2606 2605 2607 2609
1738 8 2606 2605 2608 2610
1739 6 2605 2607 2609 2611
1740 6 2605 2607 2609 2612
1741 6 2605 2607 2609 2613
1742 6 2605 2608 2610 2614
1743 6 2605 2608 2610 2615
1744 6 2605 2608 2610 2616
1745 8 2618 2617 2619 2621
1746 8 2618 2617 2620 2622
1747 6 2617 2619 2621 2623
1748 6 2617 2619 2621 2624
1749 6 2617 2619 2621 2625
1750 6 2617 2620 2622 2626
1751 6 2617 2620 2622 2627
1752 6 2617 2620 2622 2628
1753 8 2630 2629 2631 2633
1754 8 2630 2629 2632 2634
1755 6 2629 2631 2633 2635
1756 6 2629 2631 2633 2636
1757 6 2629 2631 2633 2637
1758 6 2629 2632 2634 2638
1759 6 2629 2632 2634 2639
1760 6 2629 2632 2634 2640
1761 8 2642 2641 2643 2645
1762 8 2642 2641 2644 2646
1763 6 2641 2643 2645 2647
1764 6 2641 2643 2645 2648
1765 6 2641 2643 2645 2649
1766 6 2641 2644 2646 2650
1767 6 2641 2644 2646 2651
1768 6 2641 2644 2646 2652
1769 8 2654 2653 2655 2657
1770 8 2654 2653 2656 2658
1771 6 2653 2655 2657 2659
1772 6 2653 2655 2657 2660
1773 6 2653 2655 2657 2661
1774 6 2653 2656 2658 2662
1775 6 2653 2656 2658 2663
1776 6 2653 2656 2658 2664
1777 8 2666 2665 2667 2669
1778 8 2666 2665 2668 2670
1779 6 2665 2667 2669 2671
1780 6 2665 2667 2669 2672
1781 6 2665 2667 2669 2673
1782 6 2665 2668 2670 2674
1783 6 2665 2668 2670 2675
1784 6 2665 2668 2670 2676
1785 8 2678 2677 2679 2681
1786 8 2678 2677 2680 2682
1787 6 2677 2679 2681 2683
1788 6 2677 2679 2681 2684
1789 6 2677 2679 2681 2685
1790 6 2677 2680 2682 2686
1791 6 2677 2680 2682 2687
1792 6 2677 2680 2682 2688
1793 8 2690 2689 2691 2693
1794 8 2690 2689 2692 2694
1795 6 2689 2691 2693 2695
1796 6 2689 2691 2693 2696
1797 6 2689 2691 2693 2697
1798 6 2689 2692 2694 2698
1799 6 2689 2692 2694 2699
1800 6 2689 2692 2694 2700
1801 8 2702 2701 2703 2705
1802 8 2702 2701 2704 2706
1803 6 2701 2703 2705 2707
1804 6 2701 2703 2705 2708
1805 6 2701 2703 2705 2709
1806 6 2701 2704 2706 2710
1807 6 2701 2704 2706 2711
1808 6 2701 2704 2706 2712
1809 8 2714 2713 2715 2717
1810 8 2714 2713 2716 2718
1811 6 2713 2715 2717 2719
1812 6 2713 2715 2717 2720
1813 6 2713 2715 2717 2721
1814 6 2713 2716 2718 2722
1815 6 2713 2716 2718 2723
1816 6 2713 2716 2718 2724
1817 8 2726 2725 2727 2729
1818 8 2726 2725 2728 2730
1819 6 2725 2727 2729 2731
1820 6 2725 2727 2729 2732
1821 6 2725 2727 2729 2733
1822 6 2725 2728 2730 2734
1823 6 2725 2728 2730 2735
1824 6 2725 2728 2730 2736
1825 8 2738 2737 2739 2741
1826 8 2738 2737 2740 2742
1827 6 2737 2739 2741 2743
1828 6 2737 2739 2741 2744
1829 6 2737 2739 2741 2745
1830 6 2737 2740 2742 2746
1831 6 2737 2740 2742 2747
1832 6 2737 2740 2742 2748
1833 8 2750 2749 2751 2753
1834 8 2750 2749 2752 2754
1835 6 2749 2751 2753 2755
1836 6 2749 2751 2753 2756
1837 6 2749 2751 2753 2757
1838 6 2749 2752 2754 2758
1839 6 2749 2752 2754 2759
1840 6 2749 2752 2754 2760
1841 8 2762 2761 2763 2765
1842 8 2762 2761 2764 2766
1843 6 2761 2763 2765 2767
1844 6 2761 2763 2765 2768
1845 6 2761 2763 2765 2769
1846 6 2761 2764 2766 2770
1847 6 2761 2764 2766 2771
1848 6 2761 2764 2766 2772
1849 8 2774 2773 2775 2777
1850 8 2774 2773 2776 2778
1851 6 2773 2775 2777 2779
1852 6 2773 2775 2777 2780
1853 6 2773 2775 2777 2781
1854 6 2773 2776 2778 2782
1855 6 2773 2776 2778 2783
1856 6 2773 2776 2778 2784
1857 8 2786 2785 2787 2789
1858 8 2786 2785 2788 2790
1859 6 2785 2787 2789 2791
1860 6 2785 2787 2789 2792
1861 6 2785 2787 2789 2793
1862 6 2785 2788 2790 2794
1863 6 2785 2788 2790 2795
1864 6 2785 2788 2790 2796
1865 8 2798 2797 2799 2801
1866 8 2798 2797 2800 2802
1867 6 2797 2799 2801 2803
1868 6 2797 2799 2801 2804
1869 6 2797 2799 2801 2805
1870 6 2797 2800 2802 2806
1871 6 2797 2800 2802 2807
1872 6 2797 2800 2802 2808
1873 8 2810 2809 2811 2813
1874 8 2810 2809 2812 2814
1875 6 2809 2811 2813 2815
1876 6 2809 2811 2813 2816
1877 6 2809 2811 2813 2817
1878 6 2809 2812 2814 2818
1879 6 2809 2812 2814 2819
1880 6 2809 2812 2814 2820
1881 8 2822 2821 2823 2825
1882 8 2822 2821 2824 2826
1883 6 2821 2823 2825 2827
1884 6 2821 2823 2825 2828
1885 6 2821 2823 2825 2829
1886 6 2821 2824 2826 2830
1887 6 2821 2824 2826 2831
1888 6 2821 2824 2826 2832
1889 8 2834 2833 2835 2837
1890 8 2834 2833 2836 2838
1891 6 2833 2835 2837 2839
1892 6 2833 2835 2837 2840
1893 6 2833 2835 2837 2841
1894 6 2833 2836 2838 2842
1895 6 2833 2836 2838 2843
1896 6 2833 2836 2838 2844
1897 8 2846 2845 2847 2849
1898 8 2846 2845 2848 2850
1899 6 2845 2847 2849 2851
1900 6 2845 2847 2849 2852
1901 6 2845 2847 2849 2853
1902 6 2845 2848 2850 2854
1903 6 2845 2848 2850 2855
1904 6 2845 2848 2850 2856
1905 8 2858 2857 2859 2861
1906 8 2858 2857 2860 2862
1907 6 2857 2859 2861 2863
1908 6 2857 2859 2861 2864
1909 6 2857 2859 2861 2865
1910 6 2857 2860 2862 2866
1911 6 2857 2860 2862 2867
1912 6 2857 2860 2862 2868
1913 8 2870 2869 2871 2873
1914 8 2870 2869 2872 2874
1915 6 2869 2871 2873 2875
1916 6 2869 2871 2873 2876
1917 6 2869 2871 2873 2877
1918 6 2869 2872 2874 2878
1919 6 2869 2872 2874 2879
1920 6 2869 2872 2874 2880
1921 8 2882 2881 2883 2885
1922 8 2882 2881 2884 2886
1923 6 2881 2883 2885 2887
1924 6 2881 2883 2885 2888
1925 6 2881 2883 2885 2889
1926 6 2881 2884 2886 2890
1927 6 2881 2884 2886 2891
1928 6 2881 2884 2886 2892
1929 8 2894 2893 2895 2897
1930 8 2894 2893 2896 2898
1931 6 2893 2895 2897 2899
1932 6 2893 2895 2897 2900
1933 6 2893 2895 2897 2901
1934 6 2893 2896 2898 2902
1935 6 2893 2896 2898 2903
1936 6 2893 2896 2898 2904
1937 8 2906 2905 2907 2909
1938 8 2906 2905 2908 2910
1939 6 2905 2907 2909 2911
1940 6 2905 2907 2909 2912
1941 6 2905 2907 2909 2913
1942 6 2905 2908 2910 2914
1943 6 2905 2908 2910 2915
1944 6 2905 2908 2910 2916
1945 8 2918 2917 2919 2921
1946 8 2918 2917 2920 2922
1947 6 2917 2919 2921 2923
1948 6 2917 2919 2921 2924
1949 6 2917 2919 2921 2925
1950 6 2917 2920 2922 2926
1951 6 2917 2920 2922 2927
1952 6 2917 2920 2922 2928
1953 8 2930 2929 2931 2933
1954 8 2930 2929 2932 2934
1955 6 2929 2931 2933 2935
1956 6 2929 2931 2933 2936
1957 6 2929 2931 2933 2937
1958 6 2929 2932 2934 2938
1959 6 2929 2932 2934 2939
1960 6 2929 2932 2934 2940
1961 8 2942 2941 2943 2945
1962 8 2942 2941 2944 2946
1963 6 2941 2943 2945 2947
1964 6 2941 2943 2945 2948
1965 6 2941 2943 2945 2949
1966 6 2941 2944 2946 2950
1967 6 2941 2944 2946 2951
1968 6 2941 2944 2946 2952
1969 8 2954 2953 2955 2957
1970 8 2954 2953 2956 2958
1971 6 2953 2955 2957 2959
1972 6 2953 2955 2957 2960
1973 6 2953 2955 2957 2961
1974 6 2953 2956 2958 2962
1975 6 2953 2956 2958 2963
1976 6 2953 2956 2958 2964
1977 8 2966 2965 2967 2969
1978 8 2966 2965 2968 2970
1979 6 2965 2967 2969 2971
1980 6 2965 2967 2969 2972
1981 6 2965 2967 2969 2973
1982 6 2965 2968 2970 2974
1983 6 2965 2968 2970 2975
1984 6 2965 2968 2970 2976
1985 8 2978 2977 2979 2981
1986 8 2978 2977 2980 2982
1987 6 2977 2979 2981 2983
1988 6 2977 2979 2981 2984
1989 6 2977 2979 2981 2985
1990 6 2977 2980 2982 2986
1991 6 2977 2980 2982 2987
1992 6 2977 2980 2982 2988
1993 8 2990 2989 2991 2993
1994 8 2990 2989 2992 2994
1995 6 2989 2991 2993 2995
1996 6 2989 2991 2993 2996
1997 6 2989 2991 2993 2997
1998 6 2989 2992 2994 2998
1999 6 2989 2992 2994 2999
2000 6 2989 2992 2994 3000
2001 8 3002 3001 3003 3005
2002 8 3002 3001 3004 3006
2003 6 3001 3003 3005 3007
2004 6 3001 3003 3005 3008
2005 6 3001 3003 3005 3009
2006 6 3001 3004 3006 3010
2007 6 3001 3004 3006 3011
2008 6 3001 3004 3006 3012
2009 8 3014 3013 3015 3017
2010 8 3014 3013 3016 3018
2011 6 3013 3015 3017 3019
2012 6 3013 3015 3017 3020
2013 6 3013 3015 3017 3021
2014 6 3013 3016 3018 3022
2015 6 3013 3016 3018 3023
2016 6 3013 3016 3018 3024
2017 8 3026 3025 3027 3029
2018 8 3026 3025 3028 3030
2019 6 3025 3027 3029 3031
2020 6 3025 3027 3029 3032
2021 6 3025 3027 3029 3033
2022 6 3025 3028 3030 3034
2023 6 3025 3028 3030 3035
2024 6 3025 3028 3030 3036
2025 8 3038 3037 3039 3041
2026 8 3038 3037 3040 3042
2027 6 3037 3039 3041 3043
2028 6 3037 3039 3041 3044
2029 6 3037 3039 3041 3045
2030 6 3037 3040 3042 3046
2031 6 3037 3040 3042 3047
2032 6 3037 3040 3042 3048
2033 8 3050 3049 3051 3053
2034 8 3050 3049 3052 3054
2035 6 3049 3051 3053 3055
2036 6 3049 3051 3053 3056
2037 6 3049 3051 3053 3057
2038 6 3049 3052 3054 3058
2039 6 3049 3052 3054 3059
2040 6 3049 3052 3054 3060
2041 8 3062 3061 3063 3065
2042 8 3062 3061 3064 3066
2043 6 3061 3063 3065 3067
2044 6 3061 3063 3065 3068
2045 6 3061 3063 3065 3069
2046 6 3061 3064 3066 3070
2047 6 3061 3064 3066 3071
2048 6 3061 3064 3066 3072
2049 8 3074 3073 3075 3077
2050 8 3074 3073 3076 3078
2051 6 3073 3075 3077 3079
2052 6 3073 3075 3077 3080
2053 6 3073 3075 3077 3081
2054 6 3073 3076 3078 3082
2055 6 3073 3076 3078 3083
2056 6 3073 3076 3078 3084
2057 8 3086 3085 3087 3089
2058 8 3086 3085 3088 3090
2059 6 3085 3087 3089 3091
2060 6 3085 3087 3089 3092
2061 6 3085 3087 3089 3093
2062 6 3085 3088 3090 3094
2063 6 3085 3088 3090 3095
2064 6 3085 3088 3090 3096
2065 8 3098 3097 3099 3101
2066 8 3098 3097 3100 3102
2067 6 3097 3099 3101 3103
2068 6 3097 3099 3101 3104
2069 6 3097 3099 3101 3105
2070 6 3097 3100 3102 3106
2071 6 3097 3100 3102 3107
2072 6 3097 3100 3102 3108
2073 8 3110 3109 3111 3113
2074 8 3110 3109 3112 3114
2075 6 3109 3111 3113 3115
2076 6 3109 3111 3113 3116
2077 6 3109 3111 3113 3117
2078 6 3109 3112 3114 3118
2079 6 3109 3112 3114 3119
2080 6 3109 3112 3114 3120
2081 8 3122 3121 3123 3125
2082 8 3122 3121 3124 3126
2083 6 3121 3123 3125 3127
2084 6 3121 3123 3125 3128
2085 6 3121 3123 3125 3129
2086 6 3121 3124 3126 3130
2087 6 3121 3124 3126 3131
2088 6 3121 3124 3126 3132
2089 8 3134 3133 3135 3137
2090 8 3134 3133 3136 3138
2091 6 3133 3135 3137 3139
2092 6 3133 3135 3137 3140
2093 6 3133 3135 3137 3141
2094 6 3133 3136 3138 3142
2095 6 3133 3136 3138 3143
2096 6 3133 3136 3138 3144
2097 8 3146 3145 3147 3149
2098 8 3146 3145 3148 3150
2099 6 3145 3147 3149 3151
2100 6 3145 3147 3149 3152
2101 6 3145 3147 3149 3153
2102 6 3145 3148 3150 3154
2103 6 3145 3148 3150 3155
2104 6 3145 3148 3150 3156
2105 8 3158 3157 3159 3161
2106 8 3158 3157 3160 3162
2107 6 3157 3159 3161 3163
2108 6 3157 3159 3161 3164
2109 6 3157 3159 3161 3165
2110 6 3157 3160 3162 3166
2111 6 3157 3160 3162 3167
2112 6 3157 3160 3162 3168
2113 8 3170 3169 3171 3173
2114 8 3170 3169 3172 3174
2115 6 3169 3171 3173 3175
2116 6 3169 3171 3173 3176
2117 6 3169 3171 3173 3177
2118 6 3169 3172 3174 3178
2119 6 3169 3172 3174 3179
2120 6 3169 3172 3174 3180
2121 8 3182 3181 3183 3185
2122 8 3182 3181 3184 3186
2123 6 3181 3183 3185 3187
2124 6 3181 3183 3185 3188
2125 6 3181 3183 3185 3189
2126 6 3181 3184 3186 3190
2127 6 3181 3184 3186 3191
2128 6 3181 3184 3186 3192
2129 8 3194 3193 3195 3197
2130 8 3194 3193 3196 3198
2131 6 3193 3195 3197 3199
2132 6 3193 3195 3197 3200
2133 6 3193 3195 3197 3201
2134 6 3193 3196 3198 3202
2135 6 3193 3196 3198 3203
2136 6 3193 3196 3198 3204
2137 8 3206 3205 3207 3209
2138 8 3206 3205 3208 3210
2139 6 3205 3207 3209 3211
2140 6 3205 3207 3209 3212
2141 6 3205 3207 3209 3213
2142 6 3205 3208 3210 3214
2143 6 3205 3208 3210 3215
2144 6 3205 3208 3210 3216
2145 8 3218 3217 3219 3221
2146 8 3218 3217 3220 3222
2147 6 3217 3219 3221 3223
2148 6 3217 3219 3221 3224
2149 6 3217 3219 3221 3225
2150 6 3217 3220 3222 3226
2151 6 3217 3220 3222 3227
2152 6 3217 3220 3222 3228
2153 8 3230 3229 3231 3233
2154 8 3230 3229 3232 3234
2155 6 3229 3231 3233 3235
2156 6 3229 3231 3233 3236
2157 6 3229 3231 3233 3237
2158 6 3229 3232 3234 3238
2159 6 3229 3232 3234 3239
2160 6 3229 3232 3234 3240
2161 8 3242 3241 3243 3245
2162 8 3242 3241 3244 3246
2163 6 3241 3243 3245 3247
2164 6 3241 3243 3245 3248
2165 6 3241 3243 3245 3249
2166 6 3241 3244 3246 3250
2167 6 3241 3244 3246 3251
2168 6 3241 3244 3246 3252
2169 8 3254 3253 3255 3257
2170 8 3254 3253 3256 3258
2171 6 3253 3255 3257 3259
2172 6 3253 3255 3257 3260
2173 6 3253 3255 3257 3261
2174 6 3253 3256 3258 3262
2175 6 3253 3256 3258 3263
2176 6 3253 3256 3258 3264
2177 8 3266 3265 3267 3269
2178 8 3266 3265 3268 3270
2179 6 3265 3267 3269 3271
2180 6 3265 3267 3269 3272
2181 6 3265 3267 3269 3273
2182 6 3265 3268 3270 3274
2183 6 3265 3268 3270 3275
2184 6 3265 3268 3270 3276
2185 8 3278 3277 3279 3281
2186 8 3278 3277 3280 3282
2187 6 3277 3279 3281 3283
2188 6 3277 3279 3281 3284
2189 6 3277 3279 3281 3285
2190 6 3277 3280 3282 3286
2191 6 3277 3280 3282 3287
2192 6 3277 3280 3282 3288
2193 8 3290 3289 3291 3293
2194 8 3290 3289 3292 3294
2195 6 3289 3291 3293 3295
2196 6 3289 3291 3293 3296
2197 6 3289 3291 3293 3297
2198 6 3289 3292 3294 3298
2199 6 3289 3292 3294 3299
2200 6 3289 3292 3294 3300
2201 8 3302 3301 3303 3305
2202 8 3302 3301 3304 3306
2203 6 3301 3303 3305 3307
2204 6 3301 3303 3305 3308
2205 6 3301 3303 3305 3309
2206 6 3301 3304 3306 3310
2207 6 3301 3304 3306 3311
2208 6 3301 3304 3306 3312
2209 8 3314 3313 3315 3317
2210 8 3314 3313 3316 3318
2211 6 3313 3315 3317 3319
2212 6 3313 3315 3317 3320
2213 6 3313 3315 3317 3321
2214 6 3313 3316 3318 3322
2215 6 3313 3316 3318 3323
2216 6 3313 3316 3318 3324
2217 8 3326 3325 3327 3329
2218 8 3326 3325 3328 3330
2219 6 3325 3327 3329 3331
2220 6 3325 3327 3329 3332
2221 6 3325 3327 3329 3333
2222 6 3325 3328 3330 3334
2223 6 3325 3328 3330 3335
2224 6 3325 3328 3330 3336
2225 8 3338 3337 3339 3341
2226 8 3338 3337 3340 3342
2227 6 3337 3339 3341 3343
2228 6 3337 3339 3341 3344
2229 6 3337 3339 3341 3345
2230 6 3337 3340 3342 3346
2231 6 3337 3340 3342 3347
2232 6 3337 3340 3342 3348
2233 8 3350 3349 3351 3353
2234 8 3350 3349 3352 3354
2235 6 3349 3351 3353 3355
2236 6 3349 3351 3353 3356
2237 6 3349 3351 3353 3357
2238 6 3349 3352 3354 3358
2239 6 3349 3352 3354 3359
2240 6 3349 3352 3354 3360
2241 8 3362 3361 3363 3365
2242 8 3362 3361 3364 3366
2243 6 3361 3363 3365 3367
2244 6 3361 3363 3365 3368
2245 6 3361 3363 3365 3369
2246 6 3361 3364 3366 3370
2247 6 3361 3364 3366 3371
2248 6 3361 3364 3366 3372
2249 8 3374 3373 3375 3377
2250 8 3374 3373 3376 3378
2251 6 3373 3375 3377 3379
2252 6 3373 3375 3377 3380
2253 6 3373 3375 3377 3381
2254 6 3373 3376 3378 3382
2255 6 3373 3376 3378 3383
2256 6 3373 3376 3378 3384
2257 8 3386 3385 3387 3389
2258 8 3386 3385 3388 3390
2259 6 3385 3387 3389 3391
2260 6 3385 3387 3389 3392
2261 6 3385 3387 3389 3393
2262 6 3385 3388 3390 3394
2263 6 3385 3388 3390 3395
2264 6 3385 3388 3390 3396
2265 8 3398 3397 3399 3401
2266 8 3398 3397 3400 3402
2267 6 3397 3399 3401 3403
2268 6 3397 3399 3401 3404
2269 6 3397 3399 3401 3405
2270 6 3397 3400 3402 3406
2271 6 3397 3400 3402 3407
2272 6 3397 3400 3402 3408
2273 8 3410 3409 3411 3413
2274 8 3410 3409 3412 3414
2275 6 3409 3411 3413 3415
2276 6 3409 3411 3413 3416
2277 6 3409 3411 3413 3417
2278 6 3409 3412 3414 3418
2279 6 3409 3412 3414 3419
2280 6 3409 3412 3414 3420
2281 8 3422 3421 3423 3425
2282 8 3422 3421 3424 3426
2283 6 3421 3423 3425 3427
2284 6 3421 3423 3425 3428
2285 6 3421 3423 3425 3429
2286 6 3421 3424 3426 3430
2287 6 3421 3424 3426 3431
2288 6 3421 3424 3426 3432
2289 8 3434 3433 3435 3437
2290 8 3434 3433 3436 3438
2291 6 3433 3435 3437 3439
2292 6 3433 3435 3437 3440
2293 6 3433 3435 3437 3441
2294 6 3433 3436 3438 3442
2295 6 3433 3436 3438 3443
2296 6 3433 3436 3438 3444
2297 8 3446 3445 3447 3449
2298 8 3446 3445 3448 3450
2299 6 3445 3447 3449 3451
2300 6 3445 3447 3449 3452
2301 6 3445 3447 3449 3453
2302 6 3445 3448 3450 3454
2303 6 3445 3448 3450 3455
2304 6 3445 3448 3450 3456
2305 8 3458 3457 3459 3461
2306 8 3458 3457 3460 3462
2307 6 3457 3459 3461 3463
2308 6 3457 3459 3461 3464
2309 6 3457 3459 3461 3465
2310 6 3457 3460 3462 3466
2311 6 3457 3460 3462 3467
2312 6 3457 3460 3462 3468
2313 8 3470 3469 3471 3473
2314 8 3470 3469 3472 3474
2315 6 3469 3471 3473 3475
2316 6 3469 3471 3473 3476
2317 6 3469 3471 3473 3477
2318 6 3469 3472 3474 3478
2319 6 3469 3472 3474 3479
2320 6 3469 3472 3474 3480
2321 8 3482 3481 3483 3485
2322 8 3482 3481 3484 3486
2323 6 3481 3483 3485 3487
2324 6 3481 3483 3485 3488
2325 6 3481 3483 3485 3489
2326 6 3481 3484 3486 3490
2327 6 3481 3484 3486 3491
2328 6 3481 3484 3486 3492
2329 8 3494 3493 3495 3497
2330 8 3494 3493 3496 3498
2331 6 3493 3495 3497 3499
2332 6 3493 3495 3497 3500
2333 6 3493 3495 3497 3501
2334 6 3493 3496 3498 3502
2335 6 3493 3496 3498 3503
2336 6 3493 3496 3498 3504
2337 8 3506 3505 3507 3509
2338 8 3506 3505 3508 3510
2339 6 3505 3507 3509 3511
2340 6 3505 3507 3509 3512
2341 6 3505 3507 3509 3513
2342 6 3505 3508 3510 3514
2343 6 3505 3508 3510 3515
2344 6 3505 3508 3510 3516
2345 8 3518 3517 3519 3521
2346 8 3518 3517 3520 3522
2347 6 3517 3519 3521 3523
2348 6 3517 3519 3521 3524
2349 6 3517 3519 3521 3525
2350 6 3517 3520 3522 3526
2351 6 3517 3520 3522 3527
2352 6 3517 3520 3522 3528
2353 8 3530 3529 3531 3533
2354 8 3530 3529 3532 3534
2355 6 3529 3531 3533 3535
2356 6 3529 3531 3533 3536
2357 6 3529 3531 3533 3537
2358 6 3529 3532 3534 3538
2359 6 3529 3532 3534 3539
2360 6 3529 3532 3534 3540
2361 8 3542 3541 3543 3545
2362 8 3542 3541 3544 3546
2363 6 3541 3543 3545 3547
2364 6 3541 3543 3545 3548
2365 6 3541 3543 3545 3549
2366 6 3541 3544 3546 3550
2367 6 3541 3544 3546 3551
2368 6 3541 3544 3546 3552
2369 8 3554 3553 3555 3557
2370 8 3554 3553 3556 3558
2371 6 3553 3555 3557 3559
2372 6 3553 3555 3557 3560
2373 6 3553 3555 3557 3561
2374 6 3553 3556 3558 3562
2375 6 3553 3556 3558 3563
2376 6 3553 3556 3558 3564
2377 8 3566 3565 3567 3569
2378 8 3566 3565 3568 3570
2379 6 3565 3567 3569 3571
2380 6 3565 3567 3569 3572
2381 6 3565 3567 3569 3573
2382 6 3565 3568 3570 3574
2383 6 3565 3568 3570 3575
2384 6 3565 3568 3570 3576
2385 8 3578 3577 3579 3581
2386 8 3578 3577 3580 3582
2387 6 3577 3579 3581 3583
2388 6 3577 3579 3581 3584
2389 6 3577 3579 3581 3585
2390 6 3577 3580 3582 3586
2391 6 3577 3580 3582 3587
2392 6 3577 3580 3582 3588
2393 8 3590 3589 3591 3593
2394 8 3590 3589 3592 3594
2395 6 3589 3591 3593 3595
2396 6 3589 3591 3593 3596
2397 6 3589 3591 3593 3597
2398 6 3589 3592 3594 3598
2399 6 3589 3592 3594 3599
2400 6 3589 3592 3594 3600
2401 8 3602 3601 3603 3605
2402 8 3602 3601 3604 3606
2403 6 3601 3603 3605 3607
2404 6 3601 3603 3605 3608
2405 6 3601 3603 3605 3609
2406 6 3601 3604 3606 3610
2407 6 3601 3604 3606 3611
2408 6 3601 3604 3606 3612
2409 8 3614 3613 3615 3617
2410 8 3614 3613 3616 3618
2411 6 3613 3615 3617 3619
2412 6 3613 3615 3617 3620
2413 6 3613 3615 3617 3621
2414 6 3613 3616 3618 3622
2415 6 3613 3616 3618 3623
2416 6 3613 3616 3618 3624
2417 8 3626 3625 3627 3629
2418 8 3626 3625 3628 3630
2419 6 3625 3627 3629 3631
2420 6 3625 3627 3629 3632
2421 6 3625 3627 3629 3633
2422 6 3625 3628 3630 3634
2423 6 3625 3628 3630 3635
2424 6 3625 3628 3630 3636
2425 8 3638 3637 3639 3641
2426 8 3638 3637 3640 3642
2427 6 3637 3639 3641 3643
2428 6 3637 3639 3641 3644
2429 6 3637 3639 3641 3645
2430 6 3637 3640 3642 3646
2431 6 3637 3640 3642 3647
2432 6 3637 3640 3642 3648
2433 8 3650 3649 3651 3653
2434 8 3650 3649 3652 3654
2435 6 3649 3651 3653 3655
2436 6 3649 3651 3653 3656
2437 6 3649 3651 3653 3657
2438 6 3649 3652 3654 3658
2439 6 3649 3652 3654 3659
2440 6 3649 3652 3654 3660
2441 8 3662 3661 3663 3665
2442 8 3662 3661 3664 3666
2443 6 3661 3663 3665 3667
2444 6 3661 3663 3665 3668
2445 6 3661 3663 3665 3669
2446 6 3661 3664 3666 3670
2447 6 3661 3664 3666 3671
2448 6 3661 3664 3666 3672
2449 8 3674 3673 3675 3677
2450 8 3674 3673 3676 3678
2451 6 3673 3675 3677 3679
2452 6 3673 3675 3677 3680
2453 6 3673 3675 3677 3681
2454 6 3673 3676 3678 3682
2455 6 3673 3676 3678 3683
2456 6 3673 3676 3678 3684
2457 8 3686 3685 3687 3689
2458 8 3686 3685 3688 3690
2459 6 3685 3687 3689 3691
2460 6 3685 3687 3689 3692
2461 6 3685 3687 3689 3693
2462 6 3685 3688 3690 3694
2463 6 3685 3688 3690 3695
2464 6 3685 3688 3690 3696
2465 8 3698 3697 3699 3701
2466 8 3698 3697 3700 3702
2467 6 3697 3699 3701 3703
2468 6 3697 3699 3701 3704
2469 6 3697 3699 3701 3705
2470 6 3697 3700 3702 3706
2471 6 3697 3700 3702 3707
2472 6 3697 3700 3702 3708
2473 8 3710 3709 3711 3713
2474 8 3710 3709 3712 3714
2475 6 3709 3711 3713 3715
2476 6 3709 3711 3713 3716
2477 6 3709 3711 3713 3717
2478 6 3709 3712 3714 3718
2479 6 3709 3712 3714 3719
2480 6 3709 3712 3714 3720
2481 8 3722 3721 3723 3725
2482 8 3722 3721 3724 3726
2483 6 3721 3723 3725 3727
2484 6 3721 3723 3725 3728
2485 6 3721 3723 3725 3729
2486 6 3721 3724 3726 3730
2487 6 3721 3724 3726 3731
2488 6 3721 3724 3726 3732
2489 8 3734 3733 3735 3737
2490 8 3734 3733 3736 3738
2491 6 3733 3735 3737 3739
2492 6 3733 3735 3737 3740
2493 6 3733 3735 3737 3741
2494 6 3733 3736 3738 3742
2495 6 3733 3736 3738 3743
2496 6 3733 3736 3738 3744
2497 8 3746 3745 3747 3749
2498 8 3746 3745 3748 3750
2499 6 3745 3747 3749 3751
2500 6 3745 3747 3749 3752
2501 6 3745 3747 3749 3753
2502 6 3745 3748 3750 3754
2503 6 3745 3748 3750 3755
2504 6 3745 3748 3750 3756
2505 8 3758 3757 3759 3761
2506 8 3758 3757 3760 3762
2507 6 3757 3759 3761 3763
2508 6 3757 3759 3761 3764
2509 6 3757 3759 3761 3765
2510 6 3757 3760 3762 3766
2511 6 3757 3760 3762 3767
2512 6 3757 3760 3762 3768
2513 8 3770 3769 3771 3773
2514 8 3770 3769 3772 3774
2515 6 3769 3771 3773 3775
2516 6 3769 3771 3773 3776
2517 6 3769 3771 3773 3777
2518 6 3769 3772 3774 3778
2519 6 3769 3772 3774 3779
2520 6 3769 3772 3774 3780
2521 8 3782 3781 3783 3785
2522 8 3782 3781 3784 3786
2523 6 3781 3783 3785 3787
2524 6 3781 3783 3785 3788
2525 6 3781 3783 3785 3789
2526 6 3781 3784 3786 3790
2527 6 3781 3784 3786 3791
2528 6 3781 3784 3786 3792
2529 8 3794 3793 3795 3797
2530 8 3794 3793 3796 3798
2531 6 3793 3795 3797 3799
2532 6 3793 3795 3797 3800
2533 6 3793 3795 3797 3801
2534 6 3793 3796 3798 3802
2535 6 3793 3796 3798 3803
2536 6 3793 3796 3798 3804
2537 8 3806 3805 3807 3809
2538 8 3806 3805 3808 3810
2539 6 3805 3807 3809 3811
2540 6 3805 3807 3809 3812
2541 6 3805 3807 3809 3813
2542 6 3805 3808 3810 3814
2543 6 3805 3808 3810 3815
2544 6 3805 3808 3810 3816
2545 8 3818 3817 3819 3821
2546 8 3818 3817 3820 3822
2547 6 3817 3819 3821 3823
2548 6 3817 3819 3821 3824
2549 6 3817 3819 3821 3825
2550 6 3817 3820 3822 3826
2551 6 3817 3820 3822 3827
2552 6 3817 3820 3822 3828
2553 8 3830 3829 3831 3833
2554 8 3830 3829 3832 3834
2555 6 3829 3831 3833 3835
2556 6 3829 3831 3833 3836
2557 6 3829 3831 3833 3837
2558 6 3829 3832 3834 3838
2559 6 3829 3832 3834 3839
2560 6 3829 3832 3834 3840
2561 8 3842 3841 3843 3845
2562 8 3842 3841 3844 3846
2563 6 3841 3843 3845 3847
2564 6 3841 3843 3845 3848
2565 6 3841 3843 3845 3849
2566 6 3841 3844 3846 3850
2567 6 3841 3844 3846 3851
2568 6 3841 3844 3846 3852
2569 8 3854 3853 3855 3857
2570 8 3854 3853 3856 3858
2571 6 3853 3855 3857 3859
2572 6 3853 3855 3857 3860
2573 6 3853 3855 3857 3861
2574 6 3853 3856 3858 3862
2575 6 3853 3856 3858 3863
2576 6 3853 3856 3858 3864
2577 8 3866 3865 3867 3869
2578 8 3866 3865 3868 3870
2579 6 3865 3867 3869 3871
2580 6 3865 3867 3869 3872
2581 6 3865 3867 3869 3873
2582 6 3865 3868 3870 3874
2583 6 3865 3868 3870 3875
2584 6 3865 3868 3870 3876
2585 8 3878 3877 3879 3881
2586 8 3878 3877 3880 3882
2587 6 3877 3879 3881 3883
2588 6 3877 3879 3881 3884
2589 6 3877 3879 3881 3885
2590 6 3877 3880 3882 3886
2591 6 3877 3880 3882 3887
2592 6 3877 3880 3882 3888
2593 8 3890 3889 3891 3893
2594 8 3890 3889 3892 3894
2595 6 3889 3891 3893 3895
2596 6 3889 3891 3893 3896
2597 6 3889 3891 3893 3897
2598 6 3889 3892 3894 3898
2599 6 3889 3892 3894 3899
2600 6 3889 3892 3894 3900
2601 8 3902 3901 3903 3905
2602 8 3902 3901 3904 3906
2603 6 3901 3903 3905 3907
2604 6 3901 3903 3905 3908
2605 6 3901 3903 3905 3909
2606 6 3901 3904 3906 3910
2607 6 3901 3904 3906 3911
2608 6 3901 3904 3906 3912
2609 8 3914 3913 3915 3917
2610 8 3914 3913 3916 3918
2611 6 3913 3915 3917 3919
2612 6 3913 3915 3917 3920
2613 6 3913 3915 3917 3921
2614 6 3913 3916 3918 3922
2615 6 3913 3916 3918 3923
2616 6 3913 3916 3918 3924
2617 8 3926 3925 3927 3929
2618 8 3926 3925 3928 3930
2619 6 3925 3927 3929 3931
2620 6 3925 3927 3929 3932
2621 6 3925 3927 3929 3933
2622 6 3925 3928 3930 3934
2623 6 3925 3928 3930 3935
2624 6 3925 3928 3930 3936
2625 8 3938 3937 3939 3941
2626 8 3938 3937 3940 3942
2627 6 3937 3939 3941 3943
2628 6 3937 3939 3941 3944
2629 6 3937 3939 3941 3945
2630 6 3937 3940 3942 3946
2631 6 3937 3940 3942 3947
2632 6 3937 3940 3942 3948
2633 8 3950 3949 3951 3953
2634 8 3950 3949 3952 3954
2635 6 3949 3951 3953 3955
2636 6 3949 3951 3953 3956
2637 6 3949 3951 3953 3957
2638 6 3949 3952 3954 3958
2639 6 3949 3952 3954 3959
2640 6 3949 3952 3954 3960
2641 8 3962 3961 3963 3965
2642 8 3962 3961 3964 3966
2643 6 3961 3963 3965 3967
2644 6 3961 3963 3965 3968
2645 6 3961 3963 3965 3969
2646 6 3961 3964 3966 3970
2647 6 3961 3964 3966 3971
2648 6 3961 3964 3966 3972
2649 8 3974 3973 3975 3977
2650 8 3974 3973 3976 3978
2651 6 3973 3975 3977 3979
2652 6 3973 3975 3977 3980
2653 6 3973 3975 3977 3981
2654 6 3973 3976 3978 3982
2655 6 3973 3976 3978 3983
2656 6 3973 3976 3978 3984
2657 8 3986 3985 3987 3989
2658 8 3986 3985 3988 3990
2659 6 3985 3987 3989 3991
2660 6 3985 3987 3989 3992
2661 6 3985 3987 3989 3993
2662 6 3985 3988 3990 3994
2663 6 3985 3988 3990 3995
2664 6 3985 3988 3990 3996
2665 8 3998 3997 3999 4001
2666 8 3998 3997 4000 4002
2667 6 3997 3999 4001 4003
2668 6 3997 3999 4001 4004
2669 6 3997 3999 4001 4005
2670 6 3997 4000 4002 4006
2671 6 3997 4000 4002 4007
2672 6 3997 4000 4002 4008
2673 8 4010 4009 4011 4013
2674 8 4010 4009 4012 4014
2675 6 4009 4011 4013 4015
2676 6 4009 4011 4013 4016
2677 6 4009 4011 4013 4017
2678 6 4009 4012 4014 4018
2679 6 4009 4012 4014 4019
2680 6 4009 4012 4014 4020
2681 8 4022 4021 4023 4025
2682 8 4022 4021 4024 4026
2683 6 4021 4023 4025 4027
2684 6 4021 4023 4025 4028
2685 6 4021 4023 4025 4029
2686 6 4021 4024 4026 4030
2687 6 4021 4024 4026 4031
2688 6 4021 4024 4026 4032
2689 8 4034 4033 4035 4037
2690 8 4034 4033 4036 4038
2691 6 4033 4035 4037 4039
2692 6 4033 4035 4037 4040
2693 6 4033 4035 4037 4041
2694 6 4033 4036 4038 4042
2695 6 4033 4036 4038 4043
2696 6 4033 4036 4038 4044
2697 8 4046 4045 4047 4049
2698 8 4046 4045 4048 4050
2699 6 4045 4047 4049 4051
2700 6 4045 4047 4049 4052
2701 6 4045 4047 4049 4053
2702 6 4045 4048 4050 4054
2703 6 4045 4048 4050 4055
2704 6 4045 4048 4050 4056
2705 8 4058 4057 4059 4061
2706 8 4058 4057 4060 4062
2707 6 4057 4059 4061 4063
2708 6 4057 4059 4061 4064
2709 6 4057 4059 4061 4065
2710 6 4057 4060 4062 4066
2711 6 4057 4060 4062 4067
2712 6 4057 4060 4062 4068
2713 8 4070 4069 4071 4073
2714 8 4070 4069 4072 4074
2715 6 4069 4071 4073 4075
2716 6 4069 4071 4073 4076
2717 6 4069 4071 4073 4077
2718 6 4069 4072 4074 4078
2719 6 4069 4072 4074 4079
2720 6 4069 4072 4074 4080
2721 8 4082 4081 4083 4085
2722 8 4082 4081 4084 4086
2723 6 4081 4083 4085 4087
2724 6 4081 4083 4085 4088
2725 6 4081 4083 4085 4089
2726 6 4081 4084 4086 4090
2727 6 4081 4084 4086 4091
2728 6 4081 4084 4086 4092
2729 8 4094 4093 4095 4097
2730 8 4094 4093 4096 4098
2731 6 4093 4095 4097 4099
2732 6 4093 4095 4097 4100
2733 6 4093 4095 4097 4101
2734 6 4093 4096 4098 4102
2735 6 4093 4096 4098 4103
2736 6 4093 4096 4098 4104
2737 8 4106 4105 4107 4109
2738 8 4106 4105 4108 4110
2739 6 4105 4107 4109 4111
2740 6 4105 4107 4109 4112
2741 6 4105 4107 4109 4113
2742 6 4105 4108 4110 4114
2743 6 4105 4108 4110 4115
2744 6 4105 4108 4110 4116
2745 8 4118 4117 4119 4121
2746 8 4118 4117 4120 4122
2747 6 4117 4119 4121 4123
2748 6 4117 4119 4121 4124
2749 6 4117 4119 4121 4125
2750 6 4117 4120 4122 4126
2751 6 4117 4120 4122 4127
2752 6 4117 4120 4122 4128
2753 8 4130 4129 4131 4133
2754 8 4130 4129 4132 4134
2755 6 4129 4131 4133 4135
2756 6 4129 4131 4133 4136
2757 6 4129 4131 4133 4137
2758 6 4129 4132 4134 4138
2759 6 4129 4132 4134 4139
2760 6 4129 4132 4134 4140
2761 8 4142 4141 4143 4145
2762 8 4142 4141 4144 4146
2763 6 4141 4143 4145 4147
2764 6 4141 4143 4145 4148
2765 6 4141 4143 4145 4149
2766 6 4141 4144 4146 4150
2767 6 4141 4144 4146 4151
2768 6 4141 4144 4146 4152
2769 8 4154 4153 4155 4157
2770 8 4154 4153 4156 4158
2771 6 4153 4155 4157 4159
2772 6 4153 4155 4157 4160
2773 6 4153 4155 4157 4161
2774 6 4153 4156 4158 4162
2775 6 4153 4156 4158 4163
2776 6 4153 4156 4158 4164
2777 8 4166 4165 4167 4169
2778 8 4166 4165 4168 4170
2779 6 4165 4167 4169 4171
2780 6 4165 4167 4169 4172
2781 6 4165 4167 4169 4173
2782 6 4165 4168 4170 4174
2783 6 4165 4168 4170 4175
2784 6 4165 4168 4170 4176
2785 8 4178 4177 4179 4181
2786 8 4178 4177 4180 4182
2787 6 4177 4179 4181 4183
2788 6 4177 4179 4181 4184
2789 6 4177 4179 4181 4185
2790 6 4177 4180 4182 4186
2791 6 4177 4180 4182 4187
2792 6 4177 4180 4182 4188
2793 8 4190 4189 4191 4193
2794 8 4190 4189 4192 4194
2795 6 4189 4191 4193 4195
2796 6 4189 4191 4193 4196
2797 6 4189 4191 4193 4197
2798 6 4189 4192 4194 4198
2799 6 4189 4192 4194 4199
2800 6 4189 4192 4194 4200
2801 8 4202 4201 4203 4205
2802 8 4202 4201 4204 4206
2803 6 4201 4203 4205 4207
2804 6 4201 4203 4205 4208
2805 6 4201 4203 4205 4209
2806 6 4201 4204 4206 4210
2807 6 4201 4204 4206 4211
2808 6 4201 4204 4206 4212
2809 8 4214 4213 4215 4217
2810 8 4214 4213 4216 4218
2811 6 4213 4215 4217 4219
2812 6 4213 4215 4217 4220
2813 6 4213 4215 4217 4221
2814 6 4213 4216 4218 4222
2815 6 4213 4216 4218 4223
2816 6 4213 4216 4218 4224
2817 8 4226 4225 4227 4229
2818 8 4226 4225 4228 4230
2819 6 4225 4227 4229 4231
2820 6 4225 4227 4229 4232
2821 6 4225 4227 4229 4233
2822 6 4225 4228 4230 4234
2823 6 4225 4228 4230 4235
2824 6 4225 4228 4230 4236
2825 8 4238 4237 4239 4241
2826 8 4238 4237 4240 4242
2827 6 4237 4239 4241 4243
2828 6 4237 4239 4241 4244
2829 6 4237 4239 4241 4245
2830 6 4237 4240 4242 4246
2831 6 4237 4240 4242 4247
2832 6 4237 4240 4242 4248
2833 8 4250 4249 4251 4253
2834 8 4250 4249 4252 4254
2835 6 4249 4251 4253 4255
2836 6 4249 4251 4253 4256
2837 6 4249 4251 4253 4257
2838 6 4249 4252 4254 4258
2839 6 4249 4252 4254 4259
2840 6 4249 4252 4254 4260
2841 8 4262 4261 4263 4265
2842 8 4262 4261 4264 4266
2843 6 4261 4263 4265 4267
2844 6 4261 4263 4265 4268
2845 6 4261 4263 4265 4269
2846 6 4261 4264 4266 4270
2847 6 4261 4264 4266 4271
2848 6 4261 4264 4266 4272
2849 8 4274 4273 4275 4277
2850 8 4274 4273 4276 4278
2851 6 4273 4275 4277 4279
2852 6 4273 4275 4277 4280
2853 6 4273 4275 4277 4281
2854 6 4273 4276 4278 4282
2855 6 4273 4276 4278 4283
2856 6 4273 4276 4278 4284
2857 8 4286 4285 4287 4289
2858 8 4286 4285 4288 4290
2859 6 4285 4287 4289 4291
2860 6 4285 4287 4289 4292
2861 6 4285 4287 4289 4293
2862 6 4285 4288 4290 4294
2863 6 4285 4288 4290 4295
2864 6 4285 4288 4290 4296
2865 8 4298 4297 4299 4301
2866 8 4298 4297 4300 4302
2867 6 4297 4299 4301 4303
2868 6 4297 4299 4301 4304
2869 6 4297 4299 4301 4305
2870 6 4297 4300 4302 4306
2871 6 4297 4300 4302 4307
2872 6 4297 4300 4302 4308
2873 8 4310 4309 4311 4313
2874 8 4310 4309 4312 4314
2875 6 4309 4311 4313 4315
2876 6 4309 4311 4313 4316
2877 6 4309 4311 4313 4317
2878 6 4309 4312 4314 4318
2879 6 4309 4312 4314 4319
2880 6 4309 4312 4314 4320
2881 8 4322 4321 4323 4325
2882 8 4322 4321 4324 4326
2883 6 4321 4323 4325 4327
2884 6 4321 4323 4325 4328
2885 6 4321 4323 4325 4329
2886 6 4321 4324 4326 4330
2887 6 4321 4324 4326 4331
2888 6 4321 4324 4326 4332
2889 8 4334 4333 4335 4337
2890 8 4334 4333 4336 4338
2891 6 4333 4335 4337 4339
2892 6 4333 4335 4337 4340
2893 6 4333 4335 4337 4341
2894 6 4333 4336 4338 4342
2895 6 4333 4336 4338 4343
2896 6 4333 4336 4338 4344
2897 8 4346 4345 4347 4349
2898 8 4346 4345 4348 4350
2899 6 4345 4347 4349 4351
2900 6 4345 4347 4349 4352
2901 6 4345 4347 4349 4353
2902 6 4345 4348 4350 4354
2903 6 4345 4348 4350 4355
2904 6 4345 4348 4350 4356
2905 8 4358 4357 4359 4361
2906 8 4358 4357 4360 4362
2907 6 4357 4359 4361 4363
2908 6 4357 4359 4361 4364
2909 6 4357 4359 4361 4365
2910 6 4357 4360 4362 4366
2911 6 4357 4360 4362 4367
2912 6 4357 4360 4362 4368
2913 8 4370 4369 4371 4373
2914 8 4370 4369 4372 4374
2915 6 4369 4371 4373 4375
2916 6 4369 4371 4373 4376
2917 6 4369 4371 4373 4377
2918 6 4369 4372 4374 4378
2919 6 4369 4372 4374 4379
2920 6 4369 4372 4374 4380
2921 8 4382 4381 4383 4385
2922 8 4382 4381 4384 4386
2923 6 4381 4383 4385 4387
2924 6 4381 4383 4385 4388
2925 6 4381 4383 4385 4389
2926 6 4381 4384 4386 4390
2927 6 4381 4384 4386 4391
2928 6 4381 4384 4386 4392
2929 8 4394 4393 4395 4397
2930 8 4394 4393 4396 4398
2931 6 4393 4395 4397 4399
2932 6 4393 4395 4397 4400
2933 6 4393 4395 4397 4401
2934 6 4393 4396 4398 4402
2935 6 4393 4396 4398 4403
2936 6 4393 4396 4398 4404
2937 8 4406 4405 4407 4409
2938 8 4406 4405 4408 4410
2939 6 4405 4407 4409 4411
2940 6 4405 4407 4409 4412
2941 6 4405 4407 4409 4413
2942 6 4405 4408 4410 4414
2943 6 4405 4408 4410 4415
2944 6 4405 4408 4410 4416
2945 8 4418 4417 4419 4421
2946 8 4418 4417 4420 4422
2947 6 4417 4419 4421 4423
2948 6 4417 4419 4421 4424
2949 6 4417 4419 4421 4425
2950 6 4417 4420 4422 4426
2951 6 4417 4420 4422 4427
2952 6 4417 4420 4422 4428
2953 8 4430 4429 4431 4433
2954 8 4430 4429 4432 4434
2955 6 4429 4431 4433 4435
2956 6 4429 4431 4433 4436
2957 6 4429 4431 4433 4437
2958 6 4429 4432 4434 4438
2959 6 4429 4432 4434 4439
2960 6 4429 4432 4434 4440
2961 8 4442 4441 4443 4445
2962 8 4442 4441 4444 4446
2963 6 4441 4443 4445 4447
2964 6 4441 4443 4445 4448
2965 6 4441 4443 4445 4449
2966 6 4441 4444 4446 4450
2967 6 4441 4444 4446 4451
2968 6 4441 4444 4446 4452
2969 8 4454 4453 4455 4457
2970 8 4454 4453 4456 4458
2971 6 4453 4455 4457 4459
2972 6 4453 4455 4457 4460
2973 6 4453 4455 4457 4461
2974 6 4453 4456 4458 4462
2975 6 4453 4456 4458 4463
2976 6 4453 4456 4458 4464
2977 8 4466 4465 4467 4469
2978 8 4466 4465 4468 4470
2979 6 4465 4467 4469 4471
2980 6 4465 4467 4469 4472
2981 6 4465 4467 4469 4473
2982 6 4465 4468 4470 4474
2983 6 4465 4468 4470 4475
2984 6 4465 4468 4470 4476
2985 8 4478 4477 4479 4481
2986 8 4478 4477 4480 4482
2987 6 4477 4479 4481 4483
2988 6 4477 4479 4481 4484
2989 6 4477 4479 4481 4485
2990 6 4477 4480 4482 4486
2991 6 4477 4480 4482 4487
2992 6 4477 4480 4482 4488
2993 8 4490 4489 4491 4493
2994 8 4490 4489 4492 4494
2995 6 4489 4491 4493 4495
2996 6 4489 4491 4493 4496
2997 6 4489 4491 4493 4497
2998 6 4489 4492 4494 4498
2999 6 4489 4492 4494 4499
3000 6 4489 4492 4494 4500
3001 8 4502 4501 4503 4505
3002 8 4502 4501 4504 4506
3003 6 4501 4503 4505 4507
3004 6 4501 4503 4505 4508
3005 6 4501 4503 4505 4509
3006 6 4501 4504 4506 4510
3007 6 4501 4504 4506 4511
3008 6 4501 4504 4506 4512
3009 8 4514 4513 4515 4517
3010 8 4514 4513 4516 4518
3011 6 4513 4515 4517 4519
3012 6 4513 4515 4517 4520
3013 6 4513 4515 4517 4521
3014 6 4513 4516 4518 4522
3015 6 4513 4516 4518 4523
3016 6 4513 4516 4518 4524
3017 8 4526 4525 4527 4529
3018 8 4526 4525 4528 4530
3019 6 4525 4527 4529 4531
3020 6 4525 4527 4529 4532
3021 6 4525 4527 4529 4533
3022 6 4525 4528 4530 4534
3023 6 4525 4528 4530 4535
3024 6 4525 4528 4530 4536
3025 8 4538 4537 4539 4541
3026 8 4538 4537 4540 4542
3027 6 4537 4539 4541 4543
3028 6 4537 4539 4541 4544
3029 6 4537 4539 4541 4545
3030 6 4537 4540 4542 4546
3031 6 4537 4540 4542 4547
3032 6 4537 4540 4542 4548
3033 8 4550 4549 4551 4553
3034 8 4550 4549 4552 4554
3035 6 4549 4551 4553 4555
3036 6 4549 4551 4553 4556
3037 6 4549 4551 4553 4557
3038 6 4549 4552 4554 4558
3039 6 4549 4552 4554 4559
3040 6 4549 4552 4554 4560
3041 8 4562 4561 4563 4565
3042 8 4562 4561 4564 4566
3043 6 4561 4563 4565 4567
3044 6 4561 4563 4565 4568
3045 6 4561 4563 4565 4569
3046 6 4561 4564 4566 4570
3047 6 4561 4564 4566 4571
3048 6 4561 4564 4566 4572
3049 8 4574 4573 4575 4577
3050 8 4574 4573 4576 4578
3051 6 4573 4575 4577 4579
3052 6 4573 4575 4577 4580
3053 6 4573 4575 4577 4581
3054 6 4573 4576 4578 4582
3055 6 4573 4576 4578 4583
3056 6 4573 4576 4578 4584
3057 8 4586 4585 4587 4589
3058 8 4586 4585 4588 4590
3059 6 4585 4587 4589 4591
3060 6 4585 4587 4589 4592
3061 6 4585 4587 4589 4593
3062 6 4585 4588 4590 4594
3063 6 4585 4588 4590 4595
3064 6 4585 4588 4590 4596
3065 8 4598 4597 4599 4601
3066 8 4598 4597 4600 4602
3067 6 4597 4599 4601 4603
3068 6 4597 4599 4601 4604
3069 6 4597 4599 4601 4605
3070 6 4597 4600 4602 4606
3071 6 4597 4600 4602 4607
3072 6 4597 4600 4602 4608
3073 8 4610 4609 4611 4613
3074 8 4610 4609 4612 4614
3075 6 4609 4611 4613 4615
3076 6 4609 4611 4613 4616
3077 6 4609 4611 4613 4617
3078 6 4609 4612 4614 4618
3079 6 4609 4612 4614 4619
3080 6 4609 4612 4614 4620
3081 8 4622 4621 4623 4625
3082 8 4622 4621 4624 4626
3083 6 4621 4623 4625 4627
3084 6 4621 4623 4625 4628
3085 6 4621 4623 4625 4629
3086 6 4621 4624 4626 4630
3087 6 4621 4624 4626 4631
3088 6 4621 4624 4626 4632
3089 8 4634 4633 4635 4637
3090 8 4634 4633 4636 4638
3091 6 4633 4635 4637 4639
3092 6 4633 4635 4637 4640
3093 6 4633 4635 4637 4641
3094 6 4633 4636 4638 4642
3095 6 4633 4636 4638 4643
3096 6 4633 4636 4638 4644
3097 8 4646 4645 4647 4649
3098 8 4646 4645 4648 4650
3099 6 4645 4647 4649 4651
3100 6 4645 4647 4649 4652
3101 6 4645 4647 4649 4653
3102 6 4645 4648 4650 4654
3103 6 4645 4648 4650 4655
3104 6 4645 4648 4650 4656
3105 8 4658 4657 4659 4661
3106 8 4658 4657 4660 4662
3107 6 4657 4659 4661 4663
3108 6 4657 4659 4661 4664
3109 6 4657 4659 4661 4665
3110 6 4657 4660 4662 4666
3111 6 4657 4660 4662 4667
3112 6 4657 4660 4662 4668
3113 8 4670 4669 4671 4673
3114 8 4670 4669 4672 4674
3115 6 4669 4671 4673 4675
3116 6 4669 4671 4673 4676
3117 6 4669 4671 4673 4677
3118 6 4669 4672 4674 4678
3119 6 4669 4672 4674 4679
3120 6 4669 4672 4674 4680
3121 8 4682 4681 4683 4685
3122 8 4682 4681 4684 4686
3123 6 4681 4683 4685 4687
3124 6 4681 4683 4685 4688
3125 6 4681 4683 4685 4689
3126 6 4681 4684 4686 4690
3127 6 4681 4684 4686 4691
3128 6 4681 4684 4686 4692
3129 8 4694 4693 4695 4697
3130 8 4694 4693 4696 4698
3131 6 4693 4695 4697 4699
3132 6 4693 4695 4697 4700
3133 6 4693 4695 4697 4701
3134 6 4693 4696 4698 4702
3135 6 4693 4696 4698 4703
3136 6 4693 4696 4698 4704
3137 8 4706 4705 4707 4709
3138 8 4706 4705 4708 4710
3139 6 4705 4707 4709 4711
3140 6 4705 4707 4709 4712
3141 6 4705 4707 4709 4713
3142 6 4705 4708 4710 4714
3143 6 4705 4708 4710 4715
3144 6 4705 4708 4710 4716
3145 8 4718 4717 4719 4721
3146 8 4718 4717 4720 4722
3147 6 4717 4719 4721 4723
3148 6 4717 4719 4721 4724
3149 6 4717 4719 4721 4725
3150 6 4717 4720 4722 4726
3151 6 4717 4720 4722 4727
3152 6 4717 4720 4722 4728
3153 8 4730 4729 4731 4733
3154 8 4730 4729 4732 4734
3155 6 4729 4731 4733 4735
3156 6 4729 4731 4733 4736
3157 6 4729 4731 4733 4737
3158 6 4729 4732 4734 4738
3159 6 4729 4732 4734 4739
3160 6 4729 4732 4734 4740
3161 8 4742 4741 4743 4745
3162 8 4742 4741 4744 4746
3163 6 4741 4743 4745 4747
3164 6 4741 4743 4745 4748
3165 6 4741 4743 4745 4749
3166 6 4741 4744 4746 4750
3167 6 4741 4744 4746 4751
3168 6 4741 4744 4746 4752
3169 8 4754 4753 4755 4757
3170 8 4754 4753 4756 4758
3171 6 4753 4755 4757 4759
3172 6 4753 4755 4757 4760
3173 6 4753 4755 4757 4761
3174 6 4753 4756 4758 4762
3175 6 4753 4756 4758 4763
3176 6 4753 4756 4758 4764
3177 8 4766 4765 4767 4769
3178 8 4766 4765 4768 4770
3179 6 4765 4767 4769 4771
3180 6 4765 4767 4769 4772
3181 6 4765 4767 4769 4773
3182 6 4765 4768 4770 4774
3183 6 4765 4768 4770 4775
3184 6 4765 4768 4770 4776
3185 8 4778 4777 4779 4781
3186 8 4778 4777 4780 4782
3187 6 4777 4779 4781 4783
3188 6 4777 4779 4781 4784
3189 6 4777 4779 4781 4785
3190 6 4777 4780 4782 4786
3191 6 4777 4780 4782 4787
3192 6 4777 4780 4782 4788
3193 8 4790 4789 4791 4793
3194 8 4790 4789 4792 4794
3195 6 4789 4791 4793 4795
3196 6 4789 4791 4793 4796
3197 6 4789 4791 4793 4797
3198 6 4789 4792 4794 4798
3199 6 4789 4792 4794 4799
3200 6 4789 4792 4794 4800
3201 8 4802 4801 4803 4805
3202 8 4802 4801 4804 4806
3203 6 4801 4803 4805 4807
3204 6 4801 4803 4805 4808
3205 6 4801 4803 4805 4809
3206 6 4801 4804 4806 4810
3207 6 4801 4804 4806 4811
3208 6 4801 4804 4806 4812
3209 8 4814 4813 4815 4817
3210 8 4814 4813 4816 4818
3211 6 4813 4815 4817 4819
3212 6 4813 4815 4817 4820
3213 6 4813 4815 4817 4821
3214 6 4813 4816 4818 4822
3215 6 4813 4816 4818 4823
3216 6 4813 4816 4818 4824
3217 8 4826 4825 4827 4829
3218 8 4826 4825 4828 4830
3219 6 4825 4827 4829 4831
3220 6 4825 4827 4829 4832
3221 6 4825 4827 4829 4833
3222 6 4825 4828 4830 4834
3223 6 4825 4828 4830 4835
3224 6 4825 4828 4830 4836
3225 8 4838 4837 4839 4841
3226 8 4838 4837 4840 4842
3227 6 4837 4839 4841 4843
3228 6 4837 4839 4841 4844
3229 6 4837 4839 4841 4845
3230 6 4837 4840 4842 4846
3231 6 4837 4840 4842 4847
3232 6 4837 4840 4842 4848
3233 8 4850 4849 4851 4853
3234 8 4850 4849 4852 4854
3235 6 4849 4851 4853 4855
3236 6 4849 4851 4853 4856
3237 6 4849 4851 4853 4857
3238 6 4849 4852 4854 4858
3239 6 4849 4852 4854 4859
3240 6 4849 4852 4854 4860
3241 8 4862 4861 4863 4865
3242 8 4862 4861 4864 4866
3243 6 4861 4863 4865 4867
3244 6 4861 4863 4865 4868
3245 6 4861 4863 4865 4869
3246 6 4861 4864 4866 4870
3247 6 4861 4864 4866 4871
3248 6 4861 4864 4866 4872
3249 8 4874 4873 4875 4877
3250 8 4874 4873 4876 4878
3251 6 4873 4875 4877 4879
3252 6 4873 4875 4877 4880
3253 6 4873 4875 4877 4881
3254 6 4873 4876 4878 4882
3255 6 4873 4876 4878 4883
3256 6 4873 4876 4878 4884
3257 8 4886 4885 4887 4889
3258 8 4886 4885 4888 4890
3259 6 4885 4887 4889 4891
3260 6 4885 4887 4889 4892
3261 6 4885 4887 4889 4893
3262 6 4885 4888 4890 4894
3263 6 4885 4888 4890 4895
3264 6 4885 4888 4890 4896
3265 8 4898 4897 4899 4901
3266 8 4898 4897 4900 4902
3267 6 4897 4899 4901 4903
3268 6 4897 4899 4901 4904
3269 6 4897 4899 4901 4905
3270 6 4897 4900 4902 4906
3271 6 4897 4900 4902 4907
3272 6 4897 4900 4902 4908
3273 8 4910 4909 4911 4913
3274 8 4910 4909 4912 4914
3275 6 4909 4911 4913 4915
3276 6 4909 4911 4913 4916
3277 6 4909 4911 4913 4917
3278 6 4909 4912 4914 4918
3279 6 4909 4912 4914 4919
3280 6 4909 4912 4914 4920
3281 8 4922 4921 4923 4925
3282 8 4922 4921 4924 4926
3283 6 4921 4923 4925 4927
3284 6 4921 4923 4925 4928
3285 6 4921 4923 4925 4929
3286 6 4921 4924 4926 4930
3287 6 4921 4924 4926 4931
3288 6 4921 4924 4926 4932
3289 8 4934 4933 4935 4937
3290 8 4934 4933 4936 4938
3291 6 4933 4935 4937 4939
3292 6 4933 4935 4937 4940
3293 6 4933 4935 4937 4941
3294 6 4933 4936 4938 4942
3295 6 4933 4936 4938 4943
3296 6 4933 4936 4938 4944
3297 8 4946 4945 4947 4949
3298 8 4946 4945 4948 4950
3299 6 4945 4947 4949 4951
3300 6 4945 4947 4949 4952
3301 6 4945 4947 4949 4953
3302 6 4945 4948 4950 4954
3303 6 4945 4948 4950 4955
3304 6 4945 4948 4950 4956
3305 8 4958 4957 4959 4961
3306 8 4958 4957 4960 4962
3307 6 4957 4959 4961 4963
3308 6 4957 4959 4961 4964
3309 6 4957 4959 4961 4965
3310 6 4957 4960 4962 4966
3311 6 4957 4960 4962 4967
3312 6 4957 4960 4962 4968
3313 8 4970 4969 4971 4973
3314 8 4970 4969 4972 4974
3315 6 4969 4971 4973 4975
3316 6 4969 4971 4973 4976
3317 6 4969 4971 4973 4977
3318 6 4969 4972 4974 4978
3319 6 4969 4972 4974 4979
3320 6 4969 4972 4974 4980
3321 8 4982 4981 4983 4985
3322 8 4982 4981 4984 4986
3323 6 4981 4983 4985 4987
3324 6 4981 4983 4985 4988
3325 6 4981 4983 4985 4989
3326 6 4981 4984 4986 4990
3327 6 4981 4984 4986 4991
3328 6 4981 4984 4986 4992
3329 8 4994 4993 4995 4997
3330 8 4994 4993 4996 4998
3331 6 4993 4995 4997 4999
3332 6 4993 4995 4997 5000
3333 6 4993 4995 4997 5001
3334 6 4993 4996 4998 5002
3335 6 4993 4996 4998 5003
3336 6 4993 4996 4998 5004
3337 8 5006 5005 5007 5009
3338 8 5006 5005 5008 5010
3339 6 5005 5007 5009 5011
3340 6 5005 5007 5009 5012
3341 6 5005 5007 5009 5013
3342 6 5005 5008 5010 5014
3343 6 5005 5008 5010 5015
3344 6 5005 5008 5010 5016
3345 8 5018 5017 5019 5021
3346 8 5018 5017 5020 5022
3347 6 5017 5019 5021 5023
3348 6 5017 5019 5021 5024
3349 6 5017 5019 5021 5025
3350 6 5017 5020 5022 5026
3351 6 5017 5020 5022 5027
3352 6 5017 5020 5022 5028
3353 8 5030 5029 5031 5033
3354 8 5030 5029 5032 5034
3355 6 5029 5031 5033 5035
3356 6 5029 5031 5033 5036
3357 6 5029 5031 5033 5037
3358 6 5029 5032 5034 5038
3359 6 5029 5032 5034 5039
3360 6 5029 5032 5034 5040
3361 8 5042 5041 5043 5045
3362 8 5042 5041 5044 5046
3363 6 5041 5043 5045 5047
3364 6 5041 5043 5045 5048
3365 6 5041 5043 5045 5049
3366 6 5041 5044 5046 5050
3367 6 5041 5044 5046 5051
3368 6 5041 5044 5046 5052
3369 8 5054 5053 5055 5057
3370 8 5054 5053 5056 5058
3371 6 5053 5055 5057 5059
3372 6 5053 5055 5057 5060
3373 6 5053 5055 5057 5061
3374 6 5053 5056 5058 5062
3375 6 5053 5056 5058 5063
3376 6 5053 5056 5058 5064
3377 8 5066 5065 5067 5069
3378 8 5066 5065 5068 5070
3379 6 5065 5067 5069 5071
3380 6 5065 5067 5069 5072
3381 6 5065 5067 5069 5073
3382 6 5065 5068 5070 5074
3383 6 5065 5068 5070 5075
3384 6 5065 5068 5070 5076
3385 8 5078 5077 5079 5081
3386 8 5078 5077 5080 5082
3387 6 5077 5079 5081 5083
3388 6 5077 5079 5081 5084
3389 6 5077 5079 5081 5085
3390 6 5077 5080 5082 5086
3391 6 5077 5080 5082 5087
3392 6 5077 5080 5082 5088
3393 8 5090 5089 5091 5093
3394 8 5090 5089 5092 5094
3395 6 5089 5091 5093 5095
3396 6 5089 5091 5093 5096
3397 6 5089 5091 5093 5097
3398 6 5089 5092 5094 5098
3399 6 5089 5092 5094 5099
3400 6 5089 5092 5094 5100
3401 8 5102 5101 5103 5105
3402 8 5102 5101 5104 5106
3403 6 5101 5103 5105 5107
3404 6 5101 5103 5105 5108
3405 6 5101 5103 5105 5109
3406 6 5101 5104 5106 5110
3407 6 5101 5104 5106 5111
3408 6 5101 5104 5106 5112
3409 8 5114 5113 5115 5117
3410 8 5114 5113 5116 5118
3411 6 5113 5115 5117 5119
3412 6 5113 5115 5117 5120
3413 6 5113 5115 5117 5121
3414 6 5113 5116 5118 5122
3415 6 5113 5116 5118 5123
3416 6 5113 5116 5118 5124
3417 8 5126 5125 5127 5129
3418 8 5126 5125 5128 5130
3419 6 5125 5127 5129 5131
3420 6 5125 5127 5129 5132
3421 6 5125 5127 5129 5133
3422 6 5125 5128 5130 5134
3423 6 5125 5128 5130 5135
3424 6 5125 5128 5130 5136
3425 8 5138 5137 5139 5141
3426 8 5138 5137 5140 5142
3427 6 5137 5139 5141 5143
3428 6 5137 5139 5141 5144
3429 6 5137 5139 5141 5145
3430 6 5137 5140 5142 5146
3431 6 5137 5140 5142 5147
3432 6 5137 5140 5142 5148
3433 8 5150 5149 5151 5153
3434 8 5150 5149 5152 5154
3435 6 5149 5151 5153 5155
3436 6 5149 5151 5153 5156
3437 6 5149 5151 5153 5157
3438 6 5149 5152 5154 5158
3439 6 5149 5152 5154 5159
3440 6 5149 5152 5154 5160
3441 8 5162 5161 5163 5165
3442 8 5162 5161 5164 5166
3443 6 5161 5163 5165 5167
3444 6 5161 5163 5165 5168
3445 6 5161 5163 5165 5169
3446 6 5161 5164 5166 5170
3447 6 5161 5164 5166 5171
3448 6 5161 5164 5166 5172
3449 8 5174 5173 5175 5177
3450 8 5174 5173 5176 5178
3451 6 5173 5175 5177 5179
3452 6 5173 5175 5177 5180
3453 6 5173 5175 5177 5181
3454 6 5173 5176 5178 5182
3455 6 5173 5176 5178 5183
3456 6 5173 5176 5178 5184
3457 8 5186 5185 5187 5189
3458 8 5186 5185 5188 5190
3459 6 5185 5187 5189 5191
3460 6 5185 5187 5189 5192
3461 6 5185 5187 5189 5193
3462 6 5185 5188 5190 5194
3463 6 5185 5188 5190 5195
3464 6 5185 5188 5190 5196
3465 8 5198 5197 5199 5201
3466 8 5198 5197 5200 5202
3467 6 5197 5199 5201 5203
3468 6 5197 5199 5201 5204
3469 6 5197 5199 5201 5205
3470 6 5197 5200 5202 5206
3471 6 5197 5200 5202 5207
3472 6 5197 5200 5202 5208
3473 8 5210 5209 5211 5213
3474 8 5210 5209 5212 5214
3475 6 5209 5211 5213 5215
3476 6 5209 5211 5213 5216
3477 6 5209 5211 5213 5217
3478 6 5209 5212 5214 5218
3479 6 5209 5212 5214 5219
3480 6 5209 5212 5214 5220
3481 8 5222 5221 5223 5225
3482 8 5222 5221 5224 5226
3483 6 5221 5223 5225 5227
3484 6 5221 5223 5225 5228
3485 6 5221 5223 5225 5229
3486 6 5221 5224 5226 5230
3487 6 5221 5224 5226 5231
3488 6 5221 5224 5226 5232
3489 8 5234 5233 5235 5237
3490 8 5234 5233 5236 5238
3491 6 5233 5235 5237 5239
3492 6 5233 5235 5237 5240
3493 6 5233 5235 5237 5241
3494 6 5233 5236 5238 5242
3495 6 5233 5236 5238 5243
3496 6 5233 5236 5238 5244
3497 8 5246 5245 5247 5249
3498 8 5246 5245 5248 5250
3499 6 5245 5247 5249 5251
3500 6 5245 5247 5249 5252
3501 6 5245 5247 5249 5253
3502 6 5245 5248 5250 5254
3503 6 5245 5248 5250 5255
3504 6 5245 5248 5250 5256
3505 8 5258 5257 5259 5261
3506 8 5258 5257 5260 5262
3507 6 5257 5259 5261 5263
3508 6 5257 5259 5261 5264
3509 6 5257 5259 5261 5265
3510 6 5257 5260 5262 5266
3511 6 5257 5260 5262 5267
3512 6 5257 5260 5262 5268
3513 8 5270 5269 5271 5273
3514 8 5270 5269 5272 5274
3515 6 5269 5271 5273 5275
3516 6 5269 5271 5273 5276
3517 6 5269 5271 5273 5277
3518 6 5269 5272 5274 5278
3519 6 5269 5272 5274 5279
3520 6 5269 5272 5274 5280
3521 8 5282 5281 5283 5285
3522 8 5282 5281 5284 5286
3523 6 5281 5283 5285 5287
3524 6 5281 5283 5285 5288
3525 6 5281 5283 5285 5289
3526 6 5281 5284 5286 5290
3527 6 5281 5284 5286 5291
3528 6 5281 5284 5286 5292
3529 8 5294 5293 5295 5297
3530 8 5294 5293 5296 5298
3531 6 5293 5295 5297 5299
3532 6 5293 5295 5297 5300
3533 6 5293 5295 5297 5301
3534 6 5293 5296 5298 5302
3535 6 5293 5296 5298 5303
3536 6 5293 5296 5298 5304
3537 8 5306 5305 5307 5309
3538 8 5306 5305 5308 5310
3539 6 5305 5307 5309 5311
3540 6 5305 5307 5309 5312
3541 6 5305 5307 5309 5313
3542 6 5305 5308 5310 5314
3543 6 5305 5308 5310 5315
3544 6 5305 5308 5310 5316
3545 8 5318 5317 5319 5321
3546 8 5318 5317 5320 5322
3547 6 5317 5319 5321 5323
3548 6 5317 5319 5321 5324
3549 6 5317 5319 5321 5325
3550 6 5317 5320 5322 5326
3551 6 5317 5320 5322 5327
3552 6 5317 5320 5322 5328
3553 8 5330 5329 5331 5333
3554 8 5330 5329 5332 5334
3555 6 5329 5331 5333 5335
3556 6 5329 5331 5333 5336
3557 6 5329 5331 5333 5337
3558 6 5329 5332 5334 5338
3559 6 5329 5332 5334 5339
3560 6 5329 5332 5334 5340
3561 8 5342 5341 5343 5345
3562 8 5342 5341 5344 5346
3563 6 5341 5343 5345 5347
3564 6 5341 5343 5345 5348
3565 6 5341 5343 5345 5349
3566 6 5341 5344 5346 5350
3567 6 5341 5344 5346 5351
3568 6 5341 5344 5346 5352
3569 8 5354 5353 5355 5357
3570 8 5354 5353 5356 5358
3571 6 5353 5355 5357 5359
3572 6 5353 5355 5357 5360
3573 6 5353 5355 5357 5361
3574 6 5353 5356 5358 5362
3575 6 5353 5356 5358 5363
3576 6 5353 5356 5358 5364
3577 8 5366 5365 5367 5369
3578 8 5366 5365 5368 5370
3579 6 5365 5367 5369 5371
3580 6 5365 5367 5369 5372
3581 6 5365 5367 5369 5373
3582 6 5365 5368 5370 5374
3583 6 5365 5368 5370 5375
3584 6 5365 5368 5370 5376
3585 8 5378 5377 5379 5381
3586 8 5378 5377 5380 5382
3587 6 5377 5379 5381 5383
3588 6 5377 5379 5381 5384
3589 6 5377 5379 5381 5385
3590 6 5377 5380 5382 5386
3591 6 5377 5380 5382 5387
3592 6 5377 5380 5382 5388
3593 8 5390 5389 5391 5393
3594 8 5390 5389 5392 5394
3595 6 5389 5391 5393 5395
3596 6 5389 5391 5393 5396
3597 6 5389 5391 5393 5397
3598 6 5389 5392 5394 5398
3599 6 5389 5392 5394 5399
3600 6 5389 5392 5394 5400
3601 8 5402 5401 5403 5405
3602 8 5402 5401 5404 5406
3603 6 5401 5403 5405 5407
3604 6 5401 5403 5405 5408
3605 6 5401 5403 5405 5409
3606 6 5401 5404 5406 5410
3607 6 5401 5404 5406 5411
3608 6 5401 5404 5406 5412
3609 8 5414 5413 5415 5417
3610 8 5414 5413 5416 5418
3611 6 5413 5415 5417 5419
3612 6 5413 5415 5417 5420
3613 6 5413 5415 5417 5421
3614 6 5413 5416 5418 5422
3615 6 5413 5416 5418 5423
3616 6 5413 5416 5418 5424
3617 8 5426 5425 5427 5429
3618 8 5426 5425 5428 5430
3619 6 5425 5427 5429 5431
3620 6 5425 5427 5429 5432
3621 6 5425 5427 5429 5433
3622 6 5425 5428 5430 5434
3623 6 5425 5428 5430 5435
3624 6 5425 5428 5430 5436
3625 8 5438 5437 5439 5441
3626 8 5438 5437 5440 5442
3627 6 5437 5439 5441 5443
3628 6 5437 5439 5441 5444
3629 6 5437 5439 5441 5445
3630 6 5437 5440 5442 5446
3631 6 5437 5440 5442 5447
3632 6 5437 5440 5442 5448
3633 8 5450 5449 5451 5453
3634 8 5450 5449 5452 5454
3635 6 5449 5451 5453 5455
3636 6 5449 5451 5453 5456
3637 6 5449 5451 5453 5457
3638 6 5449 5452 5454 5458
3639 6 5449 5452 5454 5459
3640 6 5449 5452 5454 5460
3641 8 5462 5461 5463 5465
3642 8 5462 5461 5464 5466
3643 6 5461 5463 5465 5467
3644 6 5461 5463 5465 5468
3645 6 5461 5463 5465 5469
3646 6 5461 5464 5466 5470
3647 6 5461 5464 5466 5471
3648 6 5461 5464 5466 5472
3649 8 5474 5473 5475 5477
3650 8 5474 5473 5476 5478
3651 6 5473 5475 5477 5479
3652 6 5473 5475 5477 5480
3653 6 5473 5475 5477 5481
3654 6 5473 5476 5478 5482
3655 6 5473 5476 5478 5483
3656 6 5473 5476 5478 5484
3657 8 5486 5485 5487 5489
3658 8 5486 5485 5488 5490
3659 6 5485 5487 5489 5491
3660 6 5485 5487 5489 5492
3661 6 5485 5487 5489 5493
3662 6 5485 5488 5490 5494
3663 6 5485 5488 5490 5495
3664 6 5485 5488 5490 5496
3665 8 5498 5497 5499 5501
3666 8 5498 5497 5500 5502
3667 6 5497 5499 5501 5503
3668 6 5497 5499 5501 5504
3669 6 5497 5499 5501 5505
3670 6 5497 5500 5502 5506
3671 6 5497 5500 5502 5507
3672 6 5497 5500 5502 5508
3673 8 5510 5509 5511 5513
3674 8 5510 5509 5512 5514
3675 6 5509 5511 5513 5515
3676 6 5509 5511 5513 5516
3677 6 5509 5511 5513 5517
3678 6 5509 5512 5514 5518
3679 6 5509 5512 5514 5519
3680 6 5509 5512 5514 5520
3681 8 5522 5521 5523 5525
3682 8 5522 5521 5524 5526
3683 6 5521 5523 5525 5527
3684 6 5521 5523 5525 5528
3685 6 5521 5523 5525 5529
3686 6 5521 5524 5526 5530
3687 6 5521 5524 5526 5531
3688 6 5521 5524 5526 5532
3689 8 5534 5533 5535 5537
3690 8 5534 5533 5536 5538
3691 6 5533 5535 5537 5539
3692 6 5533 5535 5537 5540
3693 6 5533 5535 5537 5541
3694 6 5533 5536 5538 5542
3695 6 5533 5536 5538 5543
3696 6 5533 5536 5538 5544
3697 8 5546 5545 5547 5549
3698 8 5546 5545 5548 5550
3699 6 5545 5547 5549 5551
3700 6 5545 5547 5549 5552
3701 6 5545 5547 5549 5553
3702 6 5545 5548 5550 5554
3703 6 5545 5548 5550 5555
3704 6 5545 5548 5550 5556
3705 8 5558 5557 5559 5561
3706 8 5558 5557 5560 5562
3707 6 5557 5559 5561 5563
3708 6 5557 5559 5561 5564
3709 6 5557 5559 5561 5565
3710 6 5557 5560 5562 5566
3711 6 5557 5560 5562 5567
3712 6 5557 5560 5562 5568
3713 8 5570 5569 5571 5573
3714 8 5570 5569 5572 5574
3715 6 5569 5571 5573 5575
3716 6 5569 5571 5573 5576
3717 6 5569 5571 5573 5577
3718 6 5569 5572 5574 5578
3719 6 5569 5572 5574 5579
3720 6 5569 5572 5574 5580
3721 8 5582 5581 5583 5585
3722 8 5582 5581 5584 5586
3723 6 5581 5583 5585 5587
3724 6 5581 5583 5585 5588
3725 6 5581 5583 5585 5589
3726 6 5581 5584 5586 5590
3727 6 5581 5584 5586 5591
3728 6 5581 5584 5586 5592
3729 8 5594 5593 5595 5597
3730 8 5594 5593 5596 5598
3731 6 5593 5595 5597 5599
3732 6 5593 5595 5597 5600
3733 6 5593 5595 5597 5601
3734 6 5593 5596 5598 5602
3735 6 5593 5596 5598 5603
3736 6 5593 5596 5598 5604
3737 8 5606 5605 5607 5609
3738 8 5606 5605 5608 5610
3739 6 5605 5607 5609 5611
3740 6 5605 5607 5609 5612
3741 6 5605 5607 5609 5613
3742 6 5605 5608 5610 5614
3743 6 5605 5608 5610 5615
3744 6 5605 5608 5610 5616
3745 8 5618 5617 5619 5621
3746 8 5618 5617 5620 5622
3747 6 5617 5619 5621 5623
3748 6 5617 5619 5621 5624
3749 6 5617 5619 5621 5625
3750 6 5617 5620 5622 5626
3751 6 5617 5620 5622 5627
3752 6 5617 5620 5622 5628
3753 8 5630 5629 5631 5633
3754 8 5630 5629 5632 5634
3755 6 5629 5631 5633 5635
3756 6 5629 5631 5633 5636
3757 6 5629 5631 5633 5637
3758 6 5629 5632 5634 5638
3759 6 5629 5632 5634 5639
3760 6 5629 5632 5634 5640
3761 8 5642 5641 5643 5645
3762 8 5642 5641 5644 5646
3763 6 5641 5643 5645 5647
3764 6 5641 5643 5645 5648
3765 6 5641 5643 5645 5649
3766 6 5641 5644 5646 5650
3767 6 5641 5644 5646 5651
3768 6 5641 5644 5646 5652
3769 8 5654 5653 5655 5657
3770 8 5654 5653 5656 5658
3771 6 5653 5655 5657 5659
3772 6 5653 5655 5657 5660
3773 6 5653 5655 5657 5661
3774 6 5653 5656 5658 5662
3775 6 5653 5656 5658 5663
3776 6 5653 5656 5658 5664
3777 8 5666 5665 5667 5669
3778 8 5666 5665 5668 5670
3779 6 5665 5667 5669 5671
3780 6 5665 5667 5669 5672
3781 6 5665 5667 5669 5673
3782 6 5665 5668 5670 5674
3783 6 5665 5668 5670 5675
3784 6 5665 5668 5670 5676
3785 8 5678 5677 5679 5681
3786 8 5678 5677 5680 5682
3787 6 5677 5679 5681 5683
3788 6 5677 5679 5681 5684
3789 6 5677 5679 5681 5685
3790 6 5677 5680 5682 5686
3791 6 5677 5680 5682 5687
3792 6 5677 5680 5682 5688
3793 8 5690 5689 5691 5693
3794 8 5690 5689 5692 5694
3795 6 5689 5691 5693 5695
3796 6 5689 5691 5693 5696
3797 6 5689 5691 5693 5697
3798 6 5689 5692 5694 5698
3799 6 5689 5692 5694 5699
3800 6 5689 5692 5694 5700
3801 8 5702 5701 5703 5705
3802 8 5702 5701 5704 5706
3803 6 5701 5703 5705 5707
3804 6 5701 5703 5705 5708
3805 6 5701 5703 5705 5709
3806 6 5701 5704 5706 5710
3807 6 5701 5704 5706 5711
3808 6 5701 5704 5706 5712
3809 8 5714 5713 5715 5717
3810 8 5714 5713 5716 5718
3811 6 5713 5715 5717 5719
3812 6 5713 5715 5717 5720
3813 6 5713 5715 5717 5721
3814 6 5713 5716 5718 5722
3815 6 5713 5716 5718 5723
3816 6 5713 5716 5718 5724
3817 8 5726 5725 5727 5729
3818 8 5726 5725 5728 5730
3819 6 5725 5727 5729 5731
3820 6 5725 5727 5729 5732
3821 6 5725 5727 5729 5733
3822 6 5725 5728 5730 5734
3823 6 5725 5728 5730 5735
3824 6 5725 5728 5730 5736
3825 8 5738 5737 5739 5741
3826 8 5738 5737 5740 5742
3827 6 5737 5739 5741 5743
3828 6 5737 5739 5741 5744
3829 6 5737 5739 5741 5745
3830 6 5737 5740 5742 5746
3831 6 5737 5740 5742 5747
3832 6 5737 5740 5742 5748
3833 8 5750 5749 5751 5753
3834 8 5750 5749 5752 5754
3835 6 5749 5751 5753 5755
3836 6 5749 5751 5753 5756
3837 6 5749 5751 5753 5757
3838 6 5749 5752 5754 5758
3839 6 5749 5752 5754 5759
3840 6 5749 5752 5754 5760
3841 8 5762 5761 5763 5765
3842 8 5762 5761 5764 5766
3843 6 5761 5763 5765 5767
3844 6 5761 5763 5765 5768
3845 6 5761 5763 5765 5769
3846 6 5761 5764 5766 5770
3847 6 5761 5764 5766 5771
3848 6 5761 5764 5766 5772
3849 8 5774 5773 5775 5777
3850 8 5774 5773 5776 5778
3851 6 5773 5775 5777 5779
3852 6 5773 5775 5777 5780
3853 6 5773 5775 5777 5781
3854 6 5773 5776 5778 5782
3855 6 5773 5776 5778 5783
3856 6 5773 5776 5778 5784
3857 8 5786 5785 5787 5789
3858 8 5786 5785 5788 5790
3859 6 5785 5787 5789 5791
3860 6 5785 5787 5789 5792
3861 6 5785 5787 5789 5793
3862 6 5785 5788 5790 5794
3863 6 5785 5788 5790 5795
3864 6 5785 5788 5790 5796
3865 8 5798 5797 5799 5801
3866 8 5798 5797 5800 5802
3867 6 5797 5799 5801 5803
3868 6 5797 5799 5801 5804
3869 6 5797 5799 5801 5805
3870 6 5797 5800 5802 5806
3871 6 5797 5800 5802 5807
3872 6 5797 5800 5802 5808
3873 8 5810 5809 5811 5813
3874 8 5810 5809 5812 5814
3875 6 5809 5811 5813 5815
3876 6 5809 5811 5813 5816
3877 6 5809 5811 5813 5817
3878 6 5809 5812 5814 5818
3879 6 5809 5812 5814 5819
3880 6 5809 5812 5814 5820
3881 8 5822 5821 5823 5825
3882 8 5822 5821 5824 5826
3883 6 5821 5823 5825 5827
3884 6 5821 5823 5825 5828
3885 6 5821 5823 5825 5829
3886 6 5821 5824 5826 5830
3887 6 5821 5824 5826 5831
3888 6 5821 5824 5826 5832
3889 8 5834 5833 5835 5837
3890 8 5834 5833 5836 5838
3891 6 5833 5835 5837 5839
3892 6 5833 5835 5837 5840
3893 6 5833 5835 5837 5841
3894 6 5833 5836 5838 5842
3895 6 5833 5836 5838 5843
3896 6 5833 5836 5838 5844
3897 8 5846 5845 5847 5849
3898 8 5846 5845 5848 5850
3899 6 5845 5847 5849 5851
3900 6 5845 5847 5849 5852
3901 6 5845 5847 5849 5853
3902 6 5845 5848 5850 5854
3903 6 5845 5848 5850 5855
3904 6 5845 5848 5850 5856
3905 8 5858 5857 5859 5861
3906 8 5858 5857 5860 5862
3907 6 5857 5859 5861 5863
3908 6 5857 5859 5861 5864
3909 6 5857 5859 5861 5865
3910 6 5857 5860 5862 5866
3911 6 5857 5860 5862 5867
3912 6 5857 5860 5862 5868
3913 8 5870 5869 5871 5873
3914 8 5870 5869 5872 5874
3915 6 5869 5871 5873 5875
3916 6 5869 5871 5873 5876
3917 6 5869 5871 5873 5877
3918 6 5869 5872 5874 5878
3919 6 5869 5872 5874 5879
3920 6 5869 5872 5874 5880
3921 8 5882 5881 5883 5885
3922 8 5882 5881 5884 5886
3923 6 5881 5883 5885 5887
3924 6 5881 5883 5885 5888
3925 6 5881 5883 5885 5889
3926 6 5881 5884 5886 5890
3927 6 5881 5884 5886 5891
3928 6 5881 5884 5886 5892
3929 8 5894 5893 5895 5897
3930 8 5894 5893 5896 5898
3931 6 5893 5895 5897 5899
3932 6 5893 5895 5897 5900
3933 6 5893 5895 5897 5901
3934 6 5893 5896 5898 5902
3935 6 5893 5896 5898 5903
3936 6 5893 5896 5898 5904
3937 8 5906 5905 5907 5909
3938 8 5906 5905 5908 5910
3939 6 5905 5907 5909 5911
3940 6 5905 5907 5909 5912
3941 6 5905 5907 5909 5913
3942 6 5905 5908 5910 5914
3943 6 5905 5908 5910 5915
3944 6 5905 5908 5910 5916
3945 8 5918 5917 5919 5921
3946 8 5918 5917 5920 5922
3947 6 5917 5919 5921 5923
3948 6 5917 5919 5921 5924
3949 6 5917 5919 5921 5925
3950 6 5917 5920 5922 5926
3951 6 5917 5920 5922 5927
3952 6 5917 5920 5922 5928
3953 8 5930 5929 5931 5933
3954 8 5930 5929 5932 5934
3955 6 5929 5931 5933 5935
3956 6 5929 5931 5933 5936
3957 6 5929 5931 5933 5937
3958 6 5929 5932 5934 5938
3959 6 5929 5932 5934 5939
3960 6 5929 5932 5934 5940
3961 8 5942 5941 5943 5945
3962 8 5942 5941 5944 5946
3963 6 5941 5943 5945 5947
3964 6 5941 5943 5945 5948
3965 6 5941 5943 5945 5949
3966 6 5941 5944 5946 5950
3967 6 5941 5944 5946 5951
3968 6 5941 5944 5946 5952
3969 8 5954 5953 5955 5957
3970 8 5954 5953 5956 5958
3971 6 5953 5955 5957 5959
3972 6 5953 5955 5957 5960
3973 6 5953 5955 5957 5961
3974 6 5953 5956 5958 5962
3975 6 5953 5956 5958 5963
3976 6 5953 5956 5958 5964
3977 8 5966 5965 5967 5969
3978 8 5966 5965 5968 5970
3979 6 5965 5967 5969 5971
3980 6 5965 5967 5969 5972
3981 6 5965 5967 5969 5973
3982 6 5965 5968 5970 5974
3983 6 5965 5968 5970 5975
3984 6 5965 5968 5970 5976
3985 8 5978 5977 5979 5981
3986 8 5978 5977 5980 5982
3987 6 5977 5979 5981 5983
3988 6 5977 5979 5981 5984
3989 6 5977 5979 5981 5985
3990 6 5977 5980 5982 5986
3991 6 5977 5980 5982 5987
3992 6 5977 5980 5982 5988
3993 8 5990 5989 5991 5993
3994 8 5990 5989 5992 5994
3995 6 5989 5991 5993 5995
3996 6 5989 5991 5993 5996
3997 6 5989 5991 5993 5997
3998 6 5989 5992 5994 5998
3999 6 5989 5992 5994 5999
4000 6 5989 5992 5994 6000
4001 8 6002 6001 6003 6005
4002 8 6002 6001 6004 6006
4003 6 6001 6003 6005 6007
4004 6 6001 6003 6005 6008
4005 6 6001 6003 6005 6009
4006 6 6001 6004 6006 6010
4007 6 6001 6004 6006 6011
4008 6 6001 6004 6006 6012
4009 8 6014 6013 6015 6017
4010 8 6014 6013 6016 6018
4011 6 6013 6015 6017 6019
4012 6 6013 6015 6017 6020
4013 6 6013 6015 6017 6021
4014 6 6013 6016 6018 6022
4015 6 6013 6016 6018 6023
4016 6 6013 6016 6018 6024
4017 8 6026 6025 6027 6029
4018 8 6026 6025 6028 6030
4019 6 6025 6027 6029 6031
4020 6 6025 6027 6029 6032
4021 6 6025 6027 6029 6033
4022 6 6025 6028 6030 6034
4023 6 6025 6028 6030 6035
4024 6 6025 6028 6030 6036
4025 8 6038 6037 6039 6041
4026 8 6038 6037 6040 6042
4027 6 6037 6039 6041 6043
4028 6 6037 6039 6041 6044
4029 6 6037 6039 6041 6045
4030 6 6037 6040 6042 6046
4031 6 6037 6040 6042 6047
4032 6 6037 6040 6042 6048
4033 8 6050 6049 6051 6053
4034 8 6050 6049 6052 6054
4035 6 6049 6051 6053 6055
4036 6 6049 6051 6053 6056
4037 6 6049 6051 6053 6057
4038 6 6049 6052 6054 6058
4039 6 6049 6052 6054 6059
4040 6 6049 6052 6054 6060
4041 8 6062 6061 6063 6065
4042 8 6062 6061 6064 6066
4043 6 6061 6063 6065 6067
4044 6 6061 6063 6065 6068
4045 6 6061 6063 6065 6069
4046 6 6061 6064 6066 6070
4047 6 6061 6064 6066 6071
4048 6 6061 6064 6066 6072
4049 8 6074 6073 6075 6077
4050 8 6074 6073 6076 6078
4051 6 6073 6075 6077 6079
4052 6 6073 6075 6077 6080
4053 6 6073 6075 6077 6081
4054 6 6073 6076 6078 6082
4055 6 6073 6076 6078 6083
4056 6 6073 6076 6078 6084
4057 8 6086 6085 6087 6089
4058 8 6086 6085 6088 6090
4059 6 6085 6087 6089 6091
4060 6 6085 6087 6089 6092
4061 6 6085 6087 6089 6093
4062 6 6085 6088 6090 6094
4063 6 6085 6088 6090 6095
4064 6 6085 6088 6090 6096
4065 8 6098 6097 6099 6101
4066 8 6098 6097 6100 6102
4067 6 6097 6099 6101 6103
4068 6 6097 6099 6101 6104
4069 6 6097 6099 6101 6105
4070 6 6097 6100 6102 6106
4071 6 6097 6100 6102 6107
4072 6 6097 6100 6102 6108
4073 8 6110 6109 6111 6113
4074 8 6110 6109 6112 6114
4075 6 6109 6111 6113 6115
4076 6 6109 6111 6113 6116
4077 6 6109 6111 6113 6117
4078 6 6109 6112 6114 6118
4079 6 6109 6112 6114 6119
4080 6 6109 6112 6114 6120
4081 8 6122 6121 6123 6125
4082 8 6122 6121 6124 6126
4083 6 6121 6123 6125 6127
4084 6 6121 6123 6125 6128
4085 6 6121 6123 6125 6129
4086 6 6121 6124 6126 6130
4087 6 6121 6124 6126 6131
4088 6 6121 6124 6126 6132
4089 8 6134 6133 6135 6137
4090 8 6134 6133 6136 6138
4091 6 6133 6135 6137 6139
4092 6 6133 6135 6137 6140
4093 6 6133 6135 6137 6141
4094 6 6133 6136 6138 6142
4095 6 6133 6136 6138 6143
4096 6 6133 6136 6138 6144
4097 8 6146 6145 6147 6149
4098 8 6146 6145 6148 6150
4099 6 6145 6147 6149 6151
4100 6 6145 6147 6149 6152
4101 6 6145 6147 6149 6153
4102 6 6145 6148 6150 6154
4103 6 6145 6148 6150 6155
4104 6 6145 6148 6150 6156
4105 8 6158 6157 6159 6161
4106 8 6158 6157 6160 6162
4107 6 6157 6159 6161 6163
4108 6 6157 6159 6161 6164
4109 6 6157 6159 6161 6165
4110 6 6157 6160 6162 6166
4111 6 6157 6160 6162 6167
4112 6 6157 6160 6162 6168
4113 8 6170 6169 6171 6173
4114 8 6170 6169 6172 6174
4115 6 6169 6171 6173 6175
4116 6 6169 6171 6173 6176
4117 6 6169 6171 6173 6177
4118 6 6169 6172 6174 6178
4119 6 6169 6172 6174 6179
4120 6 6169 6172 6174 6180
4121 8 6182 6181 6183 6185
4122 8 6182 6181 6184 6186
4123 6 6181 6183 6185 6187
4124 6 6181 6183 6185 6188
4125 6 6181 6183 6185 6189
4126 6 6181 6184 6186 6190
4127 6 6181 6184 6186 6191
4128 6 6181 6184 6186 6192
4129 8 6194 6193 6195 6197
4130 8 6194 6193 6196 6198
4131 6 6193 6195 6197 6199
4132 6 6193 6195 6197 6200
4133 6 6193 6195 6197 6201
4134 6 6193 6196 6198 6202
4135 6 6193 6196 6198 6203
4136 6 6193 6196 6198 6204
4137 8 6206 6205 6207 6209
4138 8 6206 6205 6208 6210
4139 6 6205 6207 6209 6211
4140 6 6205 6207 6209 6212
4141 6 6205 6207 6209 6213
4142 6 6205 6208 6210 6214
4143 6 6205 6208 6210 6215
4144 6 6205 6208 6210 6216
4145 8 6218 6217 6219 6221
4146 8 6218 6217 6220 6222
4147 6 6217 6219 6221 6223
4148 6 6217 6219 6221 6224
4149 6 6217 6219 6221 6225
4150 6 6217 6220 6222 6226
4151 6 6217 6220 6222 6227
4152 6 6217 6220 6222 6228
4153 8 6230 6229 6231 6233
4154 8 6230 6229 6232 6234
4155 6 6229 6231 6233 6235
4156 6 6229 6231 6233 6236
4157 6 6229 6231 6233 6237
4158 6 6229 6232 6234 6238
4159 6 6229 6232 6234 6239
4160 6 6229 6232 6234 6240
4161 8 6242 6241 6243 6245
4162 8 6242 6241 6244 6246
4163 6 6241 6243 6245 6247
4164 6 6241 6243 6245 6248
4165 6 6241 6243 6245 6249
4166 6 6241 6244 6246 6250
4167 6 6241 6244 6246 6251
4168 6 6241 6244 6246 6252
4169 8 6254 6253 6255 6257
4170 8 6254 6253 6256 6258
4171 6 6253 6255 6257 6259
4172 6 6253 6255 6257 6260
4173 6 6253 6255 6257 6261
4174 6 6253 6256 6258 6262
4175 6 6253 6256 6258 6263
4176 6 6253 6256 6258 6264
4177 8 6266 6265 6267 6269
4178 8 6266 6265 6268 6270
4179 6 6265 6267 6269 6271
4180 6 6265 6267 6269 6272
4181 6 6265 6267 6269 6273
4182 6 6265 6268 6270 6274
4183 6 6265 6268 6270 6275
4184 6 6265 6268 6270 6276
4185 8 6278 6277 6279 6281
4186 8 6278 6277 6280 6282
4187 6 6277 6279 6281 6283
4188 6 6277 6279 6281 6284
4189 6 6277 6279 6281 6285
4190 6 6277 6280 6282 6286
4191 6 6277 6280 6282 6287
4192 6 6277 6280 6282 6288
4193 8 6290 6289 6291 6293
4194 8 6290 6289 6292 6294
4195 6 6289 6291 6293 6295
4196 6 6289 6291 6293 6296
4197 6 6289 6291 6293 6297
4198 6 6289 6292 6294 6298
4199 6 6289 6292 6294 6299
4200 6 6289 6292 6294 6300
4201 8 6302 6301 6303 6305
4202 8 6302 6301 6304 6306
4203 6 6301 6303 6305 6307
4204 6 6301 6303 6305 6308
4205 6 6301 6303 6305 6309
4206 6 6301 6304 6306 6310
4207 6 6301 6304 6306 6311
4208 6 6301 6304 6306 6312
4209 8 6314 6313 6315 6317
4210 8 6314 6313 6316 6318
4211 6 6313 6315 6317 6319
4212 6 6313 6315 6317 6320
4213 6 6313 6315 6317 6321
4214 6 6313 6316 6318 6322
4215 6 6313 6316 6318 6323
4216 6 6313 6316 6318 6324
4217 8 6326 6325 6327 6329
4218 8 6326 6325 6328 6330
4219 6 6325 6327 6329 6331
4220 6 6325 6327 6329 6332
4221 6 6325 6327 6329 6333
4222 6 6325 6328 6330 6334
4223 6 6325 6328 6330 6335
4224 6 6325 6328 6330 6336
4225 8 6338 6337 6339 6341
4226 8 6338 6337 6340 6342
4227 6 6337 6339 6341 6343
4228 6 6337 6339 6341 6344
4229 6 6337 6339 6341 6345
4230 6 6337 6340 6342 6346
4231 6 6337 6340 6342 6347
4232 6 6337 6340 6342 6348
4233 8 6350 6349 6351 6353
4234 8 6350 6349 6352 6354
4235 6 6349 6351 6353 6355
4236 6 6349 6351 6353 6356
4237 6 6349 6351 6353 6357
4238 6 6349 6352 6354 6358
4239 6 6349 6352 6354 6359
4240 6 6349 6352 6354 6360
4241 8 6362 6361 6363 6365
4242 8 6362 6361 6364 6366
4243 6 6361 6363 6365 6367
4244 6 6361 6363 6365 6368
4245 6 6361 6363 6365 6369
4246 6 6361 6364 6366 6370
4247 6 6361 6364 6366 6371
4248 6 6361 6364 6366 6372
4249 8 6374 6373 6375 6377
4250 8 6374 6373 6376 6378
4251 6 6373 6375 6377 6379
4252 6 6373 6375 6377 6380
4253 6 6373 6375 6377 6381
4254 6 6373 6376 6378 6382
4255 6 6373 6376 6378 6383
4256 6 6373 6376 6378 6384
4257 8 6386 6385 6387 6389
4258 8 6386 6385 6388 6390
4259 6 6385 6387 6389 6391
4260 6 6385 6387 6389 6392
4261 6 6385 6387 6389 6393
4262 6 6385 6388 6390 6394
4263 6 6385 6388 6390 6395
4264 6 6385 6388 6390 6396
4265 8 6398 6397 6399 6401
4266 8 6398 6397 6400 6402
4267 6 6397 6399 6401 6403
4268 6 6397 6399 6401 6404
4269 6 6397 6399 6401 6405
4270 6 6397 6400 6402 6406
4271 6 6397 6400 6402 6407
4272 6 6397 6400 6402 6408
4273 8 6410 6409 6411 6413
4274 8 6410 6409 6412 6414
4275 6 6409 6411 6413 6415
4276 6 6409 6411 6413 6416
4277 6 6409 6411 6413 6417
4278 6 6409 6412 6414 6418
4279 6 6409 6412 6414 6419
4280 6 6409 6412 6414 6420
4281 8 6422 6421 6423 6425
4282 8 6422 6421 6424 6426
4283 6 6421 6423 6425 6427
4284 6 6421 6423 6425 6428
4285 6 6421 6423 6425 6429
4286 6 6421 6424 6426 6430
4287 6 6421 6424 6426 6431
4288 6 6421 6424 6426 6432
4289 8 6434 6433 6435 6437
4290 8 6434 6433 6436 6438
4291 6 6433 6435 6437 6439
4292 6 6433 6435 6437 6440
4293 6 6433 6435 6437 6441
4294 6 6433 6436 6438 6442
4295 6 6433 6436 6438 6443
4296 6 6433 6436 6438 6444
4297 8 6446 6445 6447 6449
4298 8 6446 6445 6448 6450
4299 6 6445 6447 6449 6451
4300 6 6445 6447 6449 6452
4301 6 6445 6447 6449 6453
4302 6 6445 6448 6450 6454
4303 6 6445 6448 6450 6455
4304 6 6445 6448 6450 6456
4305 8 6458 6457 6459 6461
4306 8 6458 6457 6460 6462
4307 6 6457 6459 6461 6463
4308 6 6457 6459 6461 6464
4309 6 6457 6459 6461 6465
4310 6 6457 6460 6462 6466
4311 6 6457 6460 6462 6467
4312 6 6457 6460 6462 6468
4313 8 6470 6469 6471 6473
4314 8 6470 6469 6472 6474
4315 6 6469 6471 6473 6475
4316 6 6469 6471 6473 6476
4317 6 6469 6471 6473 6477
4318 6 6469 6472 6474 6478
4319 6 6469 6472 6474 6479
4320 6 6469 6472 6474 6480
4321 8 6482 6481 6483 6485
4322 8 6482 6481 6484 6486
4323 6 6481 6483 6485 6487
4324 6 6481 6483 6485 6488
4325 6 6481 6483 6485 6489
4326 6 6481 6484 6486 6490
4327 6 6481 6484 6486 6491
4328 6 6481 6484 6486 6492
4329 8 6494 6493 6495 6497
4330 8 6494 6493 6496 6498
4331 6 6493 6495 6497 6499
4332 6 6493 6495 6497 6500
4333 6 6493 6495 6497 6501
4334 6 6493 6496 6498 6502
4335 6 6493 6496 6498 6503
4336 6 6493 6496 6498 6504
4337 8 6506 6505 6507 6509
4338 8 6506 6505 6508 6510
4339 6 6505 6507 6509 6511
4340 6 6505 6507 6509 6512
4341 6 6505 6507 6509 6513
4342 6 6505 6508 6510 6514
4343 6 6505 6508 6510 6515
4344 6 6505 6508 6510 6516
4345 8 6518 6517 6519 6521
4346 8 6518 6517 6520 6522
4347 6 6517 6519 6521 6523
4348 6 6517 6519 6521 6524
4349 6 6517 6519 6521 6525
4350 6 6517 6520 6522 6526
4351 6 6517 6520 6522 6527
4352 6 6517 6520 6522 6528
4353 8 6530 6529 6531 6533
4354 8 6530 6529 6532 6534
4355 6 6529 6531 6533 6535
4356 6 6529 6531 6533 6536
4357 6 6529 6531 6533 6537
4358 6 6529 6532 6534 6538
4359 6 6529 6532 6534 6539
4360 6 6529 6532 6534 6540
4361 8 6542 6541 6543 6545
4362 8 6542 6541 6544 6546
4363 6 6541 6543 6545 6547
4364 6 6541 6543 6545 6548
4365 6 6541 6543 6545 6549
4366 6 6541 6544 6546 6550
4367 6 6541 6544 6546 6551
4368 6 6541 6544 6546 6552
4369 8 6554 6553 6555 6557
4370 8 6554 6553 6556 6558
4371 6 6553 6555 6557 6559
4372 6 6553 6555 6557 6560
4373 6 6553 6555 6557 6561
4374 6 6553 6556 6558 6562
4375 6 6553 6556 6558 6563
4376 6 6553 6556 6558 6564
4377 8 6566 6565 6567 6569
4378 8 6566 6565 6568 6570
4379 6 6565 6567 6569 6571
4380 6 6565 6567 6569 6572
4381 6 6565 6567 6569 6573
4382 6 6565 6568 6570 6574
4383 6 6565 6568 6570 6575
4384 6 6565 6568 6570 6576
4385 8 6578 6577 6579 6581
4386 8 6578 6577 6580 6582
4387 6 6577 6579 6581 6583
4388 6 6577 6579 6581 6584
4389 6 6577 6579 6581 6585
4390 6 6577 6580 6582 6586
4391 6 6577 6580 6582 6587
4392 6 6577 6580 6582 6588
4393 8 6590 6589 6591 6593
4394 8 6590 6589 6592 6594
4395 6 6589 6591 6593 6595
4396 6 6589 6591 6593 6596
4397 6 6589 6591 6593 6597
4398 6 6589 6592 6594 6598
4399 6 6589 6592 6594 6599
4400 6 6589 6592 6594 6600
4401 8 6602 6601 6603 6605
4402 8 6602 6601 6604 6606
4403 6 6601 6603 6605 6607
4404 6 6601 6603 6605 6608
4405 6 6601 6603 6605 6609
4406 6 6601 6604 6606 6610
4407 6 6601 6604 6606 6611
4408 6 6601 6604 6606 6612
4409 8 6614 6613 6615 6617
4410 8 6614 6613 6616 6618
4411 6 6613 6615 6617 6619
4412 6 6613 6615 6617 6620
4413 6 6613 6615 6617 6621
4414 6 6613 6616 6618 6622
4415 6 6613 6616 6618 6623
4416 6 6613 6616 6618 6624
4417 8 6626 6625 6627 6629
4418 8 6626 6625 6628 6630
4419 6 6625 6627 6629 6631
4420 6 6625 6627 6629 6632
4421 6 6625 6627 6629 6633
4422 6 6625 6628 6630 6634
4423 6 6625 6628 6630 6635
4424 6 6625 6628 6630 6636
4425 8 6638 6637 6639 6641
4426 8 6638 6637 6640 6642
4427 6 6637 6639 6641 6643
4428 6 6637 6639 6641 6644
4429 6 6637 6639 6641 6645
4430 6 6637 6640 6642 6646
4431 6 6637 6640 6642 6647
4432 6 6637 6640 6642 6648
4433 8 6650 6649 6651 6653
4434 8 6650 6649 6652 6654
4435 6 6649 6651 6653 6655
4436 6 6649 6651 6653 6656
4437 6 6649 6651 6653 6657
4438 6 6649 6652 6654 6658
4439 6 6649 6652 6654 6659
4440 6 6649 6652 6654 6660
4441 8 6662 6661 6663 6665
4442 8 6662 6661 6664 6666
4443 6 6661 6663 6665 6667
4444 6 6661 6663 6665 6668
4445 6 6661 6663 6665 6669
4446 6 6661 6664 6666 6670
4447 6 6661 6664 6666 6671
4448 6 6661 6664 6666 6672
4449 8 6674 6673 6675 6677
4450 8 6674 6673 6676 6678
4451 6 6673 6675 6677 6679
4452 6 6673 6675 6677 6680
4453 6 6673 6675 6677 6681
4454 6 6673 6676 6678 6682
4455 6 6673 6676 6678 6683
4456 6 6673 6676 6678 6684
4457 8 6686 6685 6687 6689
4458 8 6686 6685 6688 6690
4459 6 6685 6687 6689 6691
4460 6 6685 6687 6689 6692
4461 6 6685 6687 6689 6693
4462 6 6685 6688 6690 6694
4463 6 6685 6688 6690 6695
4464 6 6685 6688 6690 6696
4465 8 6698 6697 6699 6701
4466 8 6698 6697 6700 6702
4467 6 6697 6699 6701 6703
4468 6 6697 6699 6701 6704
4469 6 6697 6699 6701 6705
4470 6 6697 6700 6702 6706
4471 6 6697 6700 6702 6707
4472 6 6697 6700 6702 6708
4473 8 6710 6709 6711 6713
4474 8 6710 6709 6712 6714
4475 6 6709 6711 6713 6715
4476 6 6709 6711 6713 6716
4477 6 6709 6711 6713 6717
4478 6 6709 6712 6714 6718
4479 6 6709 6712 6714 6719
4480 6 6709 6712 6714 6720
4481 8 6722 6721 6723 6725
4482 8 6722 6721 6724 6726
4483 6 6721 6723 6725 6727
4484 6 6721 6723 6725 6728
4485 6 6721 6723 6725 6729
4486 6 6721 6724 6726 6730
4487 6 6721 6724 6726 6731
4488 6 6721 6724 6726 6732
4489 8 6734 6733 6735 6737
4490 8 6734 6733 6736 6738
4491 6 6733 6735 6737 6739
4492 6 6733 6735 6737 6740
4493 6 6733 6735 6737 6741
4494 6 6733 6736 6738 6742
4495 6 6733 6736 6738 6743
4496 6 6733 6736 6738 6744
4497 8 6746 6745 6747 6749
4498 8 6746 6745 6748 6750
4499 6 6745 6747 6749 6751
4500 6 6745 6747 6749 6752
4501 6 6745 6747 6749 6753
4502 6 6745 6748 6750 6754
4503 6 6745 6748 6750 6755
4504 6 6745 6748 6750 6756
4505 8 6758 6757 6759 6761
4506 8 6758 6757 6760 6762
4507 6 6757 6759 6761 6763
4508 6 6757 6759 6761 6764
4509 6 6757 6759 6761 6765
4510 6 6757 6760 6762 6766
4511 6 6757 6760 6762 6767
4512 6 6757 6760 6762 6768
4513 8 6770 6769 6771 6773
4514 8 6770 6769 6772 6774
4515 6 6769 6771 6773 6775
4516 6 6769 6771 6773 6776
4517 6 6769 6771 6773 6777
4518 6 6769 6772 6774 6778
4519 6 6769 6772 6774 6779
4520 6 6769 6772 6774 6780
4521 8 6782 6781 6783 6785
4522 8 6782 6781 6784 6786
4523 6 6781 6783 6785 6787
4524 6 6781 6783 6785 6788
4525 6 6781 6783 6785 6789
4526 6 6781 6784 6786 6790
4527 6 6781 6784 6786 6791
4528 6 6781 6784 6786 6792
4529 8 6794 6793 6795 6797
4530 8 6794 6793 6796 6798
4531 6 6793 6795 6797 6799
4532 6 6793 6795 6797 6800
4533 6 6793 6795 6797 6801
4534 6 6793 6796 6798 6802
4535 6 6793 6796 6798 6803
4536 6 6793 6796 6798 6804
4537 8 6806 6805 6807 6809
4538 8 6806 6805 6808 6810
4539 6 6805 6807 6809 6811
4540 6 6805 6807 6809 6812
4541 6 6805 6807 6809 6813
4542 6 6805 6808 6810 6814
4543 6 6805 6808 6810 6815
4544 6 6805 6808 6810 6816
4545 8 6818 6817 6819 6821
4546 8 6818 6817 6820 6822
4547 6 6817 6819 6821 6823
4548 6 6817 6819 6821 6824
4549 6 6817 6819 6821 6825
4550 6 6817 6820 6822 6826
4551 6 6817 6820 6822 6827
4552 6 6817 6820 6822 6828
4553 8 6830 6829 6831 6833
4554 8 6830 6829 6832 6834
4555 6 6829 6831 6833 6835
4556 6 6829 6831 6833 6836
4557 6 6829 6831 6833 6837
4558 6 6829 6832 6834 6838
4559 6 6829 6832 6834 6839
4560 6 6829 6832 6834 6840
4561 8 6842 6841 6843 6845
4562 8 6842 6841 6844 6846
4563 6 6841 6843 6845 6847
4564 6 6841 6843 6845 6848
4565 6 6841 6843 6845 6849
4566 6 6841 6844 6846 6850
4567 6 6841 6844 6846 6851
4568 6 6841 6844 6846 6852
4569 8 6854 6853 6855 6857
4570 8 6854 6853 6856 6858
4571 6 6853 6855 6857 6859
4572 6 6853 6855 6857 6860
4573 6 6853 6855 6857 6861
4574 6 6853 6856 6858 6862
4575 6 6853 6856 6858 6863
4576 6 6853 6856 6858 6864
4577 8 6866 6865 6867 6869
4578 8 6866 6865 6868 6870
4579 6 6865 6867 6869 6871
4580 6 6865 6867 6869 6872
4581 6 6865 6867 6869 6873
4582 6 6865 6868 6870 6874
4583 6 6865 6868 6870 6875
4584 6 6865 6868 6870 6876
4585 8 6878 6877 6879 6881
4586 8 6878 6877 6880 6882
4587 6 6877 6879 6881 6883
4588 6 6877 6879 6881 6884
4589 6 6877 6879 6881 6885
4590 6 6877 6880 6882 6886
4591 6 6877 6880 6882 6887
4592 6 6877 6880 6882 6888
4593 8 6890 6889 6891 6893
4594 8 6890 6889 6892 6894
4595 6 6889 6891 6893 6895
4596 6 6889 6891 6893 6896
4597 6 6889 6891 6893 6897
4598 6 6889 6892 6894 6898
4599 6 6889 6892 6894 6899
4600 6 6889 6892 6894 6900
4601 8 6902 6901 6903 6905
4602 8 6902 6901 6904 6906
4603 6 6901 6903 6905 6907
4604 6 6901 6903 6905 6908
4605 6 6901 6903 6905 6909
4606 6 6901 6904 6906 6910
4607 6 6901 6904 6906 6911
4608 6 6901 6904 6906 6912
4609 8 6914 6913 6915 6917
4610 8 6914 6913 6916 6918
4611 6 6913 6915 6917 6919
4612 6 6913 6915 6917 6920
4613 6 6913 6915 6917 6921
4614 6 6913 6916 6918 6922
4615 6 6913 6916 6918 6923
4616 6 6913 6916 6918 6924
4617 8 6926 6925 6927 6929
4618 8 6926 6925 6928 6930
4619 6 6925 6927 6929 6931
4620 6 6925 6927 6929 6932
4621 6 6925 6927 6929 6933
4622 6 6925 6928 6930 6934
4623 6 6925 6928 6930 6935
4624 6 6925 6928 6930 6936
4625 8 6938 6937 6939 6941
4626 8 6938 6937 6940 6942
4627 6 6937 6939 6941 6943
4628 6 6937 6939 6941 6944
4629 6 6937 6939 6941 6945
4630 6 6937 6940 6942 6946
4631 6 6937 6940 6942 6947
4632 6 6937 6940 6942 6948
4633 8 6950 6949 6951 6953
4634 8 6950 6949 6952 6954
4635 6 6949 6951 6953 6955
4636 6 6949 6951 6953 6956
4637 6 6949 6951 6953 6957
4638 6 6949 6952 6954 6958
4639 6 6949 6952 6954 6959
4640 6 6949 6952 6954 6960
4641 8 6962 6961 6963 6965
4642 8 6962 6961 6964 6966
4643 6 6961 6963 6965 6967
4644 6 6961 6963 6965 6968
4645 6 6961 6963 6965 6969
4646 6 6961 6964 6966 6970
4647 6 6961 6964 6966 6971
4648 6 6961 6964 6966 6972
4649 8 6974 6973 6975 6977
4650 8 6974 6973 6976 6978
4651 6 6973 6975 6977 6979
4652 6 6973 6975 6977 6980
4653 6 6973 6975 6977 6981
4654 6 6973 6976 6978 6982
4655 6 6973 6976 6978 6983
4656 6 6973 6976 6978 6984
4657 8 6986 6985 6987 6989
4658 8 6986 6985 6988 6990
4659 6 6985 6987 6989 6991
4660 6 6985 6987 6989 6992
4661 6 6985 6987 6989 6993
4662 6 6985 6988 6990 6994
4663 6 6985 6988 6990 6995
4664 6 6985 6988 6990 6996
4665 8 6998 6997 6999 7001
4666 8 6998 6997 7000 7002
4667 6 6997 6999 7001 7003
4668 6 6997 6999 7001 7004
4669 6 6997 6999 7001 7005
4670 6 6997 7000 7002 7006
4671 6 6997 7000 7002 7007
4672 6 6997 7000 7002 7008
4673 8 7010 7009 7011 7013
4674 8 7010 7009 7012 7014
4675 6 7009 7011 7013 7015
4676 6 7009 7011 7013 7016
4677 6 7009 7011 7013 7017
4678 6 7009 7012 7014 7018
4679 6 7009 7012 7014 7019
4680 6 7009 7012 7014 7020
4681 8 7022 7021 7023 7025
4682 8 7022 7021 7024 7026
4683 6 7021 7023 7025 7027
4684 6 7021 7023 7025 7028
4685 6 7021 7023 7025 7029
4686 6 7021 7024 7026 7030
4687 6 7021 7024 7026 7031
4688 6 7021 7024 7026 7032
4689 8 7034 7033 7035 7037
4690 8 7034 7033 7036 7038
4691 6 7033 7035 7037 7039
4692 6 7033 7035 7037 7040
4693 6 7033 7035 7037 7041
4694 6 7033 7036 7038 7042
4695 6 7033 7036 7038 7043
4696 6 7033 7036 7038 7044
4697 8 7046 7045 7047 7049
4698 8 7046 7045 7048 7050
4699 6 7045 7047 7049 7051
4700 6 7045 7047 7049 7052
4701 6 7045 7047 7049 7053
4702 6 7045 7048 7050 7054
4703 6 7045 7048 7050 7055
4704 6 7045 7048 7050 7056
4705 8 7058 7057 7059 7061
4706 8 7058 7057 7060 7062
4707 6 7057 7059 7061 7063
4708 6 7057 7059 7061 7064
4709 6 7057 7059 7061 7065
4710 6 7057 7060 7062 7066
4711 6 7057 7060 7062 7067
4712 6 7057 7060 7062 7068
4713 8 7070 7069 7071 7073
4714 8 7070 7069 7072 7074
4715 6 7069 7071 7073 7075
4716 6 7069 7071 7073 7076
4717 6 7069 7071 7073 7077
4718 6 7069 7072 7074 7078
4719 6 7069 7072 7074 7079
4720 6 7069 7072 7074 7080
4721 8 7082 7081 7083 7085
4722 8 7082 7081 7084 7086
4723 6 7081 7083 7085 7087
4724 6 7081 7083 7085 7088
4725 6 7081 7083 7085 7089
4726 6 7081 7084 7086 7090
4727 6 7081 7084 7086 7091
4728 6 7081 7084 7086 7092
4729 8 7094 7093 7095 7097
4730 8 7094 7093 7096 7098
4731 6 7093 7095 7097 7099
4732 6 7093 7095 7097 7100
4733 6 7093 7095 7097 7101
4734 6 7093 7096 7098 7102
4735 6 7093 7096 7098 7103
4736 6 7093 7096 7098 7104
4737 8 7106 7105 7107 7109
4738 8 7106 7105 7108 7110
4739 6 7105 7107 7109 7111
4740 6 7105 7107 7109 7112
4741 6 7105 7107 7109 7113
4742 6 7105 7108 7110 7114
4743 6 7105 7108 7110 7115
4744 6 7105 7108 7110 7116
4745 8 7118 7117 7119 7121
4746 8 7118 7117 7120 7122
4747 6 7117 7119 7121 7123
4748 6 7117 7119 7121 7124
4749 6 7117 7119 7121 7125
4750 6 7117 7120 7122 7126
4751 6 7117 7120 7122 7127
4752 6 7117 7120 7122 7128
4753 8 7130 7129 7131 7133
4754 8 7130 7129 7132 7134
4755 6 7129 7131 7133 7135
4756 6 7129 7131 7133 7136
4757 6 7129 7131 7133 7137
4758 6 7129 7132 7134 7138
4759 6 7129 7132 7134 7139
4760 6 7129 7132 7134 7140
4761 8 7142 7141 7143 7145
4762 8 7142 7141 7144 7146
4763 6 7141 7143 7145 7147
4764 6 7141 7143 7145 7148
4765 6 7141 7143 7145 7149
4766 6 7141 7144 7146 7150
4767 6 7141 7144 7146 7151
4768 6 7141 7144 7146 7152
4769 8 7154 7153 7155 7157
4770 8 7154 7153 7156 7158
4771 6 7153 7155 7157 7159
4772 6 7153 7155 7157 7160
4773 6 7153 7155 7157 7161
4774 6 7153 7156 7158 7162
4775 6 7153 7156 7158 7163
4776 6 7153 7156 7158 7164
4777 8 7166 7165 7167 7169
4778 8 7166 7165 7168 7170
4779 6 7165 7167 7169 7171
4780 6 7165 7167 7169 7172
4781 6 7165 7167 7169 7173
4782 6 7165 7168 7170 7174
4783 6 7165 7168 7170 7175
4784 6 7165 7168 7170 7176
4785 8 7178 7177 7179 7181
4786 8 7178 7177 7180 7182
4787 6 7177 7179 7181 7183
4788 6 7177 7179 7181 7184
4789 6 7177 7179 7181 7185
4790 6 7177 7180 7182 7186
4791 6 7177 7180 7182 7187
4792 6 7177 7180 7182 7188
4793 8 7190 7189 7191 7193
4794 8 7190 7189 7192 7194
4795 6 7189 7191 7193 7195
4796 6 7189 7191 7193 7196
4797 6 7189 7191 7193 7197
4798 6 7189 7192 7194 7198
4799 6 7189 7192 7194 7199
4800 6 7189 7192 7194 7200
4801 8 7202 7201 7203 7205
4802 8 7202 7201 7204 7206
4803 6 7201 7203 7205 7207
4804 6 7201 7203 7205 7208
4805 6 7201 7203 7205 7209
4806 6 7201 7204 7206 7210
4807 6 7201 7204 7206 7211
4808 6 7201 7204 7206 7212
4809 8 7214 7213 7215 7217
4810 8 7214 7213 7216 7218
4811 6 7213 7215 7217 7219
4812 6 7213 7215 7217 7220
4813 6 7213 7215 7217 7221
4814 6 7213 7216 7218 7222
4815 6 7213 7216 7218 7223
4816 6 7213 7216 7218 7224
4817 8 7226 7225 7227 7229
4818 8 7226 7225 7228 7230
4819 6 7225 7227 7229 7231
4820 6 7225 7227 7229 7232
4821 6 7225 7227 7229 7233
4822 6 7225 7228 7230 7234
4823 6 7225 7228 7230 7235
4824 6 7225 7228 7230 7236
4825 8 7238 7237 7239 7241
4826 8 7238 7237 7240 7242
4827 6 7237 7239 7241 7243
4828 6 7237 7239 7241 7244
4829 6 7237 7239 7241 7245
4830 6 7237 7240 7242 7246
4831 6 7237 7240 7242 7247
4832 6 7237 7240 7242 7248
4833 8 7250 7249 7251 7253
4834 8 7250 7249 7252 7254
4835 6 7249 7251 7253 7255
4836 6 7249 7251 7253 7256
4837 6 7249 7251 7253 7257
4838 6 7249 7252 7254 7258
4839 6 7249 7252 7254 7259
4840 6 7249 7252 7254 7260
4841 8 7262 7261 7263 7265
4842 8 7262 7261 7264 7266
4843 6 7261 7263 7265 7267
4844 6 7261 7263 7265 7268
4845 6 7261 7263 7265 7269
4846 6 7261 7264 7266 7270
4847 6 7261 7264 7266 7271
4848 6 7261 7264 7266 7272
4849 8 7274 7273 7275 7277
4850 8 7274 7273 7276 7278
4851 6 7273 7275 7277 7279
4852 6 7273 7275 7277 7280
4853 6 7273 7275 7277 7281
4854 6 7273 7276 7278 7282
4855 6 7273 7276 7278 7283
4856 6 7273 7276 7278 7284
4857 8 7286 7285 7287 7289
4858 8 7286 7285 7288 7290
4859 6 7285 7287 7289 7291
4860 6 7285 7287 7289 7292
4861 6 7285 7287 7289 7293
4862 6 7285 7288 7290 7294
4863 6 7285 7288 7290 7295
4864 6 7285 7288 7290 7296
4865 8 7298 7297 7299 7301
4866 8 7298 7297 7300 7302
4867 6 7297 7299 7301 7303
4868 6 7297 7299 7301 7304
4869 6 7297 7299 7301 7305
4870 6 7297 7300 7302 7306
4871 6 7297 7300 7302 7307
4872 6 7297 7300 7302 7308
4873 8 7310 7309 7311 7313
4874 8 7310 7309 7312 7314
4875 6 7309 7311 7313 7315
4876 6 7309 7311 7313 7316
4877 6 7309 7311 7313 7317
4878 6 7309 7312 7314 7318
4879 6 7309 7312 7314 7319
4880 6 7309 7312 7314 7320
4881 8 7322 7321 7323 7325
4882 8 7322 7321 7324 7326
4883 6 7321 7323 7325 7327
4884 6 7321 7323 7325 7328
4885 6 7321 7323 7325 7329
4886 6 7321 7324 7326 7330
4887 6 7321 7324 7326 7331
4888 6 7321 7324 7326 7332
4889 8 7334 7333 7335 7337
4890 8 7334 7333 7336 7338
4891 6 7333 7335 7337 7339
4892 6 7333 7335 7337 7340
4893 6 7333 7335 7337 7341
4894 6 7333 7336 7338 7342
4895 6 7333 7336 7338 7343
4896 6 7333 7336 7338 7344
4897 8 7346 7345 7347 7349
4898 8 7346 7345 7348 7350
4899 6 7345 7347 7349 7351
4900 6 7345 7347 7349 7352
4901 6 7345 7347 7349 7353
4902 6 7345 7348 7350 7354
4903 6 7345 7348 7350 7355
4904 6 7345 7348 7350 7356
4905 8 7358 7357 7359 7361
4906 8 7358 7357 7360 7362
4907 6 7357 7359 7361 7363
4908 6 7357 7359 7361 7364
4909 6 7357 7359 7361 7365
4910 6 7357 7360 7362 7366
4911 6 7357 7360 7362 7367
4912 6 7357 7360 7362 7368
4913 8 7370 7369 7371 7373
4914 8 7370 7369 7372 7374
4915 6 7369 7371 7373 7375
4916 6 7369 7371 7373 7376
4917 6 7369 7371 7373 7377
4918 6 7369 7372 7374 7378
4919 6 7369 7372 7374 7379
4920 6 7369 7372 7374 7380
4921 8 7382 7381 7383 7385
4922 8 7382 7381 7384 7386
4923 6 7381 7383 7385 7387
4924 6 7381 7383 7385 7388
4925 6 7381 7383 7385 7389
4926 6 7381 7384 7386 7390
4927 6 7381 7384 7386 7391
4928 6 7381 7384 7386 7392
4929 8 7394 7393 7395 7397
4930 8 7394 7393 7396 7398
4931 6 7393 7395 7397 7399
4932 6 7393 7395 7397 7400
4933 6 7393 7395 7397 7401
4934 6 7393 7396 7398 7402
4935 6 7393 7396 7398 7403
4936 6 7393 7396 7398 7404
4937 8 7406 7405 7407 7409
4938 8 7406 7405 7408 7410
4939 6 7405 7407 7409 7411
4940 6 7405 7407 7409 7412
4941 6 7405 7407 7409 7413
4942 6 7405 7408 7410 7414
4943 6 7405 7408 7410 7415
4944 6 7405 7408 7410 7416
4945 8 7418 7417 7419 7421
4946 8 7418 7417 7420 7422
4947 6 7417 7419 7421 7423
4948 6 7417 7419 7421 7424
4949 6 7417 7419 7421 7425
4950 6 7417 7420 7422 7426
4951 6 7417 7420 7422 7427
4952 6 7417 7420 7422 7428
4953 8 7430 7429 7431 7434
4954 8 7430 7429 7432 7433
4955 5 7429 7431 7434 7433
4956 7 7431 7434 7433 7432
4957 7 7429 7432 7433 7434
4958 8 7440 7439 7441 7444
4959 8 7440 7439 7442 7443
4960 5 7439 7441 7444 7443
4961 7 7441 7444 7443 7442
4962 7 7439 7442 7443 7444
4963 8 7450 7449 7451 7454
4964 8 7450 7449 7452 7453
4965 5 7449 7451 7454 7453
4966 7 7451 7454 7453 7452
4967 7 7449 7452 7453 7454
4968 8 7460 7459 7461 7464
4969 8 7460 7459 7462 7463
4970 5 7459 7461 7464 7463
4971 7 7461 7464 7463 7462
4972 7 7459 7462 7463 7464
4973 8 7470 7469 7471 7474
4974 8 7470 7469 7472 7473
4975 5 7469 7471 7474 7473
4976 7 7471 7474 7473 7472
4977 7 7469 7472 7473 7474
4978 8 7480 7479 7481 7484
4979 8 7480 7479 7482 7483
4980 5 7479 7481 7484 7483
4981 7 7481 7484 7483 7482
4982 7 7479 7482 7483 7484
4983 8 7490 7489 7491 7494
4984 8 7490 7489 7492 7493
4985 5 7489 7491 7494 7493
4986 7 7491 7494 7493 7492
4987 7 7489 7492 7493 7494
4988 8 7500 7499 7501 7504
4989 8 7500 7499 7502 7503
4990 5 7499 7501 7504 7503
4991 7 7501 7504 7503 7502
4992 7 7499 7502 7503 7504
4993 8 7510 7509 7511 7514
4994 8 7510 7509 7512 7513
4995 5 7509 7511 7514 7513
4996 7 7511 7514 7513 7512
4997 7 7509 7512 7513 7514
4998 8 7520 7519 7521 7524
4999 8 7520 7519 7522 7523
5000 5 7519 7521 7524 7523
5001 7 7521 7524 7523 7522
5002 7 7519 7522 7523 7524
5003 8 7530 7529 7531 7534
5004 8 7530 7529 7532 7533
5005 5 7529 7531 7534 7533
5006 7 7531 7534 7533 7532
5007 7 7529 7532 7533 7534
5008 8 7540 7539 7541 7544
5009 8 7540 7539 7542 7543
5010 5 7539 7541 7544 7543
5011 7 7541 7544 7543 7542
5012 7 7539 7542 7543 7544
5013 8 7550 7549 7551 7554
5014 8 7550 7549 7552 7553
5015 5 7549 7551 7554 7553
5016 7 7551 7554 7553 7552
5017 7 7549 7552 7553 7554
5018 8 7560 7559 7561 7564
5019 8 7560 7559 7562 7563
5020 5 7559 7561 7564 7563
5021 7 7561 7564 7563 7562
5022 7 7559 7562 7563 7564
5023 8 7570 7569 7571 7574
5024 8 7570 7569 7572 7573
5025 5 7569 7571 7574 7573
5026 7 7571 7574 7573 7572
5027 7 7569 7572 7573 7574
5028 8 7580 7579 7581 7584
5029 8 7580 7579 7582 7583
5030 5 7579 7581 7584 7583
5031 7 7581 7584 7583 7582
5032 7 7579 7582 7583 7584
5033 8 7590 7589 7591 7594
5034 8 7590 7589 7592 7593
5035 5 7589 7591 7594 7593
5036 7 7591 7594 7593 7592
5037 7 7589 7592 7593 7594
5038 8 7600 7599 7601 7604
5039 8 7600 7599 7602 7603
5040 5 7599 7601 7604 7603
5041 7 7601 7604 7603 7602
5042 7 7599 7602 7603 7604
5043 8 7610 7609 7611 7614
5044 8 7610 7609 7612 7613
5045 5 7609 7611 7614 7613
5046 7 7611 7614 7613 7612
5047 7 7609 7612 7613 7614
5048 8 7620 7619 7621 7624
5049 8 7620 7619 7622 7623
5050 5 7619 7621 7624 7623
5051 7 7621 7624 7623 7622
5052 7 7619 7622 7623 7624
5053 8 7630 7629 7631 7634
5054 8 7630 7629 7632 7633
5055 5 7629 7631 7634 7633
5056 7 7631 7634 7633 7632
5057 7 7629 7632 7633 7634
5058 8 7640 7639 7641 7644
5059 8 7640 7639 7642 7643
5060 5 7639 7641 7644 7643
5061 7 7641 7644 7643 7642
5062 7 7639 7642 7643 7644
5063 8 7650 7649 7651 7654
5064 8 7650 7649 7652 7653
5065 5 7649 7651 7654 7653
5066 7 7651 7654 7653 7652
5067 7 7649 7652 7653 7654
5068 8 7660 7659 7661 7664
5069 8 7660 7659 7662 7663
5070 5 7659 7661 7664 7663
5071 7 7661 7664 7663 7662
5072 7 7659 7662 7663 7664
5073 8 7670 7669 7671 7674
5074 8 7670 7669 7672 7673
5075 5 7669 7671 7674 7673
5076 7 7671 7674 7673 7672
5077 7 7669 7672 7673 7674
5078 8 7680 7679 7681 7684
5079 8 7680 7679 7682 7683
5080 5 7679 7681 7684 7683
5081 7 7681 7684 7683 7682
5082 7 7679 7682 7683 7684
5083 8 7690 7689 7691 7694
5084 8 7690 7689 7692 7693
5085 5 7689 7691 7694 7693
5086 7 7691 7694 7693 7692
5087 7 7689 7692 7693 7694
5088 8 7700 7699 7701 7704
5089 8 7700 7699 7702 7703
5090 5 7699 7701 7704 7703
5091 7 7701 7704 7703 7702
5092 7 7699 7702 7703 7704
5093 8 7710 7709 7711 7714
5094 8 7710 7709 7712 7713
5095 5 7709 7711 7714 7713
5096 7 7711 7714 7713 7712
5097 7 7709 7712 7713 7714
5098 8 7720 7719 7721 7724
5099 8 7720 7719 7722 7723
5100 5 7719 7721 7724 7723
5101 7 7721 7724 7723 7722
5102 7 7719 7722 7723 7724
5103 8 7730 7729 7731 7734
5104 8 7730 7729 7732 7733
5105 5 7729 7731 7734 7733
5106 7 7731 7734 7733 7732
5107 7 7729 7732 7733 7734
5108 8 7740 7739 7741 7744
5109 8 7740 7739 7742 7743
5110 5 7739 7741 7744 7743
5111 7 7741 7744 7743 7742
5112 7 7739 7742 7743 7744
5113 8 7750 7749 7751 7754
5114 8 7750 7749 7752 7753
5115 5 7749 7751 7754 7753
5116 7 7751 7754 7753 7752
5117 7 7749 7752 7753 7754
5118 8 7760 7759 7761 7764
5119 8 7760 7759 7762 7763
5120 5 7759 7761 7764 7763
5121 7 7761 7764 7763 7762
5122 7 7759 7762 7763 7764
5123 8 7770 7769 7771 7774
5124 8 7770 7769 7772 7773
5125 5 7769 7771 7774 7773
5126 7 7771 7774 7773 7772
5127 7 7769 7772 7773 7774
5128 8 7780 7779 7781 7784
5129 8 7780 7779 7782 7783
5130 5 7779 7781 7784 7783
5131 7 7781 7784 7783 7782
5132 7 7779 7782 7783 7784
5133 8 7790 7789 7791 7794
5134 8 7790 7789 7792 7793
5135 5 7789 7791 7794 7793
5136 7 7791 7794 7793 7792
5137 7 7789 7792 7793 7794
5138 8 7800 7799 7801 7804
5139 8 7800 7799 7802 7803
5140 5 7799 7801 7804 7803
5141 7 7801 7804 7803 7802
5142 7 7799 7802 7803 7804
5143 8 7810 7809 7811 7814
5144 8 7810 7809 7812 7813
5145 5 7809 7811 7814 7813
5146 7 7811 7814 7813 7812
5147 7 7809 7812 7813 7814
5148 8 7820 7819 7821 7824
5149 8 7820 7819 7822 7823
5150 5 7819 7821 7824 7823
5151 7 7821 7824 7823 7822
5152 7 7819 7822 7823 7824
5153 8 7830 7829 7831 7834
5154 8 7830 7829 7832 7833
5155 5 7829 7831 7834 7833
5156 7 7831 7834 7833 7832
5157 7 7829 7832 7833 7834
5158 8 7840 7839 7841 7844
5159 8 7840 7839 7842 7843
5160 5 7839 7841 7844 7843
5161 7 7841 7844 7843 7842
5162 7 7839 7842 7843 7844
5163 8 7850 7849 7851 7854
5164 8 7850 7849 7852 7853
5165 5 7849 7851 7854 7853
5166 7 7851 7854 7853 7852
5167 7 7849 7852 7853 7854
5168 8 7860 7859 7861 7864
5169 8 7860 7859 7862 7863
5170 5 7859 7861 7864 7863
5171 7 7861 7864 7863 7862
5172 7 7859 7862 7863 7864
5173 8 7870 7869 7871 7874
5174 8 7870 7869 7872 7873
5175 5 7869 7871 7874 7873
5176 7 7871 7874 7873 7872
5177 7 7869 7872 7873 7874
5178 8 7880 7879 7881 7884
5179 8 7880 7879 7882 7883
5180 5 7879 7881 7884 7883
5181 7 7881 7884 7883 7882
5182 7 7879 7882 7883 7884
5183 8 7890 7889 7891 7894
5184 8 7890 7889 7892 7893
5185 5 7889 7891 7894 7893
5186 7 7891 7894 7893 7892
5187 7 7889 7892 7893 7894
5188 8 7900 7899 7901 7904
5189 8 7900 7899 7902 7903
5190 5 7899 7901 7904 7903
5191 7 7901 7904 7903 7902
5192 7 7899 7902 7903 7904
5193 8 7910 7909 7911 7914
5194 8 7910 7909 7912 7913
5195 5 7909 7911 7914 7913
5196 7 7911 7914 7913 7912
5197 7 7909 7912 7913 7914
5198 8 7920 7919 7921 7924
5199 8 7920 7919 7922 7923
5200 5 7919 7921 7924 7923
5201 7 7921 7924 7923 7922
5202 7 7919 7922 7923 7924
5203 8 7930 7929 7931 7934
5204 8 7930 7929 7932 7933
5205 5 7929 7931 7934 7933
5206 7 7931 7934 7933 7932
5207 7 7929 7932 7933 7934
5208 8 7940 7939 7941 7944
5209 8 7940 7939 7942 7943
5210 5 7939 7941 7944 7943
5211 7 7941 7944 7943 7942
5212 7 7939 7942 7943 7944
5213 8 7950 7949 7951 7954
5214 8 7950 7949 7952 7953
5215 5 7949 7951 7954 7953
5216 7 7951 7954 7953 7952
5217 7 7949 7952 7953 7954
5218 8 7960 7959 7961 7964
5219 8 7960 7959 7962 7963
5220 5 7959 7961 7964 7963
5221 7 7961 7964 7963 7962
5222 7 7959 7962 7963 7964
5223 8 7970 7969 7971 7974
5224 8 7970 7969 7972 7973
5225 5 7969 7971 7974 7973
5226 7 7971 7974 7973 7972
5227 7 7969 7972 7973 7974
5228 8 7980 7979 7981 7984
5229 8 7980 7979 7982 7983
5230 5 7979 7981 7984 7983
5231 7 7981 7984 7983 7982
5232 7 7979 7982 7983 7984
5233 8 7990 7989 7991 7994
5234 8 7990 7989 7992 7993
5235 5 7989 7991 7994 7993
5236 7 7991 7994 7993 7992
5237 7 7989 7992 7993 7994
5238 8 8000 7999 8001 8004
5239 8 8000 7999 8002 8003
5240 5 7999 8001 8004 8003
5241 7 8001 8004 8003 8002
5242 7 7999 8002 8003 8004
5243 8 8010 8009 8011 8014
5244 8 8010 8009 8012 8013
5245 5 8009 8011 8014 8013
5246 7 8011 8014 8013 8012
5247 7 8009 8012 8013 8014
5248 8 8020 8019 8021 8024
5249 8 8020 8019 8022 8023
5250 5 8019 8021 8024 8023
5251 7 8021 8024 8023 8022
5252 7 8019 8022 8023 8024
5253 8 8030 8029 8031 8034
5254 8 8030 8029 8032 8033
5255 5 8029 8031 8034 8033
5256 7 8031 8034 8033 8032
5257 7 8029 8032 8033 8034
5258 8 8040 8039 8041 8044
5259 8 8040 8039 8042 8043
5260 5 8039 8041 8044 8043
5261 7 8041 8044 8043 8042
5262 7 8039 8042 8043 8044
5263 8 8050 8049 8051 8054
5264 8 8050 8049 8052 8053
5265 5 8049 8051 8054 8053
5266 7 8051 8054 8053 8052
5267 7 8049 8052 8053 8054
5268 8 8060 8059 8061 8064
5269 8 8060 8059 8062 8063
5270 5 8059 8061 8064 8063
5271 7 8061 8064 8063 8062
5272 7 8059 8062 8063 8064
5273 8 8070 8069 8071 8074
5274 8 8070 8069 8072 8073
5275 5 8069 8071 8074 8073
5276 7 8071 8074 8073 8072
5277 7 8069 8072 8073 8074
5278 8 8080 8079 8081 8084
5279 8 8080 8079 8082 8083
5280 5 8079 8081 8084 8083
5281 7 8081 8084 8083 8082
5282 7 8079 8082 8083 8084
5283 8 8090 8089 8091 8094
5284 8 8090 8089 8092 8093
5285 5 8089 8091 8094 8093
5286 7 8091 8094 8093 8092
5287 7 8089 8092 8093 8094
5288 8 8100 8099 8101 8104
5289 8 8100 8099 8102 8103
5290 5 8099 8101 8104 8103
5291 7 8101 8104 8103 8102
5292 7 8099 8102 8103 8104
5293 8 8110 8109 8111 8114
5294 8 8110 8109 8112 8113
5295 5 8109 8111 8114 8113
5296 7 8111 8114 8113 8112
5297 7 8109 8112 8113 8114
5298 8 8120 8119 8121 8124
5299 8 8120 8119 8122 8123
5300 5 8119 8121 8124 8123
5301 7 8121 8124 8123 8122
5302 7 8119 8122 8123 8124
5303 8 8130 8129 8131 8134
5304 8 8130 8129 8132 8133
5305 5 8129 8131 8134 8133
5306 7 8131 8134 8133 8132
5307 7 8129 8132 8133 8134
5308 8 8140 8139 8141 8144
5309 8 8140 8139 8142 8143
5310 5 8139 8141 8144 8143
5311 7 8141 8144 8143 8142
5312 7 8139 8142 8143 8144
5313 8 8150 8149 8151 8154
5314 8 8150 8149 8152 8153
5315 5 8149 8151 8154 8153
5316 7 8151 8154 8153 8152
5317 7 8149 8152 8153 8154
5318 8 8160 8159 8161 8164
5319 8 8160 8159 8162 8163
5320 5 8159 8161 8164 8163
5321 7 8161 8164 8163 8162
5322 7 8159 8162 8163 8164
5323 8 8170 8169 8171 8174
5324 8 8170 8169 8172 8173
5325 5 8169 8171 8174 8173
5326 7 8171 8174 8173 8172
5327 7 8169 8172 8173 8174
5328 8 8180 8179 8181 8184
5329 8 8180 8179 8182 8183
5330 5 8179 8181 8184 8183
5331 7 8181 8184 8183 8182
5332 7 8179 8182 8183 8184
5333 8 8190 8189 8191 8194
5334 8 8190 8189 8192 8193
5335 5 8189 8191 8194 8193
5336 7 8191 8194 8193 8192
5337 7 8189 8192 8193 8194
5338 8 8200 8199 8201 8204
5339 8 8200 8199 8202 8203
5340 5 8199 8201 8204 8203
5341 7 8201 8204 8203 8202
5342 7 8199 8202 8203 8204
5343 8 8210 8209 8211 8214
5344 8 8210 8209 8212 8213
5345 5 8209 8211 8214 8213
5346 7 8211 8214 8213 8212
5347 7 8209 8212 8213 8214
5348 8 8220 8219 8221 8224
5349 8 8220 8219 8222 8223
5350 5 8219 8221 8224 8223
5351 7 8221 8224 8223 8222
5352 7 8219 8222 8223 8224
5353 8 8230 8229 8231 8234
5354 8 8230 8229 8232 8233
5355 5 8229 8231 8234 8233
5356 7 8231 8234 8233 8232
5357 7 8229 8232 8233 8234
5358 8 8240 8239 8241 8244
5359 8 8240 8239 8242 8243
5360 5 8239 8241 8244 8243
5361 7 8241 8244 8243 8242
5362 7 8239 8242 8243 8244
5363 8 8250 8249 8251 8254
5364 8 8250 8249 8252 8253
5365 5 8249 8251 8254 8253
5366 7 8251 8254 8253 8252
5367 7 8249 8252 8253 8254
5368 8 8260 8259 8261 8264
5369 8 8260 8259 8262 8263
5370 5 8259 8261 8264 8263
5371 7 8261 8264 8263 8262
5372 7 8259 8262 8263 8264
5373 8 8270 8269 8271 8274
5374 8 8270 8269 8272 8273
5375 5 8269 8271 8274 8273
5376 7 8271 8274 8273 8272
5377 7 8269 8272 8273 8274
5378 8 8280 8279 8281 8284
5379 8 8280 8279 8282 8283
5380 5 8279 8281 8284 8283
5381 7 8281 8284 8283 8282
5382 7 8279 8282 8283 8284
5383 8 8290 8289 8291 8294
5384 8 8290 8289 8292 8293
5385 5 8289 8291 8294 8293
5386 7 8291 8294 8293 8292
5387 7 8289 8292 8293 8294
5388 8 8300 8299 8301 8304
5389 8 8300 8299 8302 8303
5390 5 8299 8301 8304 8303
5391 7 8301 8304 8303 8302
5392 7 8299 8302 8303 8304
5393 8 8310 8309 8311 8314
5394 8 8310 8309 8312 8313
5395 5 8309 8311 8314 8313
5396 7 8311 8314 8313 8312
5397 7 8309 8312 8313 8314
5398 8 8320 8319 8321 8324
5399 8 8320 8319 8322 8323
5400 5 8319 8321 8324 8323
5401 7 8321 8324 8323 8322
5402 7 8319 8322 8323 8324
5403 8 8330 8329 8331 8334
5404 8 8330 8329 8332 8333
5405 5 8329 8331 8334 8333
5406 7 8331 8334 8333 8332
5407 7 8329 8332 8333 8334
5408 8 8340 8339 8341 8344
5409 8 8340 8339 8342 8343
5410 5 8339 8341 8344 8343
5411 7 8341 8344 8343 8342
5412 7 8339 8342 8343 8344
5413 8 8350 8349 8351 8354
5414 8 8350 8349 8352 8353
5415 5 8349 8351 8354 8353
5416 7 8351 8354 8353 8352
5417 7 8349 8352 8353 8354
5418 8 8360 8359 8361 8364
5419 8 8360 8359 8362 8363
5420 5 8359 8361 8364 8363
5421 7 8361 8364 8363 8362
5422 7 8359 8362 8363 8364
5423 8 8370 8369 8371 8374
5424 8 8370 8369 8372 8373
5425 5 8369 8371 8374 8373
5426 7 8371 8374 8373 8372
5427 7 8369 8372 8373 8374
5428 8 8380 8379 8381 8384
5429 8 8380 8379 8382 8383
5430 5 8379 8381 8384 8383
5431 7 8381 8384 8383 8382
5432 7 8379 8382 8383 8384
5433 8 8390 8389 8391 8394
5434 8 8390 8389 8392 8393
5435 5 8389 8391 8394 8393
5436 7 8391 8394 8393 8392
5437 7 8389 8392 8393 8394
5438 8 8400 8399 8401 8404
5439 8 8400 8399 8402 8403
5440 5 8399 8401 8404 8403
5441 7 8401 8404 8403 8402
5442 7 8399 8402 8403 8404
5443 8 8410 8409 8411 8414
5444 8 8410 8409 8412 8413
5445 5 8409 8411 8414 8413
5446 7 8411 8414 8413 8412
5447 7 8409 8412 8413 8414
5448 8 8420 8419 8421 8424
5449 8 8420 8419 8422 8423
5450 5 8419 8421 8424 8423
5451 7 8421 8424 8423 8422
5452 7 8419 8422 8423 8424
5453 8 8430 8429 8431 8434
5454 8 8430 8429 8432 8433
5455 5 8429 8431 8434 8433
5456 7 8431 8434 8433 8432
5457 7 8429 8432 8433 8434
5458 8 8440 8439 8441 8444
5459 8 8440 8439 8442 8443
5460 5 8439 8441 8444 8443
5461 7 8441 8444 8443 8442
5462 7 8439 8442 8443 8444
5463 8 8450 8449 8451 8454
5464 8 8450 8449 8452 8453
5465 5 8449 8451 8454 8453
5466 7 8451 8454 8453 8452
5467 7 8449 8452 8453 8454
5468 8 8460 8459 8461 8464
5469 8 8460 8459 8462 8463
5470 5 8459 8461 8464 8463
5471 7 8461 8464 8463 8462
5472 7 8459 8462 8463 8464
5473 8 8470 8469 8471 8474
5474 8 8470 8469 8472 8473
5475 5 8469 8471 8474 8473
5476 7 8471 8474 8473 8472
5477 7 8469 8472 8473 8474
5478 8 8480 8479 8481 8484
5479 8 8480 8479 8482 8483
5480 5 8479 8481 8484 8483
5481 7 8481 8484 8483 8482
5482 7 8479 8482 8483 8484
5483 8 8490 8489 8491 8494
5484 8 8490 8489 8492 8493
5485 5 8489 8491 8494 8493
5486 7 8491 8494 8493 8492
5487 7 8489 8492 8493 8494
5488 8 8500 8499 8501 8504
5489 8 8500 8499 8502 8503
5490 5 8499 8501 8504 8503
5491 7 8501 8504 8503 8502
5492 7 8499 8502 8503 8504
5493 8 8510 8509 8511 8514
5494 8 8510 8509 8512 8513
5495 5 8509 8511 8514 8513
5496 7 8511 8514 8513 8512
5497 7 8509 8512 8513 8514
5498 8 8520 8519 8521 8524
5499 8 8520 8519 8522 8523
5500 5 8519 8521 8524 8523
5501 7 8521 8524 8523 8522
5502 7 8519 8522 8523 8524
5503 8 8530 8529 8531 8534
5504 8 8530 8529 8532 8533
5505 5 8529 8531 8534 8533
5506 7 8531 8534 8533 8532
5507 7 8529 8532 8533 8534
5508 8 8540 8539 8541 8544
5509 8 8540 8539 8542 8543
5510 5 8539 8541 8544 8543
5511 7 8541 8544 8543 8542
5512 7 8539 8542 8543 8544
5513 8 8550 8549 8551 8554
5514 8 8550 8549 8552 8553
5515 5 8549 8551 8554 8553
5516 7 8551 8554 8553 8552
5517 7 8549 8552 8553 8554
5518 8 8560 8559 8561 8564
5519 8 8560 8559 8562 8563
5520 5 8559 8561 8564 8563
5521 7 8561 8564 8563 8562
5522 7 8559 8562 8563 8564
5523 8 8570 8569 8571 8574
5524 8 8570 8569 8572 8573
5525 5 8569 8571 8574 8573
5526 7 8571 8574 8573 8572
5527 7 8569 8572 8573 8574
5528 8 8580 8579 8581 8584
5529 8 8580 8579 8582 8583
5530 5 8579 8581 8584 8583
5531 7 8581 8584 8583 8582
5532 7 8579 8582 8583 8584
5533 8 8590 8589 8591 8594
5534 8 8590 8589 8592 8593
5535 5 8589 8591 8594 8593
5536 7 8591 8594 8593 8592
5537 7 8589 8592 8593 8594
5538 8 8600 8599 8601 8604
5539 8 8600 8599 8602 8603
5540 5 8599 8601 8604 8603
5541 7 8601 8604 8603 8602
5542 7 8599 8602 8603 8604
5543 8 8610 8609 8611 8614
5544 8 8610 8609 8612 8613
5545 5 8609 8611 8614 8613
5546 7 8611 8614 8613 8612
5547 7 8609 8612 8613 8614
5548 8 8620 8619 8621 8624
5549 8 8620 8619 8622 8623
5550 5 8619 8621 8624 8623
5551 7 8621 8624 8623 8622
5552 7 8619 8622 8623 8624
5553 8 8630 8629 8631 8634
5554 8 8630 8629 8632 8633
5555 5 8629 8631 8634 8633
5556 7 8631 8634 8633 8632
5557 7 8629 8632 8633 8634
5558 8 8640 8639 8641 8644
5559 8 8640 8639 8642 8643
5560 5 8639 8641 8644 8643
5561 7 8641 8644 8643 8642
5562 7 8639 8642 8643 8644
5563 8 8650 8649 8651 8654
5564 8 8650 8649 8652 8653
5565 5 8649 8651 8654 8653
5566 7 8651 8654 8653 8652
5567 7 8649 8652 8653 8654
5568 8 8660 8659 8661 8664
5569 8 8660 8659 8662 8663
5570 5 8659 8661 8664 8663
5571 7 8661 8664 8663 8662
5572 7 8659 8662 8663 8664
5573 8 8670 8669 8671 8674
5574 8 8670 8669 8672 8673
5575 5 8669 8671 8674 8673
5576 7 8671 8674 8673 8672
5577 7 8669 8672 8673 8674
5578 8 8680 8679 8681 8684
5579 8 8680 8679 8682 8683
5580 5 8679 8681 8684 8683
5581 7 8681 8684 8683 8682
5582 7 8679 8682 8683 8684
5583 8 8690 8689 8691 8694
5584 8 8690 8689 8692 8693
5585 5 8689 8691 8694 8693
5586 7 8691 8694 8693 8692
5587 7 8689 8692 8693 8694
5588 8 8700 8699 8701 8704
5589 8 8700 8699 8702 8703
5590 5 8699 8701 8704 8703
5591 7 8701 8704 8703 8702
5592 7 8699 8702 8703 8704
5593 8 8710 8709 8711 8714
5594 8 8710 8709 8712 8713
5595 5 8709 8711 8714 8713
5596 7 8711 8714 8713 8712
5597 7 8709 8712 8713 8714
5598 8 8720 8719 8721 8724
5599 8 8720 8719 8722 8723
5600 5 8719 8721 8724 8723
5601 7 8721 8724 8723 8722
5602 7 8719 8722 8723 8724
5603 8 8730 8729 8731 8734
5604 8 8730 8729 8732 8733
5605 5 8729 8731 8734 8733
5606 7 8731 8734 8733 8732
5607 7 8729 8732 8733 8734
5608 8 8740 8739 8741 8744
5609 8 8740 8739 8742 8743
5610 5 8739 8741 8744 8743
5611 7 8741 8744 8743 8742
5612 7 8739 8742 8743 8744
5613 8 8750 8749 8751 8754
5614 8 8750 8749 8752 8753
5615 5 8749 8751 8754 8753
5616 7 8751 8754 8753 8752
5617 7 8749 8752 8753 8754
5618 8 8760 8759 8761 8764
5619 8 8760 8759 8762 8763
5620 5 8759 8761 8764 8763
5621 7 8761 8764 8763 8762
5622 7 8759 8762 8763 8764
5623 8 8770 8769 8771 8774
5624 8 8770 8769 8772 8773
5625 5 8769 8771 8774 8773
5626 7 8771 8774 8773 8772
5627 7 8769 8772 8773 8774
5628 8 8780 8779 8781 8784
5629 8 8780 8779 8782 8783
5630 5 8779 8781 8784 8783
5631 7 8781 8784 8783 8782
5632 7 8779 8782 8783 8784
5633 8 8790 8789 8791 8794
5634 8 8790 8789 8792 8793
5635 5 8789 8791 8794 8793
5636 7 8791 8794 8793 8792
5637 7 8789 8792 8793 8794
5638 8 8800 8799 8801 8804
5639 8 8800 8799 8802 8803
5640 5 8799 8801 8804 8803
5641 7 8801 8804 8803 8802
5642 7 8799 8802 8803 8804
5643 8 8810 8809 8811 8814
5644 8 8810 8809 8812 8813
5645 5 8809 8811 8814 8813
5646 7 8811 8814 8813 8812
5647 7 8809 8812 8813 8814
5648 8 8820 8819 8821 8824
5649 8 8820 8819 8822 8823
5650 5 8819 8821 8824 8823
5651 7 8821 8824 8823 8822
5652 7 8819 8822 8823 8824
5653 8 8830 8829 8831 8834
5654 8 8830 8829 8832 8833
5655 5 8829 8831 8834 8833
5656 7 8831 8834 8833 8832
5657 7 8829 8832 8833 8834
5658 8 8840 8839 8841 8844
5659 8 8840 8839 8842 8843
5660 5 8839 8841 8844 8843
5661 7 8841 8844 8843 8842
5662 7 8839 8842 8843 8844
5663 8 8850 8849 8851 8854
5664 8 8850 8849 8852 8853
5665 5 8849 8851 8854 8853
5666 7 8851 8854 8853 8852
5667 7 8849 8852 8853 8854
5668 8 8860 8859 8861 8864
5669 8 8860 8859 8862 8863
5670 5 8859 8861 8864 8863
5671 7 8861 8864 8863 8862
5672 7 8859 8862 8863 8864
5673 8 8870 8869 8871 8874
5674 8 8870 8869 8872 8873
5675 5 8869 8871 8874 8873
5676 7 8871 8874 8873 8872
5677 7 8869 8872 8873 8874
5678 8 8880 8879 8881 8884
5679 8 8880 8879 8882 8883
5680 5 8879 8881 8884 8883
5681 7 8881 8884 8883 8882
5682 7 8879 8882 8883 8884
5683 8 8890 8889 8891 8894
5684 8 8890 8889 8892 8893
5685 5 8889 8891 8894 8893
5686 7 8891 8894 8893 8892
5687 7 8889 8892 8893 8894
5688 8 8900 8899 8901 8904
5689 8 8900 8899 8902 8903
5690 5 8899 8901 8904 8903
5691 7 8901 8904 8903 8902
5692 7 8899 8902 8903 8904
5693 8 8910 8909 8911 8914
5694 8 8910 8909 8912 8913
5695 5 8909 8911 8914 8913
5696 7 8911 8914 8913 8912
5697 7 8909 8912 8913 8914
5698 8 8920 8919 8921 8924
5699 8 8920 8919 8922 8923
5700 5 8919 8921 8924 8923
5701 7 8921 8924 8923 8922
5702 7 8919 8922 8923 8924
5703 8 8930 8929 8931 8934
5704 8 8930 8929 8932 8933
5705 5 8929 8931 8934 8933
5706 7 8931 8934 8933 8932
5707 7 8929 8932 8933 8934
5708 8 8940 8939 8941 8944
5709 8 8940 8939 8942 8943
5710 5 8939 8941 8944 8943
5711 7 8941 8944 8943 8942
5712 7 8939 8942 8943 8944
5713 8 8950 8949 8951 8954
5714 8 8950 8949 8952 8953
5715 5 8949 8951 8954 8953
5716 7 8951 8954 8953 8952
5717 7 8949 8952 8953 8954
5718 8 8960 8959 8961 8964
5719 8 8960 8959 8962 8963
5720 5 8959 8961 8964 8963
5721 7 8961 8964 8963 8962
5722 7 8959 8962 8963 8964
5723 8 8970 8969 8971 8974
5724 8 8970 8969 8972 8973
5725 5 8969 8971 8974 8973
5726 7 8971 8974 8973 8972
5727 7 8969 8972 8973 8974
5728 8 8980 8979 8981 8984
5729 8 8980 8979 8982 8983
5730 5 8979 8981 8984 8983
5731 7 8981 8984 8983 8982
5732 7 8979 8982 8983 8984
5733 8 8990 8989 8991 8994
5734 8 8990 8989 8992 8993
5735 5 8989 8991 8994 8993
5736 7 8991 8994 8993 8992
5737 7 8989 8992 8993 8994
5738 8 9000 8999 9001 9004
5739 8 9000 8999 9002 9003
5740 5 8999 9001 9004 9003
5741 7 9001 9004 9003 9002
5742 7 8999 9002 9003 9004
5743 8 9010 9009 9011 9014
5744 8 9010 9009 9012 9013
5745 5 9009 9011 9014 9013
5746 7 9011 9014 9013 9012
5747 7 9009 9012 9013 9014
5748 8 9020 9019 9021 9024
5749 8 9020 9019 9022 9023
5750 5 9019 9021 9024 9023
5751 7 9021 9024 9023 9022
5752 7 9019 9022 9023 9024
5753 8 9030 9029 9031 9034
5754 8 9030 9029 9032 9033
5755 5 9029 9031 9034 9033
5756 7 9031 9034 9033 9032
5757 7 9029 9032 9033 9034
5758 8 9040 9039 9041 9044
5759 8 9040 9039 9042 9043
5760 5 9039 9041 9044 9043
5761 7 9041 9044 9043 9042
5762 7 9039 9042 9043 9044
5763 8 9050 9049 9051 9054
5764 8 9050 9049 9052 9053
5765 5 9049 9051 9054 9053
5766 7 9051 9054 9053 9052
5767 7 9049 9052 9053 9054
5768 8 9060 9059 9061 9064
5769 8 9060 9059 9062 9063
5770 5 9059 9061 9064 9063
5771 7 9061 9064 9063 9062
5772 7 9059 9062 9063 9064
5773 8 9070 9069 9071 9074
5774 8 9070 9069 9072 9073
5775 5 9069 9071 9074 9073
5776 7 9071 9074 9073 9072
5777 7 9069 9072 9073 9074
5778 8 9080 9079 9081 9084
5779 8 9080 9079 9082 9083
5780 5 9079 9081 9084 9083
5781 7 9081 9084 9083 9082
5782 7 9079 9082 9083 9084
5783 8 9090 9089 9091 9094
5784 8 9090 9089 9092 9093
5785 5 9089 9091 9094 9093
5786 7 9091 9094 9093 9092
5787 7 9089 9092 9093 9094
5788 8 9100 9099 9101 9104
5789 8 9100 9099 9102 9103
5790 5 9099 9101 9104 9103
5791 7 9101 9104 9103 9102
5792 7 9099 9102 9103 9104
5793 8 9110 9109 9111 9114
5794 8 9110 9109 9112 9113
5795 5 9109 9111 9114 9113
5796 7 9111 9114 9113 9112
5797 7 9109 9112 9113 9114
5798 8 9120 9119 9121 9124
5799 8 9120 9119 9122 9123
5800 5 9119 9121 9124 9123
5801 7 9121 9124 9123 9122
5802 7 9119 9122 9123 9124
5803 8 9130 9129 9131 9134
5804 8 9130 9129 9132 9133
5805 5 9129 9131 9134 9133
5806 7 9131 9134 9133 9132
5807 7 9129 9132 9133 9134
5808 8 9140 9139 9141 9144
5809 8 9140 9139 9142 9143
5810 5 9139 9141 9144 9143
5811 7 9141 9144 9143 9142
5812 7 9139 9142 9143 9144
5813 8 9150 9149 9151 9154
5814 8 9150 9149 9152 9153
5815 5 9149 9151 9154 9153
5816 7 9151 9154 9153 9152
5817 7 9149 9152 9153 9154
5818 8 9160 9159 9161 9164
5819 8 9160 9159 9162 9163
5820 5 9159 9161 9164 9163
5821 7 9161 9164 9163 9162
5822 7 9159 9162 9163 9164
5823 8 9170 9169 9171 9174
5824 8 9170 9169 9172 9173
5825 5 9169 9171 9174 9173
5826 7 9171 9174 9173 9172
5827 7 9169 9172 9173 9174
5828 8 9180 9179 9181 9184
5829 8 9180 9179 9182 9183
5830 5 9179 9181 9184 9183
5831 7 9181 9184 9183 9182
5832 7 9179 9182 9183 9184
5833 8 9190 9189 9191 9194
5834 8 9190 9189 9192 9193
5835 5 9189 9191 9194 9193
5836 7 9191 9194 9193 9192
5837 7 9189 9192 9193 9194
5838 8 9200 9199 9201 9204
5839 8 9200 9199 9202 9203
5840 5 9199 9201 9204 9203
5841 7 9201 9204 9203 9202
5842 7 9199 9202 9203 9204
5843 8 9210 9209 9211 9214
5844 8 9210 9209 9212 9213
5845 5 9209 9211 9214 9213
5846 7 9211 9214 9213 9212
5847 7 9209 9212 9213 9214
5848 8 9220 9219 9221 9224
5849 8 9220 9219 9222 9223
5850 5 9219 9221 9224 9223
5851 7 9221 9224 9223 9222
5852 7 9219 9222 9223 9224
5853 8 9230 9229 9231 9234
5854 8 9230 9229 9232 9233
5855 5 9229 9231 9234 9233
5856 7 9231 9234 9233 9232
5857 7 9229 9232 9233 9234
5858 8 9240 9239 9241 9244
5859 8 9240 9239 9242 9243
5860 5 9239 9241 9244 9243
5861 7 9241 9244 9243 9242
5862 7 9239 9242 9243 9244
5863 8 9250 9249 9251 9254
5864 8 9250 9249 9252 9253
5865 5 9249 9251 9254 9253
5866 7 9251 9254 9253 9252
5867 7 9249 9252 9253 9254
5868 8 9260 9259 9261 9264
5869 8 9260 9259 9262 9263
5870 5 9259 9261 9264 9263
5871 7 9261 9264 9263 9262
5872 7 9259 9262 9263 9264
5873 8 9270 9269 9271 9274
5874 8 9270 9269 9272 9273
5875 5 9269 9271 9274 9273
5876 7 9271 9274 9273 9272
5877 7 9269 9272 9273 9274
5878 8 9280 9279 9281 9284
5879 8 9280 9279 9282 9283
5880 5 9279 9281 9284 9283
5881 7 9281 9284 9283 9282
5882 7 9279 9282 9283 9284
5883 8 9290 9289 9291 9294
5884 8 9290 9289 9292 9293
5885 5 9289 9291 9294 9293
5886 7 9291 9294 9293 9292
5887 7 9289 9292 9293 9294
5888 8 9300 9299 9301 9304
5889 8 9300 9299 9302 9303
5890 5 9299 9301 9304 9303
5891 7 9301 9304 9303 9302
5892 7 9299 9302 9303 9304
5893 8 9310 9309 9311 9314
5894 8 9310 9309 9312 9313
5895 5 9309 9311 9314 9313
5896 7 9311 9314 9313 9312
5897 7 9309 9312 9313 9314
5898 8 9320 9319 9321 9324
5899 8 9320 9319 9322 9323
5900 5 9319 9321 9324 9323
5901 7 9321 9324 9323 9322
5902 7 9319 9322 9323 9324
5903 8 9330 9329 9331 9334
5904 8 9330 9329 9332 9333
5905 5 9329 9331 9334 9333
5906 7 9331 9334 9333 9332
5907 7 9329 9332 9333 9334
5908 8 9340 9339 9341 9344
5909 8 9340 9339 9342 9343
5910 5 9339 9341 9344 9343
5911 7 9341 9344 9343 9342
5912 7 9339 9342 9343 9344
5913 8 9350 9349 9351 9354
5914 8 9350 9349 9352 9353
5915 5 9349 9351 9354 9353
5916 7 9351 9354 9353 9352
5917 7 9349 9352 9353 9354
5918 8 9360 9359 9361 9364
5919 8 9360 9359 9362 9363
5920 5 9359 9361 9364 9363
5921 7 9361 9364 9363 9362
5922 7 9359 9362 9363 9364
5923 8 9370 9369 9371 9374
5924 8 9370 9369 9372 9373
5925 5 9369 9371 9374 9373
5926 7 9371 9374 9373 9372
5927 7 9369 9372 9373 9374
5928 8 9380 9379 9381 9384
5929 8 9380 9379 9382 9383
5930 5 9379 9381 9384 9383
5931 7 9381 9384 9383 9382
5932 7 9379 9382 9383 9384
5933 8 9390 9389 9391 9394
5934 8 9390 9389 9392 9393
5935 5 9389 9391 9394 9393
5936 7 9391 9394 9393 9392
5937 7 9389 9392 9393 9394
5938 8 9400 9399 9401 9404
5939 8 9400 9399 9402 9403
5940 5 9399 9401 9404 9403
5941 7 9401 9404 9403 9402
5942 7 9399 9402 9403 9404
5943 8 9410 9409 9411 9414
5944 8 9410 9409 9412 9413
5945 5 9409 9411 9414 9413
5946 7 9411 9414 9413 9412
5947 7 9409 9412 9413 9414
5948 8 9420 9419 9421 9424
5949 8 9420 9419 9422 9423
5950 5 9419 9421 9424 9423
5951 7 9421 9424 9423 9422
5952 7 9419 9422 9423 9424
5953 8 9430 9429 9431 9434
5954 8 9430 9429 9432 9433
5955 5 9429 9431 9434 9433
5956 7 9431 9434 9433 9432
5957 7 9429 9432 9433 9434
5958 8 9440 9439 9441 9444
5959 8 9440 9439 9442 9443
5960 5 9439 9441 9444 9443
5961 7 9441 9444 9443 9442
5962 7 9439 9442 9443 9444
5963 8 9450 9449 9451 9454
5964 8 9450 9449 9452 9453
5965 5 9449 9451 9454 9453
5966 7 9451 9454 9453 9452
5967 7 9449 9452 9453 9454
5968 8 9460 9459 9461 9464
5969 8 9460 9459 9462 9463
5970 5 9459 9461 9464 9463
5971 7 9461 9464 9463 9462
5972 7 9459 9462 9463 9464
5973 8 9470 9469 9471 9474
5974 8 9470 9469 9472 9473
5975 5 9469 9471 9474 9473
5976 7 9471 9474 9473 9472
5977 7 9469 9472 9473 9474
5978 8 9480 9479 9481 9484
5979 8 9480 9479 9482 9483
5980 5 9479 9481 9484 9483
5981 7 9481 9484 9483 9482
5982 7 9479 9482 9483 9484
5983 8 9490 9489 9491 9494
5984 8 9490 9489 9492 9493
5985 5 9489 9491 9494 9493
5986 7 9491 9494 9493 9492
5987 7 9489 9492 9493 9494
5988 8 9500 9499 9501 9504
5989 8 9500 9499 9502 9503
5990 5 9499 9501 9504 9503
5991 7 9501 9504 9503 9502
5992 7 9499 9502 9503 9504
5993 8 9510 9509 9511 9514
5994 8 9510 9509 9512 9513
5995 5 9509 9511 9514 9513
5996 7 9511 9514 9513 9512
5997 7 9509 9512 9513 9514
5998 8 9520 9519 9521 9524
5999 8 9520 9519 9522 9523
6000 5 9519 9521 9524 9523
6001 7 9521 9524 9523 9522
6002 7 9519 9522 9523 9524
6003 8 9530 9529 9531 9534
6004 8 9530 9529 9532 9533
6005 5 9529 9531 9534 9533
6006 7 9531 9534 9533 9532
6007 7 9529 9532 9533 9534
6008 8 9540 9539 9541 9544
6009 8 9540 9539 9542 9543
6010 5 9539 9541 9544 9543
6011 7 9541 9544 9543 9542
6012 7 9539 9542 9543 9544
6013 8 9550 9549 9551 9554
6014 8 9550 9549 9552 9553
6015 5 9549 9551 9554 9553
6016 7 9551 9554 9553 9552
6017 7 9549 9552 9553 9554
6018 8 9560 9559 9561 9564
6019 8 9560 9559 9562 9563
6020 5 9559 9561 9564 9563
6021 7 9561 9564 9563 9562
6022 7 9559 9562 9563 9564
6023 8 9570 9569 9571 9574
6024 8 9570 9569 9572 9573
6025 5 9569 9571 9574 9573
6026 7 9571 9574 9573 9572
6027 7 9569 9572 9573 9574
6028 8 9580 9579 9581 9584
6029 8 9580 9579 9582 9583
6030 5 9579 9581 9584 9583
6031 7 9581 9584 9583 9582
6032 7 9579 9582 9583 9584
6033 8 9590 9589 9591 9594
6034 8 9590 9589 9592 9593
6035 5 9589 9591 9594 9593
6036 7 9591 9594 9593 9592
6037 7 9589 9592 9593 9594
6038 8 9600 9599 9601 9604
6039 8 9600 9599 9602 9603
6040 5 9599 9601 9604 9603
6041 7 9601 9604 9603 9602
6042 7 9599 9602 9603 9604
6043 8 9610 9609 9611 9614
6044 8 9610 9609 9612 9613
6045 5 9609 9611 9614 9613
6046 7 9611 9614 9613 9612
6047 7 9609 9612 9613 9614
6048 8 9620 9619 9621 9624
6049 8 9620 9619 9622 9623
6050 5 9619 9621 9624 9623
6051 7 9621 9624 9623 9622
6052 7 9619 9622 9623 9624
6053 8 9630 9629 9631 9634
6054 8 9630 9629 9632 9633
6055 5 9629 9631 9634 9633
6056 7 9631 9634 9633 9632
6057 7 9629 9632 9633 9634
6058 8 9640 9639 9641 9644
6059 8 9640 9639 9642 9643
6060 5 9639 9641 9644 9643
6061 7 9641 9644 9643 9642
6062 7 9639 9642 9643 9644
6063 8 9650 9649 9651 9654
6064 8 9650 9649 9652 9653
6065 5 9649 9651 9654 9653
6066 7 9651 9654 9653 9652
6067 7 9649 9652 9653 9654
6068 8 9660 9659 9661 9664
6069 8 9660 9659 9662 9663
6070 5 9659 9661 9664 9663
6071 7 9661 9664 9663 9662
6072 7 9659 9662 9663 9664
6073 8 9670 9669 9671 9674
6074 8 9670 9669 9672 9673
6075 5 9669 9671 9674 9673
6076 7 9671 9674 9673 9672
6077 7 9669 9672 9673 9674
6078 8 9680 9679 9681 9684
6079 8 9680 9679 9682 9683
6080 5 9679 9681 9684 9683
6081 7 9681 9684 9683 9682
6082 7 9679 9682 9683 9684
6083 8 9690 9689 9691 9694
6084 8 9690 9689 9692 9693
6085 5 9689 9691 9694 9693
6086 7 9691 9694 9693 9692
6087 7 9689 9692 9693 9694
6088 8 9700 9699 9701 9704
6089 8 9700 9699 9702 9703
6090 5 9699 9701 9704 9703
6091 7 9701 9704 9703 9702
6092 7 9699 9702 9703 9704
6093 8 9710 9709 9711 9714
6094 8 9710 9709 9712 9713
6095 5 9709 9711 9714 9713
6096 7 9711 9714 9713 9712
6097 7 9709 9712 9713 9714
6098 8 9720 9719 9721 9724
6099 8 9720 9719 9722 9723
6100 5 9719 9721 9724 9723
6101 7 9721 9724 9723 9722
6102 7 9719 9722 9723 9724
6103 8 9730 9729 9731 9734
6104 8 9730 9729 9732 9733
6105 5 9729 9731 9734 9733
6106 7 9731 9734 9733 9732
6107 7 9729 9732 9733 9734
6108 8 9740 9739 9741 9744
6109 8 9740 9739 9742 9743
6110 5 9739 9741 9744 9743
6111 7 9741 9744 9743 9742
6112 7 9739 9742 9743 9744
6113 8 9750 9749 9751 9754
6114 8 9750 9749 9752 9753
6115 5 9749 9751 9754 9753
6116 7 9751 9754 9753 9752
6117 7 9749 9752 9753 9754
6118 8 9760 9759 9761 9764
6119 8 9760 9759 9762 9763
6120 5 9759 9761 9764 9763
6121 7 9761 9764 9763 9762
6122 7 9759 9762 9763 9764
6123 8 9770 9769 9771 9774
6124 8 9770 9769 9772 9773
6125 5 9769 9771 9774 9773
6126 7 9771 9774 9773 9772
6127 7 9769 9772 9773 9774
6128 8 9780 9779 9781 9784
6129 8 9780 9779 9782 9783
6130 5 9779 9781 9784 9783
6131 7 9781 9784 9783 9782
6132 7 9779 9782 9783 9784
6133 8 9790 9789 9791 9794
6134 8 9790 9789 9792 9793
6135 5 9789 9791 9794 9793
6136 7 9791 9794 9793 9792
6137 7 9789 9792 9793 9794
6138 8 9800 9799 9801 9804
6139 8 9800 9799 9802 9803
6140 5 9799 9801 9804 9803
6141 7 9801 9804 9803 9802
6142 7 9799 9802 9803 9804
6143 8 9810 9809 9811 9814
6144 8 9810 9809 9812 9813
6145 5 9809 9811 9814 9813
6146 7 9811 9814 9813 9812
6147 7 9809 9812 9813 9814
6148 8 9820 9819 9821 9824
6149 8 9820 9819 9822 9823
6150 5 9819 9821 9824 9823
6151 7 9821 9824 9823 9822
6152 7 9819 9822 9823 9824
6153 8 9830 9829 9831 9834
6154 8 9830 9829 9832 9833
6155 5 9829 9831 9834 9833
6156 7 9831 9834 9833 9832
6157 7 9829 9832 9833 9834
6158 8 9840 9839 9841 9844
6159 8 9840 9839 9842 9843
6160 5 9839 9841 9844 9843
6161 7 9841 9844 9843 9842
6162 7 9839 9842 9843 9844
6163 8 9850 9849 9851 9854
6164 8 9850 9849 9852 9853
6165 5 9849 9851 9854 9853
6166 7 9851 9854 9853 9852
6167 7 9849 9852 9853 9854
6168 8 9860 9859 9861 9864
6169 8 9860 9859 9862 9863
6170 5 9859 9861 9864 9863
6171 7 9861 9864 9863 9862
6172 7 9859 9862 9863 9864
6173 8 9870 9869 9871 9874
6174 8 9870 9869 9872 9873
6175 5 9869 9871 9874 9873
6176 7 9871 9874 9873 9872
6177 7 9869 9872 9873 9874
6178 8 9880 9879 9881 9884
6179 8 9880 9879 9882 9883
6180 5 9879 9881 9884 9883
6181 7 9881 9884 9883 9882
6182 7 9879 9882 9883 9884
6183 8 9890 9889 9891 9894
6184 8 9890 9889 9892 9893
6185 5 9889 9891 9894 9893
6186 7 9891 9894 9893 9892
6187 7 9889 9892 9893 9894
6188 8 9900 9899 9901 9904
6189 8 9900 9899 9902 9903
6190 5 9899 9901 9904 9903
6191 7 9901 9904 9903 9902
6192 7 9899 9902 9903 9904
6193 8 9910 9909 9911 9914
6194 8 9910 9909 9912 9913
6195 5 9909 9911 9914 9913
6196 7 9911 9914 9913 9912
6197 7 9909 9912 9913 9914
6198 8 9920 9919 9921 9924
6199 8 9920 9919 9922 9923
6200 5 9919 9921 9924 9923
6201 7 9921 9924 9923 9922
6202 7 9919 9922 9923 9924
6203 8 9930 9929 9931 9934
6204 8 9930 9929 9932 9933
6205 5 9929 9931 9934 9933
6206 7 9931 9934 9933 9932
6207 7 9929 9932 9933 9934
6208 8 9940 9939 9941 9944
6209 8 9940 9939 9942 9943
6210 5 9939 9941 9944 9943
6211 7 9941 9944 9943 9942
6212 7 9939 9942 9943 9944
6213 8 9950 9949 9951 9954
6214 8 9950 9949 9952 9953
6215 5 9949 9951 9954 9953
6216 7 9951 9954 9953 9952
6217 7 9949 9952 9953 9954
6218 8 9960 9959 9961 9964
6219 8 9960 9959 9962 9963
6220 5 9959 9961 9964 9963
6221 7 9961 9964 9963 9962
6222 7 9959 9962 9963 9964
6223 8 9970 9969 9971 9974
6224 8 9970 9969 9972 9973
6225 5 9969 9971 9974 9973
6226 7 9971 9974 9973 9972
6227 7 9969 9972 9973 9974
6228 8 9980 9979 9981 9984
6229 8 9980 9979 9982 9983
6230 5 9979 9981 9984 9983
6231 7 9981 9984 9983 9982
6232 7 9979 9982 9983 9984
6233 8 9990 9989 9991 9994
6234 8 9990 9989 9992 9993
6235 5 9989 9991 9994 9993
6236 7 9991 9994 9993 9992
6237 7 9989 9992 9993 9994
6238 8 10000 9999 10001 10004
6239 8 10000 9999 10002 10003
6240 5 9999 10001 10004 10003
6241 7 10001 10004 10003 10002
6242 7 9999 10002 10003 10004
6243 8 10010 10009 10011 10014
6244 8 10010 10009 10012 10013
6245 5 10009 10011 10014 10013
6246 7 10011 10014 10013 10012
6247 7 10009 10012 10013 10014
6248 8 10020 10019 10021 10024
6249 8 10020 10019 10022 10023
6250 5 10019 10021 10024 10023
6251 7 10021 10024 10023 10022
6252 7 10019 10022 10023 10024
6253 8 10030 10029 10031 10034
6254 8 10030 10029 10032 10033
6255 5 10029 10031 10034 10033
6256 7 10031 10034 10033 10032
6257 7 10029 10032 10033 10034
6258 8 10040 10039 10041 10044
6259 8 10040 10039 10042 10043
6260 5 10039 10041 10044 10043
6261 7 10041 10044 10043 10042
6262 7 10039 10042 10043 10044
6263 8 10050 10049 10051 10054
6264 8 10050 10049 10052 10053
6265 5 10049 10051 10054 10053
6266 7 10051 10054 10053 10052
6267 7 10049 10052 10053 10054
6268 8 10060 10059 10061 10064
6269 8 10060 10059 10062 10063
6270 5 10059 10061 10064 10063
6271 7 10061 10064 10063 10062
6272 7 10059 10062 10063 10064
6273 8 10070 10069 10071 10074
6274 8 10070 10069 10072 10073
6275 5 10069 10071 10074 10073
6276 7 10071 10074 10073 10072
6277 7 10069 10072 10073 10074
6278 8 10080 10079 10081 10084
6279 8 10080 10079 10082 10083
6280 5 10079 10081 10084 10083
6281 7 10081 10084 10083 10082
6282 7 10079 10082 10083 10084
6283 8 10090 10089 10091 10094
6284 8 10090 10089 10092 10093
6285 5 10089 10091 10094 10093
6286 7 10091 10094 10093 10092
6287 7 10089 10092 10093 10094
6288 8 10100 10099 10101 10104
6289 8 10100 10099 10102 10103
6290 5 10099 10101 10104 10103
6291 7 10101 10104 10103 10102
6292 7 10099 10102 10103 10104
6293 8 10110 10109 10111 10114
6294 8 10110 10109 10112 10113
6295 5 10109 10111 10114 10113
6296 7 10111 10114 10113 10112
6297 7 10109 10112 10113 10114
6298 8 10120 10119 10121 10124
6299 8 10120 10119 10122 10123
6300 5 10119 10121 10124 10123
6301 7 10121 10124 10123 10122
6302 7 10119 10122 10123 10124
6303 8 10130 10129 10131 10134
6304 8 10130 10129 10132 10133
6305 5 10129 10131 10134 10133
6306 7 10131 10134 10133 10132
6307 7 10129 10132 10133 10134
6308 8 10140 10139 10141 10144
6309 8 10140 10139 10142 10143
6310 5 10139 10141 10144 10143
6311 7 10141 10144 10143 10142
6312 7 10139 10142 10143 10144
6313 8 10150 10149 10151 10154
6314 8 10150 10149 10152 10153
6315 5 10149 10151 10154 10153
6316 7 10151 10154 10153 10152
6317 7 10149 10152 10153 10154
6318 8 10160 10159 10161 10164
6319 8 10160 10159 10162 10163
6320 5 10159 10161 10164 10163
6321 7 10161 10164 10163 10162
6322 7 10159 10162 10163 10164
6323 8 10170 10169 10171 10174
6324 8 10170 10169 10172 10173
6325 5 10169 10171 10174 10173
6326 7 10171 10174 10173 10172
6327 7 10169 10172 10173 10174
6328 8 10180 10179 10181 10184
6329 8 10180 10179 10182 10183
6330 5 10179 10181 10184 10183
6331 7 10181 10184 10183 10182
6332 7 10179 10182 10183 10184
6333 8 10190 10189 10191 10194
6334 8 10190 10189 10192 10193
6335 5 10189 10191 10194 10193
6336 7 10191 10194 10193 10192
6337 7 10189 10192 10193 10194
6338 8 10200 10199 10201 10204
6339 8 10200 10199 10202 10203
6340 5 10199 10201 10204 10203
6341 7 10201 10204 10203 10202
6342 7 10199 10202 10203 10204
6343 8 10210 10209 10211 10214
6344 8 10210 10209 10212 10213
6345 5 10209 10211 10214 10213
6346 7 10211 10214 10213 10212
6347 7 10209 10212 10213 10214
6348 8 10220 10219 10221 10224
6349 8 10220 10219 10222 10223
6350 5 10219 10221 10224 10223
6351 7 10221 10224 10223 10222
6352 7 10219 10222 10223 10224
6353 8 10230 10229 10231 10234
6354 8 10230 10229 10232 10233
6355 5 10229 10231 10234 10233
6356 7 10231 10234 10233 10232
6357 7 10229 10232 10233 10234
6358 8 10240 10239 10241 10244
6359 8 10240 10239 10242 10243
6360 5 10239 10241 10244 10243
6361 7 10241 10244 10243 10242
6362 7 10239 10242 10243 10244
6363 8 10250 10249 10251 10254
6364 8 10250 10249 10252 10253
6365 5 10249 10251 10254 10253
6366 7 10251 10254 10253 10252
6367 7 10249 10252 10253 10254
6368 8 10260 10259 10261 10264
6369 8 10260 10259 10262 10263
6370 5 10259 10261 10264 10263
6371 7 10261 10264 10263 10262
6372 7 10259 10262 10263 10264
6373 8 10270 10269 10271 10274
6374 8 10270 10269 10272 10273
6375 5 10269 10271 10274 10273
6376 7 10271 10274 10273 10272
6377 7 10269 10272 10273 10274
6378 8 10280 10279 10281 10284
6379 8 10280 10279 10282 10283
6380 5 10279 10281 10284 10283
6381 7 10281 10284 10283 10282
6382 7 10279 10282 10283 10284
6383 8 10290 10289 10291 10294
6384 8 10290 10289 10292 10293
6385 5 10289 10291 10294 10293
6386 7 10291 10294 10293 10292
6387 7 10289 10292 10293 10294
6388 8 10300 10299 10301 10304
6389 8 10300 10299 10302 10303
6390 5 10299 10301 10304 10303
6391 7 10301 10304 10303 10302
6392 7 10299 10302 10303 10304
6393 8 10310 10309 10311 10314
6394 8 10310 10309 10312 10313
6395 5 10309 10311 10314 10313
6396 7 10311 10314 10313 10312
6397 7 10309 10312 10313 10314
6398 8 10320 10319 10321 10324
6399 8 10320 10319 10322 10323
6400 5 10319 10321 10324 10323
6401 7 10321 10324 10323 10322
6402 7 10319 10322 10323 10324
6403 8 10330 10329 10331 10334
6404 8 10330 10329 10332 10333
6405 5 10329 10331 10334 10333
6406 7 10331 10334 10333 10332
6407 7 10329 10332 10333 10334
6408 8 10340 10339 10341 10344
6409 8 10340 10339 10342 10343
6410 5 10339 10341 10344 10343
6411 7 10341 10344 10343 10342
6412 7 10339 10342 10343 10344
6413 8 10350 10349 10351 10354
6414 8 10350 10349 10352 10353
6415 5 10349 10351 10354 10353
6416 7 10351 10354 10353 10352
6417 7 10349 10352 10353 10354
6418 8 10360 10359 10361 10364
6419 8 10360 10359 10362 10363
6420 5 10359 10361 10364 10363
6421 7 10361 10364 10363 10362
6422 7 10359 10362 10363 10364
6423 8 10370 10369 10371 10374
6424 8 10370 10369 10372 10373
6425 5 10369 10371 10374 10373
6426 7 10371 10374 10373 10372
6427 7 10369 10372 10373 10374
6428 8 10380 10379 10381 10384
6429 8 10380 10379 10382 10383
6430 5 10379 10381 10384 10383
6431 7 10381 10384 10383 10382
6432 7 10379 10382 10383 10384
6433 8 10390 10389 10391 10394
6434 8 10390 10389 10392 10393
6435 5 10389 10391 10394 10393
6436 7 10391 10394 10393 10392
6437 7 10389 10392 10393 10394
6438 8 10400 10399 10401 10404
6439 8 10400 10399 10402 10403
6440 5 10399 10401 10404 10403
6441 7 10401 10404 10403 10402
6442 7 10399 10402 10403 10404
6443 8 10410 10409 10411 10414
6444 8 10410 10409 10412 10413
6445 5 10409 10411 10414 10413
6446 7 10411 10414 10413 10412
6447 7 10409 10412 10413 10414
6448 8 10420 10419 10421 10424
6449 8 10420 10419 10422 10423
6450 5 10419 10421 10424 10423
6451 7 10421 10424 10423 10422
6452 7 10419 10422 10423 10424
6453 8 10430 10429 10431 10434
6454 8 10430 10429 10432 10433
6455 5 10429 10431 10434 10433
6456 7 10431 10434 10433 10432
6457 7 10429 10432 10433 10434
6458 8 10440 10439 10441 10444
6459 8 10440 10439 10442 10443
6460 5 10439 10441 10444 10443
6461 7 10441 10444 10443 10442
6462 7 10439 10442 10443 10444
6463 8 10450 10449 10451 10454
6464 8 10450 10449 10452 10453
6465 5 10449 10451 10454 10453
6466 7 10451 10454 10453 10452
6467 7 10449 10452 10453 10454
6468 8 10460 10459 10461 10464
6469 8 10460 10459 10462 10463
6470 5 10459 10461 10464 10463
6471 7 10461 10464 10463 10462
6472 7 10459 10462 10463 10464
6473 8 10470 10469 10471 10474
6474 8 10470 10469 10472 10473
6475 5 10469 10471 10474 10473
6476 7 10471 10474 10473 10472
6477 7 10469 10472 10473 10474
6478 8 10480 10479 10481 10484
6479 8 10480 10479 10482 10483
6480 5 10479 10481 10484 10483
6481 7 10481 10484 10483 10482
6482 7 10479 10482 10483 10484
6483 8 10490 10489 10491 10494
6484 8 10490 10489 10492 10493
6485 5 10489 10491 10494 10493
6486 7 10491 10494 10493 10492
6487 7 10489 10492 10493 10494
6488 8 10500 10499 10501 10504
6489 8 10500 10499 10502 10503
6490 5 10499 10501 10504 10503
6491 7 10501 10504 10503 10502
6492 7 10499 10502 10503 10504
6493 8 10510 10509 10511 10514
6494 8 10510 10509 10512 10513
6495 5 10509 10511 10514 10513
6496 7 10511 10514 10513 10512
6497 7 10509 10512 10513 10514
6498 8 10520 10519 10521 10524
6499 8 10520 10519 10522 10523
6500 5 10519 10521 10524 10523
6501 7 10521 10524 10523 10522
6502 7 10519 10522 10523 10524
6503 8 10530 10529 10531 10534
6504 8 10530 10529 10532 10533
6505 5 10529 10531 10534 10533
6506 7 10531 10534 10533 10532
6507 7 10529 10532 10533 10534
6508 8 10540 10539 10541 10544
6509 8 10540 10539 10542 10543
6510 5 10539 10541 10544 10543
6511 7 10541 10544 10543 10542
6512 7 10539 10542 10543 10544
6513 8 10550 10549 10551 10554
6514 8 10550 10549 10552 10553
6515 5 10549 10551 10554 10553
6516 7 10551 10554 10553 10552
6517 7 10549 10552 10553 10554
6518 8 10560 10559 10561 10564
6519 8 10560 10559 10562 10563
6520 5 10559 10561 10564 10563
6521 7 10561 10564 10563 10562
6522 7 10559 10562 10563 10564
6523 8 10570 10569 10571 10574
6524 8 10570 10569 10572 10573
6525 5 10569 10571 10574 10573
6526 7 10571 10574 10573 10572
6527 7 10569 10572 10573 10574
6528 8 10580 10579 10581 10584
6529 8 10580 10579 10582 10583
6530 5 10579 10581 10584 10583
6531 7 10581 10584 10583 10582
6532 7 10579 10582 10583 10584
6533 8 10590 10589 10591 10594
6534 8 10590 10589 10592 10593
6535 5 10589 10591 10594 10593
6536 7 10591 10594 10593 10592
6537 7 10589 10592 10593 10594
6538 8 10600 10599 10601 10604
6539 8 10600 10599 10602 10603
6540 5 10599 10601 10604 10603
6541 7 10601 10604 10603 10602
6542 7 10599 10602 10603 10604
6543 8 10610 10609 10611 10614
6544 8 10610 10609 10612 10613
6545 5 10609 10611 10614 10613
6546 7 10611 10614 10613 10612
6547 7 10609 10612 10613 10614
6548 8 10620 10619 10621 10624
6549 8 10620 10619 10622 10623
6550 5 10619 10621 10624 10623
6551 7 10621 10624 10623 10622
6552 7 10619 10622 10623 10624
6553 8 10630 10629 10631 10634
6554 8 10630 10629 10632 10633
6555 5 10629 10631 10634 10633
6556 7 10631 10634 10633 10632
6557 7 10629 10632 10633 10634
6558 8 10640 10639 10641 10644
6559 8 10640 10639 10642 10643
6560 5 10639 10641 10644 10643
6561 7 10641 10644 10643 10642
6562 7 10639 10642 10643 10644
6563 8 10650 10649 10651 10654
6564 8 10650 10649 10652 10653
6565 5 10649 10651 10654 10653
6566 7 10651 10654 10653 10652
6567 7 10649 10652 10653 10654
6568 8 10660 10659 10661 10664
6569 8 10660 10659 10662 10663
6570 5 10659 10661 10664 10663
6571 7 10661 10664 10663 10662
6572 7 10659 10662 10663 10664
6573 8 10670 10669 10671 10674
6574 8 10670 10669 10672 10673
6575 5 10669 10671 10674 10673
6576 7 10671 10674 10673 10672
6577 7 10669 10672 10673 10674
6578 8 10680 10679 10681 10684
6579 8 10680 10679 10682 10683
6580 5 10679 10681 10684 10683
6581 7 10681 10684 10683 10682
6582 7 10679 10682 10683 10684
6583 8 10690 10689 10691 10694
6584 8 10690 10689 10692 10693
6585 5 10689 10691 10694 10693
6586 7 10691 10694 10693 10692
6587 7 10689 10692 10693 10694
6588 8 10700 10699 10701 10704
6589 8 10700 10699 10702 10703
6590 5 10699 10701 10704 10703
6591 7 10701 10704 10703 10702
6592 7 10699 10702 10703 10704
6593 8 10710 10709 10711 10714
6594 8 10710 10709 10712 10713
6595 5 10709 10711 10714 10713
6596 7 10711 10714 10713 10712
6597 7 10709 10712 10713 10714
6598 8 10720 10719 10721 10724
6599 8 10720 10719 10722 10723
6600 5 10719 10721 10724 10723
6601 7 10721 10724 10723 10722
6602 7 10719 10722 10723 10724
6603 8 10730 10729 10731 10734
6604 8 10730 10729 10732 10733
6605 5 10729 10731 10734 10733
6606 7 10731 10734 10733 10732
6607 7 10729 10732 10733 10734
6608 8 10740 10739 10741 10744
6609 8 10740 10739 10742 10743
6610 5 10739 10741 10744 10743
6611 7 10741 10744 10743 10742
6612 7 10739 10742 10743 10744
6613 8 10750 10749 10751 10754
6614 8 10750 10749 10752 10753
6615 5 10749 10751 10754 10753
6616 7 10751 10754 10753 10752
6617 7 10749 10752 10753 10754
6618 8 10760 10759 10761 10764
6619 8 10760 10759 10762 10763
6620 5 10759 10761 10764 10763
6621 7 10761 10764 10763 10762
6622 7 10759 10762 10763 10764
6623 8 10770 10769 10771 10774
6624 8 10770 10769 10772 10773
6625 5 10769 10771 10774 10773
6626 7 10771 10774 10773 10772
6627 7 10769 10772 10773 10774
6628 8 10780 10779 10781 10784
6629 8 10780 10779 10782 10783
6630 5 10779 10781 10784 10783
6631 7 10781 10784 10783 10782
6632 7 10779 10782 10783 10784
6633 8 10790 10789 10791 10794
6634 8 10790 10789 10792 10793
6635 5 10789 10791 10794 10793
6636 7 10791 10794 10793 10792
6637 7 10789 10792 10793 10794
6638 8 10800 10799 10801 10804
6639 8 10800 10799 10802 10803
6640 5 10799 10801 10804 10803
6641 7 10801 10804 10803 10802
6642 7 10799 10802 10803 10804
6643 8 10810 10809 10811 10814
6644 8 10810 10809 10812 10813
6645 5 10809 10811 10814 10813
6646 7 10811 10814 10813 10812
6647 7 10809 10812 10813 10814
6648 8 10820 10819 10821 10824
6649 8 10820 10819 10822 10823
6650 5 10819 10821 10824 10823
6651 7 10821 10824 10823 10822
6652 7 10819 10822 10823 10824
6653 8 10830 10829 10831 10834
6654 8 10830 10829 10832 10833
6655 5 10829 10831 10834 10833
6656 7 10831 10834 10833 10832
6657 7 10829 10832 10833 10834
6658 8 10840 10839 10841 10844
6659 8 10840 10839 10842 10843
6660 5 10839 10841 10844 10843
6661 7 10841 10844 10843 10842
6662 7 10839 10842 10843 10844
6663 8 10850 10849 10851 10854
6664 8 10850 10849 10852 10853
6665 5 10849 10851 10854 10853
6666 7 10851 10854 10853 10852
6667 7 10849 10852 10853 10854
6668 8 10860 10859 10861 10864
6669 8 10860 10859 10862 10863
6670 5 10859 10861 10864 10863
6671 7 10861 10864 10863 10862
6672 7 10859 10862 10863 10864
6673 8 10870 10869 10871 10874
6674 8 10870 10869 10872 10873
6675 5 10869 10871 10874 10873
6676 7 10871 10874 10873 10872
6677 7 10869 10872 10873 10874
6678 8 10880 10879 10881 10884
6679 8 10880 10879 10882 10883
6680 5 10879 10881 10884 10883
6681 7 10881 10884 10883 10882
6682 7 10879 10882 10883 10884
6683 8 10890 10889 10891 10894
6684 8 10890 10889 10892 10893
6685 5 10889 10891 10894 10893
6686 7 10891 10894 10893 10892
6687 7 10889 10892 10893 10894
6688 8 10900 10899 10901 10904
6689 8 10900 10899 10902 10903
6690 5 10899 10901 10904 10903
6691 7 10901 10904 10903 10902
6692 7 10899 10902 10903 10904
6693 8 10910 10909 10911 10914
6694 8 10910 10909 10912 10913
6695 5 10909 10911 10914 10913
6696 7 10911 10914 10913 10912
6697 7 10909 10912 10913 10914
6698 8 10920 10919 10921 10924
6699 8 10920 10919 10922 10923
6700 5 10919 10921 10924 10923
6701 7 10921 10924 10923 10922
6702 7 10919 10922 10923 10924
6703 8 10930 10929 10931 10934
6704 8 10930 10929 10932 10933
6705 5 10929 10931 10934 10933
6706 7 10931 10934 10933 10932
6707 7 10929 10932 10933 10934
6708 8 10940 10939 10941 10944
6709 8 10940 10939 10942 10943
6710 5 10939 10941 10944 10943
6711 7 10941 10944 10943 10942
6712 7 10939 10942 10943 10944
6713 8 10950 10949 10951 10954
6714 8 10950 10949 10952 10953
6715 5 10949 10951 10954 10953
6716 7 10951 10954 10953 10952
6717 7 10949 10952 10953 10954
6718 8 10960 10959 10961 10964
6719 8 10960 10959 10962 10963
6720 5 10959 10961 10964 10963
6721 7 10961 10964 10963 10962
6722 7 10959 10962 10963 10964
6723 8 10970 10969 10971 10974
6724 8 10970 10969 10972 10973
6725 5 10969 10971 10974 10973
6726 7 10971 10974 10973 10972
6727 7 10969 10972 10973 10974
6728 8 10980 10979 10981 10984
6729 8 10980 10979 10982 10983
6730 5 10979 10981 10984 10983
6731 7 10981 10984 10983 10982
6732 7 10979 10982 10983 10984
6733 8 10990 10989 10991 10994
6734 8 10990 10989 10992 10993
6735 5 10989 10991 10994 10993
6736 7 10991 10994 10993 10992
6737 7 10989 10992 10993 10994
6738 8 11000 10999 11001 11004
6739 8 11000 10999 11002 11003
6740 5 10999 11001 11004 11003
6741 7 11001 11004 11003 11002
6742 7 10999 11002 11003 11004
6743 8 11010 11009 11011 11014
6744 8 11010 11009 11012 11013
6745 5 11009 11011 11014 11013
6746 7 11011 11014 11013 11012
6747 7 11009 11012 11013 11014
6748 8 11020 11019 11021 11024
6749 8 11020 11019 11022 11023
6750 5 11019 11021 11024 11023
6751 7 11021 11024 11023 11022
6752 7 11019 11022 11023 11024
6753 8 11030 11029 11031 11034
6754 8 11030 11029 11032 11033
6755 5 11029 11031 11034 11033
6756 7 11031 11034 11033 11032
6757 7 11029 11032 11033 11034
6758 8 11040 11039 11041 11044
6759 8 11040 11039 11042 11043
6760 5 11039 11041 11044 11043
6761 7 11041 11044 11043 11042
6762 7 11039 11042 11043 11044
6763 8 11050 11049 11051 11054
6764 8 11050 11049 11052 11053
6765 5 11049 11051 11054 11053
6766 7 11051 11054 11053 11052
6767 7 11049 11052 11053 11054
6768 8 11060 11059 11061 11064
6769 8 11060 11059 11062 11063
6770 5 11059 11061 11064 11063
6771 7 11061 11064 11063 11062
6772 7 11059 11062 11063 11064
6773 8 11070 11069 11071 11074
6774 8 11070 11069 11072 11073
6775 5 11069 11071 11074 11073
6776 7 11071 11074 11073 11072
6777 7 11069 11072 11073 11074
6778 8 11080 11079 11081 11084
6779 8 11080 11079 11082 11083
6780 5 11079 11081 11084 11083
6781 7 11081 11084 11083 11082
6782 7 11079 11082 11083 11084
6783 8 11090 11089 11091 11094
6784 8 11090 11089 11092 11093
6785 5 11089 11091 11094 11093
6786 7 11091 11094 11093 11092
6787 7 11089 11092 11093 11094
6788 8 11100 11099 11101 11104
6789 8 11100 11099 11102 11103
6790 5 11099 11101 11104 11103
6791 7 11101 11104 11103 11102
6792 7 11099 11102 11103 11104
6793 8 11110 11109 11111 11114
6794 8 11110 11109 11112 11113
6795 5 11109 11111 11114 11113
6796 7 11111 11114 11113 11112
6797 7 11109 11112 11113 11114
6798 8 11120 11119 11121 11124
6799 8 11120 11119 11122 11123
6800 5 11119 11121 11124 11123
6801 7 11121 11124 11123 11122
6802 7 11119 11122 11123 11124
6803 8 11130 11129 11131 11134
6804 8 11130 11129 11132 11133
6805 5 11129 11131 11134 11133
6806 7 11131 11134 11133 11132
6807 7 11129 11132 11133 11134
6808 8 11140 11139 11141 11144
6809 8 11140 11139 11142 11143
6810 5 11139 11141 11144 11143
6811 7 11141 11144 11143 11142
6812 7 11139 11142 11143 11144
6813 8 11150 11149 11151 11154
6814 8 11150 11149 11152 11153
6815 5 11149 11151 11154 11153
6816 7 11151 11154 11153 11152
6817 7 11149 11152 11153 11154
6818 8 11160 11159 11161 11164
6819 8 11160 11159 11162 11163
6820 5 11159 11161 11164 11163
6821 7 11161 11164 11163 11162
6822 7 11159 11162 11163 11164
6823 8 11170 11169 11171 11174
6824 8 11170 11169 11172 11173
6825 5 11169 11171 11174 11173
6826 7 11171 11174 11173 11172
6827 7 11169 11172 11173 11174
6828 8 11180 11179 11181 11184
6829 8 11180 11179 11182 11183
6830 5 11179 11181 11184 11183
6831 7 11181 11184 11183 11182
6832 7 11179 11182 11183 11184
6833 8 11190 11189 11191 11194
6834 8 11190 11189 11192 11193
6835 5 11189 11191 11194 11193
6836 7 11191 11194 11193 11192
6837 7 11189 11192 11193 11194
6838 8 11200 11199 11201 11204
6839 8 11200 11199 11202 11203
6840 5 11199 11201 11204 11203
6841 7 11201 11204 11203 11202
6842 7 11199 11202 11203 11204
6843 8 11210 11209 11211 11214
6844 8 11210 11209 11212 11213
6845 5 11209 11211 11214 11213
6846 7 11211 11214 11213 11212
6847 7 11209 11212 11213 11214
6848 8 11220 11219 11221 11224
6849 8 11220 11219 11222 11223
6850 5 11219 11221 11224 11223
6851 7 11221 11224 11223 11222
6852 7 11219 11222 11223 11224
6853 8 11230 11229 11231 11234
6854 8 11230 11229 11232 11233
6855 5 11229 11231 11234 11233
6856 7 11231 11234 11233 11232
6857 7 11229 11232 11233 11234
6858 8 11240 11239 11241 11244
6859 8 11240 11239 11242 11243
6860 5 11239 11241 11244 11243
6861 7 11241 11244 11243 11242
6862 7 11239 11242 11243 11244
6863 8 11250 11249 11251 11254
6864 8 11250 11249 11252 11253
6865 5 11249 11251 11254 11253
6866 7 11251 11254 11253 11252
6867 7 11249 11252 11253 11254
6868 8 11260 11259 11261 11264
6869 8 11260 11259 11262 11263
6870 5 11259 11261 11264 11263
6871 7 11261 11264 11263 11262
6872 7 11259 11262 11263 11264
6873 8 11270 11269 11271 11274
6874 8 11270 11269 11272 11273
6875 5 11269 11271 11274 11273
6876 7 11271 11274 11273 11272
6877 7 11269 11272 11273 11274
6878 8 11280 11279 11281 11284
6879 8 11280 11279 11282 11283
6880 5 11279 11281 11284 11283
6881 7 11281 11284 11283 11282
6882 7 11279 11282 11283 11284
6883 8 11290 11289 11291 11294
6884 8 11290 11289 11292 11293
6885 5 11289 11291 11294 11293
6886 7 11291 11294 11293 11292
6887 7 11289 11292 11293 11294
6888 8 11300 11299 11301 11304
6889 8 11300 11299 11302 11303
6890 5 11299 11301 11304 11303
6891 7 11301 11304 11303 11302
6892 7 11299 11302 11303 11304
6893 8 11310 11309 11311 11314
6894 8 11310 11309 11312 11313
6895 5 11309 11311 11314 11313
6896 7 11311 11314 11313 11312
6897 7 11309 11312 11313 11314
6898 8 11320 11319 11321 11324
6899 8 11320 11319 11322 11323
6900 5 11319 11321 11324 11323
6901 7 11321 11324 11323 11322
6902 7 11319 11322 11323 11324
6903 8 11330 11329 11331 11334
6904 8 11330 11329 11332 11333
6905 5 11329 11331 11334 11333
6906 7 11331 11334 11333 11332
6907 7 11329 11332 11333 11334
6908 8 11340 11339 11341 11344
6909 8 11340 11339 11342 11343
6910 5 11339 11341 11344 11343
6911 7 11341 11344 11343 11342
6912 7 11339 11342 11343 11344
6913 8 11350 11349 11351 11354
6914 8 11350 11349 11352 11353
6915 5 11349 11351 11354 11353
6916 7 11351 11354 11353 11352
6917 7 11349 11352 11353 11354
6918 8 11360 11359 11361 11364
6919 8 11360 11359 11362 11363
6920 5 11359 11361 11364 11363
6921 7 11361 11364 11363 11362
6922 7 11359 11362 11363 11364
6923 8 11370 11369 11371 11374
6924 8 11370 11369 11372 11373
6925 5 11369 11371 11374 11373
6926 7 11371 11374 11373 11372
6927 7 11369 11372 11373 11374
6928 8 11380 11379 11381 11384
6929 8 11380 11379 11382 11383
6930 5 11379 11381 11384 11383
6931 7 11381 11384 11383 11382
6932 7 11379 11382 11383 11384
6933 8 11390 11389 11391 11394
6934 8 11390 11389 11392 11393
6935 5 11389 11391 11394 11393
6936 7 11391 11394 11393 11392
6937 7 11389 11392 11393 11394
6938 8 11400 11399 11401 11404
6939 8 11400 11399 11402 11403
6940 5 11399 11401 11404 11403
6941 7 11401 11404 11403 11402
6942 7 11399 11402 11403 11404
6943 8 11410 11409 11411 11414
6944 8 11410 11409 11412 11413
6945 5 11409 11411 11414 11413
6946 7 11411 11414 11413 11412
6947 7 11409 11412 11413 11414
6948 8 11420 11419 11421 11424
6949 8 11420 11419 11422 11423
6950 5 11419 11421 11424 11423
6951 7 11421 11424 11423 11422
6952 7 11419 11422 11423 11424
6953 8 11430 11429 11431 11434
6954 8 11430 11429 11432 11433
6955 5 11429 11431 11434 11433
6956 7 11431 11434 11433 11432
6957 7 11429 11432 11433 11434
6958 8 11440 11439 11441 11444
6959 8 11440 11439 11442 11443
6960 5 11439 11441 11444 11443
6961 7 11441 11444 11443 11442
6962 7 11439 11442 11443 11444
6963 8 11450 11449 11451 11454
6964 8 11450 11449 11452 11453
6965 5 11449 11451 11454 11453
6966 7 11451 11454 11453 11452
6967 7 11449 11452 11453 11454
6968 8 11460 11459 11461 11464
6969 8 11460 11459 11462 11463
6970 5 11459 11461 11464 11463
6971 7 11461 11464 11463 11462
6972 7 11459 11462 11463 11464
6973 8 11470 11469 11471 11474
6974 8 11470 11469 11472 11473
6975 5 11469 11471 11474 11473
6976 7 11471 11474 11473 11472
6977 7 11469 11472 11473 11474
6978 8 11480 11479 11481 11484
6979 8 11480 11479 11482 11483
6980 5 11479 11481 11484 11483
6981 7 11481 11484 11483 11482
6982 7 11479 11482 11483 11484
6983 8 11490 11489 11491 11494
6984 8 11490 11489 11492 11493
6985 5 11489 11491 11494 11493
6986 7 11491 11494 11493 11492
6987 7 11489 11492 11493 11494
6988 8 11500 11499 11501 11504
6989 8 11500 11499 11502 11503
6990 5 11499 11501 11504 11503
6991 7 11501 11504 11503 11502
6992 7 11499 11502 11503 11504
6993 8 11510 11509 11511 11514
6994 8 11510 11509 11512 11513
6995 5 11509 11511 11514 11513
6996 7 11511 11514 11513 11512
6997 7 11509 11512 11513 11514
6998 8 11520 11519 11521 11524
6999 8 11520 11519 11522 11523
7000 5 11519 11521 11524 11523
7001 7 11521 11524 11523 11522
7002 7 11519 11522 11523 11524
7003 8 11530 11529 11531 11534
7004 8 11530 11529 11532 11533
7005 5 11529 11531 11534 11533
7006 7 11531 11534 11533 11532
7007 7 11529 11532 11533 11534
7008 8 11540 11539 11541 11544
7009 8 11540 11539 11542 11543
7010 5 11539 11541 11544 11543
7011 7 11541 11544 11543 11542
7012 7 11539 11542 11543 11544
7013 8 11550 11549 11551 11554
7014 8 11550 11549 11552 11553
7015 5 11549 11551 11554 11553
7016 7 11551 11554 11553 11552
7017 7 11549 11552 11553 11554
7018 8 11560 11559 11561 11564
7019 8 11560 11559 11562 11563
7020 5 11559 11561 11564 11563
7021 7 11561 11564 11563 11562
7022 7 11559 11562 11563 11564
7023 8 11570 11569 11571 11574
7024 8 11570 11569 11572 11573
7025 5 11569 11571 11574 11573
7026 7 11571 11574 11573 11572
7027 7 11569 11572 11573 11574
7028 8 11580 11579 11581 11584
7029 8 11580 11579 11582 11583
7030 5 11579 11581 11584 11583
7031 7 11581 11584 11583 11582
7032 7 11579 11582 11583 11584
7033 8 11590 11589 11591 11594
7034 8 11590 11589 11592 11593
7035 5 11589 11591 11594 11593
7036 7 11591 11594 11593 11592
7037 7 11589 11592 11593 11594
7038 8 11600 11599 11601 11604
7039 8 11600 11599 11602 11603
7040 5 11599 11601 11604 11603
7041 7 11601 11604 11603 11602
7042 7 11599 11602 11603 11604
7043 8 11610 11609 11611 11614
7044 8 11610 11609 11612 11613
7045 5 11609 11611 11614 11613
7046 7 11611 11614 11613 11612
7047 7 11609 11612 11613 11614
7048 8 11620 11619 11621 11624
7049 8 11620 11619 11622 11623
7050 5 11619 11621 11624 11623
7051 7 11621 11624 11623 11622
7052 7 11619 11622 11623 11624
7053 8 11630 11629 11631 11634
7054 8 11630 11629 11632 11633
7055 5 11629 11631 11634 11633
7056 7 11631 11634 11633 11632
7057 7 11629 11632 11633 11634
7058 8 11640 11639 11641 11644
7059 8 11640 11639 11642 11643
7060 5 11639 11641 11644 11643
7061 7 11641 11644 11643 11642
7062 7 11639 11642 11643 11644
7063 8 11650 11649 11651 11654
7064 8 11650 11649 11652 11653
7065 5 11649 11651 11654 11653
7066 7 11651 11654 11653 11652
7067 7 11649 11652 11653 11654
7068 8 11660 11659 11661 11664
7069 8 11660 11659 11662 11663
7070 5 11659 11661 11664 11663
7071 7 11661 11664 11663 11662
7072 7 11659 11662 11663 11664
7073 8 11670 11669 11671 11674
7074 8 11670 11669 11672 11673
7075 5 11669 11671 11674 11673
7076 7 11671 11674 11673 11672
7077 7 11669 11672 11673 11674
7078 8 11680 11679 11681 11684
7079 8 11680 11679 11682 11683
7080 5 11679 11681 11684 11683
7081 7 11681 11684 11683 11682
7082 7 11679 11682 11683 11684
7083 8 11690 11689 11691 11694
7084 8 11690 11689 11692 11693
7085 5 11689 11691 11694 11693
7086 7 11691 11694 11693 11692
7087 7 11689 11692 11693 11694
7088 8 11700 11699 11701 11704
7089 8 11700 11699 11702 11703
7090 5 11699 11701 11704 11703
7091 7 11701 11704 11703 11702
7092 7 11699 11702 11703 11704
7093 8 11710 11709 11711 11714
7094 8 11710 11709 11712 11713
7095 5 11709 11711 11714 11713
7096 7 11711 11714 11713 11712
7097 7 11709 11712 11713 11714
7098 8 11720 11719 11721 11724
7099 8 11720 11719 11722 11723
7100 5 11719 11721 11724 11723
7101 7 11721 11724 11723 11722
7102 7 11719 11722 11723 11724
7103 8 11730 11729 11731 11734
7104 8 11730 11729 11732 11733
7105 5 11729 11731 11734 11733
7106 7 11731 11734 11733 11732
7107 7 11729 11732 11733 11734
7108 8 11740 11739 11741 11744
7109 8 11740 11739 11742 11743
7110 5 11739 11741 11744 11743
7111 7 11741 11744 11743 11742
7112 7 11739 11742 11743 11744
7113 8 11750 11749 11751 11754
7114 8 11750 11749 11752 11753
7115 5 11749 11751 11754 11753
7116 7 11751 11754 11753 11752
7117 7 11749 11752 11753 11754
7118 8 11760 11759 11761 11764
7119 8 11760 11759 11762 11763
7120 5 11759 11761 11764 11763
7121 7 11761 11764 11763 11762
7122 7 11759 11762 11763 11764
7123 8 11770 11769 11771 11774
7124 8 11770 11769 11772 11773
7125 5 11769 11771 11774 11773
7126 7 11771 11774 11773 11772
7127 7 11769 11772 11773 11774
7128 8 11780 11779 11781 11784
7129 8 11780 11779 11782 11783
7130 5 11779 11781 11784 11783
7131 7 11781 11784 11783 11782
7132 7 11779 11782 11783 11784
7133 8 11790 11789 11791 11794
7134 8 11790 11789 11792 11793
7135 5 11789 11791 11794 11793
7136 7 11791 11794 11793 11792
7137 7 11789 11792 11793 11794
7138 8 11800 11799 11801 11804
7139 8 11800 11799 11802 11803
7140 5 11799 11801 11804 11803
7141 7 11801 11804 11803 11802
7142 7 11799 11802 11803 11804
7143 8 11810 11809 11811 11814
7144 8 11810 11809 11812 11813
7145 5 11809 11811 11814 11813
7146 7 11811 11814 11813 11812
7147 7 11809 11812 11813 11814
7148 8 11820 11819 11821 11824
7149 8 11820 11819 11822 11823
7150 5 11819 11821 11824 11823
7151 7 11821 11824 11823 11822
7152 7 11819 11822 11823 11824
7153 8 11830 11829 11831 11834
7154 8 11830 11829 11832 11833
7155 5 11829 11831 11834 11833
7156 7 11831 11834 11833 11832
7157 7 11829 11832 11833 11834
7158 8 11840 11839 11841 11844
7159 8 11840 11839 11842 11843
7160 5 11839 11841 11844 11843
7161 7 11841 11844 11843 11842
7162 7 11839 11842 11843 11844
7163 8 11850 11849 11851 11854
7164 8 11850 11849 11852 11853
7165 5 11849 11851 11854 11853
7166 7 11851 11854 11853 11852
7167 7 11849 11852 11853 11854
7168 8 11860 11859 11861 11864
7169 8 11860 11859 11862 11863
7170 5 11859 11861 11864 11863
7171 7 11861 11864 11863 11862
7172 7 11859 11862 11863 11864
7173 8 11870 11869 11871 11874
7174 8 11870 11869 11872 11873
7175 5 11869 11871 11874 11873
7176 7 11871 11874 11873 11872
7177 7 11869 11872 11873 11874
7178 8 11880 11879 11881 11884
7179 8 11880 11879 11882 11883
7180 5 11879 11881 11884 11883
7181 7 11881 11884 11883 11882
7182 7 11879 11882 11883 11884
7183 8 11890 11889 11891 11894
7184 8 11890 11889 11892 11893
7185 5 11889 11891 11894 11893
7186 7 11891 11894 11893 11892
7187 7 11889 11892 11893 11894
7188 8 11900 11899 11901 11904
7189 8 11900 11899 11902 11903
7190 5 11899 11901 11904 11903
7191 7 11901 11904 11903 11902
7192 7 11899 11902 11903 11904
7193 8 11910 11909 11911 11914
7194 8 11910 11909 11912 11913
7195 5 11909 11911 11914 11913
7196 7 11911 11914 11913 11912
7197 7 11909 11912 11913 11914
7198 8 11920 11919 11921 11924
7199 8 11920 11919 11922 11923
7200 5 11919 11921 11924 11923
7201 7 11921 11924 11923 11922
7202 7 11919 11922 11923 11924
7203 8 11930 11929 11931 11934
7204 8 11930 11929 11932 11933
7205 5 11929 11931 11934 11933
7206 7 11931 11934 11933 11932
7207 7 11929 11932 11933 11934
7208 8 11940 11939 11941 11944
7209 8 11940 11939 11942 11943
7210 5 11939 11941 11944 11943
7211 7 11941 11944 11943 11942
7212 7 11939 11942 11943 11944
7213 8 11950 11949 11951 11954
7214 8 11950 11949 11952 11953
7215 5 11949 11951 11954 11953
7216 7 11951 11954 11953 11952
7217 7 11949 11952 11953 11954
7218 8 11960 11959 11961 11964
7219 8 11960 11959 11962 11963
7220 5 11959 11961 11964 11963
7221 7 11961 11964 11963 11962
7222 7 11959 11962 11963 11964
7223 8 11970 11969 11971 11974
7224 8 11970 11969 11972 11973
7225 5 11969 11971 11974 11973
7226 7 11971 11974 11973 11972
7227 7 11969 11972 11973 11974
7228 8 11980 11979 11981 11984
7229 8 11980 11979 11982 11983
7230 5 11979 11981 11984 11983
7231 7 11981 11984 11983 11982
7232 7 11979 11982 11983 11984
7233 8 11990 11989 11991 11994
7234 8 11990 11989 11992 11993
7235 5 11989 11991 11994 11993
7236 7 11991 11994 11993 11992
7237 7 11989 11992 11993 11994
7238 8 12000 11999 12001 12004
7239 8 12000 11999 12002 12003
7240 5 11999 12001 12004 12003
7241 7 12001 12004 12003 12002
7242 7 11999 12002 12003 12004
7243 8 12010 12009 12011 12014
7244 8 12010 12009 12012 12013
7245 5 12009 12011 12014 12013
7246 7 12011 12014 12013 12012
7247 7 12009 12012 12013 12014
7248 8 12020 12019 12021 12024
7249 8 12020 12019 12022 12023
7250 5 12019 12021 12024 12023
7251 7 12021 12024 12023 12022
7252 7 12019 12022 12023 12024
7253 8 12030 12029 12031 12034
7254 8 12030 12029 12032 12033
7255 5 12029 12031 12034 12033
7256 7 12031 12034 12033 12032
7257 7 12029 12032 12033 12034
7258 8 12040 12039 12041 12044
7259 8 12040 12039 12042 12043
7260 5 12039 12041 12044 12043
7261 7 12041 12044 12043 12042
7262 7 12039 12042 12043 12044
7263 8 12050 12049 12051 12054
7264 8 12050 12049 12052 12053
7265 5 12049 12051 12054 12053
7266 7 12051 12054 12053 12052
7267 7 12049 12052 12053 12054
7268 8 12060 12059 12061 12064
7269 8 12060 12059 12062 12063
7270 5 12059 12061 12064 12063
7271 7 12061 12064 12063 12062
7272 7 12059 12062 12063 12064
7273 8 12070 12069 12071 12074
7274 8 12070 12069 12072 12073
7275 5 12069 12071 12074 12073
7276 7 12071 12074 12073 12072
7277 7 12069 12072 12073 12074
7278 8 12080 12079 12081 12084
7279 8 12080 12079 12082 12083
7280 5 12079 12081 12084 12083
7281 7 12081 12084 12083 12082
7282 7 12079 12082 12083 12084
7283 8 12090 12089 12091 12094
7284 8 12090 12089 12092 12093
7285 5 12089 12091 12094 12093
7286 7 12091 12094 12093 12092
7287 7 12089 12092 12093 12094
7288 8 12100 12099 12101 12104
7289 8 12100 12099 12102 12103
7290 5 12099 12101 12104 12103
7291 7 12101 12104 12103 12102
7292 7 12099 12102 12103 12104
7293 8 12110 12109 12111 12114
7294 8 12110 12109 12112 12113
7295 5 12109 12111 12114 12113
7296 7 12111 12114 12113 12112
7297 7 12109 12112 12113 12114
7298 8 12120 12119 12121 12124
7299 8 12120 12119 12122 12123
7300 5 12119 12121 12124 12123
7301 7 12121 12124 12123 12122
7302 7 12119 12122 12123 12124
7303 8 12130 12129 12131 12134
7304 8 12130 12129 12132 12133
7305 5 12129 12131 12134 12133
7306 7 12131 12134 12133 12132
7307 7 12129 12132 12133 12134
7308 8 12140 12139 12141 12144
7309 8 12140 12139 12142 12143
7310 5 12139 12141 12144 12143
7311 7 12141 12144 12143 12142
7312 7 12139 12142 12143 12144
7313 8 12150 12149 12151 12154
7314 8 12150 12149 12152 12153
7315 5 12149 12151 12154 12153
7316 7 12151 12154 12153 12152
7317 7 12149 12152 12153 12154
7318 8 12160 12159 12161 12164
7319 8 12160 12159 12162 12163
7320 5 12159 12161 12164 12163
7321 7 12161 12164 12163 12162
7322 7 12159 12162 12163 12164
7323 8 12170 12169 12171 12174
7324 8 12170 12169 12172 12173
7325 5 12169 12171 12174 12173
7326 7 12171 12174 12173 12172
7327 7 12169 12172 12173 12174
7328 8 12180 12179 12181 12184
7329 8 12180 12179 12182 12183
7330 5 12179 12181 12184 12183
7331 7 12181 12184 12183 12182
7332 7 12179 12182 12183 12184
7333 8 12190 12189 12191 12194
7334 8 12190 12189 12192 12193
7335 5 12189 12191 12194 12193
7336 7 12191 12194 12193 12192
7337 7 12189 12192 12193 12194
7338 8 12200 12199 12201 12204
7339 8 12200 12199 12202 12203
7340 5 12199 12201 12204 12203
7341 7 12201 12204 12203 12202
7342 7 12199 12202 12203 12204
7343 8 12210 12209 12211 12214
7344 8 12210 12209 12212 12213
7345 5 12209 12211 12214 12213
7346 7 12211 12214 12213 12212
7347 7 12209 12212 12213 12214
7348 8 12220 12219 12221 12224
7349 8 12220 12219 12222 12223
7350 5 12219 12221 12224 12223
7351 7 12221 12224 12223 12222
7352 7 12219 12222 12223 12224
7353 8 12230 12229 12231 12234
7354 8 12230 12229 12232 12233
7355 5 12229 12231 12234 12233
7356 7 12231 12234 12233 12232
7357 7 12229 12232 12233 12234
7358 8 12240 12239 12241 12244
7359 8 12240 12239 12242 12243
7360 5 12239 12241 12244 12243
7361 7 12241 12244 12243 12242
7362 7 12239 12242 12243 12244
7363 8 12250 12249 12251 12254
7364 8 12250 12249 12252 12253
7365 5 12249 12251 12254 12253
7366 7 12251 12254 12253 12252
7367 7 12249 12252 12253 12254
7368 8 12260 12259 12261 12264
7369 8 12260 12259 12262 12263
7370 5 12259 12261 12264 12263
7371 7 12261 12264 12263 12262
7372 7 12259 12262 12263 12264
7373 8 12270 12269 12271 12274
7374 8 12270 12269 12272 12273
7375 5 12269 12271 12274 12273
7376 7 12271 12274 12273 12272
7377 7 12269 12272 12273 12274
7378 8 12280 12279 12281 12284
7379 8 12280 12279 12282 12283
7380 5 12279 12281 12284 12283
7381 7 12281 12284 12283 12282
7382 7 12279 12282 12283 12284
7383 8 12290 12289 12291 12294
7384 8 12290 12289 12292 12293
7385 5 12289 12291 12294 12293
7386 7 12291 12294 12293 12292
7387 7 12289 12292 12293 12294
7388 8 12300 12299 12301 12304
7389 8 12300 12299 12302 12303
7390 5 12299 12301 12304 12303
7391 7 12301 12304 12303 12302
7392 7 12299 12302 12303 12304
7393 8 12310 12309 12311 12314
7394 8 12310 12309 12312 12313
7395 5 12309 12311 12314 12313
7396 7 12311 12314 12313 12312
7397 7 12309 12312 12313 12314
7398 8 12320 12319 12321 12324
7399 8 12320 12319 12322 12323
7400 5 12319 12321 12324 12323
7401 7 12321 12324 12323 12322
7402 7 12319 12322 12323 12324
7403 8 12330 12329 12331 12334
7404 8 12330 12329 12332 12333
7405 5 12329 12331 12334 12333
7406 7 12331 12334 12333 12332
7407 7 12329 12332 12333 12334
7408 8 12340 12339 12341 12344
7409 8 12340 12339 12342 12343
7410 5 12339 12341 12344 12343
7411 7 12341 12344 12343 12342
7412 7 12339 12342 12343 12344
7413 8 12350 12349 12351 12354
7414 8 12350 12349 12352 12353
7415 5 12349 12351 12354 12353
7416 7 12351 12354 12353 12352
7417 7 12349 12352 12353 12354
7418 8 12360 12359 12361 12364
7419 8 12360 12359 12362 12363
7420 5 12359 12361 12364 12363
7421 7 12361 12364 12363 12362
7422 7 12359 12362 12363 12364
7423 8 12370 12369 12371 12374
7424 8 12370 12369 12372 12373
7425 5 12369 12371 12374 12373
7426 7 12371 12374 12373 12372
7427 7 12369 12372 12373 12374
7428 8 12380 12379 12381 12384
7429 8 12380 12379 12382 12383
7430 5 12379 12381 12384 12383
7431 7 12381 12384 12383 12382
7432 7 12379 12382 12383 12384
7433 8 12390 12389 12391 12394
7434 8 12390 12389 12392 12393
7435 5 12389 12391 12394 12393
7436 7 12391 12394 12393 12392
7437 7 12389 12392 12393 12394
7438 8 12400 12399 12401 12404
7439 8 12400 12399 12402 12403
7440 5 12399 12401 12404 12403
7441 7 12401 12404 12403 12402
7442 7 12399 12402 12403 12404
7443 8 12410 12409 12411 12414
7444 8 12410 12409 12412 12413
7445 5 12409 12411 12414 12413
7446 7 12411 12414 12413 12412
7447 7 12409 12412 12413 12414
7448 8 12420 12419 12421 12424
7449 8 12420 12419 12422 12423
7450 5 12419 12421 12424 12423
7451 7 12421 12424 12423 12422
7452 7 12419 12422 12423 12424
7453 8 12430 12429 12431 12434
7454 8 12430 12429 12432 12433
7455 5 12429 12431 12434 12433
7456 7 12431 12434 12433 12432
7457 7 12429 12432 12433 12434
7458 8 12440 12439 12441 12444
7459 8 12440 12439 12442 12443
7460 5 12439 12441 12444 12443
7461 7 12441 12444 12443 12442
7462 7 12439 12442 12443 12444
7463 8 12450 12449 12451 12454
7464 8 12450 12449 12452 12453
7465 5 12449 12451 12454 12453
7466 7 12451 12454 12453 12452
7467 7 12449 12452 12453 12454
7468 8 12460 12459 12461 12464
7469 8 12460 12459 12462 12463
7470 5 12459 12461 12464 12463
7471 7 12461 12464 12463 12462
7472 7 12459 12462 12463 12464
7473 8 12470 12469 12471 12474
7474 8 12470 12469 12472 12473
7475 5 12469 12471 12474 12473
7476 7 12471 12474 12473 12472
7477 7 12469 12472 12473 12474
7478 8 12480 12479 12481 12484
7479 8 12480 12479 12482 12483
7480 5 12479 12481 12484 12483
7481 7 12481 12484 12483 12482
7482 7 12479 12482 12483 12484
7483 8 12490 12489 12491 12494
7484 8 12490 12489 12492 12493
7485 5 12489 12491 12494 12493
7486 7 12491 12494 12493 12492
7487 7 12489 12492 12493 12494
7488 8 12500 12499 12501 12504
7489 8 12500 12499 12502 12503
7490 5 12499 12501 12504 12503
7491 7 12501 12504 12503 12502
7492 7 12499 12502 12503 12504
7493 8 12510 12509 12511 12514
7494 8 12510 12509 12512 12513
7495 5 12509 12511 12514 12513
7496 7 12511 12514 12513 12512
7497 7 12509 12512 12513 12514
7498 8 12520 12519 12521 12524
7499 8 12520 12519 12522 12523
7500 5 12519 12521 12524 12523
7501 7 12521 12524 12523 12522
7502 7 12519 12522 12523 12524
7503 8 12530 12529 12531 12534
7504 8 12530 12529 12532 12533
7505 5 12529 12531 12534 12533
7506 7 12531 12534 12533 12532
7507 7 12529 12532 12533 12534
7508 8 12540 12539 12541 12544
7509 8 12540 12539 12542 12543
7510 5 12539 12541 12544 12543
7511 7 12541 12544 12543 12542
7512 7 12539 12542 12543 12544
7513 8 12550 12549 12551 12554
7514 8 12550 12549 12552 12553
7515 5 12549 12551 12554 12553
7516 7 12551 12554 12553 12552
7517 7 12549 12552 12553 12554
7518 8 12560 12559 12561 12564
7519 8 12560 12559 12562 12563
7520 5 12559 12561 12564 12563
7521 7 12561 12564 12563 12562
7522 7 12559 12562 12563 12564
7523 8 12570 12569 12571 12574
7524 8 12570 12569 12572 12573
7525 5 12569 12571 12574 12573
7526 7 12571 12574 12573 12572
7527 7 12569 12572 12573 12574
7528 8 12580 12579 12581 12584
7529 8 12580 12579 12582 12583
7530 5 12579 12581 12584 12583
7531 7 12581 12584 12583 12582
7532 7 12579 12582 12583 12584
7533 8 12590 12589 12591 12594
7534 8 12590 12589 12592 12593
7535 5 12589 12591 12594 12593
7536 7 12591 12594 12593 12592
7537 7 12589 12592 12593 12594
7538 8 12600 12599 12601 12604
7539 8 12600 12599 12602 12603
7540 5 12599 12601 12604 12603
7541 7 12601 12604 12603 12602
7542 7 12599 12602 12603 12604
7543 8 12610 12609 12611 12614
7544 8 12610 12609 12612 12613
7545 5 12609 12611 12614 12613
7546 7 12611 12614 12613 12612
7547 7 12609 12612 12613 12614
7548 8 12620 12619 12621 12624
7549 8 12620 12619 12622 12623
7550 5 12619 12621 12624 12623
7551 7 12621 12624 12623 12622
7552 7 12619 12622 12623 12624
7553 8 12630 12629 12631 12634
7554 8 12630 12629 12632 12633
7555 5 12629 12631 12634 12633
7556 7 12631 12634 12633 12632
7557 7 12629 12632 12633 12634
7558 8 12640 12639 12641 12644
7559 8 12640 12639 12642 12643
7560 5 12639 12641 12644 12643
7561 7 12641 12644 12643 12642
7562 7 12639 12642 12643 12644
7563 8 12650 12649 12651 12654
7564 8 12650 12649 12652 12653
7565 5 12649 12651 12654 12653
7566 7 12651 12654 12653 12652
7567 7 12649 12652 12653 12654
7568 8 12660 12659 12661 12664
7569 8 12660 12659 12662 12663
7570 5 12659 12661 12664 12663
7571 7 12661 12664 12663 12662
7572 7 12659 12662 12663 12664
7573 8 12670 12669 12671 12674
7574 8 12670 12669 12672 12673
7575 5 12669 12671 12674 12673
7576 7 12671 12674 12673 12672
7577 7 12669 12672 12673 12674
7578 8 12680 12679 12681 12684
7579 8 12680 12679 12682 12683
7580 5 12679 12681 12684 12683
7581 7 12681 12684 12683 12682
7582 7 12679 12682 12683 12684
7583 8 12690 12689 12691 12694
7584 8 12690 12689 12692 12693
7585 5 12689 12691 12694 12693
7586 7 12691 12694 12693 12692
7587 7 12689 12692 12693 12694
7588 8 12700 12699 12701 12704
7589 8 12700 12699 12702 12703
7590 5 12699 12701 12704 12703
7591 7 12701 12704 12703 12702
7592 7 12699 12702 12703 12704
7593 8 12710 12709 12711 12714
7594 8 12710 12709 12712 12713
7595 5 12709 12711 12714 12713
7596 7 12711 12714 12713 12712
7597 7 12709 12712 12713 12714
7598 8 12720 12719 12721 12724
7599 8 12720 12719 12722 12723
7600 5 12719 12721 12724 12723
7601 7 12721 12724 12723 12722
7602 7 12719 12722 12723 12724
7603 8 12730 12729 12731 12734
7604 8 12730 12729 12732 12733
7605 5 12729 12731 12734 12733
7606 7 12731 12734 12733 12732
7607 7 12729 12732 12733 12734
7608 8 12740 12739 12741 12744
7609 8 12740 12739 12742 12743
7610 5 12739 12741 12744 12743
7611 7 12741 12744 12743 12742
7612 7 12739 12742 12743 12744
7613 8 12750 12749 12751 12754
7614 8 12750 12749 12752 12753
7615 5 12749 12751 12754 12753
7616 7 12751 12754 12753 12752
7617 7 12749 12752 12753 12754
7618 8 12760 12759 12761 12764
7619 8 12760 12759 12762 12763
7620 5 12759 12761 12764 12763
7621 7 12761 12764 12763 12762
7622 7 12759 12762 12763 12764
7623 8 12770 12769 12771 12774
7624 8 12770 12769 12772 12773
7625 5 12769 12771 12774 12773
7626 7 12771 12774 12773 12772
7627 7 12769 12772 12773 12774
7628 8 12780 12779 12781 12784
7629 8 12780 12779 12782 12783
7630 5 12779 12781 12784 12783
7631 7 12781 12784 12783 12782
7632 7 12779 12782 12783 12784
7633 8 12790 12789 12791 12794
7634 8 12790 12789 12792 12793
7635 5 12789 12791 12794 12793
7636 7 12791 12794 12793 12792
7637 7 12789 12792 12793 12794
7638 8 12800 12799 12801 12804
7639 8 12800 12799 12802 12803
7640 5 12799 12801 12804 12803
7641 7 12801 12804 12803 12802
7642 7 12799 12802 12803 12804
7643 8 12810 12809 12811 12814
7644 8 12810 12809 12812 12813
7645 5 12809 12811 12814 12813
7646 7 12811 12814 12813 12812
7647 7 12809 12812 12813 12814
7648 8 12820 12819 12821 12824
7649 8 12820 12819 12822 12823
7650 5 12819 12821 12824 12823
7651 7 12821 12824 12823 12822
7652 7 12819 12822 12823 12824
7653 8 12830 12829 12831 12834
7654 8 12830 12829 12832 12833
7655 5 12829 12831 12834 12833
7656 7 12831 12834 12833 12832
7657 7 12829 12832 12833 12834
7658 8 12840 12839 12841 12844
7659 8 12840 12839 12842 12843
7660 5 12839 12841 12844 12843
7661 7 12841 12844 12843 12842
7662 7 12839 12842 12843 12844
7663 8 12850 12849 12851 12854
7664 8 12850 12849 12852 12853
7665 5 12849 12851 12854 12853
7666 7 12851 12854 12853 12852
7667 7 12849 12852 12853 12854
7668 8 12860 12859 12861 12864
7669 8 12860 12859 12862 12863
7670 5 12859 12861 12864 12863
7671 7 12861 12864 12863 12862
7672 7 12859 12862 12863 12864
7673 8 12870 12869 12871 12874
7674 8 12870 12869 12872 12873
7675 5 12869 12871 12874 12873
7676 7 12871 12874 12873 12872
7677 7 12869 12872 12873 12874
7678 8 12880 12879 12881 12884
7679 8 12880 12879 12882 12883
7680 5 12879 12881 12884 12883
7681 7 12881 12884 12883 12882
7682 7 12879 12882 12883 12884
7683 8 12890 12889 12891 12894
7684 8 12890 12889 12892 12893
7685 5 12889 12891 12894 12893
7686 7 12891 12894 12893 12892
7687 7 12889 12892 12893 12894
7688 8 12900 12899 12901 12904
7689 8 12900 12899 12902 12903
7690 5 12899 12901 12904 12903
7691 7 12901 12904 12903 12902
7692 7 12899 12902 12903 12904
7693 8 12910 12909 12911 12914
7694 8 12910 12909 12912 12913
7695 5 12909 12911 12914 12913
7696 7 12911 12914 12913 12912
7697 7 12909 12912 12913 12914
7698 8 12920 12919 12921 12924
7699 8 12920 12919 12922 12923
7700 5 12919 12921 12924 12923
7701 7 12921 12924 12923 12922
7702 7 12919 12922 12923 12924
7703 8 12930 12929 12931 12934
7704 8 12930 12929 12932 12933
7705 5 12929 12931 12934 12933
7706 7 12931 12934 12933 12932
7707 7 12929 12932 12933 12934
7708 8 12940 12939 12941 12944
7709 8 12940 12939 12942 12943
7710 5 12939 12941 12944 12943
7711 7 12941 12944 12943 12942
7712 7 12939 12942 12943 12944
7713 8 12950 12949 12951 12954
7714 8 12950 12949 12952 12953
7715 5 12949 12951 12954 12953
7716 7 12951 12954 12953 12952
7717 7 12949 12952 12953 12954
7718 8 12960 12959 12961 12964
7719 8 12960 12959 12962 12963
7720 5 12959 12961 12964 12963
7721 7 12961 12964 12963 12962
7722 7 12959 12962 12963 12964
7723 8 12970 12969 12971 12974
7724 8 12970 12969 12972 12973
7725 5 12969 12971 12974 12973
7726 7 12971 12974 12973 12972
7727 7 12969 12972 12973 12974
7728 8 12980 12979 12981 12984
7729 8 12980 12979 12982 12983
7730 5 12979 12981 12984 12983
7731 7 12981 12984 12983 12982
7732 7 12979 12982 12983 12984
7733 8 12990 12989 12991 12994
7734 8 12990 12989 12992 12993
7735 5 12989 12991 12994 12993
7736 7 12991 12994 12993 12992
7737 7 12989 12992 12993 12994
7738 8 13000 12999 13001 13004
7739 8 13000 12999 13002 13003
7740 5 12999 13001 13004 13003
7741 7 13001 13004 13003 13002
7742 7 12999 13002 13003 13004
7743 8 13010 13009 13011 13014
7744 8 13010 13009 13012 13013
7745 5 13009 13011 13014 13013
7746 7 13011 13014 13013 13012
7747 7 13009 13012 13013 13014
7748 8 13020 13019 13021 13024
7749 8 13020 13019 13022 13023
7750 5 13019 13021 13024 13023
7751 7 13021 13024 13023 13022
7752 7 13019 13022 13023 13024
7753 8 13030 13029 13031 13034
7754 8 13030 13029 13032 13033
7755 5 13029 13031 13034 13033
7756 7 13031 13034 13033 13032
7757 7 13029 13032 13033 13034
7758 8 13040 13039 13041 13044
7759 8 13040 13039 13042 13043
7760 5 13039 13041 13044 13043
7761 7 13041 13044 13043 13042
7762 7 13039 13042 13043 13044
7763 8 13050 13049 13051 13054
7764 8 13050 13049 13052 13053
7765 5 13049 13051 13054 13053
7766 7 13051 13054 13053 13052
7767 7 13049 13052 13053 13054
7768 8 13060 13059 13061 13064
7769 8 13060 13059 13062 13063
7770 5 13059 13061 13064 13063
7771 7 13061 13064 13063 13062
7772 7 13059 13062 13063 13064
7773 8 13070 13069 13071 13074
7774 8 13070 13069 13072 13073
7775 5 13069 13071 13074 13073
7776 7 13071 13074 13073 13072
7777 7 13069 13072 13073 13074
7778 8 13080 13079 13081 13084
7779 8 13080 13079 13082 13083
7780 5 13079 13081 13084 13083
7781 7 13081 13084 13083 13082
7782 7 13079 13082 13083 13084
7783 8 13090 13089 13091 13094
7784 8 13090 13089 13092 13093
7785 5 13089 13091 13094 13093
7786 7 13091 13094 13093 13092
7787 7 13089 13092 13093 13094
7788 8 13100 13099 13101 13104
7789 8 13100 13099 13102 13103
7790 5 13099 13101 13104 13103
7791 7 13101 13104 13103 13102
7792 7 13099 13102 13103 13104
7793 8 13110 13109 13111 13114
7794 8 13110 13109 13112 13113
7795 5 13109 13111 13114 13113
7796 7 13111 13114 13113 13112
7797 7 13109 13112 13113 13114
7798 8 13120 13119 13121 13124
7799 8 13120 13119 13122 13123
7800 5 13119 13121 13124 13123
7801 7 13121 13124 13123 13122
7802 7 13119 13122 13123 13124
7803 8 13130 13129 13131 13134
7804 8 13130 13129 13132 13133
7805 5 13129 13131 13134 13133
7806 7 13131 13134 13133 13132
7807 7 13129 13132 13133 13134
7808 8 13140 13139 13141 13144
7809 8 13140 13139 13142 13143
7810 5 13139 13141 13144 13143
7811 7 13141 13144 13143 13142
7812 7 13139 13142 13143 13144
7813 8 13150 13149 13151 13154
7814 8 13150 13149 13152 13153
7815 5 13149 13151 13154 13153
7816 7 13151 13154 13153 13152
7817 7 13149 13152 13153 13154
7818 8 13160 13159 13161 13164
7819 8 13160 13159 13162 13163
7820 5 13159 13161 13164 13163
7821 7 13161 13164 13163 13162
7822 7 13159 13162 13163 13164
7823 8 13170 13169 13171 13174
7824 8 13170 13169 13172 13173
7825 5 13169 13171 13174 13173
7826 7 13171 13174 13173 13172
7827 7 13169 13172 13173 13174
7828 8 13180 13179 13181 13184
7829 8 13180 13179 13182 13183
7830 5 13179 13181 13184 13183
7831 7 13181 13184 13183 13182
7832 7 13179 13182 13183 13184
7833 8 13190 13189 13191 13194
7834 8 13190 13189 13192 13193
7835 5 13189 13191 13194 13193
7836 7 13191 13194 13193 13192
7837 7 13189 13192 13193 13194
7838 8 13200 13199 13201 13204
7839 8 13200 13199 13202 13203
7840 5 13199 13201 13204 13203
7841 7 13201 13204 13203 13202
7842 7 13199 13202 13203 13204
7843 8 13210 13209 13211 13214
7844 8 13210 13209 13212 13213
7845 5 13209 13211 13214 13213
7846 7 13211 13214 13213 13212
7847 7 13209 13212 13213 13214
7848 8 13220 13219 13221 13224
7849 8 13220 13219 13222 13223
7850 5 13219 13221 13224 13223
7851 7 13221 13224 13223 13222
7852 7 13219 13222 13223 13224
7853 8 13230 13229 13231 13234
7854 8 13230 13229 13232 13233
7855 5 13229 13231 13234 13233
7856 7 13231 13234 13233 13232
7857 7 13229 13232 13233 13234
7858 8 13240 13239 13241 13244
7859 8 13240 13239 13242 13243
7860 5 13239 13241 13244 13243
7861 7 13241 13244 13243 13242
7862 7 13239 13242 13243 13244
7863 8 13250 13249 13251 13254
7864 8 13250 13249 13252 13253
7865 5 13249 13251 13254 13253
7866 7 13251 13254 13253 13252
7867 7 13249 13252 13253 13254
7868 8 13260 13259 13261 13264
7869 8 13260 13259 13262 13263
7870 5 13259 13261 13264 13263
7871 7 13261 13264 13263 13262
7872 7 13259 13262 13263 13264
7873 8 13270 13269 13271 13274
7874 8 13270 13269 13272 13273
7875 5 13269 13271 13274 13273
7876 7 13271 13274 13273 13272
7877 7 13269 13272 13273 13274
7878 8 13280 13279 13281 13284
7879 8 13280 13279 13282 13283
7880 5 13279 13281 13284 13283
7881 7 13281 13284 13283 13282
7882 7 13279 13282 13283 13284
7883 8 13290 13289 13291 13294
7884 8 13290 13289 13292 13293
7885 5 13289 13291 13294 13293
7886 7 13291 13294 13293 13292
7887 7 13289 13292 13293 13294
7888 8 13300 13299 13301 13304
7889 8 13300 13299 13302 13303
7890 5 13299 13301 13304 13303
7891 7 13301 13304 13303 13302
7892 7 13299 13302 13303 13304
7893 8 13310 13309 13311 13314
7894 8 13310 13309 13312 13313
7895 5 13309 13311 13314 13313
7896 7 13311 13314 13313 13312
7897 7 13309 13312 13313 13314
7898 8 13320 13319 13321 13324
7899 8 13320 13319 13322 13323
7900 5 13319 13321 13324 13323
7901 7 13321 13324 13323 13322
7902 7 13319 13322 13323 13324
7903 8 13330 13329 13331 13334
7904 8 13330 13329 13332 13333
7905 5 13329 13331 13334 13333
7906 7 13331 13334 13333 13332
7907 7 13329 13332 13333 13334
7908 8 13340 13339 13341 13344
7909 8 13340 13339 13342 13343
7910 5 13339 13341 13344 13343
7911 7 13341 13344 13343 13342
7912 7 13339 13342 13343 13344
7913 8 13350 13349 13351 13354
7914 8 13350 13349 13352 13353
7915 5 13349 13351 13354 13353
7916 7 13351 13354 13353 13352
7917 7 13349 13352 13353 13354
7918 8 13360 13359 13361 13364
7919 8 13360 13359 13362 13363
7920 5 13359 13361 13364 13363
7921 7 13361 13364 13363 13362
7922 7 13359 13362 13363 13364
7923 8 13370 13369 13371 13374
7924 8 13370 13369 13372 13373
7925 5 13369 13371 13374 13373
7926 7 13371 13374 13373 13372
7927 7 13369 13372 13373 13374
7928 8 13380 13379 13381 13384
7929 8 13380 13379 13382 13383
7930 5 13379 13381 13384 13383
7931 7 13381 13384 13383 13382
7932 7 13379 13382 13383 13384
7933 8 13390 13389 13391 13394
7934 8 13390 13389 13392 13393
7935 5 13389 13391 13394 13393
7936 7 13391 13394 13393 13392
7937 7 13389 13392 13393 13394
7938 8 13400 13399 13401 13404
7939 8 13400 13399 13402 13403
7940 5 13399 13401 13404 13403
7941 7 13401 13404 13403 13402
7942 7 13399 13402 13403 13404
7943 8 13410 13409 13411 13414
7944 8 13410 13409 13412 13413
7945 5 13409 13411 13414 13413
7946 7 13411 13414 13413 13412
7947 7 13409 13412 13413 13414
7948 8 13420 13419 13421 13424
7949 8 13420 13419 13422 13423
7950 5 13419 13421 13424 13423
7951 7 13421 13424 13423 13422
7952 7 13419 13422 13423 13424
7953 8 13430 13429 13431 13434
7954 8 13430 13429 13432 13433
7955 5 13429 13431 13434 13433
7956 7 13431 13434 13433 13432
7957 7 13429 13432 13433 13434
7958 8 13440 13439 13441 13444
7959 8 13440 13439 13442 13443
7960 5 13439 13441 13444 13443
7961 7 13441 13444 13443 13442
7962 7 13439 13442 13443 13444
7963 8 13450 13449 13451 13454
7964 8 13450 13449 13452 13453
7965 5 13449 13451 13454 13453
7966 7 13451 13454 13453 13452
7967 7 13449 13452 13453 13454
7968 8 13460 13459 13461 13464
7969 8 13460 13459 13462 13463
7970 5 13459 13461 13464 13463
7971 7 13461 13464 13463 13462
7972 7 13459 13462 13463 13464
7973 8 13470 13469 13471 13474
7974 8 13470 13469 13472 13473
7975 5 13469 13471 13474 13473
7976 7 13471 13474 13473 13472
7977 7 13469 13472 13473 13474
7978 8 13480 13479 13481 13484
7979 8 13480 13479 13482 13483
7980 5 13479 13481 13484 13483
7981 7 13481 13484 13483 13482
7982 7 13479 13482 13483 13484
7983 8 13490 13489 13491 13494
7984 8 13490 13489 13492 13493
7985 5 13489 13491 13494 13493
7986 7 13491 13494 13493 13492
7987 7 13489 13492 13493 13494
7988 8 13500 13499 13501 13504
7989 8 13500 13499 13502 13503
7990 5 13499 13501 13504 13503
7991 7 13501 13504 13503 13502
7992 7 13499 13502 13503 13504
7993 8 13510 13509 13511 13514
7994 8 13510 13509 13512 13513
7995 5 13509 13511 13514 13513
7996 7 13511 13514 13513 13512
7997 7 13509 13512 13513 13514
7998 8 13520 13519 13521 13524
7999 8 13520 13519 13522 13523
8000 5 13519 13521 13524 13523
8001 7 13521 13524 13523 13522
8002 7 13519 13522 13523 13524
8003 8 13530 13529 13531 13534
8004 8 13530 13529 13532 13533
8005 5 13529 13531 13534 13533
8006 7 13531 13534 13533 13532
8007 7 13529 13532 13533 13534
8008 8 13540 13539 13541 13544
8009 8 13540 13539 13542 13543
8010 5 13539 13541 13544 13543
8011 7 13541 13544 13543 13542
8012 7 13539 13542 13543 13544
8013 8 13550 13549 13551 13554
8014 8 13550 13549 13552 13553
8015 5 13549 13551 13554 13553
8016 7 13551 13554 13553 13552
8017 7 13549 13552 13553 13554
8018 8 13560 13559 13561 13564
8019 8 13560 13559 13562 13563
8020 5 13559 13561 13564 13563
8021 7 13561 13564 13563 13562
8022 7 13559 13562 13563 13564
8023 8 13570 13569 13571 13574
8024 8 13570 13569 13572 13573
8025 5 13569 13571 13574 13573
8026 7 13571 13574 13573 13572
8027 7 13569 13572 13573 13574
8028 8 13580 13579 13581 13584
8029 8 13580 13579 13582 13583
8030 5 13579 13581 13584 13583
8031 7 13581 13584 13583 13582
8032 7 13579 13582 13583 13584
8033 8 13590 13589 13591 13594
8034 8 13590 13589 13592 13593
8035 5 13589 13591 13594 13593
8036 7 13591 13594 13593 13592
8037 7 13589 13592 13593 13594
8038 8 13600 13599 13601 13604
8039 8 13600 13599 13602 13603
8040 5 13599 13601 13604 13603
8041 7 13601 13604 13603 13602
8042 7 13599 13602 13603 13604
8043 8 13610 13609 13611 13614
8044 8 13610 13609 13612 13613
8045 5 13609 13611 13614 13613
8046 7 13611 13614 13613 13612
8047 7 13609 13612 13613 13614
