   2.176   23.128   46.816
   2.738   23.945   47.733
   3.189   23.267   48.723
   3.012   22.010   48.625
   2.232   21.876   47.161
   2.327   20.903   47.528
   1.728   21.588   46.254
   3.648   23.714   49.516
   3.220   22.313   48.965
  45.741   40.111    5.364
  44.842   41.079    5.640
  44.830   41.338    6.895
  45.645   40.644    7.584
  46.361   39.687    6.425
  46.800   39.419    7.334
  46.931   38.991    5.834
  44.212   42.045    7.293
  45.312   41.003    7.686
  10.856   31.286   27.454
  11.939   30.960   26.717
  12.793   31.916   26.726
  12.441   32.931   27.409
  10.948   32.470   27.982
  11.119   33.429   28.358
   9.982   32.357   28.443
  13.678   31.852   26.222
  12.842   32.810   27.136
  26.603   11.648   27.945
  25.804   10.953   28.782
  26.489   10.444   29.738
  27.735   10.699   29.688
  27.850   11.628   28.312
  28.820   11.551   28.691
  28.125   12.236   27.467
  26.056    9.882   30.471
  27.439   10.441   29.998
  40.323   38.038   33.863
  39.014   38.036   34.192
  38.523   39.216   34.094
  39.356   40.103   33.719
  40.754   39.220   33.534
  41.000   40.204   33.288
  41.742   38.828   33.360
  37.544   39.411   34.303
  38.871   40.102   33.841
  37.660   40.091   12.130
  38.892   40.591   11.896
  39.242   41.385   12.839
  38.376   41.523   13.760
  37.143   40.534   13.238
  36.819   40.946   14.141
  36.251   39.954   13.071
  40.145   41.860   12.835
  38.832   41.708   13.674
  29.449   19.386   12.327
  30.632   19.004   11.800
  31.581   19.742   12.244
  31.209   20.645   13.059
  29.566   20.393   13.141
  29.765   21.198   13.774
  28.504   20.387   13.324
  32.550   19.603   11.957
  31.647   20.504   12.864
   3.380   21.512   21.800
   2.557   22.454   22.307
   1.494   21.916   22.779
   1.451   20.649   22.669
   2.897   20.311   21.916
   2.423   19.391   22.056
   3.770   19.897   21.440
   0.752   22.472   23.204
   1.146   20.998   22.856
  15.117   44.965   17.441
  14.827   43.843   16.749
  13.643   43.438   17.025
  13.021   44.164   17.866
  14.137   45.351   18.203
  13.296   45.575   18.779
  14.715   46.192   18.547
  13.246   42.602   16.597
  12.913   43.748   17.610
  35.749   43.237   -0.000
  34.448   43.600   -0.000
  34.338   44.877   -0.000
  35.447   45.502   -0.000
  36.553   44.258   -0.000
  37.111   45.141   -0.000
  37.409   43.604   -0.000
  33.429   45.339   -0.000
  34.965   45.636   -0.000
  46.138   21.778   11.009
  44.926   21.279   10.687
  44.570   21.676    9.522
  45.415   22.432    8.943
  46.635   22.527   10.070
  46.945   23.108    9.260
  47.517   22.709   10.661
  43.681   21.400    9.107
  44.966   22.247    8.824
   1.817   10.817   30.097
   0.659   11.345   29.645
   0.775   12.612   29.486
   1.922   13.078   29.780
   2.746   11.712   30.255
   3.421   12.503   30.349
   3.437   10.957   30.593
   0.001   13.185   29.149
   1.493   13.273   29.613
  12.105   26.910   19.328
  11.116   26.611   20.197
  10.205   25.919   19.620
  10.428   25.674   18.391
  11.890   26.429   18.140
  11.624   26.001   17.225
  12.816   26.848   17.785
   9.375   25.598   20.119
  10.061   25.563   18.713
  25.601   40.744   32.751
  26.695   41.519   32.596
  27.713   40.804   32.289
  27.474   39.557   32.202
  25.849   39.483   32.554
  26.150   38.500   32.376
  24.820   39.234   32.754
  28.633   41.216   32.132
  27.879   39.844   32.144
  15.483   19.597   35.693
  16.402   18.617   35.814
  16.760   18.189   34.660
  16.185   18.768   33.683
  15.193   19.860   34.453
  15.031   19.995   33.431
  14.495   20.620   34.761
  17.449   17.446   34.551
  16.525   18.405   33.728
  15.066   46.438   22.797
  15.246   45.538   21.807
  16.315   44.859   22.004
  16.952   45.175   23.060
  16.009   46.392   23.691
  16.810   46.277   24.350
  15.539   47.185   24.248
  16.616   44.129   21.359
  17.019   44.842   22.693
  19.718    4.358   14.454
  18.992    3.252   14.188
  19.392    2.700   13.103
  20.358    3.301   12.532
  20.630    4.585   13.555
  21.327    4.679   12.783
  20.954    5.466   14.084
  18.961    1.850   12.741
  20.089    2.891   12.434
  14.434   45.906   11.533
  13.868   46.907   10.825
  14.684   47.888   10.701
  15.815   47.706   11.257
  15.648   46.183   11.907
  16.611   46.500   12.158
  15.733   45.226   12.394
  14.432   48.737   10.196
  15.605   48.076   10.995
  21.404   17.992   23.409
  21.134   17.435   22.210
  21.063   16.160   22.311
  21.258   15.713   23.487
  21.524   17.108   24.355
  21.600   16.323   25.040
  21.717   17.884   25.077
  20.866   15.565   21.506
  21.158   15.507   23.043
   1.226   27.900   39.417
   2.449   27.769   38.862
   3.057   26.751   39.349
   2.392   26.108   40.223
   0.973   26.975   40.294
   0.867   26.192   40.977
  -0.001   27.397   40.482
   3.997   26.491   39.050
   2.845   26.059   40.017
  27.809   41.506   28.137
  26.505   41.353   27.823
  25.767   42.018   28.633
  26.408   42.656   29.527
  27.988   42.279   29.167
  28.025   42.909   29.998
  29.056   42.154   29.094
  24.750   42.023   28.553
  25.925   42.600   29.411
  33.681   22.900   21.143
  34.549   23.417   20.248
  35.751   23.322   20.680
  35.858   22.778   21.826
  34.273   22.442   22.206
  34.841   22.105   23.015
  33.325   22.148   22.626
  36.546   23.661   20.139
  36.179   22.969   21.494
   7.179   44.310   44.144
   6.327   43.389   43.646
   6.969   42.475   43.017
   8.232   42.634   43.001
   8.421   44.044   43.865
   9.382   43.743   43.590
   8.744   44.929   44.388
   6.492   41.692   42.571
   7.916   42.293   42.817
  17.923    9.515   33.242
  16.789   10.224   33.055
  15.856    9.471   32.602
  16.196    8.256   32.434
  17.787    8.263   32.920
  17.577    7.280   32.636
  18.812    8.067   33.189
  14.924    9.832   32.399
  15.776    8.519   32.365
  30.444   18.332    2.044
  29.601   17.560    2.761
  28.535   17.317    2.093
  28.507   17.844    0.935
  29.971   18.634    0.871
  29.504   18.818   -0.044
  30.857   19.201    0.642
  27.779   16.748    2.473
  28.195   17.558    1.200
  18.508   14.118   30.294
  18.310   14.147   31.629
  18.192   15.355   32.040
  18.286   16.234   31.125
  18.530   15.306   29.766
  18.532   16.298   29.441
  18.694   14.885   28.788
  18.037   15.576   33.024
  18.213   16.245   31.620
  38.815   10.949   24.453
  37.827   10.152   23.993
  37.747    9.083   24.696
  38.593    9.012   25.644
  39.430   10.441   25.480
  39.857    9.949   26.295
  40.078   11.299   25.535
  37.057    8.359   24.497
  38.227    8.717   25.474
   4.357   10.536   41.635
   3.204   10.315   40.970
   3.101    9.079   40.645
   4.081    8.355   41.012
   5.067    9.456   41.778
   5.558    8.537   41.840
   5.827   10.007   42.305
   2.293    8.722   40.136
   3.654    8.273   40.765
  41.689    9.170   37.827
  41.766   10.233   36.998
  41.061   10.035   35.946
  40.462    8.912   35.917
  40.931    8.224   37.359
  40.305    7.528   36.897
  41.117    7.621   38.231
  40.996   10.730   35.203
  40.490    9.305   35.610
  45.441    8.969   18.363
  44.284    8.286   18.497
  43.524    8.485   17.484
  44.015    9.260   16.602
  45.495    9.649   17.256
  45.440   10.157   16.346
  46.476   10.013   17.510
  42.605    8.049   17.407
  43.586    9.007   16.651
  15.454   41.933   40.611
  14.615   42.979   40.765
  13.407   42.572   40.895
  13.270   41.307   40.852
  14.837   40.790   40.633
  14.250   39.927   40.665
  15.768   40.267   40.493
  12.630   43.221   41.023
  12.959   41.695   40.909
  48.366   25.973    9.927
  47.156   26.540   10.123
  47.195   27.791    9.850
  48.334   28.210    9.465
  49.256   26.826    9.516
  49.894   27.586    9.190
  50.005   26.052    9.484
  46.373   28.388    9.938
  47.886   28.420    9.537
  24.255   46.264   35.309
  24.332   47.351   34.511
  23.430   47.306   33.602
  22.683   46.277   33.651
  23.299   45.455   34.961
  22.509   44.875   34.602
  23.551   44.786   35.766
  23.333   48.043   32.904
  22.712   46.680   33.355
  30.671   22.203   28.800
  31.938   21.887   28.459
  32.755   22.248   29.378
  32.206   22.809   30.380
  30.596   22.787   29.959
  30.643   23.246   30.896
  29.526   22.865   29.868
  33.760   22.092   29.297
  32.676   22.692   30.254
   4.995    1.709   27.292
   5.184    1.108   26.098
   4.214    1.373   25.303
   3.314    2.123   25.801
   3.893    2.397   27.337
   2.991    2.918   27.272
   4.098    2.687   28.354
   4.182    1.005   24.352
   3.384    1.900   25.359
  36.379   41.714   24.154
  36.055   40.672   23.359
  34.885   40.233   23.646
  34.305   40.860   24.590
  35.438   42.009   25.000
  34.625   42.165   25.637
  36.031   42.811   25.405
  34.468   39.446   23.150
  34.185   40.474   24.296
  19.554   35.830   29.761
  18.290   36.070   30.170
  17.677   36.813   29.325
  18.376   37.151   28.316
  19.831   36.405   28.628
  19.952   36.904   27.720
  20.831   36.006   28.652
  16.709   37.102   29.464
  17.908   37.240   28.468
  22.881   31.973    5.154
  22.166   30.937    5.643
  22.844   29.851    5.576
  24.007   29.986    5.078
  24.062   31.615    4.743
  24.984   31.228    4.443
  24.286   32.629    4.458
  22.467   28.961    5.900
  23.742   29.602    5.259
  44.753   18.128   19.074
  45.675   18.302   20.045
  45.976   17.180   20.586
  45.357   16.179   20.102
  44.406   16.883   18.932
  44.196   15.861   18.897
  43.725   17.147   18.140
  46.658   17.112   21.341
  45.699   16.243   20.461
  41.861   49.341   44.890
  42.717   48.600   45.624
  42.075   47.792   46.385
  40.808   47.867   46.282
  40.616   49.056   45.133
  39.653   48.753   45.399
  40.291   49.791   44.417
  42.554   47.150   47.015
  41.125   47.592   46.554
  38.426   48.359   39.164
  37.145   48.399   38.739
  36.497   49.321   39.349
  37.185   49.976   40.196
  38.679   49.253   40.073
  38.779   50.002   40.794
  39.701   48.921   40.138
  35.511   49.502   39.159
  36.711   49.991   40.038
  41.831   49.377    5.722
  40.632   48.787    5.918
  40.441   47.859    5.055
  41.396   47.703    4.228
  42.482   48.864    4.721
  42.922   48.385    3.903
  43.301   49.544    4.885
  39.588   47.300    5.046
  40.952   47.485    4.301
  26.116   33.087   14.371
  25.781   33.428   15.633
  24.507   33.473   15.764
  23.859   33.194   14.705
  25.078   32.892   13.613
  24.184   32.759   13.091
  25.714   32.662   12.775
  24.065   33.714   16.651
  23.734   33.321   15.172
  20.806   38.595    7.837
  19.573   39.108    8.034
  19.639   40.368    8.254
  20.819   40.845    8.239
  21.740   39.496    7.919
  22.412   40.290    8.004
  22.495   38.753    7.722
  18.805   40.930    8.426
  20.362   41.034    8.312
  15.552    7.517    6.515
  15.927    8.354    5.524
  16.072    7.712    4.424
  15.838    6.464    4.507
  15.434    6.286    6.112
  15.367    5.333    5.691
  15.149    5.973    7.103
  16.353    8.178    3.561
  15.976    6.774    4.140
  34.689   31.255   22.285
  34.362   30.806   21.054
  33.124   31.031   20.808
  32.496   31.610   21.751
  33.682   31.795   22.904
  32.814   32.207   23.314
  34.300   32.003   23.761
  32.694   30.761   19.924
  32.375   31.444   21.295
  29.224   42.231   50.000
  28.806   43.511   49.910
  29.213   44.042   48.817
  29.902   43.266   48.079
  29.926   41.861   48.970
  30.475   41.663   48.104
  30.054   40.878   49.392
  28.994   45.007   48.573
  29.747   43.740   48.046
  30.353   46.124    4.851
  29.256   46.655    4.270
  29.177   47.909    4.520
  30.123   48.363    5.240
  31.045   47.005    5.510
  31.527   47.784    6.010
  31.762   46.252    5.793
  28.413   48.482    4.163
  29.717   48.560    5.025
  25.575   11.184   22.156
  26.782   11.790   22.177
  26.649   13.049   22.372
  25.444   13.439   22.499
  24.594   12.018   22.336
  23.881   12.765   22.488
  23.879   11.217   22.258
  27.454   13.674   22.419
  25.891   13.663   22.507
  42.966   44.267   23.283
  42.202   45.367   23.459
  41.891   45.506   24.694
  42.358   44.603   25.460
  43.192   43.633   24.395
  43.315   43.199   25.336
  43.777   42.894   23.872
  41.317   46.283   25.021
  42.076   45.010   25.525
   4.491    2.353   44.266
   5.594    1.700   43.842
   6.196    2.376   42.935
   5.637    3.481   42.644
   4.317    3.488   43.658
   4.268    4.378   43.114
   3.422    3.674   44.227
   7.052    2.041   42.493
   6.045    3.240   42.487
  14.945   23.605   44.425
  14.415   23.181   43.259
  13.467   23.958   42.886
  13.242   24.931   43.676
  14.370   24.681   44.874
  13.845   25.541   45.147
  15.020   24.689   45.733
  12.946   23.797   42.024
  13.046   24.773   43.244
  41.595   38.983    1.628
  42.576   39.904    1.519
  43.089   40.152    2.666
  42.575   39.495    3.627
  41.418   38.584    2.853
  41.355   38.331    3.864
  40.629   37.921    2.539
  43.847   40.825    2.783
  42.938   39.836    3.587
  33.738   25.249   28.759
  32.629   24.526   29.021
  31.635   25.299   29.264
  31.907   26.541   29.206
  33.525   26.531   28.817
  33.252   27.536   28.888
  34.555   26.728   28.571
  30.709   24.932   29.484
  31.496   26.273   29.303
   5.008   46.732   33.156
   6.114   47.154   33.803
   6.061   48.418   34.007
   5.007   48.979   33.567
   4.176   47.698   32.904
   3.579   48.541   32.750
   3.497   47.011   32.428
   6.811   48.918   34.485
   5.417   49.135   33.807
  21.699    3.738   44.741
  20.462    3.625   44.210
  19.917    4.778   44.089
  20.642    5.747   44.484
  22.024    4.971   44.992
  22.188    5.989   45.156
  22.984    4.658   45.366
  18.979    4.893   43.706
  20.184    5.705   44.288
   6.473    6.923   36.714
   6.118    7.260   37.972
   4.953    6.803   38.248
   4.405    6.151   37.302
   5.558    6.228   36.105
   4.765    5.679   35.706
   6.171    6.168   35.221
   4.515    6.958   39.156
   4.273    6.276   37.768
  49.397    4.925   14.627
  48.564    4.845   13.568
  47.500    4.203   13.880
  47.465    3.794   15.085
  48.919    4.338   15.684
  48.449    3.842   16.474
  49.799    4.602   16.247
  46.751    4.041   13.206
  47.157    3.764   14.693
  31.820    6.916   45.345
  32.341    7.194   46.559
  31.790    8.239   47.056
  30.899    8.767   46.316
  30.902    7.764   44.988
  30.182    8.495   44.796
  30.757    7.240   44.059
  32.055    8.605   47.971
  31.092    8.871   46.766
  31.358   19.206   36.662
  32.330   18.340   36.307
  33.476   18.914   36.333
  33.443   20.139   36.679
  31.819   20.390   36.939
  32.287   21.301   37.139
  30.824   20.743   37.155
  34.333   18.417   36.093
  33.803   19.818   36.547
  36.554   41.569   38.459
  37.524   40.693   38.121
  38.682   41.214   38.294
  38.662   42.407   38.735
  37.030   42.706   38.872
  37.510   43.578   39.186
  36.034   43.084   39.027
  39.539   40.700   38.091
  39.021   42.083   38.610
  17.729   27.860    1.834
  16.827   27.310    2.674
  15.638   27.465    2.224
  15.571   28.087    1.115
  17.173   28.404    0.791
  16.632   28.809   -0.004
  18.137   28.699    0.412
  14.822   27.114    2.725
  15.238   27.883    1.427
  24.693   21.061   37.736
  25.628   22.027   37.854
  26.660   21.582   38.470
  26.577   20.362   38.824
  25.067   19.935   38.269
  25.459   19.081   38.723
  24.134   19.475   37.989
  27.473   22.170   38.654
  26.923   20.720   38.868
  27.273   33.456    7.459
  26.214   34.105    7.987
  26.569   35.249    8.444
  27.806   35.511    8.302
  28.373   34.142    7.544
  29.199   34.770    7.661
  28.922   33.352    7.060
  25.902   35.884    8.882
  27.414   35.752    8.498
  23.372   12.241   48.543
  24.565   12.199   47.914
  24.478   11.524   46.828
  23.319   11.056   46.591
  22.445   11.595   47.900
  21.775   11.053   47.310
  21.722   11.847   48.658
  25.282   11.382   46.216
  23.761   11.040   46.358
  36.607   18.424   42.541
  37.434   19.034   43.416
  38.629   19.074   42.953
  38.766   18.545   41.803
  37.219   18.035   41.462
  37.801   17.763   40.639
  36.300   17.637   41.065
  39.395   19.499   43.475
  39.073   18.771   42.128
  35.310   44.969   32.909
  35.571   45.667   31.783
  34.511   45.787   31.072
  33.477   45.237   31.571
  34.067   44.597   32.990
  33.053   44.348   32.960
  34.256   44.118   33.936
  34.513   46.285   30.183
  33.574   45.495   31.154
  27.630   28.236   40.595
  28.437   28.000   41.651
  29.477   27.345   41.285
  29.516   27.070   40.043
  28.101   27.747   39.487
  28.563   27.319   38.654
  27.246   28.114   38.944
  30.203   27.075   41.948
  29.815   26.983   40.434
  36.451   27.900   27.869
  36.909   29.162   28.011
  37.143   29.687   26.866
  36.898   28.925   25.877
  36.362   27.538   26.624
  36.327   27.345   25.598
  35.995   26.568   26.916
  37.496   30.640   26.773
  37.067   29.393   25.930
   3.588   47.056   20.394
   3.375   47.391   21.685
   3.865   46.503   22.467
   4.428   45.529   21.872
   4.229   45.932   20.269
   4.744   45.024   20.276
   4.200   46.017   19.196
   3.800   46.584   23.482
   4.349   45.653   22.350
  33.501   12.743   25.930
  34.074   13.964   25.989
  33.183   14.883   25.935
  31.988   14.453   25.841
  32.206   12.803   25.835
  31.176   12.959   25.761
  32.142   11.728   25.815
  33.427   15.873   25.967
  32.201   14.905   25.863
  25.844   20.686   10.186
  25.748   19.964   11.323
  24.912   20.505   12.130
  24.373   21.573   11.693
  25.076   21.735   10.193
  24.428   22.547   10.297
  25.416   22.009    9.209
  24.706   20.101   13.044
  24.338   21.305   12.114
  36.021   20.558   13.833
  36.886   21.430   13.271
  37.900   20.811   12.792
  37.869   19.548   12.947
  36.428   19.326   13.749
  36.841   18.375   13.630
  35.545   18.984   14.263
  38.662   21.305   12.327
  38.189   19.871   12.739
  40.495   31.452   20.970
  40.288   32.758   21.244
  41.334   33.446   20.969
  42.307   32.765   20.513
  41.686   31.221   20.503
  42.661   31.142   20.138
  41.467   30.170   20.422
  41.366   34.455   21.111
  42.231   33.249   20.614
  23.673   19.916   22.208
  23.388   18.775   22.872
  24.298   18.518   23.737
  25.242   19.371   23.777
  24.784   20.462   22.607
  25.684   20.818   22.996
  24.660   21.266   21.901
  24.254   17.693   24.335
  25.136   18.948   24.023
  37.402   35.176   37.261
  36.766   34.023   37.557
  37.536   33.019   37.353
  38.696   33.323   36.927
  38.620   34.984   36.847
  39.579   34.724   36.528
  38.764   36.044   36.729
  37.228   32.061   37.522
  38.461   32.896   37.037
  43.983    1.366   44.436
  44.911    2.012   45.175
  46.092    1.696   44.790
  46.128    0.868   43.824
  44.512    0.597   43.531
  45.033    0.012   42.841
  43.535    0.296   43.194
  46.924    2.086   45.232
  46.471    1.107   44.098
  27.264   46.243    9.806
  26.815   47.479    9.501
  27.786   48.316    9.472
  28.925   47.810    9.731
  28.550   46.210    9.992
  29.583   46.289   10.121
  28.509   45.152   10.193
  27.640   49.302    9.259
  28.759   48.268    9.618
  47.188   42.576   37.150
  45.844   42.694   37.102
  45.466   43.066   35.935
  46.415   43.237   35.104
  47.756   42.865   36.016
  48.113   43.117   35.068
  48.728   42.667   36.435
  44.482   43.209   35.708
  45.917   43.281   35.086
  44.034   14.614   38.286
  44.283   13.477   37.601
  45.526   13.394   37.303
  46.231   14.374   37.707
  45.102   15.331   38.469
  46.014   15.830   38.563
  44.531   16.074   39.000
  45.904   12.602   36.785
  46.323   13.953   37.454
  28.572    2.523    8.932
  28.016    3.280    7.963
  26.904    2.773    7.578
  26.580    1.698    8.177
  27.851    1.482    9.229
  27.203    0.681    9.392
  28.572    1.174    9.967
  26.338    3.208    6.849
  26.374    1.979    7.818
  47.038    8.088    0.957
  46.810    6.914    1.582
  45.552    6.732    1.754
  44.819    7.673    1.309
  45.942    8.733    0.688
  45.009    9.169    0.518
  46.505    9.533    0.237
  45.186    5.898    2.211
  44.735    7.238    1.541
   6.401    1.918   21.244
   7.550    1.738   20.559
   7.477    0.688   19.827
   6.369    0.067   19.906
   5.519    0.996   20.995
   4.884    0.212   20.728
   4.820    1.460   21.671
   8.252    0.390   19.235
   6.794   -0.000   19.652
  35.151   38.643   15.847
  35.219   39.702   15.012
  34.118   40.358   15.025
  33.229   39.879   15.800
  34.001   38.554   16.447
  33.049   38.571   16.875
  34.325   37.668   16.968
  33.982   41.193   14.456
  33.255   40.271   15.491
  20.700   15.666   29.827
  21.358   15.378   28.684
  22.331   14.576   28.914
  22.457   14.238   30.135
  21.210   15.067   30.862
  21.691   14.542   31.625
  20.471   15.515   31.505
  22.944   14.245   28.170
  22.701   14.132   29.712
  43.875   21.050   12.862
  44.977   20.288   13.025
  45.945   20.989   13.487
  45.661   22.214   13.684
  44.068   22.288   13.209
  44.323   23.254   13.512
  43.051   22.534   12.952
  46.862   20.584   13.676
  46.069   21.932   13.744
  47.116   41.606    2.392
  46.023   42.319    2.046
  46.339   43.536    1.796
  47.579   43.795    1.926
  48.201   42.321    2.385
  49.012   42.978    2.350
  48.784   41.467    2.686
  45.643   44.227    1.518
  47.174   44.059    1.798
   6.646   19.288   47.999
   5.448   18.786   47.634
   4.503   19.361   48.281
   4.893   20.253   49.100
   6.545   20.217   48.902
   6.357   20.947   49.624
   7.615   20.341   48.917
   3.524   19.113   48.138
   4.449   20.067   48.965
  29.696   18.099   31.671
  30.407   17.414   30.750
  31.646   17.736   30.808
  31.923   18.606   31.694
  30.434   18.903   32.376
  31.111   19.515   32.884
  29.574   19.227   32.937
  32.339   17.321   30.186
  32.187   18.352   31.353
  11.181   -0.001   18.121
  10.520    0.337   16.993
  10.716    1.572   16.709
  11.468    2.188   17.531
  11.841    0.996   18.631
  12.334    1.856   18.959
  12.192    0.372   19.436
  10.296    2.009   15.889
  11.223    2.313   17.113
  27.996   38.250   44.647
  28.227   39.321   43.858
  27.908   40.404   44.465
  27.457   40.235   45.643
  27.514   38.580   45.809
  27.133   38.947   46.709
  27.475   37.544   46.104
  28.013   41.318   44.025
  27.543   40.631   45.351
  28.707   25.738   21.889
  28.740   24.444   22.272
  28.670   23.671   21.252
  28.588   24.278   20.136
  28.614   25.877   20.600
  28.540   25.880   19.558
  28.617   26.949   20.699
  28.681   22.656   21.344
  28.600   23.799   20.277
  26.047    0.378   32.569
  27.317   -0.003   32.822
  28.069    1.022   32.990
  27.468    2.139   32.883
  25.904    1.670   32.559
  25.895    2.714   32.572
  24.854    1.568   32.344
  29.064    0.932   33.191
  27.938    1.998   32.977
  36.282   47.482    2.209
  37.585   47.337    2.530
  38.104   48.470    2.829
  37.299   49.453    2.759
  35.884   48.718    2.282
  35.665   49.735    2.370
  34.891   48.431    1.980
  39.084   48.559    3.098
  37.782   49.399    2.877
  29.562   37.410   11.761
  30.836   37.399   11.315
  31.583   38.116   12.071
  30.975   38.664   13.046
  29.412   38.135   12.829
  29.397   38.738   13.682
  28.361   37.903   12.858
  32.581   38.228   11.892
  31.447   38.660   12.881
  20.161   44.040   24.796
  21.179   43.756   23.956
  21.408   44.746   23.175
  20.645   45.749   23.359
  19.673   45.230   24.606
  19.354   46.196   24.375
  18.955   45.078   25.395
  22.143   44.717   22.470
  21.022   45.644   23.048
  38.252   11.545   21.321
  37.066   11.785   20.723
  36.915   11.024   19.702
  37.889   10.234   19.486
  38.936   10.615   20.722
  39.403    9.862   20.171
  39.733   10.718   21.439
  36.077   11.061   19.122
  37.449   10.322   19.264
  25.005   43.119   47.156
  25.410   42.310   48.158
  25.681   41.140   47.709
  25.513   41.005   46.455
  24.991   42.520   46.003
  25.014   41.950   45.129
  24.645   43.419   45.522
  26.004   40.391   48.321
  25.663   40.705   46.826
   7.216    8.737   44.477
   8.347    8.023   44.293
   8.070    6.789   44.086
   6.827    6.518   44.100
   6.144    8.006   44.400
   5.349    7.335   44.320
   5.525    8.867   44.586
   8.799    6.094   43.925
   7.245    6.253   44.031
   6.866   36.728   50.000
   5.568   37.100   50.000
   4.806   36.070   50.000
   5.423   34.957   50.000
   7.017   35.437   50.000
   7.030   34.393   50.000
   8.088   35.546   50.000
   3.789   36.153   50.000
   4.942   35.095   50.000
  27.131   39.411   39.719
  28.037   39.917   38.855
  28.856   40.693   39.464
  28.640   40.810   40.713
  27.313   39.830   40.936
  27.543   40.223   41.876
  26.471   39.253   41.277
  29.612   41.169   38.973
  28.975   40.998   40.393
   0.232   42.310    5.477
   0.308   41.337    6.410
   0.829   41.789    7.490
   1.151   43.020    7.444
   0.701   43.447    5.900
   1.097   44.309    6.334
   0.479   43.908    4.953
   0.968   41.198    8.309
   1.179   42.659    7.790
   2.366   16.360   13.521
   1.984   17.105   14.580
   1.867   16.374   15.626
   2.129   15.143   15.441
   2.518   15.104   13.823
   2.611   14.122   14.165
   2.797   14.878   12.808
   1.585   16.764   16.526
   1.987   15.419   15.833
  39.629   26.707   42.886
  39.263   27.947   42.499
  40.296   28.662   42.243
  41.406   28.062   42.407
  40.920   26.549   42.904
  41.963   26.525   42.885
  40.806   25.530   43.233
  40.217   29.631   41.935
  41.270   28.521   42.264
  39.649   26.148   34.074
  38.478   25.776   34.634
  38.683   25.174   35.747
  39.910   25.063   36.068
  40.678   25.808   34.793
  41.433   25.492   35.440
  41.346   26.243   34.070
  37.915   24.818   36.316
  39.476   24.925   36.275
  46.632   38.234    9.219
  46.320   39.447    9.724
  45.064   39.525    9.963
  44.407   38.472    9.680
  45.595   37.459    9.103
  44.703   36.918    9.050
  46.210   36.669    8.706
  44.641   40.369   10.348
  44.292   38.922    9.867
  44.451   43.590    5.744
  45.671   43.325    6.257
  46.454   42.876    5.347
  45.922   42.781    4.195
  44.374   43.326    4.474
  44.416   43.084    3.459
  43.345   43.643    4.454
  47.421   42.620    5.547
  46.374   42.683    4.385
  10.594   23.481   27.239
  11.061   22.518   26.417
  11.846   23.020   25.536
  12.006   24.279   25.630
  11.050   24.661   26.938
  11.471   25.561   26.616
  10.495   25.100   27.750
  12.296   22.444   24.826
  12.179   23.923   25.325
  39.875    7.008   27.860
  38.912    6.607   28.718
  38.595    7.559   29.515
  39.240    8.641   29.326
  40.236    8.242   28.054
  40.453    9.235   28.289
  40.947    8.176   27.248
  37.883    7.444   30.235
  38.883    8.492   29.644
  28.481   12.056   13.403
  29.298   12.935   14.021
  30.525   12.641   13.800
  30.697   11.614   13.067
  29.133   11.143   12.746
  29.748   10.458   12.253
  28.210   10.688   12.431
  31.290   13.194   14.187
  31.000   11.940   13.296
  47.937   34.476   28.707
  46.737   35.095   28.736
  46.887   36.367   28.722
  48.099   36.755   28.685
  48.930   35.313   28.673
  49.655   36.064   28.647
  49.636   34.499   28.659
  46.090   37.003   28.740
  47.654   36.984   28.696
  17.486   39.273   41.712
  17.930   38.277   40.916
  17.078   37.321   40.874
  16.032   37.516   41.572
  16.321   39.017   42.230
  15.389   38.718   42.593
  16.326   39.963   42.746
  17.240   36.479   40.321
  16.196   37.147   41.277
  43.462   12.824   11.967
  43.213   13.717   10.986
  42.176   14.415   11.266
  41.625   14.119   12.375
  42.599   12.893   12.937
  41.859   13.028   13.661
  43.102   12.098   13.461
  41.832   15.144   10.640
  41.533   14.450   12.012
  47.516   31.284   38.490
  48.600   31.426   37.698
  49.046   32.626   37.756
  48.387   33.395   38.527
  47.200   32.384   39.107
  47.030   33.313   39.552
  46.369   31.894   39.586
  49.863   32.923   37.223
  48.789   33.448   38.233
  24.844    5.603   10.940
  24.005    4.554   10.810
  22.786    4.949   10.815
  22.641    6.208   10.938
  24.216    6.737   11.037
  23.620    7.591   11.106
  25.151    7.266   11.117
  22.008    4.296   10.727
  22.330    5.819   10.890
  30.003   44.465   29.050
  29.800   44.249   27.733
  30.224   45.242   27.043
  30.729   46.185   27.732
  30.570   45.611   29.286
  31.026   46.547   29.369
  30.557   45.416   30.345
  30.156   45.259   26.025
  30.653   46.105   27.244
   1.525   20.657   33.615
   1.138   21.880   33.194
   2.149   22.660   33.088
   3.262   22.124   33.395
   2.808   20.577   33.805
   3.844   20.615   33.927
   2.715   19.547   34.105
   2.053   23.628   32.782
   3.119   22.577   33.239
  25.872   21.879   27.346
  25.477   22.814   26.455
  24.209   22.761   26.279
  23.619   21.864   26.964
  24.881   21.169   27.797
  24.022   20.658   28.096
  25.553   20.598   28.417
  23.727   23.392   25.639
  23.473   22.210   26.634
  11.510   28.213   46.734
  11.357   27.056   47.412
  10.250   26.493   47.098
   9.559   27.132   46.240
  10.511   28.465   45.942
   9.664   28.574   45.341
  10.976   29.381   45.620
   9.960   25.607   47.511
   9.502   26.703   46.492
   4.030   18.279   40.803
   4.454   19.343   40.088
   5.275   18.974   39.176
   5.503   17.722   39.147
   4.553   17.161   40.393
   5.025   16.322   39.990
   4.012   16.614   41.147
   5.703   19.642   38.535
   5.660   18.117   38.883
   3.173   36.398   29.685
   2.488   35.344   30.178
   2.972   34.244   29.731
   3.962   34.386   28.944
   4.138   36.040   28.891
   4.884   35.650   28.272
   4.409   37.070   28.730
   2.583   33.339   29.994
   3.708   33.995   29.127
  22.498   33.633    0.377
  23.757   33.322   -0.001
  24.607   33.802    0.829
  24.092   34.446    1.797
  22.464   34.331    1.473
  22.544   34.887    2.353
  21.388   34.367    1.434
  25.611   33.669    0.708
  24.558   34.331    1.657
  29.668   43.415   24.688
  29.547   42.604   25.760
  30.467   41.711   25.755
  31.267   41.786   24.768
  30.673   43.094   23.928
  31.499   42.755   23.388
  30.442   43.902   23.255
  30.537   41.007   26.489
  31.223   41.485   25.165
  43.331   41.811   48.311
  43.784   40.540   48.334
  45.065   40.518   48.328
  45.611   41.667   48.302
  44.294   42.684   48.288
  45.136   43.302   48.271
  43.582   43.492   48.276
  45.589   39.643   48.342
  45.779   41.196   48.310
  27.168   37.597   29.962
  26.664   37.900   28.746
  27.592   38.312   27.964
  28.750   38.345   28.492
  28.450   37.797   30.035
  29.475   37.990   29.992
  28.458   37.469   31.061
  27.402   38.588   27.001
  28.563   38.457   28.042
   8.096   30.917   35.098
   9.324   30.658   34.598
   9.275   29.682   33.770
   8.114   29.187   33.606
   7.185   30.123   34.620
   6.531   29.439   34.179
   6.428   30.611   35.211
  10.108   29.342   33.289
   8.569   29.091   33.421
   1.981   43.273   16.873
   1.132   42.532   16.129
   1.372   42.691   14.880
   2.329   43.491   14.625
   2.817   43.954   16.147
   3.441   44.458   15.478
   3.272   44.368   17.032
   0.830   42.210   14.162
   2.015   43.216   14.350
  43.256   20.842   37.641
  43.269   19.493   37.703
  44.373   19.032   37.243
  45.189   19.922   36.841
  44.351   21.330   37.137
  45.264   21.620   36.723
  43.975   22.332   37.252
  44.566   18.031   37.209
  45.194   19.423   36.864
  24.485    5.257   36.143
  24.829    6.340   36.872
  23.787    7.006   37.208
  22.690    6.512   36.792
  23.201    5.160   35.966
  22.160    5.174   35.882
  23.332    4.256   35.396
  23.848    7.859   37.763
  22.817    6.914   37.061
   4.665   34.657   11.001
   5.143   34.676   12.263
   5.738   35.786   12.502
   5.746   36.600   11.525
   4.923   35.753   10.352
   5.181   36.669    9.920
   4.424   35.372    9.477
   6.165   35.983   13.407
   5.923   36.607   11.992
  48.267   31.380   23.548
  47.201   31.899   22.902
  47.481   33.057   22.428
  48.669   33.449   22.665
  49.297   32.172   23.528
  50.064   32.877   23.456
  49.875   31.460   24.092
  46.797   33.605   21.907
  48.274   33.641   22.426
  32.345   26.357   22.870
  31.009   26.405   22.679
  30.614   27.620   22.575
  31.541   28.486   22.672
  32.889   27.537   22.900
  33.227   28.525   22.909
  33.862   27.101   23.055
  29.632   27.855   22.427
  31.046   28.504   22.601
  11.104   17.338   37.898
  10.050   17.261   37.059
   9.410   16.165   37.238
   9.898   15.413   38.142
  11.208   16.295   38.668
  11.202   15.420   39.237
  12.085   16.709   39.136
   8.581   15.930   36.693
   9.507   15.385   37.831
  37.057   39.145   19.475
  37.973   38.521   20.247
  38.209   37.342   19.801
  37.546   37.031   18.760
  36.648   38.405   18.487
  36.387   37.735   17.731
  35.993   39.191   18.150
  38.875   36.719   20.255
  37.885   36.799   19.046
  19.466   27.059   25.131
  19.172   28.351   25.390
  18.778   28.945   24.325
  18.752   28.207   23.289
  19.279   26.744   23.884
  19.097   26.594   22.867
  19.595   25.733   24.075
  18.510   29.929   24.326
  18.643   28.685   23.385
  -0.000   18.040   23.808
   0.234   18.910   24.813
   1.492   19.118   24.945
   2.220   18.476   24.122
   1.093   17.636   23.231
   2.024   17.374   22.838
   0.526   17.019   22.554
   1.862   19.748   25.656
   2.307   18.798   24.494
  12.406   44.789   31.839
  13.345   44.303   30.999
  14.520   44.600   31.417
  14.540   45.267   32.501
  12.920   45.427   32.848
  13.430   45.917   33.616
  11.938   45.634   33.237
  15.359   44.316   30.912
  14.888   45.087   32.190
  22.409   29.066   11.959
  22.646   28.119   12.892
  22.924   28.660   14.020
  22.917   29.932   14.011
  22.522   30.272   12.430
  22.636   31.195   12.903
  22.280   30.687   11.466
  23.132   28.101   14.848
  23.004   29.582   14.357
  47.470   46.097    4.336
  48.344   47.002    3.848
  47.730   48.061    3.466
  46.468   48.025    3.627
  46.240   46.519    4.298
  45.292   46.948    4.224
  45.894   45.596    4.733
  48.227   48.857    3.068
  46.792   48.360    3.446
  30.202    5.249   37.886
  31.435    5.798   37.848
  32.270    5.071   38.492
  31.767    4.022   39.010
  30.170    4.136   38.556
  30.250    3.256   39.112
  29.115    4.033   38.365
  33.255    5.325   38.574
  32.224    4.226   38.996
  32.274   26.690   20.658
  32.440   27.939   20.175
  33.668   28.145   19.871
  34.437   27.153   20.085
  33.385   26.015   20.693
  34.325   25.562   20.681
  32.871   25.160   21.099
  33.987   29.035   19.489
  34.498   27.616   19.907
  16.515   26.744   49.532
  16.329   25.581   48.872
  17.399   25.238   48.255
  18.371   26.047   48.397
  17.715   27.219   49.379
  18.699   27.515   49.194
  17.476   28.066   50.000
  17.449   24.384   47.700
  18.302   25.616   48.152
  34.370   44.645   46.343
  34.625   45.755   47.069
  34.984   46.720   46.306
  35.020   46.426   45.068
  34.551   44.830   45.069
  34.723   45.079   44.070
  34.271   43.810   44.866
  35.218   47.640   46.676
  35.114   46.837   45.337
  20.314   43.421   14.889
  21.586   43.291   15.320
  22.252   44.361   15.087
  21.584   45.283   14.518
  20.084   44.583   14.353
  20.002   45.540   13.943
  19.060   44.308   14.159
  23.235   44.451   15.344
  22.056   45.235   14.677
  16.884   42.776   32.496
  16.387   41.721   31.816
  16.480   41.915   30.553
  17.006   43.028   30.228
  17.327   43.713   31.710
  17.654   44.402   30.997
  17.609   44.313   32.559
  16.155   41.224   29.877
  16.822   42.637   29.977
  46.880   35.516   11.769
  47.711   34.464   11.922
  47.381   33.511   11.132
  46.372   33.760   10.398
  45.965   35.304   10.870
  45.275   35.035   10.134
  45.551   36.284   11.036
  47.896   32.631   11.106
  46.680   33.371   10.455
  44.363   11.910   30.617
  43.465   12.757   31.164
  43.131   13.664   30.322
  43.704   13.568   29.189
  44.661   12.221   29.390
  44.832   12.553   28.415
  45.338   11.386   29.326
  42.460   14.395   30.556
  43.371   13.881   29.392
   3.001   28.223   24.007
   4.336   28.136   23.822
   4.680   26.924   23.586
   3.714   26.095   23.579
   2.406   27.072   23.901
   2.025   26.105   23.797
   1.451   27.530   24.096
   5.651   26.663   23.420
   4.209   26.063   23.510
  46.635   33.176   13.635
  46.640   34.502   13.887
  47.837   34.921   14.071
  48.730   34.019   13.977
  47.829   32.661   13.641
  48.824   32.347   13.668
  47.426   31.687   13.422
  48.040   35.900   14.274
  48.732   34.511   14.071
  16.208   14.328   28.380
  15.465   13.384   27.764
  14.263   13.796   27.597
  14.042   14.970   28.037
  15.529   15.404   28.647
  14.898   16.219   28.816
  16.397   15.861   29.091
  13.554   13.218   27.146
  13.767   14.620   27.808
   5.753   32.363   25.582
   5.825   31.715   26.764
   7.039   31.402   27.032
   7.883   31.761   26.150
   6.915   32.506   25.018
   7.890   32.569   24.651
   6.465   33.018   24.185
   7.291   30.906   27.887
   7.910   31.521   26.587
  41.340    8.550   42.842
  41.179    7.437   42.095
  41.688    7.600   40.930
  42.216    8.742   40.741
  41.961    9.496   42.203
  42.465   10.188   41.606
  41.892   10.142   43.062
  41.663    6.865   40.224
  42.157    8.330   40.464
  36.264   33.880   30.963
  37.536   33.431   31.006
  38.355   34.411   31.117
  37.803   35.557   31.160
  36.188   35.176   31.044
  36.234   36.216   31.114
  35.113   35.132   30.980
  39.364   34.266   31.165
  38.275   35.390   31.176
  37.578   45.596   25.373
  37.614   45.899   24.058
  37.958   44.875   23.369
  38.183   43.828   24.058
  37.896   44.358   25.610
  38.165   43.352   25.693
  37.759   44.508   26.667
  38.041   44.912   22.354
  38.196   43.941   23.571
  12.184   21.571    3.847
  11.302   20.616    4.211
  10.890   20.817    5.408
  11.389   21.843    5.971
  12.392   22.444    4.787
  12.490   23.089    5.602
  13.085   22.978    4.158
  10.217   20.196    5.857
  11.062   21.490    6.106
  46.365   22.051   25.669
  45.694   23.200   25.893
  45.935   24.050   24.965
  46.731   23.634   24.063
  47.078   22.092   24.583
  47.615   22.225   23.697
  47.421   21.084   24.751
  45.515   24.980   24.963
  46.482   24.060   24.146
  33.479   28.340   13.570
  32.633   29.363   13.323
  31.809   29.051   12.392
  31.968   27.879   11.919
  33.251   27.309   12.812
  32.989   26.537   12.159
  34.059   26.769   13.278
  31.092   29.699   12.068
  31.654   28.258   11.828
  17.269   30.037   47.669
  16.707   30.038   48.896
  15.826   29.113   48.989
  15.680   28.417   47.934
  16.783   29.110   46.898
  16.329   28.338   46.361
  17.430   29.418   46.094
  15.294   28.959   49.846
  15.472   28.418   48.388
   6.280    7.365    6.160
   5.115    8.034    6.299
   5.293    9.289    6.108
   6.492    9.617    5.837
   7.276    8.149    5.872
   8.005    8.860    5.643
   7.950    7.309    5.848
   4.524    9.957    6.171
   6.061    9.865    5.889
  16.530   32.380   10.497
  17.559   31.507   10.525
  17.125   30.301   10.558
  15.857   30.198   10.557
  15.372   31.789   10.510
  14.496   31.221   10.523
  14.869   32.741   10.481
  17.758   29.502   10.583
  16.238   29.874   10.567
  41.415   19.417   24.540
  42.142   18.287   24.406
  42.126   17.610   25.493
  41.447   18.137   26.432
  40.887   19.534   25.722
  40.510   19.534   26.696
  40.434   20.471   25.444
  42.621   16.723   25.583
  41.716   17.718   26.383
  19.603   44.444    9.397
  18.884   43.307    9.500
  17.629   43.567    9.516
  17.347   44.806    9.433
  18.854   45.506    9.339
  18.168   46.292    9.301
  19.725   46.135    9.269
  16.927   42.831    9.590
  17.081   44.384    9.471
  29.238   30.689   14.807
  28.539   31.110   13.731
  28.391   32.382   13.760
  28.921   32.951   14.768
  29.582   31.665   15.593
  29.808   32.515   16.155
  30.071   30.976   16.261
  27.888   32.883   13.028
  28.662   33.107   14.370
  16.982   47.856   37.935
  17.776   48.719   38.603
  18.790   48.109   39.096
  18.822   46.860   38.853
  17.437   46.638   37.957
  17.885   45.698   38.033
  16.600   46.298   37.372
  19.502   48.599   39.636
  19.116   47.180   39.100
  19.598   18.345   40.042
  19.930   17.786   38.859
  19.177   16.779   38.611
  18.308   16.537   39.509
  18.612   17.732   40.626
  17.818   17.173   41.010
  18.654   18.421   41.453
  19.279   16.227   37.759
  18.431   16.329   39.071
   4.363   36.938   40.932
   3.111   36.570   40.588
   3.106   35.378   40.116
   4.250   34.823   40.076
   5.240   36.006   40.701
   5.862   35.198   40.479
   6.030   36.635   41.074
   2.247   34.927   39.802
   3.786   34.686   39.949
   2.962   16.341   50.000
   3.531   15.117   50.000
   4.808   15.215   50.000
   5.245   16.410   50.000
   3.839   17.300   50.000
   4.620   17.994   50.000
   3.055   18.039   50.000
   5.411   14.392   50.000
   5.456   15.957   50.000
  36.181    6.319   21.977
  36.599    7.474   22.536
  37.617    7.935   21.909
  37.998    7.221   20.927
  36.905    5.966   20.956
  37.545    5.772   20.155
  36.302    5.085   20.813
  38.073    8.803   22.188
  38.153    7.649   21.134
  32.051   42.338   11.147
  32.411   41.308   10.352
  31.542   41.129    9.427
  30.561   41.938    9.462
  30.929   42.883   10.781
  30.025   43.249   10.408
  30.992   43.592   11.590
  31.644   40.393    8.728
  30.694   41.557    9.167
  21.834    8.742   40.479
  22.522    8.670   39.320
  21.913    9.313   38.394
  20.825    9.861   38.762
  20.740    9.435   40.369
  19.888   10.007   40.177
  20.510    9.266   41.407
  22.283    9.372   37.445
  21.079    9.835   38.333
   4.205   23.056   11.950
   3.901   24.105   11.157
   2.893   24.745   11.624
   2.416   24.262   12.701
   3.411   22.957   12.974
   2.723   22.965   13.760
   3.939   22.083   13.318
   2.517   25.570   11.158
   2.303   24.651   12.407
  48.207   17.094    8.914
  48.237   17.771   10.082
  49.235   18.575   10.109
  49.955   18.557    9.060
  49.183   17.421    8.121
  49.999   17.752    7.560
  48.832   16.726    7.377
  49.422   19.174   10.914
  49.967   18.808    9.492
  41.793   25.328   19.647
  41.835   25.055   20.968
  42.646   24.091   21.203
  43.217   23.618   20.168
  42.576   24.556   18.952
  43.231   23.890   18.487
  42.279   25.050   18.042
  42.810   23.743   22.148
  43.232   23.517   20.657
  39.996   22.307   39.664
  41.137   21.660   39.985
  40.934   20.840   40.948
  39.736   20.816   41.377
  38.990   21.941   40.402
  38.250   21.580   41.044
  38.340   22.621   39.879
  41.682   20.260   41.329
  40.158   20.577   41.495
  46.801   41.091   28.872
  47.881   41.874   29.075
  47.528   43.019   29.529
  46.273   43.160   29.685
  45.687   41.684   29.185
  44.853   42.247   29.462
  45.125   40.809   28.906
  48.210   43.747   29.743
  46.673   43.450   29.760
  32.414   33.743    0.947
  32.056   33.060    2.054
  33.054   32.936    2.848
  34.131   33.469    2.429
  33.664   34.100    0.961
  34.675   34.339    1.069
  33.557   34.572   -0.001
  32.975   32.446    3.740
  33.999   33.216    2.839
   4.045   38.465   44.694
   5.303   38.279   45.147
   5.873   37.322   44.514
   5.148   36.774   43.623
   3.730   37.639   43.741
   3.576   36.934   42.986
   2.748   38.075   43.667
   6.830   37.035   44.719
   5.613   36.706   43.790
   5.204   14.837   25.510
   6.137   15.717   25.929
   5.757   16.298   27.007
   4.616   15.926   27.431
   4.166   14.798   26.292
   3.383   14.841   26.981
   3.705   14.050   25.669
   6.334   16.997   27.473
   4.962   16.252   27.586
  33.835   50.002   42.520
  33.294   49.448   41.414
  33.052   48.204   41.607
  33.366   47.779   42.765
  33.974   49.148   43.490
  34.043   48.389   44.204
  34.395   49.912   44.123
  32.641   47.617   40.881
  33.166   47.574   42.355
  16.524   19.928    9.848
  15.718   18.907    9.484
  14.776   18.752   10.339
  14.807   19.570   11.313
  16.148   20.491   10.958
  15.765   20.871   11.852
  16.969   21.185   10.902
  14.067   18.026   10.232
  14.509   19.192   11.178
  16.920   39.007    5.861
  15.800   38.284    5.646
  16.086   37.041    5.513
  17.326   36.772    5.611
  17.993   38.273    5.880
  18.791   37.600    5.877
  18.603   39.143    6.060
  15.367   36.339    5.343
  16.912   36.505    5.531
  43.092   48.815    1.423
  43.339   47.708    0.691
  44.524   47.274    0.916
  45.186   47.963    1.756
  44.103   49.160    2.164
  44.967   49.352    2.718
  43.553   50.001    2.550
  44.890   46.443    0.452
  45.277   47.553    1.485
  17.774    4.884   40.448
  18.832    5.584   40.910
  18.521    6.817   41.069
  17.318    7.101   40.765
  16.719    5.625   40.282
  15.931    6.302   40.184
  16.156    4.773   39.938
  19.194    7.503   41.412
  17.710    7.360   40.936
   3.378   48.458   12.402
   4.715   48.433   12.221
   5.277   47.708   13.116
   4.472   47.186   13.953
   2.998   47.750   13.424
   2.797   47.157   14.260
   1.969   48.007   13.239
   6.287   47.570   13.141
   4.968   47.177   13.886
  47.299   13.819   18.165
  48.645   13.903   18.228
  49.018   15.128   18.265
  48.065   15.971   18.235
  46.725   14.986   18.158
  46.364   15.965   18.157
  45.753   14.525   18.105
  50.003   15.390   18.315
  48.563   16.002   18.259
  10.841   29.376   12.482
  11.627   30.453   12.693
  11.706   30.713   13.946
  11.046   29.920   14.691
  10.368   28.877   13.585
  10.042   28.555   14.523
   9.847   28.112   13.034
  12.258   31.494   14.300
  11.337   30.319   14.769
  44.850   37.329   40.696
  44.022   36.320   41.041
  43.006   36.770   41.680
  43.003   38.032   41.843
  44.416   38.489   41.092
  43.983   39.368   41.452
  45.276   38.975   40.662
  42.270   36.153   42.023
  42.696   37.658   41.971
  47.034   16.133    6.256
  47.243   14.799    6.242
  48.161   14.496    5.402
  48.659   15.492    4.784
  47.805   16.769    5.425
  48.466   17.183    4.731
  47.368   17.709    5.714
  48.457   13.532    5.252
  48.736   14.998    4.779
  39.862   30.159   47.008
  40.033   30.445   48.317
  39.005   30.087   48.993
  38.078   29.556   48.301
  38.714   29.599   46.764
  37.773   29.158   46.674
  38.950   29.538   45.715
  38.950   30.223   50.002
  38.141   29.662   48.786
  36.720   47.892   41.309
  35.521   47.312   41.085
  35.600   46.042   41.239
  36.757   45.621   41.560
  37.641   47.030   41.621
  38.306   46.261   41.861
  38.370   47.818   41.711
  34.792   45.433   41.110
  36.313   45.406   41.477
  45.764   38.941   30.480
  46.972   39.542   30.426
  47.902   38.712   30.723
  47.492   37.538   30.996
  45.844   37.688   30.816
  46.015   36.695   31.091
  44.774   37.587   30.751
  48.884   38.985   30.735
  47.939   37.760   30.976
  19.228    9.711    7.790
  20.404    9.788    7.131
  20.599    8.731    6.434
  19.667    7.867    6.515
  18.595    8.600    7.556
  18.170    7.680    7.304
  17.790    8.904    8.203
  21.437    8.607    5.867
  20.103    7.895    6.271
  23.161   44.270   44.078
  23.870   43.539   43.192
  23.343   43.610   42.026
  22.298   44.334   41.963
  22.135   44.856   43.535
  21.341   45.281   43.006
  21.864   45.293   44.481
  23.742   43.121   41.225
  22.561   44.063   41.635
  18.040   26.718   35.180
  19.390   26.681   35.203
  19.812   25.491   34.986
  18.891   24.631   34.802
  17.513   25.553   34.947
  17.190   24.579   34.754
  16.523   25.972   35.004
  20.806   25.268   34.966
  19.391   24.618   34.811
  42.495   34.842    5.095
  43.138   33.657    5.179
  43.718   33.381    4.070
  43.565   34.259    3.162
  42.623   35.398    3.927
  42.786   35.760    2.961
  42.025   36.236    4.244
  44.256   32.524    3.943
  43.803   33.821    3.193
  29.026   49.046   26.263
  27.885   48.384   25.976
  27.105   48.369   26.993
  27.566   48.965   28.018
  29.048   49.498   27.482
  28.969   49.817   28.473
  30.027   49.920   27.323
  26.193   47.913   26.965
  27.143   48.720   27.912
  32.722   33.546   25.584
  33.972   33.045   25.671
  34.806   33.808   25.067
  34.286   34.840   24.534
  32.676   34.662   24.918
  32.746   35.549   24.371
  31.611   34.724   25.065
  35.802   33.591   25.026
  34.749   34.654   24.566
  38.789   13.712   37.023
  38.767   14.081   35.724
  38.967   15.342   35.611
  39.138   15.950   36.717
  39.005   14.714   37.823
  39.183   15.580   38.378
  38.953   14.061   38.678
  38.985   15.805   34.703
  39.130   16.086   36.236
  24.981   15.236   38.555
  25.169   16.529   38.893
  25.409   16.637   40.147
  25.417   15.531   40.778
  25.089   14.433   39.572
  25.195   13.875   40.448
  24.891   13.583   38.941
  25.578   17.541   40.588
  25.487   16.010   40.904
  43.156   31.723   41.095
  41.998   32.414   41.051
  42.225   33.675   41.061
  43.458   33.987   41.109
  44.199   32.498   41.136
  44.969   33.203   41.167
  44.853   31.642   41.161
  41.469   34.359   41.033
  43.029   34.243   41.093
  23.446   21.759   41.492
  22.430   21.000   41.954
  21.678   20.619   40.988
  22.046   21.028   39.841
  23.410   21.911   40.202
  23.292   21.973   39.166
  24.301   22.516   40.233
  20.856   20.035   41.144
  21.670   20.747   40.012
   3.438   39.992   39.710
   4.592   39.296   39.623
   4.386   38.147   39.094
   3.174   37.924   38.777
   2.420   39.333   39.242
   1.672   38.723   38.844
   1.763   40.154   39.473
   5.142   37.479   38.947
   3.601   37.666   38.745
  22.420   30.329    1.012
  21.790   31.034    1.975
  22.529   31.998    2.385
  23.662   32.074    1.808
  23.603   30.796    0.743
  24.534   31.247    0.602
  23.753   30.031   -0.000
  22.221   32.641    3.113
  23.428   32.335    2.165
   6.973   15.597   18.171
   6.164   15.793   19.234
   5.982   17.045   19.436
   6.587   17.805   18.613
   7.361   16.711   17.625
   7.614   17.657   17.263
   7.931   16.171   16.889
   5.397   17.388   20.198
   6.287   17.877   19.007
  42.187   25.826   29.354
  42.332   24.953   30.373
  41.613   23.910   30.178
  40.941   23.928   29.097
  41.366   25.397   28.441
  40.695   24.965   27.769
  41.515   26.295   27.865
  41.593   23.138   30.844
  40.995   23.605   29.475
  35.039   12.038    5.968
  33.847   11.483    6.275
  32.955   11.835    5.425
  33.377   12.608    4.507
  34.985   12.781    4.903
  34.837   13.353    4.042
  36.033   13.014    4.993
  31.989   11.513    5.494
  32.936   12.402    4.621
  39.347   11.656   36.397
  40.138   12.022   37.428
  40.203   11.086   38.300
  39.527   10.047   38.009
  38.856   10.462   36.544
  38.514    9.498   36.755
  38.336   10.544   35.604
  40.756   11.180   39.152
  39.820   10.183   38.391
  21.465   40.400   15.273
  22.393   40.236   16.239
  22.161   39.168   16.910
  21.136   38.518   16.526
  20.580   39.448   15.263
  19.922   38.641   15.338
  20.073   39.908   14.431
  22.758   38.878   17.684
  21.479   38.458   16.884
   2.992   42.381    0.481
   3.940   41.551    0.965
   4.989   42.211    1.294
   4.906   43.465    1.098
   3.373   43.624    0.469
   3.772   44.588    0.502
   2.426   43.926    0.054
   5.813   41.752    1.681
   5.257   43.158    1.277
  37.218   29.812    3.944
  36.651   31.037    3.928
  37.470   31.918    4.369
  38.605   31.456    4.714
  38.437   29.832    4.395
  39.404   29.954    4.770
  38.521   28.767    4.258
  37.218   32.904    4.432
  38.395   31.910    4.708
  30.724   33.084   28.487
  30.531   32.131   29.423
  31.652   31.635   29.797
  32.669   32.136   29.219
  31.981   33.258   28.202
  33.011   33.321   28.045
  31.728   34.024   27.487
  31.707   30.899   30.501
  32.598   31.783   29.566
  13.389    0.844   25.552
  13.702    1.805   24.658
  14.733    2.461   25.044
  15.219    2.072   26.154
  14.199    0.824   26.569
  14.901    0.890   27.338
  13.658   -0.000   27.003
  15.120    3.229   24.496
  15.335    2.428   25.823
  17.608   43.131   38.164
  16.656   43.785   37.466
  15.794   44.306   38.258
  16.020   44.096   39.493
  17.415   43.191   39.448
  17.173   43.298   40.458
  18.302   42.605   39.624
  14.998   44.841   37.912
  15.667   44.339   39.234
   8.577   25.465    1.571
   8.622   24.732    2.704
   7.576   23.999    2.808
   6.750   24.120    1.847
   7.499   25.246    0.878
   6.605   25.001    0.397
   7.819   25.952    0.129
   7.433   23.375    3.602
   6.767   23.849    2.267
  26.415    8.296   25.839
  25.590    7.229   25.900
  24.365    7.606   25.885
  24.203    8.866   25.817
  25.771    9.424   25.781
  25.162   10.271   25.737
  26.698    9.970   25.747
  23.596    6.938   25.924
  23.897    8.471   25.839
  44.557   11.569    7.687
  44.801   11.152    6.426
  44.496    9.914    6.294
  44.043    9.368    7.351
  44.080   10.625    8.442
  43.704    9.802    8.962
  44.028   11.300    9.280
  44.612    9.423    5.408
  44.134    9.214    6.884
  37.292   10.418    7.097
  38.110   11.484    6.967
  37.521   12.553    7.356
  36.329   12.378    7.768
  36.127   10.737    7.579
  35.227   11.095    7.968
  35.808    9.709    7.531
  37.983   13.462    7.332
  36.632   12.773    7.720
  44.085   16.490   21.936
  44.705   16.825   23.087
  44.910   15.785   23.808
  44.495   14.698   23.292
  43.853   15.214   21.846
  43.713   14.180   21.871
  43.394   15.350   20.881
  45.369   15.841   24.716
  44.724   14.822   23.719
  23.672   44.329   11.731
  22.346   44.464   11.946
  21.682   43.711   11.151
  22.399   43.022   10.356
  23.940   43.480   10.783
  24.050   42.785   10.013
  24.997   43.646   10.913
  20.662   43.678   11.166
  21.908   43.072   10.436
   1.577   39.694    0.075
   2.924   39.658    0.156
   3.295   39.377    1.350
   2.339   39.199    2.171
   1.000   39.439    1.212
   0.636   39.223    2.167
   0.028   39.555    0.763
   4.280   39.305    1.605
   2.838   39.186    2.201
  32.742   17.423    6.588
  32.286   16.354    5.900
  33.256   15.584    5.570
  34.401   15.986    5.953
  34.032   17.405    6.742
  35.069   17.297    6.811
  33.996   18.334    7.285
  33.105   14.724    5.043
  34.232   15.591    5.698
  25.923   14.177   14.937
  25.100   14.493   13.915
  24.222   13.575   13.744
  24.318   12.597   14.554
  25.625   13.037   15.485
  25.305   12.114   15.855
  26.436   13.144   16.186
  23.511   13.638   13.016
  24.013   12.714   14.175
  23.732   13.478    9.275
  23.806   13.193    7.958
  23.209   12.088    7.702
  22.694   11.520    8.719
  23.083   12.574    9.947
  22.550   11.796   10.393
  23.236   13.122   10.861
  23.160   11.708    6.757
  22.722   11.415    8.231
   5.374   26.086   26.490
   4.273   26.087   25.709
   3.363   25.338   26.213
   3.690   24.775   27.306
   5.239   25.336   27.543
   5.032   24.711   28.353
   6.236   25.584   27.867
   2.457   25.214   25.762
   3.282   24.776   27.017
  38.800   21.691   45.213
  39.864   22.483   44.961
  39.943   22.745   43.709
  39.028   22.217   43.001
  38.130   21.397   44.138
  37.665   21.220   43.221
  37.434   20.811   44.714
  40.686   23.331   43.328
  39.422   22.510   42.908
  35.793   26.307    6.742
  34.586   26.768    7.134
  34.691   27.952    7.613
  35.875   28.418    7.612
  36.746   27.167    6.945
  37.437   27.924    7.147
  37.471   26.482    6.538
  33.881   28.465    7.962
  35.428   28.589    7.758
  37.606   19.778    4.129
  36.363   20.036    4.588
  36.266   19.722    5.826
  37.333   19.249    6.335
  38.384   19.282    5.045
  38.925   18.890    5.847
  39.199   19.224    4.343
  35.398   19.847    6.347
  36.872   19.345    6.505
  37.488   37.313    7.267
  38.198   38.345    6.765
  38.223   38.294    5.485
  37.591   37.309    4.985
  37.013   36.535    6.341
  36.679   35.976    5.525
  36.558   35.902    7.084
  38.713   38.993    4.927
  37.853   37.691    4.799
  41.564    5.508   11.907
  42.896    5.700   11.798
  43.263    5.623   10.573
  42.318    5.389    9.753
  40.994    5.296   10.758
  40.634    5.136    9.791
  40.033    5.201   11.235
  44.237    5.742   10.294
  42.811    5.460    9.713
  45.801    8.350   23.779
  46.865    9.143   23.533
  46.553   10.376   23.689
  45.343   10.574   24.031
  44.740    9.024   24.107
  43.947    9.655   24.360
  44.174    8.114   24.210
  47.230   11.125   23.546
  45.737   10.868   23.940
  17.895   22.328   28.314
  18.190   21.308   27.481
  19.212   20.662   27.906
  19.708   21.112   28.988
  18.709   22.400   29.326
  19.413   22.371   30.096
  18.182   23.257   29.709
  19.585   19.855   27.405
  19.817   20.734   28.679
  30.356   12.434   39.565
  31.521   11.997   40.088
  31.770   10.802   39.698
  30.888   10.306   38.925
  29.784   11.547   38.807
  29.409   10.769   38.220
  28.967   12.220   38.608
  32.610   10.304   39.991
  31.319   10.145   39.119
  27.086   21.568   14.676
  28.261   21.552   15.340
  28.526   22.712   15.815
  27.647   23.597   15.563
  26.523   22.740   14.684
  26.156   23.715   14.748
  25.695   22.363   14.108
  29.375   22.895   16.349
  28.082   23.591   15.809
   7.674   30.093   48.386
   8.987   30.322   48.602
   9.423   31.227   47.806
   8.547   31.696   47.011
   7.187   30.837   47.437
   6.894   31.477   46.666
   6.215   30.392   47.566
  10.395   31.535   47.822
   9.033   31.781   47.091
  47.896   11.547   42.511
  46.635   11.876   42.158
  46.403   13.110   42.415
  47.385   13.733   42.933
  48.551   12.549   43.017
  48.988   13.413   43.409
  49.422   11.931   43.154
  45.501   13.541   42.216
  46.918   13.855   42.802
   2.234   34.823    9.241
   2.867   33.787    9.831
   3.770   33.311    9.056
   3.866   33.904    7.934
   2.691   35.077    8.051
   3.127   35.198    7.110
   1.992   35.888    7.938
   4.354   32.522    9.331
   4.101   33.520    8.152
  32.544   11.383   34.522
  31.470   11.942   33.925
  30.410   11.725   34.611
  30.599   11.051   35.674
  32.240   10.774   35.630
  31.893   10.314   36.501
  33.269   10.495   35.777
  29.497   12.071   34.316
  30.201   11.257   35.453
  39.833   28.722    2.262
  38.674   28.862    1.585
  38.296   30.087    1.588
  39.075   30.877    2.211
  40.271   29.848    2.742
  40.536   30.798    3.084
  41.127   29.351    3.168
  37.439   30.387    1.124
  38.646   30.929    1.960
  26.002   16.474   48.608
  25.543   17.475   47.827
  24.293   17.671   48.034
  23.777   16.900   48.905
  25.075   15.966   49.364
  24.264   15.628   49.928
  25.781   15.270   49.787
  23.770   18.389   47.533
  23.607   17.271   48.616
  24.971   38.791   23.464
  24.926   39.124   22.156
  25.042   40.392   22.011
  25.171   41.038   23.101
  25.119   39.824   24.239
  25.239   40.714   24.771
  25.109   39.191   25.110
  25.031   40.832   21.091
  25.154   41.161   22.617
  23.697   44.773   27.028
  23.552   43.495   27.441
  22.567   42.937   26.841
  21.961   43.689   26.012
  22.813   45.113   26.137
  22.065   45.286   25.430
  23.233   46.103   26.077
  22.303   41.969   27.024
  21.907   43.216   26.165
  13.057   26.068   33.607
  11.881   25.420   33.466
  10.918   26.257   33.349
  11.273   27.478   33.391
  12.921   27.361   33.590
  12.706   28.382   33.563
  13.983   27.490   33.717
   9.951   25.952   33.233
  10.838   27.238   33.339
  42.391   14.318   19.059
  42.017   15.615   19.070
  40.818   15.734   19.507
  40.261   14.635   19.825
  41.455   13.524   19.489
  40.643   12.975   19.847
  42.090   12.668   19.336
  40.362   16.643   19.587
  40.123   15.115   19.829
  23.898    3.995   18.457
  23.052    3.285   17.680
  22.007    2.950   18.343
  22.000    3.350   19.552
  23.450    4.159   19.665
  23.002    4.235   20.606
  24.331    4.718   19.933
  21.253    2.408   17.922
  21.686    3.087   19.264
  32.396   36.617   32.602
  31.448   35.728   32.966
  30.742   35.383   31.954
  31.083   35.939   30.860
  32.358   36.897   31.333
  32.245   37.054   30.307
  33.191   37.572   31.442
  29.975   34.716   32.034
  30.731   35.609   30.995
  42.403    4.170   26.569
  42.279    3.275   25.566
  43.302    2.504   25.523
  44.182    2.745   26.410
  43.512    4.028   27.232
  44.426    3.833   27.698
  43.249    4.849   27.878
  43.388    1.762   24.828
  44.136    2.414   26.039
  13.988   33.843    2.402
  15.131   34.369    1.912
  16.120   33.586    2.140
  15.813   32.517    2.760
  14.172   32.691    2.974
  14.424   31.775    3.409
  13.123   32.621    3.207
  17.068   33.815    1.843
  16.237   32.711    2.578
  28.323   31.227    8.081
  29.079   30.721    7.084
  28.865   29.465    6.950
  28.010   28.987    7.763
  27.575   30.327    8.648
  27.018   29.533    9.034
  27.171   31.065    9.321
  29.347   28.909    6.244
  28.290   28.799    7.393
   6.648   17.199   44.873
   7.978   16.995   44.988
   8.567   18.069   45.366
   7.790   19.061   45.544
   6.302   18.416   45.170
   6.128   19.413   45.427
   5.268   18.187   44.971
   9.576   18.108   45.508
   8.282   18.986   45.587
   6.514   36.822   18.324
   7.100   37.721   17.505
   8.277   37.332   17.179
   8.623   36.218   17.687
   7.279   35.802   18.576
   7.967   35.029   18.715
   6.518   35.365   19.200
   8.875   37.883   16.564
   8.840   36.550   17.383
  37.906   43.449   17.337
  38.686   43.955   18.315
  39.921   43.701   18.083
  40.131   43.048   17.011
  38.591   42.840   16.415
  39.230   42.376   15.732
  37.688   42.607   15.876
  40.661   44.005   18.715
  40.420   43.235   17.373
  20.867    4.908   32.067
  19.823    4.776   31.221
  19.737    3.569   30.799
  20.629    2.785   31.257
  21.515    3.795   32.240
  21.965    2.855   32.311
  22.201    4.280   32.913
  19.007    3.277   30.149
  20.242    2.736   30.944
  36.435   40.981    0.718
  36.964   41.919    1.532
  36.037   42.607    2.088
  34.857   42.263    1.759
  35.136   41.009    0.702
  34.098   41.113    0.758
  35.112   40.189    0.004
  36.245   43.365    2.738
  35.053   42.611    2.061
  31.658   49.532   35.129
  30.677   48.607   35.195
  31.108   47.466   34.802
  32.330   47.458   34.447
  32.779   49.042   34.690
  33.628   48.553   34.329
  33.253   50.004   34.779
  30.507   46.642   34.782
  31.966   47.115   34.471
   6.074   19.948   16.696
   6.160   19.612   15.391
   5.139   20.044   14.747
   4.295   20.675   15.460
   4.992   20.616   16.970
   4.099   21.144   17.085
   5.278   20.684   18.006
   5.028   19.886   13.746
   4.327   20.551   14.977
  27.257    3.121   25.936
  26.207    2.584   26.591
  25.962    1.403   26.156
  26.741    1.011   25.230
  27.752    2.319   25.040
  28.073    1.604   24.351
  28.495    3.051   24.773
  25.201    0.838   26.533
  26.352    0.812   25.473
  46.507   44.062   46.684
  47.620   44.820   46.779
  48.228   44.869   45.651
  47.663   44.212   44.719
  46.331   43.578   45.491
  46.281   43.240   44.504
  45.428   43.084   45.807
  49.092   45.397   45.528
  48.075   44.492   44.754
  13.919   22.076   40.852
  13.982   23.215   40.131
  12.812   23.570   39.746
  11.877   22.791   40.118
  12.704   21.628   40.975
  11.698   21.354   41.015
  13.054   20.793   41.557
  12.660   24.409   39.188
  11.900   23.213   39.851
  17.915   18.557   19.744
  18.173   17.425   19.055
  19.232   16.858   19.502
  19.789   17.471   20.469
  18.792   18.787   20.675
  19.546   18.881   21.392
  18.277   19.689   20.960
  19.585   15.988   19.105
  19.885   17.051   20.214
  27.170   44.247   17.306
  27.749   43.380   16.447
  27.156   42.245   16.486
  26.181   42.187   17.302
  26.170   43.721   17.949
  25.387   43.207   18.410
  26.003   44.645   18.476
  27.454   41.462   15.904
  26.395   41.866   16.984
  24.899   45.842   14.967
  26.173   45.741   15.400
  26.835   46.797   15.102
  26.163   47.681   14.480
  24.664   46.969   14.363
  24.578   47.899   13.897
  23.641   46.680   14.189
  27.819   46.904   15.349
  26.635   47.644   14.641
   3.093   27.494   12.432
   4.183   28.260   12.652
   3.848   29.488   12.799
   2.597   29.707   12.707
   1.991   28.183   12.424
   1.167   28.824   12.436
   1.417   27.292   12.236
   4.539   30.217   12.974
   3.001   29.991   12.789
  42.094   21.014   27.156
  42.599   19.776   27.341
  42.108   19.243   28.398
  41.277   19.979   29.022
  41.248   21.353   28.083
  40.587   21.529   28.872
  41.094   22.311   27.614
  42.372   18.306   28.701
  41.464   19.521   29.090
  48.005   28.936   41.118
  47.429   29.679   42.087
  47.672   30.924   41.904
  48.383   31.177   40.879
  48.653   29.659   40.253
  49.145   30.325   39.617
  48.935   28.776   39.704
  47.318   31.640   42.538
  48.170   31.452   41.238
  42.141   37.364   15.510
  42.746   36.213   15.149
  42.271   35.226   15.815
  41.360   35.542   16.645
  41.240   37.188   16.430
  40.541   36.941   17.165
  41.016   38.242   16.435
  42.607   34.273   15.679
  41.584   35.116   16.512
  36.500   27.565   44.498
  37.764   27.828   44.104
  38.600   27.483   45.013
  38.068   26.984   46.056
  36.446   27.035   45.684
  36.511   26.617   46.639
  35.372   26.985   45.630
  39.605   27.606   44.894
  38.536   27.081   45.910
  24.883   18.501   29.135
  25.688   17.840   28.276
  26.918   18.006   28.594
  27.103   18.737   29.619
  25.547   19.132   30.057
  26.169   19.602   30.751
  24.630   19.493   30.491
  27.674   17.580   28.058
  27.401   18.492   29.301
  36.688   11.911   30.652
  37.860   12.469   31.023
  38.836   11.680   30.762
  38.493   10.577   30.227
  36.839   10.730   30.131
  37.066    9.794   29.728
  35.775   10.642   29.985
  39.802   11.931   30.972
  38.927   10.784   30.364
  30.378    2.303   16.888
  31.254    2.912   16.060
  32.054    2.055   15.542
  31.852    0.855   15.912
  30.563    1.017   16.952
  30.792   -0.001   16.934
  29.745    0.919   17.646
  32.787    2.330   14.888
  32.176    1.080   15.605
  28.149    2.470   35.552
  29.154    2.894   34.757
  30.119    2.051   34.763
  29.921    1.030   35.497
  28.406    1.328   36.117
  28.708    0.414   36.520
  27.451    1.342   36.616
  30.969    2.201   34.220
  30.294    1.187   35.202
   6.779   15.583    5.440
   7.274   16.620    6.147
   6.734   16.673    7.308
   5.874   15.761    7.530
   5.889   14.905    6.103
   5.191   14.430    6.717
   5.757   14.234    5.271
   6.983   17.392    7.986
   6.057   16.145    7.792
   9.870   21.204   47.923
   9.090   21.690   46.934
   8.143   22.405   47.418
   8.147   22.495   48.687
   9.472   21.576   49.103
   9.072   21.929   50.000
  10.278   21.032   49.564
   7.451   22.857   46.821
   7.858   22.675   48.321
  30.863   19.774    8.722
  29.948   20.730    8.992
  28.802   20.401    8.523
  28.781   19.279    7.922
  30.361   18.773    8.062
  29.863   18.022    7.536
  31.319   18.282    8.049
  27.984   21.001    8.629
  28.442   19.632    8.023
  47.738   16.877    2.611
  48.313   18.071    2.354
  47.699   19.009    2.975
  46.711   18.618    3.675
  46.718   16.975    3.412
  45.919   17.160    4.058
  46.561   15.911    3.367
  47.991   19.983    2.902
  46.924   19.061    3.580
  39.808   13.598   44.091
  38.512   13.352   43.803
  38.350   13.211   42.540
  39.417   13.331   41.856
  40.558   13.630   43.030
  41.072   13.635   42.121
  41.428   13.832   43.633
  37.436   13.019   42.132
  38.937   13.240   41.749
  28.060   22.145    6.432
  26.953   22.324    7.184
  26.909   23.520    7.642
  27.890   24.253    7.296
  28.794   23.215    6.360
  29.310   24.123    6.365
  29.505   22.704    5.733
  26.143   23.842    8.234
  27.480   24.320    7.574
  49.719   14.256   29.148
  49.164   15.021   30.112
  48.486   15.977   29.593
  48.485   15.991   28.320
  49.430   14.672   27.951
  49.142   15.085   27.037
  50.005   13.871   27.517
  47.993   16.661   30.167
  48.280   16.275   28.677
  10.490   30.445   40.209
  10.200   30.372   41.526
  11.119   30.933   42.221
  12.075   31.420   41.536
  11.613   31.057   39.978
  12.525   31.560   39.899
  11.490   30.916   38.917
  11.073   30.976   43.239
  11.967   31.393   42.023
  23.686   10.070   13.212
  23.333    9.171   14.155
  22.293    9.569   14.789
  21.837   10.692   14.400
  22.895   11.100   13.182
  22.205   11.882   13.238
  23.464   11.534   12.377
  21.877    9.020   15.541
  21.706   10.359   14.749
  14.463   31.891   15.987
  13.890   30.743   15.568
  14.745   29.787   15.571
  15.910   30.124   15.957
  15.719   31.744   16.285
  16.717   31.523   16.497
  15.795   32.786   16.547
  14.495   28.841   15.285
  15.698   29.698   15.802
  12.455    5.276    1.747
  11.383    5.070    2.542
  11.264    3.825    2.822
  12.156    3.081    2.304
  13.089    4.177    1.468
  13.525    3.242    1.304
  13.804    4.721    0.874
  10.510    3.477    3.414
  11.760    3.004    2.598
  16.831   24.339   23.688
  17.759   23.840   24.533
  17.636   22.568   24.635
  16.693   22.072   23.938
  16.055   23.419   23.197
  15.489   22.609   22.860
  15.512   24.157   22.631
  18.251   22.014   25.230
  17.037   21.887   24.251
  25.328   43.119   34.277
  24.608   41.977   34.279
  23.824   41.937   33.266
  23.897   42.953   32.504
  25.051   43.882   33.262
  24.758   44.420   32.416
  25.766   44.615   33.598
  23.201   41.147   33.099
  23.630   42.530   32.505
  19.422    4.743   24.048
  19.606    6.076   23.945
  20.522    6.468   24.750
  21.042    5.540   25.449
  20.210    4.196   24.926
  20.882    3.856   25.649
  19.789    3.226   24.722
  20.800    7.447   24.814
  21.109    6.034   25.411
  36.686   34.617   41.730
  35.977   35.624   42.283
  35.728   36.530   41.411
  36.192   36.287   40.251
  36.937   34.814   40.470
  37.084   35.066   39.467
  37.466   33.878   40.412
  35.201   37.371   41.645
  35.929   36.660   40.456
  29.251   43.955    4.125
  29.565   43.626    5.396
  30.795   43.276    5.479
  31.430   43.316    4.376
  30.260   43.837    3.313
  31.128   43.711    2.747
  29.652   44.161    2.485
  31.216   42.993    6.364
  31.546   43.194    4.847
  44.670    9.849   38.741
  44.233    8.830   39.512
  44.511    9.048   40.744
  45.120   10.144   40.961
  45.255   10.782   39.430
  45.706   11.473   40.071
  45.438   11.351   38.534
  44.258    8.386   41.478
  44.958    9.767   41.247
  43.272   28.492    2.875
  44.577   28.835    2.834
  45.263   27.927    2.246
  44.582   26.930    1.842
  43.040   27.341    2.316
  42.959   26.412    1.846
  41.990   27.428    2.538
  46.272   28.011    2.120
  45.065   27.058    1.827
  37.526    3.325   26.947
  38.792    3.727   27.187
  39.269    4.344   26.170
  38.465    4.439   25.188
  37.111    3.660   25.762
  36.875    3.974   24.794
  36.155    3.202   25.950
  40.216    4.722   26.165
  38.934    4.588   25.276
  29.669   38.287    7.316
  30.458   37.584    6.475
  30.230   37.918    5.259
  29.335   38.812    5.118
  28.886   39.115    6.691
  28.300   39.744    6.098
  28.465   39.446    7.626
  30.732   37.492    4.481
  29.627   38.552    4.806
  38.104   32.373   50.000
  38.736   33.504   49.621
  38.037   34.144   48.759
  36.932   33.586   48.459
  36.959   32.216   49.403
  36.060   32.184   48.874
  36.794   31.291   49.929
  38.353   35.025   48.356
  37.167   34.005   48.319
  46.463   15.915   31.623
  47.361   14.937   31.379
  46.768   13.815   31.201
  45.500   13.870   31.291
  45.237   15.481   31.617
  44.294   15.034   31.590
  44.869   16.470   31.830
  47.285   12.958   31.004
  45.832   13.508   31.201
   7.112   42.937   32.583
   6.595   43.824   33.459
   5.563   43.335   34.040
   5.263   42.154   33.672
   6.443   41.823   32.547
   5.841   40.971   32.592
   7.113   41.427   31.801
   5.037   43.861   34.737
   5.071   42.482   33.996
  13.940   16.441   23.807
  14.944   15.797   23.177
  15.949   16.576   23.017
  15.781   17.752   23.475
  14.237   17.675   24.091
  14.572   18.647   24.273
  13.270   17.821   24.542
  16.805   16.265   22.559
  16.153   17.513   23.242
  19.944   14.643   40.079
  21.038   15.255   40.580
  21.982   14.408   40.766
  21.686   13.212   40.446
  20.117   13.366   39.913
  20.356   12.354   39.818
  19.114   13.263   39.536
  22.889   14.686   41.139
  22.092   13.438   40.632
  28.988   45.124   15.934
  28.768   45.065   14.603
  29.442   44.110   14.078
  30.150   43.448   14.904
  29.817   44.212   16.345
  30.489   43.446   16.573
  29.731   44.567   17.358
  29.404   43.910   13.079
  30.068   43.426   14.411
  24.024   34.296   26.305
  24.737   33.598   27.215
  24.047   33.410   28.278
  22.877   33.908   28.243
  22.833   34.599   26.729
  21.902   34.791   27.161
  22.614   35.101   25.802
  24.421   32.900   29.079
  23.141   33.650   28.580
  42.196   29.403    7.625
  41.132   28.854    7.000
  40.068   29.523    7.250
  40.245   30.529    8.010
  41.880   30.459    8.315
  41.525   31.291    8.835
  42.904   30.582    8.625
  39.163   29.258    6.864
  39.851   30.325    7.779
  29.611   12.678   -0.002
  28.995   11.477   -0.001
  29.858   10.529    0.000
  31.070   10.920   -0.000
  30.907   12.576   -0.002
  31.934   12.388   -0.002
  31.007   13.649   -0.003
  29.581    9.548    0.001
  30.842   10.475    0.000
   7.072   16.986   29.634
   6.071   16.580   30.443
   6.237   17.039   31.628
   7.279   17.755   31.775
   7.943   17.730   30.249
   8.581   18.315   30.831
   8.517   17.832   29.344
   5.579   16.838   32.381
   6.908   17.605   32.075
  39.191   40.451    7.941
  39.230   40.767    9.253
  38.471   41.770    9.498
  37.866   42.233    8.478
  38.404   41.232    7.262
  37.752   41.910    6.810
  38.633   40.698    6.355
  38.371   42.153   10.437
  37.880   42.350    8.964
  36.874    3.251   33.607
  37.391    2.004   33.626
  38.661    2.046   33.788
  39.141    3.220   33.893
  37.781    4.170   33.756
  38.581    4.829   33.882
  37.032    4.942   33.691
  39.227    1.198   33.828
  39.332    2.758   33.900
   5.145   31.965   11.713
   6.239   31.472   11.094
   5.902   30.634   10.184
   4.647   30.458   10.069
   4.039   31.474   11.239
   3.211   31.022   10.791
   3.462   32.063   11.932
   6.595   30.157    9.608
   5.052   30.275    9.840
   3.772   21.215   19.519
   4.941   21.279   20.191
   5.924   20.266   20.084
   7.136   20.332   20.782
   7.409   21.413   21.611
   2.603   21.152   18.846
   1.621   22.164   18.953
   8.442   21.441   21.017
   7.693   20.568   22.402
   7.650   22.314   22.310
   1.337   23.009   18.163
   0.588   22.136   19.547
   1.240   21.699   18.454
  12.977   44.606   42.921
  13.918   45.235   42.184
  13.812   46.604   41.844
  14.787   47.257   41.080
  15.903   46.563   40.630
  12.037   43.977   43.657
  12.142   42.607   43.998
  16.501   47.488   41.084
  15.618   47.046   39.579
  16.845   45.992   40.245
  12.428   42.124   45.049
  11.545   41.682   43.544
  11.463   42.753   44.354
  48.273   13.429   13.822
  47.285   12.511   13.788
  47.248   11.483   12.816
  46.223   10.530   12.782
  45.197   10.571   13.718
  49.262   14.348   13.855
  49.298   15.376   14.827
  45.449    9.414   13.852
  44.495   10.480   12.759
  44.330   10.594   14.497
  50.000   15.467   15.785
  49.047   16.533   14.693
  49.951   15.568   14.444
   4.921   42.717   37.107
   5.976   41.883   36.984
   7.291   42.363   36.778
   8.385   41.498   36.650
   8.202   40.123   36.724
   3.867   43.551   37.231
   2.552   43.072   37.437
   9.103   40.176   37.502
   8.846   40.114   35.721
   8.062   38.966   36.784
   1.907   43.080   38.439
   1.651   43.019   36.659
   2.387   43.835   37.434
  22.184   31.746   23.709
  23.091   30.806   24.050
  23.370   30.488   25.400
  24.310   29.512   25.754
  25.005   28.820   24.770
  21.278   32.686   23.368
  20.999   33.004   22.018
  24.669   27.860   25.391
  25.959   29.115   25.419
  25.595   28.232   23.954
  20.044   32.710   21.368
  21.335   33.964   21.397
  20.502   33.508   22.350
  45.060   43.751   31.423
  45.932   42.877   31.969
  45.807   41.479   31.785
  46.711   40.573   32.352
  47.772   41.031   33.123
  44.189   44.625   30.876
  44.313   46.022   31.060
  48.419   40.314   32.425
  47.392   40.211   33.900
  48.667   41.403   33.772
  44.693   46.842   30.283
  43.666   46.740   31.758
  43.672   46.031   30.614
  18.068   28.940   36.616
  17.170   28.167   37.263
  15.959   27.758   36.657
  15.027   26.957   37.328
  15.273   26.537   38.629
  18.967   29.712   35.968
  20.178   30.122   36.574
  14.984   25.464   38.200
  14.170   26.940   38.830
  15.467   26.178   39.722
  21.281   29.719   36.374
  20.467   31.195   37.004
  20.281   30.473   35.884
  42.254   35.518   10.695
  41.407   35.505   11.746
  41.687   36.205   12.944
  40.808   36.191   14.033
  39.618   35.477   13.964
  43.102   35.532    9.644
  42.822   34.832    8.446
  39.137   36.492   14.360
  39.972   35.039   15.015
  38.617   34.881   13.920
  42.469   35.270    7.396
  43.304   33.816    8.051
  43.511   35.132    8.235
  23.396   43.069    7.407
  23.418   44.276    8.012
  24.447   44.647    8.910
  24.469   45.898    9.537
  23.464   46.824    9.287
  23.375   41.862    6.803
  22.346   41.492    5.905
  24.375   47.570    9.105
  23.419   46.901   10.476
  22.627   47.611    9.087
  22.392   41.415    4.716
  21.435   40.746    6.087
  22.760   40.830    5.871
  24.096   35.470   18.509
  25.243   34.905   18.076
  26.508   35.481   18.340
  27.698   34.895   17.891
  27.665   33.713   17.163
  22.948   36.034   18.942
  21.683   35.459   18.678
  28.492   33.360   17.944
  28.381   34.305   16.416
  27.651   32.720   16.550
  20.967   34.867   19.424
  20.856   35.812   17.896
  21.435   36.080   19.081
  40.565   41.902   41.103
  39.585   40.994   40.906
  38.250   41.379   40.636
  37.234   40.438   40.432
  37.517   39.079   40.489
  41.545   42.809   41.300
  42.880   42.425   41.569
  36.930   39.046   39.452
  36.574   39.046   41.217
  37.740   37.935   40.534
  43.823   42.458   40.841
  43.467   42.458   42.606
  42.986   43.198   41.591
  29.364   18.570   44.732
  29.319   17.225   44.844
  28.112   16.535   45.108
  28.064   15.140   45.224
  29.222   14.386   45.081
  29.410   19.914   44.620
  30.617   20.604   44.357
  28.556   13.744   44.331
  28.864   13.881   46.099
  30.187   13.742   44.963
  30.975   21.110   43.339
  31.283   21.247   45.107
  30.144   21.226   44.391
  24.767   10.325   17.022
  26.083   10.366   17.320
  27.022    9.518   16.686
  28.387    9.561   16.996
  28.861   10.452   17.949
  23.451   10.284   16.724
  22.512   11.131   17.357
  29.659   10.727   17.108
  29.407    9.489   18.390
  29.273   11.196   18.748
  21.966   12.095   16.917
  21.714   10.857   18.199
  22.014   10.750   16.892
  41.273    4.788    7.690
  42.474    4.173    7.699
  43.689    4.898    7.647
  44.935    4.259    7.656
  45.011    2.874    7.718
  40.071    5.404    7.681
  38.857    4.679    7.733
  45.787    3.085    8.597
  45.758    3.004    6.799
  45.089    1.711    7.770
  38.109    4.549    8.652
  38.081    4.467    6.854
  38.551    5.397    7.706
  19.893   49.558   22.228
  18.731   49.115   21.704
  17.695   50.000   21.323
  16.489   49.541   20.779
  16.277   48.181   20.596
  21.056   50.000   22.753
  22.092   49.115   23.134
  15.949   48.511   19.499
  15.246   48.399   21.153
  16.085   47.041   20.438
  23.123   48.897   22.578
  22.420   48.785   24.231
  22.446   49.783   23.330
  11.987    4.037   35.300
  11.212    4.756   36.139
  11.547    6.076   36.524
  10.744    6.822   37.395
   9.576    6.274   37.911
  12.763    3.317   34.461
  12.427    1.998   34.076
   9.089    7.299   37.548
  10.012    6.655   38.953
   8.593    5.827   38.352
  11.991    1.617   33.034
  12.914    0.972   34.439
  13.091    2.061   33.669
  19.318   31.585   47.869
  20.081   30.688   47.207
  21.412   30.975   46.823
  22.203   30.046   46.137
  21.691   28.796   45.811
  18.556   32.481   48.530
  17.224   32.194   48.915
  22.705   28.399   46.294
  22.111   29.051   44.725
  21.274   27.744   45.531
  16.804   31.939   50.000
  16.210   32.591   48.431
  17.264   32.919   49.202
  17.512   47.134   14.398
  18.252   47.544   13.346
  18.792   46.633   12.408
  19.560   47.058   11.318
  19.816   48.410   11.126
  16.771   46.724   15.449
  16.231   47.636   16.387
  19.452   48.187   10.013
  20.945   48.047   11.009
  20.038   49.541   10.953
  15.102   47.999   16.504
  16.595   47.858   17.500
  15.956   46.979   16.707
  29.630   14.240    2.902
  29.396   13.055    3.505
  28.704   12.963    4.736
  28.462   11.734    5.361
  28.902   10.553    4.778
  29.863   15.425    2.299
  30.555   15.516    1.068
  27.784   10.190    4.976
  29.344   10.334    5.862
  29.266    9.554    4.299
  30.113   15.735   -0.017
  31.673   15.879    0.870
  30.425   16.279    1.174
  25.803   34.628    5.007
  26.322   33.404    4.767
  27.715   33.191    4.650
  28.253   31.922    4.401
  27.416   30.822    4.262
  25.285   35.851    5.246
  23.891   36.065    5.364
  28.159   30.321    5.047
  28.056   30.624    3.276
  26.725   29.890    4.143
  23.251   36.263    6.350
  23.148   36.566    4.578
  24.121   36.802    5.477
  15.053   25.700   16.066
  15.401   26.743   15.282
  16.644   26.793   14.609
  17.005   27.874   13.796
  16.135   28.944   13.627
  14.705   24.658   16.850
  13.461   24.608   17.523
  16.359   28.775   12.469
  17.096   29.598   13.890
  15.415   29.849   13.477
  12.501   23.954   17.260
  13.238   24.777   18.681
  13.744   23.924   17.772
  37.926   21.950   20.228
  37.502   21.192   19.194
  36.312   21.487   18.488
  35.871   20.701   17.416
  36.605   19.593   17.012
  38.351   22.707   21.262
  39.541   22.412   21.968
  36.486   20.071   15.927
  35.552   19.038   17.068
  37.212   18.660   16.663
  40.594   22.968   21.912
  39.661   21.934   23.053
  39.332   23.047   22.372
  31.638   10.151   44.774
  32.763    9.408   44.706
  33.497    9.050   45.862
  34.663    8.279   45.791
  35.138    7.839   44.562
  30.513   10.894   44.843
  29.780   11.252   43.687
  35.192    6.781   45.109
  36.174    8.281   44.950
  35.547    7.462   43.537
  28.743   10.810   43.299
  29.725   12.310   43.140
  29.325   11.606   44.214
  35.095   23.543   40.821
  35.833   23.110   39.778
  36.760   23.949   39.115
  37.527   23.499   38.033
  37.393   22.195   37.575
  34.356   23.977   41.865
  33.429   23.138   42.527
  38.582   22.186   37.644
  37.290   22.717   36.509
  37.291   21.102   37.180
  33.531   22.615   43.593
  32.239   23.146   42.458
  33.316   23.780   42.956
   1.768   27.636   36.633
   1.971   26.423   37.189
   1.032   25.834   38.069
   1.243   24.576   38.645
   2.400   23.862   38.363
   1.564   28.849   36.077
   2.504   29.438   35.197
   1.641   22.968   38.149
   2.463   23.747   39.548
   3.368   23.251   38.135
   2.441   29.552   34.013
   3.263   30.331   35.412
   1.975   30.013   35.188
  29.131   34.878   25.288
  28.963   33.778   26.051
  27.694   33.395   26.546
  27.520   32.254   27.338
  28.608   31.454   27.663
  29.300   35.979   24.524
  30.569   36.362   24.029
  27.903   30.568   27.292
  28.184   31.552   28.772
  29.513   30.774   27.943
  30.993   36.263   22.920
  31.274   37.248   24.401
  30.154   36.946   23.720
  45.955   42.901   18.597
  46.613   41.727   18.708
  48.025   41.663   18.786
  48.707   40.446   18.900
  48.002   39.249   18.941
  45.298   44.074   18.487
  43.886   44.138   18.408
  48.683   39.031   19.894
  48.777   38.914   18.100
  47.423   38.238   18.976
  43.111   44.473   19.249
  43.205   44.357   17.455
  44.030   44.905   18.366
  29.832   39.403   42.307
  29.205   38.765   41.296
  28.529   37.537   41.489
  27.878   36.876   40.441
  27.880   37.419   39.163
  30.460   40.041   43.318
  31.136   41.270   43.125
  26.706   37.218   39.216
  28.223   36.324   38.839
  27.873   37.863   38.084
  30.793   42.364   43.448
  32.309   41.470   43.071
  31.278   41.189   43.888
  32.354   23.018   25.306
  31.126   22.772   25.811
  30.846   21.610   26.569
  29.573   21.355   27.093
  28.535   22.252   26.878
  33.581   23.264   24.801
  33.861   24.426   24.043
  28.380   22.154   28.055
  27.934   21.278   26.547
  27.655   22.997   26.705
  34.462   25.400   24.374
  34.017   24.524   22.866
  34.574   24.108   24.017
  40.098   47.110   48.439
  40.316   45.939   47.803
  41.591   45.325   47.778
  41.816   44.111   47.119
  40.775   43.467   46.462
  39.881   48.281   49.074
  38.606   48.895   49.100
  41.153   42.515   47.071
  41.553   43.409   45.561
  39.910   42.916   45.907
  37.828   48.954   50.001
  38.229   49.847   48.490
  38.990   49.431   49.518
   8.866   35.009   41.219
   8.203   36.182   41.298
   7.716   36.688   42.526
   7.028   37.905   42.607
   6.802   38.659   41.462
   9.530   33.836   41.141
  10.017   33.330   39.913
   7.237   39.551   42.122
   5.679   38.688   41.860
   6.605   39.301   40.509
  11.139   33.301   39.515
   9.582   32.437   39.254
  10.262   32.748   40.372
  26.731    7.150   32.927
  27.826    6.361   32.948
  29.046    6.785   33.525
  30.181    5.966   33.547
  30.137    4.693   32.992
  25.637    7.940   32.906
  24.417    7.515   32.328
  30.620    4.365   34.031
  31.137    5.039   32.444
  30.114    3.623   32.530
  23.417    7.170   32.876
  23.934    7.844   31.289
  24.185    8.226   32.554
  22.864   10.883   40.453
  23.445   10.365   41.556
  22.810    9.377   42.346
  23.412    8.841   43.490
  24.672    9.272   43.885
  22.283   11.400   39.350
  22.918   12.388   38.561
  24.909    8.106   43.947
  24.153    9.395   44.950
  25.729    9.625   44.228
  23.438   12.265   37.495
  22.681   13.554   38.498
  22.261   12.326   38.144
  23.971   13.939    4.584
  23.586   14.962    5.376
  24.070   15.110    6.697
  23.671   16.171    7.519
  22.773   17.121    7.049
  24.356   12.916    3.791
  23.871   12.767    2.470
  23.579   17.897    7.461
  22.208   16.905    8.075
  22.020   17.926    6.667
  24.437   12.983    1.444
  23.066   11.992    2.058
  24.333   12.138    2.485
  23.461   24.266   38.885
  22.161   24.281   39.249
  21.413   23.090   39.408
  20.065   23.105   39.785
  19.416   24.312   40.017
  24.761   24.251   38.521
  25.509   25.442   38.362
  19.070   23.782   41.027
  18.586   23.855   39.295
  18.860   25.318   40.215
  26.339   25.898   39.084
  25.855   25.971   37.352
  26.076   24.935   38.182
  40.509   28.085   28.654
  39.523   27.225   28.988
  38.642   26.683   28.023
  37.620   25.791   28.370
  37.443   25.410   29.694
  41.494   28.945   28.319
  42.376   29.488   29.284
  37.428   24.308   29.239
  36.304   25.692   29.487
  37.283   25.081   30.801
  43.514   29.205   29.491
  42.391   30.589   29.739
  42.674   29.843   28.656
  11.263    5.202   27.627
  11.182    5.129   26.281
  10.025    5.540   25.577
   9.941    5.464   24.181
  11.010    4.975   23.441
  11.345    5.275   28.972
  12.501    4.864   29.677
  10.846    5.964   22.795
  10.175    4.299   22.926
  11.899    4.567   22.807
  13.336    5.541   30.192
  12.665    3.876   30.323
  12.074    5.084   30.293
  31.858   36.187   49.104
  30.559   36.552   49.104
  29.512   35.600   49.103
  28.164   35.979   49.103
  27.815   37.324   49.103
  33.158   35.821   49.104
  34.205   36.773   49.104
  27.102   37.005   50.003
  27.102   37.005   48.203
  27.508   38.449   49.104
  34.917   37.092   50.004
  34.918   37.092   48.204
  34.647   36.130   49.104
   9.643   33.441    7.446
  10.909   33.091    7.136
  11.891   34.052    6.796
  13.204   33.689    6.474
  13.583   32.352    6.481
   8.376   33.791    7.756
   7.395   32.830    8.096
  14.493   32.748    7.140
  14.030   32.608    5.407
  13.914   31.234    6.483
   6.947   32.574    9.170
   6.484   32.435    7.436
   6.948   33.467    8.164
   5.682    5.331   33.246
   5.389    4.288   34.052
   4.066    3.812   34.211
   3.762    2.731   35.047
   4.770    2.086   35.752
   5.975    6.374   32.440
   7.298    6.850   32.281
   4.277    1.100   35.301
   4.036    2.232   36.680
   5.607    1.537   36.350
   8.032    6.704   31.353
   7.791    7.836   32.732
   6.944    7.356   31.803
  34.106   46.093    7.004
  33.203   47.067    7.242
  33.577   48.429    7.337
  32.640   49.440    7.584
  31.296   49.125    7.744
  35.009   45.118    6.766
  34.636   43.756    6.671
  31.131   49.997    6.949
  31.388   49.803    8.720
  30.166   48.875    7.881
  34.544   43.078    5.695
  34.801   42.884    7.466
  35.402   43.665    6.550
  41.513   46.410   30.411
  42.095   46.674   29.222
  42.242   47.995   28.736
  42.846   48.268   27.503
  43.323   47.231   26.711
  40.931   46.146   31.601
  40.784   44.825   32.086
  44.310   47.897   26.661
  42.707   47.778   25.850
  43.727   46.370   26.037
  41.400   44.278   32.947
  39.797   44.159   32.137
  40.452   45.197   32.688
   7.578   25.943   47.238
   7.408   24.992   46.294
   8.499   24.427   45.593
   8.323   23.441   44.615
   7.048   22.986   44.302
   7.748   26.893   48.181
   6.656   27.458   48.882
   7.541   21.909   44.439
   7.393   23.186   43.179
   5.984   22.594   44.030
   6.311   27.258   50.005
   6.164   28.535   48.745
   7.226   27.865   49.228
  33.186   23.940   37.024
  33.720   22.944   36.286
  35.118   22.784   36.141
  35.672   21.751   35.375
  34.847   20.840   34.728
  32.652   24.937   37.762
  31.253   25.096   37.907
  35.558   20.031   35.237
  35.528   21.092   33.783
  34.165   20.069   34.179
  30.572   24.844   38.852
  30.542   25.905   37.398
  31.475   25.703   38.346
  47.170   15.684   12.146
  46.127   15.412   12.959
  45.418   16.432   13.636
  44.336   16.151   14.479
  43.924   14.838   14.674
  48.214   15.956   11.334
  48.922   14.935   10.656
  42.844   15.278   14.431
  43.970   15.133   15.828
  43.568   13.741   14.847
  48.877   14.641    9.502
  50.003   14.495   10.899
  49.332   15.544   10.389
  10.850   45.523   30.009
  10.574   44.384   30.679
  11.420   43.252   30.612
  11.135   42.070   31.307
   9.993   41.979   32.094
  11.125   46.662   29.339
  10.279   47.795   29.406
  10.751   41.570   32.917
   9.823   40.960   31.501
   9.039   41.890   32.758
  10.449   48.814   29.999
   9.521   48.205   28.582
  10.817   48.093   28.925
  19.903   33.904   31.130
  18.587   33.753   30.871
  18.037   32.509   30.480
  16.672   32.352   30.211
  15.808   33.434   30.323
  21.219   34.055   31.390
  21.769   35.299   31.780
  15.152   32.678   30.969
  15.446   33.090   29.241
  15.072   34.334   30.413
  22.132   35.643   32.862
  22.425   36.056   31.135
  22.430   34.882   31.793
  39.922   32.058   40.078
  40.466   32.564   38.950
  41.680   33.292   38.965
  42.244   33.816   37.796
  41.616   33.631   36.571
  39.377   31.553   41.205
  38.164   30.825   41.190
  42.697   33.278   36.216
  41.777   34.806   36.457
  41.099   33.483   35.536
  38.002   29.650   41.304
  37.082   31.178   41.545
  38.301   30.786   41.958
  39.156   46.118    1.588
  38.823   45.244    2.562
  39.164   43.873    2.489
  38.818   42.967    3.499
  38.118   43.400    4.618
  39.490   46.991    0.615
  39.148   48.363    0.688
  38.967   42.814    5.215
  37.412   42.472    4.375
  37.531   43.750    5.563
  39.854   49.291    0.931
  38.300   48.949    0.091
  39.516   48.382   -0.001
  33.674   31.894   36.251
  33.315   30.689   36.744
  33.048   30.491   38.120
  32.675   29.242   38.631
  32.557   28.147   37.785
  34.033   33.098   35.758
  34.300   33.296   34.383
  31.503   28.009   38.324
  33.235   27.606   38.602
  32.453   27.219   37.086
  33.622   33.836   33.565
  35.354   33.434   33.844
  34.432   34.028   34.622
  32.050   43.690   25.794
  32.166   42.719   26.724
  31.275   42.618   27.818
  31.395   41.610   28.783
  32.410   40.667   28.686
  31.934   44.662   24.864
  32.825   44.763   23.769
  31.525   39.887   28.853
  32.603   40.948   29.828
  33.258   39.869   28.618
  32.632   44.481   22.627
  33.711   45.542   23.602
  32.376   45.378   23.597
  12.405   41.096   34.289
  11.720   41.947   35.083
  12.264   43.185   35.501
  11.554   44.067   36.325
  10.275   43.743   36.759
  13.090   40.246   33.495
  12.546   39.008   33.077
  10.008   44.839   36.374
  10.704   44.041   37.830
   9.200   43.484   37.130
  12.117   38.711   32.006
  12.813   37.912   33.461
  13.235   38.949   32.715
  30.833   46.398   17.881
  29.663   47.069   17.946
  28.433   46.469   17.584
  27.220   47.165   17.652
  27.194   48.485   18.084
  32.003   45.728   17.815
  33.232   46.327   18.177
  26.319   48.098   18.795
  26.545   48.658   17.099
  27.157   49.593   18.445
  33.881   46.155   19.162
  34.107   46.714   17.466
  33.511   45.624   17.982
  19.245   39.847   37.588
  19.574   40.642   38.628
  19.397   40.231   39.971
  19.738   41.056   41.050
  20.269   42.320   40.825
  18.916   39.052   36.547
  19.094   39.462   35.205
  21.095   41.970   41.609
  19.435   42.666   41.602
  20.715   43.383   40.650
  19.927   39.116   34.427
  18.267   39.812   34.420
  18.797   38.754   35.061
  30.977    1.525   13.137
  32.304    1.334   12.987
  32.834    0.136   12.450
  34.211   -0.063   12.295
  35.108    0.929   12.671
  29.649    1.717   13.287
  29.119    2.914   13.824
  35.569    0.742   11.588
  35.654    0.038   13.242
  35.872    1.754   12.982
  28.573    3.806   13.252
  28.659    3.102   14.907
  28.442    2.544   13.702
  41.762   47.770   43.229
  43.047   48.167   43.111
  43.397   49.410   42.534
  44.730   49.822   42.412
  45.759   49.005   42.862
  40.477   47.372   43.348
  40.126   46.129   43.925
  46.133   49.997   43.407
  46.225   49.219   41.786
  46.633   48.329   43.236
  39.661   45.915   45.001
  39.753   45.137   43.380
  39.404   46.378   43.764
  28.986   11.892   32.184
  29.921   12.859   32.306
  29.582   14.232   32.330
  30.551   15.234   32.457
  31.895   14.898   32.564
  28.051   10.926   32.061
  28.391    9.553   32.038
  31.872   15.641   33.496
  32.033   15.712   31.704
  33.026   14.630   32.655
  28.253    8.739   32.897
  28.414    8.810   31.106
  27.617    9.472   31.965
  47.917   24.320   19.543
  47.481   25.490   20.056
  48.322   26.624   20.156
  47.871   27.838   20.688
  46.563   27.961   21.139
  48.352   23.149   19.030
  47.511   22.016   18.930
  46.563   28.947   20.469
  47.079   28.419   22.111
  45.467   28.078   21.522
  46.995   21.558   17.958
  47.511   21.030   19.599
  48.155   21.697   18.625
  27.692   39.127   22.086
  28.229   38.118   21.366
  27.486   37.420   20.385
  28.043   36.374   19.638
  29.361   35.990   19.847
  27.155   40.135   22.806
  27.897   40.833   23.788
  29.437   36.074   18.660
  28.896   34.895   19.908
  30.467   35.657   20.012
  28.363   41.928   23.726
  27.822   40.750   24.974
  27.225   41.224   23.865
  31.414    7.354    7.944
  32.732    7.249    8.216
  33.657    6.757    7.264
  35.024    6.648    7.546
  35.515    7.026    8.789
  30.096    7.460    7.673
  29.171    7.952    8.624
  36.311    7.635    8.144
  36.051    5.962    8.756
  35.941    7.340    9.828
  28.635    9.015    8.657
  28.375    7.343    9.269
  28.665    7.818    8.044
  34.105   12.691    9.378
  34.935   12.971   10.405
  35.931   12.061   10.834
  36.792   12.351   11.899
  36.689   13.562   12.572
  33.274   12.410    8.351
  32.279   13.320    7.922
  37.866   13.612   12.395
  36.695   12.873   13.544
  36.613   14.574   13.146
  32.273   14.009    6.950
  31.102   13.270    8.099
  32.132   12.752    7.407
  32.825   20.272   30.489
  31.513   20.525   30.677
  30.509   19.606   30.290
  29.148   19.868   30.484
  28.741   21.059   31.073
  34.138   20.019   30.302
  35.142   20.938   30.689
  28.085   20.343   31.763
  28.002   21.117   30.140
  28.387   22.055   31.566
  35.881   20.880   31.622
  35.798   21.655   29.999
  35.611   20.384   30.401
  30.779    5.791   35.734
  31.693    4.812   35.899
  31.323    3.449   35.996
  32.271    2.433   36.167
  33.623    2.744   36.246
  29.865    6.771   35.570
  30.235    8.133   35.472
  33.735    1.884   35.428
  33.593    2.051   37.215
  34.761    2.990   36.314
  30.266    8.826   34.503
  30.123    8.993   36.290
  29.463    8.228   35.402
  47.546    4.539   36.095
  46.235    4.218   36.124
  45.792    2.874   36.151
  44.433    2.541   36.181
  43.467    3.541   36.185
  48.857    4.860   36.067
  49.300    6.204   36.039
  43.020    2.925   37.102
  42.987    2.900   35.303
  42.647    4.369   36.188
  49.780    6.845   36.922
  49.747    6.819   35.122
  50.001    5.861   36.031
  38.666   23.532   34.028
  39.993   23.738   33.889
  40.917   22.668   33.843
  42.293   22.882   33.698
  42.794   24.173   33.594
  37.339   23.326   34.168
  36.415   24.397   34.214
  43.373   23.733   32.650
  43.550   23.809   34.440
  43.227   25.252   33.505
  35.658   24.761   33.368
  35.835   24.837   35.157
  35.903   23.812   34.289
  47.311    2.133   33.459
  46.751    3.342   33.673
  45.348    3.531   33.667
  44.768    4.785   33.889
  45.569    5.896   34.126
  47.871    0.923   33.244
  49.273    0.734   33.251
  44.838    6.063   35.053
  44.892    6.401   33.286
  46.229    6.836   34.326
  49.950    0.229   34.091
  50.004    0.567   32.324
  49.067   -0.005   33.103
   3.467   25.224   14.918
   2.733   25.641   15.972
   1.952   24.747   16.742
   1.191   25.180   17.835
   1.183   26.521   18.196
   4.201   24.807   13.865
   4.982   25.700   13.094
   1.403   26.095   19.286
  -0.000   26.380   18.196
   1.168   27.644   18.509
   6.166   25.841   13.094
   4.762   26.126   12.003
   5.153   25.046   12.703
  41.068   29.918   15.095
  42.417   29.929   15.143
  43.160   31.133   15.096
  44.559   31.144   15.146
  45.265   29.952   15.245
  39.719   29.907   15.047
  38.977   28.703   15.094
  45.830   30.510   16.133
  45.895   30.401   14.338
  45.871   28.958   15.327
  38.348   28.254   16.001
  38.412   28.145   14.205
  38.374   29.198   15.042
  41.267   44.097   27.803
  41.803   43.113   27.050
  42.816   42.257   27.543
  43.372   41.237   26.762
  42.934   41.036   25.459
  40.732   45.080   28.557
  39.719   45.936   28.063
  42.842   39.899   25.803
  44.099   41.041   25.205
  42.576   40.857   24.363
  38.554   45.931   28.316
  39.811   47.074   27.719
  39.779   46.245   28.778
  29.486   12.106   24.188
  30.702   11.520   24.166
  31.822   12.138   23.560
  33.083   11.530   23.537
  33.268   10.282   24.117
  28.271   12.693   24.211
  27.151   12.075   24.816
  34.199   10.809   24.643
  33.789   10.020   23.078
  33.438    9.234   24.601
  26.630   12.337   25.856
  26.220   11.547   24.291
  26.796   12.729   24.580
  29.813   28.213    9.253
  29.961   29.343    9.976
  29.999   30.621    9.370
  30.152   31.794   10.120
  30.272   31.730   11.502
  29.666   27.082    8.530
  29.627   25.804    9.137
  29.425   32.569   11.484
  31.213   32.438   11.323
  30.373   31.691   12.663
  28.685   25.096    9.315
  30.473   24.965    9.155
  29.544   25.572    8.395
  31.861   36.009   16.859
  31.288   37.056   17.491
  31.446   37.270   18.880
  30.852   38.356   19.535
  30.080   39.266   18.824
  32.433   34.962   16.227
  32.276   34.747   14.837
  30.756   40.075   19.378
  29.291   39.081   19.697
  29.429   40.037   18.239
  33.065   34.932   13.964
  31.600   33.938   14.284
  32.729   34.129   14.990
  29.783   47.840   46.025
  30.349   46.614   46.002
  31.731   46.431   45.763
  32.318   45.160   45.740
  31.544   44.027   45.953
  29.217   49.065   46.047
  27.834   49.248   46.286
  32.400   43.747   46.733
  32.080   43.633   44.965
  30.905   43.068   46.131
  27.297   49.643   47.274
  26.977   49.528   45.506
  28.027   50.000   46.202
  38.167   43.891   13.740
  37.016   43.364   13.271
  36.993   42.459   12.184
  35.799   41.913   11.698
  34.585   42.254   12.281
  39.319   44.417   14.209
  39.341   45.322   15.296
  34.412   41.075   12.301
  34.248   42.454   11.156
  33.559   42.531   12.762
  39.678   45.122   16.421
  39.514   46.501   15.276
  40.110   45.301   15.160
  47.668   33.353   35.885
  48.147   32.535   34.924
  49.510   32.543   34.544
  50.008   31.695   33.547
  49.160   30.809   32.895
  47.188   34.170   36.846
  45.825   34.162   37.226
  50.007   30.011   33.153
  49.653   31.265   31.910
  48.459   30.060   32.339
  45.332   33.707   38.210
  44.978   34.960   36.968
  46.069   34.718   37.717
  44.638   33.636   21.498
  44.452   33.216   20.228
  45.440   32.484   19.528
  45.248   32.048   18.212
  44.060   32.330   17.548
  44.824   34.056   22.767
  43.836   34.789   23.467
  44.079   31.166   17.292
  44.786   32.704   16.680
  43.069   32.560   16.979
  43.110   34.415   24.335
  43.817   35.953   23.722
  44.373   34.767   24.033
  11.021   31.740    8.869
  11.761   32.499    9.705
  11.559   32.489   11.105
  12.326   33.276   11.972
  13.323   34.102   11.469
  10.281   30.981    8.033
  10.484   30.992    6.632
  13.992   33.589   12.312
  12.801   34.929   12.150
  14.164   34.800   11.061
  11.007   30.165    5.952
   9.815   31.505    5.790
   9.900   30.475    6.651
  27.821   20.377   34.344
  28.725   21.321   34.683
  30.068   20.998   34.990
  31.005   21.976   35.342
  30.632   23.313   35.400
  26.917   19.433   34.004
  25.574   19.757   33.698
  31.606   23.479   34.734
  31.162   23.280   36.467
  30.333   24.439   35.453
  25.044   19.790   32.631
  24.601   19.591   34.365
  25.523   18.984   33.596
  15.258   22.160   26.468
  16.567   22.478   26.567
  17.009   23.820   26.644
  18.365   24.150   26.747
  19.329   23.149   26.776
  13.950   21.842   26.369
  13.508   20.500   26.292
  19.731   23.744   27.727
  19.852   23.807   25.932
  20.147   22.319   26.802
  12.985   19.841   27.137
  13.106   19.904   25.342
  12.808   20.844   26.257
  19.428    6.971    3.642
  20.371    6.075    3.280
  20.039    4.764    2.865
  21.016    3.834    2.490
  22.360    4.183    2.515
  18.486    7.868    4.004
  18.818    9.179    4.418
  22.365    3.730    1.414
  22.480    3.162    3.118
  23.492    4.463    2.532
  18.698   10.200    3.815
  18.813    9.633    5.520
  18.042    9.239    4.490
  43.441   27.003   17.293
  42.675   26.969   16.181
  43.188   27.302   14.906
  42.394   27.267   13.753
  41.058   26.896   13.835
  44.206   27.038   18.404
  43.693   26.704   19.679
  41.339   26.168   12.935
  40.878   27.887   13.199
  39.935   26.587   13.890
  43.872   25.713   20.315
  43.411   27.432   20.580
  44.424   26.867   19.899
  28.006    3.274   11.052
  28.909    4.270   10.927
  29.128    4.933    9.697
  30.065    5.966    9.568
  30.814    6.373   10.664
  27.103    2.278   11.177
  26.883    1.615   12.407
  30.463    7.463   10.336
  31.733    6.259    9.914
  31.451    6.724   11.577
  25.965    1.728   13.158
  27.234    0.524   12.735
  26.365    1.218   11.979
  15.300    6.889   17.984
  13.962    6.919   17.804
  13.103    5.968   18.404
  11.716    6.000   18.217
  11.138    6.984   17.425
  16.638    6.858   18.164
  17.497    7.810   17.565
  10.411    7.125   18.357
  10.581    6.063   16.915
  10.641    7.804   16.762
  18.055    8.731   18.075
  18.225    7.668   16.632
  18.043    7.393   17.936
  22.352   16.930   31.123
  21.174   17.544   30.887
  20.243   17.805   31.921
  19.021   18.442   31.676
  18.686   18.842   30.388
  23.531   16.315   31.359
  24.461   16.055   30.325
  18.434   19.880   30.916
  17.660   18.282   30.621
  18.392   19.183   29.313
  25.487   16.615   30.092
  24.713   15.017   29.797
  24.870   15.748   30.915
  28.848   46.886   22.286
  29.700   47.172   23.294
  29.822   48.478   23.824
  30.706   48.775   24.869
  31.499   47.776   25.420
  27.996   46.600   21.279
  27.874   45.294   20.748
  31.085   48.198   26.455
  32.378   48.564   25.257
  32.170   46.947   25.892
  26.995   44.506   20.911
  28.288   44.872   19.713
  27.349   45.645   20.288
  23.774   28.943   17.508
  24.294   29.271   16.306
  24.463   30.617   15.904
  25.003   30.957   14.657
  25.393   29.962   13.769
  23.253   28.616   18.709
  23.084   27.269   19.112
  26.400   30.597   13.704
  24.749   30.589   12.987
  25.725   29.138   13.014
  23.728   26.642   19.894
  22.077   26.635   19.177
  22.803   27.609   19.756
  25.850   19.365    3.159
  25.525   20.674    3.101
  26.269   21.598    2.329
  25.932   22.956    2.269
  24.840   23.438    2.979
  26.175   18.056    3.216
  25.431   17.132    3.989
  24.549   23.938    1.937
  25.613   24.265    3.352
  23.926   23.856    3.570
  24.659   16.305    3.615
  25.723   16.632    5.030
  25.961   16.632    3.706
  26.315   16.912   36.244
  27.244   15.934   36.305
  28.627   16.219   36.398
  29.591   15.205   36.461
  29.206   13.871   36.434
  25.386   17.889   36.183
  24.003   17.605   36.090
  29.920   13.780   37.384
  30.040   13.782   35.588
  28.896   12.747   36.412
  23.169   17.693   36.936
  23.289   17.695   35.140
  23.951   18.384   36.088
  19.289   11.605   15.987
  18.939   12.908   16.050
  19.237   13.711   17.176
  18.874   15.062   17.241
  18.201   15.657   16.181
  19.638   10.303   15.925
  19.341    9.499   14.799
  19.038   16.499   16.292
  17.464   16.041   17.035
  17.637   16.170   15.299
  20.079    9.116   13.945
  18.504    8.658   14.687
  19.701    8.954   15.226
  16.822   34.262   11.968
  16.852   34.754   10.711
  18.008   35.368   10.173
  18.039   35.878    8.870
  16.915   35.793    8.058
  16.792   33.770   13.225
  15.636   33.156   13.762
  17.684   35.356    7.260
  17.122   36.952    7.873
  15.979   35.729    7.366
  15.429   31.997   13.948
  14.866   33.594   14.560
  16.097   33.079   14.388
   6.360   32.034   15.957
   6.478   31.096   14.993
   7.092   31.373   13.749
   7.215   30.401   12.749
   6.726   29.117   12.958
   6.242   32.971   16.921
   5.627   32.694   18.166
   7.804   28.785   12.572
   6.211   29.280   11.896
   6.321   28.035   13.120
   6.143   32.531   19.228
   4.550   33.026   18.551
   5.804   33.443   18.299
  47.092    6.702   45.227
  46.374    7.792   44.881
  44.960    7.805   44.932
  44.215    8.935   44.573
  44.858   10.091   44.149
  47.810    5.613   45.574
  49.225    5.600   45.523
  44.149   10.622   44.947
  44.082   10.036   43.246
  45.385   11.069   43.792
  50.000    5.655   46.425
  49.933    5.069   44.725
  49.121    4.869   45.778
  20.502   31.544   39.934
  19.220   31.324   39.572
  18.593   30.070   39.760
  17.263   29.842   39.385
  16.514   30.860   38.808
  21.784   31.764   40.296
  22.412   33.019   40.108
  15.705   30.550   39.626
  16.255   30.030   37.993
  15.874   31.705   38.323
  22.671   33.848   40.923
  23.221   33.328   39.290
  23.017   32.645   40.431
  12.448    8.830   19.688
  12.479    8.431   18.399
  12.732    9.335   17.340
  12.763    8.922   16.003
  12.543    7.590   15.677
  12.418    9.228   20.978
  12.165    8.324   22.037
  13.537    7.718   15.032
  11.772    8.045   14.890
  12.359    6.474   15.389
  12.935    7.869   22.824
  11.171    8.196   22.681
  12.250    8.970   22.467
  26.288   35.811   28.093
  27.614   36.053   28.022
  28.556   35.015   27.824
  29.932   35.265   27.751
  30.415   36.562   27.873
  24.962   35.570   28.163
  24.020   36.607   28.361
  31.022   36.290   26.885
  31.157   36.073   28.666
  30.833   37.646   27.973
  23.278   37.097   27.568
  23.412   36.880   29.349
  23.516   36.012   28.326
  13.208   22.847   13.599
  13.933   22.599   14.711
  15.180   23.225   14.947
  15.932   22.967   16.100
  15.465   22.075   17.056
  12.482   23.095   12.488
  11.235   22.469   12.252
  15.720   22.957   17.816
  16.558   21.608   16.967
  15.084   21.328   17.867
  10.142   22.935   12.340
  10.980   21.587   11.492
  11.264   22.898   11.599
  21.014   46.895    4.340
  20.696   45.592    4.188
  21.680   44.576    4.180
  21.351   43.224    4.023
  20.024   42.841    3.868
  21.332   48.199    4.491
  20.347   49.215    4.499
  20.287   42.056    4.725
  20.447   42.224    2.940
  18.915   42.505    3.737
  19.925   49.832    5.427
  20.084   50.000    3.642
  20.972   49.672    4.598
  47.131   34.830   31.430
  46.478   33.948   30.645
  45.076   33.770   30.721
  44.399   32.855   29.906
  45.100   32.085   28.986
  47.784   35.713   32.216
  49.186   35.891   32.140
  44.262   32.462   28.228
  44.491   31.183   29.473
  45.675   31.432   28.210
  49.795   36.792   31.653
  50.024   35.513   32.899
  49.043   36.413   32.703
  32.716   11.262   27.887
  32.246   12.516   28.055
  30.869   12.781   28.243
  30.381   14.082   28.417
  31.252   15.163   28.411
  33.187   10.008   27.719
  34.564    9.742   27.532
  30.684   15.461   29.415
  30.473   15.621   27.634
  31.973   16.080   28.407
  35.344    9.285   28.308
  35.132    9.444   26.527
  34.308    9.005   27.496
  21.846   20.859   27.838
  21.613   22.054   28.421
  21.926   23.276   27.779
  21.684   24.515   28.383
  21.122   24.577   29.652
  22.079   19.664   27.255
  21.767   18.442   27.897
  20.380   25.358   29.143
  22.025   25.322   29.874
  20.650   24.643   30.717
  20.864   17.697   27.675
  22.509   17.661   28.406
  22.054   18.144   27.235
   3.468   19.442   45.124
   2.804   18.947   44.058
   2.207   17.665   44.076
   1.518   17.151   42.970
   1.403   17.902   41.807
   4.132   19.937   46.190
   4.730   21.220   46.172
   0.248   17.623   41.896
   1.778   16.901   41.279
   1.299   18.521   40.824
   4.355   22.220   46.700
   5.885   21.499   46.083
   4.929   21.020   46.900
  20.945   36.735   44.202
  22.279   36.916   44.105
  22.869   38.199   44.185
  24.253   38.387   44.085
  25.096   37.298   43.901
  19.611   36.553   44.298
  19.020   35.270   44.218
  25.703   37.781   44.806
  25.549   37.963   43.022
  25.815   36.393   43.746
  18.567   34.605   45.097
  18.413   34.787   43.313
  18.364   35.682   44.317
  37.304   12.084   34.420
  38.358   12.611   33.760
  38.487   14.003   33.544
  39.580   14.549   32.860
  40.582   13.723   32.368
  36.251   11.558   35.080
  36.121   10.165   35.297
  41.307   14.494   32.914
  40.413   14.335   31.360
  41.430   13.040   31.950
  36.290    9.552   36.304
  35.396    9.393   34.750
  35.463   10.389   35.652
   7.626    6.088   28.450
   7.240    7.172   29.158
   6.564    8.259   28.556
   6.164    9.382   29.289
   6.426    9.458   30.651
   8.011    5.005   27.743
   8.688    3.918   28.345
   5.272    9.747   30.725
   6.852   10.537   30.377
   6.640    9.535   31.795
   8.262    2.839   28.620
   9.841    3.629   28.271
   8.667    3.639   27.616
  49.370   21.238    9.881
  48.970   21.132    8.597
  49.589   20.239    7.690
  49.174   20.128    6.357
  48.125   20.906    5.884
  49.771   21.345   11.166
  49.152   22.238   12.073
  47.714   19.868    5.468
  48.881   21.155    4.998
  47.245   21.553    5.474
  48.396   21.989   12.960
  49.562   23.276   12.489
  49.680   21.938   12.564
  15.192   39.428   23.341
  15.196   40.733   23.685
  14.026   41.527   23.630
  14.030   42.881   23.986
  15.205   43.490   24.410
  15.187   38.122   22.998
  16.358   37.328   23.053
  14.527   43.875   25.310
  14.909   44.321   23.609
  16.184   44.013   24.767
  16.653   36.496   23.854
  17.036   36.943   22.152
  15.867   36.777   22.798
  37.787    1.055    6.412
  39.096    1.006    6.086
  39.534    1.019    4.740
  40.892    0.969    4.402
  41.859    0.904    5.396
  36.478    1.103    6.739
  36.040    1.090    8.085
  42.359    1.798    4.787
  42.282   -0.000    4.745
  42.682    0.849    6.221
  35.617    1.994    8.736
  35.540    0.196    8.693
  35.338    1.128    7.745
  39.741   23.473   18.504
  40.064   24.780   18.403
  39.285   25.689   17.647
  39.620   27.044   17.542
  40.745   27.540   18.189
  39.419   22.166   18.605
  40.197   21.258   19.361
  39.991   28.376   18.581
  40.987   28.017   17.125
  41.686   27.969   18.728
  39.955   20.781   20.426
  40.951   20.422   18.969
  39.655   20.753   19.114
  31.105    2.648   42.978
  32.326    2.076   42.912
  32.494    0.695   42.653
  33.760    0.101   42.585
  34.903    0.867   42.774
  29.884    3.220   43.044
  29.716    4.601   43.304
  35.265    0.340   41.768
  35.201    0.000   43.535
  35.871    1.499   42.930
  29.418    5.468   42.542
  29.354    5.129   44.309
  28.961    4.413   43.240
   5.020   44.826   28.046
   5.559   45.749   28.871
   5.128   45.900   30.211
   5.687   46.856   31.067
   6.697   47.696   30.614
   4.481   43.904   27.221
   4.912   43.753   25.881
   7.249   47.357   31.614
   6.015   48.554   31.082
   7.545   48.407   30.247
   5.594   42.895   25.414
   4.359   44.092   24.882
   4.368   43.192   25.882
   9.068   38.103   40.454
   8.362   37.610   39.415
   8.380   36.235   39.080
   7.647   35.724   38.003
   6.870   36.570   37.221
   9.775   38.596   41.493
   9.757   39.971   41.827
   6.024   35.750   37.405
   7.429   36.033   36.315
   6.213   37.268   36.556
   9.198   40.507   42.733
  10.603   40.791   41.643
  10.243   39.731   42.390
  33.862    9.555   37.676
  33.597   10.849   37.956
  34.192   11.516   39.053
  33.917   12.857   39.344
  33.038   13.580   38.547
  34.127    8.261   37.396
  33.532    7.594   36.299
  33.914   14.388   38.538
  32.545   13.880   39.590
  32.302   14.198   37.887
  34.025    7.295   35.256
  32.655    6.787   36.308
  33.959    6.998   36.567
  31.933   44.437   48.822
  31.882   45.785   48.812
  30.755   46.497   49.288
  30.701   47.895   49.278
  31.773   48.633   48.790
  31.985   43.088   48.832
  33.112   42.377   48.355
  31.653   49.237   49.811
  30.931   49.197   48.163
  32.665   49.265   48.384
  33.953   41.813   48.983
  33.231   41.773   47.335
  32.677   41.761   48.561
   8.769   23.609   20.836
   7.454   23.914   20.813
   6.530   23.191   20.021
   5.167   23.507   19.997
   4.678   24.558   20.763
  10.084   23.304   20.860
  11.007   24.027   21.651
   3.869   23.755   21.113
   4.156   24.888   19.744
   4.254   25.437   21.402
  11.528   23.697   22.671
  11.816   24.830   21.301
  11.511   23.520   21.337
  26.732   12.318   40.215
  27.645   13.290   40.003
  27.271   14.635   39.778
  28.218   15.643   39.558
  29.574   15.340   39.556
  25.819   11.347   40.427
  26.194   10.001   40.653
  29.649   16.266   40.302
  29.575   15.949   38.532
  30.715   15.100   39.552
  26.192    9.393   41.678
  26.119    9.075   39.907
  25.420    9.906   40.702
  17.048   46.727   28.810
  18.045   46.470   29.682
  18.680   47.498   30.419
  19.714   47.231   31.324
  20.151   45.928   31.525
  16.050   46.984   27.937
  15.415   45.956   27.200
  20.025   46.201   32.678
  21.231   46.402   31.357
  20.527   44.838   31.702
  14.335   45.482   27.367
  15.541   45.683   26.047
  15.005   46.558   26.917
  37.579   20.105   32.870
  36.604   19.174   32.807
  36.236   18.396   33.931
  35.225   17.430   33.866
  34.545   17.208   32.675
  38.555   21.036   32.933
  38.922   21.814   31.809
  33.576   17.307   33.362
  34.792   16.064   32.899
  33.966   17.011   31.682
  38.675   22.958   31.585
  39.891   21.715   31.123
  39.428   22.120   32.319
  32.835   31.212   40.187
  32.011   32.216   39.817
  30.875   32.574   40.581
  30.021   33.615   40.198
  30.273   34.335   39.037
  33.658   30.209   40.557
  34.794   29.851   39.793
  30.123   35.281   39.746
  29.124   34.115   38.806
  30.472   34.948   38.065
  35.943   30.071   40.023
  34.944   28.905   39.083
  34.878   29.321   40.361
  27.347   21.689   40.797
  26.354   22.574   41.026
  25.551   22.517   42.190
  24.521   23.435   42.427
  24.257   24.443   41.509
  28.340   20.803   40.568
  29.143   20.861   39.404
  24.291   25.148   42.469
  23.131   24.067   41.616
  24.024   25.294   40.746
  30.268   21.237   39.296
  29.108   20.156   38.444
  29.480   20.238   39.734
   5.827   13.311   21.009
   4.478   13.346   20.962
   3.781   14.238   20.113
   2.382   14.274   20.064
   1.631   13.421   20.862
   7.176   13.275   21.056
   7.873   12.384   21.905
   1.060   13.182   19.844
   1.047   14.418   21.153
   0.989   12.710   21.527
   8.458   11.387   21.615
   8.445   12.623   22.923
   8.494   12.731   21.583
  44.557   24.458    8.976
  45.191   24.509    7.786
  45.322   23.371    6.956
  45.980   23.424    5.721
  46.531   24.618    5.273
  43.922   24.406   10.167
  43.792   25.545   10.997
  45.944   24.361    4.268
  47.497   23.948    5.078
  46.998   25.613    4.884
  42.825   26.215   11.191
  44.379   25.802   12.001
  43.417   25.036   11.456
  35.541   30.834    7.946
  36.601   30.726    8.775
  36.518   30.044   10.012
  37.618   29.932   10.872
  38.839   30.496   10.525
  34.482   30.943    7.116
  34.564   31.624    5.879
  39.269   29.422   10.811
  38.791   30.956   11.624
  39.869   30.965   10.246
  34.612   31.165    4.781
  34.134   32.698    5.593
  33.814   31.414    5.834
  40.453   27.928    9.714
  41.363   28.457   10.559
  41.850   29.777   10.405
  42.794   30.326   11.281
  43.285   29.575   12.342
  39.542   27.399    8.869
  39.056   26.079    9.022
  43.017   30.544   12.982
  44.346   29.932   11.934
  43.705   28.955   13.236
  37.995   25.722    9.431
  39.323   25.110    8.382
  38.643   26.271    8.388
   9.678    5.495    0.407
  10.716    6.257    0.814
  11.853    6.471    0.000
  12.930    7.260    0.422
  12.907    7.864    1.673
   8.640    4.734   -0.000
   7.502    4.520    0.814
  13.209    8.842    1.063
  13.994    7.389    1.778
  12.900    8.377    2.720
   6.414    4.995    0.708
   7.200    3.542    1.424
   7.275    4.094    0.200
  24.503   43.041    4.434
  24.438   44.383    4.308
  24.649   45.251    5.406
  24.582   46.643    5.275
  24.301   47.218    4.041
  24.568   41.698    4.560
  24.357   40.831    3.462
  25.255   47.890    4.284
  23.496   47.840    4.660
  24.067   47.713    3.012
  25.162   40.208    2.843
  23.403   40.159    3.220
  24.488   40.285    4.005
  41.285   27.048   46.428
  40.951   26.007   47.219
  39.643   25.846   47.735
  39.297   24.766   48.556
  40.246   23.808   48.890
  41.619   28.090   45.636
  42.927   28.251   45.120
  39.403   23.040   48.547
  39.858   23.999   50.000
  41.033   22.998   49.179
  43.315   28.060   44.010
  43.770   29.019   45.464
  42.607   28.888   44.800
   2.815    3.205   46.480
   2.533    4.511   46.293
   1.211    5.011   46.363
   0.918    6.366   46.168
   1.938    7.270   45.896
   3.097    1.898   46.668
   4.419    1.398   46.598
   1.430    7.906   46.767
   1.224    7.608   45.004
   2.783    8.040   45.667
   5.133    1.061   47.490
   4.927    0.763   45.727
   4.059    0.723   46.754
   4.326   20.443   43.362
   5.245   19.612   42.825
   5.055   18.211   42.782
   6.008   17.350   42.224
   7.184   17.860   41.690
   3.407   21.273   43.900
   3.596   22.675   43.943
   6.902   17.177   40.755
   7.700   17.021   42.360
   8.176   18.275   41.238
   3.081   23.514   43.272
   3.879   23.357   44.878
   2.896   22.652   44.288
  44.555   34.590   14.707
  45.309   34.682   15.822
  46.494   35.454   15.865
  47.276   35.550   17.022
  46.901   34.876   18.178
  43.801   34.498   13.591
  42.616   33.726   13.548
  47.079   35.934   18.697
  48.032   34.501   18.171
  46.598   34.316   19.155
  41.485   34.101   13.555
  42.438   32.668   13.029
  42.600   33.986   12.811
  45.091   14.857   10.871
  44.074   15.742   10.943
  43.846   16.531   12.095
  42.790   17.448   12.169
  41.925   17.608   11.093
  46.109   13.973   10.800
  46.337   13.183    9.648
  42.148   18.768   11.254
  41.079   17.484   11.923
  41.192   17.753   10.198
  47.183   13.308    8.819
  46.114   12.024    9.488
  46.930   12.915   10.080
  15.941    5.293   33.758
  16.546    5.008   34.931
  15.844    5.021   36.160
  16.471    4.724   37.376
  17.822    4.404   37.407
  15.337    5.579   32.585
  16.039    5.566   31.357
  17.455    3.479   38.062
  17.862    5.219   38.276
  18.956    4.134   37.447
  15.999    4.751   30.488
  16.406    6.491   30.702
  15.338    5.764   31.076
  28.893   11.405   10.461
  29.938   12.157   10.868
  31.269   11.680   10.820
  32.352   12.460   11.243
  32.143   13.745   11.729
  27.849   10.653   10.053
  26.517   11.130   10.101
  33.008   14.036   10.962
  32.832   13.377   12.629
  31.981   14.825   12.138
  25.828   11.497    9.201
  25.652   10.839   10.867
  26.366   10.423    9.805
   5.086   11.903    5.196
   5.178   12.241    6.500
   5.715   11.358    7.467
   5.811   11.708    8.819
   5.374   12.953    9.252
   4.994   11.565    3.892
   4.457   12.448    2.925
   6.438   12.997    9.787
   4.796   12.318   10.079
   5.010   13.995    9.629
   5.034   13.083    2.098
   3.393   12.405    2.390
   4.618   11.852    2.447
   8.202   33.826   30.997
   9.547   33.854   30.884
  10.302   32.686   30.622
  11.696   32.714   30.505
  12.386   33.912   30.645
   6.857   33.798   31.111
   6.102   34.967   31.372
  12.909   33.579   29.627
  13.065   33.284   31.396
  12.977   34.911   30.760
   5.424   35.595   30.621
   5.579   35.299   32.390
   5.507   34.461   31.340
  31.241    9.298   24.513
  31.154    9.439   25.853
  31.231    8.330   26.729
  31.141    8.476   28.119
  30.970    9.735   28.681
  31.328    9.158   23.173
  31.251   10.266   22.296
  31.877    9.402   29.379
  30.090    9.203   29.284
  30.827   10.785   29.166
  32.131   10.798   21.693
  30.344   10.599   21.598
  31.342    9.710   21.756
  27.536   26.726   23.468
  28.413   26.456   24.458
  29.708   27.027   24.490
  30.617   26.747   25.517
  30.264   25.887   26.549
  26.660   26.996   22.478
  25.365   26.426   22.446
  30.672   26.764   27.245
  31.309   25.370   26.301
  29.981   25.166   27.421
  24.320   26.942   22.694
  24.958   25.549   21.750
  25.312   26.846   21.790
  30.601   18.525    4.466
  30.251   17.433    5.178
  29.586   16.333    4.585
  29.223   15.200    5.323
  29.511   15.127    6.680
  30.952   19.618    3.754
  31.616   20.717    4.347
  29.954   14.058    6.396
  28.365   14.814    6.774
  29.747   15.052    7.820
  32.762   21.030    4.253
  31.173   21.786    4.631
  31.576   20.997    3.619
   3.717   17.500    3.059
   4.423   18.622    2.804
   3.959   19.613    1.906
   4.691   20.776    1.642
   5.914   20.991    2.265
   3.010   16.378    3.315
   3.475   15.388    4.213
   5.452   22.060    2.515
   6.290   21.224    1.159
   6.942   21.183    2.782
   3.098   15.155    5.319
   3.937   14.318    3.963
   2.804   15.042    4.011
  14.740   27.905   20.373
  14.291   27.144   21.394
  13.678   27.708   22.538
  13.213   26.918   23.596
  13.343   25.536   23.547
  15.189   28.667   19.353
  15.801   28.103   18.209
  12.188   25.547   23.842
  13.796   25.671   24.641
  13.446   24.375   23.520
  15.348   27.968   17.115
  16.956   28.091   17.915
  15.850   28.852   17.996
  31.729   33.581   36.885
  32.629   34.551   37.153
  32.261   35.915   37.226
  33.194   36.922   37.503
  34.528   36.599   37.718
  30.830   32.610   36.617
  31.197   31.246   36.545
  34.402   37.284   38.686
  34.730   37.466   36.925
  35.651   36.343   37.901
  30.995   30.380   37.338
  31.323   30.562   35.577
  30.436   31.158   36.394
   7.709   24.586   32.810
   8.812   24.075   33.397
   8.763   22.908   34.196
   9.907   22.378   34.806
  11.140   22.996   34.638
   6.607   25.098   32.222
   6.656   26.265   31.423
  11.508   21.896   34.368
  11.200   22.906   35.825
  12.181   23.505   34.506
   6.595   26.355   30.236
   6.287   27.365   31.694
   5.890   26.124   31.358
  47.067   45.603   32.452
  46.394   46.669   31.969
  45.519   47.433   32.778
  44.821   48.538   32.277
  44.974   48.920   30.950
  47.740   44.537   32.935
  48.615   43.773   32.127
  45.150   50.002   31.417
  43.782   48.928   30.951
  45.093   49.251   29.838
  49.807   43.765   32.126
  48.439   42.691   31.660
  48.705   43.371   32.790
  22.917    3.992   26.474
  22.644    5.231   26.934
  23.449    5.863   27.910
  23.166    7.149   28.387
  22.066    7.847   27.905
  23.191    2.752   26.013
  22.385    2.120   25.037
  22.854    8.729   27.759
  21.833    8.020   29.061
  21.146    8.445   27.509
  22.617    1.947   23.881
  21.596    1.238   25.183
  22.905    1.546   25.133
  39.764   24.885   15.656
  38.506   24.447   15.877
  37.504   25.286   16.421
  36.200   24.832   16.650
  35.851   23.523   16.343
  41.021   25.323   15.435
  42.023   24.485   14.890
  34.930   24.036   15.787
  35.401   23.522   17.447
  35.544   22.426   16.090
  42.472   24.486   13.787
  42.943   23.971   15.446
  42.456   25.130   14.968
  23.840   14.627   36.203
  22.975   15.660   36.119
  21.604   15.468   35.824
  20.707   16.539   35.737
  21.147   17.840   35.943
  24.706   13.595   36.286
  26.077   13.787   36.581
  20.214   17.901   36.680
  20.570   18.058   34.923
  21.504   18.937   36.113
  26.654   13.569   37.601
  27.010   13.726   35.843
  26.091   13.009   36.515
   7.133    2.745    4.059
   6.214    2.240    3.209
   6.582    1.524    2.045
   5.629    1.000    1.163
   4.274    1.174    1.414
   8.052    3.250    4.909
   7.683    3.967    6.073
   4.220   -0.000    1.217
   4.244    1.536    0.279
   3.133    1.313    1.612
   7.714    3.605    7.208
   7.738    5.141    6.269
   8.458    4.010    6.163
  27.257   28.326   46.898
  26.608   29.244   46.151
  26.772   29.320   44.747
  26.099   30.272   43.972
  25.239   31.182   44.573
  27.906   27.408   47.646
  27.742   27.332   49.050
  24.484   30.835   43.718
  25.853   31.983   43.940
  24.513   31.952   45.064
  27.128   26.531   49.683
  28.497   27.679   49.904
  28.249   26.743   48.970
  45.239    5.312   30.714
  46.465    5.805   30.435
  46.662    7.152   30.049
  47.933    7.662   29.761
  49.053    6.844   29.849
  44.013    4.820   30.992
  43.816    3.473   31.378
  49.498    7.743   30.492
  49.294    7.278   28.765
  50.001    6.169   29.918
  43.575    3.039   32.461
  43.370    2.574   30.735
  43.069    3.701   31.405
  36.156   14.716    6.473
  37.173   15.107    5.676
  37.887   14.191    4.867
  38.942   14.596    4.040
  39.321   15.932    3.993
  35.139   14.325    7.270
  34.426   15.241    8.079
  39.253   15.774    2.814
  40.416   15.492    4.159
  39.649   17.050    3.944
  33.331   15.681    7.913
  34.493   15.398    9.258
  34.036   14.595    8.281
  35.787   42.604    9.591
  35.446   41.441    8.996
  34.110   40.976    8.968
  33.757   39.770    8.352
  34.727   38.985    7.741
  36.127   43.767   10.185
  37.464   44.232   10.213
  33.962   38.980    6.827
  34.233   38.108    8.378
  35.531   38.317    7.225
  37.958   45.110    9.576
  38.228   44.238   11.127
  37.137   44.825   10.603
  13.116    7.707    6.595
  12.514    7.258    7.717
  12.435    5.880    8.025
  11.812    5.414    9.189
  11.245    6.311   10.086
  13.717    8.156    5.473
  13.796    9.535    5.164
  11.867    5.694   10.894
  10.301    5.587   10.013
  10.766    7.052   10.848
  14.740   10.259    5.238
  13.175   10.152    4.356
  14.170    9.264    4.534
  39.514   31.899   45.709
  40.758   32.134   46.176
  41.721   31.104   46.299
  43.011   31.348   46.784
  43.385   32.631   47.164
  38.270   31.664   45.241
  37.307   32.694   45.119
  44.335   32.417   46.476
  43.768   32.086   48.152
  43.713   33.703   47.486
  36.925   33.239   44.130
  36.358   32.908   45.806
  36.867   32.106   44.853
  43.516   20.493   18.528
  44.117   21.697   18.428
  44.562   22.213   17.187
  45.185   23.462   17.083
  45.386   24.241   18.216
  42.916   19.288   18.629
  42.470   18.773   19.869
  44.897   25.101   17.552
  46.501   24.323   17.804
  45.560   24.905   19.159
  41.355   18.691   20.282
  42.959   17.912   20.533
  42.250   18.173   19.420
  15.235   33.354   20.992
  14.026   33.080   21.527
  13.247   31.981   21.096
  11.993   31.697   21.651
  11.474   32.503   22.656
  16.444   33.627   20.457
  17.224   34.727   20.888
  11.284   31.466   23.211
  10.500   32.507   21.971
  11.026   33.171   23.501
  18.198   34.723   21.574
  17.413   35.764   20.333
  17.716   34.454   20.347
  23.319    1.969   44.021
  23.043    1.735   42.721
  24.062    1.651   41.742
  23.776    1.409   40.393
  22.462    1.243   39.974
  23.594    2.202   45.322
  22.575    2.287   46.301
  22.894    0.272   39.435
  22.762    2.043   39.144
  21.364    1.101   39.610
  22.275    1.486   47.131
  22.144    3.258   46.841
  23.186    2.409   46.773
  19.345   26.208   20.276
  18.907   27.440   20.614
  17.539   27.708   20.856
  17.084   28.985   21.206
  17.981   30.039   21.326
  19.784   24.977   19.939
  21.152   24.708   19.697
  17.432   30.216   22.369
  17.202   30.611   20.628
  18.723   30.933   21.430
  21.931   24.137   20.395
  21.701   24.532   18.654
  20.879   23.988   19.570
  29.816   24.754   13.974
  28.792   25.323   14.644
  27.478   25.357   14.119
  26.416   25.947   14.814
  26.630   26.525   16.060
  30.840   24.184   13.304
  32.154   24.151   13.829
  25.686   25.873   16.380
  26.043   27.449   15.587
  26.795   27.014   17.105
  32.741   23.227   14.302
  33.098   24.803   13.509
  32.299   23.780   13.157
  29.396    8.494   38.307
  28.152    8.969   38.086
  27.787    9.576   36.861
  26.497   10.069   36.632
  25.525    9.971   37.620
  30.640    8.019   38.528
  31.005    7.411   39.753
  24.859    9.523   36.739
  25.356   11.127   37.386
  24.699    9.895   38.440
  31.173    6.255   39.986
  31.670    7.859   40.634
  31.694    7.344   39.392
  30.324   26.032    5.939
  31.472   25.345    5.762
  32.612   25.567    6.571
  33.803   24.854    6.388
  33.896   23.893    5.388
  29.176   26.720    6.116
  28.036   26.497    5.307
  34.329   23.211    6.265
  34.903   24.468    5.111
  33.989   23.084    4.554
  27.030   25.923    5.585
  27.604   27.179    4.431
  27.735   27.055    5.764
  11.325   23.756   44.765
  11.358   24.052   46.082
  12.462   24.708   46.676
  12.496   25.015   48.041
  11.427   24.678   48.861
  11.293   23.460   43.448
  10.188   22.805   42.854
  11.512   25.811   49.220
  12.276   24.217   49.559
  10.536   24.400   49.561
   9.339   23.266   42.156
  10.103   21.671   42.496
  10.626   22.878   42.212
  26.286   38.452   34.628
  27.525   38.433   34.092
  28.504   39.397   34.431
  29.788   39.377   33.875
  30.140   38.392   32.960
  25.047   38.471   35.165
  24.068   37.508   34.826
  31.095   38.265   33.661
  30.528   39.315   32.313
  30.448   37.572   32.191
  23.680   36.585   35.472
  23.113   37.635   34.125
  23.639   37.922   35.330
   5.541    5.686   25.733
   4.200    5.556   25.654
   3.574    4.292   25.544
   2.183    4.157   25.462
   1.368    5.282   25.487
   6.882    5.817   25.812
   7.508    7.081   25.921
   0.774    4.674   26.321
   0.869    4.781   24.527
   0.672    6.218   25.506
   8.007    7.582   26.881
   8.102    7.689   25.086
   8.154    6.642   25.929
  46.141    6.678   19.698
  46.485    7.946   20.007
  47.811    8.419   19.867
  48.167    9.735   20.187
  47.210   10.624   20.660
  45.798    5.409   19.388
  44.472    4.936   19.529
  47.655   11.346   19.824
  48.016   10.836   21.512
  46.416   11.380   21.058
  43.665    4.723   18.677
  44.026    4.214   20.365
  44.792    4.276   19.261
  20.281   21.497   11.258
  20.538   22.394   12.234
  19.531   23.236   12.763
  19.798   24.166   13.775
  21.081   24.286   14.295
  20.024   20.601   10.281
  21.030   19.759    9.752
  20.522   24.206   15.345
  20.910   25.449   14.102
  22.153   24.397   14.740
  21.201   18.595    9.946
  21.588   19.838    8.703
  20.437   19.504    9.313
  41.016   10.278   23.828
  41.393    9.092   24.351
  40.451    8.147   24.823
  40.842    6.917   25.366
  42.189    6.588   25.457
  40.639   11.463   23.304
  41.581   12.408   22.832
  41.840    5.569   24.947
  41.913    6.315   26.583
  43.316    6.299   25.539
  41.857   12.682   21.706
  41.930   13.427   23.343
  40.934   12.816   22.675
   5.634   48.187   41.879
   4.727   48.226   42.878
   3.956   47.095   43.235
   3.015   47.135   44.272
   2.812   48.308   44.988
   6.540   48.149   40.879
   7.312   49.280   40.522
   2.934   47.596   45.936
   1.662   48.093   44.763
   2.632   49.286   45.597
   8.462   49.495   40.747
   7.190   49.992   39.574
   7.603   48.783   39.995
  12.128   36.560   35.710
  11.868   35.238   35.801
  12.901   34.272   35.840
  12.631   32.901   35.934
  11.319   32.448   35.992
  12.388   37.882   35.620
  11.355   38.848   35.580
  11.714   31.822   36.925
  11.674   31.706   35.129
  10.223   32.055   36.041
  11.000   39.590   36.443
  10.960   39.475   34.647
  11.961   39.339   35.536
  20.445   31.751   32.089
  20.334   30.775   31.163
  19.464   30.889   30.053
  19.348   29.877   29.093
  20.099   28.714   29.209
  20.557   32.728   33.014
  21.427   32.613   34.124
  20.374   28.933   28.070
  19.052   28.175   29.028
  20.724   27.733   29.293
  22.474   33.152   34.305
  21.153   32.394   35.263
  21.140   33.321   34.287
  25.286   44.636   37.110
  24.659   45.515   37.921
  24.314   46.818   37.490
  23.665   47.730   38.330
  23.338   47.372   39.632
  25.912   43.756   36.300
  26.257   42.453   36.731
  22.263   47.797   39.341
  23.858   48.408   39.909
  23.058   47.085   40.727
  25.737   41.418   36.454
  27.332   42.029   37.023
  26.536   42.402   36.004
  41.548    7.611   30.049
  40.462    7.543   30.847
  40.016    6.321   31.404
  38.889    6.250   32.232
  38.167    7.399   32.531
  42.635    7.680   29.251
  43.081    8.902   28.693
  38.271    7.014   33.655
  37.230    6.736   32.213
  37.552    8.355   32.791
  44.018    9.564   29.012
  42.977    9.286   27.570
  43.630    8.439   28.386
   7.225   46.781   26.846
   5.879   46.698   26.913
   5.050   47.837   26.777
   3.655   47.752   26.846
   3.038   46.524   27.054
   8.571   46.863   26.779
   9.400   45.724   26.916
   2.370   46.849   26.122
   2.442   47.114   27.901
   2.507   45.501   27.228
   9.996   45.134   26.069
  10.068   45.400   27.848
   9.964   46.254   26.814
  26.259   16.069   46.294
  26.721   14.989   46.959
  26.199   13.692   46.739
  26.678   12.572   47.429
  27.697   12.709   48.364
  25.796   17.149   45.629
  26.318   18.445   45.849
  28.189   11.803   47.768
  26.967   12.075   49.060
  28.552   12.810   49.151
  27.049   19.079   45.153
  25.826   19.352   46.445
  25.788   18.635   45.308
  38.673   11.588    9.091
  37.452   11.149    9.462
  37.265   10.322   10.595
  35.998    9.867   10.981
  34.873   10.223   10.247
  39.895   12.026    8.719
  40.082   12.854    7.586
  34.430   10.515   11.314
  34.640    9.055   10.283
  33.921   10.514    9.640
  40.315   14.022    7.551
  40.525   12.562    6.519
  40.829   12.805    7.807
   9.160   45.802    3.441
   8.089   46.539    3.803
   7.886   46.963    5.138
   6.775   47.727    5.513
   5.827   48.096    4.567
  10.232   45.064    3.079
  10.434   44.641    1.745
   5.976   49.183    5.031
   5.053   47.676    5.370
   5.024   48.412    3.783
  11.208   45.061    0.942
  10.285   43.553    1.280
  11.074   44.319    2.056
  39.730   26.287   38.229
  38.403   26.089   38.086
  37.493   27.166   37.958
  36.117   26.961   37.809
  35.600   25.671   37.783
  41.058   26.485   38.372
  41.968   25.409   38.500
  35.038   26.056   36.805
  34.838   26.099   38.594
  35.153   24.594   37.759
  42.729   24.981   37.690
  42.529   25.024   39.478
  42.486   25.991   38.544
  38.451   18.920    8.920
  39.791   18.777    8.846
  40.625   19.786    8.307
  42.015   19.638    8.231
  42.621   18.475    8.690
  37.111   19.063    8.994
  36.277   18.054    9.532
  43.338   19.232    9.267
  43.170   18.498    7.632
  43.143   17.504    9.071
  35.729   18.031   10.590
  35.560   17.298    8.955
  35.719   18.572    9.358
  42.407   28.789   34.745
  41.343   28.988   35.551
  40.583   27.912   36.069
  39.479   28.118   36.905
  39.095   29.408   37.252
  43.472   28.590   33.939
  44.231   29.666   33.420
  39.091   28.969   38.360
  38.013   29.035   36.920
  38.762   30.484   37.551
  45.313   30.038   33.752
  44.235   30.104   32.312
  44.634   29.083   33.091
  40.031   37.169   47.309
  38.918   37.932   47.343
  38.978   39.345   47.381
  37.824   40.137   47.416
  36.568   39.543   47.413
  41.144   36.406   47.275
  41.083   34.992   47.237
  36.346   40.320   46.537
  36.366   40.270   48.336
  35.507   39.058   47.412
  41.285   34.266   46.314
  41.305   34.216   48.114
  41.861   35.065   47.230
  14.195   11.222   11.248
  14.733   10.056   10.832
  15.727    9.380   11.579
  16.284    8.170   11.148
  15.869    7.594    9.954
  13.657   12.389   11.664
  12.664   13.065   10.917
  15.757    6.611   10.618
  17.038    7.516    9.735
  15.529    7.099    8.954
  11.495   13.142   11.135
  12.776   14.048   10.252
  12.714   13.571   11.509
  24.641    4.854   29.655
  24.679    3.508   29.554
  23.788    2.677   30.274
  23.827    1.281   30.170
  24.758    0.667   29.342
  24.603    6.199   29.756
  25.494    7.030   29.036
  23.811    0.069   28.937
  24.980   -0.001   30.304
  25.535    0.138   28.651
  25.273    7.698   28.074
  26.442    7.629   29.441
  25.097    7.594   29.404
  10.089   13.011   19.137
   8.966   12.306   19.392
   8.981   10.898   19.534
   7.817   10.167   19.799
   6.596   10.817   19.931
  11.212   13.716   18.882
  11.197   15.124   18.740
   6.507   10.171   20.928
   6.220    9.990   19.160
   5.566   11.351   20.044
  11.574   15.952   19.510
  11.286   15.770   17.743
  11.962   15.014   18.627
  18.092   47.475   23.024
  17.835   46.808   21.879
  18.771   46.748   20.819
  18.504   46.056   19.632
  17.292   45.399   19.461
  18.349   48.143   24.169
  17.413   48.203   25.228
  17.982   44.485   19.132
  17.272   45.979   18.420
  16.278   44.843   19.305
  17.432   47.623   26.269
  16.723   49.116   25.558
  17.977   48.629   25.561
  12.071    7.302   27.143
  13.315    6.776   27.143
  13.645    5.633   27.909
  14.935    5.088   27.909
  15.939    5.665   27.143
  10.828    7.828   27.143
  10.497    8.971   26.377
  16.118    4.548   26.769
  16.566    5.606   28.155
  16.792    6.141   26.504
   9.870    9.030   25.365
  10.318   10.088   26.751
   9.795    8.850   26.697
  34.389   33.886   45.720
  33.635   33.041   44.984
  33.065   31.870   45.537
  32.284   30.994   44.774
  32.045   31.258   43.431
  35.142   34.731   46.456
  35.712   35.902   45.903
  30.909   31.054   43.727
  32.385   30.126   43.282
  31.837   31.468   42.303
  35.372   37.034   46.053
  36.849   36.106   45.607
  35.984   35.985   46.631
  19.438   38.193   45.754
  19.691   37.057   46.438
  18.681   36.102   46.705
  18.944   34.924   47.414
  20.225   34.659   47.882
  19.185   39.329   45.070
  20.194   40.285   44.803
  20.052   33.598   47.367
  19.664   34.440   48.910
  21.296   34.424   48.280
  20.755   40.504   43.775
  20.366   41.346   45.318
  19.602   40.655   44.452
  12.607   27.801   44.730
  13.141   28.846   45.399
  14.526   29.133   45.360
  15.079   30.216   46.053
  14.267   31.051   46.811
  12.074   26.757   44.062
  10.689   26.469   44.101
  14.828   31.919   46.218
  15.087   30.867   47.655
  13.596   31.759   47.450
   9.869   26.653   43.257
  10.128   25.601   44.694
  10.906   25.883   43.633
  22.651    7.000   12.991
  21.786    7.895   12.468
  22.224    9.106   11.881
  21.328   10.034   11.339
  19.961    9.786   11.365
  23.516    6.104   13.513
  23.078    4.894   14.101
  20.018   10.071   10.210
  19.900   10.890   11.808
  18.812    9.589   11.381
  23.138    3.789   13.658
  23.021    4.608   15.257
  23.845    4.793   14.209
  28.326   11.159   20.743
  28.825   12.184   21.466
  30.022   12.845   21.101
  30.540   13.908   21.851
  29.880   14.348   22.991
  27.826   10.134   20.020
  26.629    9.473   20.385
  30.012   15.424   22.495
  30.958   14.260   23.491
  29.336   14.727   23.951
  25.551    9.561   19.885
  26.497    8.397   20.881
  26.790    9.056   19.744
  17.774   45.388    3.672
  18.648   44.883    4.568
  18.252   44.509    5.874
  19.159   43.986    6.804
  20.495   43.818    6.460
  16.899   45.892    2.776
  17.295   46.266    1.470
  20.336   42.723    6.902
  20.695   44.387    7.488
  21.618   43.673    6.185
  17.094   45.698    0.442
  17.454   47.361    1.028
  16.539   46.451    1.408
   9.979   40.620   24.043
  11.134   40.219   24.617
  11.196   39.089   25.466
  12.393   38.673   26.061
  13.571   39.373   25.829
   8.825   41.020   23.469
   8.762   42.151   22.620
  14.014   38.292   25.594
  13.671   39.341   27.016
  14.566   39.952   25.642
   8.662   42.182   21.433
   8.319   43.231   22.855
   8.008   41.950   22.586
  47.393   30.603   34.189
  47.934   29.630   34.953
  47.966   29.716   36.365
  48.527   28.707   37.157
  49.075   27.576   36.565
  46.853   31.577   33.425
  46.821   31.491   32.013
  48.404   26.994   37.359
  50.003   27.815   37.273
  49.539   26.621   36.081
  45.892   31.252   31.305
  47.492   32.073   31.219
  46.469   32.184   32.085
  47.677    9.517   44.263
  47.401    9.978   45.501
  46.075   10.091   45.982
  45.789   10.569   47.266
  46.820   10.952   48.116
  47.952    9.055   43.024
  49.279    8.942   42.544
  46.254   10.258   48.902
  46.163   11.936   48.257
  47.675   11.277   48.839
  49.935    7.958   42.402
  49.844    9.636   41.757
  48.912    8.678   41.907
   9.778   40.559   11.420
  10.221   40.405   12.686
  10.504   39.130   13.231
  10.963   38.970   14.544
  11.155   40.079   15.358
   9.335   40.713   10.154
   9.052   41.988    9.608
  12.217   39.580   15.566
  10.518   39.451   16.145
  11.321   41.002   16.052
   9.690   42.617    8.822
   7.990   42.487    9.401
   8.871   41.561    8.980
  49.491   28.592   14.360
  49.086   29.700   15.017
  50.005   30.654   15.515
  49.585   31.803   16.196
  48.232   32.039   16.403
  49.895   27.484   13.704
  48.977   26.530   13.206
  48.487   33.120   15.970
  48.570   32.226   17.530
  47.099   32.250   16.584
  48.639   26.343   12.079
  48.722   25.449   13.639
  49.633   26.178   12.970
  31.794    9.685   13.147
  30.751    8.860   13.382
  30.006    8.275   12.331
  28.925    7.420   12.575
  28.551    7.118   13.879
  32.836   10.510   12.912
  33.581   11.095   13.963
  28.576    5.993   13.488
  27.460    7.405   13.494
  28.226    6.857   14.968
  34.672   10.809   14.348
  33.556   12.221   14.354
  33.975   11.409   13.366
   3.315   18.433   15.722
   4.485   17.995   15.209
   5.098   16.799   15.653
   6.310   16.345   15.121
   6.953   17.070   14.125
   2.146   18.871   16.236
   1.533   20.067   15.792
   7.009   16.016   13.573
   7.907   16.942   14.829
   7.504   17.670   13.290
   0.580   20.195   15.088
   1.478   21.121   16.344
   0.998   19.865   16.324
  20.075   15.105   33.706
  20.572   16.349   33.538
  21.945   16.580   33.283
  22.460   17.870   33.109
  21.622   18.975   33.183
  19.578   13.862   33.874
  18.205   13.631   34.129
  22.145   19.278   32.156
  22.454   19.394   33.926
  20.929   19.911   33.242
  17.373   13.212   33.386
  17.681   13.328   35.155
  18.441   12.886   34.136
  10.387   41.819   28.787
   9.778   42.959   29.177
   8.804   43.602   28.377
   8.174   44.784   28.782
   8.494   45.366   30.002
  10.995   40.679   28.396
  11.969   40.036   29.197
   7.313   45.395   30.152
   8.606   46.358   29.352
   8.754   45.865   31.024
  11.858   39.043   29.847
  13.151   40.007   29.047
  11.974   39.533   28.599
  45.784   37.099   37.782
  46.838   36.670   37.056
  48.136   37.208   37.229
  49.229   36.763   36.476
  49.064   35.765   35.524
  44.729   37.527   38.508
  43.432   36.990   38.336
  50.005   35.274   36.065
  49.654   36.523   34.818
  48.940   34.929   34.721
  42.842   36.232   39.042
  42.491   37.481   37.794
  43.260   37.503   38.898
  18.021   36.422   26.258
  18.114   37.509   25.464
  19.340   37.909   24.881
  19.437   39.037   24.057
  18.311   39.806   23.787
  17.928   35.334   27.052
  16.702   34.934   27.635
  18.666   39.693   22.655
  19.018   40.715   24.095
  17.375   40.459   23.553
  15.996   34.025   27.327
  16.347   35.046   28.767
  17.150   34.366   27.929
  45.396    8.751   27.102
  44.835    9.738   26.371
  44.425   10.962   26.952
  43.844   11.984   26.193
  43.651   11.820   24.827
  45.958    7.765   27.834
  46.367    6.541   27.253
  44.176   12.888   24.757
  42.545   12.193   25.070
  43.483   11.696   23.680
  47.473    6.169   27.010
  45.842    5.474   27.324
  46.576    6.385   27.989
  27.366   25.326   11.922
  28.318   24.410   11.650
  29.642   24.781   11.315
  30.630   23.830   11.033
  30.330   22.474   11.074
  26.413   26.243   12.195
  25.089   25.872   12.529
  31.311   22.410   11.747
  30.858   22.458   10.006
  30.091   21.333   11.105
  24.561   25.889   13.598
  24.108   25.936   11.856
  24.996   26.646   12.575
  19.657   45.249   16.996
  19.074   44.032   17.028
  17.667   43.874   17.031
  17.062   42.612   17.064
  17.842   41.462   17.094
  20.240   46.466   16.965
  21.647   46.623   16.961
  17.132   41.114   16.203
  17.131   41.161   18.002
  18.485   40.489   17.120
  22.357   46.925   16.053
  22.357   46.972   17.853
  21.455   47.380   16.941
  34.913    8.300    6.099
  33.855    8.896    6.689
  32.528    8.671    6.252
  31.430    9.289    6.863
  31.621   10.154    7.933
  35.971    7.703    5.510
  37.298    7.929    5.947
  30.771    9.496    8.448
  30.913   10.879    7.305
  31.766   10.882    8.832
  38.005    7.204    6.575
  38.147    8.587    5.432
  37.460    7.432    5.366
  24.025   19.330    5.404
  23.987   18.781    4.171
  22.898   18.990    3.291
  22.858   18.421    2.012
  23.905   17.623    1.568
  24.064   19.879    6.636
  25.152   19.670    7.517
  23.854   18.319    0.603
  23.032   16.867    1.275
  24.776   16.951    1.183
  26.026   20.426    7.810
  25.203   18.973    8.482
  24.725   20.128    7.983
   9.437   20.264   44.218
  10.337   20.649   45.149
  11.000   19.717   45.981
  11.933   20.116   46.946
  12.235   21.462   47.113
   8.538   19.879   43.288
   7.874   20.811   42.455
  13.363   21.082   47.050
  12.043   21.228   48.265
  12.498   22.588   47.263
   8.066   21.044   41.303
   6.747   21.190   42.518
   7.543   20.162   42.173
  34.305    1.060   31.555
  35.395    1.832   31.357
  36.447    1.437   30.496
  37.577    2.237   30.290
  37.696    3.461   30.938
  33.215    0.289   31.753
  32.163    0.684   32.614
  37.954    3.866   29.848
  38.779    3.055   31.227
  37.809    4.489   31.476
  31.081    1.089   32.325
  31.905    0.278   33.704
  31.865   -0.002   32.389
  13.325   12.903   35.284
  12.741   12.029   34.437
  13.433   10.908   33.922
  12.828   10.001   33.043
  11.508   10.184   32.648
  13.909   13.777   36.131
  13.217   14.899   36.647
  11.394    9.038   32.953
  11.950   10.024   31.553
  10.401   10.326   32.309
  12.775   15.059   37.742
  13.331   16.045   36.342
  13.900   15.022   37.005
  47.010   10.208   36.235
  47.719   10.982   35.387
  47.550   12.386   35.333
  48.285   13.189   34.453
  49.216   12.617   33.596
  46.301    9.433   37.084
  46.470    8.030   37.137
  49.935   13.468   34.018
  48.657   13.266   32.767
  50.000   12.150   32.870
  47.029    7.381   37.966
  45.751    7.179   36.714
  45.920    8.091   37.689
  21.695   20.704   16.682
  21.037   20.261   15.590
  20.569   21.143   14.588
  19.886   20.684   13.455
  19.647   19.326   13.284
  22.354   21.147   17.774
  22.822   20.265   18.777
  20.094   19.517   12.196
  18.530   19.681   13.072
  19.440   18.189   13.129
  23.940   19.910   18.989
  22.376   20.075   19.865
  23.072   20.932   19.097
  31.044   38.307    2.145
  29.788   38.231    2.636
  28.862   39.291    2.493
  27.560   39.213    3.002
  27.138   38.072    3.672
  32.299   38.382    1.654
  33.225   37.322    1.797
  26.202   38.145    2.939
  26.768   38.851    4.495
  26.771   37.120    4.237
  33.595   36.543    0.974
  34.162   37.248    2.530
  33.688   37.814    1.405
  28.469    4.736   26.810
  29.192    4.014   27.693
  29.576    4.536   28.951
  30.325    3.787   29.867
  30.716    2.491   29.557
  27.747    5.458   25.927
  27.363    4.937   24.668
  30.270    2.238   30.633
  31.790    2.870   29.906
  31.051    1.401   29.310
  26.289    4.557   24.319
  27.809    5.190   23.593
  27.035    5.642   24.596
  21.048    3.104   38.263
  21.210    3.824   39.393
  20.358    3.666   40.511
  20.526    4.413   41.684
  21.552    5.344   41.780
  20.886    2.384   37.132
  21.739    2.542   36.014
  21.778    4.795   42.813
  20.685    6.067   42.159
  22.410    6.129   41.873
  22.606    1.818   35.634
  21.513    3.091   34.980
  21.274    1.990   35.716
  30.275   29.708   20.930
  30.233   30.960   21.435
  30.449   31.221   22.809
  30.405   32.519   23.333
  30.145   33.601   22.501
  30.317   28.457   20.425
  30.102   28.195   19.051
  31.107   34.069   23.026
  29.344   33.884   23.337
  29.928   34.518   21.815
  30.903   27.912   18.215
  29.140   27.728   18.526
  30.220   27.459   19.282
   7.144   36.674    6.710
   7.403   35.989    7.844
   8.712   35.877    8.371
   8.980   35.166    9.547
   7.949   34.542   10.238
   6.886   37.360    5.576
   5.577   37.472    5.050
   8.420   35.098   11.181
   8.679   33.600   10.217
   7.093   34.014   10.828
   4.847   38.414    5.071
   5.106   36.916    4.107
   5.947   37.889    4.503
  35.182    3.755   18.868
  36.494    3.492   18.689
  37.424    4.506   18.360
  38.784    4.233   18.175
  39.263    2.936   18.311
  33.870    4.018   19.047
  32.939    3.004   19.376
  40.079    3.450   19.011
  39.781    3.155   17.260
  39.678    1.852   18.422
  32.421    2.784   20.427
  32.123    2.490   18.676
  32.440    3.604   19.360
  32.592    7.924   21.260
  31.848    6.807   21.406
  30.438    6.855   21.520
  29.667    5.697   21.672
  30.277    4.450   21.715
  33.337    9.041   21.113
  34.746    8.993   20.999
  29.456    4.164   20.899
  29.606    4.299   22.688
  30.776    3.396   21.752
  35.417    9.143   20.026
  35.567    9.278   21.814
  34.662    9.768   20.948
  17.774   28.721    5.627
  17.607   30.060    5.602
  16.452   30.662    5.050
  16.279   32.051    5.025
  17.255   32.888    5.551
  17.941   27.381    5.651
  19.096   26.779    6.203
  16.336   33.389    6.120
  17.141   33.460    4.512
  18.067   33.602    5.989
  19.211   26.208    7.243
  20.016   26.279    5.634
  18.728   26.125    5.990
  12.077   44.420    5.407
  11.577   45.634    5.720
  10.305   45.789    6.320
   9.786   47.049    6.644
  10.521   48.197    6.381
  12.577   43.205    5.095
  13.850   43.050    4.495
  10.262   48.466    7.513
   9.507   48.575    5.882
  11.128   49.170    6.165
  14.864   42.672    4.994
  14.109   42.781    3.363
  13.657   42.294    4.533
  18.470    1.006   16.939
  19.510    1.005   16.078
  19.611    0.065   15.025
  20.690    0.064   14.133
  21.706    1.002   14.262
  17.430    1.007   17.799
  17.329    1.947   18.852
  21.521    1.170   13.096
  22.418    0.050   14.182
  22.566    1.784   14.358
  16.617    2.899   18.932
  17.514    1.778   20.017
  16.668    1.556   18.995
  15.061    4.203   11.277
  15.335    5.033   12.306
  15.899    4.565   13.517
  16.183    5.426   14.584
  15.913    6.785   14.479
  14.787    3.373   10.248
  14.223    3.840    9.038
  17.032    6.905   14.871
  15.381    6.628   15.533
  15.691    7.927   14.403
  14.755    3.996    7.983
  13.105    3.719    8.645
  14.273    3.084    8.847
  43.353   11.498   37.846
  43.771   11.525   36.562
  43.503   10.465   35.664
  43.936   10.493   34.333
  44.652   11.582   33.852
  42.936   11.471   39.129
  43.204   12.531   40.027
  43.860   11.545   32.963
  45.399   10.747   33.446
  45.254   12.490   33.436
  42.456   13.366   40.433
  43.996   12.568   40.917
  42.810   12.071   40.521
  14.635   14.930   25.247
  14.967   16.019   25.972
  14.004   16.757   26.701
  14.349   17.886   27.453
  15.668   18.318   27.503
  14.303   13.841   24.522
  15.265   13.103   23.793
  15.482   18.335   28.680
  15.194   19.380   27.243
  16.772   18.692   27.554
  15.740   12.041   24.053
  15.452   13.086   22.616
  14.640   12.674   23.606
  22.744   39.492   20.751
  22.550   38.934   21.966
  23.154   37.708   22.333
  22.953   37.130   23.592
  22.142   37.758   24.529
  22.937   40.049   19.537
  22.334   41.275   19.170
  23.066   37.574   25.259
  21.639   36.682   24.622
  21.464   38.274   25.325
  22.837   42.351   19.077
  21.410   41.458   18.440
  22.716   41.141   18.502
  37.233   23.168   14.585
  38.198   22.400   15.133
  38.230   20.996   14.958
  39.231   20.200   15.527
  40.235   20.779   16.292
  36.268   23.936   14.036
  36.236   25.340   14.212
  40.957   20.134   15.597
  39.951   19.926   17.075
  41.085   21.251   16.936
  36.520   26.192   13.429
  35.514   25.985   14.907
  35.597   25.274   13.767
   3.754   35.262   44.405
   4.035   36.124   45.405
   3.048   36.971   45.964
   3.339   37.864   47.002
   4.627   37.943   47.518
   3.474   34.401   43.404
   4.460   33.554   42.845
   4.072   37.844   48.568
   4.479   39.115   47.360
   5.703   38.019   47.960
   4.608   32.382   43.003
   5.015   33.653   41.795
   3.860   33.324   42.401
  35.271    3.162   21.087
  36.397    2.430   20.949
  36.366    1.019   20.840
  37.533    0.260   20.696
  38.774    0.884   20.656
  34.145    3.894   21.226
  34.177    5.304   21.335
  38.936    0.211   19.686
  39.065    0.070   21.476
  39.821    1.396   20.620
  33.885    6.118   20.515
  34.014    5.977   22.305
  33.403    5.211   21.383
  35.768   17.293   38.170
  36.524   18.043   37.340
  37.869   17.716   37.048
  38.652   18.494   36.187
  38.118   19.628   35.588
  35.013   16.542   39.000
  33.668   16.870   39.293
  38.566   19.154   34.591
  39.112   20.149   35.988
  37.682   20.582   35.078
  32.674   16.349   38.893
  33.220   17.344   40.290
  33.718   16.226   39.732
  34.597   30.876   17.462
  35.244   29.750   17.832
  36.644   29.721   18.031
  37.315   28.554   18.415
  36.610   27.373   18.612
  33.949   32.001   17.092
  32.549   32.030   16.893
  37.212   27.338   19.639
  37.450   26.906   17.908
  36.030   26.376   18.781
  31.708   32.498   17.596
  31.946   32.066   15.865
  32.695   32.779   16.726
  30.883   17.731   46.305
  30.149   17.072   47.227
  30.274   17.334   48.612
  29.513   16.651   49.568
  28.600   15.682   49.173
  31.618   18.390   45.383
  31.493   18.128   43.998
  27.854   16.280   49.885
  29.136   15.022   50.008
  27.829   14.866   48.855
  30.956   18.788   43.164
  32.238   17.530   43.286
  32.041   18.682   43.952
  38.859   16.222   41.818
  40.069   16.710   42.163
  40.277   17.415   43.372
  41.532   17.921   43.730
  42.625   17.740   42.891
  37.648   15.734   41.473
  37.441   15.029   40.263
  43.162   17.364   43.886
  42.776   18.911   43.051
  43.550   17.596   42.196
  37.289   13.858   40.104
  36.903   15.405   39.268
  36.709   14.993   40.534
  46.035   23.759   28.499
  47.018   23.689   27.577
  47.461   24.829   26.865
  48.481   24.756   25.908
  49.094   23.541   25.630
  45.052   23.829   29.422
  44.609   22.689   30.134
  50.100   24.163   25.776
  48.876   23.840   24.497
  49.617   22.528   25.386
  44.827   22.391   31.267
  43.603   22.067   29.987
  44.129   23.211   30.460
  13.284    5.456    4.221
  12.503    6.558    4.229
  11.331    6.641    5.018
  10.522    7.783    5.026
  10.855    8.883    4.245
  14.064    4.355    4.213
  15.236    4.272    3.424
  10.683    9.489    5.256
   9.718    8.815    3.895
  11.123    9.813    3.595
  16.373    4.340    3.774
  15.408    3.665    2.413
  15.276    3.562    3.747
  42.207   18.552   35.512
  42.027   19.827   35.919
  41.163   20.157   36.990
  40.976   21.479   37.411
  41.646   22.517   36.777
  42.387   17.278   35.105
  43.252   16.947   34.035
  41.931   22.839   37.889
  40.564   23.015   36.731
  42.203   23.399   36.254
  44.334   16.450   34.081
  42.967   16.626   32.923
  43.013   16.223   34.206
  48.911   41.603    7.210
  48.266   42.717    7.615
  48.510   43.981    7.026
  47.841   45.137    7.446
  46.904   45.070    8.470
  49.556   40.488    6.805
  49.312   39.224    7.394
  46.219   45.678    7.707
  47.517   45.990    8.915
  46.115   45.029    9.328
  48.699   38.305    6.949
  49.996   38.617    8.157
  49.849   38.997    6.875
  45.819   41.350   11.961
  45.635   40.140   12.532
  46.345   38.993   12.104
  46.154   37.739   12.696
  45.246   37.587   13.737
  46.003   42.559   11.391
  45.293   43.706   11.819
  46.154   37.033   14.275
  44.852   36.670   13.086
  44.488   37.445   14.611
  45.687   44.623   12.470
  44.385   44.260   11.281
  45.713   44.046   11.255
  40.077   15.733   27.242
  40.506   14.493   27.556
  40.978   14.168   28.850
  41.424   12.882   29.177
  41.413   11.874   28.221
  39.647   16.974   26.927
  39.175   17.298   25.633
  40.866   11.248   29.074
  42.537   11.701   28.579
  41.410   11.019   27.428
  38.052   17.471   25.274
  39.722   17.924   24.779
  39.081   18.001   25.959
  36.459   24.047   26.432
  37.106   25.041   25.788
  38.386   25.489   26.193
  39.057   26.520   25.524
  38.472   27.140   24.427
  35.812   23.053   27.077
  34.532   22.605   26.672
  39.527   26.935   23.913
  38.759   28.142   25.004
  37.993   27.669   23.505
  34.245   21.603   26.095
  33.477   22.810   27.186
  34.628   22.120   27.276
  28.822   13.323   18.415
  27.545   13.024   18.733
  27.054   13.143   20.055
  25.730   12.833   20.386
  24.849   12.392   19.406
  30.099   13.622   18.096
  30.590   13.503   16.774
  24.131   13.229   19.858
  24.613   11.527   20.192
  24.099   12.020   18.594
  30.826   14.367   15.989
  31.308   12.665   16.322
  31.249   13.755   17.109
  36.838   25.733   22.706
  37.268   24.821   23.605
  37.356   23.444   23.293
  37.801   22.499   24.225
  38.175   22.898   25.502
  36.409   26.644   21.808
  36.321   28.021   22.120
  39.149   22.248   25.279
  37.457   22.011   25.848
  38.491   23.219   26.578
  37.039   28.908   21.774
  35.347   28.671   22.342
  36.067   28.063   21.382
   8.337   32.439   42.352
   9.398   32.400   43.187
   9.731   33.489   44.027
  10.831   33.449   44.893
  11.636   32.318   44.949
   7.277   32.478   41.517
   6.944   31.389   40.677
  11.478   32.423   46.125
  12.524   33.104   44.828
  12.320   31.376   45.006
   6.056   30.603   40.798
   7.102   31.284   39.501
   6.366   31.869   40.463
  17.647   37.854    3.209
  18.522   36.998    3.778
  18.266   35.609    3.862
  19.173   34.721    4.452
  20.370   35.191    4.979
  16.771   38.710    2.640
  17.028   40.099    2.556
  20.849   34.308    4.338
  20.050   34.552    5.933
  21.378   35.572    5.426
  17.347   40.738    1.602
  16.549   40.982    3.197
  16.329   40.099    2.206
  40.659    2.197   39.583
  39.635    2.342   38.715
  39.568    3.429   37.810
  38.506    3.580   36.910
  37.474    2.650   36.882
  41.683    2.051   40.450
  41.751    0.965   41.355
  37.679    2.652   35.708
  36.777    3.615   36.933
  36.602    1.877   36.848
  42.447   -0.001   41.304
  41.546    0.963   42.529
  42.414    1.319   41.565
  38.719    5.642    3.087
  39.847    6.374    3.207
  39.831    7.702    3.696
  41.000    8.461    3.820
  42.228    7.920    3.459
  37.591    4.910    2.968
  37.607    3.582    2.478
  42.572    8.321    4.527
  42.351    8.936    2.850
  43.265    7.478    3.160
  37.484    2.565    3.087
  37.263    3.180    1.410
  36.838    3.640    2.601
  38.365   35.864   33.394
  37.168   36.408   33.703
  35.950   35.839   33.263
  34.709   36.404   33.582
  34.643   37.557   34.354
  39.561   35.319   33.086
  40.780   35.888   33.526
  33.845   36.935   34.983
  33.916   37.937   33.490
  34.573   38.525   35.001
  41.506   35.508   34.390
  41.578   36.511   32.897
  41.080   35.283   33.134
  43.793   42.267   14.485
  43.032   42.294   13.370
  42.795   43.490   12.653
  42.006   43.518   11.497
  41.425   42.351   11.017
  44.554   42.239   15.600
  44.791   41.043   16.317
  41.895   42.699    9.978
  40.434   43.012   10.983
  40.932   41.378   10.603
  45.782   40.382   16.351
  44.322   40.695   17.356
  45.207   41.523   16.772
  33.429   17.383   46.122
  33.231   16.067   45.894
  33.680   15.434   44.711
  33.475   14.070   44.475
  32.814   13.289   45.415
  33.626   18.699   46.349
  33.178   19.332   47.532
  33.744   12.558   45.271
  32.173   12.931   44.476
  32.261   12.622   46.196
  33.818   19.689   48.471
  32.247   20.062   47.676
  33.498   19.958   47.193
  21.090   27.902   34.317
  20.123   28.844   34.310
  18.757   28.515   34.134
  17.754   29.492   34.127
  18.081   30.832   34.295
  22.057   26.960   34.324
  23.422   27.288   34.500
  17.212   30.806   35.111
  17.399   30.985   33.329
  18.341   31.960   34.435
  24.104   27.136   35.466
  24.290   27.314   33.684
  23.507   26.515   34.432
  39.174   22.008    9.902
  37.890   21.726   10.209
  37.492   20.446   10.662
  36.160   20.153   10.981
  35.180   21.129   10.858
  40.458   22.291    9.595
  40.856   23.571    9.142
  34.888   20.791   11.963
  34.593   20.281   10.262
  34.347   21.940   10.760
  41.443   24.420    9.738
  41.148   23.910    8.037
  41.558   23.229    9.123
  19.493   47.012   44.215
  20.550   47.650   43.668
  20.501   49.021   43.322
  21.596   49.683   42.755
  22.780   48.998   42.514
  18.437   46.374   44.762
  18.486   45.003   45.109
  23.278   49.923   43.075
  22.691   49.486   41.431
  23.780   48.434   42.307
  18.575   44.514   46.192
  17.988   44.077   44.547
  17.752   45.143   45.334
  18.266   21.552   15.582
  18.269   22.840   15.987
  17.868   23.896   15.135
  17.871   25.231   15.555
  18.275   25.558   16.843
  18.262   20.265   15.176
  18.664   19.209   16.029
  17.261   26.184   16.863
  18.957   26.361   16.286
  18.612   25.847   17.922
  17.982   18.406   16.586
  19.678   18.584   16.009
  18.494   18.778   15.399
  11.515   45.252   12.140
  10.720   45.823   13.069
   9.834   46.880   12.752
   9.010   47.472   13.716
   9.042   47.028   15.032
  12.310   44.680   11.210
  13.195   43.623   11.527
   7.857   46.993   14.913
   9.150   48.188   15.284
   9.059   46.666   16.141
  13.087   42.464   11.276
  14.380   43.659   11.647
  13.363   43.678   10.766
   9.776   25.511    4.408
   9.246   26.752    4.381
  10.042   27.911    4.542
   9.492   29.198    4.513
   8.127   29.372    4.323
  10.306   24.270    4.435
   9.511   23.110    4.274
   8.474   30.155    3.494
   8.217   30.084    5.274
   6.983   29.533    4.164
   9.421   22.399    3.322
   9.163   22.328    5.103
  10.201   22.754    4.359
  26.346   24.097   10.409
  25.753   25.304   10.292
  25.343   25.819    9.039
  24.727   27.070    8.917
  24.500   27.851   10.043
  26.940   22.890   10.527
  27.350   22.375   11.780
  23.396   27.937    9.601
  25.008   28.709    9.391
  24.303   28.517   10.980
  26.842   21.517   12.432
  28.454   22.290   12.222
  27.581   21.774   11.337
   2.852    9.675    7.868
   3.297    9.806    9.135
   3.343    8.711   10.031
   3.805    8.847   11.346
   4.237   10.082   11.812
   2.407    9.544    6.600
   2.361   10.639    5.704
   5.187    9.465   12.181
   3.515    9.843   12.729
   4.603   11.113   12.216
   3.083   10.878    4.787
   1.411   11.257    5.335
   2.079   10.095    5.221
  36.036   26.442   31.999
  37.044   27.177   32.515
  36.886   28.547   32.832
  37.931   29.310   33.367
  39.171   28.730   33.604
  35.029   25.706   31.483
  35.186   24.336   31.166
  39.057   29.235   34.677
  39.583   29.680   33.015
  40.217   28.256   33.808
  34.774   23.386   31.756
  35.301   23.831   30.093
  34.440   24.409   30.950
   6.991   27.374    2.019
   7.788   28.418    1.708
   9.167   28.254    1.435
   9.994   29.337    1.113
   9.472   30.623    1.052
   6.194   26.330    2.330
   4.815   26.495    2.603
  10.029   30.659   -0.001
  10.403   30.894    1.745
   9.047   31.707    0.997
   3.884   26.224    1.910
   4.257   26.458    3.655
   4.850   25.721    2.699
  18.303   26.054   43.323
  18.627   24.772   43.053
  17.647   23.803   42.732
  17.983   22.473   42.452
  19.310   22.065   42.482
  17.979   27.337   43.594
  18.959   28.306   43.915
  19.054   21.593   41.418
  18.889   21.183   43.163
  20.421   21.709   42.503
  19.380   29.188   43.233
  19.215   28.778   44.978
  18.331   28.769   43.964
  13.384   26.587    9.921
  12.643   25.588    9.397
  13.037   24.898    8.225
  12.269   23.862    7.681
  11.080   23.478    8.289
  14.124   27.586   10.446
  13.731   28.276   11.618
  11.535   22.381    8.191
  10.637   23.574    7.187
  10.080   23.146    8.789
  14.174   28.180   12.720
  13.275   29.373   11.715
  14.395   28.664   11.484
   3.945   27.927   18.539
   3.034   28.518   17.737
   2.415   27.826   16.669
   1.470   28.439   15.837
   1.110   29.765   16.044
   4.856   27.337   19.342
   5.475   28.028   20.410
  -0.001   29.337   15.981
   1.316   29.867   14.875
   0.799   30.877   16.207
   5.269   27.925   21.579
   6.586   28.455   20.472
   5.833   27.341   20.507
  11.025    8.477   35.974
  11.617    7.978   34.868
  12.858    7.299   34.923
  13.471    6.782   33.776
  12.867    6.924   32.534
  10.433    8.977   37.080
   9.192    9.655   37.025
  13.078    5.755   32.442
  13.942    7.315   32.200
  12.370    7.036   31.485
   8.117    9.264   37.358
   8.982   10.825   37.116
   9.309    9.710   37.795
  43.633   15.625   41.221
  44.959   15.866   41.147
  45.812   15.718   42.267
  47.188   15.968   42.190
  47.759   16.374   40.991
  42.307   15.385   41.295
  41.454   15.532   40.175
  48.541   15.503   41.219
  48.254   17.224   41.665
  48.252   16.716   39.991
  40.960   14.683   39.502
  40.673   16.403   39.948
  40.913   15.308   40.692
  31.305   12.719   48.517
  30.378   11.738   48.497
  30.735   10.368   48.485
  29.773    9.351   48.464
  28.420    9.666   48.454
  32.232   13.700   48.537
  31.875   15.069   48.549
  28.362    8.877   49.345
  28.381    8.897   47.545
  27.281    9.917   48.446
  31.915   15.838   49.458
  31.933   15.858   47.658
  32.650   15.161   48.557
  38.393   37.123   16.727
  38.392   35.835   16.323
  38.844   34.786   17.158
  38.843   33.450   16.738
  38.391   33.116   15.468
  38.393   38.410   17.132
  37.942   39.459   16.297
  37.745   32.303   16.053
  39.413   32.506   15.406
  38.014   32.822   14.404
  36.920   40.070   16.359
  38.587   40.272   15.712
  38.130   39.893   16.919
  31.341   26.021   45.569
  30.105   25.653   45.968
  29.858   25.135   47.262
  28.576   24.753   47.676
  27.496   24.876   46.812
  32.577   26.389   45.169
  32.823   26.907   43.875
  26.980   25.415   47.741
  27.279   23.748   47.130
  26.580   24.973   46.096
  33.040   28.034   43.557
  33.339   26.368   42.946
  33.556   26.940   44.144
  40.296   42.215   20.219
  41.584   41.927   20.501
  42.547   42.940   20.725
  43.883   42.641   21.018
  44.304   41.320   21.096
  39.007   42.503   19.937
  38.044   41.490   19.712
  44.785   41.671   22.128
  45.174   41.690   20.371
  44.671   40.215   21.165
  37.174   41.120   20.437
  37.563   41.139   18.680
  37.574   42.106   19.615
  23.517   40.639   47.662
  22.949   41.850   47.484
  22.801   42.429   46.202
  22.212   43.686   46.018
  21.748   44.408   47.110
  24.086   39.427   47.839
  24.233   38.848   49.122
  20.760   44.516   46.454
  22.372   45.298   46.622
  21.355   45.025   48.018
  23.610   37.958   49.610
  25.222   38.740   49.778
  24.556   38.271   48.707
  45.477   18.169   30.572
  45.154   18.859   31.687
  45.343   20.258   31.784
  45.008   20.974   32.940
  44.473   20.316   34.040
  45.800   17.480   29.457
  45.611   16.080   29.360
  43.654   21.180   33.995
  45.312   20.912   34.641
  44.023   19.776   34.970
  44.772   15.485   28.760
  46.430   15.216   29.406
  45.907   16.197   28.647
  27.336   43.540   47.325
  28.111   42.459   47.089
  28.852   42.315   45.892
  29.655   41.195   45.647
  29.746   40.179   46.591
  26.562   44.620   47.561
  25.821   44.764   48.758
  30.919   40.307   46.424
  29.520   39.471   45.660
  29.831   39.319   47.374
  26.046   45.473   49.689
  24.648   44.637   48.924
  25.606   45.434   48.419
  27.267   13.121   32.796
  27.396   13.712   31.589
  27.366   15.119   31.437
  27.500   15.733   30.186
  27.669   14.962   29.042
  27.137   12.529   34.002
  27.167   11.122   34.155
  28.577   15.705   28.833
  26.792   15.643   28.611
  27.811   14.327   28.075
  28.045   10.441   34.586
  26.260   10.379   34.364
  27.067   11.308   34.907
  45.121   24.970   32.145
  46.139   24.344   32.773
  46.609   23.074   32.360
  47.664   22.426   33.012
  48.288   23.023   34.100
  44.103   25.595   31.517
  43.634   26.865   31.930
  49.287   22.758   33.507
  48.114   21.963   34.616
  48.821   23.513   35.014
  43.808   27.924   31.414
  42.635   27.129   32.523
  43.141   26.759   31.333
  35.215   40.016   30.384
  35.913   38.986   29.860
  35.292   37.973   29.090
  36.016   36.905   28.547
  37.387   36.811   28.754
  34.518   41.046   30.907
  35.138   42.058   31.677
  37.423   36.649   27.574
  37.131   35.691   29.070
  38.537   36.720   28.921
  35.394   43.178   31.361
  35.103   42.220   32.857
  34.408   42.333   31.710
  31.564   40.156   17.222
  30.859   39.096   16.774
  31.250   38.367   15.626
  30.519   37.268   15.160
  29.370   36.858   15.826
  32.269   41.216   17.671
  31.878   41.946   18.819
  29.877   35.781   15.768
  28.889   36.876   14.736
  28.404   36.504   16.376
  32.360   41.928   19.909
  31.371   43.022   18.877
  32.518   42.358   18.644
  34.459    0.755   23.000
  35.624    1.436   22.987
  36.877    0.779   22.966
  38.086    1.485   22.953
  38.084    2.875   22.961
  33.293    0.074   23.012
  32.040    0.731   23.034
  38.842    2.751   22.049
  38.867    2.741   23.849
  38.098    4.041   22.967
  31.258    0.865   22.146
  31.283    0.855   23.945
  31.775   -0.003   23.033
   7.336   19.823   24.441
   6.386   20.762   24.632
   5.025   20.424   24.823
   4.039   21.398   25.021
   4.378   22.745   25.036
   8.287   18.884   24.250
   9.648   19.222   24.059
   3.744   22.760   26.045
   3.474   22.848   24.267
   4.649   23.879   25.051
  10.553   19.119   24.828
  10.282   19.207   23.051
   9.724   18.447   24.009
  19.219    8.945   25.120
  18.588    7.770   24.911
  17.572    7.627   23.936
  16.918    6.409   23.719
  17.255    5.290   24.470
  19.850   10.120   25.328
  20.866   10.263   26.303
  17.317    4.756   23.407
  16.078    5.204   24.632
  17.529    4.343   25.094
  22.043   10.349   26.141
  20.803   10.797   27.367
  20.869   10.998   26.038
   1.023   34.403   42.718
   1.750   33.747   41.788
   1.172   32.787   40.925
   1.925   32.107   39.960
   3.284   32.363   39.825
   0.297   35.059   43.648
   0.875   36.019   44.511
   3.016   32.471   38.669
   3.379   31.176   39.866
   4.425   32.569   39.700
   0.779   37.207   44.470
   1.143   35.912   45.667
   0.143   36.062   44.780
  27.906   46.810   44.442
  29.062   46.326   43.940
  30.222   47.127   43.821
  31.420   46.625   43.300
  31.502   45.304   42.879
  26.750   47.294   44.944
  25.590   46.493   45.063
  32.487   45.287   43.550
  31.975   45.782   41.896
  31.584   44.196   42.523
  25.116   46.014   46.047
  24.605   46.509   44.393
  25.292   47.154   45.353
  17.396   22.375    8.496
  16.199   22.091    9.051
  15.050   21.837    8.266
  13.808   21.543    8.842
  13.671   21.493   10.224
  18.594   22.658    7.940
  19.743   22.913    8.725
  13.139   20.450   10.003
  12.735   22.203   10.026
  13.543   21.448   11.382
  20.679   22.202    8.922
  20.275   23.956    8.946
  20.074   22.998    8.023
  41.879   16.163   37.942
  42.653   17.111   38.511
  42.167   17.963   39.531
  42.969   18.946   40.122
  44.287   19.112   39.714
  41.105   15.215   37.372
  41.591   14.362   36.352
  44.517   19.077   40.883
  43.982   20.261   39.638
  45.395   19.262   39.382
  41.896   13.213   36.429
  41.362   14.398   35.184
  40.865   14.077   36.392
  19.963   16.882    3.009
  19.958   17.790    4.008
  18.805   18.037    4.791
  18.799   18.979    5.827
  19.946   19.707    6.118
  19.969   15.974    2.010
  21.122   15.727    1.228
  19.722   19.365    7.237
  19.207   20.641    6.076
  20.902   20.324    6.372
  21.861   14.793    1.270
  21.346   16.068    0.108
  20.645   15.217    0.878
  30.075   37.456    0.293
  29.562   38.689    0.496
  30.189   39.854   -0.006
  29.658   41.132    0.205
  28.481   41.290    0.925
  30.587   36.224    0.089
  29.960   35.059    0.591
  28.158   41.966   -0.001
  29.108   42.110    1.520
  27.494   41.438    1.528
  29.333   34.239   -0.004
  30.283   34.383    1.518
  30.568   34.711    0.245
  47.168    7.464   25.258
  46.623    6.363   24.698
  45.426    5.788   25.186
  44.860    4.646   24.605
  45.471    4.040   23.515
  47.713    8.564   25.818
  48.910    9.140   25.329
  44.379    4.086   23.042
  45.334    3.045   24.157
  45.974    3.521   22.600
  49.047   10.135   24.688
  50.003    9.094   25.802
  48.780    9.644   25.911
  45.270   20.775    6.062
  44.443   21.392    5.192
  44.926   22.258    4.182
  44.068   22.897    3.280
  42.696   22.694    3.355
  46.098   20.158    6.932
  45.614   19.292    7.942
  42.794   22.488    2.185
  42.649   23.884    3.312
  41.542   22.532    3.406
  45.662   18.102    7.984
  45.516   19.498    9.111
  46.375   19.236    8.109
  38.268   34.286   22.689
  39.391   35.011   22.497
  40.554   34.814   23.278
  41.718   35.566   23.079
  41.760   36.542   22.092
  37.146   33.560   22.880
  35.983   33.757   22.099
  42.777   36.004   21.785
  42.190   37.226   22.968
  41.809   37.365   21.267
  35.553   33.074   21.223
  34.965   34.296   22.406
  35.709   33.185   22.554
  25.915   31.726   30.188
  25.146   30.837   29.525
  23.733   30.874   29.588
  22.935   29.951   28.900
  23.522   28.959   28.125
  26.685   32.616   30.851
  28.098   32.579   30.787
  22.752   29.332   27.296
  22.787   28.237   28.724
  24.002   28.121   27.471
  28.833   33.301   30.188
  28.868   32.206   31.616
  28.029   33.196   31.262
  25.555   46.035    1.758
  26.726   46.707    1.716
  27.971   46.039    1.634
  29.185   46.735    1.592
  29.197   48.124    1.629
  24.385   45.364    1.799
  23.140   46.032    1.881
  29.919   48.013    0.688
  30.011   47.964    2.485
  29.222   49.289    1.660
  22.326   46.192    1.026
  22.418   46.142    2.823
  22.867   45.300    1.875
   3.581   46.328   38.858
   4.908   46.088   38.912
   5.861   47.134   38.889
   7.237   46.885   38.945
   7.710   45.581   39.027
   2.253   46.568   38.803
   1.300   45.522   38.827
   8.361   46.012   39.927
   8.418   45.919   38.130
   8.120   44.491   39.096
   0.592   45.184   39.723
   0.649   45.091   37.926
   0.800   46.120   38.780
  37.023   24.360    6.904
  36.980   24.175    8.241
  35.808   24.420    8.995
  35.764   24.228   10.381
  36.889   23.783   11.062
  37.066   24.546    5.568
  38.238   24.300    4.814
  36.132   22.993   11.534
  36.652   24.698   11.788
  37.827   23.409   11.647
  38.475   23.385    4.088
  38.995   25.089    4.342
  37.778   24.528    4.225
   6.600    3.073   19.091
   6.818    3.967   20.078
   7.931    3.870   20.946
   8.157    4.797   21.970
   7.278    5.855   22.163
   6.382    2.179   18.103
   5.269    2.276   17.235
   8.273    6.511   22.170
   7.304    5.499   23.300
   6.548    6.748   22.336
   5.243    2.632   16.098
   4.274    1.621   17.228
   5.585    1.631   16.929
   7.703   42.067   34.637
   7.282   40.824   34.319
   8.116   39.898   33.650
   7.679   38.609   33.320
   6.392   38.201   33.647
   8.124   43.309   34.955
   7.290   44.236   35.624
   6.949   37.246   34.094
   6.352   37.855   32.508
   5.315   37.846   33.916
   7.330   44.582   36.763
   6.734   45.191   35.178
   7.922   44.690   35.560
  10.278   12.030    4.050
  10.942   12.659    3.058
  10.979   12.149    1.738
  11.667   12.802    0.709
  12.344   13.988    0.962
   9.614   11.400    5.043
   9.578   11.911    6.363
  11.757   14.376   -0.000
  13.243   13.443    0.402
  12.916   14.985    1.161
   8.679   12.456    6.923
  10.165   11.523    7.325
   9.145   11.273    6.484
  25.891   23.361    5.554
  27.025   23.809    4.976
  27.891   22.950    4.259
  29.068   23.415    3.659
  29.420   24.756    3.755
  24.756   22.913    6.133
  23.890   23.772    6.850
  29.568   24.667    2.576
  30.477   24.320    4.090
  29.728   25.878    3.827
  22.833   24.208    6.514
  23.742   23.861    8.029
  23.484   23.111    6.942
  40.648   18.012   14.015
  41.811   18.368   14.600
  42.536   19.513   14.193
  43.742   19.883   14.800
  44.266   19.121   15.837
  39.485   17.656   13.429
  38.760   16.511   13.837
  44.363   20.173   16.388
  45.269   19.174   15.195
  44.717   18.490   16.708
  37.757   16.457   14.478
  38.663   15.459   13.286
  38.276   16.747   13.271
  24.664    9.251    1.568
  23.428    8.735    1.397
  22.312    9.549    1.091
  21.030    9.015    0.914
  20.819    7.647    1.036
  25.900    9.766    1.738
  27.016    8.953    2.044
  20.255    7.772   -0.006
  19.926    7.981    1.751
  20.628    6.501    1.137
  27.910    8.619    1.330
  27.580    8.828    3.087
  27.387    9.640    2.032
  16.040   26.902   32.693
  15.968   25.572   32.913
  14.977   25.002   33.748
  14.902   23.623   33.977
  15.816   22.764   33.379
  16.112   28.231   32.473
  17.103   28.801   31.638
  14.840   22.156   33.064
  15.935   22.331   34.483
  16.576   22.032   32.883
  16.984   29.233   30.534
  18.078   29.409   31.952
  16.739   29.462   31.837
  32.342   27.520   34.910
  31.171   26.972   35.299
  29.923   27.486   34.870
  28.709   26.917   35.273
  28.699   25.815   36.119
  33.512   28.068   34.522
  34.760   27.555   34.950
  27.949   25.364   35.309
  27.910   26.460   36.737
  28.675   24.890   36.828
  35.548   26.910   34.332
  35.509   28.006   35.760
  35.031   28.139   34.509
  25.432   35.242   34.354
  24.799   34.253   33.687
  24.959   34.066   32.293
  24.303   33.041   31.602
  23.463   32.165   32.280
  26.065   36.230   35.020
  25.905   36.417   36.414
  24.092   31.328   31.710
  22.699   32.426   31.404
  22.756   31.424   32.836
  26.670   36.156   37.290
  25.277   37.255   36.983
  26.400   37.008   36.284
  47.691    4.590   42.139
  48.103    3.426   42.686
  49.314    3.325   43.410
  49.741    2.119   43.978
  48.972    0.970   43.841
  47.280    5.753   41.592
  46.068    5.854   40.867
  49.127    0.883   45.019
  50.002    0.478   43.499
  48.336   -0.001   43.734
  45.038    6.347   41.209
  45.913    5.942   39.689
  46.295    6.599   40.799
   7.604   14.742   32.659
   8.669   14.615   33.479
   9.489   15.716   33.819
  10.594   15.584   34.670
  10.916   14.346   35.210
   6.539   14.870   31.839
   5.718   13.768   31.499
  10.959   14.950   36.236
  12.011   14.605   34.817
  11.198   13.312   35.671
   4.624   13.509   31.892
   5.675   13.163   30.473
   5.341   14.313   31.086
  22.868    0.791   20.463
  24.013    1.466   20.699
  25.097    0.883   21.398
  26.284    1.583   21.643
  26.431    2.891   21.198
  21.723    0.116   20.227
  20.640    0.698   19.528
  27.465    2.490   20.762
  26.787    3.094   22.316
  26.566    3.989   20.829
  20.283    0.495   18.409
  19.606    1.100   19.963
  20.317   -0.001   19.659
   7.810   25.362   18.376
   7.940   24.034   18.172
   6.894   23.253   17.624
   7.029   21.876   17.413
   8.215   21.230   17.741
   7.680   26.690   18.580
   8.725   27.471   19.128
   8.122   20.780   16.641
   7.491   20.464   18.297
   9.204   20.676   18.012
   9.449   28.237   18.572
   8.818   27.921   20.227
   8.202   28.043   19.038
  29.678   18.194   22.113
  30.869   18.520   22.660
  30.975   19.431   23.737
  32.210   19.769   24.304
  33.383   19.207   23.813
  28.487   17.869   21.567
  28.380   16.957   20.489
  33.599   18.976   24.962
  33.762   20.336   23.795
  34.374   18.743   23.411
  28.001   15.828   20.508
  28.164   17.189   19.341
  27.620   17.117   20.569
  11.781   18.849   13.531
  13.071   18.589   13.229
  13.550   17.268   13.059
  14.888   16.999   12.745
  15.794   18.041   12.591
  10.491   19.108   13.833
  10.012   20.429   14.003
  16.071   17.477   11.579
  16.466   17.394   13.333
  16.565   18.906   12.458
   9.340   21.075   13.261
   9.735   20.993   15.016
   9.340   20.054   14.137
  31.126   34.349   47.705
  30.025   33.691   48.125
  29.971   33.048   49.384
  28.828   32.366   49.820
  27.700   32.303   49.013
  32.228   35.007   47.284
  32.282   35.651   46.025
  27.133   32.652   50.001
  27.752   31.137   49.253
  26.745   32.243   48.345
  32.230   36.817   45.785
  32.849   35.301   45.037
  33.004   35.827   46.266
  42.637   45.540   10.903
  42.683   46.303   12.015
  41.511   46.799   12.634
  41.559   47.591   13.788
  42.781   47.914   14.364
  42.590   44.777    9.790
  43.762   44.281    9.171
  42.258   47.543   15.369
  42.347   49.024   14.350
  43.800   48.193   14.859
  44.196   43.171    9.186
  44.285   44.652    8.167
  43.242   43.972    8.677
  16.939    3.215   11.856
  17.569    4.385   12.093
  17.545    5.452   11.163
  18.198    6.665   11.410
  18.898    6.856   12.595
  16.309    2.045   11.618
  16.333    0.978   12.548
  18.277    7.872   12.646
  19.768    7.227   11.869
  19.489    7.029   13.585
  15.463    0.607   13.273
  16.954   -0.038   12.496
  15.898    0.631   12.000
  21.946    6.430   15.861
  20.861    5.736   16.265
  19.551    6.090   15.863
  18.426    5.371   16.282
  18.570    4.271   17.119
  23.031    7.124   15.456
  24.341    6.769   15.858
  17.869    3.734   16.319
  17.718    4.808   17.756
  18.677    3.346   17.821
  25.193    6.233   15.221
  25.042    7.306   16.658
  24.529    7.386   15.417
  44.356   37.605   43.824
  45.258   38.320   43.118
  46.603   37.903   42.980
  47.538   38.644   42.247
  47.161   39.829   41.627
  43.454   36.891   44.530
  42.109   37.307   44.668
  47.695   39.349   40.676
  48.132   40.266   42.162
  46.858   40.825   41.101
  41.138   36.870   44.133
  41.575   37.788   45.619
  42.060   36.651   45.088
  30.373   27.874    0.290
  29.454   26.907    0.498
  28.135   27.005   -0.005
  27.182   26.002    0.211
  27.514   24.866    0.937
  31.292   28.841    0.083
  32.611   28.743    0.586
  27.028   24.291    0.013
  26.510   25.110    1.530
  27.780   23.907    1.545
  33.615   28.499   -0.007
  33.097   29.318    1.510
  32.682   29.438    0.236
  36.965   46.384   43.613
  37.567   45.175   43.626
  36.830   43.970   43.536
  37.454   42.717   43.550
  38.836   42.624   43.655
  36.364   47.592   43.599
  37.100   48.797   43.689
  38.727   41.889   42.723
  38.588   41.839   44.517
  39.995   42.531   43.742
  37.349   49.582   42.827
  37.209   49.532   44.621
  36.387   49.112   43.643
  27.683   21.934   23.595
  28.159   20.850   24.244
  29.388   20.875   24.946
  29.882   19.751   25.619
  29.164   18.561   25.614
  27.207   23.017   22.947
  25.979   22.992   22.245
  29.346   18.599   26.791
  30.209   18.084   25.298
  28.572   17.557   25.619
  24.934   23.470   22.561
  25.797   22.955   21.068
  26.169   23.735   22.099
  13.175   20.388   17.309
  12.716   21.462   16.633
  11.339   21.651   16.370
  10.863   22.765   15.669
  11.747   23.731   15.205
  13.634   19.313   17.986
  15.011   19.125   18.249
  10.990   24.488   15.726
  11.162   23.587   14.177
  12.479   24.549   14.811
  15.597   19.268   19.277
  15.769   18.367   17.728
  14.748   18.477   18.596
  22.463   39.760   45.942
  21.607   39.179   46.810
  21.974   38.892   48.146
  21.087   38.289   49.046
  19.801   37.953   48.642
  23.319   40.341   45.074
  22.952   40.629   43.738
  19.479   38.521   49.639
  20.064   36.897   49.128
  18.719   37.665   48.316
  22.688   41.684   43.252
  23.274   40.060   42.742
  23.683   40.901   43.708
   9.127   42.748   24.843
   8.084   42.078   25.376
   7.547   42.410   26.643
   6.465   41.714   27.195
   5.881   40.662   26.501
  10.171   43.419   24.310
  10.708   43.087   23.044
   4.865   41.233   26.750
   6.005   40.082   27.535
   5.381   39.777   25.929
  10.583   43.667   22.010
  11.724   42.516   22.795
  11.189   43.679   23.211
  18.475   31.621   41.777
  18.874   32.907   41.670
  20.189   33.254   41.282
  20.603   34.587   41.171
  19.715   35.620   41.444
  18.077   30.336   41.884
  16.761   29.988   42.271
  20.092   36.047   40.397
  20.604   36.031   42.122
  18.980   36.497   41.670
  15.872   29.577   41.593
  16.384   29.562   43.318
  17.040   29.264   42.182
  21.776   10.288    3.376
  20.602   10.204    2.714
  19.895   11.355    2.293
  18.678   11.268    1.607
  18.125   10.027    1.317
  22.950   10.372    4.038
  23.657    9.221    4.459
  18.023   10.474    0.217
  17.137   10.503    1.784
  17.649    8.992    1.068
  24.645    8.745    3.992
  23.759    8.774    5.559
  24.156    9.757    4.731
  45.424   15.344    8.370
  45.376   16.344    9.275
  46.392   16.530   10.242
  46.343   17.568   11.181
  45.275   18.456   11.186
  45.471   14.344    7.465
  44.455   14.158    6.498
  46.132   19.284   11.212
  45.244   18.210   12.352
  44.385   19.209   11.202
  44.485   14.404    5.332
  43.598   13.331    6.472
  44.911   13.559    6.289
  33.951    2.922   40.549
  32.893    2.352   39.935
  32.195    1.259   40.502
  31.098    0.668   39.865
  30.660    1.147   38.637
  35.009    3.493   41.164
  35.707    4.585   40.596
  29.591    1.143   39.164
  30.696   -0.001   38.322
  30.281    1.540   37.606
  35.670    5.734   40.911
  36.776    4.590   40.069
  36.131    4.515   41.248
   9.700   18.205    7.579
  10.288   17.110    7.052
  11.344   17.203    6.114
  11.954   16.068    5.567
  11.529   14.798    5.939
   9.113   19.300    8.106
   8.057   19.206    9.044
  12.692   14.601    6.108
  11.496   14.607    4.763
  11.183   13.727    6.242
   8.090   19.397   10.220
   6.894   19.403    8.875
   8.100   19.985    9.010
  19.570    6.887   38.858
  20.721    6.182   38.850
  21.750    6.415   39.794
  22.944    5.684   39.786
  23.152    4.694   38.834
  18.419    7.592   38.866
  17.390    7.359   37.923
  23.457    4.033   39.777
  24.194    5.249   38.674
  23.340    3.860   38.040
  16.348    6.804   38.083
  17.085    8.020   36.980
  17.041    7.933   38.321
  17.073   13.341   26.264
  17.346   14.645   26.044
  18.673   15.133   25.979
  18.956   16.485   25.752
  17.922   17.397   25.581
  16.800   12.037   26.483
  15.474   11.549   26.548
  18.546   17.726   24.620
  18.521   18.030   26.394
  17.064   18.174   25.436
  14.875   10.916   25.734
  14.850   11.220   27.508
  15.842   10.871   26.669
  44.760   25.646   23.008
  43.638   25.177   23.595
  42.354   25.666   23.256
  41.191   25.181   23.865
  41.270   24.189   24.834
  45.882   26.114   22.421
  47.166   25.625   22.760
  40.425   23.663   24.179
  40.567   24.923   25.457
  41.322   23.357   25.650
  47.868   24.891   22.137
  48.011   26.151   23.415
  47.389   26.145   22.222
  23.310   15.934   43.979
  21.966   15.843   44.074
  21.151   16.978   44.296
  19.758   16.883   44.395
  19.130   15.650   44.274
  24.653   16.025   43.884
  25.468   14.890   43.661
  18.433   16.227   43.499
  18.575   15.980   45.276
  18.590   14.621   44.175
  26.023   14.560   42.659
  26.165   14.313   44.437
  26.037   15.425   43.690
  28.811   29.259   30.802
  29.719   29.562   29.850
  30.684   28.626   29.409
  31.625   28.941   28.422
  31.635   30.203   27.841
  27.903   28.956   31.754
  26.938   29.892   32.196
  31.661   29.590   26.819
  32.800   30.165   28.089
  31.655   31.258   27.345
  25.773   29.929   31.948
  26.912   30.505   33.218
  26.727   29.297   32.656
  31.754   31.274   47.458
  31.047   31.768   46.420
  31.263   33.073   45.918
  30.529   33.585   44.841
  29.552   32.810   44.228
  32.462   30.780   48.496
  32.246   29.475   48.998
  30.107   33.137   43.225
  28.877   33.781   44.371
  28.730   32.170   43.705
  32.922   28.504   48.856
  31.692   29.149   50.001
  32.815   29.685   49.491
  12.836   42.144   13.846
  13.180   43.443   13.975
  12.235   44.437   14.322
  12.591   45.785   14.456
  13.905   46.185   14.249
  12.492   40.844   13.716
  13.437   39.850   13.369
  13.763   46.742   15.293
  13.406   47.011   13.549
  15.004   46.535   14.077
  13.936   39.024   14.069
  13.579   39.293   12.325
  12.811   39.386   13.426
   4.260   44.643   32.833
   5.029   44.028   31.910
   4.482   43.465   30.732
   5.280   42.828   29.775
   6.654   42.731   29.960
   3.490   45.257   33.757
   4.037   45.821   34.934
   6.702   43.149   28.845
   6.477   41.582   29.701
   7.808   42.643   30.103
   4.214   46.970   35.193
   3.988   45.403   36.049
   3.289   46.001   35.067
  12.480   10.517   25.883
  12.168   11.817   26.074
  10.863   12.229   26.434
  10.539   13.577   26.632
  11.508   14.560   26.478
  12.793    9.218   25.692
  14.098    8.805   25.333
  11.114   14.933   27.539
  10.682   15.085   25.798
  12.312   15.395   26.351
  14.924    8.281   26.013
  14.492    8.433   24.272
  13.765    8.099   25.354
  17.319    9.452   30.256
  18.390   10.273   30.293
  19.665    9.824   30.713
  20.776   10.676   30.751
  20.652   12.006   30.371
  16.248    8.632   30.219
  14.973    9.080   29.799
  21.612   11.770   29.706
  21.210   12.218   31.402
  20.561   13.125   30.054
  14.415    8.869   28.768
  14.013    9.316   30.464
  14.780    8.338   29.949
  34.400   31.628   11.805
  33.438   32.574   11.837
  33.584   33.814   11.172
  32.586   34.796   11.205
  31.407   34.572   11.905
  35.362   30.681   11.773
  35.217   29.441   12.439
  30.891   34.938   10.895
  31.635   35.644   12.374
  30.413   34.398   12.489
  34.989   28.369   11.970
  35.733   29.076   13.449
  35.928   29.318   12.140
  47.786   19.473   41.239
  48.157   19.859   40.000
  49.302   19.326   39.360
  49.687   19.726   38.075
  48.942   20.673   37.384
  47.415   19.087   42.478
  46.270   19.620   43.118
  48.994   19.878   36.498
  50.001   21.189   37.208
  48.325   21.467   36.792
  45.211   19.104   43.294
  46.218   20.416   44.004
  46.496   19.137   43.689
   8.165   12.384   33.209
   8.457   12.835   31.970
   8.487   11.975   30.847
   8.789   12.442   29.562
   9.073   13.786   29.356
   7.873   11.933   34.447
   7.843   12.793   35.571
   8.275   13.686   28.477
  10.021   13.363   28.771
   9.313   14.912   29.168
   6.895   13.217   36.156
   8.641   12.893   36.450
   7.658   12.130   35.940
   6.509   40.245   44.374
   5.175   40.434   44.301
   4.597   41.725   44.333
   3.213   41.921   44.257
   2.357   40.833   44.145
   7.844   40.056   44.448
   8.421   38.764   44.415
   1.889   41.459   43.246
   1.776   41.364   45.040
   1.627   39.928   44.051
   9.002   38.233   43.520
   8.890   38.138   45.314
   9.083   39.174   44.479
  32.327   18.680   21.020
  31.733   19.522   20.149
  31.406   20.854   20.498
  30.790   21.728   19.594
  30.479   21.301   18.309
  32.921   17.837   21.892
  33.247   16.505   21.543
  31.024   22.309   17.982
  29.408   21.762   18.555
  30.212   20.956   17.227
  34.318   16.044   21.297
  32.702   15.497   21.870
  33.513   16.490   22.277
  28.002   45.507   27.517
  28.417   46.151   28.628
  29.057   47.412   28.569
  29.488   48.080   29.721
  29.295   47.511   30.974
  27.586   44.863   26.406
  26.946   43.602   26.465
  28.851   48.582   31.248
  30.450   47.765   31.123
  29.140   47.045   32.031
  25.792   43.348   26.315
  27.391   42.531   26.190
  26.932   43.692   25.689
  21.849   47.218   35.581
  21.150   46.091   35.833
  20.385   45.444   34.834
  19.660   44.275   35.095
  19.675   43.712   36.365
  22.548   48.345   35.329
  23.313   48.993   36.328
  19.923   42.707   35.775
  18.491   43.697   36.230
  19.678   43.229   37.427
  24.497   49.008   36.463
  23.065   49.998   36.918
  23.467   49.485   35.741
  39.228   27.703   48.839
  40.409   28.340   48.983
  41.636   27.734   48.624
  42.862   28.394   48.774
  42.904   29.684   49.288
  38.046   27.066   48.695
  36.819   27.672   49.054
  43.588   29.901   48.337
  43.745   29.233   50.001
  42.953   30.767   49.718
  35.977   28.123   48.341
  36.134   27.455   50.005
  36.531   26.989   48.807
  45.804   31.175   21.365
  44.642   30.878   21.984
  43.564   31.794   22.035
  42.358   31.486   22.676
  42.187   30.251   23.290
  46.967   31.472   20.747
  48.045   30.556   20.696
  41.168   30.232   22.673
  41.814   30.907   24.212
  42.030   29.219   23.808
  48.418   29.901   19.773
  49.064   30.575   21.312
  48.382   31.139   20.299
  23.421   22.533   45.364
  23.864   21.713   44.387
  25.186   21.209   44.373
  25.645   20.359   43.360
  24.799   19.982   42.325
  22.978   23.353   46.341
  21.655   23.857   46.355
  25.177   18.883   42.590
  25.711   20.312   41.633
  24.099   19.658   41.451
  20.743   23.528   47.047
  21.277   24.956   46.090
  21.907   24.201   47.009
  30.661   10.184   41.651
  29.960    9.141   41.158
  28.552    9.063   41.270
  27.826    7.980   40.760
  28.482    6.937   40.118
  31.361   11.228   42.143
  32.769   11.306   42.031
  27.660    7.111   39.274
  27.832    6.253   40.847
  29.020    6.055   39.578
  33.419   11.990   41.303
  33.592   11.132   42.876
  32.656   11.979   42.411
   8.206   34.225   16.118
   9.410   33.883   16.624
  10.100   32.724   16.198
  11.349   32.368   16.722
  11.951   33.160   17.693
   7.002   34.567   15.612
   6.311   35.726   16.039
  12.902   33.083   16.979
  12.088   32.125   18.266
  12.468   33.815   18.507
   6.174   36.762   15.465
   5.360   35.803   16.752
   5.785   35.475   15.519
  21.761   28.279   32.256
  22.433   29.120   33.070
  23.786   29.465   32.839
  24.483   30.338   33.683
  23.853   30.898   34.787
  21.088   27.437   31.443
  19.735   27.092   31.673
  24.296   31.918   34.360
  24.823   30.523   35.368
  23.335   31.375   35.717
  18.765   27.467   31.091
  19.291   26.072   32.100
  19.844   26.667   31.027
  33.847   22.671    2.398
  32.585   22.270    2.135
  31.720   23.016    1.300
  30.411   22.600    1.027
  29.921   21.423    1.580
  35.109   23.072    2.661
  35.975   22.326    3.496
  29.587   21.190    0.460
  28.997   22.107    1.892
  29.497   20.437    2.037
  36.899   21.642    3.183
  36.309   22.560    4.615
  36.467   22.908    3.325
  39.663   36.924   41.558
  38.850   37.557   42.430
  39.308   38.008   43.691
  38.464   38.664   44.595
  37.133   38.893   44.271
  40.477   36.291   40.686
  40.019   35.840   39.425
  37.375   40.007   44.618
  36.925   38.424   45.347
  36.013   39.091   44.012
  40.226   36.309   38.350
  39.776   34.726   39.079
  40.759   35.600   39.361
  36.402   47.608   16.605
  36.893   47.826   17.843
  36.341   48.801   18.708
  36.851   49.027   19.992
  37.930   48.286   20.458
  35.911   47.390   15.367
  36.462   46.416   14.502
  37.239   48.123   21.415
  38.371   49.355   20.749
  38.836   47.672   20.860
  36.022   45.348   14.210
  37.153   46.579   13.545
  35.900   46.674   14.025
  31.013   39.787   23.782
  32.032   39.845   22.898
  32.565   41.076   22.448
  33.622   41.136   21.531
  34.183   39.967   21.032
  29.994   39.729   24.666
  29.461   38.498   25.116
  35.212   40.486   21.336
  34.032   40.500   19.976
  34.663   38.994   20.605
  29.612   37.966   26.172
  28.432   37.980   24.813
  28.995   38.972   25.526
  41.458   33.243   10.373
  40.134   33.119   10.606
  39.165   33.677    9.739
  37.792   33.548    9.981
  37.339   32.858   11.098
  42.782   33.367   10.140
  43.752   32.809   11.007
  36.641   32.300   10.310
  36.666   33.827   11.263
  36.946   32.281   12.033
  44.425   31.840   10.842
  44.450   33.367   11.795
  44.242   33.125   10.488
  29.493   28.852    2.762
  30.154   28.946    3.936
  31.427   28.359    4.129
  32.112   28.458    5.346
  31.549   29.146    6.413
  28.832   28.757    1.589
  27.559   29.344    1.396
  32.613   29.681    6.461
  31.827   28.163    7.026
  31.087   29.722    7.317
  27.281   30.328    0.783
  26.495   28.810    1.348
  27.643   29.036    0.683
  38.180    9.186   39.520
  37.530   10.205   38.919
  38.054   11.519   38.897
  37.381   12.576   38.273
  36.158   12.357   37.650
  38.829    8.166   40.121
  38.305    6.852   40.144
  36.665   12.939   36.741
  35.812   13.305   38.284
  35.132   12.187   37.124
  38.651    5.904   39.510
  37.799    6.271   41.053
  38.962    6.711   40.541
  13.280   12.918   16.597
  14.007   13.566   17.532
  15.210   14.239   17.212
  15.965   14.911   18.182
  15.543   14.933   19.505
  12.553   12.270   15.662
  11.350   11.597   15.982
  15.735   16.105   19.410
  16.664   14.598   19.732
  15.201   14.960   20.620
  10.229   11.932   15.755
  11.158   10.424   16.077
  11.359   11.439   15.217
   6.222   31.851    2.085
   7.489   32.030    2.516
   8.108   33.302    2.516
   9.421   33.488    2.964
  10.162   32.409    3.427
   4.955   31.672    1.653
   4.336   30.399    1.654
  10.385   33.126    4.353
  10.995   32.828    2.686
  10.795   31.511    3.819
   3.503   29.980    2.396
   4.113   29.682    0.729
   3.738   30.808    1.362
  32.567   25.526    8.770
  32.679   26.846    9.030
  33.680   27.360    9.888
  33.796   28.729   10.157
  32.915   29.633    9.578
  32.456   24.206    8.510
  31.454   23.693    7.653
  33.911   30.219    9.288
  32.801   30.037   10.694
  32.181   30.403    9.099
  31.568   23.289    6.537
  30.458   23.106    7.943
  31.796   23.014    7.834
   6.562   27.045   44.222
   6.715   27.243   42.895
   7.990   27.250   42.280
   8.149   27.455   40.904
   7.039   27.661   40.094
   6.409   26.847   45.548
   5.135   26.840   46.163
   7.540   26.819   39.416
   7.665   28.593   39.695
   6.116   27.835   39.403
   4.508   25.908   46.562
   4.633   27.681   46.841
   5.562   26.709   46.804
  41.946   23.081    5.498
  41.559   24.364    5.333
  41.736   25.336    6.345
  41.335   26.667    6.174
  40.743   27.072    4.985
  42.333   21.798    5.663
  42.156   20.825    4.650
  41.545   27.952    5.037
  39.923   27.549    5.706
  40.245   27.425    3.991
  42.976   20.348    3.928
  41.354   19.945    4.598
  42.491   20.363    5.183
  15.586   47.775   32.086
  14.960   47.566   33.264
  15.429   46.621   34.206
  14.780   46.404   35.427
  13.638   47.126   35.750
  16.212   47.984   30.909
  15.742   48.929   29.967
  14.210   47.323   36.777
  13.190   46.053   36.010
  12.678   47.725   36.034
  16.190   50.003   29.707
  15.170   48.733   28.940
  16.361   48.676   29.563
  48.076   13.729   47.481
  48.051   14.998   47.941
  46.876   15.786   47.903
  46.849   17.101   48.381
  47.996   17.676   48.913
  48.102   12.460   47.020
  49.277   11.672   47.058
  47.273   17.974   49.812
  47.730   18.576   48.179
  48.952   18.171   49.363
  49.543   10.772   47.793
  50.000   11.375   46.159
  48.805   11.143   46.731
  41.101   28.538   31.814
  41.720   29.508   32.521
  42.144   30.718   31.922
  42.786   31.723   32.655
  43.025   31.556   34.013
  40.483   27.568   31.107
  40.058   26.359   31.706
  42.536   32.639   34.100
  44.131   31.894   33.727
  43.232   31.428   35.153
  38.952   26.020   31.992
  40.547   25.275   31.618
  39.817   26.207   30.979
  39.838   49.187   27.109
  40.198   49.142   28.409
  39.626   50.003   29.375
  39.999   49.957   30.724
  40.957   49.047   31.154
  39.479   49.232   25.808
  40.050   48.370   24.842
  40.149   48.790   31.992
  41.442   50.002   31.676
  41.759   48.288   31.529
  39.565   47.415   24.320
  40.858   48.627   24.004
  39.569   48.760   24.365
  33.297   11.062   18.841
  33.537   12.374   18.632
  34.830   12.932   18.775
  35.079   14.292   18.559
  34.044   15.144   18.192
  33.057    9.750   19.050
  31.764    9.192   18.907
  34.803   15.487   17.339
  34.465   15.825   19.075
  33.185   15.869   17.883
  31.343    8.511   18.024
  31.006    8.849   19.759
  32.140    8.538   19.108
  40.621   43.506   23.636
  40.248   43.145   24.882
  40.667   41.926   25.467
  40.281   41.552   26.759
  39.462   42.383   27.513
  40.994   43.867   22.389
  40.575   45.085   21.805
  40.283   42.209   28.358
  38.830   41.387   27.686
  38.774   43.071   28.157
  41.206   46.081   21.632
  39.753   45.259   20.959
  41.001   44.821   21.206
   1.381   31.143   44.084
   2.248   31.809   44.876
   2.118   33.195   45.133
   3.018   33.885   45.954
   4.080   33.214   46.548
   0.513   30.478   43.293
   0.643   29.092   43.036
   3.696   33.752   47.539
   4.725   34.113   46.108
   4.975   32.663   47.053
  -0.003   28.193   43.477
   1.027   28.554   42.045
   0.002   29.220   42.608
   7.467   12.432   12.392
   6.956   13.580   11.898
   7.696   14.786   11.884
   7.165   15.976   11.371
   5.876   16.002   10.854
   7.978   11.284   12.886
   7.238   10.078   12.900
   6.398   16.542    9.929
   5.753   16.956   11.558
   4.796   16.039   10.417
   7.361    9.124   12.196
   6.716    9.539   13.825
   7.892    9.805   13.228
   1.255   13.615   45.238
   1.226   13.849   43.909
   0.030   13.756   43.157
  -0.000   13.999   41.778
   1.164   14.343   41.102
   1.284   13.381   46.567
   2.479   13.474   47.319
   0.493   15.224   40.663
   0.826   13.483   40.349
   2.133   14.632   40.523
   2.817   14.333   48.072
   3.150   12.592   47.758
   2.001   13.277   47.904
  27.401   37.313    6.747
  26.492   37.637    7.691
  26.416   38.938    8.244
  25.473   39.274    9.222
  24.572   38.321    9.683
  28.311   36.990    5.803
  28.387   35.689    5.250
  23.765   39.172    9.471
  24.929   38.693   10.758
  23.811   37.532   10.078
  28.030   35.318    4.175
  29.194   34.839    5.462
  28.970   36.012    4.843
   5.886   46.528   16.778
   6.297   45.473   17.513
   5.470   44.347   17.737
   5.896   43.253   18.499
   7.165   43.245   19.065
   5.476   47.583   16.042
   6.303   48.709   15.818
   7.236   42.163   18.573
   6.578   42.941   20.057
   8.227   43.226   19.546
   6.889   49.013   14.827
   6.232   49.792   16.311
   5.681   48.953   15.415
  14.890   20.148   48.329
  14.274   18.948   48.345
  14.603   17.948   49.292
  13.963   16.703   49.309
  12.971   16.413   48.380
  15.507   21.349   48.312
  15.178   22.348   47.366
  12.355   16.068   49.340
  13.599   15.413   48.216
  12.137   16.156   47.607
  14.550   23.348   47.530
  15.794   22.693   46.406
  15.732   22.743   47.749
   5.931   34.504   34.410
   7.228   34.339   34.074
   8.213   35.303   34.394
   9.559   35.133   34.046
   9.966   33.992   33.365
   4.634   34.668   34.746
   3.648   33.704   34.426
  10.804   33.944   34.211
  10.502   34.773   32.642
  10.322   33.040   32.794
   3.112   32.923   35.149
   2.810   33.752   33.580
   3.182   34.217   34.787
  15.459   22.434   20.637
  14.307   21.841   20.259
  13.114   22.576   20.060
  11.919   21.960   19.668
  11.874   20.587   19.462
  16.611   23.028   21.015
  17.803   22.293   21.214
  11.352   20.890   18.434
  10.912   20.645   20.162
  11.823   19.436   19.285
  18.766   22.235   20.514
  18.325   21.990   22.242
  18.085   23.000   21.386
   3.271   10.221   26.277
   2.567   11.373   26.305
   1.309   11.467   26.944
   0.579   12.662   26.973
   1.082   13.804   26.364
   3.975    9.069   26.248
   5.234    8.975   25.609
   0.815   14.319   27.405
  -0.000   13.859   25.868
   1.493   14.771   25.857
   6.316    8.920   26.105
   5.500    8.460   24.568
   5.185    8.236   25.856
   9.055   22.800   24.548
  10.233   22.471   23.977
  10.729   21.146   23.990
  11.951   20.805   23.398
  12.721   21.778   22.773
   7.876   23.128   25.118
   7.380   24.453   25.105
  12.756   20.990   21.879
  13.601   21.321   23.434
  13.377   22.584   22.244
   6.500   24.910   24.444
   7.345   25.241   25.998
   6.790   24.123   25.496
  24.581   39.899   27.806
  24.060   40.364   26.650
  23.000   39.704   25.986
  22.460   40.186   24.788
  22.961   41.346   24.211
  25.102   39.434   28.961
  26.162   40.094   29.625
  21.812   41.659   24.154
  23.004   40.682   23.223
  23.372   42.319   23.717
  26.120   40.759   30.613
  27.311   39.782   29.683
  26.073   39.505   30.130
   3.364   30.623   47.314
   3.970   30.256   46.164
   5.004   31.027   45.582
   5.632   30.646   44.390
   5.249   29.481   43.738
   2.758   30.990   48.463
   1.724   30.219   49.045
   6.420   29.260   43.721
   5.198   30.188   42.780
   4.937   28.506   43.181
   1.775   29.512   50.003
   0.553   30.440   49.062
   1.746   30.789   49.579
  27.417   24.704   25.338
  28.290   23.918   24.674
  29.645   24.285   24.496
  30.550   23.469   23.806
  30.132   22.258   23.270
  26.544   25.491   26.003
  25.189   25.124   26.181
  31.096   21.829   23.824
  30.670   22.657   22.284
  29.795   21.238   22.815
  24.651   24.724   27.167
  24.225   25.553   25.627
  25.163   25.808   26.556
  13.835   31.702   37.496
  13.499   32.726   38.309
  14.407   33.266   39.250
  14.059   34.329   40.093
  12.790   34.890   40.023
  14.171   30.677   36.684
  13.263   30.138   35.743
  13.390   35.918   39.971
  12.804   34.747   41.206
  11.728   35.370   39.975
  13.249   30.280   34.560
  12.664   29.109   35.795
  13.869   29.670   35.586
  19.403    6.381   21.526
  20.655    6.346   22.030
  21.412    5.152   22.078
  22.710    5.116   22.601
  23.298    6.274   23.094
  18.151    6.415   21.022
  17.395    7.610   20.974
  24.213    5.947   22.405
  23.546    5.591   24.038
  23.803    7.239   23.512
  17.146    8.293   20.030
  16.479    7.936   21.663
  16.864    7.135   20.653
  42.874   20.331   22.255
  42.321   19.105   22.372
  40.919   18.916   22.426
  40.346   17.645   22.547
  41.153   16.517   22.620
  43.427   21.557   22.137
  44.828   21.746   22.084
  40.428   16.102   21.771
  40.476   16.252   23.564
  41.820   15.562   22.682
  45.506   22.010   21.140
  45.554   22.160   22.933
  44.618   22.496   22.027
  25.788   18.210   18.949
  25.160   17.508   19.915
  23.752   17.516   20.053
  23.100   16.788   21.056
  23.833   16.026   21.956
  26.417   18.913   17.982
  27.825   18.904   17.844
  23.055   15.172   21.667
  23.171   16.588   22.772
  24.437   15.382   22.719
  28.488   18.342   17.029
  28.604   19.759   18.133
  27.663   19.382   17.248
  15.682   30.287    2.013
  16.861   30.589    2.599
  18.095   30.129    2.082
  19.317   30.442    2.690
  19.348   31.226    3.836
  14.504   29.985    1.428
  13.270   30.446    1.944
  20.176   31.839    3.237
  20.050   30.359    4.253
  19.389   31.884    4.798
  12.568   31.313    1.527
  12.442   29.833    2.543
  12.988   30.050    1.333
  13.391    5.760   13.037
  13.091    4.450   13.172
  13.784    3.612   14.077
  13.473    2.254   14.217
  12.458    1.686   13.457
  13.692    7.069   12.902
  12.999    7.907   11.997
  12.087    1.261   14.506
  13.278    0.855   13.219
  11.609    1.197   12.825
  12.179    8.739   12.234
  13.371    8.333   10.947
  13.491    8.443   12.283
  33.763   48.433   14.506
  33.884   47.469   13.568
  33.227   47.553   12.318
  33.353   46.553   11.346
  34.140   45.435   11.589
  33.642   49.397   15.443
  34.298   49.314   16.694
  34.605   45.690   10.522
  33.179   44.838   11.215
  34.797   44.490   11.781
  35.259   49.911   17.068
  33.833   49.058   17.761
  33.943   50.000   16.806
  18.719   10.823   47.755
  19.519   11.657   47.056
  19.340   13.060   47.076
  20.169   13.924   46.351
  21.207   13.416   45.580
  17.920    9.990   48.454
  18.099    8.586   48.434
  21.857   14.239   46.146
  20.748   14.118   44.733
  22.081   13.003   44.929
  18.558    7.885   49.281
  17.449    7.763   47.868
  17.484    8.608   48.915
  38.264    6.418   23.672
  39.260    6.666   22.796
  40.619    6.683   23.190
  41.653    6.941   22.282
  41.364    7.190   20.946
  37.267    6.169   24.548
  35.909    6.153   24.153
  42.205    6.370   20.746
  42.080    8.130   21.102
  41.136    7.402   19.822
  35.193    5.213   23.997
  35.067    6.973   24.354
  35.801    5.992   24.910
  20.456   34.030   13.968
  21.660   34.461   13.536
  22.053   35.817   13.638
  23.301   36.264   13.190
  24.202   35.371   12.622
  19.252   33.599   14.401
  18.860   32.243   14.298
  24.973   35.864   13.386
  24.272   36.191   11.760
  24.967   34.632   12.144
  18.790   31.423   15.160
  18.089   31.750   13.534
  18.210   32.517   14.633
  12.653   37.307    5.955
  12.815   38.008    7.097
  11.871   38.971    7.527
  12.040   39.699    8.711
  13.158   39.489    9.508
  12.490   36.605    4.814
  13.434   35.642    4.384
  12.356   39.402   10.385
  13.243   40.677    9.475
  14.092   39.323   10.186
  13.349   34.454    4.417
  14.236   35.729    3.507
  12.931   35.569    3.791
  33.398   37.622   23.893
  33.555   37.461   22.562
  34.142   36.298   22.011
  34.304   36.131   20.630
  33.884   37.122   19.752
  33.242   37.782   25.225
  32.654   38.945   25.776
  33.351   36.216   19.190
  34.973   36.990   19.287
  33.536   37.945   19.003
  31.565   39.077   26.241
  33.187   39.851   26.337
  32.794   38.569   26.446
  46.469   28.511   18.148
  47.253   27.484   17.756
  48.489   27.693   17.099
  49.302   26.628   16.692
  48.907   25.317   16.927
  45.686   29.538   18.540
  44.449   29.330   19.197
  50.009   25.201   17.366
  49.169   25.169   15.774
  48.588   24.211   17.118
  44.187   29.478   20.350
  43.348   29.446   18.758
  44.435   30.111   19.189
   1.081   47.228   34.911
   1.119   45.892   34.721
  -0.001   45.170   34.246
   0.038   43.785   34.049
   1.199   43.072   34.320
   1.043   48.564   35.101
   2.163   49.286   35.577
   1.017   42.615   33.235
   0.464   42.358   34.928
   2.167   42.461   34.544
   2.898   50.000   34.968
   2.345   49.744   36.662
   1.670   49.889   35.507
  31.283   20.667    6.521
  30.064   20.113    6.343
  29.335   20.276    5.142
  28.071   19.701    4.958
  27.492   18.944    5.968
  32.501   21.220    6.698
  33.231   21.058    7.900
  27.314   18.153    5.096
  26.543   19.636    5.764
  26.995   18.307    6.809
  34.180   20.367    8.104
  33.409   21.850    8.772
  33.751   21.500    7.519
  42.724   28.161   37.442
  43.675   27.240   37.178
  43.560   26.330   36.101
  44.547   25.375   35.828
  45.684   25.297   36.622
  41.772   29.081   37.706
  41.888   29.992   38.783
  46.256   25.307   35.576
  45.421   24.135   36.657
  46.644   25.220   37.280
  42.151   31.154   38.748
  41.316   29.981   39.828
  41.196   30.235   38.512
   6.864   28.219   26.216
   7.167   27.534   25.093
   7.245   28.165   23.828
   7.559   27.455   22.663
   7.807   26.089   22.721
   6.561   28.903   27.340
   6.483   28.273   28.604
   8.778   26.371   22.091
   7.029   26.042   21.819
   8.017   24.943   22.755
   7.261   28.320   29.506
   5.512   27.992   29.235
   6.311   28.998   28.837
  48.215    3.624   25.268
  47.507    4.372   24.394
  47.908    4.532   23.047
  47.174    5.306   22.141
  46.012    5.949   22.550
  48.922    2.877   26.141
  48.521    2.717   27.489
  45.547    5.450   21.573
  46.510    6.900   22.032
  45.035    6.493   22.881
  48.023    1.766   28.007
  48.986    3.216   28.466
  49.167    2.279   27.518
  26.811   21.684   47.842
  25.507   21.422   47.607
  24.540   21.443   48.640
  23.189   21.172   48.397
  22.756   20.869   47.112
  28.114   21.946   48.076
  29.081   21.924   47.043
  21.928   21.696   47.336
  22.223   19.948   47.648
  22.379   20.614   46.038
  29.614   22.845   46.507
  29.909   21.097   46.819
  29.559   22.110   47.632
  20.890   33.941    9.354
  20.223   34.744   10.209
  20.382   34.643   11.612
  19.689   35.476   12.498
  18.813   36.439   12.015
  21.558   33.137    8.499
  21.399   33.238    7.096
  19.410   37.164   12.747
  18.063   35.972   12.815
  18.074   37.252   11.622
  22.149   33.705    6.296
  20.801   32.513    6.363
  21.917   32.653    7.102
  16.509   27.836    8.760
  15.250   28.320    8.704
  14.418   28.118    7.578
  13.112   28.619    7.520
  12.591   29.340    8.587
  17.768   27.353    8.815
  18.600   27.555    9.942
  11.668   28.596    8.471
  12.285   30.121    7.741
  12.142   29.947    9.476
  18.906   26.774   10.788
  19.524   28.299   10.059
  19.105   27.144    9.510
  31.270    7.174    4.381
  32.333    7.980    4.172
  33.620    7.465    3.888
  34.722    8.301    3.672
  34.577    9.681    3.733
  30.207    6.368    4.589
  28.920    6.883    4.873
  35.153    9.657    2.690
  35.526    9.620    4.450
  34.468   10.841    3.781
  27.970    6.945    4.155
  28.344    6.907    5.916
  28.738    6.124    4.895
   9.635   31.223   12.164
  10.277   32.181   12.866
   9.586   33.077   13.717
  10.252   34.071   14.445
  11.631   34.204   14.349
   8.994   30.265   11.462
   9.684   29.370   10.611
  11.584   34.209   15.539
  11.377   35.354   14.166
  12.789   34.327   14.277
   9.938   28.220   10.793
   9.731   29.365    9.420
   8.963   29.096   10.491
   9.041   43.316   12.548
   9.700   43.935   11.545
   9.503   45.305   11.252
  10.186   45.947   10.212
  11.090   45.242    9.428
   8.382   42.697   13.550
   8.579   41.327   13.844
  11.811   46.161    9.661
  10.486   45.727    8.523
  11.852   44.661    8.762
   9.184   40.841   14.749
   7.858   40.407   13.610
   8.052   41.479   14.399
   9.283    2.432   24.924
   8.085    2.829   24.443
   7.174    1.920   23.855
   5.932    2.332   23.356
   5.558    3.668   23.428
  10.480    2.035   25.404
  11.391    2.944   25.992
   4.550    3.226   23.886
   5.295    3.521   22.275
   5.230    4.786   23.481
  11.653    3.091   27.145
  12.398    3.386   25.534
  11.821    2.297   26.072
   5.590   13.774   34.474
   5.543   15.116   34.619
   6.227   15.783   35.662
   6.178   17.174   35.811
   5.442   17.948   34.923
   5.638   12.433   34.330
   4.953   11.766   33.287
   6.441   18.594   34.860
   4.993   18.429   35.916
   4.828   18.609   34.184
   5.402   11.285   32.294
   3.954   11.120   33.350
   5.271   11.137   33.624
  19.619    3.283    9.817
  20.098    4.536    9.662
  19.264    5.675    9.759
  19.760    6.974    9.599
  21.108    7.180    9.335
  19.140    2.030    9.972
  19.974    0.891    9.875
  21.028    7.968   10.226
  20.697    7.876    8.459
  22.238    7.368    9.113
  20.386    0.196   10.751
  20.054    0.104    8.984
  19.303    0.519   10.020
  25.919   31.100   26.365
  25.677   30.311   27.432
  26.319   29.061   27.602
  26.067   28.242   28.709
  25.165   28.643   29.686
  26.162   31.890   25.297
  25.520   33.140   25.127
  26.048   28.358   30.434
  24.714   27.551   29.534
  24.411   28.968   30.514
  25.971   34.232   25.279
  24.637   33.425   24.380
  25.951   33.153   24.476
  38.261   34.662   25.165
  37.568   35.746   25.573
  36.338   36.117   24.981
  35.619   37.242   25.405
  36.106   38.036   26.435
  38.954   33.578   24.757
  40.184   33.207   25.349
  35.005   37.914   26.875
  35.887   38.928   25.677
  36.503   38.711   27.299
  40.404   32.315   26.108
  41.285   33.329   24.910
  40.140   32.628   24.826
  17.554   22.067    3.073
  18.404   21.222    2.450
  18.126   19.840    2.321
  19.007   18.964    1.675
  20.197   19.438    1.137
  16.705   22.912    3.695
  16.983   24.293    3.824
  19.846   18.839    0.168
  20.679   18.525    1.733
  21.199   19.822    0.681
  16.501   25.206    3.229
  17.334   24.892    4.793
  16.293   24.289    4.191
  33.392   47.967   31.098
  34.135   47.911   32.223
  34.096   46.795   33.092
  34.867   46.736   34.259
  35.704   47.791   34.599
  32.648   48.024   29.972
  32.687   49.140   29.103
  36.517   46.931   34.739
  35.176   47.697   35.663
  36.411   48.670   34.896
  33.216   49.234   28.039
  31.875   50.000   28.963
  32.169   48.713   28.704
  22.462   21.456   13.254
  22.181   20.135   13.259
  22.559   19.293   14.332
  22.269   17.923   14.337
  21.590   17.347   13.271
  22.742   22.776   13.248
  22.364   23.619   12.176
  20.903   16.883   14.127
  22.472   16.547   13.310
  21.021   16.851   12.382
  21.482   24.419   12.136
  23.051   24.083   11.320
  22.711   24.160   12.619
  24.553   19.120   49.713
  23.231   19.258   49.481
  22.279   18.348   50.000
  20.907   18.491   49.760
  20.438   19.549   48.991
  25.876   18.982   49.945
  26.827   19.892   49.426
  19.683   19.704   49.900
  19.837   18.695   48.417
  20.031   20.433   48.348
  27.428   20.746   50.000
  27.583   19.738   48.517
  27.325   19.420   49.799
  25.440    5.680   47.061
  26.766    5.425   47.072
  27.276    4.105   47.093
  28.651    3.841   47.104
  29.565    4.888   47.095
  24.115    5.935   47.050
  23.605    7.255   47.029
  30.065    4.271   46.206
  30.055    4.296   48.006
  30.343    5.756   47.087
  23.115    7.846   46.118
  23.105    7.871   47.918
  22.921    6.877   47.031
  34.192   29.900   24.398
  32.858   29.994   24.577
  32.046   28.853   24.781
  30.662   28.951   24.967
  30.040   30.193   24.955
  35.527   29.805   24.219
  36.339   30.946   24.014
  29.542   29.809   25.967
  29.293   29.667   24.189
  29.505   31.230   24.946
  37.086   31.473   24.779
  36.837   31.330   23.002
  36.903   30.407   23.978
  40.741   12.784   10.610
  39.635   13.552   10.508
  39.701   14.914   10.130
  38.554   15.710   10.024
  37.302   15.173   10.294
  41.847   12.016   10.712
  41.781   10.654   11.090
  37.009   15.668    9.250
  37.178   16.141   10.979
  36.244   14.735   10.517
  41.905    9.687   10.405
  42.074   10.159   12.134
  42.556   10.702   11.001
  22.880   40.966   39.883
  22.309   42.147   39.563
  23.074   43.257   39.133
  22.483   44.482   38.801
  21.105   44.640   38.888
  23.450   39.785   40.204
  22.685   38.675   40.634
  21.217   45.082   37.787
  21.387   45.627   39.494
  19.950   44.787   38.956
  22.403   37.689   40.028
  22.573   38.234   41.735
  23.390   38.340   40.671
  29.831   32.014   19.546
  28.531   31.693   19.380
  28.110   30.362   19.151
  26.761   30.029   18.979
  25.784   31.016   19.028
  31.132   32.334   19.713
  31.553   33.666   19.942
  25.250   30.267   19.785
  25.415   30.520   18.010
  24.955   31.835   19.068
  31.923   34.162   20.960
  32.088   34.415   19.185
  32.257   33.328   19.959
  42.567   38.562   49.101
  41.748   39.635   49.102
  40.339   39.503   49.102
  39.490   40.616   49.102
  40.019   41.901   49.102
  43.386   37.489   49.101
  44.795   37.621   49.101
  39.257   42.074   50.002
  39.257   42.074   48.202
  40.449   42.984   49.102
  45.557   37.448   50.001
  45.557   37.448   48.201
  44.762   36.841   49.101
  24.015   33.913   43.547
  25.164   33.877   42.839
  26.397   34.302   43.388
  27.589   34.266   42.654
  27.590   33.802   41.344
  22.866   33.948   44.255
  21.634   33.523   43.706
  28.505   33.136   41.718
  28.192   34.807   41.127
  27.605   33.415   40.244
  21.032   32.517   43.923
  20.719   34.188   43.332
  21.371   33.724   44.413
  17.215   19.884    7.232
  17.740   19.049    8.154
  17.547   17.648    8.093
  18.092   16.782    9.048
  18.849   17.285   10.099
  16.690   20.719    6.311
  16.883   22.120    6.372
  19.625   16.442    9.772
  18.135   16.605   10.768
  19.486   17.694   10.986
  17.597   22.800    5.703
  16.107   22.962    6.699
  16.448   22.101    5.723
  42.958   36.111   26.592
  43.465   36.941   25.656
  44.859   37.085   25.457
  45.384   37.946   24.486
  44.535   38.693   23.679
  42.452   35.281   27.528
  41.058   35.136   27.728
  45.207   38.261   22.795
  45.240   39.599   23.999
  43.833   39.326   22.995
  40.353   34.230   27.408
  40.386   35.568   28.612
  41.296   34.635   28.277
  12.410   31.262   32.341
  11.114   31.156   31.979
  10.625   30.041   31.256
   9.281   29.932   30.881
   8.377   30.933   31.215
  13.706   31.368   32.703
  14.195   32.482   33.425
   7.716   30.024   31.610
   8.079   30.868   30.063
   7.608   31.765   31.488
  14.493   32.547   34.577
  14.856   33.391   33.029
  14.867   32.089   33.369
   8.656    3.722   31.325
   7.618    2.876   31.154
   6.657    3.065   30.133
   5.580    2.188   29.957
   5.425    1.091   30.795
   9.695    4.567   31.495
  10.656    4.379   32.516
   5.301    0.491   29.773
   4.306    1.488   30.894
   5.284    0.167   31.492
  11.775    3.982   32.418
  10.780    4.979   33.538
  10.957    5.029   32.206
  32.524    9.016    0.934
  33.759    9.559    0.992
  34.256   10.401   -0.031
  35.537   10.963    0.028
  36.366   10.704    1.113
  31.289    8.474    0.877
  30.791    7.632    1.899
  36.501   11.888    1.127
  37.171   10.453    0.271
  37.072   10.494    2.017
  29.986    7.883    2.741
  30.656    6.448    1.885
  30.164    7.616    1.434
  44.619   20.163   29.561
  45.830   20.480   29.056
  46.101   20.425   27.668
  47.357   20.755   27.144
  48.386   21.151   27.989
  43.408   19.845   30.067
  43.137   19.900   31.455
  48.497   22.053   27.218
  49.018   20.338   27.388
  49.259   21.485   28.686
  42.506   20.713   32.056
  43.027   18.998   32.226
  42.432   19.663   31.218
  29.365    5.964   31.308
  29.995    7.129   31.571
  31.355    7.175   31.962
  32.008    8.382   32.235
  31.326    9.588   32.126
  28.735    4.800   31.045
  27.376    4.754   30.654
  32.273    9.916   31.482
  31.780    9.793   33.208
  30.765   10.606   32.038
  26.922    4.549   29.571
  26.429    4.426   31.298
  27.516    3.986   30.639
  23.117   27.184   37.603
  22.477   26.027   37.329
  23.143   24.921   36.749
  22.479   23.721   36.465
  21.126   23.586   36.750
  23.757   28.340   37.877
  23.092   29.446   38.457
  21.471   22.571   37.271
  21.063   23.186   35.629
  19.991   23.458   36.984
  23.155   29.846   39.577
  22.747   30.461   37.936
  23.802   29.767   38.401
  10.686   11.405   38.381
  11.622   10.447   38.207
  12.970   10.761   37.911
  13.940    9.768   37.731
  13.597    8.426   37.840
   9.750   12.362   38.554
   8.402   12.049   38.850
  14.545    8.376   38.560
  14.170    8.329   36.800
  13.323    7.296   37.929
   7.829   12.146   39.890
   7.454   12.099   38.130
   8.332   12.827   38.844
  32.009   14.445    2.654
  32.535   15.602    3.108
  31.947   16.857    2.821
  32.492   18.057    3.293
  33.645   18.045    4.068
  31.483   13.288    2.199
  32.071   12.033    2.486
  33.011   18.750    4.790
  34.014   18.879    3.301
  34.612   18.050    4.720
  31.703   11.199    3.254
  32.706   11.328    1.765
  31.471   11.773    2.059
  34.866   20.010   39.497
  36.153   19.634   39.344
  37.211   20.574   39.314
  38.546   20.183   39.155
  38.871   18.839   39.021
  33.579   20.386   39.650
  32.521   19.447   39.680
  39.672   19.083   39.869
  39.500   19.219   38.083
  39.158   17.715   38.908
  31.892   19.067   40.619
  31.720   19.203   38.832
  32.091   20.093   39.771
  47.119   19.652   38.072
  47.683   18.454   37.812
  46.943   17.378   37.266
  47.529   16.136   36.997
  48.876   15.924   37.265
  46.554   20.851   38.331
  47.294   21.926   38.877
  48.896   15.499   36.152
  48.479   14.943   37.812
  50.005   15.733   37.484
  47.691   22.908   38.330
  47.273   22.352   39.990
  46.604   22.288   38.825
  29.778   41.104    5.098
  28.876   41.802    4.377
  27.615   42.170    4.905
  26.680   42.895    4.156
  26.972   43.278    2.853
  30.679   40.405    5.820
  31.940   40.037    5.292
  26.607   44.350    3.225
  25.903   42.810    2.614
  27.204   43.606    1.758
  33.010   40.505    5.531
  32.305   38.965    4.921
  32.024   39.718    6.000
  32.892   22.498   19.130
  33.098   21.164   19.127
  34.399   20.607   19.124
  34.613   19.223   19.121
  33.534   18.348   19.123
  32.685   23.832   19.132
  31.384   24.390   19.135
  34.122   17.830   20.021
  34.118   17.833   18.221
  32.638   17.602   19.124
  30.800   24.905   20.037
  30.797   24.908   18.237
  31.787   25.059   19.135
  47.091   39.125   36.352
  47.775   39.997   37.122
  47.585   40.071   38.522
  48.296   40.975   39.321
  49.221   41.838   38.748
  46.406   38.254   35.581
  46.596   38.180   34.181
  49.935   41.440   39.616
  48.641   42.668   39.376
  50.001   42.568   38.280
  47.176   37.350   33.553
  45.882   38.578   33.314
  46.054   37.621   34.244
  32.536   44.163   35.423
  31.373   44.004   34.756
  31.022   44.823   33.656
  29.816   44.658   32.964
  28.919   43.669   33.347
  33.698   44.322   36.091
  34.050   43.503   37.190
  28.925   43.396   32.187
  28.124   44.556   33.306
  28.156   42.842   33.657
  34.844   42.616   37.231
  34.043   43.776   38.350
  34.689   43.952   37.183
   9.767    3.406   18.348
   9.881    2.725   19.509
  10.995    2.887   20.367
  11.113    2.181   21.570
  10.122    1.289   21.958
   9.654    4.086   17.188
   8.540    3.925   16.330
  10.181    1.875   22.994
  11.038    0.548   22.132
   9.297    0.537   22.296
   7.623    4.666   16.156
   8.480    3.338   15.294
   8.927    4.452   15.903
  45.696   26.921    8.190
  46.727   26.067    8.019
  47.717   26.274    7.029
  48.786   25.388    6.852
  48.903   24.262    7.657
  44.665   27.776    8.361
  43.675   27.569    9.350
  50.025   24.640    7.798
  49.046   23.694    6.620
  49.014   23.314    8.327
  43.533   28.137   10.388
  42.554   27.191    9.210
  43.391   28.233    9.054
   9.152   35.859   30.069
   9.346   35.294   28.859
   8.370   34.469   28.250
   8.572   33.883   26.995
   9.757   34.101   26.303
   8.957   36.424   31.280
   9.933   37.249   31.888
   9.028   34.358   25.396
   9.756   32.914   26.188
  10.747   34.275   25.712
   9.934   38.435   32.003
  10.661   36.991   32.795
   9.395   37.287   32.453
  19.012   39.498   30.826
  19.462   40.669   30.328
  18.651   41.503   29.522
  19.119   42.718   29.006
  20.413   43.142   29.278
  18.561   38.327   31.323
  19.372   37.493   32.130
  19.877   44.165   29.572
  20.466   43.313   28.100
  21.497   43.510   29.498
  19.319   37.322   33.308
  19.908   36.470   31.835
  18.730   37.049   32.130
  25.268    5.860   18.300
  24.549    6.803   18.946
  23.584    7.596   18.280
  22.839    8.574   18.949
  23.031    8.793   20.308
  25.988    4.917   17.655
  26.952    4.124   18.321
  21.843    8.713   20.356
  23.108    9.936   19.979
  23.182    8.988   21.447
  26.875    2.981   18.649
  28.140    4.204   18.272
  27.037    3.817   17.607
  37.449   42.365   22.230
  38.420   41.433   22.333
  39.772   41.782   22.565
  40.780   40.815   22.671
  40.471   39.466   22.550
  36.478   43.297   22.127
  35.126   42.949   21.895
  41.101   39.365   23.556
  41.381   39.461   21.781
  40.226   38.330   22.450
  34.216   42.954   22.664
  34.496   43.050   20.889
  35.032   43.724   21.922
  18.823   43.332   23.200
  19.579   43.937   22.259
  19.257   43.871   20.882
  20.041   44.499   19.907
  21.174   45.215   20.273
  18.068   42.726   24.140
  18.389   42.792   25.517
  20.703   46.063   19.579
  21.698   44.571   19.418
  22.127   45.819   20.566
  17.865   43.436   26.371
  18.859   41.944   26.210
  17.744   42.355   25.579
  34.099   12.828   29.199
  35.084   12.165   28.557
  36.026   12.832   27.738
  37.047   12.145   27.071
  37.163   10.766   27.200
  33.114   13.491   29.842
  32.172   12.825   30.661
  38.305   11.014   27.434
  37.226   10.791   26.010
  37.272    9.609   27.299
  32.109   12.800   31.851
  31.030   12.576   30.427
  31.898   13.550   30.754
  42.118   41.401   34.757
  40.822   41.755   34.890
  40.294   42.913   34.272
  38.950   43.280   34.409
  38.086   42.502   35.170
  43.413   41.047   34.625
  43.941   39.888   35.243
  37.383   42.577   34.210
  37.796   43.544   35.671
  37.350   41.858   35.805
  44.231   38.846   34.742
  44.644   39.814   36.202
  44.597   40.132   34.896
  41.868   46.181   40.336
  42.139   46.028   41.650
  41.770   44.862   42.361
  42.050   44.703   43.723
  42.710   45.705   44.423
  41.598   46.334   39.022
  41.967   47.501   38.312
  43.405   44.810   44.793
  41.823   45.563   45.206
  43.263   46.539   45.023
  42.854   47.643   37.529
  41.272   48.396   37.942
  41.630   47.118   37.720
  25.769   26.787   41.560
  24.505   27.262   41.604
  24.226   28.648   41.643
  22.916   29.140   41.689
  21.839   28.262   41.698
  27.032   26.313   41.516
  27.312   24.927   41.477
  21.429   28.962   40.824
  21.477   28.921   42.623
  20.925   27.537   41.706
  27.673   24.269   40.551
  27.721   24.228   42.350
  28.049   25.184   41.463
  31.155   29.865   33.036
  31.531   28.573   33.146
  31.534   27.696   32.036
  31.923   26.356   32.149
  32.324   25.846   33.378
  30.779   31.157   32.927
  30.776   32.034   34.037
  33.256   25.437   32.757
  31.555   24.973   33.119
  32.662   25.404   34.403
  31.546   32.907   34.296
  29.845   32.443   34.658
  30.524   32.542   33.500
  48.673   36.929   11.644
  48.493   36.450   10.395
  48.723   35.091   10.072
  48.537   34.594    8.777
  48.114   35.439    7.757
  48.852   37.407   12.894
  48.622   38.766   13.216
  47.315   34.579    7.553
  49.029   34.962    7.160
  47.760   36.136    6.892
  47.708   39.243   13.813
  49.422   39.626   13.420
  48.839   38.524   13.926
  36.788   10.850   32.674
  38.110   10.611   32.542
  38.857    9.956   33.549
  40.228    9.707   33.412
  40.901   10.105   32.263
  35.466   11.090   32.805
  34.718   11.745   31.798
  41.311    8.986   32.273
  41.676   10.575   33.036
  41.477   10.433   31.304
  33.943   11.274   31.025
  34.307   12.863   31.788
  34.136   11.634   32.307
  11.962   25.642    4.897
  12.324   25.654    3.596
  13.489   24.997    3.136
  13.864   25.009    1.787
  13.086   25.679    0.850
  11.601   25.630    6.198
  10.436   26.287    6.659
  13.171   24.658    0.242
  14.127   26.157    0.521
  12.443   26.238    0.054
   9.395   25.809    6.988
  10.351   27.308    7.267
  10.677   26.005    7.346
  18.978   12.876   27.599
  17.847   12.861   28.336
  17.365   11.679   28.947
  16.192   11.664   29.711
  15.460   12.830   29.893
  20.109   12.891   26.862
  20.591   14.073   26.252
  15.497   12.520   31.043
  14.539   12.148   29.565
  14.835   13.802   30.053
  21.512   14.755   26.579
  20.553   14.383   25.102
  21.154   13.591   26.008
  10.758   25.098    1.680
  10.826   23.752    1.610
   9.723   22.965    1.201
   9.794   21.569    1.130
  10.970   20.909    1.464
  10.690   26.445    1.749
  11.793   27.232    2.158
  10.801   20.353    0.424
  10.249   20.237    2.134
  11.951   20.343    1.742
  12.513   27.904    1.488
  11.962   27.788    3.198
  11.287   27.814    2.034
  12.342   39.160   41.448
  12.377   39.367   42.781
  13.434   38.884   43.588
  13.470   39.099   44.971
  12.450   39.806   45.596
  12.307   38.952   40.114
  11.250   39.436   39.307
  13.350   40.416   46.085
  12.447   38.881   46.348
  11.601   40.398   46.134
  11.253   40.360   38.556
  10.351   38.825   38.818
  11.667   39.094   38.742
  37.450   14.604   31.402
  36.592   14.572   32.444
  36.773   15.382   33.590
  35.883   15.349   34.670
  34.781   14.505   34.643
  38.308   14.636   30.361
  38.127   13.826   29.215
  34.184   15.487   34.960
  35.162   14.184   35.726
  33.851   13.801   34.633
  37.745   14.146   28.132
  38.724   12.844   28.898
  38.783   14.185   28.988
  12.986   18.899   39.397
  11.826   19.576   39.262
  11.792   20.932   38.858
  10.589   21.635   38.718
   9.378   21.007   38.978
  14.145   18.221   39.532
  14.179   16.865   39.937
   9.066   21.458   37.919
   9.167   21.975   39.641
   8.353   20.493   39.192
  14.389   15.898   39.274
  14.491   16.414   40.995
  14.949   16.972   39.860
  14.617   24.425   30.756
  14.978   23.124   30.765
  16.335   22.723   30.779
  16.710   21.374   30.788
  15.742   20.378   30.783
  14.255   25.725   30.747
  12.898   26.126   30.733
  16.376   19.938   31.691
  16.392   19.930   29.891
  14.939   19.532   30.780
  12.247   26.574   31.625
  12.264   26.567   29.826
  13.219   26.838   30.733
  36.059   22.708   44.697
  35.530   21.667   44.021
  34.482   20.880   44.556
  33.933   19.800   43.854
  34.411   19.469   42.593
  36.589   23.749   45.374
  37.637   24.536   44.839
  33.257   19.470   42.297
  34.467   18.368   43.046
  34.803   19.180   41.533
  37.581   25.637   44.386
  38.791   24.535   45.135
  37.558   24.912   45.519
   9.718   14.447   13.402
   9.881   14.862   12.127
  11.142   15.258   11.623
  11.311   15.688   10.301
  10.224   15.736    9.437
   9.556   14.033   14.676
   8.294   13.636   15.181
  10.949   15.143    8.701
  10.619   16.837    9.210
   9.321   15.782    8.701
   7.899   12.535   15.408
   7.569   14.230   15.917
   8.710   13.522   15.832
  26.421    3.583   36.708
  27.020    3.532   37.917
  26.697    2.541   38.873
  27.318    2.489   40.127
  28.284    3.426   40.469
  25.822    3.633   35.499
  26.146    4.625   34.543
  28.917    2.467   40.786
  27.638    3.537   41.464
  29.097    4.207   40.769
  26.792    4.513   33.548
  25.513    5.584   34.226
  25.606    4.246   34.124
   5.201   30.441   19.422
   4.943   29.948   18.192
   4.862   30.782   17.051
   4.594   30.271   15.776
   4.398   28.908   15.595
   5.459   30.934   20.652
   5.539   30.099   21.792
   5.191   29.042   14.716
   3.427   29.259   14.999
   4.230   27.766   15.429
   6.510   29.748   22.388
   4.746   29.965   22.671
   5.680   30.780   22.148
  34.274    8.202   41.902
  34.765    9.273   42.562
  35.394   10.346   41.888
  35.903   11.456   42.572
  35.801   11.532   43.956
  33.783    7.132   41.242
  33.154    6.058   41.916
  35.373   12.622   43.734
  36.963   11.793   43.896
  35.723   11.609   45.117
  31.993    5.798   41.976
  33.583    4.969   42.138
  33.084    5.782   41.189
   3.526    5.647    3.804
   4.867    5.673    3.653
   5.647    6.779    4.067
   7.038    6.807    3.910
   7.699    5.729    3.335
   2.185    5.620    3.955
   1.405    4.514    3.542
   8.408    5.822    4.288
   8.211    6.568    2.662
   8.266    4.831    2.853
   0.893    3.674    4.214
   0.696    4.421    2.588
   0.823    4.957    3.816
  13.586   16.231   21.406
  14.339   17.316   21.688
  15.592   17.540   21.072
  16.373   18.665   21.365
  15.927   19.606   22.284
  12.834   15.146   21.124
  11.580   14.922   21.740
  16.203   20.385   21.426
  17.016   19.476   22.750
  15.564   20.404   23.054
  10.491   15.052   21.275
  11.304   14.143   22.599
  11.594   14.282   21.292
   8.933   18.409   38.788
   9.829   18.250   39.786
   9.933   17.041   40.513
  10.862   16.876   41.548
  11.718   17.914   41.892
   8.038   18.569   37.790
   7.934   19.778   37.062
  12.559   17.072   41.816
  11.347   17.680   43.000
  12.443   18.777   42.191
   8.305   20.012   35.954
   7.094   20.620   37.138
   7.372   19.382   36.691
   2.869   37.646    6.685
   2.659   37.275    5.405
   3.214   36.090    4.866
   2.996   35.706    3.538
   2.215   36.492    2.700
   3.079   38.017    7.966
   2.524   39.202    8.505
   1.669   35.462    2.456
   3.134   36.378    1.950
   1.561   37.143    1.987
   1.605   39.316    9.255
   3.070   40.232    8.749
   2.897   38.959    9.146
  12.579   19.989    6.793
  12.116   19.573    7.991
  11.086   20.259    8.677
  10.605   19.828    9.919
  11.138   18.694   10.520
  13.043   20.405    5.596
  14.073   19.719    4.910
   9.995   18.382   10.646
  11.226   19.401   11.475
  11.576   17.745   11.036
  13.986   19.012    3.955
  15.216   20.031    4.785
  13.957   20.286    4.386
  42.946   22.428   44.122
  42.151   21.902   45.079
  41.689   22.668   46.175
  40.865   22.123   47.167
  40.473   20.792   47.098
  43.741   22.953   43.166
  44.202   22.187   42.070
  39.384   21.238   47.285
  40.839   20.761   48.231
  40.137   19.676   47.052
  43.837   22.218   40.936
  45.291   21.741   41.883
  44.547   22.862   41.880
  22.415   37.825   14.461
  22.215   38.606   13.378
  20.941   38.744   12.778
  20.734   39.554   11.655
  21.794   40.254   11.092
  22.614   37.044   15.544
  23.888   36.905   16.145
  21.043   41.178   11.149
  21.398   39.778   10.074
  22.674   40.847   10.610
  24.284   37.381   17.163
  24.639   35.981   16.088
  23.492   36.435   16.627
  34.811   23.618    0.552
  33.939   24.469    1.133
  33.252   25.460    0.392
  32.347   26.343    0.994
  32.097   26.265    2.359
  35.683   22.767   -0.029
  36.370   21.775    0.712
  30.955   26.279    2.018
  32.295   27.440    2.329
  31.877   26.212    3.503
  36.172   20.601    0.741
  37.512   21.762    1.053
  36.674   21.613    0.011
  28.520   10.168   14.761
  29.774    9.812   15.110
  30.827   10.753   15.187
  32.128   10.384   15.550
  32.422    9.059   15.849
  27.265   10.525   14.411
  26.212    9.583   14.334
  32.929    9.527   16.820
  33.326    9.225   15.091
  32.682    7.951   16.102
  25.308    9.417   15.092
  25.704    9.115   13.363
  25.803   10.216   14.130
  42.697   37.664   30.032
  42.590   38.969   30.361
  42.980   40.001   29.474
  42.870   41.354   29.816
  42.366   41.724   31.056
  42.803   36.360   29.702
  42.413   35.328   30.589
  41.674   42.451   30.413
  43.338   42.413   31.100
  41.945   42.049   32.094
  41.441   34.639   30.545
  43.105   34.601   31.232
  42.647   34.876   29.997
  45.692   41.867   26.711
  46.557   40.849   26.517
  46.141   39.598   26.005
  47.039   38.542   25.804
  48.385   38.701   26.109
  44.826   42.885   26.904
  45.242   44.136   27.417
  48.551   38.254   25.017
  48.241   37.671   26.691
  49.517   38.820   26.360
  45.387   45.166   26.834
  45.076   44.583   28.509
  44.484   44.303   27.334
  27.713   24.221   30.971
  26.466   23.718   30.859
  26.232   22.355   30.559
  24.938   21.832   30.443
  23.832   22.654   30.621
  28.961   24.725   31.084
  29.195   26.088   31.383
  23.468   21.786   31.352
  23.471   22.172   29.593
  22.896   23.333   30.769
  29.557   26.570   32.411
  29.560   26.956   30.653
  29.941   25.861   31.334
  31.687    1.594    8.922
  32.753    2.199    9.489
  33.180    1.889   10.802
  34.285    2.516   11.390
  35.002    3.476   10.686
  30.622    0.989    8.355
  30.194    1.299    7.042
  35.946    2.834   11.027
  34.868    4.118   11.681
  35.612    4.284   10.107
  30.328    0.657    6.047
  29.250    1.942    6.702
  29.653    0.761    7.206
  38.406   12.507   46.548
  37.205   11.996   46.892
  36.092   12.821   47.178
  34.847   12.291   47.535
  34.670   10.915   47.618
  39.607   13.019   46.204
  40.720   12.193   45.918
  33.711   11.129   46.943
  34.189   11.172   48.678
  34.507    9.763   47.691
  41.200   11.936   44.858
  41.679   11.979   46.593
  41.068   12.883   45.805
  12.540   35.940   25.801
  11.673   36.532   26.651
  10.479   37.143   26.201
   9.581   37.756   27.082
   9.845   37.780   28.446
  13.406   35.349   24.951
  14.600   34.738   25.402
   8.726   37.380   28.538
   9.600   38.942   28.341
  10.054   37.808   29.593
  14.845   33.576   25.507
  15.718   35.138   25.310
  14.688   34.593   24.639
  43.141   30.798   26.025
  44.052   31.793   25.981
  45.444   31.538   26.025
  46.389   32.570   25.980
  45.976   33.894   25.890
  42.230   29.802   26.068
  40.839   30.057   26.025
  46.768   33.944   25.001
  46.732   34.055   26.797
  45.643   35.009   25.814
  40.083   29.895   25.118
  40.047   30.007   26.914
  40.803   29.278   26.072
  41.631   39.793   41.541
  41.716   40.224   40.265
  42.168   39.386   39.219
  42.256   39.833   37.895
  41.894   41.135   37.570
  41.547   39.362   42.818
  41.095   40.200   43.864
  41.255   40.605   36.715
  42.945   41.149   37.010
  41.593   42.224   37.284
  40.043   40.186   44.425
  41.733   40.730   44.720
  41.226   39.560   44.291
  24.868    4.904   49.100
  24.889    3.554   49.100
  23.701    2.785   49.100
  23.723    1.385   49.100
  24.934    0.704   49.100
  24.846    6.253   49.100
  26.034    7.022   49.100
  24.444    0.096   48.200
  24.444    0.096   50.000
  25.944    0.120   49.100
  26.525    7.630   48.200
  26.525    7.630   50.000
  25.525    7.614   49.100
  45.039   46.010   46.208
  45.467   45.544   45.016
  45.035   46.109   43.792
  45.478   45.626   42.555
  46.369   44.562   42.497
  44.612   46.475   47.401
  45.044   45.911   48.625
  46.971   45.274   41.755
  45.590   44.121   41.711
  47.117   43.669   42.434
  45.823   46.351   49.411
  44.442   45.198   49.367
  44.575   46.461   48.922
   7.052   13.620    2.792
   7.024   14.911    3.188
   5.884   15.728    3.000
   5.855   17.066    3.411
   6.965   17.635    4.023
   7.080   12.330    2.397
   8.220   11.512    2.584
   6.170   17.997    4.833
   6.798   18.504    3.224
   7.890   18.125    4.538
   8.387   10.644    3.382
   9.014   11.150    1.773
   7.763   10.981    2.238
  20.416   42.069   21.380
  21.589   42.736   21.438
  22.834   42.065   21.451
  24.050   42.756   21.510
  24.063   44.145   21.560
  19.244   41.402   21.323
  17.999   42.074   21.310
  24.858   44.039   20.679
  24.806   43.975   22.477
  24.089   45.310   21.602
  17.256   42.244   20.394
  17.204   42.180   22.192
  17.725   41.343   21.276
  46.165   31.559    9.310
  46.263   30.567   10.220
  46.763   30.792   11.525
  46.864   29.764   12.469
  46.468   28.472   12.143
  46.068   32.550    8.399
  45.568   32.325    7.095
  45.864   28.538   13.168
  47.530   28.173   12.592
  46.139   27.384   11.882
  44.506   32.625    6.646
  46.171   32.259    6.070
  45.710   33.089    7.023
  47.031   27.353   35.314
  47.605   26.717   34.270
  48.467   25.609   34.448
  49.062   24.950   33.366
  48.815   25.374   32.066
  46.458   27.988   36.357
  45.596   29.096   36.179
  48.591   24.221   31.870
  50.002   25.334   31.967
  48.617   25.721   30.971
  44.409   29.136   36.278
  45.820   30.250   36.375
  45.567   29.064   36.959
  41.185    2.418    7.386
  42.115    2.006    8.273
  41.842    1.004    9.235
  42.807    0.577   10.155
  44.079    1.136   10.147
  40.255    2.830    6.499
  40.527    3.832    5.537
  44.437   -0.001   10.157
  43.890    1.262   11.316
  45.150    1.597   10.150
  40.717    3.705    4.367
  40.169    4.968    5.527
  39.785    3.693    5.338
  28.239   43.655    7.948
  28.572   42.706    8.848
  28.190   41.353    8.688
  28.535   40.368    9.622
  29.275   40.702   10.749
  27.905   44.604    7.048
  28.287   45.957    7.208
  29.948   39.775   10.423
  28.425   40.097   11.326
  29.895   40.968   11.700
  29.137   46.562    6.631
  27.614   46.884    7.535
  27.903   46.035    6.533
  44.885    3.957   43.727
  45.197    4.575   44.886
  45.926    3.926   45.910
  46.250    4.567   47.111
  45.856    5.881   47.332
  44.572    3.338   42.568
  43.843    3.988   41.544
  46.996    6.034   47.642
  45.456    5.450   48.368
  45.531    6.983   47.530
  44.243    4.419   40.507
  42.703    3.835   41.234
  43.936    3.299   41.188
  36.132   36.062   10.651
  35.062   36.004    9.829
  33.886   36.751   10.075
  32.777   36.691    9.223
  32.805   35.882    8.093
  37.201   36.120   11.473
  38.378   35.373   11.227
  32.420   36.865    7.540
  31.754   35.498    8.502
  32.815   35.208    7.142
  39.429   35.758   10.818
  38.762   34.391   11.781
  38.610   35.723   11.885
  17.644   45.745   35.126
  16.660   44.889   34.778
  16.850   43.487   34.780
  15.830   42.599   34.419
  14.583   43.082   34.043
  18.628   46.602   35.475
  18.437   48.004   35.473
  14.180   42.279   34.827
  14.724   42.351   33.112
  13.531   43.473   33.726
  18.295   48.734   36.404
  18.839   48.806   34.689
  19.182   47.998   35.709
  21.227   12.749   19.600
  20.759   11.733   20.356
  20.215   10.559   19.782
  19.730    9.506   20.566
  19.771    9.588   21.952
  21.695   13.764   18.844
  22.240   14.938   19.418
  20.262    8.505   21.871
  18.628    9.261   21.876
  19.800    9.644   23.116
  23.383   15.265   19.494
  21.749   16.021   19.498
  22.329   15.135   18.668
  37.793   15.811   26.696
  37.709   16.337   27.937
  38.003   17.696   28.197
  37.915   18.241   29.483
  37.532   17.446   30.556
  37.877   15.286   25.455
  37.584   13.926   25.195
  36.775   18.339   30.779
  38.497   17.910   31.078
  37.211   16.790   31.465
  36.618   13.462   24.673
  38.341   13.033   24.972
  37.763   14.138   24.465
  13.239    5.633   20.574
  12.217    6.515   20.601
  10.865    6.096   20.599
   9.805    7.011   20.627
  10.059    8.376   20.658
  14.261    4.752   20.547
  15.612    5.170   20.549
   9.284    8.368   21.563
   9.273    8.411   19.764
  10.258    9.525   20.684
  16.399    5.135   21.444
  16.388    5.178   19.644
  15.740    4.400   20.530
  34.126    3.204   16.399
  34.039    2.450   17.515
  33.780    1.059   17.463
  33.690    0.277   18.620
  33.856    0.857   19.872
  34.213    3.958   15.283
  34.472    5.349   15.336
  34.614   -0.046   20.046
  32.846    0.280   20.129
  33.993    1.331   20.928
  35.482    5.925   15.078
  33.714    6.252   15.162
  34.422    5.279   14.559
  30.019   22.800   33.112
  29.101   23.790   33.084
  27.712   23.524   33.058
  26.760   24.550   33.029
  27.164   25.879   33.026
  30.937   21.811   33.139
  32.326   22.077   33.166
  26.370   25.987   33.909
  26.408   25.972   32.110
  27.489   26.999   33.024
  33.082   21.985   34.083
  33.119   21.970   32.284
  32.368   21.297   33.174
  17.155   25.112   20.563
  17.074   25.518   21.847
  16.245   26.594   22.243
  16.161   27.016   23.575
  16.904   26.377   24.560
  17.236   24.705   19.278
  18.065   23.629   18.882
  15.863   26.337   25.137
  17.220   27.486   24.859
  17.522   25.849   25.396
  17.750   22.520   18.583
  19.107   23.669   18.305
  17.774   23.803   18.179
  30.195    5.990   15.427
  29.576    6.168   16.614
  28.970    7.397   16.967
  28.329    7.581   18.197
  28.270    6.543   19.119
  30.814    5.812   14.240
  31.420    4.583   13.887
  27.111    6.815   19.156
  28.661    7.372   19.881
  28.214    5.681   19.901
  31.028    3.755   13.125
  32.579    4.311   13.850
  31.585    4.975   13.232
  39.427   10.717   11.390
  39.141   11.394   12.523
  39.789   12.608   12.856
  39.492   13.310   14.030
  38.536   12.823   14.913
  39.714   10.040   10.258
  39.066    8.827    9.925
  38.107   13.933   14.856
  39.383   13.012   15.730
  37.736   12.426   15.663
  38.219    8.638    9.109
  39.495    7.717    9.982
  39.530    8.875    9.299
  30.867   41.497   15.624
  29.769   40.930   16.169
  29.143   39.801   15.591
  28.005   39.213   16.157
  27.453   39.734   17.320
  31.964   42.064   15.078
  32.590   43.193   15.656
  27.483   38.600   17.687
  26.434   39.684   16.705
  26.980   40.160   18.297
  33.609   43.242   16.272
  32.561   44.327   15.290
  33.071   43.106   15.047
   2.878   17.863   26.598
   2.804   16.956   25.601
   3.904   16.678   24.755
   3.826   15.738   23.721
   2.646   15.041   23.495
   2.953   18.769   27.595
   1.853   19.047   28.441
   3.360   14.088   23.497
   2.816   15.377   22.365
   1.661   14.450   23.295
   1.682   18.711   29.571
   1.138   20.001   28.439
   2.362   19.544   28.762
  40.335   23.856   11.553
  39.456   24.876   11.462
  39.878   26.216   11.292
  38.966   27.275   11.197
  37.600   27.031   11.269
  41.214   22.835   11.644
  40.793   21.495   11.814
  37.560   27.702   10.286
  37.617   27.910   12.073
  36.451   26.840   11.328
  40.776   20.615   11.010
  40.833   20.824   12.797
  41.563   21.364   11.805
  10.964   13.034   30.754
  10.954   14.364   30.985
  11.179   14.903   32.275
  11.168   16.282   32.515
  10.933   17.172   31.474
  10.973   11.704   30.522
  10.748   11.166   29.233
  11.907   17.715   31.892
  10.141   17.643   32.230
  10.736   17.930   30.610
  11.540   10.694   28.477
   9.774   10.622   28.816
  10.849   10.491   29.614
   3.505   14.633   29.282
   4.237   13.691   28.650
   5.611   13.875   28.365
   6.370   12.897   27.709
   5.782   11.702   27.316
   2.774   15.575   29.914
   1.400   15.392   30.199
   6.724   11.211   27.856
   6.296   11.944   26.269
   5.301   10.694   26.981
   0.886   15.150   31.246
   0.458   15.882   29.659
   1.478   16.105   30.507
  31.329   29.213   15.875
  32.419   29.940   15.552
  33.713   29.370   15.499
  34.843   30.125   15.165
  34.720   31.477   14.872
  30.238   28.485   16.197
  28.944   29.055   16.250
  35.368   31.195   13.912
  35.615   31.594   15.650
  34.631   32.613   14.623
  28.049   28.938   15.472
  28.297   29.337   17.210
  28.747   28.325   16.446
  36.541    6.838   18.329
  35.285    6.401   18.096
  34.161    7.253   18.209
  32.858    6.799   17.967
  32.634    5.477   17.604
  37.796    7.276   18.562
  38.920    6.424   18.449
  31.981    5.964   16.734
  31.815    5.515   18.469
  32.431    4.370   17.298
  39.739    6.386   17.584
  39.573    5.937   19.320
  39.301    7.074   18.654
  23.993    9.522   23.655
  25.271    9.213   23.347
  25.860    7.986   23.733
  27.185    7.666   23.413
  27.968    8.562   22.695
  22.716    9.830   23.964
  22.126   11.057   23.578
  28.209    7.610   22.021
  28.762    8.361   23.560
  28.635    9.305   22.093
  21.331   11.259   22.713
  21.885   12.010   24.252
  21.508   10.754   23.947
  28.810   30.081   46.467
  28.280   31.322   46.518
  27.329   31.770   45.570
  26.779   33.056   45.622
  27.159   33.940   46.624
  29.341   28.841   46.417
  30.291   28.393   47.365
  25.985   34.085   46.762
  27.316   34.697   45.717
  27.470   34.692   47.460
  30.135   27.636   48.272
  31.466   28.248   47.226
  30.254   27.741   46.936
  46.629   14.811   34.253
  47.457   15.624   33.564
  48.860   15.440   33.564
  49.719   16.283   32.849
  49.206   17.341   32.109
  45.800   13.997   34.942
  44.397   14.181   34.942
  49.896   16.900   31.243
  50.037   17.975   32.681
  48.788   18.232   31.483
  43.566   13.548   34.370
  43.707   14.622   35.807
  44.422   13.555   35.408
  11.378   28.126   23.715
  12.407   28.996   23.809
  12.740   29.880   22.756
  13.807   30.782   22.854
  14.578   30.831   24.009
  10.350   27.257   23.620
  10.016   26.373   24.673
  14.381   32.004   23.934
  15.491   30.766   23.246
  15.233   30.883   24.972
   9.103   26.438   25.437
  10.213   25.200   24.748
   9.460   26.153   24.171
  39.815   37.570   25.812
  38.826   37.435   24.902
  39.054   36.869   23.626
  38.029   36.729   22.683
  36.740   37.150   22.982
  40.803   37.705   26.722
  40.575   38.272   27.998
  36.434   36.070   22.585
  36.815   37.702   21.928
  35.653   37.500   23.220
  40.500   37.720   29.052
  40.881   39.353   28.396
  41.338   38.127   28.081
  22.346   25.308    2.038
  21.757   24.706    3.094
  20.358   24.749    3.298
  19.748   24.125    4.392
  20.516   23.434    5.322
  22.934   25.910    0.983
  24.333   25.867    0.779
  19.714   22.570    5.149
  19.901   24.078    6.114
  21.148   22.851    6.109
  24.948   25.223   -0.014
  25.136   26.731    0.951
  24.148   26.292    0.150
  23.591   42.854   30.228
  23.105   41.640   30.563
  23.894   40.468   30.481
  23.390   39.209   30.828
  22.079   39.077   31.269
  24.077   44.069   29.894
  23.288   45.241   29.975
  22.577   38.454   32.155
  22.031   38.205   30.458
  20.981   38.952   31.641
  23.336   46.112   30.787
  22.790   45.863   29.089
  23.946   45.573   29.715
  17.160    9.730   24.436
  17.383   10.401   23.286
  16.581   10.206   22.136
  16.812   10.902   20.943
  17.853   11.818   20.858
  16.937    9.059   25.586
  17.738    9.254   26.735
  17.013   12.534   20.409
  18.120   11.225   19.859
  18.724   12.589   20.773
  17.472    9.847   27.734
  18.578    8.538   27.184
  17.254    8.719   27.033
   6.105   43.975   22.000
   6.744   44.830   21.173
   6.625   46.233   21.307
   7.287   47.119   20.448
   8.092   46.633   19.425
   5.467   43.121   22.828
   5.585   41.717   22.694
   8.887   47.407   19.859
   7.469   47.393   18.751
   8.770   46.239   18.562
   6.207   40.957   23.368
   4.789   40.944   22.260
   5.104   41.725   23.309
  46.636   30.314    2.966
  46.903   30.038    4.261
  47.625   30.934    5.085
  47.901   30.648    6.427
  47.466   29.456    6.993
  46.370   30.590    1.672
  45.648   29.694    0.847
  47.053   30.167    7.855
  48.594   29.374    7.369
  47.107   28.459    7.481
  44.520   29.776    0.472
  46.061   28.983   -0.015
  45.768   30.254    0.316
  30.336   48.664   12.186
  30.773   47.742   11.302
  31.453   48.103   10.115
  31.905   47.147    9.198
  31.693   45.795    9.435
  29.900   49.586   13.070
  29.220   49.224   14.257
  32.855   45.702    9.189
  31.284   45.796    8.316
  31.522   44.656    9.622
  29.629   49.223   15.376
  28.058   49.317   14.504
  29.209   49.998   14.360
  45.202   38.112   45.790
  45.507   36.813   45.583
  44.696   35.764   46.077
  45.012   34.418   45.861
  46.151   34.072   45.145
  44.897   39.411   45.998
  45.708   40.460   45.504
  45.400   33.368   44.543
  46.355   33.348   46.069
  47.103   33.768   44.545
  45.504   41.183   44.580
  46.459   41.163   46.106
  45.164   40.900   45.850
  19.148   35.535   35.442
  17.975   36.184   35.285
  17.427   36.444   34.006
  16.211   37.118   33.843
  15.499   37.556   34.953
  20.321   34.885   35.599
  20.869   34.625   36.878
  14.582   37.017   34.415
  15.459   38.588   34.358
  14.891   37.929   35.875
  20.908   33.593   37.472
  21.785   35.164   37.416
  21.433   34.294   36.451
  43.278   48.169   22.780
  44.094   47.130   23.058
  45.218   47.265   23.908
  46.064   46.188   24.196
  45.816   44.937   23.645
  42.462   49.208   22.502
  41.339   49.073   21.652
  45.947   44.560   24.768
  46.969   44.983   23.348
  45.620   43.881   23.189
  40.186   49.027   21.948
  41.208   49.450   20.529
  41.256   49.832   21.818
  10.559   35.478   20.779
  10.925   35.901   19.550
  10.584   35.186   18.378
  10.964   35.625   17.104
  11.699   36.795   16.957
  10.192   35.055   22.007
  10.533   35.770   23.179
  10.872   37.059   16.141
  12.399   36.116   16.272
  12.316   37.775   16.819
   9.833   36.449   23.864
  11.361   35.506   23.995
  10.143   35.186   23.521
  12.836   10.724   13.305
  14.175   10.849   13.421
  14.939    9.991   14.248
  16.328   10.120   14.369
  17.002   11.111   13.668
  11.497   10.600   13.188
  10.733   11.458   12.362
  17.719   10.215   13.346
  17.493   11.346   14.728
  17.581   11.939   13.085
  10.242   11.223   11.301
  10.017   12.354   12.684
  10.146   11.016   12.627
  41.943   16.144   28.853
  41.559   16.504   30.096
  41.004   17.776   30.370
  40.606   18.150   31.660
  40.749   17.264   32.720
  42.327   15.785   27.609
  42.883   14.512   27.335
  39.612   17.545   32.939
  41.259   18.196   33.260
  40.863   16.530   33.620
  42.372   13.581   26.795
  44.020   14.231   27.116
  42.911   14.799   26.609
  27.743   47.211   41.211
  27.824   46.602   40.009
  28.785   45.598   39.740
  28.870   44.967   38.493
  27.997   45.318   37.471
  27.661   47.819   42.414
  26.701   48.823   42.683
  27.835   44.140   37.382
  28.994   45.399   36.824
  27.270   45.602   36.604
  25.703   48.741   43.330
  26.863   50.000   42.772
  27.046   48.816   43.383
  41.634    7.601   11.050
  41.044    7.616   12.264
  41.686    7.104   13.416
  41.074    7.119   14.675
  39.798    7.647   14.827
  42.224    7.586    9.836
  41.582    8.097    8.683
  40.294    8.248   15.728
  39.585    6.626   15.403
  38.727    8.087   14.968
  41.795    9.118    8.107
  41.086    7.497    7.782
  42.249    7.874    8.343
  39.071   38.677   14.103
  37.773   38.497   13.781
  37.271   37.241   13.364
  35.924   37.054   13.030
  35.031   38.116   13.101
  40.370   38.858   14.425
  40.872   40.114   14.841
  34.363   37.343   13.715
  34.729   37.765   12.003
  34.271   38.999   13.156
  41.174   40.465   15.939
  41.540   40.886   14.228
  41.540   39.713   14.885
  31.541    2.915   27.553
  31.928    4.094   28.083
  33.222    4.625   27.865
  33.624    5.848   28.415
  32.747    6.584   29.203
  31.153    1.735   27.023
  29.859    1.204   27.241
  33.069    7.484   28.492
  33.668    6.628   29.958
  32.022    7.211   29.866
  28.938    1.160   26.486
  29.537    0.303   27.952
  30.136    0.628   26.792
   8.522   31.356   22.719
   8.825   30.734   23.878
   9.518   29.500   23.908
   9.833   28.855   25.110
   9.466   29.420   26.325
   8.218   31.978   21.560
   7.525   33.212   21.530
  10.603   29.215   26.615
   9.035   28.333   26.552
   9.164   29.884   27.351
   7.956   34.299   21.302
   6.388   33.417   21.240
   7.609   33.118   20.759
  21.095   26.648   10.598
  20.870   27.512   11.610
  20.250   27.108   12.817
  20.017   28.004   13.867
  20.396   29.335   13.748
  21.319   25.784    9.585
  21.939   26.188    8.378
  20.896   29.153   14.815
  19.283   29.549   14.119
  20.708   30.456   13.662
  23.051   25.974    8.008
  21.439   26.370    7.312
  21.833   25.436    8.196
   8.136   33.281   45.527
   8.494   34.353   46.266
   7.872   35.614   46.107
   8.243   36.726   46.873
   9.249   36.616   47.825
   7.778   32.209   44.789
   8.399   30.948   44.948
   8.455   37.147   48.537
   9.679   37.593   47.295
  10.092   36.538   48.627
   7.970   29.970   45.478
   9.194   30.417   44.236
   7.898   30.749   44.382
  15.721   19.411   14.656
  15.768   20.609   14.036
  16.991   21.206   13.648
  17.039   22.448   13.005
  15.866   23.139   12.727
  15.675   18.212   15.276
  14.452   17.616   15.664
  16.332   23.232   11.635
  16.439   24.054   13.233
  14.889   23.729   12.489
  13.879   16.701   15.159
  13.985   17.523   16.756
  14.930   17.054   15.921
  48.166   43.637   27.183
  48.037   44.816   27.828
  47.409   45.934   27.230
  47.274   47.156   27.900
  47.763   47.304   29.192
  48.296   42.459   26.537
  48.924   41.341   27.135
  46.681   47.752   29.411
  48.267   48.289   28.750
  48.168   47.441   30.277
  48.420   40.356   27.577
  50.006   40.893   26.916
  48.750   41.010   26.449
  19.269    3.110    7.189
  20.454    3.755    7.244
  20.547    5.124    7.591
  21.775    5.794    7.648
  22.954    5.118    7.362
  18.085    2.465    7.133
  17.992    1.096    6.787
  23.327    5.601    8.385
  23.163    6.051    6.650
  23.952    4.563    7.123
  17.784    0.163    7.499
  17.620    0.613    5.763
  17.230    1.230    6.894
  31.571   48.319   17.099
  31.563   48.395   18.447
  31.732   49.622   19.130
  31.724   49.701   20.528
  31.547   48.555   21.292
  31.579   48.243   15.751
  31.409   47.016   15.068
  30.725   49.212   21.851
  32.506   48.953   21.876
  31.398   47.600   21.946
  30.450   46.618   14.484
  32.231   46.358   14.509
  31.485   47.476   14.442
  12.971   48.133   29.371
  12.588   48.464   30.623
  13.426   48.253   31.744
  13.029   48.597   33.042
  11.780   49.163   33.265
  13.354   47.802   28.120
  12.516   48.013   26.999
  12.400   49.967   33.889
  11.695   48.325   34.108
  10.735   49.639   33.466
  12.602   48.851   26.156
  11.896   47.210   26.374
  13.124   47.701   26.620
  22.374   16.147   47.182
  22.402   16.962   46.106
  23.617   17.437   45.556
  23.646   18.283   44.441
  22.461   18.684   43.835
  22.346   15.332   48.257
  21.131   14.857   48.807
  23.008   18.338   42.834
  22.939   19.772   43.920
  21.475   19.029   43.318
  20.654   13.769   48.722
  20.585   15.203   49.808
  21.618   14.504   49.305
  29.431   36.198   36.398
  29.778   37.502   36.438
  31.131   37.918   36.451
  31.490   39.271   36.492
  30.510   40.255   36.521
  29.085   34.894   36.359
  27.732   34.477   36.346
  31.148   40.734   35.636
  31.147   40.679   37.435
  29.698   41.091   36.547
  27.095   34.053   35.432
  27.095   33.999   37.231
  28.062   33.769   36.324
   8.537   13.497   48.455
   8.951   14.771   48.628
   9.615   15.489   47.605
  10.044   16.809   47.784
   9.824   17.459   48.992
   8.123   12.224   48.283
   7.459   11.506   49.306
   9.396   18.328   48.297
  10.981   17.731   48.907
   9.646   18.017   50.000
   6.302   11.235   49.390
   7.886   10.637   50.000
   7.456   10.944   48.763
  27.198   34.140   22.929
  27.174   32.813   22.680
  28.345   32.020   22.734
  28.321   30.644   22.475
  27.126   30.013   22.154
  27.221   35.467   23.178
  26.050   36.260   23.125
  27.459   29.238   22.996
  27.758   29.561   21.250
  26.129   29.470   21.883
  25.418   36.712   24.028
  25.717   37.035   22.283
  26.554   36.826   23.315
   1.142   22.514   12.298
   1.956   22.335   11.235
   1.577   21.542   10.126
   2.421   21.357    9.024
   3.673   21.958    8.992
   0.329   22.693   13.360
   0.707   23.486   14.469
   3.330   22.314    7.908
   4.046   20.865    8.700
   4.726   22.457    8.952
   0.334   24.580   14.762
   1.050   23.131   15.554
  -0.000   23.277   14.725
   8.989   15.443    5.431
   9.104   14.714    6.562
   8.016   14.529    7.448
   8.134   13.774    8.621
   9.344   13.177    8.950
   8.875   16.171    4.300
   9.963   16.356    3.415
   8.673   12.205    9.108
   9.158   13.684   10.012
  10.354   12.670    9.238
  10.150   15.848    2.353
  10.635   17.327    3.256
   9.433   16.771    3.019
   5.098   26.152   40.924
   5.226   24.846   40.605
   6.182   24.012   41.232
   6.315   22.658   40.902
   5.497   22.090   39.933
   4.969   27.457   41.242
   4.014   28.292   40.616
   5.320   21.250   40.760
   6.525   21.678   39.493
   4.817   21.601   39.122
   2.986   28.704   41.056
   4.191   29.131   39.789
   4.325   28.827   41.092
  36.871   40.947   26.777
  35.956   41.764   27.342
  35.638   41.696   28.719
  34.689   42.543   29.304
  34.025   43.488   28.534
  37.786   40.131   26.213
  38.104   40.199   24.836
  34.344   44.234   29.407
  33.051   43.034   29.048
  33.460   44.287   27.898
  39.078   40.654   24.321
  37.785   39.454   23.962
  38.590   39.619   25.028
  15.868    1.491    3.299
  17.171    1.353    3.624
  17.986    2.464    3.943
  19.337    2.321    4.280
  19.921    1.061    4.310
  14.565    1.629    2.974
  13.749    0.517    2.655
  20.313    1.411    5.379
  20.764    1.578    3.645
  20.424    0.009    4.339
  12.907   -0.000    3.320
  13.357    0.168    1.585
  13.208    1.074    2.568
   7.886   41.835    5.766
   6.863   42.708    5.650
   7.044   44.010    5.125
   5.982   44.915    5.006
   4.703   44.551    5.407
   8.910   40.962    5.881
   8.729   39.661    6.406
   4.389   44.970    4.336
   4.731   45.590    5.991
   3.624   44.259    5.739
   8.701   38.622    5.822
   9.043   39.242    7.477
   9.496   39.613    6.266
  23.565   15.767    9.708
  24.809   16.290    9.671
  25.376   16.957   10.783
  26.666   17.499   10.744
  27.435   17.394    9.591
  22.321   15.244    9.746
  21.754   14.577    8.634
  28.274   17.003   10.343
  27.599   18.564    9.751
  28.091   17.314    8.631
  21.590   13.407    8.475
  20.916   14.968    7.883
  21.150   14.501    9.123
  26.907   27.345    8.794
  27.364   27.606   10.037
  28.365   26.816   10.649
  28.839   27.086   11.939
  28.328   28.156   12.662
  26.450   27.085    7.550
  25.449   27.875    6.938
  29.477   28.419   12.836
  28.208   27.346   13.527
  27.907   29.051   13.280
  25.569   28.685    6.073
  24.300   27.612    6.764
  25.558   27.370    6.353
  36.067   45.204   28.268
  36.610   45.822   29.339
  37.190   45.098   30.408
  37.753   45.738   31.518
  37.757   47.125   31.599
  35.524   44.587   27.197
  34.944   45.310   26.129
  38.911   46.978   31.855
  37.317   46.933   32.689
  37.766   48.289   31.679
  35.384   45.503   25.038
  33.789   45.458   25.872
  34.818   44.591   25.850
  20.155    5.852    5.458
  21.488    5.822    5.243
  22.180    6.916    4.672
  23.562    6.884    4.450
  24.301    5.758    4.790
  18.823    5.882    5.672
  18.130    4.789    6.243
  25.013    6.548    5.328
  24.733    5.867    3.685
  24.933    4.819    5.071
  17.697    4.680    7.348
  17.418    3.999    5.705
  17.518    5.265    6.150
  24.251   26.206   46.338
  23.352   25.509   45.610
  23.742   24.665   44.544
  22.810   23.943   43.789
  21.454   24.040   44.074
  25.150   26.902   47.066
  24.759   27.746   48.132
  21.496   22.849   44.048
  21.354   24.230   42.902
  20.312   24.111   44.303
  24.859   27.555   49.304
  24.717   28.936   48.159
  25.530   27.865   48.180
  36.995   40.150    2.838
  35.693   40.501    2.776
  34.675   39.710    3.360
  33.324   40.074    3.296
  32.944   41.242    2.646
  38.297   39.799    2.900
  39.316   40.590    2.317
  32.329   41.444    3.646
  32.156   40.530    2.105
  32.611   42.219    2.104
  40.104   41.302    2.857
  39.931   40.387    1.316
  39.771   40.023    2.602
  21.409   27.951   23.992
  20.965   29.158   24.405
  21.327   29.700   25.661
  20.866   30.951   26.089
  20.028   31.704   25.277
  21.853   26.745   23.579
  21.492   26.203   22.323
  20.802   32.579   25.512
  19.367   31.794   26.264
  19.324   32.346   24.605
  22.153   26.113   21.336
  20.719   25.327   22.087
  21.943   25.614   22.567
  20.632   17.843   17.847
  21.510   16.885   17.480
  21.088   15.653   16.927
  21.999   14.660   16.545
  23.364   14.865   16.703
  19.754   18.800   18.215
  20.176   20.032   18.768
  23.417   14.503   15.569
  23.332   13.791   17.220
  24.512   15.023   16.831
  20.207   21.105   18.251
  20.122   20.394   19.902
  19.406   20.166   18.786
  42.000   37.237   35.664
  40.713   37.515   35.964
  40.362   38.424   36.990
  39.028   38.712   37.301
  37.997   38.101   36.597
  43.286   36.959   35.364
  43.638   36.050   34.338
  37.584   39.214   36.493
  37.570   37.864   37.684
  37.123   37.596   36.015
  44.065   36.287   33.251
  44.052   34.938   34.442
  44.361   36.241   34.562
  48.459    8.598   35.003
  48.501    8.563   36.352
  48.951    9.665   37.117
  48.995    9.629   38.516
  48.591    8.489   39.200
  48.416    8.633   33.654
  47.966    7.531   32.889
  47.946    9.260   39.841
  49.628    8.622   39.771
  48.254    7.539   39.786
  46.929    7.399   32.318
  48.611    6.760   32.248
  48.125    8.014   32.296
   1.033   31.259   47.077
   1.418   30.158   46.398
   1.245   28.855   46.922
   1.645   27.713   46.218
   2.232   27.833   44.965
   0.647   32.361   47.756
   0.820   33.664   47.232
   1.430   27.009   44.653
   3.055   27.103   45.423
   2.726   27.920   43.912
  -0.002   34.394   46.774
   1.622   34.488   47.544
   0.488   33.865   47.910
  15.374   37.090    2.055
  14.404   37.982    2.348
  13.200   37.599    2.984
  12.194   38.524    3.288
  12.357   39.866    2.968
  16.344   36.198    1.761
  17.549   36.581    1.126
  12.026   40.042    4.099
  11.271   39.750    2.491
  12.482   40.995    2.704
  18.635   36.697    1.602
  17.880   36.405   -0.005
  17.702   35.818    1.192
   4.659   16.561   46.963
   3.477   17.177   46.750
   2.367   16.499   46.192
   1.141   17.138   45.970
   0.981   18.478   46.299
   5.841   15.945   47.177
   6.950   16.623   47.735
  -0.004   18.092   46.846
   0.539   18.562   45.195
   0.833   19.603   46.570
   7.393   16.540   48.838
   7.936   17.009   47.187
   7.287   15.924   47.647
  45.036   38.040    1.987
  45.141   37.360    3.148
  44.961   35.958    3.216
  45.070   35.253    4.421
  45.362   35.926    5.601
  44.931   38.719    0.825
  45.110   40.121    0.757
  46.189   35.077    5.727
  44.430   35.316    6.026
  45.607   36.477    6.599
  46.042   40.731    0.332
  44.283   40.970    0.631
  44.964   39.997    0.000
  41.468   26.860   40.565
  42.658   27.446   40.313
  42.936   28.778   40.704
  44.170   29.385   40.442
  45.170   28.683   39.781
  40.278   26.275   40.818
  40.000   24.943   40.427
  45.852   29.065   40.680
  45.225   29.660   39.101
  46.017   28.105   39.227
  39.944   23.967   41.107
  39.317   24.561   39.528
  39.311   25.102   40.760
  33.289   39.348   40.149
  32.578   38.541   40.964
  32.205   38.934   42.271
  31.468   38.096   43.116
  31.077   36.835   42.684
  34.001   40.156   39.334
  34.373   39.762   38.026
  30.005   37.175   43.080
  31.535   36.479   43.725
  30.742   35.774   42.334
  33.915   40.118   36.986
  35.445   39.423   37.631
  34.699   40.472   38.020
  13.628   38.950   18.138
  12.574   39.793   18.163
  12.739   41.197   18.234
  11.646   42.072   18.261
  10.349   41.574   18.217
  14.682   38.107   18.112
  14.518   36.703   18.041
  10.207   42.382   17.353
  10.180   42.294   19.151
   9.256   41.169   18.181
  14.687   35.983   17.107
  14.660   35.895   18.905
  15.299   36.718   18.054
  47.614    8.287   12.542
  48.109    9.515   12.278
  49.489    9.736   12.059
  50.002   11.010   11.786
  49.153   12.107   11.721
  47.119    7.059   12.806
  45.739    6.837   13.025
  49.716   12.319   10.693
  49.950   12.603   12.455
  48.451   13.037   11.664
  44.942    6.341   12.291
  45.175    6.626   14.053
  45.980    6.099   13.112
  11.927   21.663   29.984
  12.628   22.629   29.353
  12.626   22.757   27.944
  13.354   23.759   27.289
  14.108   24.667   28.021
  11.226   20.697   30.616
  11.228   20.569   32.025
  13.546   25.476   27.350
  14.968   24.377   27.248
  14.746   25.436   28.622
  10.368   20.859   32.798
  11.790   19.760   32.695
  10.753   19.970   31.864
   9.497   26.972   15.952
  10.380   27.721   16.646
  10.346   29.135   16.623
  11.262   29.912   17.343
  12.245   29.301   18.112
   8.614   26.223   15.258
   8.648   24.809   15.281
  11.863   30.048   18.958
  12.973   30.052   17.542
  13.075   28.802   18.761
   7.919   24.058   15.852
   9.029   24.062   14.435
   8.037   24.892   14.803
   3.192   19.875   11.074
   4.137   20.480   11.824
   5.508   20.445   11.474
   6.489   21.072   12.252
   6.133   21.758   13.407
   2.246   19.270   10.324
   0.875   19.305   10.674
   6.803   22.627   12.941
   7.009   21.117   13.900
   5.849   22.336   14.379
  -0.000   19.946   10.181
   0.206   18.436   11.140
   0.807   18.881   10.022
  40.102   17.969   48.438
  41.442   18.067   48.569
  42.191   19.059   47.893
  43.581   19.161   48.029
  44.271   18.274   48.845
  38.762   17.871   48.307
  38.013   16.878   48.983
  44.760   19.266   49.289
  44.978   18.150   47.893
  44.863   17.536   49.527
  37.307   17.002   49.935
  37.525   15.886   48.539
  37.420   17.225   48.613
  42.195    2.968   11.606
  41.073    2.379   11.141
  40.093    3.097   10.417
  38.930    2.486    9.935
  38.705    1.134   10.161
  43.317    3.558   12.071
  44.297    2.839   12.795
  38.480    1.109    8.991
  37.634    1.506   10.529
  38.503   -0.000   10.343
  45.368    2.467   12.427
  44.522    2.864   13.966
  44.647    3.537   12.807
  28.864   14.737    9.849
  29.915   15.579    9.948
  31.242   15.108   10.086
  32.332   15.981   10.189
  32.134   17.355   10.158
  27.813   13.896    9.750
  26.486   14.366    9.612
  33.001   17.332    9.341
  32.820   17.345   11.132
  31.981   18.511   10.134
  25.799   14.376    8.638
  25.619   14.390   10.429
  26.329   13.601    9.602
   6.023   18.484   25.591
   5.919   17.550   24.622
   6.130   17.859   23.257
   6.022   16.890   22.252
   5.700   15.578   22.576
   6.127   19.418   26.560
   5.916   19.110   27.925
   6.641   15.316   21.892
   4.892   15.699   21.709
   5.431   14.473   22.834
   6.725   18.988   28.791
   4.976   19.372   28.608
   6.074   19.870   28.011
  10.756   44.758   46.935
  10.038   45.515   46.078
  10.507   46.766   45.610
   9.763   47.552   44.722
   8.524   47.114   44.269
  11.473   44.000   47.792
  11.005   42.749   48.259
   8.966   47.388   43.196
   8.168   48.206   44.587
   7.484   46.759   43.881
  11.361   41.658   47.941
  10.564   42.476   49.332
  11.684   42.758   48.644
  27.530   17.014   34.216
  26.530   16.149   33.945
  25.218   16.589   33.648
  24.181   15.692   33.366
  24.418   14.323   33.371
  28.531   17.879   34.488
  29.842   17.440   34.785
  23.868   14.355   32.315
  23.450   14.289   34.064
  24.604   13.172   33.372
  30.811   17.474   34.092
  30.393   17.408   35.841
  29.972   18.207   34.845
  44.754   11.476   18.470
  45.315   12.412   17.675
  46.367   12.104   16.781
  46.949   13.074   15.956
  46.499   14.388   15.997
  44.193   10.541   19.265
  43.141   10.849   20.160
  46.455   14.273   14.812
  47.658   14.644   16.098
  46.131   15.494   16.021
  41.982   10.593   20.059
  43.184   10.965   21.345
  43.200   10.088   20.325
   2.867   42.207   31.871
   2.194   43.322   31.516
   2.388   43.949   30.262
   1.690   45.105   29.895
   0.773   45.676   30.768
   3.541   41.092   32.225
   3.347   40.465   33.479
   0.057   45.668   29.815
   1.364   46.682   30.524
   0.000   46.166   31.491
   2.756   39.459   33.722
   4.062   40.474   34.432
   3.883   39.972   33.196
  36.059   31.374   30.038
  34.979   32.093   30.409
  34.571   33.252   29.706
  33.451   33.998   30.092
  32.698   33.611   31.193
  37.140   30.655   29.667
  37.548   29.497   30.370
  31.778   33.741   30.447
  32.818   34.753   31.512
  32.057   33.298   32.116
  37.428   28.355   30.051
  38.467   29.367   31.116
  38.108   29.493   29.826
  33.622   25.820   40.835
  32.590   24.959   40.963
  31.245   25.397   40.978
  30.175   24.504   41.111
  30.413   23.140   41.232
  34.654   26.682   40.707
  35.999   26.243   40.691
  29.594   23.053   40.371
  29.671   23.226   42.161
  30.598   21.994   41.335
  36.741   26.158   39.763
  36.818   26.331   41.553
  36.136   27.008   40.611
  34.021   13.204   16.266
  34.809   12.109   16.202
  34.896   11.184   17.269
  35.713   10.049   17.203
  36.472    9.799   16.067
  33.233   14.298   16.330
  33.146   15.223   15.262
  35.994    8.710   16.146
  37.358    9.651   16.850
  37.115    9.576   15.119
  32.260   15.371   14.479
  33.624   16.312   15.183
  32.650   15.577   15.750
  28.376   16.173   17.401
  27.173   16.580   16.943
  26.797   16.429   15.587
  25.550   16.852   15.111
  24.634   17.440   15.974
  29.579   15.766   17.860
  29.955   15.917   19.216
  23.877   16.653   15.497
  24.567   18.274   15.126
  23.856   17.935   16.688
  30.022   15.083   20.064
  30.712   16.703   19.693
  30.611   15.579   18.961
  33.943    5.173    8.979
  34.053    5.950   10.078
  33.355    5.661   11.274
  33.469    6.467   12.413
  34.285    7.591   12.396
  33.833    4.395    7.881
  34.531    4.684    6.685
  34.711    7.137   13.412
  33.324    8.135   12.845
  34.966    8.537   12.396
  35.492    4.140    6.236
  34.105    5.138    5.668
  34.166    4.039    6.441
   8.171    5.057   42.089
   8.425    3.751   42.317
   8.847    3.279   43.583
   9.111    1.925   43.820
   8.963    0.994   42.800
   7.917    6.363   41.860
   7.495    6.834   40.594
   8.334    0.394   43.615
  10.051    0.645   43.137
   8.842    0.202   41.952
   6.407    7.184   40.257
   8.124    7.434   39.779
   7.499    7.521   40.967
  15.804   33.611    8.683
  14.707   34.340    8.979
  13.401   33.891    8.670
  12.264   34.648    8.977
  12.392   35.881    9.604
  16.900   32.881    8.387
  18.206   33.330    8.696
  11.563   35.446   10.342
  11.666   36.252    8.736
  12.486   36.918   10.130
  18.932   32.959    9.564
  19.035   33.765    7.958
  18.403   32.650    8.367
   9.942   29.566   38.129
   9.060   30.544   37.833
   7.685   30.278   37.633
   6.770   31.292   37.326
   7.197   32.608   37.208
  10.824   28.588   38.425
  12.200   28.854   38.625
   6.284   32.834   37.940
   6.589   32.578   36.184
   7.543   33.718   37.107
  12.808   28.885   39.649
  13.113   28.628   37.894
  12.223   28.082   38.742
  41.314   32.939    3.936
  41.415   33.846    2.942
  41.214   33.498    1.585
  41.319   34.438    0.554
  41.630   35.762    0.842
  41.212   32.032    4.931
  41.413   32.380    6.287
  40.691   35.997    0.147
  42.444   35.622   -0.017
  41.889   36.875    1.070
  40.599   32.520    7.146
  42.352   32.145    6.983
  41.261   31.622    6.394
  21.516   32.125   18.978
  22.124   31.208   19.761
  21.721   30.977   21.097
  22.352   30.026   21.908
  23.407   29.272   21.412
  20.908   33.043   18.196
  21.311   33.274   16.860
  22.788   28.354   21.852
  23.950   29.607   22.419
  24.295   28.632   21.008
  20.769   32.939   15.853
  21.930   34.192   16.419
  20.732   33.797   16.888
  13.954   30.466   42.204
  14.447   31.722   42.161
  15.838   31.984   42.191
  16.349   33.286   42.148
  15.488   34.374   42.072
  13.461   29.210   42.246
  12.071   28.949   42.216
  16.200   34.710   41.177
  16.146   34.791   42.975
  14.777   35.296   42.009
  11.413   28.532   41.314
  11.359   28.613   43.111
  12.317   28.209   42.257
  25.515   25.580   30.137
  24.661   25.031   31.027
  23.496   25.705   31.464
  22.611   25.135   32.387
  22.859   23.870   32.906
  26.368   26.130   29.248
  27.533   25.456   28.811
  21.725   23.665   32.602
  22.659   24.403   33.953
  23.055   22.810   33.349
  27.734   24.923   27.764
  28.667   25.661   29.115
  27.625   26.108   28.392
   1.430   21.646   40.157
   1.313   22.641   41.061
   0.311   22.631   42.061
   0.189   23.663   42.999
   1.064   24.741   42.972
   1.548   20.651   39.252
   2.550   20.660   38.253
   1.179   24.510   44.135
   0.065   25.387   43.026
   1.793   25.652   42.960
   3.550   20.014   38.198
   2.436   20.891   37.089
   2.212   19.984   38.057
  34.789   30.316   27.073
  34.843   31.663   27.144
  35.815   32.334   27.924
  35.871   33.731   27.997
  34.958   34.507   27.293
  34.735   28.969   27.003
  33.764   28.297   26.223
  35.932   35.088   26.927
  34.817   35.059   28.340
  34.199   35.169   26.707
  33.905   27.745   25.176
  32.790   27.716   26.589
  34.131   27.667   26.500
  36.983   44.569   46.604
  36.386   43.784   45.682
  36.444   42.372   45.750
  35.824   41.557   44.795
  35.126   42.126   43.737
  37.581   45.355   47.525
  37.523   46.767   47.457
  34.270   41.363   44.063
  35.775   41.377   43.076
  34.536   42.590   42.844
  36.874   47.516   48.119
  38.379   47.530   47.132
  37.951   46.710   48.108
  18.850   39.635   28.375
  17.717   39.352   29.053
  16.435   39.543   28.484
  15.261   39.250   29.187
  15.326   38.756   30.484
  19.983   39.918   27.697
  21.264   39.727   28.265
  14.568   37.934   30.070
  14.533   39.615   30.713
  15.366   38.340   31.573
  22.057   38.867   28.036
  22.022   40.548   28.679
  21.496   39.997   27.570
  48.051   26.519    3.086
  47.052   25.953    2.376
  46.893   24.550    2.293
  45.856   23.963    1.557
  44.942   24.758    0.878
  49.050   27.086    3.795
  49.209   28.489    3.879
  44.136   24.070    1.421
  45.191   24.036   -0.037
  44.168   25.415    0.303
  48.961   29.211    4.793
  50.016   29.178    3.335
  49.818   28.287    4.324
  35.008   39.812   33.040
  36.222   39.490   32.546
  36.457   38.271   31.868
  37.717   37.937   31.356
  38.786   38.811   31.504
  33.793   40.134   33.534
  33.558   41.354   34.212
  38.929   38.627   30.335
  39.356   37.841   31.897
  39.693   39.535   31.621
  32.988   42.323   33.819
  33.415   41.537   35.381
  32.835   41.063   34.263
  22.245   41.480   13.206
  23.343   40.708   13.347
  24.651   41.239   13.256
  25.790   40.438   13.402
  25.661   39.076   13.644
  21.147   42.253   13.065
  19.839   41.721   13.156
  26.437   39.291   14.522
  26.443   38.976   12.750
  25.567   37.932   13.847
  19.057   41.822   14.050
  19.063   41.506   12.278
  19.642   42.465   13.023
  40.077   11.072    1.148
  39.172   10.071    1.110
  39.560    8.711    1.063
  38.622    7.673    1.023
  37.262    7.957    1.029
  40.982   12.073    1.186
  40.594   13.433    1.234
  37.228    7.145    1.901
  37.233    7.209    0.102
  36.118    8.182    1.034
  40.623   14.181    2.161
  40.628   14.245    0.362
  41.367   13.543    1.240
  10.703   16.053   44.978
   9.961   15.148   44.305
   8.904   14.438   44.922
   8.135   13.499   44.224
   8.394   13.238   42.885
  11.446   16.958   45.651
  12.503   17.669   45.035
   7.220   13.399   42.760
   8.371   12.100   43.237
   8.601   13.010   41.760
  12.525   18.807   44.683
  13.677   17.508   45.159
  12.564   17.984   45.747
  22.811   35.484    8.608
  23.418   34.304    8.362
  24.136   34.065    7.166
  24.766   32.841    6.911
  24.701   31.813    7.843
  22.203   36.665    8.853
  21.485   36.904   10.049
  25.881   31.767    7.683
  24.378   31.156    6.903
  24.654   30.941    8.617
  21.808   37.561   10.989
  20.305   36.949   10.210
  21.373   37.602    9.717
  16.127   40.091   20.415
  17.184   39.304   20.124
  18.465   39.839   19.851
  19.562   39.023   19.549
  19.416   37.642   19.508
  15.070   40.879   20.707
  13.788   40.344   20.980
  20.380   37.649   20.207
  19.969   37.745   18.457
  19.307   36.481   19.470
  13.235   40.240   22.030
  12.824   40.336   20.280
  13.608   41.099   21.063
  18.945   43.205    0.721
  20.241   42.832    0.793
  21.298   43.753    0.607
  22.641   43.366    0.682
  22.975   42.044    0.945
  17.650   43.578    0.649
  16.592   42.656    0.834
  23.693   42.524    1.765
  23.690   42.172    0.000
  23.269   40.937    1.165
  15.877   42.528    1.779
  15.874   42.176    0.014
  16.157   43.293    0.708
  37.144   13.050    3.050
  36.889   14.212    2.412
  35.572   14.613    2.082
  35.308   15.819    1.420
  36.350   16.666    1.066
  37.399   11.888    3.687
  38.715   11.487    4.017
  35.676   17.500    1.585
  35.819   16.661   -0.001
  37.216   17.386    0.762
  39.247   11.492    5.084
  39.389   10.653    3.498
  38.339   10.868    4.311
  16.481   34.289   45.719
  16.432   35.581   46.105
  15.209   36.282   46.227
  15.158   37.623   46.627
  16.329   38.310   46.920
  16.530   32.996   45.333
  17.753   32.295   45.212
  15.746   38.619   47.913
  15.872   39.137   46.194
  17.304   38.899   47.169
  18.210   31.469   45.938
  18.336   31.987   44.219
  17.276   31.713   45.001
   8.433   33.441   48.508
   9.629   34.051   48.650
  10.344   34.568   47.543
  11.584   35.200   47.691
  12.154   35.338   48.950
   7.237   32.831   48.366
   6.523   32.314   49.472
  12.291   36.475   48.621
  13.122   34.891   48.418
  12.644   35.460   50.001
   5.554   32.761   50.004
   6.386   31.177   49.801
   6.012   32.118   48.915
  17.925   21.116   48.000
  18.688   22.175   48.345
  19.310   22.270   49.612
  20.101   23.369   49.970
  20.298   24.412   49.073
  17.163   20.057   47.655
  16.541   19.962   46.388
  21.447   24.259   49.349
  19.992   25.094   50.001
  20.471   25.294   48.330
  16.846   19.279   45.460
  15.391   20.114   46.112
  16.284   19.285   46.682
  12.074    9.214   43.584
  12.679    8.255   44.317
  13.698    8.556   45.251
  14.325    7.561   46.011
  13.955    6.230   45.864
  11.470   10.173   42.851
  10.450    9.872   41.917
  13.889    6.253   47.054
  15.129    6.050   45.765
  13.654    5.109   45.751
   9.276   10.053   42.016
  10.516    9.850   40.728
  10.466   10.646   41.811
   5.909   10.674   23.366
   7.250   10.829   23.367
   8.133    9.724   23.368
   9.524    9.885   23.368
  10.081   11.157   23.368
   4.568   10.519   23.366
   3.685   11.625   23.365
  10.735   10.729   22.468
  10.734   10.730   24.268
  10.562   12.220   23.367
   3.032   12.052   22.465
   3.031   12.053   24.265
   3.146   11.059   23.365
  43.972    8.028   34.445
  44.805    8.623   33.565
  44.395    8.953   32.251
  45.259    9.570   31.338
  46.562    9.879   31.706
  43.139    7.433   35.326
  43.548    7.104   36.640
  46.296   10.951   31.258
  46.842    9.335   30.683
  47.659   10.144   32.002
  43.269    7.648   37.663
  43.814    6.032   37.087
  42.815    6.839   36.688
  28.028   43.016   41.732
  29.211   43.076   41.085
  29.974   44.266   41.025
  31.201   44.327   40.354
  31.709   43.201   39.719
  26.844   42.957   42.379
  26.081   41.767   42.440
  32.705   43.475   40.313
  31.853   43.944   38.799
  32.147   42.263   39.182
  25.937   41.023   43.360
  25.085   41.493   41.845
  25.599   42.223   42.852
  20.632   14.397   37.482
  21.166   15.271   38.361
  21.578   16.569   37.974
  22.131   17.475   38.886
  22.293   17.117   40.218
  20.099   13.523   36.602
  19.687   12.226   36.990
  21.756   18.160   40.429
  23.400   17.527   40.059
  22.434   16.829   41.339
  18.580   11.815   37.149
  20.224   11.183   36.780
  19.498   12.176   36.234
  33.671   36.590    4.571
  34.261   37.739    4.965
  35.575   38.083    4.567
  36.186   39.274    4.976
  35.506   40.163    5.799
  33.082   35.442    4.176
  31.768   35.097    4.574
  35.849   40.970    4.992
  36.508   40.133    6.442
  34.946   40.919    6.489
  30.766   35.128    3.931
  31.425   34.291    5.381
  31.917   34.465    4.141
  11.156   16.719   28.822
  12.317   16.707   29.510
  12.509   15.882   30.644
  13.714   15.870   31.357
  14.769   16.682   30.963
   9.995   16.731   28.134
   9.803   17.556   27.001
  15.404   15.678   31.051
  14.788   16.994   32.113
  15.663   17.359   30.643
   9.783   17.244   25.851
   9.167   18.560   26.913
   9.098   17.220   27.008
  39.323    9.297   13.171
  39.963    9.829   14.234
  40.659   11.058   14.152
  41.322   11.610   15.255
  41.313   10.952   16.478
  38.684    8.764   12.107
  37.987    7.535   12.189
  40.989   12.018   16.902
  42.489   11.137   16.440
  41.313   10.410   17.511
  36.811    7.350   12.228
  38.311    6.469   11.766
  37.845    7.688   11.436
  42.926    2.437   47.315
  41.629    2.808   47.365
  41.240    4.167   47.433
  39.895    4.552   47.486
  38.891    3.591   47.472
  44.223    2.066   47.264
  44.613    0.708   47.196
  38.428    4.274   46.613
  38.477    4.199   48.410
  38.039    2.796   47.462
  45.027    0.100   46.258
  45.075    0.025   48.056
  45.327    1.023   47.190
  41.367   37.734    7.791
  40.187   38.009    8.387
  39.286   36.988    8.773
  38.062   37.273    9.391
  37.697   38.589    9.645
  42.547   37.459    7.196
  43.448   38.480    6.810
  37.466   38.177   10.739
  36.673   38.268    9.126
  37.377   39.689    9.865
  44.472   38.800    7.329
  43.678   38.892    5.716
  43.870   37.869    6.568
  27.024   33.139   10.040
  28.220   33.014    9.427
  29.302   33.882    9.710
  30.542   33.753    9.075
  30.746   32.752    8.133
  25.827   33.263   10.653
  24.746   32.395   10.370
  31.727   32.530    8.772
  31.175   33.644    7.469
  30.930   31.917    7.340
  24.316   31.504   11.033
  23.765   32.617    9.731
  24.388   32.841   10.902
  31.724    5.000   26.089
  30.680    5.509   26.777
  30.859    6.302   27.935
  29.776    6.829   28.648
  28.475    6.582   28.229
  32.768    4.491   25.401
  32.589    3.698   24.244
  28.351    7.761   28.347
  28.303    6.281   29.369
  27.377    6.382   27.888
  32.760    3.999   23.104
  32.712    2.519   24.126
  33.370    3.685   24.261
  35.957   28.829    5.453
  36.134   30.070    5.956
  37.354   30.471    6.549
  37.538   31.757    7.071
  36.508   32.688    7.019
  35.779   27.589    4.950
  34.559   27.188    4.357
  37.351   33.402    6.571
  36.758   32.836    8.174
  35.652   33.478    6.981
  34.309   27.039    3.202
  33.716   26.474    4.805
  34.947   26.517    4.264
   1.598   44.903   18.355
   1.571   43.983   19.342
   0.428   43.188   19.596
   0.400   42.233   20.619
   1.514   42.039   21.426
   1.625   45.824   17.369
   2.768   46.619   17.115
   1.338   40.889   21.169
   0.725   42.135   22.314
   2.442   41.866   22.111
   3.557   46.523   16.227
   2.944   47.769   17.372
   2.310   46.910   16.554
  18.536    0.958   38.712
  18.542    1.637   37.546
  18.489    0.979   36.294
  18.494    1.684   35.085
  18.553    3.072   35.083
  18.531    0.278   39.879
  18.584    0.936   41.131
  17.633    2.980   34.331
  19.431    2.904   34.295
  18.602    4.237   35.068
  17.706    1.104   41.919
  19.504    1.028   41.882
  18.559    0.203   41.398
  15.504   45.292    7.441
  16.710   45.884    7.308
  16.845   47.286    7.167
  18.095   47.901    7.029
  19.255   47.136    7.028
  14.299   44.699    7.574
  14.164   43.297    7.716
  19.625   47.931    7.835
  19.511   47.761    6.047
  20.236   46.506    7.026
  13.908   42.672    8.697
  13.794   42.502    6.909
  13.405   43.480    7.746
  36.563   33.434    1.746
  36.835   34.717    1.426
  37.938   35.410    1.979
  38.220   36.741    1.647
  37.409   37.426    0.751
  36.291   32.151    2.065
  35.188   31.458    1.512
  38.444   37.708    0.232
  37.409   38.267    1.594
  36.737   38.012   -0.000
  35.188   30.616    0.669
  34.153   31.175    2.032
  35.464   30.879    1.959
  10.731    7.066   44.703
  10.558    8.383   44.944
   9.618    8.855   45.891
   9.438   10.221   46.140
  10.192   11.163   45.452
  10.904    5.749   44.462
  11.844    5.277   43.516
  10.393   11.606   46.540
   9.134   11.675   45.256
  10.818   11.965   44.882
  12.902    4.765   43.712
  11.643    4.834   42.428
  11.569    4.583   43.748
  21.840   24.438   25.210
  21.785   23.658   24.109
  22.613   22.521   23.954
  22.556   21.712   22.813
  21.668   22.011   21.787
  21.896   25.219   26.310
  21.068   26.356   26.465
  21.374   20.860   21.881
  22.629   21.882   21.094
  20.928   22.250   20.918
  20.107   26.485   27.158
  21.362   27.507   26.371
  21.450   26.409   27.144
   9.698   24.785   11.235
  10.497   25.409   12.127
  11.621   26.168   11.724
  12.449   26.815   12.649
  12.182   26.727   14.010
   8.900   24.161   10.343
   7.775   23.402   10.746
  12.305   27.912   13.979
  13.336   26.440   14.085
  11.970   26.661   15.154
   6.621   23.689   10.671
   7.652   22.217   10.777
   7.704   23.296    9.975
   7.962   38.389   22.627
   9.272   38.086   22.506
  10.275   39.085   22.495
  11.633   38.771   22.369
  12.038   37.447   22.250
   6.652   38.691   22.748
   5.650   37.692   22.759
  12.804   37.740   23.115
  12.666   37.859   21.324
  12.391   36.341   22.149
   5.022   37.281   23.684
   4.884   37.400   21.894
   5.182   38.313   22.836
   8.077   43.656   16.732
   8.924   44.661   17.037
   9.995   44.490   17.946
  10.874   45.533   18.262
  10.714   46.784   17.679
   7.229   42.650   16.428
   6.158   42.821   15.518
  11.877   46.680   17.444
  10.803   47.174   18.802
  10.590   47.839   17.198
   6.068   42.431   14.396
   4.995   42.925   15.753
   6.031   42.070   15.692
  24.409   36.305   20.672
  24.532   34.999   20.991
  23.497   34.285   21.640
  23.625   32.930   21.971
  24.792   32.242   21.665
  24.286   37.611   20.353
  25.321   38.325   19.704
  24.043   31.438   21.204
  24.732   31.894   22.803
  25.767   31.652   21.414
  25.381   38.673   18.565
  26.070   39.129   20.165
  24.806   38.910   19.758
   6.928   45.922    7.898
   6.223   44.774    7.825
   6.854   43.509    7.761
   6.122   42.317    7.684
   4.733   42.349    7.670
   7.633   47.071    7.972
   7.002   48.336    8.036
   4.835   41.526    8.526
   4.857   41.628    6.729
   3.567   42.361    7.656
   6.879   49.057    8.977
   6.900   49.158    7.180
   7.742   48.585    8.059
   6.403   23.296   37.753
   7.499   23.915   38.239
   7.553   24.418   39.561
   8.690   25.060   40.065
   9.815   25.222   39.266
   5.306   22.677   37.267
   5.252   22.175   35.945
  10.390   24.772   40.208
   9.752   26.354   39.632
  10.766   25.364   38.605
   5.315   21.042   35.579
   4.678   22.624   35.003
   4.533   21.966   36.167
  26.505   21.369   35.801
  26.858   20.374   36.642
  27.542   19.219   36.193
  27.908   18.188   37.066
  27.602   18.273   38.419
  26.152   22.364   34.959
  25.468   23.519   35.408
  28.750   17.988   38.563
  27.175   17.173   38.259
  27.352   18.333   39.556
  25.896   24.619   35.568
  24.320   23.804   35.264
  25.515   23.710   34.653
  48.328   19.178   29.125
  47.308   18.724   28.367
  47.511   17.812   27.304
  46.453   17.340   26.518
  45.153   17.764   26.767
  49.349   19.633   29.882
  49.146   20.544   30.945
  44.905   16.599   26.731
  45.136   17.976   25.594
  44.058   18.112   26.965
  49.163   20.333   32.118
  49.394   21.709   30.981
  49.920   20.472   31.015
   6.448   40.498   11.870
   6.086   41.767   12.156
   4.787   42.256   11.883
   4.412   43.572   12.180
   5.323   44.446   12.761
   6.810   39.230   11.584
   8.109   38.741   11.857
   4.434   44.658   13.526
   4.975   45.181   11.890
   6.077   45.189   13.248
   8.458   38.005   12.727
   8.998   38.528   11.092
   7.813   38.087   11.549
  16.459   11.784    9.960
  16.687   12.531   11.061
  17.903   13.230   11.255
  18.139   14.005   12.396
  17.169   14.108   13.386
  16.231   11.037    8.859
  15.016   10.338    8.665
  17.377   15.277   13.285
  18.071   13.840   14.116
  16.363   14.204   14.223
  14.114   10.607    7.934
  14.808    9.169    8.766
  15.368   10.125    8.001
  34.838   31.900   38.198
  34.275   32.961   38.813
  34.101   33.010   40.216
  33.517   34.111   40.854
  33.085   35.203   40.110
  35.402   30.838   37.584
  35.575   30.789   36.180
  33.704   35.829   40.913
  32.081   35.069   40.739
  32.718   36.125   39.498
  36.579   30.922   35.551
  34.957   30.162   35.377
  35.884   30.092   36.349
   5.657   22.219   32.929
   6.386   23.065   33.688
   5.856   24.285   34.170
   6.612   25.162   34.958
   7.924   24.850   35.291
   4.928   21.373   32.169
   5.458   20.153   31.687
   7.571   25.120   36.396
   8.147   25.957   34.911
   9.027   24.600   35.577
   5.235   19.046   32.067
   5.811   19.883   30.581
   4.745   20.090   31.375
  43.175   24.558   25.868
  43.519   23.283   25.585
  43.767   22.330   26.601
  44.123   21.009   26.308
  44.244   20.593   24.988
  42.832   25.832   26.152
  42.583   26.786   25.136
  43.551   19.691   25.345
  45.290   20.157   25.356
  44.348   20.231   23.884
  41.537   27.221   24.767
  43.276   27.687   24.779
  42.455   27.250   25.750
   7.275   28.197   36.333
   8.496   27.621   36.306
   9.686   28.387   36.289
  10.952   27.790   36.262
  11.074   26.406   36.251
   6.054   28.772   36.359
   4.864   28.006   36.376
  11.846   26.597   37.138
  11.813   26.609   35.338
  11.190   25.246   36.241
   4.125   27.804   37.289
   4.092   27.816   35.489
   4.535   28.714   36.387
  38.815   29.611   20.684
  38.495   30.857   20.272
  37.166   31.223   19.952
  36.835   32.514   19.525
  37.820   33.486   19.403
  39.134   28.366   21.095
  40.463   28.000   21.416
  37.061   34.150   20.036
  37.337   33.656   18.328
  38.638   34.311   19.296
  40.947   27.829   22.491
  41.223   27.335   20.782
  40.126   27.311   21.560
   3.015   44.580    9.482
   4.308   44.723    9.845
   5.162   43.610   10.031
   6.502   43.758   10.407
   7.036   45.024   10.610
   1.722   44.437    9.120
   0.868   45.550    8.934
   7.906   44.629    9.897
   7.429   44.552   11.631
   7.498   46.081   10.784
   0.476   46.022    7.912
  -0.001   45.945    9.646
   0.351   44.990    8.767
  15.899   20.237    1.791
  15.390   19.079    2.263
  16.207   17.954    2.529
  15.679   16.753    3.018
  14.316   16.634    3.259
  16.408   21.395    1.320
  15.592   22.520    1.053
  14.671   16.208    4.313
  14.424   15.630    2.627
  13.174   16.521    3.465
  15.484   23.524    1.685
  15.237   22.946   -0.001
  16.276   22.834    0.846
  13.369   28.276   28.991
  14.536   27.616   28.834
  15.771   28.296   28.706
  16.981   27.611   28.544
  17.000   26.222   28.505
  12.202   28.936   29.147
  10.967   28.257   29.275
  17.869   26.341   29.311
  17.657   26.389   27.525
  17.031   25.057   28.470
  10.310   28.091   30.256
  10.098   28.138   28.469
  10.693   28.986   29.327
  41.321   47.663   10.070
  39.976   47.712    9.972
  39.134   46.937   10.806
  37.739   46.988   10.704
  37.135   47.815    9.766
  42.667   47.613   10.168
  43.508   48.388    9.335
  36.479   48.171   10.694
  36.517   46.834    9.490
  36.615   48.505    8.983
  44.126   49.369    9.610
  44.165   48.032    8.406
  44.067   48.032    9.748
   9.311    2.168   40.152
   8.100    1.699   40.522
   6.918    2.040   39.822
   5.663    1.554   40.205
   5.544    0.709   41.301
  10.522    2.637   39.783
  11.704    2.296   40.483
   4.906    0.038   40.551
   4.681    1.465   41.625
   5.430   -0.000   42.220
  12.566    1.541   40.159
  12.341    2.967   41.233
  12.030    2.755   39.941
  22.346   20.386   24.898
  23.580   19.956   25.238
  24.684   20.838   25.322
  25.964   20.392   25.674
  26.185   19.050   25.954
  21.112   20.815   24.559
  20.008   19.934   24.474
  26.722   19.476   26.929
  27.094   19.176   25.194
  26.385   17.926   26.192
  19.099   19.808   25.234
  19.472   19.508   23.499
  19.634   20.591   24.280
  10.115   41.103   26.370
   9.315   40.060   26.064
   8.168   39.744   26.831
   7.338   38.662   26.513
   7.626   37.857   25.418
  10.915   42.147   26.676
  12.062   42.463   25.910
   6.480   38.039   25.147
   7.476   36.967   26.196
   7.856   37.173   24.501
  12.212   43.352   25.132
  13.208   42.281   26.181
  12.125   43.036   26.436
  41.108   35.618   18.861
  40.717   34.358   18.578
  41.640   33.289   18.483
  41.235   31.982   18.189
  39.891   31.696   17.979
  41.499   36.879   19.144
  40.576   37.947   19.238
  40.091   30.817   18.758
  40.295   31.148   17.001
  38.767   31.442   17.801
  40.172   38.495   20.217
  40.377   38.827   18.459
  41.225   38.354   19.391
  34.265   47.140    4.532
  35.401   47.725    4.968
  35.635   47.979    6.341
  36.812   48.586    6.793
  37.798   48.961    5.889
  33.129   46.555    4.096
  32.895   46.301    2.724
  38.522   48.382    6.638
  37.753   50.000    6.469
  38.634   49.280    5.141
  32.941   45.261    2.144
  32.171   46.880    1.975
  32.225   46.011    3.001
  25.929   31.167    2.301
  25.186   30.076    2.582
  23.809   30.166    2.893
  23.038   29.034    3.184
  23.617   27.771    3.173
  26.673   32.259    2.021
  28.050   32.168    1.710
  22.681   27.491    2.490
  23.087   27.663    4.236
  24.090   26.706    3.168
  28.579   32.277    0.647
  28.985   32.449    2.393
  27.979   32.944    1.650
  42.561   13.237    4.534
  42.374   14.574    4.561
  43.117   15.452    3.736
  42.923   16.838    3.764
  41.979   17.396    4.618
  42.748   11.901    4.507
  42.006   11.023    5.331
  41.623   17.972    3.637
  42.874   18.121    4.923
  41.190   17.877    5.329
  41.111   10.297    5.026
  42.361   10.447    6.312
  42.442   10.485    4.969
  26.207   19.860   20.399
  26.544   18.897   21.284
  25.569   18.145   21.981
  25.919   17.146   22.898
  27.255   16.865   23.151
  25.870   20.823   19.515
  26.845   21.575   18.818
  26.918   15.737   22.968
  26.924   16.956   24.292
  28.373   16.619   23.373
  27.177   21.485   17.677
  27.183   22.703   19.002
  26.211   21.912   18.511
   5.601    4.350    8.535
   6.509    4.097    9.501
   7.519    3.117    9.344
   8.460    2.855   10.346
   8.427    3.563   11.541
   4.693    4.603    7.568
   3.684    5.582    7.726
   9.588    3.722   11.329
   8.493    2.480   12.034
   8.410    4.150   12.549
   3.618    6.665    7.233
   2.522    5.423    7.938
   3.490    5.345    7.007
  29.771   25.860   16.540
  28.690   25.923   17.346
  27.966   24.766   17.722
  26.845   24.831   18.558
  26.407   26.056   19.047
  30.852   25.797   15.734
  31.576   26.953   15.358
  26.407   25.489   20.096
  25.345   25.685   18.656
  26.029   27.077   19.465
  32.639   27.323   15.750
  31.577   27.520   14.310
  32.005   26.429   14.970
  25.756   45.292   27.603
  25.628   45.867   26.388
  25.107   45.162   25.277
  24.975   45.758   24.017
  25.359   47.079   23.823
  25.883   44.718   28.818
  26.404   45.422   29.930
  24.284   47.181   23.317
  25.944   46.635   22.885
  25.677   48.187   23.647
  25.818   45.866   30.868
  27.478   45.320   30.435
  26.273   44.740   30.288
  32.693   23.362   16.497
  32.764   22.053   16.171
  31.674   21.366   15.588
  31.748   20.009   15.250
  32.914   19.292   15.485
  32.622   24.670   16.822
  33.712   25.358   17.406
  32.775   18.946   14.353
  32.175   18.506   15.992
  33.887   18.678   15.676
  34.452   26.143   16.899
  33.852   25.703   18.538
  33.210   25.956   17.382
   3.402   14.281   17.088
   3.148   15.427   17.755
   3.852   16.625   17.483
   3.588   17.813   18.174
   2.611   17.847   19.161
   3.656   13.135   16.422
   2.952   11.937   16.694
   2.234   18.813   18.572
   3.467   18.368   19.807
   1.794   17.890   19.992
   2.097   11.417   16.048
   3.329   10.972   17.282
   3.417   11.661   16.130
  23.240   24.932   16.576
  23.638   23.647   16.463
  24.998   23.271   16.565
  25.410   21.938   16.448
  24.477   20.934   16.225
  22.842   26.217   16.690
  21.482   26.593   16.588
  25.032   20.395   17.131
  25.225   20.611   15.355
  23.704   20.081   16.037
  20.734   26.915   17.458
  20.927   27.131   15.681
  21.780   27.305   16.707
   6.355   33.008    5.316
   7.453   33.778    5.473
   8.053   34.458    4.388
   9.192   35.256    4.550
   9.771   35.402    5.805
   5.257   32.238    5.159
   4.656   31.558    6.245
   9.731   36.564    5.544
  10.778   35.135    5.228
  10.266   35.534    6.852
   3.649   31.825    6.822
   4.696   30.396    6.506
   4.164   31.321    5.687
  17.511   13.805   45.915
  17.675   12.739   45.104
  18.924   12.429   44.515
  19.093   11.323   43.673
  18.020   10.487   43.391
  17.348   14.872   46.726
  16.099   15.181   47.315
  18.785    9.621   43.684
  18.366   10.640   42.261
  17.128    9.777   43.145
  15.753   15.028   48.445
  15.334   16.047   47.022
  16.509   15.773   47.618
  11.689   17.594   34.388
  12.801   16.829   34.347
  14.097   17.393   34.270
  15.250   16.600   34.228
  15.148   15.215   34.260
  10.578   18.359   34.429
   9.282   17.796   34.506
  15.970   15.304   35.118
  15.879   15.269   33.321
  15.077   14.051   34.287
   8.551   17.742   35.445
   8.460   17.706   33.648
   9.071   18.548   34.502
   9.048   44.249   48.766
   8.373   43.167   48.323
   8.470   41.909   48.963
   7.770   40.787   48.503
   6.949   40.883   47.387
   9.723   45.331   49.209
   9.626   46.589   48.569
   6.151   40.345   48.089
   7.540   39.912   47.030
   6.256   40.950   46.451
   9.035   47.560   48.926
  10.425   47.128   47.867
  10.123   46.797   49.135
  47.132   29.780   28.168
  47.185   29.239   29.404
  46.016   28.956   30.150
  46.071   28.395   31.431
  47.297   28.096   32.013
  47.078   30.321   26.933
  48.247   30.604   26.187
  46.791   27.039   32.227
  46.851   28.688   32.946
  48.319   27.841   32.513
  48.693   30.012   25.253
  48.753   31.661   25.973
  47.724   30.852   25.662
   6.457    1.762    7.200
   7.752    1.409    7.343
   8.742    1.796    6.408
  10.085    1.430    6.557
  10.487    0.665    7.645
   5.161    2.114    7.056
   4.171    1.728    7.991
  11.327    1.502    7.758
  11.023   -0.000    6.814
  10.837    0.023    8.553
   3.635    2.393    8.822
   3.331    0.891    7.878
   3.708    2.127    7.505
  17.091   17.410   37.701
  17.954   18.447   37.637
  17.513   19.780   37.465
  18.408   20.855   37.399
  19.776   20.634   37.503
  16.228   16.374   37.765
  16.669   15.040   37.937
  19.724   21.509   38.311
  19.828   21.312   36.524
  20.926   20.463   37.588
  16.617   14.362   38.915
  16.721   14.166   37.129
  15.902   14.896   37.908
  47.606   15.936   25.144
  47.521   14.662   25.583
  46.343   13.893   25.431
  46.255   12.573   25.887
  47.342   11.973   26.511
  47.691   17.210   24.705
  48.870   17.978   24.857
  47.128   11.087   25.743
  46.538   11.676   27.338
  48.247   11.458   27.036
  49.674   18.275   24.029
  49.084   18.865   25.624
  48.436   18.519   24.496
  39.943   16.243    7.094
  38.986   16.400    6.155
  37.784   17.098    6.418
  36.792   17.260    5.444
  36.967   16.731    4.171
  40.900   16.087    8.034
  42.102   15.389    7.771
  36.649   17.822    3.815
  35.875   16.287    4.347
  37.101   16.291    3.099
  43.194   15.832    7.595
  42.420   14.297    8.127
  42.248   15.574    8.515
  16.269   37.269   14.063
  16.691   36.520   15.104
  17.078   37.098   16.337
  17.515   36.321   17.416
  17.581   34.938   17.302
  15.848   38.018   13.023
  15.461   37.440   11.790
  16.984   34.955   18.333
  18.679   35.084   17.741
  17.641   33.776   17.220
  14.363   37.294   11.351
  16.058   37.423   10.759
  15.338   38.187   11.600
  17.685   24.045   45.246
  16.893   24.854   44.511
  16.501   26.135   44.966
  15.679   26.974   44.204
  15.220   26.562   42.960
  18.477   23.236   45.982
  18.869   21.955   45.527
  15.616   27.628   42.605
  14.160   26.908   43.381
  14.827   26.228   41.913
  19.929   21.609   45.106
  18.473   20.888   45.882
  19.242   21.942   46.213
  41.518   28.423    0.633
  40.696   27.358    0.745
  41.065   26.074    0.278
  40.212   24.969    0.394
  38.961   25.109    0.980
  42.340   29.488    0.522
  41.972   30.772    0.988
  39.295   24.157    1.614
  38.584   24.538    0.005
  37.908   25.213    1.471
  42.349   31.344    1.963
  41.637   31.724    0.354
  42.681   30.957    0.718
   6.462   27.898   17.003
   7.132   29.010   17.376
   7.791   29.839   16.437
   8.486   30.991   16.825
   8.546   31.355   18.164
   5.793   26.787   16.629
   5.134   25.958   17.568
   8.212   32.423   17.754
   9.715   31.451   17.951
   8.605   31.672   19.285
   3.965   25.862   17.781
   5.467   24.890   17.977
   4.955   25.553   16.924
  16.868   38.019   38.795
  18.157   38.118   38.405
  19.225   37.701   39.234
  20.562   37.804   38.830
  20.877   38.328   37.582
  15.579   37.920   39.185
  14.511   38.338   38.356
  21.552   37.350   37.487
  21.642   38.999   38.203
  21.157   38.765   36.538
  13.747   37.666   37.736
  13.836   39.315   38.452
  14.085   38.097   38.965
  35.698   17.050   24.612
  35.457   16.051   23.736
  34.950   14.797   24.150
  34.699   13.761   23.242
  34.946   13.943   21.888
  35.940   18.049   25.487
  36.447   19.303   25.073
  33.843   13.510   21.761
  35.524   12.905   21.987
  35.149   14.082   20.748
  35.869   20.341   24.974
  37.550   19.737   25.199
  36.399   19.456   25.837
   6.091   22.133   29.881
   4.744   22.121   29.968
   3.957   23.229   29.574
   2.560   23.216   29.663
   1.900   22.095   30.150
   7.438   22.146   29.795
   8.225   21.037   30.188
   1.234   22.221   29.170
   1.335   22.887   30.839
   1.333   21.160   30.557
   8.789   20.246   29.499
   8.890   20.911   31.169
   8.808   21.508   29.966
  41.372    2.036   23.990
  40.478    1.727   24.953
  40.880    1.319   26.247
  39.952    0.998   27.246
  38.590    1.074   26.985
  42.267    2.345   23.028
  41.865    2.753   21.734
  38.562    1.696   28.001
  38.571   -0.020   27.458
  37.443    1.134   26.781
  41.884    3.847   21.261
  41.892    2.131   20.718
  42.637    2.792   21.622
   6.541   40.117   38.167
   5.702   39.184   37.669
   4.842   39.455   36.578
   3.972   38.488   36.061
   3.930   37.215   36.617
   7.380   41.049   38.665
   8.240   40.779   39.756
   4.033   36.859   35.484
   2.753   37.400   36.628
   3.885   36.143   37.073
   9.417   40.594   39.745
   8.137   41.135   40.888
   8.449   41.522   39.638
  47.882    3.256   20.195
  46.682    2.753   19.834
  46.499    1.378   19.555
  45.254    0.857   19.180
  44.150    1.692   19.072
  49.082    3.759   20.556
  49.266    5.134   20.835
  43.620    0.863   19.744
  44.015    1.161   18.013
  43.214    2.382   18.977
  49.400    5.665   21.894
  49.796    5.963   20.163
  50.000    4.901   20.963
  27.679   32.242   34.328
  27.363   33.125   33.357
  27.805   34.468   33.392
  27.478   35.384   32.385
  26.696   34.988   31.307
  27.994   31.359   35.300
  27.552   30.015   35.265
  27.555   35.503   30.661
  26.071   35.969   31.567
  26.040   34.670   30.396
  28.177   29.035   35.004
  26.693   29.500   35.910
  27.950   29.978   35.936
   7.595   43.924   41.199
   6.291   43.577   41.238
   5.258   44.544   41.285
   3.906   44.184   41.325
   3.538   42.845   41.319
   8.899   44.271   41.160
   9.931   43.304   41.113
   2.800   43.186   40.447
   2.860   43.162   42.246
   3.214   41.724   41.315
  10.609   42.987   40.186
  10.669   42.963   41.985
  10.382   43.941   41.107
  45.712    5.973    6.517
  45.851    6.733    7.624
  44.752    7.055    8.455
  44.896    7.843    9.604
  46.145    8.336    9.962
  45.573    5.214    5.409
  46.672    4.891    4.578
  45.869    7.892   11.032
  45.564    9.373   10.055
  47.187    8.757   10.274
  47.252    3.855    4.484
  46.947    5.336    3.507
  46.120    4.512    4.176
  34.529    3.904   30.385
  34.658    5.023   31.129
  34.212    5.088   32.471
  34.346    6.248   33.242
  34.930    7.386   32.699
  34.400    2.785   29.642
  34.846    2.720   28.300
  35.579    7.371   33.699
  33.964    7.932   33.135
  35.418    8.348   32.256
  35.811    2.175   27.865
  34.196    2.735   27.301
  34.573    1.991   28.356
   3.307   44.961   44.440
   4.371   45.041   45.267
   5.580   45.663   44.876
   6.683   45.747   45.733
   6.617   45.212   47.014
   2.243   44.880   43.613
   1.034   44.258   44.005
   7.043   46.275   47.340
   7.650   44.701   46.713
   6.574   44.767   48.091
  -0.000   44.769   44.305
   0.607   43.194   43.678
   0.819   44.463   43.282
  13.983    9.411   41.940
  13.780   10.496   41.163
  13.179   11.675   41.664
  12.968   12.801   40.859
  13.350   12.787   39.523
  14.186    8.325   42.716
  14.787    7.146   42.215
  13.868   13.825   39.795
  12.246   13.194   39.338
  13.666   12.789   38.400
  15.891    6.739   42.400
  14.269    6.108   41.943
  14.674    6.904   42.949
  21.753   13.569   42.808
  20.429   13.518   42.549
  19.676   14.680   42.263
  18.303   14.627   41.994
  17.634   13.409   42.002
  23.077   13.620   43.067
  23.831   12.458   43.353
  17.214   13.780   40.951
  16.863   13.985   42.705
  17.061   12.393   42.006
  24.603   11.882   42.651
  24.252   12.086   44.404
  24.412   12.977   43.409
  18.963    9.101   37.361
  19.260    8.228   36.374
  20.590    7.835   36.095
  20.898    6.931   35.072
  19.886    6.387   34.291
  18.667    9.973   38.347
  17.336   10.366   38.626
  20.423    5.354   34.544
  20.584    6.721   33.384
  19.046    5.923   33.627
  16.638   10.032   39.532
  16.799   11.399   38.373
  17.690   10.792   39.177
  23.827    8.336   34.753
  22.759    9.124   34.506
  21.597    8.632   33.865
  20.489    9.449   33.609
  20.504   10.787   33.985
  24.895    7.548   35.000
  26.057    8.039   35.641
  19.444   10.529   34.465
  20.140   10.971   32.865
  20.503   11.911   34.295
  26.421    7.855   36.761
  27.117    8.297   35.161
  26.295    7.302   35.541
  27.895   30.930   37.986
  26.915   31.831   37.760
  26.133   31.808   36.581
  25.117   32.742   36.347
  24.847   33.732   37.283
  28.875   30.029   38.212
  29.657   30.052   39.391
  23.719   33.371   37.148
  24.905   34.458   36.340
  24.609   34.568   38.061
  29.599   29.326   40.335
  30.785   30.413   39.527
  29.994   29.434   39.053
  44.784   48.187   39.012
  45.521   47.480   38.128
  46.931   47.401   38.220
  47.694   46.669   37.304
  47.076   45.989   36.262
  44.048   48.893   39.895
  42.638   48.972   39.803
  47.745   45.076   36.633
  47.895   46.536   35.591
  46.569   45.414   35.383
  41.818   48.426   40.473
  41.969   49.886   39.432
  42.727   49.417   40.439
  41.314    6.976   45.202
  40.279    7.730   45.632
  39.756    7.608   46.941
  38.682    8.389   47.386
  38.095    9.320   46.538
  42.349    6.223   44.773
  42.873    6.345   43.464
  38.233   10.057   47.464
  37.079    8.802   46.886
  37.592   10.104   45.837
  43.888    6.863   43.116
  42.735    5.608   42.538
  43.354    5.785   43.719
  26.573   12.833    2.456
  26.515   12.496    3.762
  25.870   11.316    4.204
  25.810   10.966    5.558
  26.392   11.784    6.519
  26.631   13.170    1.150
  27.276   14.349    0.708
  26.884   10.767    6.898
  25.338   11.674    7.064
  26.877   12.461    7.335
  28.330   14.459    0.163
  26.784   15.366    0.328
  27.046   14.086    0.009
  48.699   17.371   22.119
  48.749   18.708   21.936
  49.975   19.408   21.852
  50.026   20.795   21.662
  48.853   21.529   21.549
  48.650   16.035   22.302
  47.423   15.334   22.386
  49.384   21.983   20.583
  49.365   22.229   22.367
  47.876   22.158   21.452
  46.911   14.635   21.568
  46.892   14.880   23.351
  47.901   14.722   22.475
  27.011   18.113   13.643
  25.992   18.335   12.785
  24.787   17.595   12.845
  23.731   17.825   11.956
  23.841   18.802   10.975
  28.030   17.892   14.500
  29.235   18.632   14.440
  22.777   19.149   11.385
  23.467   17.933   10.251
  23.920   19.620   10.147
  29.609   19.501   15.164
  30.299   18.285   14.030
  29.422   18.174   15.044
  24.366   12.592   28.464
  23.969   12.184   29.688
  24.036   10.827   30.085
  23.625   10.404   31.354
  23.132   11.322   32.273
  24.762   13.000   27.240
  24.695   14.357   26.844
  23.909   10.803   33.013
  22.243   10.537   32.385
  22.717   12.083   33.054
  25.585   15.142   26.732
  23.919   14.877   26.104
  24.991   14.068   26.181
  19.269   23.615    1.146
  20.207   23.037    1.926
  20.720   21.747    1.651
  21.693   21.147    2.460
  22.186   21.816    3.574
  18.332   24.193    0.365
  17.818   25.483    0.640
  23.247   21.521    3.118
  21.952   20.789    4.132
  22.609   22.366    4.511
  18.052   26.509    0.082
  16.757   25.777    1.096
  17.398   25.336   -0.002
  12.727   35.498   37.809
  14.018   35.106   37.761
  15.072   35.939   38.206
  16.411   35.533   38.156
  16.743   34.279   37.659
  11.436   35.890   37.858
  10.382   35.056   37.412
  17.383   34.195   38.661
  17.532   34.890   37.007
  17.037   33.229   37.245
   9.594   34.445   38.064
   9.743   35.140   36.410
   9.949   35.668   37.631
  12.259    1.875   28.937
  13.604    1.874   28.817
  14.323    3.031   28.435
  15.718    3.030   28.310
  16.442    1.872   28.563
  10.914    1.876   29.057
  10.195    0.719   29.439
  17.106    2.591   29.243
  16.951    2.117   27.514
  17.063    0.907   28.773
   9.686    0.475   30.489
   9.531    0.000   28.759
   9.586    1.202   29.361
   6.190   48.759   21.473
   4.927   48.789   20.998
   4.353   49.969   20.468
   3.043   50.000   19.976
   2.260   48.852   19.995
   7.454   48.729   21.949
   8.028   47.549   22.478
   2.055   49.130   18.854
   1.449   49.570   20.491
   1.593   47.896   20.004
   8.839   46.831   21.982
   8.233   47.271   23.619
   8.642   48.020   22.579
  17.920    1.548   22.619
  16.607    1.677   22.335
  15.625    0.855   22.938
  14.263    0.987   22.644
  13.834    1.947   21.736
  19.234    1.420   22.903
  20.215    2.242   22.300
  13.058    2.227   22.597
  13.232    1.037   21.257
  13.459    2.748   20.976
  20.817    3.153   22.779
  20.990    1.963   21.439
  20.694    1.813   22.743
  19.758   34.365   26.263
  20.074   34.943   25.085
  19.163   35.773   24.388
  19.491   36.373   23.166
  20.741   36.165   22.597
  19.442   33.786   27.441
  20.353   32.957   28.137
  20.748   37.352   22.495
  20.110   35.915   21.618
  21.787   35.998   22.109
  20.984   33.207   29.117
  20.346   31.770   28.240
  19.760   32.911   28.643
  15.423   27.010    5.965
  15.976   26.438    7.056
  16.726   25.241    6.977
  17.299   24.648    8.108
  17.142   25.231    9.359
  14.871   27.582    4.874
  14.121   28.779    4.953
  18.323   25.090    9.430
  16.821   24.131    9.688
  17.017   25.710   10.415
  14.441   29.879    4.624
  12.939   28.920    4.882
  14.060   28.666    4.182
  26.396    4.098   13.356
  26.338    4.428   12.048
  26.961    5.593   11.541
  26.901    5.936   10.185
  26.216    5.126    9.288
  26.453    3.768   14.664
  25.831    2.603   15.172
  27.216    5.212    8.646
  25.710    6.150    8.949
  25.644    4.455    8.524
  26.336    1.579   15.510
  24.830    2.516   15.813
  26.129    2.865   15.844
  13.648   20.315   37.850
  14.453   21.076   38.622
  15.136   20.546   39.743
  15.971   21.335   40.544
  16.153   22.681   40.252
  12.843   19.555   37.078
  12.160   20.084   35.957
  17.309   22.414   40.358
  15.908   22.831   41.408
  16.315   23.812   40.018
  12.405   19.934   34.801
  11.004   20.351   35.851
  11.900   19.350   35.902
  36.147   13.844   16.405
  35.704   14.571   15.358
  34.866   14.017   14.361
  34.406   14.771   13.275
  34.767   16.107   13.147
  36.591   13.116   17.452
  37.428   13.670   18.449
  33.599   16.272   12.984
  35.049   15.789   12.034
  35.063   17.228   13.028
  37.147   13.988   19.563
  38.597   13.504   18.612
  37.379   12.948   18.742
  33.189    6.893   25.612
  34.209    6.455   26.380
  35.343    7.258   26.650
  36.401    6.803   27.447
  36.363    5.530   28.001
  32.169    7.331   24.844
  31.035    6.529   24.574
  36.645    6.102   29.008
  37.461    5.441   27.546
  36.344    4.464   28.473
  29.937    6.618   25.028
  30.754    5.957   23.567
  30.818    7.159   24.167
   7.119   48.105   36.636
   7.726   47.308   35.732
   9.131   47.144   35.701
   9.761   46.317   34.763
   9.008   45.624   33.823
   6.512   48.903   37.541
   5.106   49.067   37.572
   9.655   44.691   34.185
   9.792   46.081   33.050
   8.388   45.037   33.029
   4.323   48.610   38.345
   4.460   50.000   37.210
   5.281   49.537   38.170
  40.604    6.008   34.740
  39.423    6.229   35.356
  39.122    5.672   36.621
  37.898    5.900   37.260
  36.930    6.694   36.656
  41.785    5.788   34.124
  42.086    6.345   32.858
  36.899    7.236   37.717
  36.208    5.781   36.912
  36.110    7.358   36.161
  42.809    7.257   32.602
  42.118    5.803   31.797
  42.759    5.964   32.969
  46.821   23.532   15.351
  47.477   22.352   15.382
  46.847   21.156   15.800
  47.527   19.932   15.833
  48.860   19.861   15.449
  46.166   24.712   15.319
  46.795   25.908   14.901
  48.484   18.948   14.781
  48.990   19.275   16.478
  49.979   19.788   15.129
  46.665   26.495   13.872
  47.171   26.821   15.569
  46.090   26.207   15.054
  30.070   15.756   42.470
  31.399   15.575   42.320
  31.995   14.294   42.399
  33.374   14.106   42.244
  34.205   15.193   42.003
  28.740   15.937   42.619
  28.144   17.218   42.540
  34.622   14.512   41.118
  34.852   14.729   42.891
  34.915   16.096   41.801
  27.498   17.682   41.653
  27.727   17.899   43.425
  27.494   16.807   42.674
   3.045    8.754   23.349
   3.675    8.234   22.274
   4.596    8.987   21.507
   5.250    8.447   20.393
   5.005    7.136   20.005
   2.415    9.274   24.423
   1.494    8.521   25.190
   6.194    7.057   19.986
   4.852    7.621   18.927
   4.810    6.037   19.669
   1.647    8.037   26.268
   0.305    8.600   25.209
   1.452    9.186   25.597
  41.820   44.467   36.368
  41.124   44.840   37.463
  40.306   43.933   38.177
  39.584   44.319   39.312
  39.655   45.627   39.775
  42.516   44.095   35.273
  43.335   45.002   34.560
  39.866   45.106   40.826
  38.466   45.551   39.786
  39.706   46.722   40.175
  44.524   45.079   34.550
  43.124   45.523   33.509
  43.464   44.372   34.117
  34.163   19.993   27.591
  35.360   20.193   28.184
  36.419   20.862   27.528
  37.660   21.070   28.144
  37.884   20.615   29.437
  32.967   19.793   26.998
  31.907   19.123   27.654
  38.287   21.722   29.617
  38.875   20.151   28.963
  38.087   20.238   30.522
  30.917   19.586   28.128
  31.505   18.016   27.473
  31.541   19.267   26.979
  23.600   38.082    1.072
  24.669   37.281    1.265
  25.894   37.488    0.587
  27.003   36.657    0.787
  26.926   35.588    1.671
  22.531   38.884    0.880
  21.307   38.677    1.558
  27.944   36.038    2.098
  27.384   34.970    0.761
  26.875   34.688    2.411
  20.849   39.295    2.468
  20.289   38.228    1.131
  21.095   39.305    1.145
  37.914   16.015   19.187
  38.834   15.863   18.210
  38.554   16.183   16.861
  39.508   16.025   15.848
  40.775   15.541   16.148
  36.995   16.167   20.164
  37.275   15.847   21.514
  41.142   16.483   15.518
  40.566   14.801   15.238
  41.842   15.137   16.387
  37.483   16.588   22.424
  36.908   14.905   22.145
  36.537   16.084   21.612
  25.893   42.113   39.319
  25.636   43.212   40.060
  26.611   44.213   40.282
  26.345   45.351   41.051
  25.093   45.530   41.626
  26.150   41.015   38.577
  25.175   40.014   38.356
  25.167   46.615   41.138
  25.722   45.748   42.615
  24.046   45.693   42.115
  24.546   39.797   37.367
  25.100   38.930   38.844
  25.755   39.689   37.947
   6.666    4.065   38.999
   7.443    3.364   38.145
   8.809    3.675   37.947
   9.615    2.949   37.062
   9.083    1.886   36.343
   5.889    4.765   39.852
   4.523    4.454   40.050
  10.042    1.304   36.744
   9.593    2.429   35.413
   8.649    0.992   35.733
   4.012    3.911   40.979
   3.564    5.036   39.648
   4.567    5.057   40.544
  40.697   38.877    6.035
  40.313   37.634    5.672
  39.828   36.695    6.612
  39.430   35.406    6.236
  39.504   35.012    4.906
  41.081   40.119    6.398
  41.566   41.059    5.458
  38.381   34.654    5.085
  40.058   34.057    5.355
  39.560   34.667    3.793
  41.012   42.013    5.009
  42.689   41.417    5.279
  41.623   41.507    6.095
  35.889   22.605   47.486
  34.942   23.535   47.734
  35.188   24.918   47.567
  34.206   25.882   47.823
  32.943   25.497   48.256
  36.836   21.675   47.239
  36.591   20.292   47.406
  32.567   26.218   47.384
  33.120   26.326   49.094
  31.879   25.188   48.620
  36.414   19.463   46.568
  36.967   19.571   48.278
  37.333   20.240   47.169
  28.456   25.186   44.562
  28.570   26.482   44.203
  29.735   27.237   44.479
  29.854   28.581   44.107
  28.812   29.219   43.444
  28.341   23.889   44.921
  27.177   23.135   44.645
  29.671   29.559   42.692
  28.972   30.059   44.274
  27.945   29.766   42.888
  27.017   22.294   43.816
  26.317   22.794   45.397
  27.585   22.573   45.003
  50.001   30.548   13.203
  17.341   19.883   18.085
  28.028    4.406    6.073
  25.309   13.297   31.033
  21.772   26.266   43.979
   5.377   14.406   15.910
  47.779    4.723   32.244
  39.956   44.943   26.114
  34.763   21.655   38.021
  42.203    0.059   34.438
  12.166   15.422   15.694
   4.623   46.255    8.298
   9.437   14.131    3.697
   0.165   19.073    7.572
  47.282   10.853    4.093
   7.073   15.370   43.727
  18.778   14.873   48.397
  38.727    0.411   29.865
   1.253   29.835    0.894
  22.307   30.801   43.406
  38.243   48.768   16.281
  23.835   35.687   -0.001
  34.242    0.169   29.545
  10.535   40.933    7.686
  14.611   18.272   37.337
   4.268   29.562   49.184
  48.823    4.555   18.521
   2.582    1.698   22.159
  22.058   39.566   34.116
   8.010   24.267   50.000
  14.490   31.030   29.380
  26.813    9.249   27.823
   7.380   36.647    9.944
   4.218   23.043   41.449
  34.313   47.384   24.644
  23.304   31.561   17.517
  28.004    8.569   43.343
  13.957   15.809   18.149
   3.185   38.597   29.734
  41.598    9.483   45.798
  38.953    0.664   41.963
  49.457   38.469   10.284
  19.352    3.653   27.904
   8.035   27.003   32.978
  40.442   12.987    4.000
  19.500   33.748    2.378
   4.232   18.965   23.378
  34.251   49.786   36.975
  37.523    8.790    3.332
  26.737   40.692   34.634
  38.682   24.579   42.802
  34.918    4.495   34.677
  15.222   45.046   48.837
   8.271   40.614   28.869
  46.436   41.111   35.666
   9.719    2.915   46.459
  24.145   16.969   26.914
  43.581   28.155   22.651
  33.066    1.366   26.002
  49.523   45.451   47.685
  17.220   26.009   12.596
  28.346    5.240   34.926
   8.520   37.216    3.811
   2.175   32.620    0.643
   2.263   18.377    4.459
  45.937    0.421   21.790
  29.086   12.533    8.582
  16.977   20.335   25.863
  37.162   24.163   41.268
  28.677   20.318   20.852
  22.800    4.014    5.206
  42.103   21.649   20.385
  46.870   29.303   24.122
  44.548   20.093   20.645
  29.796    0.091   30.554
  33.259    4.260   45.028
  32.715    5.041   46.314
  33.803    3.479   43.741
  33.114    2.871   45.809
  33.405    5.648   44.246
  34.757    4.408   45.571
  31.762    4.111   44.484
  38.011   32.702   33.993
  38.989   32.356   32.774
  37.033   33.047   35.211
  38.636   31.494   34.836
  37.386   33.909   33.149
  36.910   31.710   33.390
  39.113   33.693   34.595
  28.376   42.001   20.761
  29.540   41.885   19.669
  27.212   42.117   21.853
  29.310   41.269   21.835
  27.442   42.733   19.688
  27.799   40.583   20.297
  28.953   43.419   21.226
  38.656   41.939   30.856
  37.928   43.000   31.807
  39.384   40.877   29.906
  39.776   41.705   31.975
  37.536   42.173   29.737
  39.537   43.113   30.220
  37.775   40.765   31.493
  39.305    2.613   44.014
  40.803    3.146   44.188
  37.806    2.080   43.840
  39.850    1.112   43.922
  38.760    4.115   44.106
  39.438    2.759   42.426
  39.172    2.468   45.602
  19.532   29.947   18.393
  19.583   31.173   19.420
  19.482   28.722   17.366
  18.256   29.359   19.157
  20.808   30.536   17.628
  20.496   29.104   19.352
  18.569   30.791   17.433
  16.108   22.891   37.164
  15.238   21.713   36.520
  16.978   24.069   37.809
  16.665   21.876   38.269
  15.552   23.906   36.060
  14.886   23.268   38.126
  17.330   22.514   36.203
  15.753   17.613   43.180
  16.032   16.948   44.608
  15.473   18.278   41.752
  17.193   18.309   43.222
  14.313   16.917   43.138
  15.114   18.891   43.900
  16.391   16.335   42.460
   4.297   42.956   47.095
   3.291   42.773   48.326
   5.302   43.140   45.864
   5.528   42.577   48.044
   3.065   43.335   46.146
   4.479   44.500   47.474
   4.114   41.413   46.716
   8.716    9.518    9.637
   7.875   10.145    8.429
   9.558    8.891   10.844
   7.464    8.604   10.034
   9.968   10.431    9.239
   8.182   10.672   10.608
   9.250    8.364    8.666
  48.894   26.988   28.403
  50.043   26.862   27.296
  47.745   27.114   29.509
  48.972   28.583   28.302
  48.815   25.393   28.503
  50.005   27.006   29.554
  47.783   26.970   27.251
  20.008   29.798    7.657
  20.740   28.498    8.237
  19.276   31.097    7.077
  21.399   30.589    7.675
  18.618   29.006    7.638
  19.707   30.293    9.148
  20.310   29.302    6.166
  44.543   18.486    1.603
  44.469   17.971    0.090
  44.618   19.001    3.116
  42.949   18.613    1.638
  46.138   18.359    1.567
  44.652   19.996    1.084
  44.435   16.976    2.122
   4.109   14.713   44.187
   2.711   15.478   44.043
   5.506   13.948   44.330
   3.337   13.312   44.232
   4.880   16.114   44.141
   4.005   14.822   45.779
   4.212   14.604   42.594
  27.602   48.269   36.110
  28.945   49.061   36.473
  26.260   47.478   35.747
  26.732   49.464   36.723
  28.472   47.075   35.497
  27.635   47.558   37.543
  27.570   48.981   34.677
  40.952    3.617   14.591
  41.376    4.286   15.981
  40.528    2.949   13.200
  42.474    3.673   14.099
  39.430    3.561   15.082
  40.698    5.070   13.970
  41.206    2.165   15.211
  11.568   46.791   38.846
  10.652   45.637   39.470
  12.483   47.945   38.222
  11.500   46.072   37.418
  11.635   47.509   40.274
  12.878   45.947   39.209
  10.257   47.634   38.484
  14.168    3.467   17.237
  13.760    4.577   16.158
  14.575    2.358   18.316
  12.852    3.806   18.082
  15.483    3.129   16.392
  14.982    4.570   18.063
  13.353    2.365   16.411
  16.884   30.811   27.234
  16.487   30.380   28.723
  17.282   31.241   25.746
  17.821   31.969   27.819
  15.948   29.652   26.650
  15.649   31.827   27.199
  18.119   29.794   27.270
  48.776   12.615   39.242
  47.543   13.633   39.312
  50.008   11.597   39.172
  49.793   13.849   39.197
  47.759   11.381   39.287
  48.693   12.625   37.644
  48.858   12.605   40.840
  39.644   33.847   43.071
  39.883   33.940   44.651
  39.405   33.754   41.492
  40.989   32.995   42.918
  38.298   34.699   43.225
  40.476   35.198   42.866
  38.812   32.496   43.277
  44.671   37.696   17.701
  44.177   36.442   16.840
  45.165   38.951   18.563
  46.172   37.443   17.209
  43.170   37.949   18.194
  44.921   36.736   18.957
  44.421   38.656   16.446
  13.217   35.803   44.459
  12.692   36.827   43.347
  13.742   34.779   45.571
  11.706   35.467   44.863
  14.728   36.139   44.055
  13.242   36.986   45.536
  13.192   34.620   43.381
   6.124    8.396    1.565
   4.525    8.353    1.518
   7.723    8.440    1.612
   6.091    9.962    1.236
   6.157    6.831    1.894
   6.179    8.068   -0.000
   6.069    8.725    3.130
  48.654   44.129   12.556
  47.707   44.929   11.545
  49.602   43.328   13.567
  47.480   44.110   13.642
  49.829   44.147   11.470
  49.186   45.514   13.154
  48.123   42.743   11.958
  25.468    4.715   42.689
  25.986    3.214   42.881
  24.949    6.217   42.498
  25.750    4.613   41.118
  25.185    4.818   44.261
  26.955    5.258   42.921
  23.981    4.173   42.457
  35.048   30.520   46.774
  35.528   29.042   46.393
  34.568   31.999   47.155
  33.522   30.049   46.683
  36.574   30.992   46.865
  35.020   30.911   45.223
  35.076   30.130   48.326
  20.705   46.842   27.653
  20.189   48.356   27.666
  21.221   45.327   27.640
  19.193   46.326   27.734
  22.217   47.358   27.573
  20.785   46.856   29.251
  20.625   46.828   26.055
   3.137   28.663   27.509
   3.474   29.938   26.603
   2.800   27.388   28.415
   4.555   28.023   27.137
   1.719   29.303   27.882
   2.478   27.938   26.244
   3.796   29.388   28.774
  35.485   35.196   15.900
  34.196   36.049   15.485
  36.774   34.344   16.315
  35.406   35.798   17.381
  35.564   34.595   14.419
  36.430   36.410   15.458
  34.541   33.983   16.342
  37.739   16.348   44.978
  36.413   17.055   45.528
  39.065   15.641   44.428
  37.014   14.924   45.061
  38.464   17.772   44.894
  38.265   16.168   46.478
  37.213   16.528   43.477
  41.554   38.701   11.275
  40.548   39.258   10.163
  42.561   38.145   12.387
  42.578   39.884   10.939
  40.531   37.518   11.610
  42.260   37.779   10.174
  40.849   39.624   12.375
   9.005   24.625   30.111
  10.577   24.925   30.130
   7.434   24.326   30.091
   9.228   23.533   28.963
   8.783   25.718   31.258
   8.804   25.755   28.996
   9.207   23.496   31.225
  27.946   15.143   12.886
  26.681   15.948   13.444
  29.211   14.337   12.328
  27.144   13.768   13.053
  28.747   16.517   12.719
  28.509   14.995   14.376
  27.383   15.290   11.396
  42.179   45.672    6.237
  40.580   45.723    6.216
  43.778   45.620    6.257
  42.231   47.271    6.217
  42.128   44.073    6.257
  42.199   45.651    4.637
  42.159   45.692    7.836
  44.698   26.750   28.099
  43.883   25.375   28.028
  45.513   28.125   28.169
  43.324   27.567   28.035
  46.072   25.932   28.162
  44.788   26.778   26.501
  44.608   26.722   29.696
  19.877   42.025   32.836
  18.831   40.848   32.553
  20.924   43.202   33.118
  19.341   42.810   31.549
  20.414   41.240   34.122
  20.963   41.278   31.927
  18.792   42.772   33.744
  48.623   32.415   47.578
  47.811   33.650   48.189
  49.435   31.179   46.967
  50.000   33.176   47.867
  47.246   31.653   47.289
  48.555   33.088   46.128
  48.691   31.742   49.028
  38.537    9.612   42.630
  38.872   11.124   43.031
  38.203    8.100   42.229
  37.622   10.134   41.426
  39.452    9.090   43.834
  37.268    9.635   43.604
  39.806    9.590   41.656
  22.590   41.829   36.202
  23.945   42.678   36.256
  21.235   40.980   36.147
  21.799   43.047   36.873
  23.380   40.611   35.530
  22.904   41.234   37.653
  22.275   42.425   34.750
  34.848   16.849   28.692
  33.590   17.500   27.947
  36.106   16.199   29.437
  34.963   15.748   27.537
  34.733   17.951   29.847
  33.866   15.888   29.511
  35.830   17.811   27.873
  30.988    4.381    6.698
  30.192    3.578    7.830
  31.784    5.183    5.565
  32.126    3.257    6.701
  29.849    5.505    6.694
  31.782    5.188    7.828
  30.194    3.573    5.568
  21.592   28.270   49.018
  22.186   27.157   48.034
  20.998   29.383   50.002
  20.349   28.477   48.033
  22.836   28.062   50.003
  22.405   29.400   48.230
  20.779   27.139   49.806
  47.084   18.541   34.239
  47.178   17.697   32.883
  46.990   19.386   35.595
  45.502   18.304   34.277
  48.666   18.779   34.200
  46.862   19.880   33.390
  47.306   17.203   35.087
  20.970    6.267   18.948
  21.784    5.132   18.168
  20.155    7.402   19.729
  19.661    5.911   18.100
  22.279    6.623   19.797
  21.398    7.337   17.839
  20.541    5.197   20.058
  15.829   10.826   35.571
  15.433    9.503   34.764
  16.226   12.150   36.378
  14.294   11.048   35.962
  17.365   10.605   35.180
  15.618   11.697   34.246
  16.041    9.955   36.896
  41.991   45.262    1.480
  42.545   43.766    1.348
  41.437   46.757    1.611
  40.698   44.857    0.628
  43.284   45.666    2.331
  42.753   45.662    0.131
  41.228   44.861    2.828
  18.324   13.925   23.307
  19.696   13.338   22.731
  16.952   14.513   23.884
  19.073   15.281   23.708
  17.575   12.569   22.907
  18.665   13.312   24.745
  17.982   14.539   21.870
  17.218    5.774    1.038
  16.703    6.877   -0.000
  17.732    4.670    2.076
  18.674    5.832    0.378
  15.761    5.716    1.698
  16.800    4.617    0.015
  17.635    6.931    2.061
  16.176   40.558   36.613
  17.679   41.102   36.686
  14.673   40.014   36.541
  15.635   42.062   36.554
  16.718   39.053   36.672
  16.088   40.589   38.210
  16.265   40.527   35.016
  16.229   41.284   13.269
  15.569   40.446   14.461
  16.889   42.122   12.076
  15.538   40.311   12.203
  16.920   42.257   14.335
  17.512   40.329   13.308
  14.946   42.239   13.229
   9.040   17.937   20.576
  10.553   17.819   20.068
   7.528   18.055   21.085
   9.327   19.428   21.081
   8.754   16.446   20.071
   9.477   17.368   22.007
   8.603   18.505   19.146
  31.406    1.999    2.428
  31.816    3.478    2.882
  30.996    0.521    1.975
  32.864    1.786    1.804
  29.948    2.212    3.053
  30.889    2.572    1.027
  31.922    1.426    3.830
  47.398    7.029   16.582
  46.995    5.482   16.662
  47.800    8.575   16.502
  48.922    6.619   16.321
  45.873    7.439   16.843
  47.671    7.040   18.158
  47.125    7.018   15.005
  20.060   27.264   38.501
  21.495   27.809   38.951
  18.625   26.718   38.050
  19.536   27.401   40.006
  20.585   27.126   36.995
  20.535   25.766   38.803
  19.586   28.761   38.198
   9.521   38.480   19.569
  10.476   39.758   19.454
   8.565   37.202   19.683
   8.554   39.103   18.456
  10.487   37.857   20.682
   8.676   39.213   20.713
  10.365   37.746   18.425
  39.267   21.976    6.810
  38.853   23.002    7.966
  39.681   20.950    5.654
  38.745   20.757    7.705
  39.789   23.195    5.915
  40.722   21.830    7.460
  37.812   22.121    6.160
  44.216   26.563    5.303
  44.021   28.101    4.906
  44.412   25.025    5.700
  42.817   26.207    4.615
  45.616   26.919    5.992
  43.467   26.826    6.692
  44.966   26.300    3.915
  39.943   31.690   29.517
  40.238   30.142   29.793
  39.648   33.238   29.241
  41.042   32.094   30.607
  38.844   31.286   28.426
  38.818   31.679   30.654
  41.068   31.702   28.379
  11.482    8.695   47.849
  12.979    8.159   47.670
   9.985    9.231   48.028
  10.939    7.470   46.975
  12.025    9.920   48.723
  11.638    9.573   46.521
  11.326    7.817   49.177
  36.732    1.936   15.621
  37.140    0.668   14.736
  36.323    3.205   16.506
  36.367    0.968   16.841
  37.097    2.905   14.401
  35.228    1.827   15.085
  38.235    2.046   16.158
  42.302   15.843   46.622
  40.711   15.685   46.542
  43.892   16.000   46.703
  42.155   17.423   46.422
  42.448   14.262   46.822
  42.401   15.651   45.037
  42.203   16.034   48.208
  17.207    1.574   31.858
  17.408    3.148   31.654
  17.005   -0.000   32.062
  16.213    1.859   33.079
  18.200    1.288   30.637
  18.444    1.547   32.872
  15.969    1.601   30.845
  19.078    6.817   29.317
  18.522    5.333   29.534
  19.634    8.302   29.100
  17.588    7.336   29.050
  20.568    6.298   29.584
  19.255    6.523   27.754
  18.901    7.112   30.880
   1.127   39.681   31.191
  -0.000   38.779   31.879
   2.255   40.584   30.503
  -0.000   40.682   30.656
   2.255   38.680   31.727
   0.999   38.819   29.850
   1.256   40.544   32.533
  42.667    6.562   48.632
  43.332    7.056   47.264
  42.001    6.067   50.000
  42.227    8.064   48.961
  43.106    5.059   48.302
  44.054    6.800   49.393
  41.280    6.323   47.871
  34.184   29.294   31.017
  33.586   30.651   31.618
  34.782   27.936   30.417
  32.714   28.841   30.575
  35.653   29.746   31.460
  33.978   28.576   32.433
  34.389   30.011   29.602
  37.154   19.280   21.936
  37.830   18.714   23.271
  36.478   19.847   20.601
  38.303   20.388   21.824
  36.005   18.173   22.049
  36.270   20.287   22.811
  38.038   18.274   21.062
  46.370   48.588   46.205
  46.806   47.173   46.813
  45.935   50.002   45.598
  47.647   48.567   45.240
  45.094   48.609   47.170
  47.231   49.335   47.328
  45.509   47.840   45.083
  22.404    1.571    7.835
  20.838    1.599    7.513
  23.971    1.543    8.158
  22.438   -0.000    7.536
  22.371    3.142    8.134
  22.082    1.271    9.374
  22.726    1.871    6.297
   8.596   15.115   24.093
   9.507   13.840   24.417
   7.686   16.391   23.769
   9.910   16.019   23.962
   7.283   14.211   24.224
   8.518   15.455   25.654
   8.675   14.775   22.532
  15.068   10.722   18.381
  13.582   11.229   18.069
  16.553   10.214   18.693
  15.625   12.200   18.129
  14.510    9.243   18.633
  15.276   10.379   16.832
  14.859   11.064   19.930
  23.905   35.035   48.549
  25.084   33.975   48.767
  22.726   36.094   48.331
  23.287   34.110   47.399
  24.524   35.959   49.699
  24.793   35.798   47.458
  23.018   34.271   49.640
  15.317   15.228   10.028
  14.239   15.123    8.850
  16.394   15.333   11.206
  15.692   16.709    9.552
  14.941   13.747   10.503
  16.438   14.631    9.055
  14.195   15.825   11.000
  26.035   31.136   40.501
  26.310   29.855   41.418
  25.759   32.418   39.583
  26.272   32.091   41.763
  25.798   30.182   39.239
  24.477   31.055   40.855
  27.593   31.218   40.146
