   2.567   31.724   18.314
   3.066   30.477   18.452
   2.285   29.617   17.910
   1.243   30.116   17.375
   1.436   31.742   17.673
   0.537   31.649   17.151
   1.383   32.813   17.767
   2.496   28.619   17.914
   1.428   29.654   17.427
  19.176   46.432   11.754
  19.464   45.130   11.538
  20.733   44.952   11.492
  21.420   46.011   11.655
  20.242   47.169   11.859
  21.155   47.671   11.929
  19.638   48.048   12.010
  21.141   44.030   11.337
  21.526   45.529   11.575
   1.332   20.796   22.713
   0.545   20.890   21.620
   0.722   19.881   20.850
   1.576   19.038   21.274
   2.063   19.721   22.712
   2.604   18.833   22.617
   2.499   19.998   23.657
   0.213   19.777   19.973
   1.285   19.073   20.870
   5.900   15.414   18.242
   5.411   14.535   17.342
   5.745   14.877   16.153
   6.444   15.938   16.086
   6.578   16.374   17.687
   7.102   17.098   17.146
   6.775   16.813   18.650
   5.465   14.332   15.337
   6.263   15.613   15.753
  12.504   35.771   48.601
  11.857   36.114   47.467
  10.823   35.376   47.298
  10.641   34.507   48.210
  11.926   34.791   49.230
  11.388   34.003   49.655
  12.678   34.821   50.000
  10.208   35.488   46.493
  10.402   34.634   47.790
  23.997   46.926   47.567
  24.614   46.184   46.624
  23.958   46.220   45.523
  22.901   46.928   45.562
  22.907   47.485   47.131
  22.052   47.886   46.685
  22.737   47.940   48.092
  24.272   45.718   44.693
  23.130   46.653   45.213
   7.157    6.726   44.811
   6.617    7.792   44.184
   6.772    7.695   42.916
   7.384    6.644   42.539
   7.693    5.878   43.984
   8.092    5.263   43.240
   7.981    5.239   44.802
   6.428    8.409   42.275
   7.184    7.039   42.307
  26.725   30.925   34.144
  26.587   31.363   32.875
  25.985   30.487   32.159
  25.661   29.428   32.786
  26.221   29.740   34.322
  25.788   28.791   34.361
  26.508   29.757   35.360
  25.790   30.641   31.170
  25.610   29.590   32.316
  17.643   34.717    1.851
  18.200   35.472    0.881
  18.077   36.718    1.154
  17.475   36.960    2.249
  17.129   35.431    2.808
  16.748   36.092    3.521
  16.819   34.540    3.328
  18.438   37.443    0.535
  17.681   37.240    1.890
  42.538   38.327   30.876
  42.756   39.657   30.963
  41.672   40.305   30.749
  40.659   39.573   30.509
  41.301   38.041   30.601
  40.288   37.916   30.379
  41.525   36.987   30.617
  41.641   41.324   30.773
  40.740   40.066   30.541
   9.802   38.450   33.874
   8.779   39.159   33.352
   7.965   38.386   32.733
   8.292   37.156   32.748
   9.708   37.178   33.623
   9.541   36.179   33.368
  10.624   36.989   34.157
   7.128   38.743   32.272
   7.913   37.419   32.554
  18.546   26.477    7.206
  19.812   26.932    7.321
  19.845   28.207    7.201
  18.709   28.747    7.005
  17.688   27.433    7.004
  17.083   28.268    6.846
  16.880   26.721    6.971
  20.718   28.732    7.261
  19.178   28.916    7.048
  16.629   16.233   25.254
  15.589   15.379   25.366
  14.505   15.935   24.969
  14.645   17.135   24.569
  16.276   17.390   24.778
  15.892   18.281   24.391
  17.292   17.742   24.840
  13.612   15.443   24.980
  14.260   16.819   24.610
  28.439   30.863   41.162
  29.389   30.690   42.106
  28.874   30.746   43.278
  27.617   30.946   43.292
  27.256   31.040   41.670
  26.352   31.174   42.176
  26.829   31.131   40.686
  29.439   30.636   44.120
  27.969   30.882   43.642
  45.454   20.491    6.213
  45.963   21.651    6.679
  45.141   22.614    6.482
  44.058   22.273    5.907
  44.274   20.637    5.688
  43.334   20.860    5.291
  44.228   19.586    5.460
  45.352   23.570    6.769
  44.246   22.703    6.080
  31.590   31.578   15.131
  32.815   32.135   15.229
  32.722   33.375   15.540
  31.528   33.794   15.683
  30.634   32.425   15.372
  29.943   33.179   15.582
  29.894   31.660   15.207
  33.546   33.964   15.659
  31.982   34.000   15.719
  24.420   23.036   28.300
  23.357   22.528   28.959
  23.236   21.275   28.719
  24.119   20.801   27.936
  25.047   22.140   27.597
  25.478   21.350   27.068
  25.757   22.878   27.262
  22.487   20.718   29.131
  23.725   20.613   28.180
  22.905   32.703   14.692
  21.943   31.787   14.935
  22.419   30.600   14.849
  23.658   30.550   14.561
  24.058   32.160   14.435
  24.935   31.629   14.241
  24.505   33.132   14.311
  21.839   29.775   15.001
  23.302   30.210   14.651
  33.575   18.250    5.686
  33.662   17.647    4.481
  32.796   18.133    3.671
  32.066   19.050    4.168
  32.647   19.160    5.724
  31.882   19.866    5.651
  32.881   19.378    6.752
  32.711   17.800    2.711
  32.098   18.826    3.722
   9.176    8.723    4.903
   9.125    7.401    4.634
   8.925    6.731    5.708
   8.820    7.441    6.760
   9.011    8.984    6.165
   8.869    9.087    7.195
   9.110   10.039    5.976
   8.856    5.714    5.703
   8.801    6.951    6.660
  45.275    5.926   10.019
  44.241    6.742    9.724
  44.559    7.546    8.778
  45.745    7.402    8.339
  46.321    6.157    9.281
  47.102    6.419    8.640
  46.866    5.375    9.782
  43.903    8.240    8.418
  45.362    7.704    8.230
  34.750   45.799   22.824
  33.814   46.635   22.328
  32.890   46.839   23.193
  33.056   46.226   24.296
  34.486   45.415   24.038
  34.185   45.167   25.006
  35.384   44.820   24.062
  32.094   47.446   22.997
  32.709   46.536   24.112
  22.365   47.671   31.345
  22.855   48.019   30.136
  21.913   48.084   29.270
  20.757   47.813   29.728
  21.078   47.491   31.329
  20.047   47.371   31.212
  21.083   47.250   32.379
  22.092   48.333   28.297
  20.938   47.942   29.280
  25.088   31.710    4.098
  25.845   32.819    3.966
  26.951   32.542    3.380
  27.086   31.317    3.062
  25.660   30.652    3.605
  26.203   29.866    3.183
  24.815   30.045    3.883
  27.654   33.256    3.193
  27.367   31.728    3.013
   9.309    2.061   13.785
   9.689    2.229   12.500
   8.843    1.685   11.706
   7.861    1.122   12.287
   8.196    1.398   13.894
   7.302    0.860   13.874
   8.239    1.473   14.968
   8.963    1.709   10.693
   8.002    1.184   11.812
  14.021    4.947   15.221
  13.042    4.477   16.024
  12.332    3.608   15.405
  12.696    3.387   14.206
  13.999    4.409   14.038
  13.896    3.919   13.122
  14.852    4.994   13.739
  11.543    3.142   15.852
  12.333    3.213   14.503
  33.807   20.109   16.917
  35.146   20.247   17.028
  35.693   19.121   17.304
  34.876   18.150   17.408
  33.413   18.886   17.114
  33.200   17.879   17.287
  32.388   19.174   16.951
  36.701   19.028   17.426
  35.372   18.201   17.450
  16.476   41.613    3.761
  15.164   41.516    3.457
  14.452   41.537    4.522
  15.120   41.642    5.600
  16.687   41.702    5.041
  16.749   41.769    6.081
  17.750   41.757    4.878
  13.435   41.474    4.491
  14.634   41.606    5.487
  14.047   27.351   15.768
  13.120   28.154   16.331
  13.554   28.637   17.436
  14.729   28.263   17.748
  15.134   27.269   16.476
  15.960   27.270   17.116
  15.574   26.603   15.753
  12.990   29.267   18.006
  14.386   28.561   17.957
  19.274   36.661   43.488
  20.440   36.174   43.013
  20.330   34.926   42.744
  19.180   34.436   42.979
  18.344   35.755   43.555
  17.670   34.958   43.569
  17.646   36.477   43.944
  21.111   34.385   42.373
  19.611   34.256   42.803
  15.262   15.962   35.617
  15.471   16.752   36.692
  15.294   17.984   36.386
  14.971   18.184   35.171
  14.939   16.639   34.555
  14.687   17.271   33.762
  14.866   15.731   33.980
  15.408   18.730   37.072
  15.048   18.477   35.570
  38.754   48.868    7.231
  39.308   48.545    6.043
  38.400   48.240    5.192
  37.211   48.307    5.642
  37.457   48.791    7.216
  36.423   48.698    7.100
  37.411   49.096    8.248
  38.628   47.967    4.236
  37.417   48.187    5.202
  40.665   40.202   39.159
  41.225   39.587   38.095
  40.440   39.636   37.083
  39.339   40.235   37.299
  39.487   40.683   38.895
  38.553   41.031   38.583
  39.396   41.054   39.902
  40.693   39.223   36.185
  39.546   40.008   36.905
   7.673   19.082    6.942
   8.196   18.009    7.572
   7.346   17.050    7.609
   6.230   17.315    7.059
   6.456   18.879    6.535
   5.486   18.617    6.251
   6.410   19.874    6.126
   7.563   16.155    8.047
   6.423   16.918    7.292
   9.607   26.680   18.059
   9.470   25.682   17.161
   9.049   24.616   17.734
   8.859   24.732   18.988
   9.283   26.317   19.264
   9.001   25.928   20.191
   9.511   27.301   19.639
   8.884   23.754   17.214
   8.808   24.362   18.655
  29.112   29.603   19.902
  29.780   29.583   18.729
  29.058   30.077   17.792
  27.905   30.465   18.165
  27.920   30.110   19.791
  26.985   30.531   19.596
  27.740   29.958   20.842
  29.396   30.145   16.832
  28.152   30.458   17.730
  14.926   32.509   23.449
  16.041   31.800   23.724
  16.916   32.541   24.295
  16.550   33.747   24.471
  15.016   33.749   23.826
  15.188   34.722   24.165
  14.022   33.949   23.463
  17.826   32.179   24.579
  16.964   33.485   24.573
   3.889   25.764    7.282
   3.030   24.897    7.858
   2.563   25.384    8.948
   3.001   26.544    9.237
   4.027   26.861    7.965
   4.067   27.700    8.585
   4.723   27.245    7.239
   1.897   24.871    9.525
   2.682   26.223    9.451
  24.160   23.676   42.855
  24.010   23.734   41.515
  25.131   23.527   40.928
  26.108   23.318   41.716
  25.385   23.428   43.212
  26.393   23.226   43.393
  25.105   23.460   44.251
  25.215   23.532   39.912
  26.053   23.340   41.220
   7.119   19.379   11.806
   6.699   20.608   11.439
   5.456   20.583   11.125
   4.910   19.438   11.227
   6.173   18.489   11.752
   5.348   17.854   11.674
   6.852   17.724   12.087
   4.961   21.421   10.821
   4.754   19.893   11.091
  -0.000    8.714    7.816
   0.176    9.972    8.274
   1.407   10.174    8.571
   2.167    9.173    8.373
   1.106    8.032    7.790
   2.043    7.571    7.808
   0.585    7.172    7.403
   1.733   11.069    8.934
   2.233    9.639    8.543
  25.250    4.528   10.939
  24.420    5.119   10.053
  23.230    5.183   10.525
  23.099    4.689   11.691
  24.645    4.176   12.034
  24.068    3.934   12.870
  25.564    3.783   12.434
  22.463    5.598    9.998
  22.791    4.908   11.363
  27.557   21.336    4.387
  26.490   20.588    4.033
  25.994   21.005    2.928
  26.601   22.004    2.422
  27.812   22.279    3.530
  27.932   23.001    2.786
  28.649   22.611    4.121
  25.181   20.563    2.501
  26.205   21.727    2.291
  11.864   21.633   11.182
  10.686   22.115   10.733
  10.480   23.295   11.188
  11.406   23.739   11.941
  12.488   22.474   11.953
  12.905   23.216   12.557
  13.298   21.777   12.084
   9.639   23.823   10.956
  10.970   23.917   11.774
  41.383   17.931   48.861
  41.795   16.646   48.886
  40.819   15.866   49.172
  39.710   16.459   49.363
  40.117   18.055   49.129
  39.097   18.048   49.354
  40.182   19.125   49.017
  40.939   14.855   49.237
  39.862   15.983   49.373
  46.406   32.960   44.582
  47.311   31.993   44.321
  47.867   31.593   45.405
  47.454   32.180   46.456
  46.324   33.240   45.849
  46.335   33.390   46.882
  45.569   33.982   45.652
  48.581   30.864   45.406
  47.790   31.822   46.359
  47.289   26.225   20.636
  48.626   26.035   20.644
  49.024   25.689   21.812
  48.098   25.603   22.680
  46.747   26.012   21.798
  46.411   25.818   22.768
  45.773   26.247   21.404
  50.007   25.501   22.012
  48.593   25.532   22.683
  30.388   29.273   28.230
  30.457   30.006   27.098
  30.566   29.242   26.075
  30.584   27.999   26.344
  30.448   27.995   28.003
  30.504   26.992   27.716
  30.368   27.788   29.057
  30.631   29.617   25.128
  30.609   28.270   25.925
  19.308   23.589   18.677
  18.138   23.066   19.101
  17.329   23.998   19.448
  17.795   25.175   19.319
  19.323   24.888   18.725
  19.234   25.925   18.802
  20.330   24.906   18.343
  16.392   23.795   19.796
  17.362   24.982   19.476
   1.246   31.212   22.175
   2.151   30.786   23.083
   2.988   31.718   23.355
   2.786   32.807   22.728
   1.447   32.444   21.810
   1.692   33.433   21.583
   0.598   32.401   21.147
   3.747   31.582   24.023
   3.121   32.650   23.064
  50.000   42.571   36.465
  49.458   43.765   36.144
  48.230   43.814   36.510
  47.807   42.757   37.078
  49.154   41.780   37.056
  48.403   41.224   37.521
  49.905   41.012   37.136
  47.654   44.641   36.351
  47.606   43.199   36.959
  37.252   29.985   36.921
  36.179   29.168   36.985
  35.915   28.680   35.830
  36.700   29.063   34.905
  37.743   30.071   35.720
  38.059   30.073   34.725
  38.507   30.748   36.064
  35.135   28.039   35.682
  36.303   28.760   34.929
  40.976   49.674   17.618
  39.744   50.000   17.174
  38.843   49.452   17.902
  39.296   48.742   18.855
  40.942   48.896   18.659
  40.807   48.276   19.488
  42.018   48.873   18.697
  37.849   49.585   17.718
  38.840   48.863   18.691
  13.497    5.399    5.333
  13.763    6.362    4.426
  14.561    5.924    3.524
  14.916    4.711    3.680
  14.108    4.282    5.070
  14.640    3.434    4.772
  13.675    3.821    5.942
  14.876    6.511    2.753
  15.014    5.068    3.344
  42.575   18.718   20.911
  42.659   18.027   22.068
  41.784   18.445   22.906
  41.052   19.392   22.475
  41.642   19.623   20.936
  40.871   20.317   21.056
  41.881   19.918   19.928
  41.695   18.041   23.839
  41.083   19.136   22.903
  19.908   29.689   49.994
  19.479   28.409   50.000
  20.474   27.601   49.986
  21.613   28.168   49.969
  21.204   29.781   49.975
  22.248   29.748   49.960
  21.143   30.857   49.977
  20.346   26.589   49.987
  21.454   27.694   49.971
  22.421   30.018    9.676
  22.847   30.936    8.784
  22.900   32.098    9.324
  22.549   32.126   10.547
  22.174   30.532   10.844
  22.005   31.040   11.740
  21.888   29.566   11.226
  23.201   32.921    8.802
  22.707   32.466   10.216
   7.625   18.301   47.058
   8.949   18.275   46.796
   9.609   17.950   47.846
   8.890   17.730   48.873
   7.353   17.994   48.291
   7.240   17.737   49.297
   6.299   18.119   48.106
  10.626   17.878   47.842
   9.380   17.721   48.776
  44.192   -0.000   16.128
  42.891    0.348   16.031
  42.756    1.385   15.291
  43.847    1.845   14.824
  44.972    0.793   15.455
  45.510    1.483   14.886
  45.836    0.228   15.762
  41.842    1.797   15.102
  43.366    1.973   14.789
  18.800   30.904   16.854
  18.382   30.740   18.128
  18.578   31.808   18.807
  19.108   32.761   18.150
  19.290   32.088   16.638
  19.662   33.061   16.568
  19.487   31.836   15.610
  18.325   31.874   19.793
  18.953   32.700   18.621
  44.683   16.522   23.544
  43.549   16.881   24.183
  43.777   17.846   24.995
  44.987   18.241   25.019
  45.708   17.235   23.907
  46.465   17.860   24.264
  46.346   16.687   23.234
  43.038   18.253   25.568
  44.567   18.374   25.255
  38.610   34.521    0.192
  39.519   35.504    0.364
  38.941   36.647    0.420
  37.674   36.602    0.305
  37.392   34.972    0.127
  36.456   35.432    0.088
  37.013   33.972   -0.001
  39.467   37.511    0.548
  38.011   36.966    0.369
  22.345   29.704   45.124
  23.334   30.622   45.119
  22.848   31.808   45.123
  21.576   31.855   45.130
  21.162   30.243   45.131
  20.262   30.772   45.136
  20.701   29.269   45.132
  23.444   32.635   45.120
  21.942   32.195   45.128
  30.488   41.321    5.457
  29.629   42.351    5.610
  28.418   41.934    5.588
  28.296   40.677    5.431
  29.881   40.179    5.327
  29.300   39.316    5.232
  30.825   39.669    5.238
  27.627   42.571    5.689
  27.978   41.059    5.488
  42.510    4.082   25.996
  41.922    3.893   27.196
  42.733    3.327   28.011
  43.880    3.075   27.521
  43.735    3.648   25.966
  44.705    3.270   26.044
  43.835    3.955   24.938
  42.465    3.103   28.969
  43.662    3.005   27.966
   2.363    8.742   39.227
   2.048    7.430   39.280
   0.776    7.272   39.271
   0.111    8.356   39.215
   1.313    9.507   39.180
   0.410   10.031   39.146
   1.935   10.385   39.149
   0.349    6.347   39.306
  -0.005    7.870   39.235
  23.148   39.614    9.780
  22.358   40.514   10.404
  23.009   41.120   11.327
  24.220   40.749   11.448
  24.354   39.586   10.264
  25.290   39.641   10.722
  24.634   38.818    9.564
  22.576   41.837   11.908
  23.928   41.082   11.679
  33.423   39.417   25.029
  32.127   39.480   24.659
  31.629   38.303   24.558
  32.445   37.362   24.822
  33.838   38.195   25.189
  34.072   37.183   25.290
  34.821   38.547   25.456
  30.658   38.151   24.288
  31.964   37.386   24.685
  19.176   43.067   27.112
  18.797   41.810   27.425
  19.816   41.036   27.493
  20.928   41.608   27.257
  20.462   43.178   26.960
  21.501   43.162   26.860
  20.361   44.227   26.740
  19.726   40.045   27.719
  20.788   41.142   27.373
  15.802   17.294    2.292
  15.096   18.435    2.139
  15.876   19.452    2.159
  17.107   19.169    2.315
  17.078   17.509    2.420
  18.080   17.786    2.513
  17.262   16.451    2.510
  15.522   20.403    2.058
  16.846   19.592    2.258
   9.975    6.355   27.756
   9.114    5.340   27.983
   9.231    4.440   27.078
  10.107    4.696   26.191
  10.697    6.170   26.691
  11.225    5.927   25.823
  11.200    7.109   26.850
   8.660    3.595   27.082
   9.788    4.320   26.275
  13.395    9.313   25.343
  13.427    9.219   23.997
  14.629    9.048   23.586
  15.501    9.006   24.512
  14.574    9.208   25.880
  15.560    9.113   26.211
  14.154    9.324   26.865
  14.851    8.956   22.595
  15.513    8.972   24.014
   5.926   12.050   26.069
   5.770   11.568   24.818
   5.475   12.514   24.005
   5.396   13.665   24.543
   5.741   13.335   26.137
   5.572   14.364   26.086
   5.937   13.323   27.196
   5.319   12.342   23.012
   5.338   13.487   24.079
  43.194   35.276   43.842
  42.853   34.165   44.529
  43.495   33.148   44.086
  44.288   33.403   43.124
  44.075   35.041   42.916
  44.780   34.749   42.204
  44.076   36.080   42.631
  43.368   32.217   44.482
  44.162   32.992   43.378
  48.275   24.550   11.645
  48.184   23.203   11.686
  47.569   22.826   12.745
  47.190   23.777   13.502
  47.723   25.119   12.675
  47.256   25.478   13.537
  47.986   26.093   12.297
  47.404   21.840   12.949
  47.156   23.278   13.517
  34.625   37.049    7.580
  34.486   35.763    7.966
  33.616   35.666    8.903
  33.092   36.772    9.252
  33.854   37.857    8.245
  33.199   38.419    8.832
  34.232   38.699    7.689
  33.376   34.769    9.324
  33.041   36.296    9.395
  34.516   44.661    1.863
  34.858   44.988    3.127
  33.889   45.586    3.715
  32.848   45.735    2.997
  33.306   45.029    1.561
  32.327   45.364    1.419
  33.414   44.623    0.569
  33.962   45.910    4.680
  32.975   45.856    3.466
  29.389    9.833   42.816
  28.326    9.043   42.555
  27.777    8.652   43.645
  28.339    9.084   44.702
  29.588    9.999   44.090
  29.661   10.069   45.130
  30.440   10.627   43.892
  26.957    8.046   43.648
  27.945    8.791   44.605
  22.583    5.623   20.048
  23.662    6.224   20.592
  23.303    7.180   21.365
  22.044    7.347   21.447
  21.464    6.157   20.439
  20.624    6.653   20.811
  20.904    5.459   19.839
  23.983    7.752   21.867
  22.444    7.570   21.648
  32.361    9.558   13.261
  31.761   10.299   14.217
  32.258   10.036   15.368
  33.181    9.160   15.356
  33.280    8.774   13.740
  33.994    8.184   14.222
  33.492    8.395   12.755
  31.930   10.500   16.215
  32.958    9.434   15.710
  11.933   43.316   27.356
  12.287   44.165   28.344
  13.521   44.009   28.652
  14.123   43.113   27.977
  12.919   42.562   26.969
  13.771   42.007   26.731
  12.285   42.079   26.244
  13.969   44.565   29.380
  14.254   43.428   28.343
  23.800   36.336    0.913
  22.857   35.383    0.749
  23.377   34.314    0.270
  24.631   34.385    0.062
  24.983   35.937    0.551
  25.887   35.522    0.234
  25.403   36.893    0.814
  22.818   33.483    0.078
  24.282   34.032    0.001
  27.801   27.539    7.818
  26.848   26.583    7.787
  25.681   27.111    7.795
  25.678   28.383    7.830
  27.304   28.739    7.849
  26.807   29.658    7.871
  28.293   29.165    7.866
  24.833   26.544    7.775
  25.325   28.029    7.818
  35.444   33.887   13.683
  35.005   33.627   12.433
  35.376   34.551   11.625
  36.056   35.481   12.166
  36.123   34.992   13.755
  36.652   35.892   13.708
  36.276   34.848   14.812
  35.138   34.527   10.634
  35.894   35.385   11.703
  16.344    6.558   20.918
  15.028    6.432   20.643
  14.507    5.504   21.356
  15.321    4.924   22.144
  16.748    5.719   21.826
  16.971    5.009   22.558
  17.750    6.109   21.761
  13.518    5.262   21.286
  14.834    4.877   22.042
  15.514   27.192    8.629
  15.530   27.439    9.956
  14.375   27.824   10.356
  13.494   27.886    9.440
  14.347   27.403    8.095
  13.377   27.599    7.765
  14.722   27.118    7.126
  14.194   28.058   11.332
  13.500   27.978    9.931
   8.819   36.086    0.163
  10.156   35.996    0.000
  10.764   36.737    0.851
   9.995   37.374    1.640
   8.486   36.890    1.129
   8.325   37.551    1.921
   7.442   36.699    0.948
  11.782   36.799    0.881
  10.490   37.341    1.579
   4.945   39.006   32.338
   5.433   40.077   31.677
   4.781   41.135   31.990
   3.844   40.947   32.831
   3.949   39.310   33.116
   3.161   39.656   33.708
   3.859   38.283   33.428
   5.007   42.045   31.590
   4.025   41.343   32.587
  43.513   21.608   39.881
  42.466   22.371   40.259
  41.524   21.641   40.730
  41.777   20.393   40.736
  43.308   20.340   40.085
  43.046   19.350   40.288
  44.281   20.103   39.690
  40.649   22.042   41.067
  41.389   20.676   40.876
  29.103    6.387   45.234
  28.497    6.478   44.032
  28.787    5.465   43.303
  29.561    4.621   43.859
  29.821    5.309   45.352
  30.367    4.419   45.345
  30.106    5.590   46.352
  28.420    5.359   42.357
  29.337    4.655   43.413
  38.238    6.947   17.144
  36.912    7.082   16.928
  36.622    8.301   16.658
  37.620    9.091   16.653
  38.881    8.071   17.026
  39.302    9.019   16.909
  39.812    7.579   17.252
  35.666    8.596   16.465
  37.129    9.141   16.573
  25.646   23.411   16.038
  25.792   22.205   16.627
  24.778   21.460   16.387
  23.882   22.007   15.667
  24.528   23.514   15.383
  23.609   23.497   14.889
  24.774   24.522   15.093
  24.709   20.510   16.750
  23.936   21.560   15.885
  32.862    7.473   17.921
  33.715    8.510   18.055
  34.459    8.351   19.086
  34.235    7.280   19.736
  33.006    6.583   18.858
  33.199    5.931   19.650
  32.220    5.983   18.430
  35.168    9.035   19.349
  34.551    7.664   19.786
  31.444   34.273   13.537
  32.709   34.431   13.093
  33.067   35.659   13.182
  32.176   36.434   13.656
  30.912   35.389   13.939
  30.578   36.333   14.235
  29.996   34.881   14.189
  33.994   35.972   12.892
  32.645   36.493   13.491
  47.085   25.346   49.006
  46.862   24.023   49.151
  47.964   23.400   49.354
  48.995   24.146   49.373
  48.344   25.655   49.106
  49.374   25.798   49.202
  48.117   26.696   48.947
  47.995   22.390   49.487
  48.912   23.656   49.427
   1.630   42.193   30.928
   2.950   42.475   30.939
   3.146   43.720   30.706
   2.083   44.395   30.520
   0.897   43.240   30.686
   0.400   44.136   30.486
   0.000   42.647   30.757
   4.083   44.121   30.674
   2.572   44.500   30.524
   8.624   44.351    1.649
   9.776   45.009    1.397
   9.533   46.199    0.987
   8.296   46.488    0.911
   7.572   45.077    1.417
   6.794   45.740    1.201
   6.928   44.266    1.712
  10.282   46.848    0.746
   8.722   46.732    0.817
  49.514   15.537   20.190
  50.000   14.383   20.694
  49.375   14.061   21.765
  48.460   14.877   22.106
  48.546   16.027   20.906
  47.782   16.336   21.547
  48.448   16.861   20.232
  49.604   13.217   22.289
  48.640   14.450   22.293
  28.225   41.857   34.425
  27.812   40.724   35.032
  28.806   39.950   35.265
  29.930   40.407   34.883
  29.510   41.880   34.231
  30.546   41.800   34.122
  29.439   42.851   33.771
  28.688   39.044   35.720
  29.777   39.988   35.108
  39.631   33.625   29.557
  40.967   33.497   29.408
  41.495   34.622   29.096
  40.667   35.584   28.999
  39.220   34.841   29.350
  38.992   35.843   29.165
  38.203   34.547   29.548
  42.498   34.722   28.942
  41.162   35.536   28.944
  40.026   17.896    0.717
  40.547   16.660    0.565
  40.360   15.959    1.622
  39.742   16.567    2.554
  39.472   18.066    1.881
  39.056   18.100    2.838
  39.207   19.077    1.625
  40.685   14.996    1.694
  39.935   16.109    2.498
  42.276   26.562   15.675
  41.347   25.583   15.705
  40.649   25.592   14.630
  40.977   26.496   13.796
  42.231   27.260   14.579
  42.114   27.757   13.668
  43.049   27.873   14.918
  39.896   24.923   14.472
  40.633   26.133   13.808
   9.822   19.630   40.434
  11.003   18.995   40.593
  11.854   19.404   39.727
  11.411   20.293   38.932
   9.843   20.486   39.456
   9.962   21.144   38.654
   8.815   20.749   39.644
  12.805   19.037   39.693
  11.848   20.058   38.991
  16.694    8.639   43.999
  15.394    8.404   44.277
  14.825    9.470   44.705
  15.591   10.485   44.771
  17.040    9.870   44.231
  17.216   10.876   44.448
  18.048    9.663   43.913
  13.840    9.487   44.966
  15.109   10.398   44.874
  41.757   45.645   40.339
  41.815   46.974   40.569
  43.027   47.345   40.756
  43.883   46.406   40.686
  42.928   45.081   40.365
  43.909   44.726   40.406
  42.487   44.120   40.158
  43.269   48.318   40.944
  43.904   46.898   40.771
   5.201   34.246   48.500
   5.614   33.283   47.649
   5.936   33.791   46.517
   5.798   35.054   46.447
   5.231   35.432   47.966
   5.292   36.336   47.448
   4.864   35.869   48.879
   6.273   33.216   45.745
   5.951   34.698   46.132
  21.820   31.400   35.647
  20.983   32.411   35.964
  19.812   31.960   36.227
  19.702   30.696   36.134
  21.238   30.238   35.687
  20.681   29.357   35.747
  22.155   29.752   35.399
  19.044   32.578   36.489
  19.392   31.070   36.251
  29.548   31.955   35.984
  28.547   31.096   36.270
  28.936   30.219   37.120
  30.146   30.349   37.494
  30.642   31.683   36.631
  31.467   31.381   37.196
  31.142   32.516   36.168
  28.315   29.484   37.458
  29.775   30.030   37.600
  41.779   41.855    7.897
  42.662   42.868    8.020
  42.052   43.995    8.060
  40.785   43.911    7.977
  40.547   42.268    7.850
  39.597   42.700    7.822
  40.194   41.255    7.760
  42.556   44.877    8.150
  41.112   44.286    8.022
  23.707   44.003   37.094
  24.420   42.858   37.077
  23.640   41.841   37.067
  22.400   42.129   37.075
  22.424   43.793   37.096
  21.416   43.519   37.096
  22.234   44.853   37.110
  23.999   40.887   37.054
  22.664   41.705   37.069
  30.701   13.813    5.284
  30.436   14.914    4.549
  31.468   15.263    3.875
  32.485   14.516    4.042
  31.919   13.388    5.127
  32.911   13.128    4.932
  31.742   12.578    5.815
  31.459   16.076    3.258
  32.387   14.924    3.770
  31.049   18.913   23.157
  31.306   20.237   23.211
  32.569   20.451   23.224
  33.282   19.397   23.184
  32.132   18.194   23.131
  33.057   17.710   23.114
  31.549   17.290   23.092
  32.956   21.393   23.264
  33.377   19.887   23.204
  19.703   11.125   38.108
  19.462   12.395   38.497
  18.201   12.609   38.579
  17.476   11.605   38.283
  18.612   10.445   37.916
  17.682    9.988   37.790
  19.184    9.574   37.644
  17.826   13.515   38.859
  17.387   12.075   38.427
  23.034   31.669   49.198
  23.111   32.753   49.999
  22.422   33.719   49.516
  21.835   33.451   48.419
  22.291   31.873   48.151
  21.678   32.137   47.348
  22.472   30.868   47.808
  22.360   34.623   49.984
  21.864   33.852   48.716
   9.024   30.100    4.401
   8.886   30.221    5.739
   9.999   30.562    6.277
  10.959   30.706    5.454
  10.234   30.355    3.998
  11.230   30.578    3.778
   9.950   30.165    2.977
  10.089   30.702    7.283
  10.908   30.751    5.950
  17.959   48.402   29.483
  17.880   48.078   30.791
  16.746   48.430   31.274
  15.968   48.990   30.437
  16.881   48.981   29.045
  15.975   49.436   28.793
  17.308   49.068   28.060
  16.502   48.267   32.251
  15.938   48.870   30.921
  43.606   20.200   12.939
  44.852   20.668   12.710
  45.672   19.698   12.536
  45.145   18.542   12.617
  43.550   18.901   12.928
  43.611   17.860   12.898
  42.493   18.930   13.130
  46.662   19.857   12.350
  45.607   18.716   12.532
  13.868   12.859   21.234
  14.464   12.581   20.055
  14.134   13.446   19.169
  13.340   14.349   19.585
  13.118   13.919   21.178
  12.545   14.779   21.029
  12.853   13.806   22.215
  14.487   13.400   18.214
  13.561   14.246   19.148
   4.650   19.579   42.075
   5.903   20.069   41.968
   6.029   20.755   40.893
   4.974   20.820   40.184
   3.893   19.920   41.074
   3.371   20.246   40.231
   3.062   19.383   41.499
   6.908   21.205   40.641
   5.438   21.001   40.145
  20.269   41.548   33.878
  19.315   40.646   33.565
  19.818   39.667   32.909
  21.071   39.759   32.704
  21.445   41.203   33.442
  22.342   40.838   33.052
  21.878   42.097   33.858
  19.248   38.886   32.585
  20.718   39.425   32.588
  33.598   44.897   33.344
  34.030   43.669   32.985
  34.873   43.752   32.024
  35.110   44.939   31.632
  34.138   45.844   32.634
  34.625   46.526   32.013
  33.584   46.589   33.180
  35.310   42.924   31.618
  35.270   44.484   31.499
  46.740   27.237   16.795
  46.903   28.577   16.785
  45.769   29.168   16.703
  44.769   28.383   16.649
  45.490   26.885   16.719
  44.464   26.707   16.655
  45.765   25.844   16.753
  45.692   30.184   16.682
  44.829   28.879   16.646
  38.864   38.744   49.528
  37.599   38.756   49.998
  36.905   39.652   49.399
  37.545   40.312   48.518
  39.061   39.630   48.598
  39.115   40.370   47.863
  40.089   39.324   48.501
  35.922   39.810   49.621
  37.076   40.317   48.692
  25.551   47.589   39.749
  25.026   48.170   40.848
  25.387   49.397   40.924
  26.139   49.785   39.973
  26.282   48.407   39.051
  26.845   49.139   38.565
  26.492   47.632   38.333
  25.087   50.000   41.690
  25.945   50.000   40.380
  26.944   15.452   41.209
  27.853   16.450   41.162
  27.271   17.591   41.207
  26.002   17.532   41.284
  25.723   15.891   41.288
  24.784   16.343   41.349
  25.345   14.883   41.303
  27.796   18.464   41.182
  26.338   17.901   41.267
  29.053   34.682   33.416
  27.918   35.411   33.384
  26.890   34.646   33.413
  27.160   33.404   33.465
  28.824   33.403   33.468
  28.535   32.401   33.509
  29.881   33.198   33.479
  25.941   35.019   33.396
  26.739   33.674   33.453
  19.755   26.769   40.926
  21.090   26.584   41.004
  21.383   25.348   40.832
  20.380   24.591   40.632
  19.109   25.664   40.700
  18.686   24.727   40.517
  18.170   26.193   40.708
  22.347   25.015   40.857
  20.874   24.523   40.661
   8.408   10.666   40.974
   9.165    9.980   40.091
  10.372    9.884   40.512
  10.583   10.440   41.637
   9.083   11.052   42.016
   9.710   11.315   42.808
   8.204   11.516   42.432
  11.091    9.398   39.977
  10.863   10.186   41.309
  23.627   37.168   14.890
  22.653   38.054   14.593
  21.514   37.470   14.543
  21.552   36.220   14.778
  23.173   35.961   15.050
  22.710   35.031   15.157
  24.166   35.597   15.254
  20.656   37.980   14.330
  21.191   36.548   14.667
  37.072   24.627    4.602
  38.110   23.824    4.286
  37.701   22.785    3.657
  36.442   22.741    3.476
  35.932   24.152    4.196
  35.071   23.687    3.831
  35.414   25.004    4.605
  38.344   22.062    3.336
  36.827   22.444    3.359
  14.860    0.021   24.747
  16.068    0.036   25.348
  17.006    0.035   24.474
  16.600    0.020   23.268
  14.946    0.009   23.450
  15.123   -0.000   22.421
  13.873   -0.000   23.363
  17.990    0.045   24.740
  17.048    0.025   23.490
  23.045   42.902   47.944
  21.993   42.085   47.721
  20.945   42.531   48.310
  21.123   43.613   48.955
  22.737   43.922   48.689
  22.390   44.701   49.291
  23.748   44.288   48.633
  20.050   42.045   48.255
  20.734   43.311   48.873
  10.466   35.132   25.724
  10.437   35.841   24.575
  11.619   36.206   24.241
  12.532   35.831   25.045
  11.668   35.000   26.199
  12.668   34.950   26.496
  11.293   34.432   27.034
  11.796   36.752   23.399
  12.522   36.093   24.619
  20.857   21.943   33.244
  20.929   20.847   32.459
  20.753   21.162   31.229
  20.554   22.403   31.026
  20.630   23.029   32.566
  20.447   23.840   31.934
  20.644   23.614   33.471
  20.773   20.464   30.486
  20.581   21.997   30.736
   1.197   26.143   -0.000
   1.262   24.824    0.282
   0.729   24.581    1.421
   0.269   25.607    2.018
   0.617   26.827    0.941
   0.140   27.284    1.750
   0.754   27.739    0.384
   0.685   23.637    1.804
   0.293   25.118    2.122
  40.189   21.908   32.684
  40.470   20.809   31.951
  40.799   21.137   30.757
  40.788   22.390   30.532
  40.321   23.009   32.005
  40.454   23.831   31.376
  40.034   23.591   32.864
  41.046   20.439   30.055
  40.892   21.983   30.261
  46.079   31.870   27.345
  47.285   31.294   27.534
  47.148   30.069   27.885
  45.940   29.678   27.974
  45.093   31.050   27.562
  44.377   30.317   27.760
  44.379   31.821   27.326
  47.952   29.470   28.073
  46.387   29.465   28.044
   7.044   29.115   45.554
   8.354   29.411   45.685
   8.520   30.676   45.811
   7.442   31.353   45.785
   6.287   30.171   45.588
   5.769   31.077   45.628
   5.406   29.564   45.464
   9.445   31.089   45.921
   7.928   31.462   45.834
   8.148   36.657   11.515
   9.439   36.969   11.273
   9.633   38.227   11.418
   8.595   38.886   11.749
   7.433   37.697   11.830
   6.949   38.589   12.072
   6.556   37.081   11.934
  10.550   38.651   11.277
   9.073   39.001   11.659
  28.686    5.391    1.503
  27.428    5.751    1.174
  26.721    4.719    0.898
  27.345    3.613    0.992
  28.865    4.104    1.459
  28.906    3.063    1.393
  29.893    4.221    1.758
  25.741    4.794    0.626
  26.879    3.747    0.870
  36.081   22.433   42.361
  36.778   22.117   41.249
  37.578   23.068   40.934
  37.538   24.070   41.717
  36.390   23.606   42.829
  36.707   24.556   43.122
  35.684   23.487   43.634
  38.188   23.010   40.119
  37.796   23.953   41.305
   4.311    6.400   42.789
   5.261    6.054   41.894
   5.787    4.929   42.210
   5.311    4.403   43.267
   4.169    5.519   43.734
   4.133    4.755   44.445
   3.396    6.113   44.192
   6.525    4.503   41.649
   5.663    4.274   42.935
  41.569    5.643   34.468
  40.464    5.217   35.117
  39.767    4.451   34.364
  40.255    4.266   33.203
  41.648    5.176   33.257
  41.619    4.750   32.304
  42.576    5.700   33.100
  38.894    4.031   34.683
  39.846    4.108   33.443
  21.810    8.421   31.878
  22.413    9.627   31.800
  23.683    9.504   31.922
  24.082    8.307   32.085
  22.656    7.450   32.056
  23.412    6.745   32.197
  21.853    6.732   32.065
  24.307   10.309   31.888
  24.306    8.753   32.056
  30.044    6.157   18.160
  30.575    7.357   17.840
  29.660    8.252   17.782
  28.487    7.825   18.031
  28.756    6.209   18.326
  27.728    6.356   18.438
  28.727    5.155   18.547
  29.871    9.224   17.553
  28.684    8.269   17.913
  16.476   28.941   46.275
  16.080   30.052   46.931
  16.916   31.005   46.747
  17.907   30.701   46.008
  17.591   29.112   45.629
  18.486   29.350   45.148
  17.561   28.094   45.278
  16.784   31.926   47.166
  17.760   31.113   46.251
   7.632   30.123   30.349
   8.525   30.885   29.682
   8.075   32.075   29.528
   6.919   32.270   30.024
   6.554   30.778   30.665
   5.732   31.389   30.870
   6.141   29.901   31.136
   8.612   32.795   29.045
   7.250   32.552   29.777
   3.320   17.735   25.237
   3.038   16.759   26.127
   3.783   16.867   27.164
   4.600   17.842   27.127
   4.263   18.530   25.649
   5.024   19.107   26.069
   4.192   19.108   24.744
   3.714   16.216   27.946
   4.495   17.481   27.456
  16.487   36.013   30.537
  17.035   34.788   30.684
  18.079   34.670   29.951
  18.361   35.706   29.266
  17.146   36.758   29.700
  17.743   37.273   29.015
  16.453   37.568   29.852
  18.629   33.812   29.929
  18.564   35.252   29.320
  38.676    6.706   12.363
  39.914    6.166   12.354
  39.851    4.893   12.485
  38.669    4.433   12.591
  37.742    5.812   12.500
  37.071    5.021   12.613
  36.984    6.576   12.462
  40.688    4.311   12.501
  39.127    4.233   12.588
  40.341   17.578   18.494
  39.486   16.580   18.802
  38.306   17.041   18.995
  38.205   18.302   18.859
  39.763   18.742   18.472
  39.207   19.626   18.479
  40.694   19.217   18.213
  37.524   16.434   19.238
  37.888   17.933   18.972
  47.081   29.320    9.509
  45.948   29.409   10.238
  45.861   28.426   11.056
  46.835   27.607   11.001
  47.791   28.275    9.814
  48.285   27.412   10.130
  48.533   28.547    9.082
  45.071   28.322   11.692
  46.415   27.640   11.271
   2.737   35.451   41.277
   1.501   35.875   41.615
   1.466   37.155   41.678
   2.573   37.725   41.415
   3.572   36.432   41.102
   4.161   37.286   40.985
   4.362   35.738   40.868
   0.614   37.659   41.920
   2.116   37.883   41.541
  11.732   42.992   44.850
  10.963   44.065   44.565
   9.944   44.107   45.342
   9.885   43.156   46.186
  11.254   42.280   45.827
  10.790   41.779   46.617
  12.078   41.590   45.747
   9.248   44.849   45.277
   9.601   43.553   46.080
  16.499    3.455    7.031
  15.864    4.078    8.045
  15.475    5.245    7.683
  15.765    5.547    6.482
  16.557    4.182    5.955
  16.551    4.842    5.146
  17.087    3.400    5.436
  14.974    5.866    8.318
  15.530    5.778    6.858
  35.241   34.621   29.474
  34.406   35.676   29.585
  33.600   35.510   30.568
  33.761   34.419   31.203
  35.023   33.713   30.379
  34.769   33.047   31.142
  35.817   33.104   29.981
  32.893   36.205   30.807
  33.452   34.810   31.244
  32.181   30.231   48.035
  32.631   29.654   46.900
  33.897   29.465   46.963
  34.434   29.853   48.050
  33.131   30.448   48.896
  33.961   30.580   49.515
  32.425   30.875   49.589
  34.417   29.038   46.196
  34.601   29.639   47.630
  45.252   20.520   49.677
  44.251   19.614   49.683
  43.121   20.192   49.863
  43.192   21.457   49.993
  44.826   21.736   49.853
  44.386   22.671   50.000
  45.833   22.114   49.789
  42.247   19.668   49.898
  42.821   21.121   49.995
  34.551   28.714   15.581
  34.545   27.380   15.377
  33.349   26.959   15.189
  32.458   27.867   15.235
  33.360   29.233   15.537
  32.366   29.549   15.482
  33.762   30.213   15.728
  33.145   25.975   15.018
  32.455   27.373   15.160
  14.071   48.226   48.648
  15.015   49.112   48.264
  14.922   49.353   47.009
  13.987   48.722   46.420
  13.314   47.844   47.663
  12.764   47.602   46.809
  12.751   47.206   48.324
  15.553   50.000   46.537
  14.336   49.050   46.277
  15.715   24.177   44.452
  17.064   24.234   44.413
  17.517   24.870   45.429
  16.621   25.295   46.227
  15.220   24.773   45.496
  14.924   25.274   46.363
  14.220   24.525   45.183
  18.516   25.015   45.571
  17.121   25.316   46.212
   3.572   21.603   24.713
   4.191   22.346   23.772
   5.363   22.685   24.166
   5.673   22.258   25.324
   4.307   21.419   25.769
   4.973   21.330   26.568
   3.526   20.838   26.231
   5.983   23.251   23.586
   5.903   22.534   24.975
  20.709   20.036    3.851
  20.753   21.351    4.157
  21.954   21.710    4.428
  22.813   20.774    4.351
  21.878   19.471    3.907
  22.856   19.113    3.980
  21.450   18.524    3.624
  22.184   22.670    4.683
  22.830   21.261    4.464
  31.211    2.860   29.297
  31.980    3.445   28.354
  33.010    2.725   28.103
  33.079    1.649   28.780
  31.701    1.729   29.710
  32.175    0.836   29.973
  30.874    1.600   30.388
  33.709    3.006   27.415
  33.363    1.866   28.430
   5.902    1.331   37.303
   4.831    0.510   37.337
   4.267    0.555   38.487
   4.826    1.340   39.318
   6.092    1.953   38.428
   6.158    2.401   39.369
   6.954    2.455   38.023
   3.439   -0.000   38.703
   4.429    1.036   39.331
   3.416    4.341   31.268
   3.984    3.352   30.545
   4.970    2.838   31.182
   5.189    3.358   32.322
   4.003    4.522   32.413
   4.540    4.588   33.306
   3.316    5.316   32.656
   5.523    2.074   30.793
   5.399    2.992   32.055
  22.626   22.774   24.444
  21.968   23.949   24.363
  20.706   23.752   24.260
  20.363   22.526   24.257
  21.828   21.749   24.399
  21.106   20.996   24.354
  22.663   21.075   24.484
  20.044   24.524   24.187
  20.119   22.961   24.227
  24.597   12.160   19.282
  23.384   12.751   19.334
  22.453   11.870   19.303
  22.867   10.669   19.232
  24.520   10.864   19.214
  24.351    9.835   19.162
  25.594   10.786   19.192
  21.467   12.128   19.334
  22.418   10.887   19.252
  31.797   21.338   26.272
  32.917   20.771   26.767
  32.736   19.519   26.971
  31.572   19.100   26.671
  30.826   20.485   26.128
  30.114   19.725   26.051
  30.181   21.260   25.749
  33.473   18.921   27.344
  31.987   18.890   26.854
  25.963   25.879   13.198
  25.730   24.552   13.112
  26.576   23.900   13.821
  27.423   24.627   14.431
  26.972   26.160   13.968
  27.793   26.280   14.601
  26.837   27.213   13.786
  26.557   22.882   13.880
  27.337   24.135   14.399
  49.215   41.156   44.855
  48.117   41.748   45.370
  47.067   41.384   44.731
  47.287   40.568   43.779
  48.939   40.375   43.854
  48.613   39.775   43.064
  49.980   40.123   43.743
  46.140   41.730   44.977
  46.880   40.788   43.970
  46.689   21.564   26.322
  47.021   22.041   27.540
  47.770   21.206   28.161
  48.026   20.143   27.510
  47.203   20.394   26.085
  47.661   19.460   25.993
  46.745   20.373   25.111
  48.122   21.393   29.099
  48.150   20.320   27.961
  19.713   34.264   38.060
  20.576   33.629   38.880
  21.416   34.459   39.380
  21.253   35.664   39.002
  19.944   35.541   37.982
  20.212   36.550   37.988
  19.121   35.664   37.299
  22.147   34.162   40.025
  21.573   35.429   39.306
  26.574   19.245   20.122
  25.361   19.838   20.116
  25.484   21.114   20.118
  26.688   21.527   20.124
  27.550   20.104   20.128
  28.259   20.871   20.132
  28.273   19.305   20.131
  24.673   21.733   20.114
  26.238   21.747   20.122
  38.170    0.326   35.607
  37.023    0.624   36.254
  37.265    0.970   37.463
  38.498    0.957   37.779
  39.219    0.463   36.362
  39.994    0.603   37.048
  39.861    0.160   35.552
  36.519    1.232   38.108
  38.073    1.067   38.018
  42.067   31.402   20.070
  41.154   31.909   20.926
  41.064   33.179   20.786
  41.833   33.668   19.897
  42.619   32.316   19.329
  43.000   33.121   18.785
  43.224   31.573   18.837
  40.423   33.739   21.349
  41.495   33.856   20.214
  15.470   26.007   34.162
  14.522   26.418   35.032
  15.033   27.182   35.926
  16.284   27.378   35.799
  16.647   26.481   34.444
  17.546   26.913   34.754
  17.073   25.968   33.599
  14.469   27.590   36.670
  15.933   27.530   36.121
  25.591    9.919   33.881
  24.440   10.597   34.079
  23.469    9.786   34.281
  23.795    8.556   34.252
  25.429    8.631   33.944
  25.194    7.616   34.014
  26.477    8.474   33.752
  22.519   10.116   34.451
  23.369    8.807   34.325
  37.120   11.392    2.530
  35.969   10.717    2.735
  36.147    9.772    3.583
  37.335    9.682    4.030
  38.107   10.922    3.233
  38.831   10.472    3.836
  38.773   11.663    2.821
  35.388    9.152    3.864
  36.909    9.432    4.106
  14.683   25.003   42.490
  15.012   25.776   41.433
  14.481   25.320   40.359
  13.781   24.269   40.523
  13.921   24.003   42.160
  13.314   23.236   41.794
  13.891   23.668   43.183
  14.618   25.773   39.456
  13.903   24.555   40.132
  27.500   39.001   17.709
  26.996   39.977   16.924
  27.569   41.096   17.173
  28.462   41.040   18.079
  28.428   39.432   18.510
  29.159   39.876   19.109
  28.555   38.445   18.920
  27.320   41.951   16.678
  28.275   41.401   17.789
   3.804   16.966   32.965
   2.824   17.529   33.704
   2.070   16.627   34.214
   2.402   15.434   33.919
   3.739   15.668   32.955
   3.601   14.635   33.011
   4.607   15.614   32.320
   1.273   16.862   34.805
   2.040   15.642   34.193
  13.565   12.032    1.695
  13.617   10.736    1.318
  14.769   10.455    0.833
  15.586   11.430    0.814
  14.681   12.661    1.475
  15.615   13.074    1.259
  14.265   13.571    1.874
  14.996    9.520    0.493
  15.605   10.951    0.674
  32.390   29.766    9.504
  32.254   31.007    8.992
  32.885   31.107    7.881
  33.483   30.044    7.517
  33.116   28.992    8.753
  33.710   28.454    8.083
  32.991   28.176    9.446
  32.898   31.974    7.344
  33.432   30.503    7.327
  39.524   34.145   46.859
  38.479   33.291   46.872
  38.117   33.004   45.677
  38.804   33.571   44.768
  39.898   34.459   45.654
  40.119   34.647   44.651
  40.677   35.093   46.044
  37.341   32.370   45.487
  38.417   33.255   44.773
   0.884   31.347   11.515
   0.413   30.214   12.078
   1.077   29.198   11.668
   2.006   29.473   10.843
   1.880   31.127   10.708
   2.668   30.846   10.084
   1.955   32.179   10.490
   0.864   28.252   11.985
   1.832   29.054   11.052
  25.416    1.590   20.720
  24.930    1.209   19.520
  25.738    0.399   18.944
  26.790    0.140   19.612
  26.566    1.048   20.989
  27.483    0.563   21.109
  26.603    1.558   21.937
  25.540    0.003   18.025
  26.610   -0.001   19.167
  38.048   27.934   49.537
  39.276   27.619   50.001
  40.164   28.381   49.477
  39.704   29.241   48.660
  38.072   28.918   48.687
  38.198   29.710   48.019
  37.003   28.863   48.569
  41.153   28.291   49.708
  40.159   29.124   48.832
  22.675   16.835   43.378
  23.293   15.635   43.400
  22.432   14.686   43.409
  21.220   15.074   43.395
  21.380   16.730   43.370
  20.353   16.540   43.367
  21.278   17.803   43.353
  22.712   13.705   43.425
  21.449   14.629   43.403
  11.328   13.574    7.701
  10.217   13.058    7.133
   9.166   13.486    7.729
   9.396   14.281    8.697
  11.059   14.366    8.697
  10.738   14.981    9.477
  12.108   14.548    8.856
   8.230   13.204    7.439
   8.985   14.089    8.486
  19.775   36.877    7.323
  20.981   37.250    6.847
  21.881   36.403    7.186
  21.450   35.425    7.878
  19.826   35.767    7.998
  19.972   34.874    8.520
  18.766   35.814    8.186
  22.858   36.517    6.916
  21.897   35.564    7.701
   7.209   27.203   42.072
   6.944   27.093   40.753
   5.759   27.507   40.495
   5.112   27.917   41.512
   6.210   27.694   42.743
   5.354   28.093   43.188
   6.771   27.625   43.659
   5.380   27.500   39.548
   5.014   27.877   41.023
  29.187    5.178    8.375
  27.971    5.202    7.789
  27.298    4.159    8.106
  27.908    3.353    8.880
  29.370    4.117    9.103
  29.418    3.235    9.660
  30.360    4.450    9.366
  26.352    4.001    7.758
  27.458    3.362    8.663
   3.334   45.401   24.395
   4.667   45.580   24.283
   5.295   44.795   25.078
   4.544   44.042   25.777
   3.023   44.490   25.269
   2.880   43.746   25.987
   1.974   44.639   25.075
   6.313   44.787   25.134
   5.037   44.108   25.735
  33.518    2.394   13.009
  33.434    1.759   14.197
  33.824    2.528   15.146
  34.193    3.686   14.768
  33.967    3.609   13.121
  34.334    4.566   13.317
  33.891    3.752   12.056
  33.831    2.221   16.119
  34.162    3.451   15.208
  47.884   36.491   39.402
  46.915   35.749   38.826
  47.269   34.519   38.759
  48.424   34.277   39.236
  48.921   35.783   39.741
  49.701   35.129   39.972
  49.413   36.660   40.126
  46.664   33.806   38.352
  48.065   34.002   39.023
  28.035   35.016    0.001
  27.438   33.821    0.197
  28.264   32.983    0.706
  29.431   33.451    0.908
  29.281   35.019    0.372
  30.268   34.919    0.698
  29.382   36.051    0.079
  27.993   32.025    0.925
  29.210   33.008    0.981
  47.207   37.964   11.378
  48.530   38.184   11.225
  48.752   39.411   10.929
  47.705   40.130   10.848
  46.497   39.037   11.190
  46.020   39.950   11.020
  45.590   38.490   11.385
  49.695   39.766   10.775
  48.195   40.211   10.791
  13.052   47.885   28.266
  11.818   47.945   28.810
  11.355   49.138   28.745
  12.138   49.978   28.197
  13.457   49.036   27.817
  13.688   50.000   27.491
  14.388   48.600   27.496
  10.432   49.378   29.108
  11.681   50.000   28.399
  39.607   14.715   42.872
  38.396   15.085   43.340
  38.489   15.505   44.547
  39.669   15.481   45.024
  40.552   14.875   43.751
  41.235   15.040   44.523
  41.284   14.502   43.054
  37.674   15.828   45.069
  39.220   15.618   45.197
  39.606   44.890   28.458
  40.894   44.503   28.579
  40.963   43.296   29.003
  39.835   42.745   29.211
  38.769   43.954   28.797
  38.184   43.141   29.091
  37.935   44.600   28.580
  41.858   42.830   29.157
  40.312   42.602   29.256
  30.734   42.870   37.709
  30.845   43.299   38.984
  31.008   42.307   39.780
  31.030   41.171   39.208
  30.820   41.577   37.607
  30.901   40.536   37.633
  30.696   41.637   36.539
  31.111   42.436   40.786
  31.071   41.329   39.680
  18.964   12.151   25.679
  20.022   12.786   25.133
  20.331   12.258   24.006
  19.592   11.280   23.663
  18.528   11.177   24.938
  18.255   10.419   24.273
  17.758   10.953   25.658
  21.108   12.605   23.444
  19.984   11.515   23.461
   2.922   31.660    3.483
   3.006   30.965    2.329
   2.439   31.605    1.375
   1.936   32.723    1.717
   2.295   32.791    3.341
   1.781   33.672    3.123
   2.432   33.015    4.385
   2.402   31.235    0.426
   1.967   32.466    1.290
  46.638    8.702   22.516
  47.866    9.112   22.133
  47.917   10.391   22.079
  46.830   10.976   22.389
  45.825    9.694   22.731
  45.253   10.555   22.877
  45.034    9.010   22.991
  48.767   10.885   21.807
  47.285   11.127   22.247
  21.124   12.819   48.069
  22.445   13.090   48.124
  22.951   12.644   49.213
  22.120   12.061   49.980
  20.700   12.182   49.120
  20.461   11.674   50.000
  19.700   12.160   48.722
  23.941   12.755   49.433
  22.609   12.161   50.000
  18.114   37.075   46.008
  18.334   38.140   45.209
  17.486   39.070   45.455
  16.650   38.790   46.373
  17.112   37.254   46.817
  16.296   37.496   47.422
  17.257   36.274   47.238
  17.496   39.955   44.949
  16.731   39.185   46.077
  42.044   23.030   24.264
  42.958   22.055   24.074
  42.436   20.902   24.279
  41.207   20.932   24.608
  40.879   22.563   24.604
  39.987   22.090   24.870
  40.477   23.561   24.655
  42.976   20.042   24.183
  41.546   20.570   24.537
  17.954   15.805    9.045
  17.035   15.566    8.085
  16.564   16.667    7.629
  17.053   17.712    8.166
  18.129   17.074    9.264
  18.197   18.111    9.363
  18.865   16.857   10.020
  15.855   16.687    6.896
  16.713   17.623    7.811
  41.780   39.758    0.979
  42.109   38.603    1.595
  43.173   38.753    2.294
  43.669   39.925    2.253
  42.611   40.721    1.245
  43.333   41.424    1.520
  42.049   41.399    0.625
  43.577   37.986    2.832
  43.791   39.497    2.481
   9.240   39.179   42.639
  10.516   38.775   42.814
  10.592   37.496   42.779
   9.479   36.907   42.593
   8.418   38.184   42.481
   7.843   37.320   42.364
   7.589   38.865   42.382
  11.479   37.006   42.894
   9.952   36.758   42.658
  31.534   46.089   46.618
  31.799   47.393   46.844
  30.741   48.007   47.228
  29.705   47.273   47.308
  30.290   45.785   46.842
  29.276   45.645   47.049
  30.476   44.759   46.572
  30.747   49.004   47.446
  29.803   47.756   47.392
   0.033   15.322   15.562
  -0.000   16.670   15.490
   0.623   17.190   16.482
   1.121   16.344   17.292
   0.679   14.894   16.606
   1.215   14.653   17.469
   0.492   13.872   16.321
   0.704   18.200   16.597
   1.108   16.843   17.265
  45.134   42.476   19.312
  44.636   41.222   19.304
  43.354   41.246   19.298
  42.850   42.415   19.302
  44.203   43.384   19.312
  43.384   44.032   19.312
  44.943   44.166   19.319
  42.799   40.391   19.292
  42.665   41.950   19.299
  42.394   24.928   27.248
  41.537   24.002   26.767
  41.923   22.823   27.087
  42.998   22.787   27.768
  43.383   24.400   27.906
  44.133   23.880   28.414
  43.794   25.376   28.102
  41.400   21.992   26.811
  42.681   22.444   27.590
  38.272   40.536   28.767
  37.388   41.325   28.121
  37.104   40.837   26.971
  37.702   39.746   26.700
  38.611   39.491   28.071
  38.817   38.689   27.435
  39.262   39.157   28.861
  36.451   41.296   26.337
  37.375   40.039   26.461
  47.780   49.724   33.827
  48.397   48.935   34.732
  47.858   47.772   34.757
  46.888   47.624   33.946
  46.807   49.116   33.215
  46.050   48.542   32.783
  46.598   50.000   32.636
  48.191   47.038   35.382
  47.117   47.331   34.282
  12.353   13.436    3.233
  11.918   12.593    4.193
  10.666   12.763    4.408
  10.126   13.663    3.689
  11.407   14.199    2.771
  10.581   14.762    2.470
  12.098   14.673    2.095
  10.160   12.214    5.102
   9.965   13.351    4.045
  15.336   43.999   35.165
  14.158   44.100   34.512
  14.049   43.172   33.635
  15.047   42.384   33.574
  16.055   43.001   34.746
  16.553   42.177   34.341
  16.833   43.247   35.449
  13.224   43.087   33.042
  14.610   42.422   33.333
  42.948   19.632   18.025
  42.260   20.747   17.702
  42.848   21.381   16.756
  43.921   20.833   16.344
  44.021   19.480   17.308
  44.856   19.451   16.681
  44.258   18.567   17.827
  42.475   22.250   16.377
  43.666   21.247   16.224
  15.479   30.213    5.614
  14.922   31.389    5.973
  13.714   31.462    5.551
  13.319   30.439    4.905
  14.663   29.458    4.939
  13.935   28.932    4.408
  15.416   28.693    4.853
  13.131   32.281    5.726
  13.113   30.875    5.038
  28.069    7.498   -0.000
  29.273    6.887    0.001
  30.217    7.754    0.005
  29.821    8.964    0.006
  28.165    8.794    0.002
  28.350    9.822    0.004
  27.093    8.890   -0.000
  31.199    7.480    0.007
  30.267    8.738    0.007
  45.152   25.972   35.720
  44.919   24.693   36.085
  46.017   24.033   36.136
  47.053   24.710   35.841
  46.413   26.212   35.516
  47.444   26.301   35.377
  46.194   27.237   35.269
  46.040   23.047   36.395
  46.967   24.237   35.976
  10.790   21.216   44.632
  11.401   20.012   44.634
  12.675   20.154   44.623
  13.070   21.364   44.613
  11.634   22.205   44.619
  12.390   22.925   44.609
  10.824   22.915   44.622
  13.306   19.353   44.622
  13.296   20.918   44.614
  12.337   27.305   45.236
  12.158   26.972   46.532
  12.617   27.890   47.299
  13.125   28.883   46.687
  12.921   28.457   45.091
  13.393   29.388   45.083
  12.881   28.360   44.019
  12.571   27.815   48.315
  13.059   28.760   47.167
  16.800   46.563   29.146
  17.373   45.761   30.069
  16.961   44.555   29.935
  16.126   44.385   28.989
  15.984   45.921   28.363
  15.354   45.317   27.790
  15.761   46.828   27.827
  17.285   43.804   30.544
  16.338   44.088   29.330
  36.463   32.876   37.326
  36.954   34.130   37.236
  36.010   34.991   37.333
  34.852   34.488   37.489
  35.173   32.855   37.487
  34.141   32.946   37.613
  35.178   31.778   37.511
  36.190   35.994   37.287
  35.034   34.952   37.455
  32.093    8.236   30.501
  32.218    7.959   31.816
  33.197    8.612   32.323
  33.817    9.356   31.498
  32.985    9.085   30.082
  33.739    9.768   29.847
  32.581    9.041   29.085
  33.445    8.531   33.309
  33.863    9.254   31.985
  45.111   10.176   16.633
  46.117   10.819   16.003
  45.673   11.471   14.993
  44.417   11.371   14.814
  43.958   10.376   16.067
  43.084   10.598   15.540
  43.473    9.754   16.800
  46.288   12.020   14.393
  44.789   11.609   14.580
   6.511   17.853   20.826
   5.307   18.464   20.814
   4.362   17.598   20.806
   4.757   16.388   20.813
   6.413   16.556   20.828
   6.227   15.529   20.829
   7.485   16.460   20.839
   3.380   17.873   20.796
   4.311   16.615   20.808
   8.321    6.420   47.495
   9.171    7.230   48.160
   9.773    6.585   49.089
   9.446    5.358   49.177
   8.325    5.204   47.956
   8.402    4.261   48.398
   7.589    4.909   47.227
  10.456    7.033   49.700
   9.761    5.659   49.423
  35.690   12.868   23.552
  37.006   13.146   23.441
  37.435   13.727   24.500
  36.550   13.908   25.396
  35.192   13.253   24.690
  34.891   13.598   25.628
  34.221   12.884   24.407
  38.408   14.014   24.600
  37.037   14.011   25.355
   9.872   28.467   23.414
   9.118   28.435   24.533
   8.687   29.608   24.819
   9.054   30.516   24.007
   9.971   29.662   22.912
   9.989   30.656   22.590
  10.590   29.292   22.112
   8.098   29.781   25.634
   8.775   30.505   24.422
  45.664    4.662    5.604
  45.023    5.526    6.420
  44.385    4.892    7.333
  44.494    3.626    7.270
  45.477    3.421    5.943
  45.266    2.462    6.296
  46.094    3.089    5.125
  43.839    5.378    8.045
  44.256    3.946    7.573
  35.152    3.724    6.568
  35.299    5.004    6.973
  34.278    5.702    6.639
  33.377    5.054    6.017
  34.027    3.523    5.948
  33.102    3.466    5.467
  34.274    2.485    5.804
  34.209    6.695    6.862
  33.432    5.528    6.167
   8.570    0.950   24.777
   9.777    0.884   25.377
  10.655    0.410   24.573
  10.206    0.115   23.418
   8.598    0.523   23.550
   8.726    0.161   22.579
   7.545    0.722   23.440
  11.628    0.285   24.850
  10.653    0.090   23.641
   4.957   28.277    3.643
   4.652   28.693    2.395
   5.553   28.318    1.564
   6.507   27.657    2.084
   6.072   27.610    3.690
   6.975   27.091    3.620
   5.964   27.473    4.752
   5.494   28.541    0.570
   6.395   27.811    1.622
   2.267   47.172    7.104
   2.636   46.113    7.855
   3.719   46.368    8.490
   4.194   47.529    8.277
   3.091   48.172    7.210
   3.810   48.914    7.363
   2.497   48.754    6.525
   4.153   45.684    9.111
   4.331   47.137    8.556
   0.949   37.317    5.770
   1.076   38.647    5.573
   2.057   39.111    6.254
   2.677   38.241    6.945
   1.842   36.846    6.589
   2.597   36.568    7.255
   1.436   35.854    6.486
   2.307   40.100    6.233
   2.724   38.733    6.872
  39.113   24.900   44.418
  39.225   23.555   44.412
  39.310   23.105   45.609
  39.271   24.001   46.513
  39.120   25.397   45.620
  39.135   25.695   46.620
  39.022   26.394   45.225
  39.400   22.108   45.805
  39.313   23.503   46.510
  17.040   13.712   30.479
  17.909   14.465   29.772
  19.101   14.011   29.895
  19.199   12.980   30.636
  17.620   12.728   31.099
  18.179   11.973   31.556
  16.675   12.405   31.503
  19.895   14.452   29.431
  19.520   13.259   30.374
  37.061    1.607   11.795
  35.897    2.286   11.708
  35.197    1.854   10.725
  35.739    0.908   10.068
  37.180    0.698   10.874
  37.179   -0.001   10.099
  38.146    0.415   11.257
  34.283    2.246   10.501
  35.308    1.159   10.036
  49.908   25.179   44.442
  49.208   24.028   44.347
  47.949   24.265   44.356
  47.645   25.497   44.449
  49.140   26.226   44.517
  48.440   26.998   44.571
  50.000   26.871   44.573
  47.260   23.516   44.293
  47.386   25.071   44.414
  21.650   19.023   34.405
  20.983   18.303   33.478
  19.838   18.827   33.240
  19.590   19.880   33.912
  20.974   20.053   34.820
  20.354   20.850   35.085
  21.776   20.332   35.483
  19.190   18.421   32.565
  19.343   19.613   33.568
   5.537    0.929   47.052
   4.624    0.483   46.164
   3.530    1.141   46.273
   3.546    2.044   47.170
   5.085    1.902   47.787
   4.630    2.673   48.323
   6.025    1.963   48.310
   2.722    0.945   45.683
   3.208    1.878   46.841
   1.153   10.994   42.590
   1.259   11.773   43.687
   2.221   11.373   44.433
   2.847   10.359   43.987
   2.042   10.045   42.564
   2.792    9.322   42.637
   1.655    9.687   41.625
   2.454   11.841   45.309
   2.886   10.647   44.393
   2.738   36.736    3.511
   1.428   36.686    3.190
   0.973   37.863    2.970
   1.833   38.793    3.099
   3.205   37.949    3.517
   3.482   38.955    3.494
   4.182   37.587    3.793
  -0.000   38.026    2.713
   1.348   38.774    2.980
  36.101   18.252    8.010
  36.462   16.970    8.235
  36.208   16.638    9.446
  35.688   17.563   10.149
  35.593   18.821    9.063
  35.202   19.184    9.960
  35.451   19.738    8.517
  36.413   15.705    9.803
  35.821   17.089   10.232
  19.720   40.413   18.183
  19.340   41.708   18.167
  20.363   42.478   18.204
  21.480   41.869   18.247
  21.012   40.272   18.231
  22.055   40.266   18.270
  20.911   39.200   18.229
  20.273   43.494   18.200
  21.339   42.349   18.241
  18.051   12.391    9.046
  17.852   13.652    9.486
  16.603   13.874    9.665
  15.848   12.884    9.397
  16.942   11.726    8.917
  16.000   11.280    8.846
  17.484   10.858    8.580
  16.258   14.775    9.996
  15.774   13.351    9.559
  32.232   35.261   41.266
  32.637   35.243   42.554
  31.628   35.206   43.343
  30.500   35.195   42.754
  30.938   35.237   41.149
  29.894   35.216   41.163
  31.019   35.261   40.076
  31.737   35.188   44.357
  30.650   35.189   43.231
  28.133    3.781   33.875
  29.330    4.335   33.585
  30.272    3.481   33.746
  29.881    2.333   34.132
  28.233    2.538   34.240
  28.420    1.549   34.519
  27.166    2.474   34.369
  31.248    3.718   33.573
  30.324    2.538   34.025
  43.937   18.445   38.090
  45.183   18.964   38.038
  46.057   18.059   38.280
  45.572   16.905   38.510
  43.936   17.176   38.370
  44.042   16.162   38.598
  42.860   17.151   38.322
  47.056   18.264   38.284
  46.033   17.097   38.490
   3.613   37.388   24.006
   4.416   37.315   22.923
   5.644   37.452   23.263
   5.829   37.623   24.510
   4.277   37.577   25.108
   4.899   37.729   25.933
   3.362   37.578   25.676
   6.399   37.425   22.577
   6.127   37.596   24.109
  20.991   20.533   19.125
  22.314   20.433   19.375
  22.882   19.692   18.497
  22.096   19.228   17.611
  20.628   19.862   18.072
  20.441   19.294   17.217
  19.606   20.172   18.208
  23.884   19.500   18.522
  22.586   19.190   17.703
  14.252   16.913   11.538
  13.157   17.696   11.431
  12.091   17.003   11.590
  12.294   15.765   11.807
  13.955   15.669   11.772
  13.614   14.700   11.958
  15.000   15.407   11.786
  11.163   17.424   11.543
  11.889   16.055   11.767
  21.534   20.357   40.698
  22.290   19.281   41.002
  21.561   18.231   41.094
  20.321   18.430   40.884
  20.274   20.065   40.576
  19.288   19.729   40.500
  20.041   21.093   40.353
  21.957   17.318   41.318
  20.601   18.032   40.997
  -0.004    2.673   36.086
   0.236    1.659   36.945
   1.074    0.831   36.441
   1.483    1.138   35.275
   0.666    2.557   34.977
   1.244    2.374   34.128
   0.235    3.472   34.604
   1.378   -0.002   36.945
   1.572    0.763   35.593
  47.790    2.875   12.247
  48.936    3.148   11.588
  48.960    2.544   10.458
  47.928    1.841   10.214
  47.007    2.079   11.580
  46.454    1.440   10.968
  46.278    2.109   12.372
  49.750    2.630    9.818
  48.352    1.942    9.970
   8.863   30.020   39.596
   9.670   31.088   39.425
  10.849   30.835   39.859
  10.993   29.666   40.341
   9.474   29.015   40.150
  10.052   28.270   40.597
   8.572   28.427   40.112
  11.599   31.525   39.815
  11.292   30.062   40.278
  24.601   20.438   35.950
  24.885   21.108   37.087
  26.143   21.341   37.170
  26.826   20.902   36.190
  25.659   20.200   35.232
  26.565   20.060   34.733
  25.061   19.701   34.488
  26.547   21.838   37.963
  26.931   21.150   36.611
  32.052   32.242   23.736
  33.122   32.287   24.559
  34.208   32.156   23.892
  34.043   32.015   22.638
  32.386   32.078   22.490
  32.757   31.945   21.523
  31.351   32.093   22.195
  35.122   32.165   24.344
  34.439   32.032   22.942
  12.212    5.725   13.333
  12.571    7.018   13.481
  11.538    7.753   13.665
  10.434    7.120   13.668
  10.926    5.550   13.414
   9.886    5.517   13.493
  11.045    4.491   13.260
  11.611    8.762   13.796
  10.567    7.599   13.722
  47.597    6.336   22.055
  47.309    6.504   23.363
  48.367    6.387   24.076
  49.425    6.145   23.411
  48.858    6.101   21.847
  49.885    5.920   21.787
  48.687    6.034   20.786
  48.346    6.482   25.091
  49.319    6.207   23.896
   6.283   33.564    6.132
   6.244   34.913    6.083
   5.522   35.377    7.034
   5.016   34.489    7.792
   5.588   33.080    7.118
   5.005   32.792    7.935
   5.853   32.076    6.831
   5.375   36.379    7.159
   5.002   34.989    7.774
  38.252   24.051   25.103
  37.585   25.078   24.533
  36.408   25.180   25.029
  36.136   24.316   25.923
  37.544   23.431   25.999
  36.896   23.003   26.697
  38.356   22.751   26.193
  35.755   25.900   24.721
  35.889   24.696   25.712
  16.992   25.475   50.000
  18.334   25.331   50.000
  18.654   24.090   50.000
  17.663   23.291   50.000
  16.367   24.335   50.000
  15.962   23.373   50.000
  15.415   24.840   50.000
  19.627   23.784   50.000
  18.160   23.238   50.000
  48.944   19.151   17.868
  48.973   18.833   19.180
  49.569   19.748   19.851
  49.989   20.725   19.151
  49.519   20.289   17.616
  50.001   21.210   17.519
  49.302   20.184   16.566
  49.689   19.684   20.861
  50.000   20.608   19.637
  10.640   34.858   11.736
   9.409   34.479   12.140
   8.959   35.283   13.030
   9.750   36.235   13.328
  11.057   35.930   12.343
  11.297   36.790   12.883
  11.982   35.901   11.792
   8.040   35.158   13.454
   9.294   36.094   13.477
  21.319   44.796    7.533
  21.541   46.059    7.112
  22.799   46.288    7.018
  23.538   45.301    7.333
  22.420   44.136    7.736
  23.357   43.695    7.868
  21.861   43.264    8.033
  23.161   47.191    6.713
  23.621   45.769    7.177
  30.268   43.953   43.437
  29.647   42.758   43.535
  28.385   42.917   43.687
  28.007   44.132   43.712
  29.442   44.953   43.521
  28.700   45.684   43.599
  30.254   45.652   43.409
  27.749   42.125   43.779
  27.777   43.690   43.748
   4.842   19.117   32.552
   5.822   19.658   33.306
   6.973   19.379   32.817
   6.938   18.673   31.758
   5.304   18.456   31.531
   5.773   17.953   30.746
   4.303   18.208   31.220
   7.836   19.704   33.252
   7.301   18.874   32.037
  28.043   17.566   44.404
  27.455   18.135   43.330
  27.495   19.413   43.420
  28.064   19.850   44.472
  28.496   18.443   45.249
  28.824   19.224   45.861
  28.853   17.659   45.896
  27.099   20.016   42.699
  27.846   20.061   44.074
  44.354    9.100   18.897
  45.630    8.660   18.880
  46.447    9.648   18.854
  45.889   10.792   18.850
  44.273   10.397   18.882
  44.315   11.440   18.869
  43.197   10.345   18.901
  47.457    9.511   18.839
  46.362   10.629   18.844
  13.119   21.669    0.098
  14.428   21.338    0.068
  14.569   20.065    0.027
  13.476   19.413    0.025
  12.340   20.628    0.079
  11.803   19.733    0.061
  11.469   21.261    0.112
  15.489   19.626   -0.000
  13.960   19.291    0.014
  47.112    9.242   38.398
  48.460    9.315   38.382
  48.945    8.486   37.532
  48.072    7.799   36.911
  46.648    8.363   37.561
  46.378    7.637   36.861
  45.638    8.594   37.854
  49.949    8.398   37.379
  48.572    7.825   36.904
  33.132   35.884    0.705
  33.988   34.933    0.275
  34.390   34.213    1.256
  33.907   34.544    2.386
  32.932   35.833    1.989
  32.839   35.709    3.021
  32.259   36.672    1.932
  35.044   33.441    1.125
  34.224   34.192    2.226
  37.484    2.148   29.168
  37.260    0.895   28.718
  36.844    0.919   27.506
  36.738    2.086   27.009
  37.226    3.054   28.272
  36.992    3.701   27.487
  37.505    3.835   28.960
  36.622    0.065   26.995
  36.655    1.622   26.842
  24.295   29.312   41.887
  25.090   29.803   40.912
  25.952   28.926   40.550
  25.870   27.819   41.172
  24.598   28.090   42.211
  24.919   27.114   42.397
  23.811   28.073   42.946
  26.640   29.117   39.822
  26.164   28.001   40.811
  28.170    9.158   22.676
  26.868    8.818   22.565
  26.654    7.672   23.098
  27.687    7.124   23.600
  28.872    8.251   23.288
  29.345    7.466   23.788
  29.763    8.847   23.181
  25.727    7.248   23.110
  27.205    6.998   23.559
  18.417   30.660   43.382
  17.440   29.767   43.117
  16.374   30.366   42.733
  16.471   31.635   42.687
  18.039   31.888   43.184
  17.640   32.834   42.996
  19.009   32.250   43.479
  15.527   29.854   42.487
  16.109   31.304   42.589
  26.595   12.690   20.076
  25.688   12.851   21.063
  24.947   13.870   20.831
  25.222   14.487   19.752
  26.492   13.596   19.149
  26.327   14.365   18.462
  27.310   13.155   18.605
  24.202   14.151   21.468
  24.886   14.547   20.118
  18.827    8.541    4.160
  17.674    8.743    3.487
  17.773    9.766    2.721
  18.904   10.348    2.763
  19.737    9.422    3.867
  20.396   10.173    3.565
  20.430    8.953    4.546
  16.999   10.075    2.133
  18.477   10.422    2.514
  11.567   10.218   28.532
  11.082    9.994   27.292
  10.434   11.016   26.870
  10.392   11.988   27.690
  11.259   11.398   28.983
  10.961   12.362   29.251
  11.780   11.199   29.904
   9.994   11.033   25.950
  10.213   11.905   27.231
  49.859   24.304    8.848
  49.129   25.095    9.663
  47.882   25.001    9.383
  47.616   24.205    8.426
  49.125   23.653    7.995
  48.451   23.179    7.354
  50.001   23.186    7.575
  47.174   25.527    9.895
  47.345   24.498    8.728
  30.533   -0.002    5.188
  29.443    0.551    5.761
  29.742    1.669    6.311
  30.965    2.001    6.199
  31.599    0.728    5.335
  32.393    1.384    5.507
  32.186    0.007    4.790
  29.044    2.234    6.796
  30.561    2.206    6.411
  46.662   42.968    6.861
  45.967   42.180    6.014
  45.663   42.824    4.948
  46.073   44.029    4.925
  46.848   44.166    6.391
  46.943   45.096    5.927
  47.388   44.448    7.280
  45.136   42.391    4.190
  45.815   43.737    4.611
  21.434   13.068    4.982
  22.160   12.203    4.241
  23.413   12.401    4.419
  23.689   13.341    5.231
  22.177   13.873    5.681
  22.859   14.470    6.199
  21.302   14.352    6.088
  24.120   11.841    3.940
  23.957   13.021    4.957
   6.334   11.213   31.125
   7.321   11.613   31.954
   8.231   10.714   32.038
   8.008    9.673   31.341
   6.549   10.032   30.625
   6.813    9.083   30.280
   5.624   10.079   30.075
   9.059   10.839   32.620
   8.374    9.821   31.648
  27.149   49.323    7.029
  27.579   49.435    8.304
  27.547   48.297    8.892
  27.128   47.340    8.164
  26.814   48.106    6.720
  26.572   47.101    6.572
  26.554   48.414    5.721
  27.836   48.184    9.863
  27.288   47.382    8.636
   3.933   13.199    6.865
   5.282   13.248    6.885
   5.705   14.266    6.232
   4.786   14.986    5.725
   3.407   14.184    6.199
   3.085   15.008    5.645
   2.416   13.814    6.404
   6.700   14.469    6.137
   5.286   15.004    5.732
   8.526   14.998   38.527
   8.107   15.474   37.335
   6.910   15.923   37.424
   6.396   15.823   38.584
   7.623   15.112   39.455
   6.835   15.248   40.126
   8.286   14.663   40.176
   6.424   16.324   36.623
   6.241   15.999   38.143
  39.375   36.673   41.452
  39.790   36.271   40.232
  38.808   36.245   39.409
  37.691   36.595   39.910
  38.102   36.931   41.488
  37.076   37.111   41.412
  38.168   37.192   42.530
  38.928   35.966   38.436
  37.845   36.446   39.458
   8.195   30.565   33.194
   8.699   31.600   32.490
   9.969   31.675   32.646
  10.459   30.782   33.409
   9.110   29.911   33.846
   9.916   29.456   34.329
   8.369   29.234   34.238
  10.526   32.397   32.190
  10.646   31.165   33.148
  23.005   20.913   44.802
  22.388   21.737   43.929
  22.543   22.960   44.279
  23.225   23.122   45.342
  23.594   21.555   45.766
  24.032   22.162   46.494
  23.931   20.628   46.199
  22.146   23.729   43.740
  22.996   23.427   45.019
  43.272   14.274   33.561
  43.365   12.953   33.823
  44.587   12.618   34.019
  45.418   13.578   33.926
  44.428   14.868   33.573
  45.400   15.250   33.605
  43.963   15.812   33.343
  44.854   11.657   34.232
  45.452   13.088   34.023
  21.042    3.156   24.212
  20.567    3.548   25.414
  21.180    4.599   25.818
  22.074    5.027   25.020
  21.988    3.930   23.771
  22.735    4.610   23.507
  22.082    3.333   22.880
  20.957    5.043   26.709
  21.898    5.173   25.465
  38.571   26.226   18.355
  39.504   27.164   18.087
  39.739   27.218   16.829
  39.060   26.399   16.130
  38.149   25.620   17.285
  37.879   25.196   16.370
  37.483   25.012   17.874
  40.418   27.870   16.435
  39.406   26.746   16.031
  43.890    6.778   14.344
  44.650    5.771   13.863
  45.891    5.994   14.093
  46.125    7.083   14.707
  44.597    7.709   14.913
  45.252    8.398   15.346
  43.705    8.269   15.140
  46.618    5.341   13.801
  46.407    6.711   14.528
  31.522   21.096   49.611
  30.868   19.916   49.671
  29.601   20.104   49.684
  29.249   21.327   49.637
  30.714   22.114   49.580
  29.984   22.861   49.560
  31.548   22.794   49.538
  28.942   19.327   49.727
  29.007   20.890   49.660
  30.008    3.532   13.807
  28.667    3.378   13.808
  28.351    2.184   14.150
  29.343    1.430   14.406
  30.636    2.446   14.149
  31.043    1.528   14.433
  31.586    2.941   14.034
  27.379    1.880   14.208
  28.847    1.373   14.406
   4.271    4.549   17.760
   5.391    5.246   18.051
   5.150    6.504   18.055
   3.943    6.810   17.791
   3.242    5.318   17.559
   2.482    6.019   17.416
   2.618    4.460   17.374
   5.876    7.191   18.255
   4.357    7.068   17.898
  32.273   22.525   39.709
  33.307   22.187   40.508
  33.266   20.938   40.793
  32.287   20.311   40.275
  31.503   21.514   39.433
  30.952   20.642   39.271
  30.866   22.143   38.835
  33.969   20.498   41.387
  32.670   20.186   40.570
  41.857   28.401   33.749
  42.059   27.153   34.223
  41.260   26.604   35.254
  41.469   25.310   35.745
  42.484   24.519   35.223
  41.656   29.649   33.275
  42.454   30.198   32.244
  41.624   23.698   35.138
  42.765   24.350   36.369
  43.333   23.843   34.794
  42.174   30.366   31.098
  43.315   31.018   32.328
  41.985   30.813   32.353
  26.594   20.623   47.945
  27.355   19.542   48.218
  27.163   18.304   47.562
  27.952   17.183   47.845
  28.962   17.260   48.796
  25.834   21.705   47.671
  26.026   22.943   48.328
  29.626   16.762   47.941
  28.461   16.266   49.220
  29.813   17.312   49.592
  26.527   23.938   47.904
  25.362   23.441   49.182
  25.432   23.158   47.869
  15.704   47.503   19.642
  15.405   46.226   19.323
  14.238   45.887   18.599
  13.928   44.563   18.268
  14.774   43.529   18.649
  16.003   48.780   19.961
  17.171   49.119   20.685
  14.678   43.203   17.507
  13.770   43.030   19.052
  15.476   42.653   18.963
  18.175   49.619   20.282
  17.267   49.445   21.827
  16.886   49.841   20.599
  18.196    9.747   27.985
  18.139    8.411   28.173
  19.304    7.608   28.206
  19.245    6.223   28.401
  18.019    5.591   28.569
  18.253   11.082   27.798
  17.088   11.885   27.764
  18.551    5.094   29.512
  18.433    4.850   27.733
  16.997    5.048   28.711
  16.674   12.627   28.600
  16.556   12.382   26.821
  17.612   12.453   27.651
  41.710   36.429    7.371
  41.444   35.577    6.358
  42.119   34.342    6.219
  41.843   33.458    5.169
  40.881   33.779    4.219
  41.977   37.281    8.384
  41.301   38.516    8.522
  40.476   32.682    4.449
  41.736   33.484    3.443
  40.076   34.036    3.415
  40.447   38.812    9.298
  41.707   39.613    8.293
  41.763   38.577    9.149
   2.118   14.644   23.847
   1.796   15.406   24.914
   0.834   14.994   25.867
   0.500   15.784   26.973
   1.117   17.014   27.167
   2.440   13.883   22.780
   3.403   14.294   21.828
   1.294   16.605   28.272
   0.000   17.405   27.310
   1.627   18.048   27.342
   4.519   13.903   21.685
   3.225   14.704   20.723
   3.219   13.608   21.504
  29.623   12.125    6.195
  29.797   12.692    7.407
  28.907   12.454    8.481
  29.087   13.042    9.739
  30.165   13.888    9.968
  29.448   11.559    4.982
  30.339   11.796    3.908
  30.329   13.206   10.931
  29.333   14.614   10.416
  31.065   14.601   10.174
  31.171   11.070    3.460
  30.174   12.478    2.945
  29.850   11.314    3.536
  46.520   43.319   15.819
  45.598   43.056   14.868
  45.676   43.618   13.572
  44.720   43.346   12.586
  43.651   42.502   12.862
  47.442   43.582   16.769
  47.364   43.020   18.065
  43.973   41.975   11.843
  43.001   43.386   12.396
  42.749   41.796   13.080
  48.013   42.137   18.532
  47.042   43.548   19.084
  48.020   43.432   18.168
  32.131   10.685   25.669
  30.826   10.341   25.695
  29.904   10.959   26.573
  28.551   10.602   26.599
  28.070    9.615   25.748
  33.436   11.029   25.644
  34.358   10.411   24.765
  27.232   10.423   25.495
  27.585    9.175   26.744
  27.654    8.788   25.040
  34.843   10.850   23.770
  35.196    9.603   25.018
  34.856   10.901   25.114
  46.235   46.270   28.256
  46.629   45.196   27.540
  47.829   45.193   26.789
  48.237   44.078   26.047
  47.460   42.927   26.029
  45.842   47.345   28.972
  44.642   47.348   29.722
  48.490   42.384   26.279
  47.596   43.010   24.848
  46.817   41.954   26.005
  44.506   47.265   30.903
  43.612   47.891   29.472
  44.876   48.073   29.893
  31.699   23.917    2.567
  30.580   24.263    3.238
  30.432   25.532    3.845
  29.271   25.891    4.541
  28.217   24.993    4.653
  32.819   23.571    1.896
  32.967   22.302    1.289
  27.560   25.919    4.288
  28.272   25.273    5.810
  27.324   24.249    4.755
  32.911   22.022    0.132
  33.623   21.377    1.654
  33.662   22.597    1.089
  17.103   46.166   36.402
  18.355   46.661   36.305
  19.499   45.855   36.517
  20.797   46.368   36.417
  20.999   47.706   36.100
  15.851   45.671   36.499
  14.707   46.477   36.286
  21.757   47.266   35.293
  21.727   47.685   37.043
  21.182   48.826   35.834
  13.979   46.498   35.343
  13.949   46.917   37.093
  14.337   45.807   36.440
  29.189    4.227   16.022
  29.317    3.177   16.861
  29.997    1.995   16.485
  30.130    0.906   17.355
  29.587    0.961   18.632
  29.061    5.277   15.183
  28.381    6.459   15.560
  30.669    0.588   18.967
  29.127   -0.099   18.341
  29.137    0.993   19.707
  28.841    7.519   15.850
  27.300    6.832   15.225
  28.578    6.676   14.836
  17.441    1.904   22.233
  16.826    2.444   23.306
  17.526    2.747   24.498
  16.888    3.307   25.611
  15.528    3.585   25.572
  18.056    1.363   21.159
  17.356    1.061   19.967
  15.866    4.651   25.984
  15.511    3.002   26.611
  14.387    3.824   25.553
  17.372    1.645   18.928
  17.017   -0.005   19.555
  18.063    0.822   19.738
  25.198   13.099   31.554
  24.608   14.272   31.868
  23.509   14.345   32.757
  22.898   15.562   33.082
  23.363   16.749   32.529
  25.788   11.926   31.241
  26.886   11.852   30.352
  23.346   17.129   33.659
  22.213   16.929   32.274
  23.743   17.752   32.073
  28.036   11.672   30.607
  26.903   11.472   29.223
  26.827   11.090   30.510
   1.419   35.668   37.326
   1.273   34.675   36.423
   0.186   33.771   36.472
   0.034   32.741   35.536
   0.964   32.579   34.517
   1.566   36.661   38.229
   2.653   37.566   38.179
  -0.001   32.540   33.819
   0.961   31.441   34.872
   1.738   32.431   33.657
   2.656   38.703   37.825
   3.618   37.604   38.877
   2.299   37.860   38.810
  28.969   28.526   14.223
  28.550   29.638   14.866
  27.258   30.178   14.664
  26.824   31.330   15.330
  27.666   31.983   16.221
  29.388   27.415   13.581
  30.681   26.875   13.783
  26.721   31.937   16.946
  27.356   32.953   15.602
  28.363   32.541   16.972
  30.991   25.905   14.402
  31.625   26.921   13.058
  30.425   26.349   13.265
  36.573   19.452   12.340
  37.269   19.284   11.195
  37.856   18.044   10.849
  38.577   17.870    9.662
  38.737   18.930    8.778
  35.878   19.620   13.485
  35.291   20.860   13.830
  38.373   18.137    7.966
  39.886   18.617    8.815
  38.879   19.811    8.027
  34.141   21.173   13.794
  35.654   21.653   14.642
  35.065   20.457   14.460
  27.433   40.871   41.156
  27.867   40.447   42.362
  29.172   40.728   42.831
  29.622   40.288   44.082
  28.783   39.551   44.908
  26.999   41.295   39.950
  25.695   41.013   39.481
  29.120   40.339   45.736
  29.718   38.817   44.985
  28.089   38.931   45.611
  24.759   41.747   39.404
  25.358   40.225   38.653
  25.945   41.417   38.861
  22.266   46.038    1.504
  21.784   46.873    2.450
  21.813   48.279    2.293
  21.313   49.145    3.273
  20.767   48.636    4.445
  22.747   45.203    0.559
  22.718   43.797    0.716
  19.866   49.373    4.191
  21.488   49.427    4.970
  20.306   48.222    5.433
  21.998   43.006    0.190
  23.620   43.060    0.969
  23.056   43.818    0.012
  20.888   30.843   17.606
  20.588   29.641   17.071
  19.773   28.702   17.747
  19.462   27.455   17.192
  19.953   27.103   15.941
  21.189   32.046   18.142
  22.003   32.985   17.466
  18.819   26.810   15.722
  20.281   26.100   16.496
  20.359   26.794   14.892
  21.676   33.988   16.911
  23.137   33.278   17.685
  21.867   33.407   18.109
  15.940   18.299   10.079
  16.495   17.260   10.737
  16.360   17.100   12.136
  16.936   16.022   12.819
  17.666   15.064   12.127
  15.385   19.339    9.420
  15.519   19.499    8.021
  16.978   14.296   12.723
  18.478   15.257   12.977
  18.281   14.254   11.558
  14.707   19.306    7.170
  16.207   20.267    7.424
  15.088   20.135    8.159
  18.103    1.421   41.300
  18.246    2.368   40.348
  18.837    2.086   39.093
  18.986    3.068   38.106
  18.548    4.366   38.338
  17.960    0.475   42.252
  17.369    0.757   43.506
  18.017    4.237   37.279
  19.634    4.663   37.946
  18.186    5.459   38.520
  16.284    0.459   43.899
  17.901    0.885   44.565
  17.518   -0.000   43.627
  16.357   43.860    2.734
  16.370   43.839    4.083
  15.218   44.134    4.849
  15.232   44.113    6.249
  16.399   43.797    6.933
  16.343   43.880    1.384
  17.496   43.586    0.618
  15.693   43.045    7.529
  16.151   44.785    7.550
  17.372   43.533    7.519
  17.744   42.597    0.000
  18.202   44.338    0.022
  17.006   43.722    0.024
  28.687   15.120   19.960
  28.475   14.169   20.894
  27.343   14.190   21.744
  27.124   13.203   22.712
  28.028   12.160   22.866
  28.899   16.072   19.026
  30.030   16.050   18.177
  27.051   11.479   22.818
  27.971   12.453   24.019
  28.779   11.278   23.006
  30.087   15.757   17.024
  31.007   16.731   18.225
  29.702   16.702   17.900
  48.282   17.576   42.716
  47.233   18.426   42.708
  47.297   19.701   43.319
  46.210   20.583   43.311
  45.020   20.222   42.692
  49.330   16.725   42.724
  49.266   15.450   42.113
  45.117   21.289   42.172
  44.529   20.578   43.717
  44.015   19.931   42.176
  49.757   15.093   41.087
  49.169   14.383   42.633
  50.001   15.407   42.373
  45.851    1.040    7.871
  46.922    1.812    7.590
  48.246    1.377    7.836
  49.357    2.178    7.545
  49.183    3.443    6.996
  44.780    0.268    8.153
  43.456    0.703    7.907
  50.001    3.072    6.212
  49.925    3.779    7.866
  49.052    4.506    6.536
  42.714    0.367    7.037
  42.639    1.073    8.691
  43.284   -0.000    8.199
  38.005   28.988   45.458
  37.492   27.822   45.905
  37.776   27.325   47.199
  37.244   26.115   47.662
  36.410   25.360   46.848
  38.517   30.154   45.011
  38.234   30.651   43.717
  35.704   25.343   47.808
  37.134   24.465   47.157
  35.709   24.716   46.175
  37.510   31.546   43.408
  38.940   30.668   42.757
  38.698   31.232   43.954
  46.649   21.981   10.511
  45.790   22.259   11.514
  44.414   22.496   11.280
  43.524   22.784   12.321
  43.976   22.845   13.633
  47.508   21.703    9.507
  48.883   21.466    9.741
  43.052   22.125   13.849
  43.389   23.882   13.650
  44.343   22.900   14.739
  49.471   20.430    9.724
  49.808   22.187    9.525
  48.891   21.377    8.965
   1.739   41.955   37.221
   2.818   42.766   37.235
   2.702   44.171   37.114
   3.821   45.013   37.128
   5.096   44.479   37.264
   0.661   41.144   37.207
   0.777   39.739   37.328
   5.212   45.309   38.112
   5.343   45.166   36.322
   6.172   44.044   37.378
   0.530   39.052   38.270
   0.661   38.909   36.480
  -0.001   39.776   37.268
  36.497   28.533   39.080
  35.628   27.593   38.653
  35.795   26.222   38.962
  34.894   25.246   38.519
  33.792   25.607   37.753
  37.366   29.474   39.507
  37.199   30.845   39.198
  33.191   24.945   38.540
  34.163   24.726   37.041
  32.864   25.896   37.109
  36.828   31.726   39.910
  37.800   31.507   38.411
  37.856   30.910   39.615
   2.614    5.725   25.908
   2.059    6.070   24.726
   0.681    6.368   24.604
   0.105    6.725   23.379
   0.887    6.798   22.233
   3.169    5.380   27.089
   4.547    5.083   27.212
   0.366    7.862   22.102
   0.023    6.129   21.758
   1.532    6.863   21.263
   5.411    5.752   27.687
   5.068    4.019   27.342
   4.348    4.973   27.959
  21.703   23.352    1.566
  22.568   23.257    2.599
  23.970   23.280    2.407
  24.867   23.182    3.477
  24.395   23.058    4.778
  20.838   23.446    0.534
  19.437   23.423    0.726
  25.160   23.944    5.002
  25.166   22.151    4.833
  24.011   22.954    5.874
  18.665   24.330    0.671
  18.671   22.538    0.502
  19.436   23.497   -0.052
  24.195   19.094   37.643
  25.156   18.501   36.903
  25.722   17.256   37.268
  26.719   16.641   36.501
  27.184   17.248   35.341
  23.235   19.688   38.383
  22.668   20.932   38.018
  26.993   16.176   34.858
  28.257   17.031   35.813
  27.584   17.747   34.366
  21.596   21.149   37.546
  22.859   22.004   38.501
  22.255   20.815   38.670
   7.115   34.832   41.991
   6.145   34.474   41.124
   6.439   33.991   39.827
   5.433   33.620   38.927
   4.096   33.718   39.293
   8.085   35.190   42.859
   7.791   35.673   44.156
   4.038   32.599   38.886
   3.987   34.281   38.249
   2.970   33.795   39.586
   7.900   35.109   45.200
   7.849   36.792   44.562
   8.570   35.714   44.202
  34.211   28.870   30.254
  35.300   28.084   30.392
  35.206   26.673   30.435
  36.335   25.858   30.578
  37.599   26.425   30.684
  33.122   29.656   30.116
  33.216   31.067   30.073
  37.881   25.637   29.837
  37.701   25.703   31.626
  38.665   26.888   30.774
  33.113   31.789   29.131
  32.933   31.855   30.920
  32.440   31.010   29.997
  32.532   40.456   43.179
  33.034   41.243   42.203
  32.899   40.918   40.833
  33.419   41.734   39.821
  34.094   42.904   40.144
  32.030   39.670   44.154
  32.166   39.995   45.525
  33.368   43.392   39.334
  34.920   42.481   39.397
  34.662   43.890   40.401
  31.340   40.419   46.272
  32.891   39.508   46.335
  31.770   39.328   45.613
  24.596   37.057   25.565
  25.490   37.994   25.947
  25.096   39.174   26.621
  26.023   40.146   27.017
  27.375   39.973   26.753
  23.703   36.119   25.184
  24.096   34.939   24.509
  27.503   40.246   27.906
  27.301   41.082   26.325
  28.514   39.840   26.538
  24.171   33.829   24.938
  23.969   34.665   23.357
  23.328   34.797   24.532
  42.786   39.521   10.853
  41.912   40.411   11.368
  41.943   41.782   11.016
  41.037   42.705   11.550
  40.066   42.291   12.455
  43.660   38.630   10.338
  43.629   37.259   10.689
  39.328   42.891   11.737
  40.459   43.214   13.099
  39.247   41.958   13.214
  43.237   36.337   10.045
  44.368   36.660   11.407
  44.233   37.228   10.195
   2.674    7.515   41.387
   3.928    7.675   40.913
   4.324    8.844   40.219
   5.624    9.010   39.727
   6.574    8.013   39.910
   1.421    7.355   41.862
   1.025    6.187   42.556
   7.253    8.913   40.299
   6.759    8.156   38.742
   7.382    7.185   40.057
   0.839    6.044   43.724
   0.346    5.287   42.167
   0.342    6.565   42.588
  21.926    7.240   23.873
  21.226    6.204   23.366
  19.837    6.053   23.595
  19.111    4.978   23.069
  19.747    4.016   22.294
  22.627    8.276   24.381
  24.015    8.428   24.152
  18.844    4.213   21.541
  19.194    3.251   23.022
  20.268    3.201   21.642
  24.568    9.192   23.424
  24.917    8.230   24.904
  23.910    9.065   24.590
  18.758   26.270    1.703
  17.498   26.752    1.647
  16.376   25.903    1.497
  15.070   26.403    1.440
  14.838   27.770    1.531
  20.018   25.788    1.758
  21.140   26.637    1.909
  14.036   27.448    2.351
  14.169   27.590    0.562
  14.630   28.915    1.606
  21.809   26.817    2.878
  21.942   26.959    1.088
  21.524   25.958    1.883
  20.526   25.983   20.744
  21.609   26.773   20.587
  22.641   26.458   19.671
  23.764   27.277   19.508
  23.896   28.441   20.255
  19.442   25.193   20.901
  18.411   25.508   21.817
  24.127   28.939   19.198
  24.986   28.016   20.483
  24.020   29.420   20.876
  17.321   25.933   21.589
  18.179   25.010   22.874
  18.108   24.843   21.541
   8.085   15.082   46.825
   9.224   14.963   46.111
   9.280   15.269   44.731
  10.462   15.145   43.991
  11.631   14.712   44.605
   6.945   15.201   47.538
   6.889   14.895   48.919
  12.109   15.666   44.075
  11.684   13.962   43.680
  12.618   14.349   45.108
   6.835   15.645   49.843
   6.410   13.941   49.449
   6.142   15.103   48.826
  41.549   20.675   37.679
  40.794   20.415   38.768
  39.574   21.090   39.012
  38.791   20.820   40.141
  39.199   19.867   41.065
  42.305   20.935   36.591
  43.525   20.261   36.347
  38.087   19.458   40.940
  38.973   20.727   41.858
  39.530   19.069   41.849
  43.751   19.400   35.554
  44.637   20.670   36.472
  43.527   20.717   35.713
  29.221    5.203   20.992
  28.354    6.132   20.536
  28.403    7.479   20.966
  27.504    8.442   20.493
  26.524    8.092   19.573
  30.088    4.274   21.448
  30.039    2.927   21.019
  26.923    9.046   18.980
  25.796    8.657   20.329
  25.696    7.812   18.800
  30.767    2.362   20.262
  29.640    1.973   21.611
  30.646    2.861   21.506
  37.800   21.340   19.366
  37.890   20.378   20.309
  38.704   20.527   21.457
  38.798   19.529   22.434
  38.081   18.346   22.299
  37.710   22.302   18.423
  36.896   22.153   17.275
  37.747   18.572   23.420
  39.131   17.835   22.535
  37.485   17.349   22.197
  35.846   22.664   17.038
  37.229   21.927   16.154
  37.174   22.866   17.116
  19.921   42.114   16.080
  21.131   41.515   16.104
  22.336   42.257   16.100
  23.590   41.635   16.125
  23.684   40.249   16.153
  18.712   42.713   16.057
  17.507   41.971   16.060
  24.435   40.449   17.056
  24.452   40.413   15.257
  23.777   39.087   16.177
  16.739   41.808   16.956
  16.756   41.772   15.157
  17.192   42.686   16.043
  44.313   24.938   20.407
  44.691   23.950   21.246
  45.994   23.890   21.795
  46.387   22.865   22.664
  45.491   21.863   23.016
  43.934   25.926   19.569
  42.631   25.985   19.020
  45.840   22.119   24.126
  46.388   21.137   22.720
  44.748   21.017   23.319
  41.734   26.712   19.315
  42.282   25.729   17.910
  42.918   26.629   18.682
  31.395   41.831   25.426
  30.236   42.382   25.005
  29.031   41.642   24.950
  27.830   42.213   24.513
  27.791   43.543   24.115
  32.553   41.281   25.848
  33.759   42.021   25.903
  26.852   43.599   24.847
  27.232   43.105   23.158
  27.744   44.659   23.779
  34.317   42.459   26.860
  34.697   41.965   25.171
  34.039   41.341   26.165
   1.201   37.525   32.238
   2.010   37.107   33.235
   1.748   37.411   34.591
   2.587   36.977   35.625
   3.718   36.223   35.338
   0.392   37.944   31.242
   0.654   37.640   29.885
   3.297   35.505   36.191
   4.265   37.015   36.040
   4.671   35.589   35.111
   0.107   36.847   29.183
   1.075   38.357   29.032
  -0.002   38.049   29.777
  20.164   12.212   44.344
  19.059   11.812   43.679
  18.113   12.734   43.173
  16.968   12.319   42.483
  16.727   10.966   42.276
  21.269   12.613   45.008
  22.215   11.691   45.515
  16.551   11.304   41.147
  15.644   11.227   42.700
  16.513    9.834   42.096
  23.298   11.430   45.091
  22.391   11.353   46.644
  22.567   12.346   45.753
  24.119    3.613   30.780
  22.985    2.884   30.844
  23.004    1.471   30.917
  21.828    0.715   30.983
  20.590    1.345   30.979
  25.254    4.342   30.716
  25.235    5.755   30.644
  20.377    0.648   31.922
  20.335    0.555   30.125
  19.544    1.862   30.977
  25.489    6.545   31.499
  25.447    6.452   29.702
  26.010    5.659   30.631
  38.961   14.459   14.475
  40.274   14.295   14.739
  41.252   15.209   14.279
  42.614   15.039   14.553
  43.048   13.949   15.298
  37.647   14.623   14.210
  36.670   13.709   14.670
  43.642   14.775   15.918
  43.827   13.816   14.406
  43.425   13.039   15.922
  35.890   13.843   15.562
  36.075   12.884   14.050
  36.189   14.201   14.300
  26.676   21.938   45.363
  25.960   20.992   44.718
  24.987   21.322   43.746
  24.244   20.342   43.077
  24.449   18.997   43.356
  27.392   22.883   46.008
  28.366   22.553   46.981
  24.520   18.895   42.171
  23.262   18.970   43.456
  24.611   17.864   43.581
  29.553   22.579   46.881
  28.295   22.655   48.166
  28.444   23.330   47.011
  27.180   17.986   14.353
  28.152   17.108   14.028
  29.508   17.497   13.919
  30.517   16.586   13.582
  30.205   15.254   13.341
  26.207   18.865   14.678
  24.851   18.476   14.786
  31.100   15.043   14.098
  30.854   15.416   12.355
  29.957   14.133   13.136
  24.202   18.314   15.773
  23.956   18.687   14.029
  24.759   19.231   14.961
  34.695    3.002   25.389
  35.835    3.688   25.616
  36.093    4.938   25.005
  37.275    5.649   25.241
  38.242    5.137   26.097
  33.555    2.316   25.161
  33.297    1.066   25.773
  38.201    6.224   26.583
  38.983    5.384   25.197
  39.061    4.718   26.813
  32.555    0.819   26.672
  33.338   -0.021   25.286
  32.633    1.123   25.364
  14.955   17.094   30.248
  15.647   18.231   30.021
  15.011   19.493   29.942
  15.729   20.671   29.706
  17.108   20.630   29.540
  14.263   15.958   30.476
  14.898   14.696   30.554
  17.100   21.508   30.346
  16.880   21.288   28.573
  18.265   20.610   29.399
  15.126   14.038   31.522
  14.905   13.817   29.749
  14.166   14.453   30.675
   3.826   22.980   41.020
   5.052   22.687   41.504
   5.240   22.177   42.810
   6.511   21.874   43.313
   7.639   22.070   42.527
   2.600   23.272   40.535
   2.412   23.782   39.229
   7.904   20.957   42.857
   8.054   22.635   43.491
   8.595   22.230   41.877
   1.998   23.218   38.264
   2.148   24.896   38.898
   1.662   23.767   39.446
  14.773   30.545   13.459
  13.899   29.542   13.689
  12.523   29.661   13.382
  11.617   28.620   13.621
  12.055   27.424   14.174
  15.646   31.548   13.229
  17.023   31.429   13.535
  11.451   26.935   13.270
  11.140   27.584   14.920
  12.409   26.414   14.638
  17.938   31.268   12.789
  17.627   31.917   14.439
  17.040   32.157   13.252
  42.421   44.233   45.764
  41.733   43.666   46.778
  42.373   43.211   47.955
  41.660   42.622   49.007
  40.282   42.468   48.918
  43.109   44.801   44.750
  42.469   45.256   43.573
  40.287   42.968   50.000
  40.516   41.348   49.249
  39.125   42.333   48.857
  42.235   46.377   43.242
  42.464   44.757   42.491
  43.200   45.450   43.378
  26.585   38.341   42.532
  26.576   39.063   43.672
  25.852   38.649   44.816
  25.843   39.398   45.999
  26.557   40.587   46.081
  26.594   37.620   41.391
  27.318   38.034   40.247
  26.974   40.115   47.092
  25.532   41.021   46.508
  27.151   41.587   46.163
  28.342   37.600   39.820
  26.900   38.505   39.236
  27.022   37.373   39.953
  27.405   43.205   41.608
  28.657   43.703   41.532
  28.997   44.747   40.640
  30.295   45.264   40.561
  31.301   44.755   41.373
  26.152   42.707   41.684
  25.813   41.662   42.576
  31.506   45.903   41.618
  31.913   44.689   40.352
  32.155   44.336   42.048
  25.202   41.728   43.597
  25.608   40.514   42.332
  25.108   41.761   42.255
  24.468   38.751   31.064
  23.906   39.920   30.691
  22.526   40.028   30.394
  21.943   41.240   30.007
  22.719   42.388   29.902
  25.031   37.582   31.438
  26.410   37.474   31.734
  21.854   42.876   30.561
  22.194   42.488   28.837
  23.358   43.359   29.810
  26.934   37.374   32.800
  27.275   36.986   31.075
  26.215   36.729   31.863
  35.843    5.385   28.644
  36.436    6.336   27.892
  35.889    6.768   26.661
  36.504    7.755   25.881
  37.689    8.345   26.304
  35.250    4.434   29.396
  35.797    4.002   30.628
  37.117    9.362   26.063
  38.057    8.093   25.200
  38.683    8.848   26.648
  35.428    4.254   31.733
  36.369    2.985   30.870
  35.168    3.539   30.623
  28.872   35.810   22.560
  30.189   36.101   22.510
  31.180   35.092   22.486
  32.546   35.394   22.433
  32.969   36.717   22.403
  27.554   35.518   22.611
  26.563   36.528   22.635
  33.631   36.348   21.483
  33.695   36.368   23.282
  33.339   37.823   22.377
  25.837   36.876   21.757
  25.902   36.897   23.555
  26.086   35.910   22.659
  41.597   46.826   34.491
  40.694   46.064   33.838
  41.072   44.913   33.108
  40.136   44.123   32.431
  38.788   44.456   32.459
  42.501   47.588   35.144
  42.122   48.740   35.874
  38.644   43.311   32.754
  38.862   44.317   31.278
  37.653   44.725   32.475
  42.048   48.879   37.055
  42.266   49.885   35.579
  42.890   48.775   36.011
  42.363   29.706    3.111
  42.826   28.998    4.163
  44.080   28.344    4.134
  44.560   27.609    5.224
  43.802   27.502    6.384
  41.900   30.415    2.059
  40.646   31.068    2.089
  44.817   27.820    6.921
  44.030   26.338    6.270
  43.177   27.404    7.363
  40.418   32.233    2.203
  39.631   30.751    1.552
  40.856   31.275    1.366
  12.221   43.324   23.876
  11.551   44.488   24.007
  12.126   45.730   23.649
  11.431   46.938   23.786
  10.135   46.946   24.286
  12.892   42.160   23.744
  12.316   40.918   24.102
   9.909   47.620   23.329
  10.555   47.803   25.000
   9.046   46.967   24.704
  11.896   40.061   23.388
  12.542   40.244   25.058
  13.010   40.648   23.864
  38.072   12.867   43.618
  36.760   13.168   43.520
  36.289   14.501   43.585
  34.928   14.813   43.484
  33.990   13.804   43.313
  39.385   12.566   43.716
  39.855   11.233   43.650
  33.598   14.497   42.426
  33.430   14.350   44.212
  33.191   12.966   43.169
  40.415   10.687   42.751
  40.247   10.540   44.537
  40.546   11.585   43.744
  33.589   17.956   25.371
  34.674   18.758   25.410
  35.279   19.260   24.233
  36.404   20.091   24.273
  36.965   20.451   25.492
  32.503   17.154   25.332
  31.899   16.653   26.509
  36.913   21.554   25.043
  37.983   20.108   24.977
  37.446   20.761   26.508
  30.880   16.996   27.024
  31.951   15.550   26.958
  31.417   16.320   25.992
   6.285   12.878    9.294
   7.126   13.748    9.893
   6.890   15.144    9.886
   7.762   16.046   10.507
   8.899   15.586   11.158
   5.445   12.008    8.695
   5.680   10.612    8.702
   8.512   16.277   12.048
   9.448   16.427   10.518
   9.858   15.212   11.708
   5.131    9.771    9.342
   6.067    9.920    7.812
   5.014   10.605    8.294
  40.083   26.385   20.788
  40.922   27.323   21.277
  40.469   28.376   22.105
  41.339   29.349   22.612
  42.694   29.303   22.309
  39.244   25.447   20.299
  39.698   24.393   19.470
  42.829   29.432   23.486
  42.538   30.451   22.031
  43.833   29.276   22.062
  39.854   23.245   19.749
  39.563   24.264   18.294
  38.942   24.199   19.485
  24.913   36.886   43.895
  25.619   36.012   44.643
  27.031   36.066   44.726
  27.764   35.159   45.501
  27.111   34.166   46.221
  24.206   37.760   43.148
  22.794   37.706   43.065
  27.787   34.556   47.122
  27.913   33.449   45.708
  26.576   33.328   46.830
  21.993   38.424   43.578
  22.118   37.316   42.164
  22.905   38.320   42.594
  40.116   25.053    2.563
  38.870   24.841    2.089
  38.417   23.552    1.719
  37.125   23.333    1.227
  36.239   24.394    1.087
  41.362   25.264    3.038
  41.815   26.553    3.408
  35.489   23.676    1.671
  36.082   23.949   -0.007
  35.486   25.276    0.965
  41.972   26.998    4.502
  42.565   27.272    2.824
  42.468   26.159    3.575
  42.346   28.904   37.278
  41.293   28.279   37.846
  40.940   26.950   37.511
  39.847   26.302   38.100
  39.069   26.959   39.045
  43.399   29.529   36.710
  43.753   30.858   37.045
  39.233   25.965   39.681
  38.162   26.580   38.372
  38.408   27.500   39.839
  44.660   31.237   37.718
  43.589   31.852   36.408
  44.317   30.726   36.521
  21.751   10.755   12.184
  22.761   11.110   11.360
  23.195   12.451   11.241
  24.242   12.819   10.387
  24.892   11.858    9.623
  20.742   10.401   13.007
  20.307    9.060   13.127
  25.878   12.361   10.065
  24.699   12.624    8.731
  25.447   11.062    8.976
  20.501    8.294   14.019
  19.322    8.556   12.685
  19.806    9.379   13.633
  12.916   22.149   19.389
  14.026   21.394   19.247
  15.321   21.964   19.214
  16.472   21.180   19.066
  16.369   19.800   18.946
  11.806   22.905   19.532
  10.511   22.335   19.565
  17.204   19.794   19.796
  17.086   19.959   18.007
  16.297   18.641   18.844
   9.794   22.177   20.504
   9.676   22.341   18.715
  10.300   23.083   19.648
  21.015    3.495   40.736
  21.161    4.479   41.650
  21.052    5.847   41.303
  21.203    6.866   42.250
  21.469    6.555   43.578
  20.869    2.512   39.823
  20.978    1.144   40.169
  20.571    7.307   43.798
  22.338    7.361   43.458
  21.692    6.307   44.695
  20.109    0.338   40.290
  21.875    0.392   39.949
  20.834    1.050   39.408
   1.503   10.893   33.041
   1.357    9.551   33.028
   2.457    8.678   32.856
   2.305    7.287   32.843
   1.048    6.718   33.001
   1.649   12.235   33.054
   0.549   13.108   33.227
   1.597    6.047   33.818
   1.353    6.091   32.035
  -0.002    6.228   33.133
   0.243   13.736   34.192
  -0.001   13.779   32.410
   1.106   13.651   33.164
  44.942    5.766   24.288
  43.934    6.629   24.537
  44.152    7.873   25.176
  43.106    8.768   25.433
  41.806    8.451   25.061
  45.950    4.903   24.040
  45.732    3.660   23.401
  41.817    9.541   24.579
  41.547    8.765   26.181
  40.710    8.198   24.754
  45.991    3.345   22.281
  45.721    2.570   23.883
  46.504    3.594   23.499
  33.500   18.092   36.609
  33.763   17.885   35.302
  34.053   18.950   34.417
  34.326   18.735   33.061
  34.320   17.447   32.541
  33.236   18.300   37.917
  32.947   17.234   38.802
  35.373   17.766   32.083
  33.620   17.927   31.705
  34.318   16.371   32.092
  33.647   16.754   39.639
  31.894   16.915   39.260
  32.889   17.819   39.317
  14.396   22.359   46.059
  15.393   21.964   45.240
  16.075   20.738   45.426
  17.110   20.328   44.576
  17.500   21.130   43.511
  13.398   22.754   46.878
  12.717   23.980   46.693
  17.398   20.122   42.884
  18.595   20.947   43.944
  17.838   21.793   42.613
  11.621   24.163   46.260
  12.819   24.988   47.320
  12.326   23.736   47.324
   7.834    0.462   35.839
   8.202    0.926   37.052
   8.228    0.094   38.197
   8.609    0.575   39.455
   8.979    1.905   39.613
   7.466   -0.002   34.626
   7.441    0.830   33.481
   9.923    1.441   40.172
   8.212    1.874   40.525
   9.291    3.019   39.761
   8.207    0.861   32.569
   6.496    1.294   32.922
   7.203    0.170   33.138
   4.050    7.326   34.229
   3.019    7.937   34.850
   2.781    7.784   36.237
   1.712    8.417   36.881
   0.842    9.226   36.162
   5.081    6.715   33.608
   5.319    6.869   32.221
   1.047   10.005   37.040
  -0.000    8.580   36.703
   0.104    9.908   35.570
   6.160    7.515   31.679
   5.114    6.090   31.343
   5.917    6.392   32.379
   4.748    3.028   16.201
   5.622    2.873   17.218
   6.511    1.774   17.282
   7.417    1.613   18.336
   7.466    2.545   19.365
   3.874    3.183   15.183
   2.984    4.282   15.120
   8.639    2.526   19.152
   7.408    1.583   20.065
   7.518    3.320   20.235
   3.043    5.245   14.420
   1.812    4.301   15.334
   2.764    3.929   14.459
  10.001   37.283   31.145
   9.479   38.528   31.144
  10.165   39.629   31.709
   9.623   40.920   31.708
   8.377   41.156   31.142
  10.523   36.038   31.146
   9.838   34.937   30.581
   8.943   42.044   30.584
   8.160   41.717   32.171
   7.332   41.368   30.669
  10.055   34.376   29.552
   9.272   34.049   31.139
  10.476   34.554   30.817
  10.268    5.585   43.939
  10.075    4.385   44.526
  11.133    3.667   45.132
  10.933    2.422   45.740
   9.667    1.850   45.764
  10.461    6.786   43.352
   9.403    7.503   42.746
   9.896    1.706   46.924
  10.238    0.886   45.358
   8.610    1.359   45.791
   8.832    8.468   43.151
   9.174    7.648   41.586
   9.974    8.016   42.602
  48.257   15.206    8.973
  48.040   16.442    8.474
  48.772   16.944    7.371
  48.547   18.225    6.853
  47.583   19.050    7.419
  48.473   13.971    9.472
  47.742   13.469   10.575
  47.225   19.187    6.291
  48.459   19.858    7.416
  46.777   19.753    7.885
  46.866   12.661   10.578
  48.100   13.332   11.703
  48.193   12.843   10.453
  41.996   36.102   37.949
  41.051   35.428   38.639
  41.366   34.304   39.439
  40.386   33.605   40.154
  39.057   34.005   40.095
  42.941   36.776   37.259
  42.627   37.900   36.459
  39.118   33.934   41.283
  38.855   32.853   39.867
  37.938   34.331   40.054
  42.828   39.052   36.687
  42.566   37.972   35.271
  43.396   37.887   36.326
  17.895   29.556   30.639
  16.686   29.113   30.232
  15.561   29.969   30.157
  14.307   29.510   29.735
  14.134   28.180   29.373
  19.104   29.998   31.045
  20.229   29.143   31.120
  13.619   28.646   28.404
  13.196   28.238   30.106
  13.974   27.066   29.066
  21.167   29.084   30.387
  20.743   28.676   32.089
  20.577   29.798   31.364
  17.771    6.670    5.232
  17.980    6.526    3.906
  18.691    5.425    3.374
  18.908    5.276    1.999
  18.420    6.223    1.107
  17.562    6.814    6.558
  16.851    7.915    7.091
  17.992    5.271    0.532
  19.530    6.196    0.674
  18.016    7.010    0.347
  15.741    7.942    7.524
  17.278    8.868    7.665
  17.006    7.554    7.765
  11.848   25.928   11.158
  12.983   25.228   11.373
  14.258   25.842   11.348
  15.435   25.117   11.571
  15.378   23.752   11.826
  10.714   26.627   10.944
   9.438   26.013   10.969
  16.088   24.027   12.744
  16.215   23.691   10.980
  15.345   22.607   12.042
   8.602   26.074   11.815
   8.729   25.739   10.051
   9.203   26.742   10.813
  44.946   39.128    5.833
  43.991   38.361    5.266
  42.786   38.909    4.765
  41.796   38.113    4.178
  41.975   36.740    4.070
  45.901   39.896    6.399
  47.105   39.348    6.900
  41.656   36.918    2.935
  40.884   36.691    4.545
  42.112   35.586    3.972
  48.197   39.396    6.424
  47.424   39.169    8.034
  47.249   40.095    7.074
  16.660   47.658   48.427
  16.101   46.461   48.705
  14.763   46.159   48.356
  14.184   44.917   48.644
  14.921   43.933   49.290
  17.218   48.855   48.150
  18.556   49.157   48.499
  14.523   43.238   48.408
  13.966   43.867   50.000
  15.529   43.099   49.832
  19.511   49.224   47.789
  18.954   49.852   49.381
  18.376   49.841   48.166
  22.970   42.503   21.980
  22.913   43.284   20.880
  23.251   42.796   19.596
  23.191   43.606   18.455
  22.792   44.933   18.559
  23.028   41.723   23.080
  22.690   42.210   24.365
  22.065   44.649   17.658
  23.776   45.143   17.920
  22.459   46.048   18.631
  21.706   42.000   25.003
  23.417   42.495   25.265
  22.870   41.479   24.573
  31.070   10.640   21.961
  31.423   11.769   22.612
  30.604   12.345   23.613
  30.970   13.516   24.287
  32.167   14.153   23.985
  30.717    9.511   21.311
  31.535    8.935   20.310
  32.321   14.142   25.167
  31.481   15.125   23.915
  33.169   14.698   23.741
  32.221    7.963   20.380
  31.381    8.947   19.128
  30.956    8.412   20.287
  28.840   40.850   38.820
  29.055   40.072   39.902
  30.231   39.299   40.048
  30.454   38.492   41.170
  29.509   38.429   42.186
  28.625   41.629   37.738
  27.448   42.402   37.592
  30.446   38.631   42.893
  29.643   37.252   42.061
  28.724   38.367   43.046
  27.314   43.579   37.717
  26.511   42.200   36.884
  27.793   42.606   36.921
  23.599    8.276    9.003
  22.729    8.984    8.252
  21.476    9.407    8.754
  20.574   10.141    7.975
  20.892   10.478    6.665
  24.469    7.568    9.755
  25.722    7.145    9.252
  20.559   11.571    7.002
  19.811   10.039    6.426
  21.147   10.767    5.564
  26.804    7.583    9.491
  26.055    6.051    8.915
  25.788    6.843    9.970
  37.576   28.016   15.139
  36.930   28.792   16.034
  37.491   29.109   17.295
  36.820   29.914   18.223
  35.566   30.432   17.925
  38.223   27.239   14.243
  37.662   26.923   12.983
  36.048   31.460   18.285
  35.276   29.998   18.996
  34.513   30.872   17.687
  37.953   27.356   11.912
  37.180   25.894   12.623
  38.333   26.530   12.903
  46.571   33.416   42.066
  46.065   32.253   42.527
  46.446   31.002   41.984
  45.922   29.795   42.463
  44.999   29.796   43.500
  47.076   34.580   41.605
  46.695   35.831   42.147
  45.721   28.972   43.970
  44.379   29.081   42.775
  44.222   29.781   44.371
  47.315   36.545   42.872
  45.973   36.654   41.677
  47.196   36.096   41.609
  26.256   35.724   36.950
  25.513   36.185   37.979
  24.677   37.320   37.851
  23.907   37.798   38.918
  23.946   37.159   40.151
  26.998   35.263   35.921
  27.834   34.128   36.049
  22.758   37.200   40.063
  24.120   38.261   40.570
  23.969   36.632   41.191
  27.659   33.027   35.630
  29.022   34.088   36.137
  27.988   34.289   35.301
  48.227   37.013   21.588
  47.168   36.329   21.105
  47.171   35.759   19.810
  46.073   35.049   19.310
  44.933   34.884   20.087
  49.286   37.698   22.070
  49.284   38.268   23.366
  45.049   33.738   19.780
  44.369   35.263   19.109
  43.971   34.737   20.729
  49.849   37.888   24.344
  49.168   39.413   23.672
  50.001   38.493   23.152
  48.764   27.452   29.944
  47.881   28.466   30.063
  48.298   29.809   30.226
  47.383   30.860   30.350
  46.017   30.607   30.316
  49.647   26.438   29.825
  49.230   25.095   29.662
  46.005   31.490   29.515
  46.000   31.275   31.302
  44.868   30.409   30.289
  49.247   24.427   28.676
  49.242   24.213   30.463
  50.001   24.969   29.649
  37.903   40.612   24.237
  38.868   39.679   24.381
  38.668   38.506   25.147
  39.669   37.539   25.297
  40.906   37.710   24.687
  36.938   41.544   24.092
  37.137   42.718   23.326
  40.726   36.596   24.304
  41.330   37.449   25.769
  41.948   37.841   24.180
  36.712   42.978   22.244
  37.317   43.832   23.709
  36.402   42.859   23.547
  22.573   30.734   37.604
  22.791   29.406   37.500
  21.729   28.472   37.468
  21.955   27.094   37.360
  23.252   26.602   37.281
  22.354   32.063   37.707
  23.417   32.997   37.740
  22.826   25.995   36.348
  22.886   25.865   38.143
  24.335   26.176   37.214
  23.783   33.734   36.878
  23.843   33.604   38.672
  22.826   33.505   37.796
  18.865   31.482   28.354
  17.982   32.470   28.095
  16.927   32.786   28.984
  16.012   33.811   28.716
  16.118   34.556   27.548
  19.747   30.494   28.613
  20.802   30.178   27.724
  16.025   35.486   28.288
  14.958   34.310   27.440
  16.196   35.190   26.572
  21.963   30.424   27.833
  20.896   29.249   26.985
  20.959   29.642   28.270
  44.187   21.945    8.348
  44.595   20.660    8.406
  43.975   19.640    7.646
  44.398   18.307    7.706
  45.457   17.946    8.530
  43.779   23.231    8.289
  44.399   24.250    9.050
  45.862   17.400    7.552
  44.708   17.095    8.900
  46.344   17.629    9.218
  45.147   25.101    8.681
  43.994   24.796   10.029
  43.865   24.694    8.693
   5.254   12.828   13.745
   6.066   12.301   14.685
   5.825   11.029   15.257
   6.667   10.481   16.232
   7.781   11.186   16.671
   4.442   13.356   12.805
   4.684   14.628   12.233
   8.350   10.160   16.464
   7.356   10.928   17.754
   8.719   11.767   17.048
   5.108   14.886   11.150
   4.115   15.655   12.439
   4.034   14.455   11.835
  25.304   26.365   34.535
  25.932   26.456   35.727
  27.305   26.784   35.828
  27.956   26.879   37.063
  27.258   26.649   38.242
  24.676   26.273   33.344
  23.303   25.946   33.243
  27.752   27.679   38.582
  28.175   25.932   38.494
  26.684   26.460   39.239
  22.385   26.663   32.992
  22.809   24.916   32.903
  23.450   26.020   32.480
  38.963   20.066   14.015
  37.944   19.184   14.102
  37.379   18.811   15.345
  36.323   17.897   15.435
  35.793   17.324   14.286
  39.982   20.947   13.928
  40.547   21.320   12.685
  34.750   17.657   14.757
  35.931   16.304   14.887
  35.339   16.835   13.329
  40.408   22.340   12.084
  41.589   20.987   12.214
  41.000   21.760   13.144
  24.152    2.839   17.434
  22.984    2.166   17.362
  22.934    0.752   17.332
  21.722    0.054   17.257
  20.518    0.745   17.209
  25.320    3.512   17.506
  25.370    4.926   17.536
  20.203   -0.004   18.080
  20.294    0.030   16.282
  19.500    1.313   17.168
  25.594    5.641   18.462
  25.686    5.675   16.665
  26.139    4.792   17.572
   4.196   23.003   37.755
   3.605   21.790   37.798
   4.332   20.612   38.090
   3.719   19.353   38.134
   2.358   19.229   37.887
   4.787   24.216   37.713
   4.060   25.395   37.421
   2.366   18.593   38.895
   2.704   18.367   37.141
   1.216   19.110   37.682
   3.713   26.257   38.167
   4.052   26.031   36.413
   4.762   25.724   37.514
   3.551   24.312   24.542
   3.249   24.772   23.310
   4.219   24.859   22.283
   3.905   25.336   21.005
   2.611   25.745   20.708
   3.853   23.851   25.775
   2.884   23.765   26.802
   2.747   25.043   19.755
   3.155   26.715   20.280
   1.529   26.091   20.446
   2.340   22.794   27.230
   2.748   24.467   27.755
   3.492   23.489   27.207
   3.576    8.692   10.508
   3.154    9.974   10.512
   3.914   11.011   11.103
   3.477   12.341   11.108
   2.264   12.681   10.522
   3.998    7.409   10.503
   3.238    6.372    9.913
   2.909   13.527    9.985
   2.073   13.246   11.554
   1.248   12.981   10.034
   3.429    5.807    8.881
   2.593    5.526   10.450
   3.839    5.937   10.156
  39.738    2.349   39.724
  40.461    2.458   38.589
  41.526    3.381   38.463
  42.275    3.493   37.286
  41.986    2.687   36.192
  39.016    2.241   40.860
  37.950    1.318   40.985
  43.158    2.473   36.204
  42.009    3.716   35.592
  41.753    2.016   35.267
  37.927    0.289   41.586
  36.778    1.532   40.973
  37.906    1.629   41.700
  12.221   11.022   16.484
  13.324   11.730   16.158
  13.391   13.134   16.325
  14.534   13.867   15.988
  15.652   13.223   15.471
  11.118   10.315   16.809
  11.051    8.911   16.642
  16.234   13.845   16.305
  15.595   14.073   14.638
  16.597   12.696   15.037
  11.108    8.061   17.476
  10.469    8.290   15.809
  10.334    9.018   16.932
  19.008   33.893   10.786
  18.633   35.076   10.253
  18.746   36.290   10.971
  18.357   37.517   10.419
  17.842   37.573    9.130
  19.383   32.710   11.318
  19.270   31.496   10.600
  18.639   38.447    8.989
  16.979   38.214    9.643
  17.407   37.634    8.050
  20.134   30.854   10.087
  18.473   30.622   10.742
  19.571   31.202   11.259
   2.502   35.430   28.711
   2.526   36.649   29.290
   3.381   36.946   30.378
   3.405   38.211   30.978
   2.575   39.223   30.513
   2.479   34.210   28.132
   1.624   33.913   27.044
   3.577   39.867   30.514
   2.296   39.345   31.665
   1.884   40.081   30.132
   1.903   33.790   25.893
   0.621   33.268   27.043
   1.964   33.213   27.106
  11.974   25.842    5.625
  10.866   26.342    6.213
   9.570   25.869    5.896
   8.422   26.388    6.506
   8.528   27.397    7.455
  13.081   25.342    5.037
  14.377   25.814    5.354
   7.818   26.688    8.098
   7.686   27.925    6.797
   8.602   28.244    8.253
  15.219   25.286    6.012
  15.086   26.523    4.711
  14.586   25.279    4.825
  27.578   45.081   12.576
  26.958   44.299   11.667
  26.468   43.012   11.995
  25.825   42.201   11.052
  25.649   42.646    9.748
  28.197   45.864   13.484
  28.687   47.150   13.156
  24.521   42.304    9.921
  26.105   41.583    9.461
  25.495   43.008    8.650
  28.231   48.213   13.443
  29.815   47.493   12.983
  28.902   47.143   13.907
  17.412   45.701   16.360
  18.296   46.475   17.026
  19.654   46.106   17.174
  20.570   46.908   17.865
  20.160   48.108   18.433
  16.529   44.928   15.694
  15.171   45.297   15.546
  21.115   48.549   17.871
  20.714   47.689   19.401
  19.830   49.118   18.914
  14.617   45.716   14.577
  14.217   44.856   16.107
  15.140   44.620   15.157
  19.668   33.888    3.179
  18.633   33.026    3.074
  18.822   31.664    2.740
  17.750   30.771    2.631
  16.450   31.208    2.853
  20.702   34.749    3.284
  20.513   36.111    3.618
  16.389   30.255    3.564
  16.228   30.660    1.818
  15.354   31.562    3.036
  20.735   36.659    4.653
  20.574   37.065    2.907
  21.291   36.126    3.550
  18.778   46.184    9.604
  20.098   46.446    9.705
  20.678   47.604    9.135
  22.047   47.877    9.239
  22.885   47.001    9.918
  17.457   45.921    9.503
  16.877   44.764   10.074
  23.260   47.990   10.466
  23.556   47.088    8.937
  23.600   46.274   10.484
  16.206   44.676   11.055
  16.502   43.774    9.525
  16.226   45.069    9.768
  28.809   46.921   40.361
  29.316   47.175   41.586
  28.512   47.664   42.644
  29.038   47.927   43.914
  30.386   47.711   44.173
  28.302   46.667   39.136
  29.106   46.179   38.078
  29.975   47.124   45.125
  30.342   48.814   44.623
  31.515   47.534   44.403
  29.149   45.076   37.628
  29.516   46.766   37.126
  28.429   46.211   37.691
   9.359   16.081   41.819
   8.024   16.235   41.692
   7.124   15.857   42.716
   5.739   16.017   42.583
   5.205   16.562   41.422
  10.694   15.926   41.947
  11.594   16.304   40.923
   4.607   17.260   42.179
   4.485   15.613   41.464
   4.744   17.017   40.452
  12.315   17.253   40.881
  12.192   15.605   40.166
  12.121   16.042   41.436
  41.922   26.647   30.033
  42.919   27.110   30.817
  43.613   26.272   31.721
  44.648   26.753   32.533
  45.024   28.088   32.470
  40.924   26.184   29.250
  40.230   27.022   28.346
  46.123   27.639   32.370
  44.929   28.036   33.657
  45.350   29.207   32.427
  40.325   27.074   27.160
  39.130   27.471   28.446
  39.845   26.360   28.193
  41.219   17.425   27.093
  39.980   17.286   26.573
  39.426   16.017   26.285
  38.141   15.873   25.746
  37.366   16.994   25.477
  42.457   17.563   27.612
  43.011   18.833   27.900
  36.527   16.397   26.077
  37.215   16.474   24.415
  36.704   17.926   25.246
  43.162   19.353   28.962
  43.850   19.430   27.300
  43.617   18.397   28.131
  29.941   25.764   24.678
  30.685   26.816   24.276
  32.060   26.688   23.968
  32.831   27.780   23.551
  32.255   29.038   23.427
  29.197   24.711   25.081
  27.822   24.839   25.388
  32.778   29.028   22.356
  33.195   29.389   24.069
  31.784   30.099   23.318
  26.882   24.488   24.745
  27.299   24.848   26.459
  27.892   24.075   25.532
  13.397    4.466   42.374
  14.112    3.810   41.435
  13.728    2.536   40.954
  14.470    1.856   39.980
  15.621    2.427   39.452
  12.682    5.121   43.313
  13.065    6.396   43.793
  15.123    2.147   38.406
  16.103    1.365   39.698
  16.589    2.894   39.000
  12.583    7.457   43.548
  13.563    6.676   44.839
  12.423    6.308   44.228
  17.130   30.558   40.492
  17.209   31.905   40.496
  18.451   32.583   40.488
  18.534   33.981   40.493
  17.378   34.750   40.507
  17.050   29.210   40.487
  15.808   28.532   40.495
  17.904   35.323   39.604
  17.920   35.316   41.404
  16.415   35.408   40.518
  15.265   27.966   39.598
  15.281   27.959   41.398
  16.272   27.904   40.488
  44.140   38.056   29.061
  44.825   36.900   29.197
  45.806   36.724   30.201
  46.516   35.525   30.342
  46.270   34.461   29.484
  43.456   39.212   28.926
  42.474   39.388   27.922
  46.193   33.833   30.494
  47.455   34.448   29.368
  46.073   33.559   28.771
  41.288   39.400   28.038
  42.550   40.016   26.912
  42.420   40.096   28.248
  31.914   11.206    9.234
  31.334   10.323   10.074
  31.331    8.932    9.815
  30.729    8.016   10.685
  30.107    8.458   11.846
  32.495   12.089    8.394
  32.498   13.480    8.653
  30.759    7.606   12.365
  29.206    7.775   11.470
  29.582    8.816   12.824
  33.399   14.163    9.030
  31.846   14.333    8.134
  32.889   13.498    7.978
   9.404   18.329   43.266
   8.907   18.250   42.013
   7.949   19.171   41.527
   7.433   19.089   40.228
   7.858   18.084   39.369
   9.901   18.407   44.519
  10.859   17.486   45.005
   8.015   18.983   38.603
   6.690   17.918   39.196
   8.205   17.245   38.637
  12.026   17.652   45.178
  10.702   16.587   45.770
  10.796   17.923   45.649
   7.244   27.978   32.634
   8.370   27.359   32.221
   8.342   26.088   31.599
   9.510   25.446   31.172
  10.748   26.051   31.351
   6.117   28.598   33.046
   6.145   29.868   33.668
  10.899   25.785   30.199
  11.053   24.994   31.808
  11.793   26.548   31.495
   5.840   30.926   33.211
   5.994   30.134   34.820
   5.372   29.758   33.688
  44.408   25.047   15.213
  43.732   24.474   16.231
  44.192   24.540   17.568
  43.492   23.945   18.624
  42.307   23.263   18.381
  45.083   25.621   14.194
  44.623   25.554   12.857
  41.891   23.930   19.277
  42.818   22.406   19.034
  41.310   22.687   18.192
  44.112   26.410   12.205
  45.039   24.887   11.962
  45.271   25.970   12.726
  39.305   16.751   47.092
  40.463   16.063   46.991
  40.491   14.652   46.897
  41.692   13.939   46.793
  42.907   14.612   46.780
  38.148   17.438   47.192
  38.119   18.849   47.286
  43.123   13.937   45.822
  43.208   13.819   47.616
  43.934   15.165   46.768
  37.818   19.643   46.450
  37.903   19.525   48.244
  37.349   18.726   47.315
   3.327   22.166   13.278
   2.945   20.872   13.304
   1.582   20.493   13.341
   1.185   19.151   13.367
   2.137   18.139   13.358
   3.710   23.460   13.252
   5.073   23.839   13.215
   1.466   17.694   12.479
   1.508   17.718   14.279
   2.925   17.280   13.350
   5.701   24.261   12.295
   5.744   24.284   14.094
   4.764   24.556   13.213
   2.938    3.518   19.336
   3.174    4.570   20.149
   4.163    5.538   19.854
   4.408    6.629   20.696
   3.673    6.791   21.864
   2.702    2.466   18.524
   1.713    1.498   18.819
   3.526    7.903   21.463
   4.745    6.933   22.365
   3.064    6.938   22.847
   0.641    1.355   18.318
   1.860    0.385   19.220
   1.965    1.190   18.147
  37.178   11.044   44.464
  37.358   11.805   45.564
  36.485   11.735   46.676
  36.671   12.524   47.817
  37.738   13.412   47.887
  36.998   10.283   43.363
  37.871   10.353   42.252
  37.925   12.900   48.947
  36.900   14.189   48.223
  38.629   14.161   47.960
  38.709    9.575   41.917
  37.684   10.865   41.192
  37.386    9.810   41.971
  29.856   28.528   22.137
  28.758   28.802   22.873
  28.235   30.113   22.980
  27.096   30.397   23.743
  26.440   29.381   24.427
  30.954   28.254   21.401
  31.477   26.943   21.294
  25.468   29.836   23.908
  26.507   30.134   25.348
  25.879   28.537   25.005
  31.410   26.190   20.373
  32.449   26.488   21.812
  32.001   27.304   20.841
  39.721    5.288   31.330
  39.915    4.217   30.532
  39.436    2.930   30.875
  39.637    1.819   30.047
  40.323    1.955   28.847
  39.528    6.360   32.128
  40.006    7.647   31.785
  39.390    1.366   28.397
  40.940    1.015   29.243
  40.897    2.055   27.836
  39.389    8.586   31.389
  40.939    8.236   32.234
  39.676    7.835   32.467
  36.890   13.865   20.369
  36.323   13.101   19.411
  35.034   12.539   19.565
  34.446   11.746   18.573
  35.127   11.486   17.390
  37.456   14.630   21.326
  38.746   15.191   21.172
  34.105   11.824   16.879
  34.833   10.355   17.622
  35.688   11.260   16.393
  39.040   16.323   20.941
  39.768   14.854   21.683
  38.592   15.474   21.884
  21.313    8.879   36.181
  22.270    9.132   37.099
  22.860    8.102   37.869
  23.852    8.363   38.822
  24.290    9.664   39.038
  20.356    8.627   35.262
  19.766    9.657   34.492
  25.373    9.180   38.924
  24.106    9.397   40.184
  24.666   10.751   39.229
  19.949    9.925   33.345
  18.683   10.141   34.606
  19.365    9.058   34.192
  28.699   20.206   37.556
  29.182   21.466   37.592
  29.548   22.162   36.415
  30.048   23.469   36.452
  30.201   24.126   37.667
  28.216   18.945   37.520
  27.850   18.249   38.697
  29.619   25.008   37.115
  31.294   24.362   37.253
  30.335   24.689   38.679
  26.758   18.013   39.110
  28.432   17.368   39.249
  27.676   17.687   38.183
  19.644    8.778   15.986
  20.555    7.846   16.338
  21.813    7.747   15.698
  22.758    6.780   16.063
  22.478    5.877   17.081
  18.734    9.710   15.635
  17.476    9.809   16.275
  23.547    6.207   17.491
  22.845    5.068   16.287
  22.256    5.113   17.933
  17.108   10.618   17.068
  16.406    9.479   15.865
  17.384   10.398   15.770
  41.485    2.575   23.852
  40.570    2.904   22.915
  40.395    4.237   22.473
  39.446    4.578   21.502
  38.639    3.599   20.938
  42.400    2.246   24.788
  42.575    0.913   25.230
  38.983    4.091   19.909
  37.758    4.358   21.200
  37.954    2.787   20.457
  43.456    0.154   24.968
  42.230    0.421   26.259
  43.121    1.246   25.679
  10.723   14.039   35.647
  11.580   13.034   35.923
  12.849   13.268   36.504
  13.738   12.225   36.790
  13.391   10.911   36.504
   9.865   15.045   35.372
   8.597   14.810   34.790
  13.741   10.711   37.626
  14.463   10.877   35.985
  13.112    9.803   36.270
   7.525   14.844   35.309
   8.246   15.010   33.668
   8.546   15.588   34.846
  44.795    3.104   20.450
  45.622    3.884   19.723
  45.183    5.087   19.121
  46.042    5.895   18.366
  47.370    5.530   18.187
  43.967    2.324   21.178
  44.406    1.121   21.780
  47.589    6.651   18.524
  47.138    5.743   17.038
  48.487    5.234   18.028
  44.638    0.908   22.929
  44.187   -0.000   21.442
  43.663    1.096   22.021
  23.212   28.798   47.877
  21.926   28.395   47.803
  21.564   27.028   47.855
  20.230   26.610   47.778
  19.210   27.544   47.648
  24.498   29.201   47.951
  24.860   30.568   47.899
  18.718   26.940   48.549
  18.853   26.837   46.757
  18.344   28.318   47.538
  25.218   31.275   48.789
  25.353   31.171   46.997
  25.579   30.270   47.970
  39.283    5.398   10.317
  40.506    4.828   10.370
  41.667    5.573   10.684
  42.935    4.983   10.740
  43.087    3.626   10.482
  38.060    5.967   10.264
  36.899    5.223    9.950
  43.710    3.636   11.498
  43.953    3.994    9.751
  43.229    2.488   10.268
  36.033    4.854   10.681
  36.276    5.213    8.934
  36.556    5.918   10.045
   4.382    1.969   42.620
   5.695    1.655   42.628
   6.147    0.326   42.803
   7.508   -0.000   42.812
   8.466    0.992   42.646
   3.069    2.284   42.611
   2.617    3.613   42.436
   8.910    0.245   41.830
   8.959    0.497   43.611
   9.281    1.815   42.507
   2.125    4.108   41.470
   2.174    4.360   43.252
   1.918    3.272   42.503
  21.778   46.160   28.152
  23.094   46.386   27.954
  23.559   47.325   27.003
  24.924   47.560   26.798
  25.872   46.863   27.536
  20.462   45.934   28.350
  19.997   44.995   29.301
  26.331   47.946   27.726
  26.362   46.658   26.469
  26.679   46.285   28.148
  19.507   45.199   30.368
  19.538   43.911   29.111
  19.301   45.234   29.039
  16.156   25.223    9.403
  15.032   24.508    9.188
  13.920   25.048    8.500
  12.754   24.306    8.276
  12.658   22.998    8.734
  17.281   25.939    9.619
  18.393   25.399   10.307
  12.293   22.773    7.622
  11.617   23.368    9.181
  12.564   21.899    9.113
  19.434   25.029    9.861
  18.757   25.624   11.419
  18.690   26.108   10.166
  40.856   14.942   33.653
  41.766   15.843   33.226
  41.561   17.237   33.358
  42.504   18.171   32.915
  43.687   17.745   32.324
  39.946   14.041   34.079
  40.152   12.647   33.947
  44.192   18.500   33.096
  43.399   18.536   31.481
  44.684   17.402   31.827
  40.441   11.856   34.791
  39.647   11.892   33.175
  39.451   12.618   34.291
  32.953    6.005   34.068
  33.984    5.141   34.189
  35.327    5.581   34.260
  36.396    4.686   34.385
  36.159    3.318   34.445
  31.923    6.868   33.947
  30.580    6.428   33.877
  36.875    3.367   35.396
  37.002    3.267   33.603
  35.975    2.167   34.496
  29.737    6.479   34.718
  29.864    6.379   32.926
  30.443    7.195   33.825
   5.975    5.121   21.030
   6.619    5.993   20.226
   7.480    5.562   19.188
   8.148    6.466   18.354
   7.979    7.834   18.527
   5.331    4.249   21.834
   4.470    4.680   22.871
   7.779    7.827   17.353
   9.170    7.854   18.495
   7.846    8.985   18.662
   3.279    4.661   22.904
   4.670    4.688   24.046
   4.393    3.911   22.983
  37.698   18.659   37.218
  37.286   19.831   36.690
  38.163   20.929   36.526
  37.736   22.145   35.978
  36.416   22.305   35.574
  38.110   17.487   37.747
  37.234   16.389   37.911
  36.909   22.717   34.571
  36.478   23.307   36.216
  35.311   22.453   35.231
  37.172   15.386   37.269
  36.740   15.976   38.914
  37.878   16.054   38.200
  47.169   21.922    3.083
  47.093   23.082    3.769
  47.482   23.177    5.127
  47.403   24.380    5.839
  46.933   25.531    5.219
  47.245   20.762    2.397
  46.856   20.667    1.039
  47.917   26.023    5.676
  46.240   25.612    6.185
  46.540   26.504    4.710
  47.549   20.586    0.073
  45.872   20.175    0.582
  47.069   19.923    1.141
  39.957   33.818   36.244
  41.073   33.905   36.998
  41.754   32.757   37.467
  42.911   32.847   38.249
  43.429   34.090   38.591
  38.841   33.730   35.489
  38.160   34.879   35.021
  44.455   33.625   38.201
  43.446   33.636   39.692
  43.875   35.127   38.885
  38.143   35.333   33.919
  37.135   35.344   35.410
  37.689   34.341   34.706
  11.456   13.303   14.878
  12.361   13.078   13.901
  13.675   12.634   14.184
  14.613   12.401   13.171
  14.271   12.604   11.840
  10.551   13.528   15.854
   9.238   13.971   15.571
  14.735   11.516   11.691
  15.287   13.226   11.809
  13.998   12.770   10.719
   8.222   13.349   15.602
   8.773   15.059   15.721
   9.173   13.938   16.349
  42.964    2.385    4.441
  43.610    2.850    3.350
  45.019    2.788    3.229
  45.689    3.270    2.098
  44.974    3.831    1.048
  42.318    1.921    5.531
  40.910    1.983    5.652
  45.630    3.094    0.379
  45.767    4.714    1.151
  44.386    4.304    0.158
  40.117    1.099    5.548
  40.254    2.720    6.320
  41.060    1.643    6.339
  48.065   34.746   46.785
  48.464   34.139   45.648
  48.055   34.593   44.371
  48.469   33.963   43.192
  49.306   32.855   43.246
  47.666   35.354   47.923
  48.074   34.899   49.199
  49.939   33.456   42.435
  48.502   32.375   42.509
  50.008   31.925   43.278
  48.877   35.380   49.936
  47.441   34.298   50.010
  47.634   35.499   49.436
  11.349   23.465    4.071
  10.028   23.728    4.153
   9.341   23.741    5.390
   7.971   24.014    5.476
   7.238   24.285    4.327
  12.671   23.201    3.988
  13.357   23.188    2.751
   6.852   25.224    4.952
   6.490   23.470    4.769
   6.611   24.515    3.371
  14.105   24.004    2.309
  13.744   22.250    2.126
  13.964   23.015    3.211
  11.389    7.609    5.485
  11.583    6.486    4.761
  10.503    5.731    4.245
  10.704    4.567    3.494
  11.992    4.116    3.232
  11.196    8.731    6.210
  12.275    9.487    6.726
  11.602    4.052    2.108
  11.566    3.072    3.617
  13.068    3.727    3.005
  12.702   10.530    6.341
  12.666    9.550    7.850
  11.694    9.931    7.001
  44.154   15.659   26.490
  43.718   14.439   26.109
  42.407   14.230   25.620
  41.955   12.965   25.225
  42.799   11.864   25.305
  44.589   16.879   26.871
  45.901   17.088   27.359
  42.447   11.677   24.182
  41.873   11.358   25.858
  43.497   10.932   25.366
  46.827   17.594   26.806
  46.253   17.276   28.482
  45.649   17.825   27.413
  17.941   20.711   10.120
  17.107   21.222    9.190
  15.885   21.844    9.540
  15.019   22.374    8.576
  15.345   22.301    7.227
  18.776   20.199   11.050
  19.998   19.577   10.700
  15.078   23.462    7.233
  14.237   21.875    7.116
  15.606   22.246    6.092
  21.106   20.003   10.810
  20.264   18.416   10.693
  20.053   19.491   11.474
  21.569   13.242   17.431
  22.236   14.356   17.800
  22.406   14.713   19.159
  23.098   15.869   19.542
  23.643   16.709   18.579
  20.902   12.128   17.063
  20.732   11.771   15.704
  24.624   16.627   19.250
  23.088   17.563   19.197
  24.106   17.423   17.782
  21.287   10.916   15.086
  19.751   11.853   15.032
  20.352   11.166   16.021
  16.050   32.534    0.681
  17.397   32.564    0.770
  18.180   33.456   -0.001
  19.577   33.487    0.092
  20.240   32.627    0.958
  14.704   32.504    0.592
  13.921   31.612    1.362
  20.796   33.620    1.310
  20.910   32.390    0.001
  20.810   31.911    1.680
  13.251   31.848    2.318
  13.365   30.618    1.009
  13.337   31.963    0.981
  46.351   31.826   21.430
  47.231   30.928   20.937
  48.607   31.228   20.793
  49.519   30.297   20.281
  49.089   29.034   19.895
  45.472   32.723   21.923
  44.096   32.423   22.067
  50.003   28.661   20.562
  49.695   29.275   18.898
  48.741   27.970   19.567
  43.490   32.183   23.065
  43.182   32.796   21.400
  44.075   33.155   22.341
  41.275   40.668   34.451
  39.976   40.918   34.182
  39.099   39.911   33.713
  37.752   40.170   33.435
  37.233   41.446   33.614
  42.574   40.417   34.719
  43.450   41.425   35.188
  36.376   40.873   34.211
  36.807   41.287   32.513
  36.785   42.513   33.761
  43.877   41.584   36.289
  44.308   41.998   34.591
  43.963   40.836   35.174
  10.857   40.994   42.680
  12.153   40.638   42.559
  12.585   39.687   41.604
  13.930   39.319   41.479
  14.891   39.888   42.305
   9.560   41.349   42.800
   9.129   42.300   43.755
  15.472   40.075   41.282
  15.222   38.757   42.481
  15.708   40.358   42.992
   8.798   43.431   43.579
   8.548   42.113   44.779
   8.432   42.144   43.439
   1.606   26.477   46.583
   2.095   25.375   47.191
   2.223   25.289   48.597
   2.730   24.146   49.228
   3.127   23.049   48.474
   1.118   27.579   45.975
   0.989   27.665   44.568
   2.452   22.439   49.244
   4.116   23.117   49.134
   3.463   22.120   47.853
  -0.000   27.597   43.908
   1.664   28.274   43.798
   0.712   28.374   44.744
  41.195   44.935   22.639
  41.383   46.263   22.484
  42.669   46.819   22.283
  42.865   48.196   22.122
  41.782   49.066   22.156
  41.006   43.608   22.794
  39.720   43.051   22.995
  42.258   49.491   21.149
  42.457   49.670   22.929
  40.882   49.807   22.182
  39.045   42.447   22.221
  39.244   42.626   24.001
  40.128   42.386   23.016
  18.549   19.649    4.063
  18.075   20.869    3.732
  18.830   21.782    2.958
  18.338   23.047    2.615
  17.075   23.445    3.034
  19.023   18.429    4.393
  18.269   17.516    5.168
  16.931   23.742    1.889
  17.645   24.427    3.393
  16.016   23.791    3.379
  17.699   16.533    4.809
  18.413   17.218    6.313
  18.904   17.072    5.069
  46.030   33.368    1.190
  46.091   34.710    1.317
  44.926   35.510    1.402
  44.990   36.902    1.533
  46.220   37.545    1.584
  45.969   32.025    1.063
  47.134   31.226    0.978
  45.755   38.079    2.542
  45.740   38.249    0.750
  47.246   38.097    1.627
  47.614   30.522    1.811
  47.598   30.692    0.019
  46.607   30.651    0.928
  22.768   27.671    6.757
  23.482   28.807    6.904
  23.596   29.760    5.865
  24.337   30.939    6.017
  24.990   31.206    7.213
  22.053   26.535    6.611
  21.939   25.581    7.650
  24.455   32.267    7.118
  25.923   31.423    6.505
  25.542   31.442    8.213
  21.006   25.364    8.358
  22.473   24.520    7.746
  21.504   25.210    7.118
  39.232    8.520   48.253
  38.262    8.500   47.315
  36.960    8.991   47.571
  35.954    8.970   46.597
  36.215    8.457   45.333
  40.202    8.541   49.192
  41.504    8.050   48.936
  35.719    9.474   44.960
  35.212    7.840   45.519
  36.420    8.029   44.268
  42.507    8.666   48.749
  42.000    7.032   49.309
  41.618    8.268   49.677
  45.939   38.263   27.812
  46.498   39.263   28.525
  47.866   39.253   28.887
  48.446   40.291   29.626
  47.679   41.376   30.029
  45.380   37.262   27.099
  44.012   37.272   26.737
  48.573   42.015   29.568
  48.162   41.156   31.096
  47.046   42.293   30.375
  43.528   37.493   25.671
  43.117   36.634   27.199
  44.204   36.591   26.406
   2.399   22.060    8.479
   2.092   22.151    7.167
   1.755   21.013    6.396
   1.436   21.107    5.036
   1.442   22.342    4.399
   2.707   21.970    9.790
   3.044   23.107   10.562
   0.369   22.001    4.009
   2.104   21.773    3.587
   1.444   23.372    3.852
   2.382   23.676   11.374
   4.117   23.449   10.951
   3.111   22.572   11.127
   6.401    7.292    7.716
   6.979    6.567    8.697
   8.371    6.312    8.721
   8.970    5.560    9.739
   8.199    5.036   10.769
   5.824    8.017    6.734
   4.432    8.271    6.710
   9.031    5.527   11.466
   8.773    4.025   10.509
   7.564    4.591   11.639
   3.858    9.283    6.970
   3.600    7.781    6.012
   4.621    8.655    6.057
  30.931   35.307    5.925
  31.031   34.153    5.231
  31.571   34.109    3.924
  31.675   32.912    3.205
  31.242   31.718    3.766
  30.831   36.461    6.619
  30.291   36.505    7.926
  32.309   31.318    3.418
  30.668   31.589    2.730
  30.883   30.708    4.226
  30.866   36.634    8.963
  29.224   36.905    8.275
  30.449   37.267    7.851
  24.129    7.321   36.251
  24.997    8.341   36.082
  26.398    8.154   36.157
  27.298    9.211   35.981
  26.830   10.494   35.725
  23.261    6.301   36.420
  21.860    6.488   36.345
  27.623   10.465   34.836
  27.573   10.801   36.604
  26.450   11.575   35.509
  21.117    6.181   35.466
  21.067    6.516   37.233
  21.857    5.720   36.490
  13.894   39.209    4.484
  15.223   38.982    4.559
  16.045   39.648    5.498
  17.423   39.413    5.576
  18.028   38.503    4.718
  12.565   39.436    4.409
  11.743   38.770    3.469
  18.507   38.074    5.721
  18.800   39.392    4.530
  18.548   37.743    4.003
  10.971   37.882    3.657
  11.263   39.200    2.467
  11.188   39.201    3.810
  42.423   12.856   42.141
  43.504   13.420   42.719
  43.387   14.437   43.696
  44.509   15.023   44.295
  45.787   14.612   43.939
  41.341   12.291   41.563
  41.458   11.274   40.586
  45.949   14.532   45.117
  45.989   15.781   43.821
  46.866   14.277   43.649
  41.256   10.105   40.704
  41.296   11.354   39.408
  40.678   11.316   40.603
  23.692   36.872   21.054
  24.303   38.010   20.661
  24.633   39.038   21.576
  25.267   40.219   21.169
  25.593   40.413   19.833
  23.081   35.734   21.446
  22.751   34.706   20.531
  26.663   40.701   20.272
  25.059   41.466   19.990
  25.873   40.589   18.715
  23.286   33.653   20.374
  21.681   34.418   20.093
  22.475   34.366   21.177
  13.247   39.319   28.229
  11.908   39.160   28.162
  11.205   38.332   29.069
   9.817   38.167   29.000
   9.081   38.824   28.021
  14.586   39.479   28.295
  15.289   40.307   27.388
   8.392   39.146   28.939
   8.614   37.744   27.832
   8.452   39.369   27.205
  15.755   41.386   27.578
  15.977   39.985   26.471
  15.901   40.069   27.811
  25.453   14.240   38.668
  25.805   13.281   39.550
  26.939   13.412   40.387
  27.304   12.417   41.302
  26.549   11.256   41.413
  25.100   15.199   37.786
  23.967   15.069   36.949
  26.586   11.498   42.579
  27.606   10.714   41.320
  25.924   10.277   41.516
  22.910   15.611   37.042
  23.929   14.827   35.783
  24.201   15.772   36.701
   2.513   32.263    8.363
   3.099   33.362    8.885
   2.538   34.652    8.737
   3.145   35.792    9.279
   4.335   35.681    9.987
   1.928   31.164    7.841
   2.488   29.873    7.989
   3.761   36.338   10.799
   4.690   36.567    9.275
   5.334   35.602   10.584
   2.133   28.987    8.701
   3.062   29.216    7.177
   1.859   29.669    7.574
  18.187   29.197   15.272
  17.929   28.903   16.564
  16.824   29.457   17.253
  16.556   29.152   18.593
  17.384   28.284   19.292
  18.445   29.490   13.980
  19.551   28.937   13.291
  16.359   27.757   19.595
  17.378   29.147   20.114
  18.072   27.556   19.891
  19.557   28.074   12.470
  20.576   29.464   12.989
  19.265   29.366   12.705
  32.958   24.558   18.799
  32.170   25.486   18.215
  30.852   25.192   17.792
  30.035   26.155   17.187
  30.507   27.445   16.983
  33.746   23.630   19.383
  35.064   23.924   19.805
  29.477   27.763   17.490
  30.103   27.278   15.874
  30.891   28.532   16.805
  35.467   24.091   20.914
  36.094   23.606   19.298
  35.047   23.174   20.024
  23.806   29.493    1.311
  23.460   30.450    2.198
  23.022   31.731    1.786
  22.664   32.724    2.705
  22.730   32.471    4.070
  24.152   28.535    0.425
  24.589   27.254    0.837
  21.624   32.914    4.074
  23.324   33.504    4.100
  22.781   32.273    5.218
  23.995   26.222    0.806
  25.695   26.811    0.833
  24.641   27.141    0.066
  24.807   22.509   25.307
  25.431   21.395   24.869
  24.745   20.170   24.696
  25.391   19.014   24.242
  26.748   19.043   23.944
  24.183   23.623   25.745
  24.870   24.848   25.918
  26.404   18.522   22.929
  26.786   18.068   24.628
  27.886   19.053   23.690
  24.832   25.823   25.234
  25.215   25.369   26.933
  24.162   25.091   26.142
   5.645   35.753   15.735
   6.725   35.025   15.382
   6.663   33.621   15.220
   7.784   32.866   14.853
   9.007   33.488   14.636
   4.564   36.481   16.088
   4.626   37.885   16.251
   9.001   32.858   13.625
   9.421   32.638   15.362
  10.039   33.998   14.451
   4.212   38.735   15.525
   4.632   38.516   17.262
   3.870   37.792   16.422
   8.371   18.127   21.969
   8.881   18.375   20.744
   9.252   17.333   19.861
   9.781   17.590   18.590
   9.957   18.898   18.157
   7.861   17.878   23.194
   7.490   18.920   24.077
   9.389   18.515   17.182
  11.051   18.520   17.875
  10.110   19.992   17.781
   6.396   19.299   24.360
   8.057   19.304   25.052
   7.300   18.318   24.537
  28.985   32.680   38.235
  29.954   33.606   38.072
  31.323   33.301   38.261
  32.327   34.261   38.091
  31.999   35.561   37.726
  28.016   31.754   38.399
  26.648   32.059   38.210
  32.845   35.404   36.902
  32.706   35.857   38.639
  31.738   36.655   37.420
  25.941   31.763   37.297
  25.801   32.216   39.034
  26.563   31.306   38.399
   4.540   17.444   35.077
   4.152   16.151   35.062
   5.085   15.087   35.074
   4.682   13.746   35.058
   3.332   13.421   35.029
   4.929   18.736   35.093
   3.995   19.800   35.080
   3.620   12.698   35.931
   3.656   12.708   34.131
   2.202   13.135   35.005
   3.671   20.513   35.978
   3.707   20.524   34.179
   4.647   20.231   35.096
  19.282   21.905   21.509
  19.688   21.982   20.224
  20.904   22.606   19.857
  21.325   22.686   18.525
  20.545   22.146   17.510
  18.876   21.827   22.794
  17.660   21.203   23.160
  21.567   21.636   17.172
  20.708   23.208   16.996
  19.899   21.696   16.649
  17.496   20.141   23.675
  16.637   21.713   23.498
  17.893   21.411   23.876
  20.355   13.926   27.099
  19.113   14.377   27.377
  18.881   15.689   27.854
  17.593   16.156   28.143
  16.492   15.329   27.964
  21.597   13.476   26.820
  21.829   12.164   26.343
  16.048   16.265   27.375
  16.214   15.678   29.069
  15.559   14.645   27.818
  22.107   11.815   25.238
  22.273   11.228   26.931
  22.572   12.406   26.354
  23.649    6.812   12.161
  24.919    6.357   12.116
  26.030    7.234   12.121
  27.347    6.763   12.073
  27.601    5.398   12.019
  22.378    7.266   12.207
  21.267    6.389   12.202
  28.355    5.635   12.911
  28.313    5.699   11.112
  27.828    4.255   11.973
  20.555    6.089   13.108
  20.513    6.153   11.310
  20.871    7.062   12.235
  33.225   21.866   42.942
  32.047   22.036   42.305
  31.305   23.236   42.408
  30.083   23.413   41.748
  29.560   22.395   40.960
  34.403   21.695   43.578
  35.145   20.495   43.475
  29.435   23.262   40.152
  28.565   22.601   41.583
  29.109   21.549   40.295
  36.140   20.289   42.852
  35.270   19.628   44.283
  35.632   20.880   43.949
  32.150   34.043    7.254
  33.241   34.536    6.631
  34.166   33.699    5.963
  35.298   34.211    5.317
  35.544   35.578    5.315
  31.058   33.549    7.877
  30.133   34.386    8.545
  35.689   35.418    4.143
  36.635   35.250    5.665
  35.763   36.723    5.305
  29.042   34.714    8.194
  29.988   34.546    9.716
  29.781   33.704    8.688
   7.718   37.110    8.595
   6.910   37.867    7.822
   6.979   39.280    7.824
   6.142   40.065    7.022
   5.206   39.464    6.189
   8.525   36.354    9.369
   8.456   34.940    9.367
   5.670   40.185    5.362
   4.454   40.243    6.688
   4.416   38.973    5.486
   9.207   34.161    8.868
   7.991   34.219   10.194
   9.031   35.018    9.891
  11.270   37.337   27.108
  11.791   36.386   27.913
  12.678   36.701   28.970
  13.217   35.715   29.804
  12.889   34.378   29.612
  10.750   38.288   26.304
   9.863   37.973   25.247
  12.671   34.398   30.783
  14.069   34.216   29.664
  12.622   33.253   29.461
   8.684   38.135   25.195
  10.082   37.954   24.076
   9.881   38.747   25.143
  26.186   12.809   46.934
  25.781   13.952   47.527
  26.691   14.833   48.157
  26.271   16.019   48.772
  24.926   16.365   48.779
  26.591   11.666   46.341
  25.681   10.784   45.711
  25.328   17.418   48.391
  25.109   16.534   49.944
  23.800   16.668   48.792
  25.498   10.615   44.546
  25.278    9.732   46.098
  26.334   10.379   45.572
  32.469   28.772    1.907
  31.288   28.139    1.747
  30.382   27.961    2.819
  29.157   27.304    2.654
  28.795   26.800    1.411
  33.651   29.406    2.067
  34.557   29.584    0.995
  27.772   27.375    1.621
  28.558   25.808    2.026
  28.478   26.373    0.372
  34.793   30.577    0.379
  35.580   29.009    0.785
  34.978   29.938    1.549
  10.909   22.284   22.412
  10.233   23.260   23.055
  10.835   24.499   23.382
  10.135   25.511   24.050
   8.808   25.321   24.414
  11.584   21.308   21.769
  10.982   20.070   21.442
   8.649   26.382   23.896
   9.180   25.707   25.478
   7.694   25.175   24.725
  10.610   19.684   20.378
  11.140   19.009   21.959
  11.689   19.926   21.143
  32.736   22.788   10.176
  33.498   23.594    9.406
  33.748   24.944    9.750
  34.538   25.779    8.952
  35.107   25.295    7.781
  31.974   21.983   10.945
  31.725   20.633   10.601
  36.105   25.777    8.220
  34.642   26.282    7.301
  35.591   24.902    6.795
  32.190   19.647   11.081
  30.727   20.152   10.162
  31.314   20.651   11.265
  31.843   39.501   33.467
  32.901   38.962   34.109
  32.750   37.937   35.073
  33.847   37.378   35.739
  35.134   37.823   35.465
  30.785   40.040   32.824
  30.936   41.065   31.860
  35.373   36.661   35.356
  35.220   37.902   36.651
  36.219   38.188   35.245
  30.850   40.986   30.674
  30.696   42.227   31.969
  30.158   41.002   31.827
  44.202   27.272   22.894
  45.448   27.789   22.939
  45.744   28.972   23.656
  47.037   29.507   23.704
  48.080   28.879   23.035
  42.955   26.756   22.848
  42.659   25.573   22.131
  48.645   28.992   24.078
  48.293   29.971   22.609
  48.964   28.361   22.478
  42.446   24.481   22.557
  42.094   25.459   21.088
  41.940   25.717   22.399
  29.832   27.997   44.682
  31.012   27.386   44.921
  31.885   27.817   45.948
  33.109   27.183   46.196
  33.504   26.098   45.425
  28.652   28.607   44.443
  27.779   28.177   43.415
  33.713   25.589   46.482
  34.524   26.705   45.326
  33.847   25.185   44.785
  26.759   27.570   43.514
  27.570   28.686   42.358
  27.345   28.769   43.682
  48.231    9.710   41.382
  48.253    8.535   40.717
  47.079    7.954   40.183
  47.101    6.735   39.493
  48.299    6.055   39.313
  48.209   10.885   42.046
  49.383   11.467   42.580
  47.948    6.003   38.176
  47.681    5.123   39.723
  49.298    5.474   39.155
  50.001   12.399   42.171
  49.734   11.519   43.718
  48.879   12.018   42.807
  31.125   25.642   47.513
  30.556   26.863   47.420
  30.168   27.599   48.565
  29.578   28.865   48.470
  29.356   29.441   47.225
  31.694   24.422   47.605
  32.082   23.686   46.460
  29.887   30.389   47.713
  28.258   29.625   47.652
  29.163   29.936   46.187
  33.179   23.502   46.034
  31.550   22.738   45.972
  32.305   23.167   47.000
  24.063   18.064    8.854
  24.526   19.280    9.216
  23.918   20.477    8.770
  24.399   21.737    9.145
  25.504   21.845    9.980
  23.599   16.849    8.492
  24.207   15.651    8.938
  24.807   22.596   10.590
  25.892   22.610    9.153
  26.431   21.950   10.680
  23.819   14.886    9.765
  24.903   14.901    8.329
  23.641   15.329    8.508
  37.935   10.812   20.530
  36.587   10.773   20.478
  35.780   11.357   21.483
  34.382   11.316   21.430
  33.740   10.690   20.368
  39.284   10.851   20.582
  40.090   10.267   19.577
  33.112   11.702   20.321
  33.122   10.149   21.231
  33.189   10.168   19.483
  40.708   10.808   18.714
  40.718    9.255   19.624
  40.666   10.537   20.031
   2.507   11.692   23.730
   2.676   11.879   25.057
   3.790   11.353   25.752
   3.966   11.547   27.128
   3.033   12.274   27.857
   2.338   11.505   22.404
   1.224   12.031   21.708
   3.993   12.850   28.264
   3.073   11.338   28.594
   2.257   12.881   28.480
   1.183   12.966   20.971
   0.263   11.455   21.301
   1.574   11.686   21.102
  31.712   19.809   42.966
  32.895   19.184   42.788
  33.117   18.291   41.712
  34.344   17.643   41.526
  35.393   17.864   42.410
  30.529   20.434   43.145
  30.307   21.326   44.221
  36.022   18.044   41.414
  35.452   16.674   42.433
  36.282   18.040   43.144
  30.248   22.516   44.198
  29.678   21.146   45.217
  29.600   21.377   43.894
  30.554   47.756    6.508
  29.708   46.948    5.835
  28.472   47.412    5.326
  27.595   46.573    4.629
  27.922   45.240    4.415
  31.400   48.565    7.181
  32.636   48.101    7.690
  27.629   45.484    3.286
  26.825   45.039    4.833
  28.184   44.119    4.229
  33.733   48.302    7.272
  32.929   47.857    8.819
  32.693   48.841    7.933
   9.450   45.010   13.706
   8.386   44.837   12.894
   7.990   43.557   12.438
   6.886   43.378   11.595
   6.138   44.473   11.180
  10.515   45.182   14.519
  10.910   46.462   14.975
   5.213   43.811   11.535
   6.281   43.994   10.098
   5.502   45.383   10.823
  10.768   46.940   16.057
  11.835   47.124   14.619
  11.465   46.045   15.334
  27.374    1.236    4.513
  28.122    1.175    3.392
  29.448    0.680    3.401
  30.224    0.616    2.237
  29.703    1.046    1.024
  26.625    1.297    5.635
  25.299    1.792    5.626
  30.106   -0.004    0.628
  30.723    1.656    0.949
  29.278    1.403   -0.002
  24.279    1.181    5.700
  24.896    2.841    6.022
  25.345    1.627    6.388
  17.435   26.389   27.063
  18.498   26.366   27.895
  19.652   25.596   27.617
  20.754   25.573   28.480
  20.741   26.319   29.652
  16.372   26.411   26.231
  15.218   27.181   26.509
  21.808   26.691   29.273
  21.089   25.295   30.154
  20.744   26.940   30.639
  14.870   28.205   26.007
  14.151   26.809   26.888
  14.980   26.876   25.831
  15.630   43.044   13.703
  16.827   43.613   13.955
  17.249   44.795   13.302
  18.491   45.385   13.563
  19.356   44.814   14.488
  14.432   42.475   13.450
  14.010   41.293   14.104
  19.414   45.922   14.923
  20.160   44.934   13.616
  20.092   44.346   15.262
  13.207   41.173   14.976
  13.952   40.185   13.668
  13.376   41.401   13.660
   4.415   19.301   45.408
   5.038   19.562   46.577
   5.997   20.595   46.701
   6.642   20.866   47.914
   6.351   20.115   49.045
   3.793   19.039   44.238
   2.834   18.007   44.114
   6.231   21.181   49.564
   7.536   20.020   49.128
   6.116   19.491   50.002
   1.649   18.101   44.031
   2.954   16.941   43.596
   2.813   18.260   43.376
  42.647   38.037   42.836
  41.554   37.897   43.616
  40.618   36.855   43.417
  39.485   36.710   44.226
  39.247   37.603   45.263
  43.740   38.176   42.056
  44.676   39.219   42.256
  39.091   36.612   45.907
  38.157   37.665   44.786
  39.035   38.345   46.137
  45.766   39.156   42.733
  44.831   40.210   41.613
  45.024   38.879   41.645
   6.985   15.161   44.890
   7.550   13.942   45.021
   6.829   12.831   45.520
   7.415   11.566   45.655
   8.742   11.368   45.297
   6.420   16.380   44.759
   7.140   17.491   44.261
   8.305   10.437   44.696
   8.820   10.854   46.369
   9.856   11.188   45.000
   7.063   18.005   43.188
   7.577   18.422   44.862
   6.458   17.852   44.380
  49.736   29.286   32.685
  49.453   27.971   32.807
  50.005   27.178   33.841
  49.712   25.815   33.967
  48.857   25.196   33.064
  50.019   30.600   32.563
  49.467   31.393   31.529
  48.325   24.785   34.048
  49.728   24.386   32.993
  48.140   24.664   32.313
  48.596   32.203   31.600
  49.999   31.804   30.545
  49.888   31.951   31.878
  45.879   46.487   20.345
  46.832   46.004   21.170
  47.877   46.819   21.667
  48.865   46.318   22.523
  48.844   44.985   22.912
  44.926   46.970   19.519
  43.881   46.155   19.022
  48.975   45.437   24.007
  49.989   45.005   22.584
  48.838   43.868   23.247
  42.736   46.134   19.351
  43.750   45.702   17.928
  43.673   46.821   18.672
  31.395   47.677   14.503
  30.676   47.533   15.637
  30.962   48.278   16.806
  30.216   48.128   17.981
  29.157   47.230   18.029
  32.115   47.821   13.370
  31.829   47.077   12.201
  28.561   48.156   18.483
  29.685   46.862   19.032
  28.267   46.479   18.083
  31.301   47.445   11.198
  32.425   46.150   11.747
  32.434   47.484   11.922
  13.972   14.487    4.288
  14.906   13.574    4.630
  14.607   12.475    5.469
  15.575   11.527    5.824
  16.876   11.646    5.351
  13.039   15.401    3.946
  13.337   16.500    3.106
  16.733   10.501    5.053
  17.168   11.485    6.496
  17.972   11.733    4.962
  13.046   16.660    1.962
  13.480   17.645    3.405
  12.582   16.659    3.225
  14.823   24.720   36.399
  16.139   24.417   36.387
  17.138   25.417   36.315
  18.502   25.103   36.303
  18.916   23.778   36.364
  13.508   25.023   36.410
  12.509   24.023   36.483
  19.631   24.177   37.230
  19.594   24.084   35.432
  19.278   22.671   36.414
  11.831   23.718   37.414
  11.794   23.624   35.617
  12.036   24.644   36.460
  42.594    7.606   34.305
  43.925    7.392   34.240
  44.472    6.091   34.144
  45.853    5.869   34.077
  46.736    6.941   34.103
  41.262    7.819   34.370
  40.715    9.121   34.466
  47.212    6.405   33.152
  47.283    6.302   34.947
  47.488    7.832   34.125
  40.168    9.760   33.622
  40.239    9.657   35.417
  40.043    8.723   34.469
  46.337   38.712   13.449
  46.647   37.398   13.428
  45.652   36.394   13.372
  45.973   35.031   13.351
  47.301   34.625   13.386
  46.027   40.026   13.469
  47.022   41.031   13.525
  46.982   33.947   12.459
  46.922   33.906   14.257
  48.411   34.270   13.415
  47.401   41.750   12.654
  47.341   41.708   14.452
  46.398   41.500   13.515
  40.231    4.496   15.629
  39.172    3.944   16.257
  38.081    4.723   16.713
  36.982    4.150   17.365
  36.934    2.779   17.585
  41.291    5.047   15.000
  42.381    4.269   14.544
  35.843    2.874   17.116
  36.666    3.099   18.701
  36.881    1.630   17.775
  42.650    3.950   13.428
  43.473    4.175   15.013
  42.643    4.966   14.309
  15.209   39.714   18.555
  16.364   39.618   19.249
  17.266   38.545   19.059
  18.463   38.446   19.779
  18.800   39.417   20.714
  14.055   39.809   17.862
  13.153   40.883   18.052
  19.846   39.419   20.142
  18.998   38.480   21.423
  19.095   40.224   21.501
  12.954   41.820   17.343
  12.107   40.881   18.623
  12.749   40.500   17.504
  41.880   17.411   45.766
  42.512   16.843   46.815
  43.771   17.302   47.270
  44.426   16.713   48.358
  43.846   15.645   49.030
  41.249   17.979   44.716
  39.990   17.521   44.261
  44.094   16.289   50.001
  44.916   15.140   48.885
  43.370   14.748   49.603
  38.920   18.025   44.406
  39.741   16.876   43.290
  40.087   18.095   43.742
  17.988   14.414    5.369
  16.824   14.579    6.033
  16.154   13.497    6.653
  14.947   13.668    7.341
  14.367   14.927    7.435
  19.151   14.249    4.705
  19.821   15.330    4.086
  14.296   14.665    8.595
  13.384   14.358    7.074
  13.869   15.978    7.521
  20.804   15.900    4.447
  19.892   15.592    2.925
  20.329   14.768    3.895
  17.589   17.751    0.275
  18.644   18.554    0.530
  18.743   19.857   -0.011
  19.837   20.690    0.254
  20.872   20.248    1.069
  16.534   16.948    0.020
  16.435   15.645    0.561
  20.711   21.293    1.618
  21.564   20.631    0.178
  21.747   19.890    1.752
  15.743   15.262    1.453
  16.596   14.599    0.012
  15.763   15.645    0.163
  41.080   32.705   17.009
  42.146   33.505   16.794
  43.453   32.987   16.636
  44.558   33.818   16.413
  44.395   35.195   16.340
  40.015   31.904   17.225
  38.707   32.422   17.383
  45.034   35.087   15.340
  45.299   35.213   17.116
  44.273   36.353   16.276
  37.803   32.405   16.607
  38.068   32.530   18.383
  38.532   31.665   17.462
  34.078    2.478   41.043
  35.191    3.128   41.443
  36.148    3.615   40.522
  37.302    4.289   40.937
  37.542    4.500   42.289
  32.964    1.828   40.642
  32.007    1.341   41.564
  37.736    5.624   41.946
  38.619    4.058   42.034
  37.755    4.683   43.421
  30.930    1.783   41.819
  31.813    0.217   41.907
  31.653    1.105   40.909
   9.539   18.662   13.648
   8.220   18.889   13.823
   7.331   17.866   14.230
   5.963   18.101   14.412
   5.435   19.367   14.193
  10.858   18.436   13.472
  11.747   19.459   13.066
   4.934   19.200   15.262
   4.632   18.777   13.539
   4.978   20.425   14.014
  12.549   20.049   13.720
  12.248   19.626   11.997
  12.269   18.880   13.117
  29.306   36.451   36.358
  28.569   35.878   37.334
  29.115   35.569   38.602
  28.351   34.975   39.614
  27.014   34.668   39.393
  30.042   37.023   35.383
  29.497   37.332   34.114
  26.848   35.233   40.429
  27.321   33.603   39.829
  25.891   34.406   39.221
  29.190   38.398   33.678
  29.663   36.768   33.078
  30.222   37.591   33.983
   7.160   12.507   39.334
   6.708   11.985   40.494
   5.412   12.264   40.987
   4.943   11.723   42.191
   5.754   10.883   42.943
   7.612   13.029   38.174
   8.908   12.749   37.680
   4.794   10.177   42.950
   5.441   11.600   43.842
   6.424   10.177   43.585
   9.222   12.032   36.782
   9.868   13.456   37.674
   8.674   13.219   37.102
  46.795   17.463   36.252
  45.642   16.761   36.229
  44.378   17.395   36.208
  43.182   16.667   36.184
  43.209   15.278   36.180
  47.948   18.166   36.275
  49.212   17.531   36.295
  42.453   15.395   35.267
  42.420   15.390   37.067
  43.217   14.112   36.177
  50.001   17.419   35.409
  49.969   17.414   37.209
  49.464   18.270   36.302
  19.005   39.534   13.681
  17.917   38.771   13.920
  18.014   37.377   14.142
  16.886   36.585   14.390
  15.622   37.160   14.425
  20.093   40.297   13.442
  19.996   41.692   13.221
  15.521   36.563   15.452
  15.339   36.269   13.685
  14.554   37.629   14.458
  20.279   42.582   13.961
  20.096   42.289   12.194
  20.771   41.627   13.151
  18.213   20.624   15.598
  19.113   19.628   15.449
  18.718   18.292   15.202
  19.651   17.259   15.048
  21.012   17.527   15.134
  17.313   21.619   15.747
  17.708   22.956   15.994
  21.065   16.914   14.114
  21.013   16.602   15.886
  22.157   17.737   15.205
  17.706   23.880   15.243
  17.655   23.568   17.015
  16.935   23.072   15.992
  45.386   42.744    1.926
  46.573   42.113    1.796
  46.759   40.773    2.209
  47.990   40.119    2.074
  49.078   40.783    1.522
  44.200   43.374    2.056
  44.013   44.715    1.644
  49.167   39.804    0.847
  49.650   40.375    2.485
  50.000   41.328    1.060
  43.441   45.122    0.681
  43.924   45.693    2.318
  43.289   44.582    1.903
  39.762    6.541    7.400
  39.428    7.839    7.238
  38.088    8.251    7.044
  37.742    9.597    6.876
  38.724   10.579    6.895
  40.095    5.243    7.562
  41.435    4.831    7.756
  37.992   11.112    7.670
  38.197   10.943    5.890
  39.538   11.414    6.910
  41.962    4.468    8.761
  42.167    4.299    6.981
  41.102    4.125    7.785
  31.989   19.966   28.992
  31.453   21.140   28.595
  32.256   22.253   28.251
  31.700   23.471   27.840
  30.321   23.618   27.757
  32.525   18.793   29.388
  31.721   17.679   29.732
  30.563   24.053   26.674
  30.520   24.611   28.385
  29.165   23.756   27.683
  31.522   16.686   29.104
  31.480   17.245   30.815
  32.418   17.350   29.857
   1.055   35.367   11.216
   1.072   36.583   10.630
  -0.002   37.046    9.833
   0.016   38.307    9.225
   1.107   39.150    9.393
   1.038   34.151   11.802
   2.112   33.688   12.599
   0.276   39.959    9.665
   1.051   39.245    8.206
   2.017   39.868    9.525
   2.168   33.592   13.786
   2.943   32.879   12.326
   1.653   33.059   12.663
  29.869   21.189   17.200
  29.001   20.158   17.284
  27.601   20.359   17.337
  26.701   19.290   17.424
  27.168   17.982   17.459
  30.737   22.220   17.117
  32.136   22.019   17.064
  26.360   17.808   16.601
  26.440   17.886   18.398
  27.547   16.880   17.490
  32.865   22.116   16.125
  32.944   22.194   17.922
  32.140   22.799   17.030
  37.278   44.663   37.399
  37.136   43.967   38.547
  38.249   43.466   39.264
  38.101   42.745   40.455
  36.835   42.497   40.971
  37.421   45.359   36.251
  36.308   45.859   35.535
  37.310   42.907   41.984
  37.226   41.374   41.044
  35.778   42.282   41.415
  35.916   46.982   35.461
  35.833   45.449   34.522
  36.868   46.121   35.057
  31.767   34.329   33.067
  31.471   35.429   32.343
  31.840   36.728   32.768
  31.534   37.869   32.018
  30.847   37.753   30.816
  32.063   33.228   33.790
  31.694   31.930   33.365
  31.719   38.450   30.400
  30.156   38.607   31.278
  30.270   37.670   29.806
  32.385   31.076   32.903
  30.822   31.233   33.782
  32.048   31.727   34.031
   2.960   28.654   21.302
   4.294   28.521   21.458
   5.196   28.700   20.382
   6.580   28.562   20.544
   7.111   28.241   21.786
   1.625   28.787   21.147
   0.723   28.608   22.223
   7.835   29.163   21.570
   7.707   27.412   21.172
   7.571   27.972   22.824
   0.127   29.437   22.837
  -0.000   27.686   22.439
   0.197   28.772   21.669
   5.920   30.258   18.979
   6.441   29.364   18.113
   7.149   29.765   16.955
   7.689   28.838   16.057
   7.541   27.475   16.284
   5.399   31.153   19.846
   4.691   30.751   21.003
   8.715   27.446   16.085
   7.178   27.458   15.149
   7.424   26.329   16.462
   5.054   30.768   22.138
   3.516   30.780   21.202
   4.634   31.523   21.107
  18.170   34.647   12.829
  17.260   35.556   12.418
  16.002   35.175   11.895
  15.059   36.118   11.470
  15.341   37.476   11.551
  19.079   33.737   13.239
  20.338   34.118   13.762
  14.272   37.534   12.075
  14.974   37.488   10.418
  15.565   38.619   11.615
  20.705   34.106   14.896
  21.407   34.060   13.239
  20.428   33.345   13.822
   5.825   43.366   27.651
   6.944   43.509   26.909
   7.884   44.537   27.160
   9.044   44.685   26.391
   9.306   43.811   25.344
   4.706   43.223   28.393
   3.766   42.196   28.141
  10.379   43.726   25.854
   9.492   44.813   24.726
   9.538   43.084   24.461
   3.579   41.194   28.759
   2.692   42.280   27.631
   3.401   42.527   28.747
  43.319   30.688   34.561
  44.565   30.265   34.257
  45.492   31.091   33.577
  46.783   30.653   33.261
  47.195   29.373   33.615
  42.074   31.110   34.865
  41.147   30.285   35.545
  48.145   29.941   34.055
  47.547   29.313   32.478
  47.553   28.302   33.905
  40.795   30.345   36.682
  40.197   29.717   35.105
  40.691   30.915   35.467
  23.467   37.147   47.370
  24.790   37.191   47.637
  25.322   36.744   48.870
  26.693   36.790   49.147
  27.582   37.285   48.201
  22.145   37.103   47.103
  21.613   37.550   45.871
  28.182   36.281   48.429
  27.989   37.935   49.113
  28.339   37.698   47.416
  21.206   36.900   44.958
  21.013   38.554   45.642
  20.940   37.334   46.204
  44.759   18.672   45.127
  44.739   18.282   43.835
  44.218   17.028   43.438
  44.197   16.623   42.098
  44.697   17.459   41.107
  44.779   19.062   46.419
  45.301   20.317   46.816
  43.661   17.223   40.567
  45.290   16.483   40.765
  45.113   18.150   40.265
  44.708   21.292   47.158
  46.337   20.553   47.356
  45.097   20.058   47.524
   4.387   30.681   43.139
   3.418   30.809   44.070
   2.966   29.709   44.838
   1.962   29.841   45.804
   1.373   31.078   46.037
   5.356   30.554   42.208
   5.808   31.654   41.440
   1.601   30.826   47.179
   0.355   30.467   45.931
   0.870   32.110   46.242
   6.826   32.264   41.546
   5.579   31.905   40.298
   6.275   31.109   41.130
  38.672   25.114    9.653
  38.267   24.620   10.842
  39.186   24.183   11.826
  38.765   23.671   13.059
  37.410   23.578   13.353
  39.078   25.607    8.464
  38.159   26.044    7.480
  37.726   24.120   14.366
  37.688   22.462   13.665
  36.276   23.495   13.612
  37.882   27.160    7.167
  37.844   25.503    6.467
  38.816   26.196    7.086
   5.430    5.073   11.406
   6.129    6.141   10.966
   6.952    6.906   11.827
   7.676    8.013   11.371
   7.604    8.396   10.037
   4.731    4.005   11.846
   3.909    3.241   10.985
   8.793    8.407   10.110
   7.398    9.477   10.494
   7.552    8.728    8.920
   4.115    2.160   10.529
   2.719    3.230   10.912
   3.779    2.837   11.641
  46.091   39.696   21.546
  47.066   40.614   21.378
  48.427   40.247   21.251
  49.439   41.199   21.077
  49.126   42.551   21.025
  45.115   38.778   21.713
  43.754   39.144   21.840
  49.802   42.537   20.044
  50.000   42.651   21.829
  48.878   43.690   20.979
  42.880   39.044   21.037
  43.079   39.159   22.822
  43.662   38.371   21.900
  11.513   40.888   12.159
  12.178   40.812   10.987
  12.219   39.622   10.223
  12.908   39.544    9.007
  13.581   40.654    8.511
  10.849   40.963   13.332
  10.808   42.154   14.096
  12.996   40.397    7.505
  14.484   39.886    8.381
  14.150   41.577    8.084
   9.905   42.921   14.226
  11.393   42.410   15.102
  10.375   41.708   14.570
  23.660   40.219    1.645
  24.824   39.571    1.426
  25.564   39.741    0.231
  26.770   39.068    0.004
  27.281   38.202    0.963
  22.497   40.867    1.864
  21.757   40.698    3.059
  28.287   38.817    0.795
  27.386   37.453    0.042
  27.720   37.472    1.759
  21.652   41.447    3.979
  20.750   40.083    3.227
  21.279   41.207    2.709
  31.028   28.121   40.996
  30.816   29.454   40.973
  30.726   30.178   39.761
  30.505   31.561   39.738
  30.366   32.268   40.925
  31.241   26.788   41.019
  31.331   26.063   42.231
  29.395   32.712   40.397
  31.172   32.996   40.435
  30.248   32.874   41.915
  30.525   25.336   42.722
  32.302   25.620   42.760
  31.437   25.464   41.741
  28.482   38.050   37.671
  29.716   38.275   38.170
  30.369   37.338   39.006
  31.649   37.571   39.524
  32.322   38.749   39.223
  27.248   37.825   37.172
  26.595   38.762   36.336
  33.220   38.014   38.954
  32.493   38.799   40.401
  32.898   39.733   38.979
  26.424   38.712   35.158
  25.696   39.497   36.605
  26.033   38.220   36.347
  17.953   11.307   22.110
  17.287   12.481   22.163
  17.960   13.722   22.252
  17.270   14.938   22.308
  15.881   14.957   22.276
  18.619   10.134   22.057
  17.946    8.893   21.968
  16.041   15.777   21.426
  15.998   15.671   23.222
  14.715   14.987   22.250
  17.829    8.179   21.021
  17.786    8.073   22.818
  18.677    8.617   21.969
   2.281    2.403   32.188
   3.311    2.479   33.058
   3.341    1.720   34.252
   4.409    1.799   35.154
   5.485    2.639   34.894
   1.251    2.327   31.318
   1.221    3.085   30.124
   6.133    1.670   35.141
   5.300    3.008   36.012
   6.394    3.340   34.687
   1.406    2.716   29.006
   0.572    4.054   29.876
   0.538    2.718   30.033
  46.094   23.869   32.181
  45.869   24.865   31.298
  46.927   25.601   30.713
  46.694   26.634   29.796
  45.395   26.967   29.433
  46.318   22.873   33.065
  45.261   22.137   33.650
  45.825   26.894   28.324
  45.750   28.078   29.678
  44.310   27.258   29.119
  44.905   21.027   33.405
  44.830   22.210   34.759
  45.853   21.771   34.003
  30.883   23.785   14.979
  29.800   24.377   15.527
  28.720   23.628   16.050
  27.598   24.243   16.619
  27.516   25.628   16.684
  31.965   23.192   14.431
  33.045   23.941   13.907
  27.236   25.428   17.825
  26.435   25.457   16.213
  27.435   26.790   16.745
  34.126   24.112   14.378
  33.326   24.141   12.766
  33.326   23.228   13.755
  21.669   14.553   11.403
  22.850   15.122   11.726
  22.937   16.452   12.204
  24.161   17.042   12.539
  25.343   16.323   12.409
  20.489   13.984   11.080
  20.402   12.655   10.603
  25.543   16.701   13.521
  25.718   17.296   11.832
  26.343   15.732   12.304
  20.027   11.682   11.180
  20.203   12.277    9.490
  19.640   12.824   10.583
  22.842    9.554   28.587
  22.640   10.276   29.710
  23.464   11.373   30.055
  23.255   12.122   31.219
  22.214   11.800   32.081
  23.043    8.833   27.464
  22.219    7.736   27.120
  21.969   12.964   32.010
  23.061   11.857   32.917
  21.344   11.540   32.813
  21.372    7.678   26.283
  22.464    6.572   27.190
  22.698    7.705   26.504
  26.638    9.068    4.266
  25.922    8.568    3.237
  26.300    7.381    2.566
  25.557    6.863    1.499
  24.409    7.512    1.065
  27.355    9.568    5.295
  26.976   10.755    5.966
  23.922    6.428    1.144
  24.906    7.395   -0.012
  23.443    8.048    0.690
  26.479   10.872    7.043
  27.463   11.840    5.887
  27.619   10.599    6.382
  14.588   43.334   31.331
  13.535   42.826   30.656
  13.494   41.475   30.236
  12.402   40.948   29.536
  11.312   41.754   29.231
  15.641   43.841   32.006
  15.682   45.192   32.426
  10.682   40.852   29.691
  11.458   41.313   28.133
  10.390   42.418   28.969
  15.535   45.632   33.524
  16.311   46.094   31.966
  16.377   44.973   32.707
  21.273    2.933   16.097
  21.721    2.236   15.032
  23.035    2.393   14.531
  23.500    1.669   13.427
  22.667    0.762   12.783
  20.825    3.631   17.162
  19.510    3.474   17.662
  23.597    0.026   12.896
  23.023    1.332   11.799
  21.979   -0.002   12.233
  19.154    2.904   18.646
  18.580    4.211   17.549
  19.755    4.011   18.174
  36.756   46.009   39.502
  35.482   46.408   39.301
  34.464   45.502   38.917
  33.143   45.915   38.708
  32.792   47.249   38.876
  38.030   45.611   39.703
  39.047   46.517   40.087
  31.911   46.798   39.539
  32.283   47.114   37.807
  32.484   48.365   39.013
  39.556   46.651   41.156
  39.929   46.967   39.424
  39.484   45.870   40.063
  43.857   19.703    3.281
  44.157   20.959    2.887
  44.622   21.940    3.795
  44.933   23.242    3.385
  44.791   23.610    2.053
  43.557   18.448    3.676
  43.093   17.467    2.768
  45.897   24.033    2.187
  44.199   24.539    2.507
  44.676   23.931    0.938
  43.684   16.537    2.314
  41.987   17.044    2.634
  43.084   17.027    3.414
   4.169   22.318   44.761
   5.424   22.108   45.211
   6.279   23.177   45.573
   7.581   22.960   46.040
   8.074   21.667   46.161
   2.913   22.527   44.311
   2.058   21.459   43.949
   8.389   22.029   47.252
   9.007   22.105   45.564
   8.501   20.587   46.269
   1.126   21.020   44.547
   1.744   21.097   42.858
   1.566   22.045   43.795
  13.946   36.940   42.616
  14.181   36.482   41.368
  15.015   37.176   40.459
  15.258   36.701   39.165
  14.675   35.516   38.733
  13.712   37.397   43.865
  12.878   36.704   44.773
  15.784   35.247   38.391
  14.361   36.168   37.786
  14.192   34.524   38.357
  13.192   36.052   45.720
  11.768   36.973   45.115
  13.067   37.302   45.238
  32.997   25.591    3.194
  32.543   25.504    4.463
  33.377   25.100    5.532
  32.905   25.010    6.847
  31.583   25.321    7.140
  33.452   25.678    1.926
  32.618   26.083    0.857
  32.068   25.992    7.998
  31.601   24.277    7.713
  30.476   25.580    7.400
  32.601   27.127    0.283
  32.134   25.412   -0.001
  33.272   25.973    0.445
   6.308   41.752   38.814
   7.125   41.702   37.740
   8.391   41.072   37.789
   9.237   41.020   36.675
   8.848   41.596   35.473
   5.492   41.802   39.888
   4.226   42.432   39.839
   9.172   40.545   35.014
   9.927   42.100   35.515
   8.533   42.075   34.457
   3.147   41.928   39.797
   3.902   43.483   40.298
   4.202   42.204   40.586
  40.505   22.867    7.986
  39.647   22.012    7.389
  39.854   21.539    6.072
  38.964   20.652    5.454
  37.836   20.207    6.131
  41.363   23.722    8.582
  41.156   24.196    9.899
  38.208   19.131    5.780
  37.270   20.524    5.131
  36.885   19.826    6.688
  41.722   23.879   10.899
  40.784   25.272   10.251
  41.822   24.577    9.753
  44.339   44.910   37.826
  43.056   44.902   37.404
  42.719   44.942   36.030
  41.389   44.933   35.592
  40.349   44.885   36.512
  45.621   44.918   38.248
  45.958   44.879   39.622
  39.951   44.000   35.820
  39.920   45.799   35.880
  39.467   44.844   37.274
  46.388   43.965   40.254
  46.357   45.764   40.314
  46.684   44.901   39.335
  46.720   14.381   13.081
  45.585   13.650   13.094
  45.192   12.855   11.992
  44.015   12.097   12.006
  43.189   12.107   13.124
  47.855   15.112   13.067
  48.248   15.907   14.169
  43.237   10.922   13.009
  42.330   12.318   12.326
  42.487   12.107   14.055
  49.108   15.696   14.967
  48.200   17.092   14.284
  48.852   16.070   13.700
  19.853    3.635   35.037
  20.609    3.921   36.119
  21.934    3.444   36.254
  22.718    3.740   37.376
  22.204    4.523   38.402
  19.097    3.349   33.956
  17.772    3.826   33.820
  23.225    5.125   38.279
  22.610    3.646   39.099
  21.785    5.179   39.271
  17.366    4.703   33.123
  16.751    3.224   33.943
  17.813    3.434   33.145
  11.516   27.858   34.622
  10.614   27.260   35.429
   9.295   27.751   35.573
   8.360   27.131   36.411
   8.711   25.998   37.134
  12.417   28.456   33.814
  13.737   27.965   33.670
   7.701   25.555   36.683
   8.237   26.595   38.050
   8.992   25.047   37.747
  14.210   27.368   32.754
  14.746   28.408   34.122
  13.796   28.574   33.184
  23.833   39.125   24.564
  23.020   38.060   24.404
  21.855   37.882   25.188
  21.011   36.776   25.022
  21.303   35.810   24.068
  24.646   40.191   24.723
  25.811   40.369   23.940
  20.164   35.966   23.751
  21.123   35.052   24.970
  21.535   34.991   23.271
  25.990   41.127   23.038
  26.949   40.213   24.256
  25.876   41.015   24.374
  10.527    7.602   23.192
  10.277    6.282   23.324
  11.313    5.336   23.508
  11.053    3.967   23.645
   9.747    3.495   23.601
  10.778    8.922   23.060
   9.742    9.867   22.876
  10.060    2.922   24.598
  10.192    2.719   22.815
   8.656    3.085   23.567
   9.297   10.644   23.662
   9.429   10.441   21.879
  10.343   10.365   22.864
  23.533   34.321   47.324
  24.653   33.748   47.813
  25.435   34.366   48.818
  26.597   33.771   49.324
  27.018   32.537   48.844
  22.413   34.895   46.835
  21.631   34.277   45.830
  27.095   32.259   50.000
  28.070   33.086   48.733
  27.383   31.502   48.450
  20.579   33.729   45.941
  21.555   34.555   44.674
  21.199   34.922   45.919
  15.546   15.244   38.292
  16.250   14.415   37.492
  15.687   13.233   36.955
  16.417   12.374   36.126
  17.736   12.665   35.804
  14.842   16.073   39.092
  15.405   17.255   39.629
  17.374   12.457   34.688
  17.930   11.536   36.132
  18.845   12.898   35.526
  15.212   18.384   39.301
  15.767   17.464   40.745
  14.694   17.323   39.946
   8.628   11.354   28.843
   7.865   12.468   28.822
   8.429   13.762   28.731
   7.637   14.917   28.710
   6.253   14.817   28.779
   9.392   10.241   28.863
   8.828    8.947   28.954
   6.283   15.549   27.839
   6.367   15.639   29.635
   5.090   14.749   28.837
   8.714    8.125   28.099
   8.798    8.215   29.894
   9.579    8.734   28.930
  24.692   26.171   17.484
  24.648   27.520   17.508
  25.777   28.313   17.192
  25.732   29.712   17.218
  24.556   30.368   17.560
  24.735   24.822   17.459
  23.606   24.030   17.775
  24.770   30.994   16.569
  25.265   30.978   18.299
  23.576   30.932   17.846
  22.898   23.420   17.036
  23.393   23.404   18.766
  24.106   23.448   17.626
  18.555   36.203   34.253
  19.122   36.767   33.166
  20.087   36.088   32.385
  20.675   36.673   31.258
  20.319   37.959   30.871
  17.988   35.638   35.340
  17.023   36.318   36.121
  20.187   37.459   29.797
  21.498   38.133   30.830
  20.030   39.038   30.535
  15.845   36.144   36.161
  17.155   36.818   37.195
  17.041   35.653   36.531
  47.660    3.879   15.937
  46.437    3.620   16.445
  46.256    2.797   17.582
  44.987    2.529   18.110
  43.854    3.074   17.519
  48.884    4.138   15.428
  49.064    4.961   14.291
  43.587    3.397   18.635
  43.449    1.954   17.568
  42.895    3.525   17.034
  49.469    6.081   14.242
  49.331    4.638   13.175
  49.816    4.793   14.421
  32.279   36.916   11.363
  31.603   35.762   11.543
  30.195   35.730   11.674
  29.493   34.532   11.860
  30.176   33.324   11.922
  32.955   38.071   11.184
  34.364   38.103   11.053
  29.364   32.974   11.123
  29.526   33.156   12.907
  30.736   32.303   11.976
  35.014   38.270   10.068
  35.176   38.453   11.851
  34.234   38.870   10.986
  39.245    0.896   32.235
  38.057    0.914   31.594
  37.018    0.008   31.914
  35.786    0.027   31.249
  35.549    0.952   30.240
  40.433    0.878   32.876
  41.472    1.784   32.556
  34.544    1.160   30.846
  35.183   -0.003   29.629
  35.337    1.724   29.392
  41.838    2.739   33.167
  42.477    1.576   31.950
  41.842    1.394   33.122
  46.803   11.884   32.772
  47.507   12.931   33.252
  48.839   12.793   33.709
  49.569   13.879   34.207
  48.993   15.142   34.266
  46.099   10.837   32.292
  44.767   10.975   31.835
  50.001   15.484   33.729
  49.396   15.131   35.387
  48.522   16.207   34.320
  44.365   10.987   30.713
  43.759   10.634   32.371
  44.846   10.210   31.701
  13.433   32.572   32.315
  12.560   31.563   32.108
  12.985   30.220   31.971
  12.080   29.174   31.757
  10.718   29.433   31.670
  14.306   33.581   32.522
  13.881   34.924   32.658
  10.630   28.544   32.458
  10.787   28.774   30.680
   9.572   29.637   31.596
  13.812   35.583   33.648
  13.968   35.813   31.870
  14.648   35.046   32.741
  47.505   36.987    3.509
  47.761   38.278    3.807
  46.736   39.181    4.176
  47.002   40.520    4.486
  48.303   41.004    4.438
  47.248   35.696    3.210
  48.273   34.793    2.841
  48.045   41.432    5.520
  47.815   41.878    3.791
  49.390   41.424    4.401
  48.761   33.919    3.487
  48.531   34.365    1.759
  47.673   34.296    2.792
  46.263   14.360    4.791
  45.113   13.690    4.565
  43.847   14.267    4.820
  42.654   13.573    4.585
  42.685   12.276    4.088
  47.414   15.029    5.017
  48.680   14.452    4.762
  41.890   12.696    3.306
  41.935   12.052    4.986
  42.697   11.187    3.670
  49.430   14.676    3.864
  49.475   14.032    5.544
  48.930   15.145    5.021
   6.061   13.837   42.411
   7.284   13.645   41.873
   8.462   14.115   42.502
   9.730   13.916   41.944
   9.867   13.240   40.738
   4.837   14.028   42.949
   3.660   13.558   42.320
  10.691   12.616   41.330
  10.544   14.174   40.441
   9.996   12.674   39.726
   2.982   12.624   42.618
   2.835   14.182   41.728
   3.324   13.884   42.946
  10.354   12.663    0.291
   9.998   13.947    0.512
  10.748   15.032   -0.000
  10.378   16.363    0.229
   9.246   16.656    0.978
  10.710   11.380    0.070
   9.960   10.295    0.583
   8.984   17.372    0.062
   9.981   17.391    1.561
   8.298   16.916    1.605
   9.225    9.560   -0.000
  10.222    9.579    1.499
  10.514    9.880    0.220
  35.071   16.458   37.514
  35.316   17.623   38.152
  35.378   18.857   37.463
  35.632   20.064   38.125
  35.834   20.080   39.499
  34.826   15.294   36.876
  34.764   14.060   37.565
  35.029   20.958   39.476
  36.795   20.727   39.220
  36.005   20.108   40.652
  33.803   13.413   37.844
  35.569   13.182   37.588
  34.624   13.787   36.846
  15.050   32.108   30.103
  14.509   32.212   28.871
  13.505   31.325   28.415
  12.943   31.433   27.137
  13.366   32.432   26.269
  15.591   32.004   31.335
  16.595   32.891   31.791
  12.199   32.635   26.142
  13.466   31.534   25.492
  13.712   33.266   25.531
  16.495   33.788   32.568
  17.762   32.687   31.919
  16.543   32.451   32.434
   8.943   34.617    3.459
   7.655   34.584    3.057
   6.604   34.230    3.936
   5.268   34.196    3.519
   4.935   34.514    2.208
  10.231   34.650    3.861
  11.283   35.004    2.983
   4.128   35.224    2.723
   4.318   33.496    2.254
   4.642   34.779    1.111
  11.900   36.022    2.936
  12.090   34.294    2.468
  11.715   34.878    3.621
  38.009   45.726   25.363
  38.645   44.584   25.700
  37.975   43.338   25.749
  38.635   42.154   26.099
  39.988   42.173   26.414
  37.373   46.867   25.025
  38.042   48.113   24.976
  40.048   41.268   25.641
  39.641   41.554   27.371
  41.124   42.176   26.680
  38.389   48.732   24.019
  37.983   49.018   25.749
  37.333   48.366   24.768
  44.216   41.905   32.172
  43.521   42.987   31.762
  44.133   44.252   31.596
  43.412   45.375   31.171
  42.054   45.273   30.898
  44.911   40.822   32.581
  44.300   39.557   32.748
  42.348   45.827   29.885
  41.974   46.234   31.598
  40.914   45.201   30.665
  44.380   38.596   32.049
  44.005   39.003   33.761
  45.024   39.353   32.956
  11.868   23.872   14.644
  10.763   23.371   14.052
   9.517   23.311   14.719
   8.371   22.791   14.105
   8.431   22.313   12.802
  12.973   24.374   15.236
  14.220   24.434   14.569
   7.471   23.001   12.644
   7.882   21.362   13.264
   8.467   21.908   11.709
  14.769   25.385   14.107
  15.180   23.746   14.728
  14.447   24.747   15.248
  15.046   21.945   15.985
  15.303   21.335   14.808
  15.233   19.929   14.661
  15.500   19.297   13.442
  15.847   20.047   12.325
  14.788   22.556   17.161
  14.858   23.961   17.308
  15.004   19.398   11.788
  16.741   19.265   12.238
  16.139   20.665   11.380
  13.963   24.744   17.395
  15.701   24.610   17.844
  14.655   23.788   18.042
   2.432   28.556   49.101
   1.923   29.806   49.101
   0.528   30.047   49.101
  -0.000   31.344   49.101
   0.847   32.445   49.101
   2.942   27.306   49.101
   4.337   27.064   49.100
   0.157   32.812   50.001
   0.157   32.812   48.201
   1.546   33.378   49.101
   5.026   26.698   50.000
   5.026   26.698   48.200
   4.100   26.320   49.100
  34.797   19.815   49.415
  35.928   20.541   49.291
  36.031   21.861   49.793
  37.203   22.614   49.665
  38.316   22.075   49.030
  33.666   19.088   49.539
  33.563   17.769   49.037
  38.892   22.458   50.000
  38.306   23.102   48.425
  39.257   21.635   48.500
  33.573   16.742   49.642
  32.987   17.387   48.067
  32.842   17.828   49.330
   7.015   19.021    9.540
   6.014   18.164    9.245
   4.951   18.521    8.383
   3.913   17.632    8.077
   3.902   16.355    8.624
   8.015   19.878    9.834
   9.079   19.522   10.697
   3.715   16.015    7.497
   2.776   16.626    8.906
   3.880   15.280    9.076
  10.204   19.250   10.415
   9.266   19.862   11.824
   9.312   20.250   10.536
  42.463    6.782   30.267
  43.456    5.890   30.469
  43.216    4.495   30.497
  44.246    3.570   30.707
  45.551    4.006   30.897
  41.470    7.674   30.064
  41.709    9.069   30.036
  45.806    3.193   30.064
  45.520    3.277   31.839
  46.651    4.359   31.057
  41.741    9.798   29.094
  41.454    9.882   30.869
  40.939    9.091   29.911
  31.021   13.321   15.464
  29.738   13.741   15.423
  28.967   13.912   16.597
  27.637   14.348   16.554
  27.031   14.628   15.335
  32.303   12.901   15.506
  33.074   12.730   14.332
  26.715   15.643   15.874
  26.159   13.934   15.758
  26.510   14.866   14.320
  33.947   13.423   13.909
  33.391   11.715   13.793
  33.620   12.517   14.849
  31.553   43.153   11.837
  30.660   42.938   10.847
  29.422   42.294   11.080
  28.497   42.071   10.053
  28.777   42.484    8.757
  32.445   43.368   12.827
  33.683   44.012   12.594
  27.689   42.967    8.814
  28.453   41.374    8.472
  28.999   42.826    7.664
  34.007   45.123   12.879
  34.771   43.530   12.536
  33.770   43.889   13.360
  40.704   39.024   20.128
  40.567   40.361   20.000
  39.318   41.006   20.158
  39.176   42.393   20.026
  40.280   43.184   19.731
  40.840   37.687   20.256
  42.090   37.042   20.098
  39.893   43.838   20.649
  39.567   43.637   18.890
  41.197   43.859   19.483
  42.802   36.589   20.939
  42.476   36.388   19.180
  41.661   36.407   20.250
  18.824   22.963   44.841
  17.959   22.577   45.802
  17.764   23.333   46.983
  16.866   22.933   47.980
  16.132   21.763   47.833
  19.690   23.349   43.879
  19.885   22.593   42.699
  15.210   22.459   48.124
  16.523   21.532   48.934
  15.509   20.783   47.721
  19.494   22.824   41.597
  20.807   21.897   42.407
  20.389   23.169   42.541
  43.417   13.290   38.208
  44.660   13.265   37.683
  45.814   13.151   38.494
  47.104   13.125   37.950
  47.286   13.212   36.575
  42.173   13.315   38.732
  41.019   13.428   37.921
  47.987   12.262   36.739
  48.076   14.056   36.863
  47.452   13.283   35.423
  40.229   12.583   37.633
  40.318   14.377   37.757
  40.659   13.398   38.614
   4.813   34.328   30.943
   5.259   33.709   29.830
   6.205   34.309   28.966
   6.668   33.668   27.811
   6.202   32.402   27.479
   4.366   34.946   32.057
   3.420   34.346   32.921
   7.360   32.149   27.356
   6.022   32.892   26.407
   5.818   31.340   27.188
   3.600   33.856   33.992
   2.262   34.598   33.043
   3.513   35.014   33.313
  39.206    8.537   10.929
  38.345    9.062   11.826
  36.964    8.752   11.811
  36.071    9.296   12.741
  36.526   10.170   13.720
  40.068    8.012   10.032
  41.449    8.322   10.048
  35.917    9.456   14.456
  35.617   10.848   13.354
  36.895   10.904   14.548
  42.357    7.644   10.414
  42.057    9.036    9.313
  41.456    7.838    9.435
  24.149   18.197   39.726
  23.228   17.231   39.524
  23.590   15.872   39.363
  22.635   14.870   39.154
  21.284   15.190   39.099
  25.070   19.164   39.928
  24.708   20.522   40.089
  21.173   14.296   39.878
  21.305   14.541   38.100
  20.147   15.446   39.050
  24.688   21.171   41.088
  24.819   21.417   39.310
  25.481   20.609   40.158
  20.220   22.546    9.403
  19.587   22.233   10.553
  18.870   23.198   11.301
  18.213   22.874   12.494
  18.250   21.574   12.983
  20.853   22.858    8.252
  21.570   21.894    7.505
  17.070   21.714   13.075
  18.563   22.104   14.003
  18.272   20.487   13.404
  21.257   21.363    6.485
  22.749   21.753    7.412
  21.699   22.507    7.038
  22.182   39.566   48.416
  23.272   40.333   48.631
  24.582   39.797   48.608
  25.712   40.592   48.830
  25.574   41.951   49.084
  21.092   38.800   48.201
  19.782   39.335   48.224
  26.406   42.062   48.238
  26.298   41.721   50.002
  25.472   43.093   49.298
  19.058   39.565   47.306
  18.950   39.225   49.070
  19.591   38.594   48.070
  29.663   27.269   11.392
  29.622   25.963   11.052
  30.772   25.140   11.098
  30.730   23.786   10.745
  29.536   23.206   10.334
  29.704   28.575   11.732
  28.554   29.398   11.686
  29.817   22.369   11.133
  30.195   22.802    9.428
  28.540   22.708    9.986
  27.894   29.803   12.592
  28.273   30.236   10.886
  29.061   29.938   11.935
  23.633   11.978   16.374
  23.290   10.882   17.084
  23.644    9.577   16.668
  23.288    8.441   17.404
  22.565    8.569   18.584
  23.976   13.073   15.664
  23.622   14.378   16.080
  23.408    7.852   19.026
  21.871    7.732   18.097
  21.959    8.663   19.575
  24.316   15.216   16.567
  22.779   15.095   15.638
  24.001   14.575   15.427
  34.794    5.354   18.248
  34.976    4.415   19.200
  34.771    4.690   20.573
  34.960    3.716   21.561
  35.360    2.433   21.211
  34.612    6.293   17.295
  34.817    6.018   15.922
  34.452    2.100   21.907
  36.175    2.595   22.065
  35.696    1.352   20.932
  34.002    5.857   15.068
  35.725    6.351   15.226
  34.608    6.768   15.850
  27.368   23.566   19.621
  28.570   23.040   19.940
  29.420   22.467   18.965
  30.666   21.921   19.295
  31.106   21.928   20.613
  26.167   24.093   19.302
  25.316   24.666   20.277
  32.103   22.379   20.141
  31.330   20.776   20.409
  31.488   21.928   21.715
  25.093   25.819   20.481
  24.319   24.216   20.749
  24.859   24.783   19.655
  16.464    2.686   42.933
  15.123    2.531   42.912
  14.516    1.254   42.857
  13.126    1.093   42.835
  12.292    2.204   42.867
  17.805    2.841   42.954
  18.411    4.118   43.008
  11.743    1.605   43.739
  11.764    1.672   41.940
  11.581    3.128   42.893
  18.939    4.650   43.935
  18.960    4.717   42.136
  19.065    3.691   43.000
  24.848   21.967   12.697
  24.103   23.091   12.629
  22.724   23.060   12.314
  21.952   24.226   12.243
  22.532   25.465   12.484
  25.592   20.843   12.766
  26.971   20.875   13.081
  21.601   25.613   13.213
  21.997   25.769   11.464
  23.006   26.511   12.685
  27.507   20.571   14.101
  27.902   20.726   12.352
  26.900   20.102   12.996
  32.146   43.801    4.512
  31.448   44.085    3.393
  30.714   43.096    2.695
  29.990   43.391    1.534
  29.973   44.685    1.029
  32.845   43.517    5.632
  33.579   44.506    6.329
  28.793   44.519    0.999
  30.244   44.147    0.000
  29.951   45.766    0.594
  33.308   45.043    7.358
  34.758   44.672    6.359
  33.745   43.902    6.796
  44.339   10.852   10.222
  45.443   10.104   10.434
  45.395    8.690   10.470
  46.540    7.914   10.690
  47.773    8.525   10.880
  43.235   11.599   10.010
  43.283   13.013    9.974
  48.139    7.748   10.054
  47.837    7.804   11.828
  48.814    9.024   11.042
  43.219   13.733    9.026
  42.917   13.790   10.800
  42.517   12.930    9.846
  40.974    4.044   46.112
  40.018    4.393   46.999
  39.217    3.430   47.656
  38.225    3.792   48.576
  37.999    5.131   48.870
  41.930    3.694   45.226
  42.731    4.657   44.568
  38.064    4.758   50.001
  36.859    4.849   48.666
  37.799    6.251   49.127
  43.871    4.939   44.772
  42.667    5.030   43.438
  43.044    4.020   44.243
  16.628   34.236   15.357
  17.485   35.117   15.915
  18.888   34.973   15.802
  19.777   35.887   16.381
  19.295   36.977   17.093
  15.771   33.355   14.799
  14.368   33.499   14.912
  20.051   37.594   16.410
  20.072   36.616   17.921
  18.903   37.897   17.694
  13.590   33.860   14.085
  13.611   32.882   15.596
  14.373   32.843   14.487
  22.746    6.221   29.438
  23.516    7.241   29.003
  24.051    8.206   29.888
  24.850    9.264   29.437
  25.141    9.394   28.085
  21.976    5.200   29.873
  21.441    4.235   28.988
  26.263    9.506   28.471
  24.793   10.522   28.252
  25.393    9.516   26.953
  21.788    3.107   28.821
  20.319    4.123   28.602
  21.143    3.948   29.650
  40.901   14.139    8.970
  40.858   15.019    9.993
  39.783   15.924   10.158
  39.738   16.837   11.219
  40.766   16.875   12.153
  40.945   13.259    7.947
  42.020   12.354    7.782
  39.874   16.833   12.943
  40.743   18.047   11.937
  41.621   16.919   12.944
  42.042   11.182    7.998
  42.911   12.396    6.992
  41.601   12.137    7.159
  39.614   31.242   28.549
  39.995   32.317   27.826
  39.108   32.981   26.946
  39.503   34.096   26.197
  40.798   34.586   26.301
  39.234   30.167   29.272
  40.121   29.503   30.152
  40.251   35.634   26.450
  40.769   34.550   25.110
  41.883   35.008   26.379
  40.150   29.539   31.343
  40.668   28.455   30.003
  39.494   29.053   30.274
  23.059    8.406    2.826
  23.761    7.473    3.503
  23.180    6.248    3.912
  23.908    5.280    4.614
  25.242    5.501    4.932
  22.357    9.340    2.149
  22.938   10.564    1.741
  25.398    4.415    4.468
  24.901    5.170    6.025
  26.362    5.674    5.206
  23.278   10.896    0.648
  22.782   11.651    2.205
  22.222   10.685    1.453
  20.573   14.309   33.173
  20.670   15.362   32.334
  19.726   15.592   31.305
  19.827   16.684   30.436
  20.875   17.587   30.565
  20.476   13.255   34.011
  21.420   13.026   35.040
  20.006   18.402   30.523
  20.998   17.412   29.393
  21.749   18.353   30.662
  21.296   13.201   36.212
  22.288   12.211   35.082
  20.961   12.409   35.178
  35.179   20.969   11.409
  34.249   20.095   11.849
  34.528   18.716   12.001
  33.564   17.810   12.457
  32.286   18.249   12.778
  36.109   21.844   10.969
  35.829   23.223   10.818
  32.468   17.635   13.783
  31.941   17.342   12.086
  31.209   18.605   13.050
  36.174   24.130   11.509
  35.648   23.837    9.813
  36.574   23.239   10.584
  11.369   11.045   19.391
  10.354   11.935   19.389
   9.007   11.537   19.216
   7.955   12.460   19.215
   8.212   13.815   19.385
  12.384   10.154   19.393
  13.731   10.553   19.565
   7.349   13.742   20.204
   7.520   13.934   18.422
   8.413   14.955   19.527
  14.422   10.433   20.528
  14.594   10.625   18.747
  13.855    9.785   19.494
  46.777   11.762   40.257
  45.856   10.777   40.202
  44.649   10.837   40.938
  43.694    9.814   40.881
  43.912    8.696   40.087
  47.698   12.748   40.312
  48.905   12.688   39.575
  42.811    8.924   39.690
  43.614    8.098   41.073
  44.082    7.752   39.424
  49.203   13.286   38.589
  50.005   12.460   39.972
  49.024   13.379   39.919
  12.958   33.957   40.088
  12.175   33.573   39.058
  11.237   34.449   38.462
  10.425   34.051   37.394
  10.522   32.762   36.883
  13.742   34.341   41.119
  14.680   33.465   41.714
  10.592   33.324   35.834
   9.336   32.767   36.996
  10.593   31.684   36.444
  15.866   33.460   41.601
  14.610   32.904   42.763
  14.819   34.090   42.163
  39.108   28.767   37.436
  38.983   27.694   36.626
  37.796   27.436   35.901
  37.666   26.323   35.061
  38.719   25.428   34.917
  39.233   29.840   38.245
  40.421   30.098   38.970
  38.514   25.576   33.752
  37.882   24.609   35.132
  39.595   24.670   34.786
  41.258   30.918   38.755
  40.626   29.950   40.135
  40.011   30.716   39.215
  10.826    9.353    9.340
  11.373    8.200    9.780
  12.736    7.886    9.564
  13.303    6.691   10.020
  12.528    5.766   10.709
  10.278   10.506    8.900
   8.916   10.820    9.116
  13.428    5.788   11.490
  12.998    4.991    9.935
  11.889    4.981   11.288
   8.446   11.595    9.890
   8.016   10.797    8.335
   9.114   11.468    8.729
  37.591   37.560    3.881
  37.665   36.236    3.628
  37.095   35.661    2.468
  37.171   34.288    2.206
  37.822   33.441    3.094
  37.517   38.884    4.134
  38.088   39.459    5.294
  38.372   33.047    2.114
  36.827   32.791    3.001
  38.364   32.719    3.832
  39.083   40.109    5.388
  37.538   39.853    6.274
  37.800   40.115    4.981
  34.228    8.219   27.504
  35.334    8.977   27.657
  35.414   10.298   27.155
  36.561   11.084   27.313
  37.670   10.578   27.980
  33.121    7.460   27.351
  33.042    6.140   27.853
  37.615   11.605   28.582
  38.262   10.974   27.025
  38.608   10.165   28.537
  32.449    5.743   28.808
  33.097    5.113   27.251
  32.327    6.177   27.540
  11.048   32.719   23.411
  11.903   31.910   22.749
  13.117   32.389   22.202
  14.003   31.551   21.515
  13.707   30.204   21.349
  10.194   33.527   24.074
   8.980   33.048   24.621
  14.816   30.044   21.753
  13.973   30.419   20.208
  13.470   29.072   21.204
   8.714   32.833   25.762
   7.870   33.208   24.217
   8.908   33.794   24.841
  41.703   11.920   29.678
  42.840   12.000   28.954
  43.616   10.857   28.649
  44.795   10.939   27.898
  45.239   12.168   27.425
  40.567   11.840   30.402
  39.790   12.983   30.707
  45.331   11.588   26.387
  46.278   11.828   27.899
  45.623   13.192   27.022
  38.751   13.323   30.233
  39.698   13.562   31.745
  39.346   12.453   31.070
   7.006   30.492   23.114
   7.733   31.464   22.524
   8.349   31.280   21.263
   9.102   32.288   20.651
   9.267   33.517   21.277
   6.279   29.520   23.705
   5.663   29.705   24.965
   8.937   33.954   20.218
  10.420   33.341   21.033
   9.413   34.554   21.791
   4.510   29.881   25.209
   5.993   29.268   26.024
   5.428   28.970   24.839
  46.261   16.584   19.941
  46.467   15.640   18.999
  45.441   14.755   18.588
  45.654   13.776   17.610
  46.900   13.646   17.009
  46.056   17.529   20.884
  47.081   18.413   21.295
  46.269   13.660   15.998
  46.764   12.493   17.276
  47.940   13.526   16.496
  47.217   19.567   21.028
  47.712   18.399   22.306
  46.516   18.683   21.761
  28.072   30.766    5.223
  27.907   32.102    5.313
  29.005   32.991    5.379
  28.834   34.378    5.472
  27.557   34.924    5.502
  28.238   29.429    5.133
  27.139   28.540    5.066
  27.984   35.641    4.651
  27.974   35.519    6.447
  26.491   35.396    5.529
  26.722   27.945    4.121
  26.712   27.823    5.917
  27.709   28.007    5.033
  35.176   15.901    3.286
  35.461   16.971    2.514
  34.867   18.236    2.738
  35.163   19.346    1.938
  36.063   19.231    0.886
  34.890   14.830    4.058
  35.484   13.565    3.834
  36.551   20.205    1.368
  35.201   19.767    0.261
  36.816   19.148   -0.001
  36.346   13.029    4.459
  34.996   12.591    3.352
  35.044   13.369    4.449
   1.222   23.875   45.196
   1.023   24.439   43.986
   1.515   25.728   43.669
   1.309   26.313   42.414
   0.603   25.631   41.431
   1.421   23.311   46.406
   0.929   22.022   46.722
   1.532   25.922   40.744
  -0.001   26.654   41.338
   0.012   25.069   40.597
   1.533   20.999   46.815
  -0.001   21.731   47.409
   1.268   22.177   47.408
  24.833   27.605   31.600
  25.913   27.031   31.027
  25.913   26.619   29.674
  27.033   26.024   29.080
  28.192   25.820   29.819
  23.754   28.179   32.173
  23.753   28.591   33.527
  28.722   26.338   28.886
  28.122   24.715   29.379
  29.171   25.643   30.427
  23.823   29.697   33.966
  23.222   28.073   34.460
  23.024   28.807   33.350
  30.575    8.530   14.766
  29.607    9.422   15.063
  29.886   10.796   15.255
  28.882   11.722   15.563
  27.562   11.306   15.690
  31.544    7.637   14.469
  31.264    6.263   14.278
  27.340   12.218   14.955
  27.604   11.920   16.711
  26.451   10.971   15.800
  31.222    5.650   13.257
  31.486    5.352   15.013
  32.035    6.233   14.157
  37.001   45.488    3.129
  37.118   44.188    2.782
  37.961   43.297    3.487
  38.083   41.950    3.128
  37.367   41.445    2.049
  36.883   46.787    3.476
  36.040   47.678    2.771
  37.062   40.589    2.819
  38.425   41.006    1.719
  36.772   41.009    1.146
  34.982   48.118    3.101
  36.345   48.535    2.001
  36.311   48.185    3.299
  35.572   36.558   39.322
  35.010   35.457   39.864
  35.480   34.154   39.570
  34.898   33.012   40.133
  33.826   33.131   41.008
  36.133   37.660   38.780
  35.664   38.963   39.073
  34.473   32.403   41.695
  33.330   32.304   40.308
  32.925   33.217   41.745
  36.160   39.790   39.773
  35.016   39.690   38.387
  36.239   39.165   38.585
  45.410    3.551   43.069
  46.326    4.466   43.453
  46.877    4.475   44.756
  47.826    5.424   45.154
  48.258    6.398   44.263
  44.495    2.635   42.685
  43.944    2.627   41.382
  49.343    6.052   44.612
  48.021    7.142   45.163
  48.629    7.221   43.525
  44.181    1.883   40.481
  42.859    2.973   41.033
  43.555    2.012   41.665
  36.615   38.787    8.651
  37.268   37.606    8.615
  36.616   36.398    8.269
  37.294   35.174    8.232
  38.647   35.113    8.539
  35.962   39.968    8.686
  36.614   41.175    9.032
  38.717   34.497    7.522
  38.312   34.220    9.254
  39.783   35.048    8.795
  36.949   42.068    8.317
  36.544   41.792   10.049
  35.901   41.470    8.912
  41.694   36.568   13.888
  41.107   37.073   14.994
  40.747   38.438   15.094
  40.138   38.962   16.241
  39.868   38.140   17.328
  42.281   36.062   12.782
  42.641   34.697   12.682
  38.783   38.628   17.262
  40.403   39.005   17.949
  39.637   37.462   18.248
  42.106   33.832   12.061
  43.727   34.210   12.748
  42.888   34.924   11.976
  20.883   39.259   23.774
  19.917   38.720   24.549
  19.986   38.748   25.962
  18.985   38.188   26.765
  17.879   37.581   26.183
  21.849   39.799   23.000
  21.780   39.771   21.587
  17.267   38.266   26.942
  18.137   36.690   26.931
  16.945   37.069   25.708
  21.521   40.662   20.839
  22.392   39.087   20.828
  22.461   40.147   21.653
  47.652   37.828   37.671
  47.678   38.838   38.567
  47.998   38.624   39.928
  48.025   39.671   40.857
  47.731   40.969   40.458
  47.627   36.818   36.775
  47.307   37.032   35.413
  48.740   41.235   41.033
  47.000   40.955   41.399
  47.488   42.063   40.136
  48.038   37.046   34.472
  46.298   36.765   34.838
  47.423   36.260   35.375
  36.094   30.055    9.348
  35.614   30.114    8.088
  36.215   29.405    7.021
  35.717   29.467    5.715
  34.599   30.241    5.428
  36.575   29.995   10.608
  35.973   30.704   11.675
  34.216   29.252    4.884
  35.280   30.664    4.546
  33.662   30.886    5.173
  35.292   30.281   12.557
  36.356   31.692   12.218
  36.548   30.368   12.082
  14.593   31.238   39.978
  13.595   31.058   40.869
  13.261   29.778   41.372
  12.225   29.591   42.295
  11.487   30.677   42.749
  15.591   31.419   39.088
  15.925   32.699   38.584
  11.718   30.219   43.824
  10.552   29.991   42.472
  10.859   31.579   43.138
  16.860   33.384   38.861
  15.694   33.156   37.509
  16.461   32.288   38.192
   8.720   41.250   40.306
   8.081   40.184   39.778
   6.829   39.743   40.268
   6.166   38.637   39.720
   6.732   37.934   38.664
   9.359   42.315   40.834
  10.612   42.756   40.344
   5.655   38.064   38.171
   6.493   36.983   39.340
   7.195   37.335   37.777
  10.850   43.708   39.668
  11.689   42.626   40.837
  10.522   43.293   40.905
  28.003   37.322   14.689
  27.603   36.286   13.921
  27.398   34.992   14.455
  26.982   33.918   13.659
  26.758   34.100   12.300
  28.404   38.358   15.457
  28.609   39.652   14.923
  25.728   33.547   12.529
  27.446   33.134   12.189
  26.566   34.239   11.158
  27.920   40.618   15.034
  29.639   40.205   14.695
  28.794   39.813   15.665
  11.832   21.044   35.834
  11.648   21.537   37.077
  12.732   21.784   37.953
  12.541   22.296   39.242
  11.261   22.577   39.702
  12.015   20.550   34.590
  10.932   20.303   33.714
  11.742   23.623   40.009
  11.604   21.948   40.653
  10.192   22.818   40.100
  10.588   20.932   32.763
  10.450   19.257   33.407
  11.507   20.073   33.239
  28.982   44.798   26.631
  28.066   45.410   25.852
  28.281   46.701   25.313
  27.331   47.336   24.504
  26.131   46.702   24.205
  29.899   44.186   27.411
  29.683   42.896   27.950
  26.402   47.003   23.084
  25.650   47.738   24.545
  25.120   46.182   23.947
  30.164   41.860   27.610
  29.412   42.595   29.071
  30.392   43.020   28.253
  27.160   46.268   10.708
  26.239   46.950   11.420
  25.228   46.294   12.162
  24.273   47.002   12.901
  24.293   48.391   12.924
  28.082   45.586    9.995
  29.093   46.242    9.253
  24.217   48.242   14.104
  23.135   48.283   12.666
  24.299   49.556   12.953
  30.251   46.350    9.511
  29.169   46.390    8.073
  29.294   45.507    9.080
  37.166    8.853   22.264
  35.958    8.751   22.859
  34.758    8.688   22.111
  33.505    8.583   22.728
  33.408    8.537   24.113
  38.374    8.954   21.670
  39.575    9.017   22.417
  32.714    7.592   23.902
  32.588    9.387   23.953
  33.312    8.498   25.274
  40.395    8.167   22.577
  40.269    9.962   22.628
  39.891    9.059   21.705
  12.775   44.950   42.542
  14.124   44.969   42.487
  14.908   43.889   42.958
  16.307   43.909   42.902
  16.971   45.008   42.372
  11.426   44.931   42.597
  10.641   46.010   42.126
  17.557   44.186   41.740
  17.613   44.939   43.373
  17.541   45.925   41.930
   9.999   46.079   41.124
  10.055   46.833   42.758
  10.057   45.548   42.359
  30.846   40.939    3.105
  32.070   41.221    3.597
  33.134   40.289    3.543
  34.404   40.583    4.054
  34.656   41.818    4.637
  29.621   40.656    2.612
  28.557   41.588    2.666
  35.606   41.818    3.919
  35.113   41.162    5.521
  34.881   42.851    5.130
  28.100   42.244    1.783
  27.607   41.588    3.385
  28.173   41.008    2.311
  28.279   10.030    2.683
  28.765    9.062    3.489
  30.120    9.037    3.898
  30.624    8.034    4.734
  29.792    7.020    5.191
  27.793   10.998    1.877
  26.438   11.023    1.468
  30.252    7.299    6.254
  30.668    6.307    4.811
  29.104    6.163    5.582
  25.562   11.736    1.848
  25.979   10.743    0.405
  26.674   11.667    1.094
  34.122   20.669   45.843
  33.423   19.533   45.638
  32.099   19.546   45.137
  31.375   18.367   44.924
  31.948   17.133   45.204
  34.821   21.806   46.049
  36.144   21.792   46.549
  31.565   16.853   44.111
  30.929   16.940   45.793
  32.416   16.090   45.435
  37.162   21.985   45.961
  36.526   22.072   47.643
  36.065   22.566   46.480
   5.156   45.753    3.401
   6.459   46.099    3.454
   6.876   47.402    3.816
   8.228   47.761    3.871
   9.212   46.829    3.566
   3.852   45.408    3.348
   3.435   44.105    2.985
   9.694   47.195    4.592
   9.632   47.696    2.864
  10.048   46.057    3.312
   3.016   43.238    3.687
   2.953   43.738    1.959
   2.728   44.414    3.100
  24.338   16.654   24.723
  24.303   17.130   25.985
  23.391   16.636   26.948
  23.354   17.129   28.258
  24.227   18.136   28.651
  24.374   16.178   23.460
  25.286   16.673   22.497
  24.441   17.411   29.572
  23.238   18.651   29.070
  24.954   18.980   28.995
  26.275   16.157   22.078
  25.071   17.398   21.576
  24.930   16.145   22.045
   6.429   41.824   25.490
   7.202   42.308   24.494
   6.728   43.282   23.583
   7.529   43.784   22.551
   8.833   43.329   22.392
   5.657   41.340   26.486
   6.130   40.366   27.396
   9.094   44.491   22.346
   8.506   43.186   21.255
   9.928   42.957   22.247
   6.457   40.510   28.533
   5.869   39.204   27.442
   5.411   40.445   27.690
  35.095   40.607   16.465
  34.746   40.054   17.646
  35.463   40.316   18.838
  35.101   39.743   20.063
  34.009   38.887   20.140
  35.444   41.160   15.284
  34.727   40.898   14.092
  33.696   39.580   21.057
  34.771   38.177   20.718
  33.095   38.168   20.218
  33.965   41.609   13.514
  35.041   40.206   13.175
  35.262   41.381   13.791
  37.974   26.373   42.816
  38.968   25.911   42.028
  39.623   24.684   42.289
  40.654   24.204   41.472
  41.066   24.935   40.365
  36.980   26.835   43.604
  36.325   28.062   43.343
  40.947   23.894   39.797
  42.155   24.756   40.815
  41.423   25.537   39.432
  35.237   28.241   42.892
  36.445   29.103   43.911
  35.926   27.864   43.984
  16.135   23.395   31.648
  16.877   24.513   31.796
  18.119   24.682   31.138
  18.888   25.841   31.292
  18.444   26.874   32.108
  15.393   22.277   31.500
  14.151   22.109   32.158
  18.697   27.555   31.164
  19.542   26.809   32.567
  18.082   27.748   32.790
  13.054   22.174   31.698
  13.898   21.428   33.102
  14.167   21.424   31.784
  29.566   20.077    4.600
  29.409   20.677    3.401
  29.245   19.935    2.207
  29.083   20.558    0.963
  29.079   21.944    0.869
  29.722   19.477    5.799
  29.886   20.218    6.993
  28.085   21.768    0.235
  29.869   21.757   -0.003
  29.074   23.106    0.776
  29.096   20.405    7.865
  30.880   20.394    7.627
  29.923   19.504    7.306
  26.887    3.230   19.345
  26.424    3.539   20.575
  26.888    4.670   21.288
  26.408    4.991   22.564
  25.448    4.192   23.172
  27.349    2.921   18.115
  26.886    1.790   17.402
  24.892    5.229   23.361
  26.193    4.229   24.101
  24.642    3.530   23.694
  26.141    1.752   16.473
  27.442    0.753   17.213
  27.392    2.052   16.868
  42.272   18.730   15.697
  41.559   19.871   15.810
  40.149   19.865   15.933
  39.409   21.048   16.050
  40.053   22.279   16.047
  42.985   17.589   15.585
  44.395   17.595   15.462
  39.392   22.480   17.018
  39.235   22.558   15.226
  40.581   23.319   16.046
  45.213   17.316   16.282
  45.055   17.394   14.490
  44.290   16.822   15.437
  12.151    4.211   39.785
  11.797    3.140   39.043
  12.215    1.829   39.373
  11.848    0.718   38.604
  11.051    0.879   37.478
  12.505    5.283   40.526
  12.087    6.594   40.197
  10.413   -0.003   37.964
  11.886    0.212   36.951
  10.381    1.000   36.531
  11.252    7.261   40.724
  12.725    7.476   39.711
  12.500    6.772   40.835
  16.463   41.533   21.923
  16.835   42.382   20.940
  16.646   43.780   21.046
  17.032   44.660   20.028
  17.619   44.172   18.867
  16.092   40.685   22.905
  16.280   39.286   22.799
  18.433   45.017   19.079
  16.807   44.855   18.324
  18.113   43.777   17.887
  17.092   38.604   23.341
  15.466   38.442   22.587
  15.950   39.296   23.507
  43.691   20.716   31.597
  42.599   20.403   32.326
  42.581   20.519   33.737
  41.448   20.194   34.493
  40.294   19.741   33.867
  44.783   21.030   30.867
  44.801   20.914   29.457
  39.761   20.571   34.536
  40.346   18.875   34.683
  39.318   19.361   33.353
  44.749   21.780   28.641
  45.333   20.084   28.788
  45.531   21.174   29.552
   6.067   34.339   43.862
   6.641   33.150   43.577
   8.021   33.034   43.289
   8.616   31.801   42.994
   7.852   30.642   42.975
   5.493   35.527   44.147
   4.113   35.644   44.434
   8.721   30.213   43.669
   8.378   30.467   41.921
   7.222   29.660   42.957
   3.587   35.819   45.489
   3.244   36.072   43.740
   4.300   36.398   44.507
  28.882   23.070   13.251
  28.452   23.752   12.168
  27.748   24.975   12.284
  27.302   25.683   11.161
  27.545   25.194    9.883
  29.311   22.387   14.333
  30.015   21.165   14.218
  27.939   26.299    9.676
  26.382   25.398    9.725
  27.742   24.795    8.805
  31.179   20.961   14.376
  29.622   20.059   14.425
  30.012   21.212   14.998
   5.122   29.522   11.764
   6.269   30.148   11.425
   6.348   31.556   11.305
   7.538   32.205   10.954
   8.691   31.469   10.709
   3.975   28.896   12.103
   3.896   27.488   12.222
   9.191   32.251   11.457
   8.745   32.128    9.718
   9.666   30.864   10.502
   3.842   26.830   13.214
   3.395   26.707   11.475
   3.153   27.652   12.402
  30.519    9.804   29.182
  31.125   10.308   30.278
  31.172   11.699   30.536
  31.800   12.222   31.673
  32.403   11.373   32.593
  29.914    9.299   28.086
  29.866    7.909   27.828
  31.777   12.002   33.388
  33.326   12.117   32.479
  32.912   10.671   33.373
  28.943    7.164   27.942
  30.492    7.280   27.033
  29.477    8.147   27.195
  13.587    7.281   36.809
  12.679    7.656   35.882
  11.459    8.279   36.236
  10.518    8.667   35.274
  10.763    8.445   33.925
  14.494    6.907   37.736
  15.714    6.284   37.382
  10.456    9.591   33.814
   9.667    7.978   33.936
  10.956    8.265   32.789
  16.810    6.751   37.371
  16.021    5.138   37.493
  15.819    6.291   38.156
  16.124   36.655   23.688
  17.151   36.404   22.849
  17.880   35.192   22.896
  18.946   34.933   22.026
  19.321   35.876   21.077
  15.096   36.905   24.527
  14.367   38.117   24.479
  19.272   34.951   20.328
  20.415   35.685   21.509
  19.646   36.659   20.276
  13.273   38.308   24.048
  14.416   39.042   25.229
  13.977   37.781   25.066
  20.350    1.545   11.333
  21.346    1.956   10.520
  21.164    2.097    9.123
  22.197    2.524    8.280
  23.449    2.825    8.803
  19.354    1.133   12.146
  19.536    0.993   13.542
  23.330    3.826    8.168
  23.841    2.117    7.929
  24.504    3.081    9.229
  19.143    1.701   14.417
  19.655   -0.008   14.178
  18.787    0.773   13.510
  30.388   10.084    7.173
  29.888   10.313    8.406
  28.498   10.301    8.666
  27.980   10.538    9.945
  28.835   10.797   11.009
  30.887    9.855    5.939
  32.277    9.867    5.679
  28.191    9.960   11.561
  28.108   11.721   11.200
  29.541   11.015   11.912
  33.005    8.943    5.488
  32.922   10.704    5.127
  32.035    9.707    4.954
  36.767    8.090   38.237
  35.537    7.742   37.803
  34.913    6.538   38.208
  33.637    6.177   37.758
  32.941    7.006   36.888
  37.998    8.438   38.671
  38.622    9.642   38.267
  32.050    6.857   37.665
  32.787    6.004   36.262
  32.345    7.693   36.157
  38.776   10.644   38.893
  39.513    9.791   37.490
  39.193    9.376   38.729
   3.659   21.537   18.122
   2.824   21.978   17.157
   1.540   22.493   17.453
   0.674   22.950   16.453
   1.061   22.908   15.119
   4.494   21.096   19.087
   5.778   20.581   18.790
   0.697   24.043   15.113
  -0.000   22.390   14.962
   1.374   22.878   13.996
   6.839   21.099   18.947
   6.142   19.447   18.796
   5.807   20.498   19.566
   7.553   37.880   14.268
   6.641   36.895   14.124
   5.252   37.159   14.079
   4.306   36.138   13.930
   4.716   34.815   13.822
   8.465   38.865   14.411
   9.854   38.600   14.457
   3.989   34.803   12.878
   3.898   34.627   14.667
   5.047   33.700   13.729
  10.673   38.788   13.612
  10.581   38.612   15.401
   9.891   39.377   14.535
  10.118    3.904   20.018
   9.453    4.970   20.511
   9.777    6.296   20.136
   9.087    7.401   20.646
   8.048    7.221   21.550
  10.784    2.838   19.525
  10.460    1.512   19.900
   7.456    7.951   20.817
   8.626    8.050   22.181
   7.173    7.084   22.310
   9.881    0.683   19.269
  11.051    0.783   20.634
  11.045    1.344   19.411
  27.762    5.729   32.922
  27.541    5.880   34.245
  26.677    5.020   34.964
  26.448    5.176   36.336
  27.074    6.199   37.038
  27.983    5.578   31.599
  28.847    6.438   30.880
  27.359    5.326   37.798
  25.974    6.419   37.442
  27.592    7.053   37.640
  29.947    6.218   30.477
  28.561    7.311   30.120
  28.637    5.978   30.285
  33.656   29.071   34.062
  32.517   28.661   34.661
  32.487   27.544   35.529
  31.307   27.119   36.150
  30.114   27.795   35.925
  34.794   29.481   33.463
  34.824   30.598   32.594
  30.033   27.782   37.113
  29.686   26.703   35.715
  29.106   28.354   35.744
  35.253   31.689   32.804
  34.906   30.611   31.405
  35.581   30.409   32.551
  18.451   30.878    7.986
  17.106   30.814    8.081
  16.436   29.625    8.453
  15.041   29.559    8.552
  14.266   30.680    8.283
  19.796   30.941    7.890
  20.467   32.131    7.519
  13.751   30.413    9.324
  13.651   29.929    7.593
  13.604   31.614    8.061
  21.082   32.882    8.210
  20.982   32.399    6.479
  21.096   31.678    7.609
  24.867   16.155    1.238
  25.386   15.276    2.122
  26.289   14.261    1.727
  26.828   13.350    2.643
  26.483   13.421    3.986
  24.347   17.034    0.355
  23.444   18.049    0.750
  27.661   13.368    4.158
  26.279   12.254    3.862
  26.202   13.470    5.117
  23.649   19.217    0.875
  22.266   18.103    0.579
  23.469   18.220   -0.011
  39.139   15.038    8.007
  38.427   14.130    8.708
  37.109   13.767    8.343
  36.371   12.826    9.070
  36.923   12.214   10.188
  39.852   15.945    7.306
  41.170   16.309    7.671
  36.548   11.212    9.665
  35.897   12.528   10.706
  37.375   11.694   11.129
  42.196   15.996    7.153
  41.545   17.311    8.194
  41.102   16.771    7.045
  33.555    4.707   39.703
  34.300    5.735   40.162
  35.713    5.728   40.090
  36.485    6.794   40.566
  35.872    7.906   41.131
  32.810    3.679   39.244
  31.397    3.686   39.316
  36.580    8.512   40.388
  36.659    7.732   42.009
  35.370    8.844   41.607
  30.610    3.859   38.438
  30.688    3.079   40.058
  31.482    2.988   38.976
  26.088   23.170   32.853
  27.271   22.977   32.231
  28.383   23.824   32.456
  29.609   23.624   31.811
  29.768   22.571   30.919
  24.905   23.362   33.474
  23.794   22.516   33.250
  30.752   22.352   31.555
  30.215   23.415   30.205
  29.915   21.692   30.168
  23.347   21.672   33.963
  22.810   22.735   32.613
  23.457   22.998   33.763
  29.241   25.491   33.934
  29.860   26.522   33.320
  31.020   26.337   32.531
  31.662   27.406   31.895
  31.167   28.697   32.024
  28.622   24.460   34.548
  27.461   24.645   35.337
  31.268   28.716   30.837
  32.297   28.964   32.293
  30.763   29.786   32.125
  26.331   24.378   35.069
  27.361   24.626   36.524
  27.526   23.871   35.423
  23.571    7.060    7.171
  22.618    6.315    7.771
  21.286    6.275    7.295
  20.298    5.503    7.917
  20.607    4.742    9.038
  24.523    7.804    6.571
  25.855    7.844    7.047
  20.059    3.871    8.437
  19.639    5.263    9.498
  20.852    4.099    9.980
  26.823    7.323    6.587
  26.403    8.715    7.648
  25.944    8.331    6.443
  37.413   36.181   48.068
  38.759   36.099   48.020
  39.579   37.251   47.967
  40.976   37.166   47.918
  41.602   35.926   47.919
  36.066   36.263   48.116
  35.246   35.111   48.168
  42.264   36.406   48.786
  42.198   36.371   46.988
  42.141   34.892   47.919
  34.651   34.665   49.100
  34.585   34.630   47.301
  34.677   35.646   48.179
   7.707   12.995   25.004
   7.950   11.671   25.099
   7.827   10.972   26.323
   8.079    9.598   26.422
   8.463    8.874   25.300
   7.464   14.320   24.909
   7.587   15.019   23.685
   7.599    8.129   25.645
   9.327    8.473   26.015
   8.785    8.255   24.366
   6.722   15.421   22.970
   8.450   15.764   23.339
   7.372   15.623   24.130
  39.720   47.344   46.716
  40.468   47.822   45.699
  39.986   48.817   44.816
  40.762   49.312   43.761
  42.048   48.829   43.552
  38.972   46.867   47.733
  39.454   45.872   48.616
  42.335   49.985   43.509
  41.679   48.706   42.425
  43.129   48.433   43.364
  39.824   45.995   49.742
  39.167   44.716   48.659
  38.747   45.964   48.936
  19.144   26.601   24.937
  20.252   27.371   24.964
  20.217   28.749   24.641
  21.366   29.547   24.669
  22.592   28.997   25.021
  18.035   25.832   24.910
  18.070   24.454   25.232
  22.655   29.933   25.756
  22.972   29.537   24.029
  23.628   28.548   25.314
  17.690   23.914   26.225
  18.008   23.518   24.498
  17.306   24.508   25.080
  15.361    2.087   12.849
  16.155    2.185   11.762
  17.142    3.192   11.643
  17.966    3.294   10.516
  17.831    2.393    9.467
  14.567    1.989   13.937
  13.579    0.982   14.056
  19.013    2.289    9.576
  17.810    3.377    8.795
  17.729    1.643    8.579
  13.600   -0.002   14.727
  12.397    1.086   13.947
  13.454    1.335   14.741
  32.468   44.343   22.888
  33.232   44.580   21.800
  32.830   44.187   20.502
  33.622   44.432   19.374
  34.845   45.079   19.504
  31.704   44.107   23.975
  32.106   44.500   25.274
  34.432   45.760   18.617
  35.248   44.172   18.846
  35.873   45.622   19.600
  31.702   45.407   25.933
  32.519   43.820   26.161
  31.422   44.176   25.468
  22.199   13.100   13.325
  20.967   12.586   13.120
  19.791   13.323   13.397
  18.514   12.790   13.184
  18.368   11.501   12.687
  23.430   13.614   13.531
  24.606   12.877   13.254
  17.621   12.022   11.918
  17.610   11.376   13.598
  18.230   10.421   12.270
  25.363   13.003   12.343
  25.353   12.356   14.023
  24.948   13.532   13.508
  40.150   30.513   46.919
  39.462   31.460   47.593
  39.759   31.788   48.937
  39.046   32.770   49.636
  38.011   33.458   49.015
  40.837   29.567   46.245
  40.540   29.238   44.901
  38.572   34.421   49.437
  37.405   33.172   50.001
  37.139   34.042   48.507
  41.147   29.524   43.916
  39.979   28.275   44.480
  41.129   28.735   45.006
  36.058   35.247   32.040
  35.993   36.145   31.035
  37.063   36.336   30.129
  36.996   37.268   29.087
  35.855   38.042   28.912
  36.123   34.348   33.046
  35.053   34.157   33.951
  35.942   37.682   27.780
  36.632   38.944   28.862
  34.904   38.698   28.755
  34.275   33.255   34.001
  34.966   34.516   35.084
  35.543   33.629   34.254
   1.761   37.551   12.803
   2.785   37.992   12.042
   2.807   39.298   11.498
   3.868   39.755   10.708
   4.946   38.922   10.434
   0.737   37.110   13.565
   0.715   35.804   14.109
   5.593   39.861   10.783
   4.754   39.261    9.308
   5.857   38.234   10.196
   0.907   35.466   15.235
   0.068   34.866   13.760
   0.032   36.050   14.397
  39.177   26.073   23.386
  38.486   26.472   22.298
  37.133   26.111   22.095
  36.415   26.524   20.966
  37.026   27.314   19.999
  39.869   25.674   24.475
  41.222   26.036   24.678
  36.051   27.989   20.122
  36.578   26.508   19.244
  37.526   27.977   19.181
  41.669   26.842   25.433
  42.196   25.361   24.556
  41.125   25.615   25.329
   6.247   36.162   31.222
   6.919   35.492   32.182
   6.764   35.795   33.556
   7.461   35.100   34.552
   8.337   34.077   34.209
   5.575   36.832   30.261
   5.729   36.529   28.888
   7.743   33.466   35.042
   9.089   34.656   34.931
   9.075   33.217   33.936
   4.978   35.951   28.167
   6.323   37.141   28.055
   5.211   37.108   28.811
  30.385   38.918   12.633
  31.129   38.372   13.619
  31.554   39.123   14.741
  32.325   38.557   15.763
  32.698   37.220   15.700
  29.642   39.463   11.647
  29.217   38.713   10.525
  32.283   37.186   16.816
  33.785   37.647   15.939
  33.019   36.100   15.660
  28.131   38.285   10.286
  29.633   38.747    9.409
  28.892   39.394   10.326
  13.327    7.449    6.515
  12.583    6.450    7.036
  11.655    6.672    8.081
  10.884    5.637    8.621
  11.013    4.341    8.137
  14.071    8.447    5.994
  14.999    8.225    4.949
   9.824    4.384    8.076
  11.112    4.058    9.290
  11.112    3.249    7.739
  14.900    8.508    3.796
  16.188    8.182    5.010
  15.115    8.993    5.032
  23.694   34.795   31.893
  23.641   34.550   30.566
  23.697   33.236   30.043
  23.642   32.982   28.668
  23.527   34.033   27.766
  23.748   35.040   33.219
  23.691   36.353   33.742
  22.643   33.376   27.313
  24.437   33.490   27.219
  23.432   34.905   26.998
  22.782   36.896   34.290
  24.576   37.010   34.196
  23.751   35.972   34.421
  28.627    3.476   24.211
  29.442    4.324   23.549
  30.246    5.272   24.225
  31.091    6.152   23.538
  31.163    6.115   22.151
  27.812    2.627   24.873
  27.007    1.679   24.198
  32.339    6.089   22.342
  31.004    7.292   22.241
  31.232    6.094   20.987
  27.166    0.502   24.107
  25.831    1.705   24.007
  26.791    1.501   24.927
  37.266   13.574   12.315
  38.104   12.723   12.943
  39.509   12.809   12.796
  40.379   11.926   13.448
  39.875   10.927   14.271
  36.427   14.425   11.686
  35.022   14.339   11.833
  40.679   11.341   15.047
  40.599   10.222   13.640
  39.465   10.084   14.965
  34.298   15.044   12.465
  34.218   13.925   11.057
  35.041   14.950   11.347
  38.702   27.877    9.079
  37.558   27.751    9.784
  37.019   26.487   10.120
  35.832   26.357   10.851
  35.142   27.487   11.272
  39.847   28.002    8.374
  40.386   29.266    8.037
  35.145   26.936   12.329
  34.202   26.931   10.796
  34.553   28.427   11.632
  41.326   29.823    8.514
  40.382   29.817    6.981
  40.935   28.824    7.701
  20.592    9.215   23.800
  19.597    8.417   24.243
  19.330    8.247   25.622
  18.297    7.420   26.082
  17.496    6.734   25.178
  21.587   10.012   23.357
  21.854   10.182   21.978
  16.603    7.190   25.823
  17.741    5.797   25.872
  16.815    6.152   24.431
  21.608   11.119   21.284
  22.747    9.726   21.333
  22.416   10.650   22.253
  45.904    8.648   32.832
  46.131    8.014   31.663
  45.086    7.423   30.914
  45.322    6.766   29.701
  46.612    6.675   29.193
  45.676    9.282   34.002
  46.722    9.872   34.751
  46.104    7.068   28.189
  46.344    5.520   29.075
  47.689    6.592   28.755
  46.989   11.027   34.869
  47.229    9.479   35.755
  46.132   10.055   35.230
   1.685   30.430   39.866
   2.230   31.330   40.712
   1.809   31.445   42.058
   2.375   32.378   42.935
   3.381   33.230   42.497
   1.140   29.530   39.020
   1.561   29.415   37.674
   3.941   32.864   43.484
   2.703   34.075   42.993
   4.227   33.950   42.143
   2.239   28.570   37.179
   1.002   29.781   36.688
   1.017   28.854   37.663
  33.576   14.490   21.078
  32.481   13.759   20.778
  32.122   13.459   19.443
  30.987   12.701   19.132
  30.171   12.215   20.145
  34.670   15.221   21.378
  35.029   15.521   22.714
  30.281   11.182   19.561
  29.295   12.687   19.488
  29.476   11.802   20.986
  35.904   15.049   23.371
  34.919   16.554   23.298
  35.619   15.890   22.360
  17.877   19.695   35.279
  18.937   19.190   35.945
  19.805   18.237   35.360
  20.904   17.713   36.050
  21.175   18.121   37.350
  16.817   20.201   34.613
  15.949   21.154   35.198
  22.278   18.283   36.931
  21.245   16.951   37.564
  21.413   18.456   38.441
  15.878   22.324   34.984
  14.845   20.992   35.617
  15.594   21.099   34.505
  44.872   23.741   47.895
  45.942   23.100   47.379
  47.081   23.798   46.914
  48.191   23.134   46.378
  48.201   21.747   46.289
  43.801   24.381   48.411
  42.662   23.683   48.877
  49.270   21.852   46.806
  48.538   21.952   45.165
  48.223   20.584   46.209
  42.325   23.479   50.002
  41.593   23.578   48.360
  42.413   24.407   49.032
  26.495    5.403   43.609
  27.115    4.492   44.390
  26.635    4.159   45.679
  27.278    3.215   46.488
  28.422    2.570   46.038
  25.876    6.314   42.828
  26.355    6.646   41.539
  27.846    1.585   46.384
  28.862    2.888   47.098
  29.384    2.020   45.672
  25.915    6.327   40.479
  26.931    7.630   41.193
  25.737    7.123   41.549
  38.979   38.049   37.729
  39.341   38.456   38.964
  38.386   38.785   39.955
  38.761   39.208   41.236
  40.105   39.317   41.571
  38.617   37.641   36.494
  39.572   37.312   35.503
  39.783   38.687   42.530
  39.785   40.396   41.965
  41.229   39.413   41.866
  39.891   36.233   35.110
  39.894   37.942   34.545
  38.929   37.173   35.081
  45.100    5.555   26.724
  46.420    5.325   26.885
  47.211    4.746   25.863
  48.580    4.507   26.030
  49.208    4.838   27.224
  43.780    5.786   26.563
  42.990    6.365   27.584
  50.001    5.367   26.510
  49.636    3.728   27.156
  49.748    5.111   28.222
  42.562    7.475   27.652
  42.196    5.835   28.299
  42.426    6.280   27.050
  13.945   41.771   35.547
  13.689   40.862   34.582
  14.724   40.226   33.856
  14.458   39.284   32.855
  13.147   38.944   32.545
  14.202   42.680   36.511
  13.167   43.315   37.237
  13.549   37.827   32.650
  13.499   39.144   31.424
  12.052   38.650   32.274
  12.816   43.116   38.358
  12.765   44.432   37.132
  13.772   43.665   37.587
   6.345   14.073   31.180
   7.255   14.965   31.628
   8.632   14.848   31.324
   9.576   15.772   31.788
   9.176   16.847   32.572
   5.435   13.182   30.733
   4.058   13.299   31.037
   9.822   17.483   31.799
  10.065   16.492   33.282
   8.854   17.753   33.231
   3.169   13.654   30.327
   3.412   12.663   31.810
   4.017   12.648   30.608
  46.284    8.435    6.328
  47.201    9.032    7.119
  48.582    9.011    6.813
  49.533    9.630    7.632
  49.137   10.292    8.788
  45.367    7.838    5.538
  43.985    7.858    5.844
  49.816   11.173    8.360
  50.001    9.648    9.297
  48.818   10.851    9.761
  43.122    8.503    5.335
  43.307    6.977    6.272
  43.941    7.446    5.182
   2.839   44.992   35.077
   2.781   46.232   35.607
   3.941   46.919   36.037
   3.880   48.206   36.587
   2.657   48.851   36.725
   2.898   43.752   34.548
   1.738   43.064   34.117
   3.222   49.757   36.196
   3.034   49.046   37.839
   1.638   49.404   36.848
   1.361   42.869   33.004
   1.173   42.159   34.647
   2.260   42.512   33.939
  41.845   19.175   42.566
  41.515   18.122   41.788
  41.975   16.813   42.063
  41.632   15.721   41.256
  40.818   15.900   40.144
  42.175   20.227   43.344
  41.716   21.537   43.069
  40.212   14.982   40.602
  41.667   15.279   39.585
  40.136   16.037   39.209
  40.867   22.159   43.628
  42.322   22.455   42.611
  42.130   21.703   43.710
  24.318   12.661   35.802
  23.734   12.478   37.006
  22.851   11.401   37.255
  22.246   11.210   38.503
  22.503   12.090   39.547
  24.901   12.845   34.599
  25.784   13.922   34.350
  22.705   11.092   40.166
  21.315   12.112   39.648
  22.709   12.821   40.431
  26.971   13.900   34.249
  25.582   14.920   33.731
  25.810   13.597   33.640
  24.768   33.578    2.104
  25.433   32.450    1.777
  25.009   31.608    0.721
  25.699   30.438    0.382
  26.838   30.068    1.086
  24.103   34.706    2.431
  24.527   35.548    3.487
  27.312   29.945   -0.000
  26.294   29.010    1.153
  27.795   29.745    1.669
  25.071   36.606    3.420
  24.053   35.671    4.573
  23.900   35.960    3.268
  25.543   17.762    5.716
  25.939   17.099    6.824
  26.094   17.750    8.071
  26.505   17.063    9.220
  26.775   15.702    9.163
  25.147   18.424    4.608
  24.992   17.773    3.361
  26.065   15.653   10.118
  27.783   16.010    9.718
  27.005   14.559    9.129
  23.984   17.465    2.806
  25.702   17.822    2.405
  24.789   18.492    3.132
   8.194   41.491   14.759
   8.196   41.596   13.413
   7.562   40.639   12.585
   7.564   40.748   11.190
   8.199   41.818   10.572
   8.193   41.385   16.105
   8.826   42.343   16.933
   7.171   41.916    9.977
   8.699   40.968    9.904
   8.728   42.712   10.040
   8.326   43.193   17.601
   9.854   42.245   17.528
   8.561   41.873   17.498
  21.089   43.633   43.602
  21.555   44.877   43.363
  22.268   45.198   42.184
  22.751   46.488   41.936
  22.538   47.504   42.860
  20.624   42.388   43.840
  19.910   42.067   45.019
  22.161   48.114   41.907
  23.707   47.693   42.728
  22.366   48.367   43.626
  18.741   41.879   45.151
  20.287   41.458   45.972
  19.893   41.360   44.689
  38.086    9.660    9.405
  36.912    9.004    9.528
  36.555    7.938    8.668
  35.338    7.258    8.796
  34.435    7.620    9.787
  39.260   10.316    9.282
  39.617   11.381   10.142
  34.422    6.451   10.020
  33.650    7.621    8.891
  33.667    7.913   10.615
  40.402   11.380   11.039
  39.630   12.550    9.909
  40.261   11.381    9.701
  36.791   14.530   41.038
  35.650   13.826   40.882
  35.623   12.413   40.967
  34.439   11.683   40.805
  33.241   12.339   40.552
  37.932   15.234   41.195
  37.959   16.647   41.110
  32.831   11.657   41.438
  33.143   11.544   39.669
  32.228   12.877   40.339
  38.057   17.441   41.992
  38.369   17.329   40.223
  38.719   16.534   41.251
  25.847   40.175    7.150
  25.818   38.890    7.561
  26.742   38.383    8.506
  26.711   37.050    8.932
  25.756   36.176    8.430
  25.876   41.460    6.739
  24.952   41.967    5.794
  25.576   35.918    9.579
  26.693   35.464    8.243
  24.959   35.432    8.016
  24.015   42.679    5.982
  25.132   42.225    4.645
  25.357   42.625    5.910
  45.784    9.417   13.405
  46.780    9.586   14.301
  47.842   10.495   14.079
  48.875   10.669   15.008
  48.883    9.942   16.191
  44.788    9.249   12.510
  43.726    8.340   12.731
  49.065   11.007   16.693
  50.010    9.705   15.886
  48.902    9.338   17.189
  42.599    8.577   13.036
  43.544    7.275   12.229
  43.495    8.605   12.034
  44.856   28.840   46.255
  44.148   29.946   46.565
  44.774   31.186   46.836
  44.040   32.334   47.157
  42.653   32.283   47.219
  45.564   27.733   45.945
  44.938   26.493   45.674
  42.717   33.250   46.525
  42.810   32.821   48.270
  41.489   32.254   47.274
  44.781   25.955   44.623
  44.875   25.527   46.368
  45.678   26.262   45.578
  18.936    7.605   19.209
  18.064    6.579   19.304
  18.494    5.243   19.489
  17.589    4.179   19.588
  16.222    4.412   19.503
  19.808    8.631   19.115
  19.378    9.966   18.929
  16.180    3.750   20.493
  16.252    3.525   18.709
  15.072    4.594   19.434
  19.349   10.854   19.724
  19.420   10.628   17.939
  20.147   10.103   18.942
  34.066   31.303   44.206
  34.793   32.391   43.871
  35.410   33.209   44.847
  36.164   34.337   44.500
  36.328   34.686   43.165
  33.339   30.216   44.540
  32.722   29.398   43.565
  37.481   34.750   43.458
  35.999   35.767   43.542
  36.473   34.990   42.049
  33.051   28.316   43.187
  31.569   29.334   43.272
  32.488   29.004   44.197
  10.324   44.901   30.818
  10.876   45.252   29.636
  10.088   45.533   28.495
  10.661   45.897   27.270
  12.041   45.992   27.143
   9.772   44.550   31.999
  10.560   44.269   33.140
  11.793   47.051   26.655
  11.868   45.317   26.176
  13.198   46.075   27.022
  10.733   44.943   34.107
  10.808   43.210   33.628
   9.858   44.149   33.463
  34.881   13.112   45.359
  34.364   12.014   44.768
  35.083   11.275   43.799
  34.547   10.136   43.186
  33.272    9.696   43.520
  35.398   14.210   45.951
  34.679   14.949   46.919
  33.810    8.640   43.641
  33.114    9.669   42.339
  32.204    9.316   43.791
  34.838   14.976   48.100
  34.141   16.006   46.798
  35.328   15.383   46.915
   4.240   40.235   38.914
   4.650   40.778   37.747
   3.898   40.647   36.555
   4.322   41.210   35.346
   5.513   41.923   35.285
   3.831   39.692   40.080
   4.583   39.823   41.273
   4.843   42.742   34.737
   5.731   41.227   34.343
   6.510   42.524   35.220
   4.365   40.519   42.215
   5.253   39.004   41.821
   3.993   39.401   41.564
  13.228   12.414   47.634
  14.065   11.451   48.075
  15.466   11.645   48.136
  16.334   10.647   48.593
  15.833    9.418   49.005
  12.390   13.377   47.193
  10.990   13.182   47.133
  16.515    9.609   49.964
  16.675    8.980   48.285
  15.426    8.383   49.355
  10.148   13.621   47.853
  10.308   12.992   46.174
  11.008   13.914   46.860
  38.617   15.784   33.885
  39.180   16.573   34.824
  40.440   16.276   35.396
  41.024   17.095   36.370
  40.369   18.239   36.807
  38.054   14.994   32.945
  36.793   15.291   32.374
  41.419   18.762   36.600
  40.608   17.805   37.891
  39.830   19.202   37.184
  36.554   15.725   31.290
  35.743   14.767   32.581
  36.938   14.634   31.977
  48.520   25.959   37.473
  48.660   27.294   37.329
  47.550   28.171   37.341
  47.695   29.555   37.192
  48.957   30.112   37.025
  48.380   24.624   37.617
  49.490   23.747   37.605
  48.603   30.850   37.892
  48.444   30.674   36.107
  50.010   30.593   36.884
  50.003   23.186   38.522
  49.844   23.010   36.738
  48.933   23.210   37.707
  34.806   47.427   12.182
  34.424   47.734   13.440
  34.682   49.002   14.014
  34.286   49.320   15.318
  33.618   48.383   16.095
  35.189   47.120   10.924
  34.931   45.852   10.351
  32.856   49.278   16.289
  34.432   48.674   16.915
  33.056   47.605   16.759
  34.117   45.560    9.531
  35.693   44.957   10.157
  35.296   46.173    9.740
  18.347   25.675   38.562
  17.266   24.874   38.443
  17.379   23.465   38.385
  16.258   22.635   38.262
  14.984   23.185   38.193
  19.428   26.475   38.680
  19.315   27.884   38.738
  14.734   22.385   39.040
  14.868   22.470   37.247
  13.909   23.633   38.134
  19.431   28.600   39.684
  19.565   28.684   37.891
  20.092   27.838   38.794
  22.211    4.769   13.703
  22.998    5.819   14.023
  24.325    5.648   14.483
  25.141    6.736   14.816
  24.659    8.033   14.699
  21.425    3.720   13.382
  20.097    3.891   12.922
  25.679    8.221   14.111
  25.081    8.151   15.808
  24.267    9.128   14.606
  19.676    3.774   11.813
  19.078    3.704   13.510
  20.119    3.111   12.897
  13.269   45.188   11.361
  13.838   46.372   11.051
  15.212   46.626   11.278
  15.803   47.853   10.956
  15.041   48.871   10.396
  12.699   44.004   11.672
  11.325   43.751   11.445
  15.928   48.920    9.601
  15.542   49.538   11.247
  14.414   49.734    9.925
  10.825   43.084   10.593
  10.439   43.702   12.240
  11.512   43.056   11.749
  20.320   31.516   40.030
  19.379   30.781   39.401
  18.639   31.288   38.307
  17.663   30.525   37.654
  17.391   29.229   38.073
  21.262   32.251   40.659
  22.001   31.744   41.754
  17.507   28.969   36.916
  16.258   29.597   38.050
  17.154   28.139   38.414
  23.134   31.376   41.777
  21.886   32.004   42.911
  22.329   32.452   41.723
  43.353    7.946   44.326
  42.734    8.791   45.177
  41.427    8.544   45.660
  40.784    9.421   46.543
  41.425   10.575   46.973
  43.973    7.101   43.475
  45.280    7.349   42.992
  41.092   10.201   48.055
  40.405   11.104   46.657
  41.952   11.548   47.343
  46.300    6.820   43.308
  45.613    7.723   41.911
  45.155    6.674   42.618
  13.387   10.396   10.018
  14.124    9.348   10.443
  15.039    8.681    9.595
  15.803    7.594   10.036
  15.680    7.136   11.342
  12.651   11.444    9.592
  11.736   12.112   10.441
  16.870    7.198   11.338
  15.566    6.071   10.820
  15.586    6.741   12.435
  11.850   13.177   10.963
  10.546   12.050   10.444
  11.619   12.542    9.800
  11.149   46.989   34.807
  10.223   46.887   35.784
   9.972   47.943   36.692
   9.011   47.838   37.705
   8.269   46.673   37.847
  12.075   47.090   33.830
  12.327   46.034   32.923
   7.342   47.421   37.876
   8.591   46.761   38.991
   7.638   45.700   37.978
  12.005   45.945   31.779
  13.254   45.285   32.894
  12.848   46.542   32.640
  41.597   16.015   21.300
  41.372   15.985   19.969
  42.380   16.309   19.030
  42.147   16.278   17.650
  40.897   15.921   17.160
  41.822   16.045   22.631
  40.814   15.721   23.569
  41.526   15.187   16.461
  41.014   16.912   16.509
  39.853   15.622   16.734
  40.698   14.729   24.220
  40.186   16.454   24.267
  41.386   15.876   24.078
  12.969   33.767    8.670
  13.479   33.755    7.420
  12.816   34.372    6.333
  13.346   34.359    5.037
  14.558   33.729    4.782
  12.458   33.779    9.920
  13.121   33.162   11.007
  14.826   34.752    4.234
  13.954   33.215    3.893
  15.573   33.204    4.554
  13.724   33.676   11.897
  12.853   32.138   11.555
  12.500   33.427   11.399
  47.665   13.374   24.890
  47.254   12.170   25.343
  46.494   11.287   24.541
  46.067   10.039   25.010
  46.386    9.629   26.299
  48.077   14.577   24.438
  48.837   15.460   25.240
  46.740    8.630   25.754
  45.223    9.380   26.368
  46.647    9.273   27.378
  50.001   15.710   25.171
  48.483   16.459   25.785
  48.798   15.906   24.600
  36.806   13.954    0.613
  37.115   12.644    0.721
  36.170   11.625    0.453
  36.491   10.267    0.565
  37.768    9.879    0.950
  36.497   15.263    0.504
  37.442   16.282    0.773
  37.697    9.165   -0.001
  37.183    9.187    1.724
  38.836    9.539    1.272
  38.027   16.974   -0.001
  37.513   16.996    1.724
  36.839   16.742    0.587
  45.901   34.510    7.998
  45.642   33.190    7.873
  44.327   32.696    7.708
  44.059   31.328    7.579
  45.098   30.405    7.610
  46.159   35.829    8.123
  47.474   36.323    8.288
  44.581   29.986    6.622
  44.408   29.851    8.408
  45.960   29.620    7.635
  48.164   36.878    7.490
  47.990   36.743    9.277
  47.100   37.009    8.303
  33.090   14.929   34.909
  34.148   15.757   34.779
  35.479   15.278   34.775
  36.577   16.137   34.641
  36.382   17.505   34.505
  32.031   14.101   35.039
  30.700   14.580   35.043
  37.126   17.388   33.581
  37.198   17.576   35.370
  36.233   18.656   34.390
  29.883   14.510   34.177
  29.956   14.698   35.966
  30.539   13.821   35.129
  38.148   25.675   26.974
  37.271   26.696   26.876
  37.178   27.496   25.712
  36.269   28.555   25.610
  35.419   28.853   26.668
  39.025   24.653   27.072
  39.118   23.854   28.236
  34.577   28.842   25.825
  35.811   29.966   26.499
  34.701   29.114   27.549
  38.726   22.741   28.405
  39.960   23.865   29.079
  39.672   23.496   27.818
  47.900   33.016   35.502
  47.808   32.662   36.801
  46.734   31.881   37.291
  46.638   31.513   38.638
  47.613   31.913   39.544
  47.993   33.371   34.202
  49.066   34.152   33.712
  47.613   30.763   39.854
  46.678   32.262   40.196
  48.423   32.243   40.315
  50.001   33.803   33.060
  49.066   35.302   33.403
  48.681   34.066   33.038
  15.021   19.358   32.138
  15.925   20.300   32.482
  17.291   20.193   32.129
  18.228   21.170   32.485
  17.833   22.288   33.208
  14.117   18.416   31.794
  12.751   18.523   32.148
  18.430   22.883   32.365
  18.759   22.006   33.903
  17.515   23.232   33.815
  11.825   18.805   31.453
  12.154   17.928   32.990
  12.709   17.842   31.768
  25.317   22.148   22.410
  25.444   23.485   22.542
  26.709   24.118   22.584
  26.841   25.505   22.722
  25.712   26.309   22.823
  25.189   20.810   22.277
  23.924   20.178   22.235
  26.250   26.947   21.973
  26.282   26.767   23.764
  24.773   26.995   22.909
  23.354   19.720   21.294
  23.386   19.539   23.085
  24.366   19.537   22.163
  33.692   41.437   31.502
  33.491   41.172   32.810
  34.359   41.659   33.816
  34.150   41.384   35.173
  33.066   40.612   35.572
  33.894   41.702   30.194
  33.026   41.215   29.187
  32.883   41.502   36.343
  33.887   40.016   36.197
  32.161   39.966   35.921
  32.205   41.812   28.563
  33.209   40.326   28.416
  33.523   41.597   28.722
  30.500   46.344   24.038
  30.449   47.054   25.185
  31.576   47.745   25.689
  31.523   48.481   26.879
  30.342   48.552   27.607
  30.550   45.634   22.891
  29.423   44.943   22.386
  30.559   49.724   27.597
  31.043   48.259   28.525
  29.357   48.620   28.227
  28.723   45.236   21.468
  29.206   43.771   22.395
  29.927   44.751   21.821
  34.868   21.557   26.122
  35.318   20.920   27.224
  34.471   20.624   28.317
  34.938   19.963   29.460
  36.269   19.576   29.550
  34.418   22.193   25.020
  35.266   22.490   23.926
  35.807   18.525   29.867
  36.217   20.110   30.615
  37.384   19.246   29.639
  35.318   21.957   22.862
  35.728   23.542   23.610
  34.608   22.797   23.637
  23.934   44.132   46.215
  22.730   44.612   46.596
  21.520   43.978   46.228
  20.272   44.475   46.623
  20.190   45.624   47.399
  25.137   43.652   45.834
  26.347   44.286   46.202
  19.466   44.961   48.073
  19.394   45.964   46.580
  20.108   46.588   48.050
  27.144   43.947   47.020
  27.072   44.950   45.527
  26.656   43.698   45.792
  10.569   15.202   18.719
  10.551   15.372   17.380
  10.814   16.627   16.780
  10.795   16.803   15.391
  10.512   15.732   14.553
  10.587   15.032   20.058
  10.324   13.777   20.658
  11.494   16.089   13.980
   9.742   16.493   14.055
  10.276   14.841   13.838
  11.094   13.017   21.156
   9.342   13.420   21.231
  10.446   14.185   21.313
  34.016   13.111   30.633
  34.660   11.928   30.537
  36.070   11.848   30.443
  36.738   10.621   30.343
  36.021    9.432   30.335
  33.372   14.293   30.729
  31.962   14.373   30.824
  36.803    9.105   31.173
  36.687    9.187   29.378
  35.431    8.426   30.327
  31.296   14.618   31.781
  31.180   14.700   29.986
  32.114   15.139   30.849
  39.293    5.274   39.365
  39.801    6.035   40.358
  41.193    6.119   40.600
  41.720    6.907   41.630
  40.875    7.640   42.454
  38.784    4.514   38.372
  37.393    4.430   38.129
  41.619    8.536   42.202
  41.507    7.138   43.331
  40.176    8.260   43.153
  36.761    4.932   37.253
  36.649    3.534   38.381
  37.629    3.951   37.559
  18.028   30.537    5.103
  18.195   31.873    5.194
  18.298   32.532    6.442
  18.472   33.918    6.537
  18.547   34.695    5.387
  17.860   29.200    5.011
  17.757   28.541    3.763
  19.519   35.143    5.911
  17.733   35.364    5.943
  18.613   35.358    4.431
  18.571   27.871    3.208
  16.785   28.092    3.239
  17.687   27.912    4.221
   6.583    5.401   39.047
   7.656    5.535   38.239
   8.338    6.767   38.096
   9.452    6.905   37.258
   9.923    5.817   36.534
   5.509    5.268   39.854
   4.827    4.036   39.997
  10.977    6.138   36.987
   9.894    6.579   35.619
  10.329    4.912   35.921
   4.856    3.274   40.913
   3.772    3.715   39.545
   4.386    4.459   40.484
  26.540   22.729   29.497
  26.810   21.606   28.799
  28.136   21.201   28.514
  28.417   20.036   27.791
  27.382   19.233   27.327
  26.269   23.853   30.195
  24.943   24.258   30.480
  28.013   18.355   27.826
  27.970   19.296   26.293
  26.522   18.551   26.931
  24.354   24.195   31.514
  24.312   25.136   29.981
  25.313   24.848   30.833
  31.188   15.423   37.638
  30.836   14.232   38.166
  31.635   13.075   38.006
  31.270   11.839   38.554
  30.092   11.717   39.281
  31.541   16.615   37.110
  30.742   17.772   37.270
  30.795   11.184   40.082
  29.905   10.778   38.571
  29.107   11.600   39.893
  30.929   18.711   37.979
  30.038   18.304   36.469
  31.313   18.095   36.846
   8.220   38.228   21.641
   7.604   37.479   20.702
   8.232   36.361   20.103
   7.593   35.584   19.130
   6.303   35.896   18.721
   8.836   38.978   22.579
   8.208   40.095   23.178
   6.100   34.738   18.915
   6.766   35.804   17.627
   5.220   36.147   18.368
   7.744   40.187   24.272
   8.410   41.253   22.984
   8.886   40.136   23.563
   1.423   12.264   13.498
   2.115   11.107   13.554
   1.478    9.861   13.766
   2.195    8.661   13.825
   3.576    8.662   13.673
   0.731   13.422   13.441
   1.368   14.667   13.229
   3.360    7.795   12.885
   3.556    7.999   14.662
   4.736    8.650   13.547
   1.389   15.331   12.239
   1.584   15.534   14.017
   0.635   14.931   13.279
  43.679    9.718   20.985
  43.696   11.067   20.946
  42.508   11.829   20.847
  42.526   13.229   20.807
  43.732   13.916   20.864
  43.662    8.368   21.024
  44.850    7.606   21.123
  43.183   14.547   21.713
  43.298   14.494   19.917
  44.737   14.505   20.912
  45.284    7.027   22.070
  45.399    6.974   20.275
  44.343    7.011   21.108
  36.811    6.720   30.480
  35.585    6.191   30.677
  34.740    6.625   31.726
  33.469    6.076   31.931
  32.996    5.073   31.094
  38.037    7.249   30.283
  38.882    6.815   29.234
  32.027    5.763   31.028
  32.739    4.520   32.117
  32.588    4.231   30.399
  39.139    7.368   28.211
  39.851    6.125   29.300
  39.359    7.354   29.538
  47.015   12.674   20.490
  46.359   13.030   21.615
  45.072   12.529   21.923
  44.392   12.898   23.089
  44.974   13.781   23.990
  47.671   12.318   19.365
  48.958   12.819   19.057
  44.672   12.955   24.795
  43.925   14.340   23.921
  45.452   14.521   24.754
  50.008   12.259   19.126
  49.260   13.644   18.252
  48.865   12.370   18.425
  11.432   28.506   28.594
  11.068   27.246   28.271
  12.018   26.259   27.917
  11.641   24.953   27.582
  10.300   24.588   27.588
  11.796   29.765   28.917
  10.846   30.752   29.271
  10.689   23.666   28.236
  10.548   24.150   26.508
   9.179   24.268   27.590
  10.598   31.190   30.351
  10.457   31.674   28.623
  11.488   31.192   29.342
  17.239   31.360   49.243
  16.703   30.137   49.043
  15.333   29.871   49.280
  14.777   28.603   49.074
  15.571   27.556   48.623
  17.775   32.583   49.442
  19.144   32.849   49.205
  14.696   27.406   47.828
  15.077   26.962   49.530
  16.226   26.668   48.245
  19.639   33.443   48.298
  20.019   32.999   50.000
  18.936   33.565   49.438
  12.117   10.976   13.061
  10.835   11.387   12.963
  10.497   12.722   12.637
   9.167   13.147   12.536
   8.127   12.253   12.757
  13.400   10.566   13.158
  13.737    9.231   13.484
   7.712   12.683   11.726
   7.715   13.110   13.475
   7.245   11.512   12.940
  14.149    8.374   12.766
  14.153    8.801   14.515
  14.464    9.510   13.414
  31.742   21.171    2.884
  32.187   21.428    4.132
  31.759   22.562    4.863
  32.222   22.828    6.157
  33.128   21.970    6.767
  31.296   20.914    1.636
  31.724   19.781    0.905
  32.363   22.019    7.679
  33.727   22.975    6.996
  33.889   21.258    7.291
  31.125   18.776    0.677
  32.489   19.731   -0.007
  31.244   20.079    0.366
  47.417   45.308   30.867
  46.411   45.234   31.764
  45.873   46.385   32.385
  44.830   46.308   33.315
  44.287   45.075   33.658
  48.424   45.383   29.970
  48.962   44.232   29.349
  43.249   45.618   33.441
  44.449   45.460   34.774
  43.823   44.047   33.954
  48.801   43.846   28.233
  50.000   43.689   29.565
  49.418   44.762   29.001
  41.910   48.231   15.552
  40.878   47.446   15.929
  39.984   47.824   16.958
  38.915   47.009   17.349
  38.701   45.787   16.724
  42.941   49.017   15.176
  43.835   48.639   14.146
  37.580   46.181   16.626
  38.638   45.375   17.840
  38.510   44.759   16.207
  43.898   49.051   13.030
  44.955   48.245   14.243
  44.159   49.327   14.320
  19.621   42.062   39.654
  19.142   40.801   39.705
  19.997   39.674   39.742
  19.500   38.366   39.795
  18.129   38.139   39.813
  20.101   43.323   39.602
  19.245   44.449   39.565
  18.389   37.435   40.738
  18.378   37.366   38.940
  16.981   37.934   39.828
  18.997   45.222   40.438
  18.985   45.153   38.639
  19.926   44.832   39.546
   9.023   36.028   36.809
   9.865   36.977   36.347
  11.253   36.946   36.620
  12.126   37.930   36.142
  11.641   38.982   35.374
   8.182   35.078   37.270
   6.793   35.110   36.997
  12.535   38.688   34.642
  12.264   39.654   36.136
  11.248   39.870   34.728
   6.171   34.438   36.235
   5.900   35.404   37.729
   6.803   34.455   37.423
  27.835    2.339   27.597
  26.575    1.864   27.692
  26.304    0.491   27.903
  24.997   -0.001   28.002
  23.914    0.862   27.893
  29.095    2.813   27.501
  29.366    4.186   27.290
  23.550    0.323   28.891
  23.516    0.056   27.111
  22.996    1.576   27.803
  29.764    4.993   28.072
  29.730    4.726   26.292
  30.105    3.935   27.314
  37.745   43.567   44.806
  36.860   44.480   45.259
  35.966   44.197   46.319
  35.048   45.144   46.789
  34.991   46.408   46.215
  38.630   42.654   44.353
  39.524   42.938   43.293
  35.039   46.781   47.346
  33.821   46.188   46.161
  34.932   47.472   45.743
  40.694   43.158   43.348
  39.476   42.565   42.162
  39.750   42.202   43.429
  30.398   22.567   23.993
  31.167   23.481   24.625
  32.573   23.350   24.705
  33.370   24.297   25.360
  32.789   25.408   25.957
  29.630   21.654   23.362
  28.223   21.785   23.281
  33.626   26.007   25.355
  33.452   25.090   26.894
  32.314   26.346   26.462
  27.560   22.104   22.344
  27.387   21.187   23.883
  28.290   21.113   22.889
  18.947   15.490   18.622
  18.366   16.292   19.539
  18.998   16.611   20.765
  18.396   17.442   21.716
  17.139   17.984   21.476
  19.529   14.688   17.704
  18.896   14.369   16.479
  17.662   19.006   21.798
  16.896   17.570   22.567
  16.085   18.446   21.288
  19.140   14.784   15.388
  18.374   13.348   16.158
  19.553   13.960   16.369
  35.662   42.371   17.651
  34.436   42.166   18.179
  34.199   42.235   19.573
  32.928   42.022   20.120
  31.849   41.734   19.294
  36.887   42.576   17.124
  37.125   42.508   15.730
  31.311   42.597   19.913
  31.668   40.839   20.060
  30.935   41.491   18.611
  37.306   43.402   14.964
  37.664   41.644   15.111
  37.854   42.675   15.954
  18.529   12.217   40.839
  18.857   10.933   40.582
  17.948   10.034   39.973
  18.288    8.703   39.706
  19.549    8.222   40.038
  18.201   13.501   41.097
  19.109   14.399   41.706
  19.546    7.815   38.918
  18.934    7.333   40.541
  20.603    7.805   40.312
  19.723   15.288   41.203
  19.112   14.806   42.826
  18.509   14.893   41.626
  22.030   17.967   48.933
  21.337   16.992   48.307
  19.962   16.771   48.556
  19.243   15.760   47.906
  19.874   14.935   46.984
  22.723   18.942   49.559
  24.098   19.163   49.310
  18.942   15.209   46.295
  19.365   14.060   47.614
  20.392   14.234   46.209
  24.607   20.037   48.680
  25.030   18.888   50.000
  23.993   19.730   49.838
  19.110    9.097   47.906
  19.558    7.826   47.835
  20.084    7.152   48.963
  20.548    5.833   48.890
  20.503    5.141   47.686
  18.663   10.369   47.976
  18.137   11.043   46.848
  19.995    4.289   48.345
  21.641    4.891   47.937
  20.471    4.549   46.682
  16.999   11.293   46.598
  18.645   11.895   46.189
  18.053   11.621   47.366
  44.155   45.912   13.180
  45.466   46.043   13.476
  46.477   45.461   12.676
  47.836   45.597   12.982
  48.232   46.320   14.100
  42.844   45.780   12.885
  41.833   46.363   13.685
  48.970   46.855   13.332
  48.896   45.357   14.328
  48.579   46.925   15.036
  41.170   47.326   13.458
  41.095   45.828   14.453
  41.368   46.031   13.152
  20.362   18.705   46.164
  21.326   17.764   46.247
  22.433   17.745   45.366
  23.433   16.769   45.451
  23.361   15.776   46.420
  19.398   19.647   46.082
  18.291   19.666   46.963
  24.489   16.090   46.640
  23.566   15.045   45.502
  23.313   14.938   47.229
  18.086   20.396   47.882
  17.162   19.352   46.743
  18.100   20.294   46.540
  39.733   12.659   21.829
  40.383   12.755   20.650
  40.188   13.848   19.772
  40.862   13.947   18.549
  41.756   12.958   18.160
  39.083   12.563   23.008
  39.278   11.470   23.886
  42.482   13.878   17.949
  41.144   12.988   17.138
  42.509   12.134   17.821
  39.890   11.439   24.908
  38.552   10.549   24.097
  38.757   11.861   24.317
  37.559   31.323   30.171
  38.368   32.229   30.760
  37.860   33.391   31.389
  38.699   34.331   31.999
  40.076   34.142   32.003
  36.750   30.417   29.582
  37.257   29.256   28.953
  39.973   34.370   33.168
  40.100   35.268   31.613
  41.233   33.996   32.013
  37.233   28.130   29.343
  37.360   29.027   27.788
  36.499   29.127   28.817
  29.529   15.476   40.121
  28.808   14.911   39.129
  28.870   13.524   38.854
  28.123   12.938   37.825
  27.287   13.718   37.035
  30.249   16.041   41.113
  30.187   17.427   41.389
  26.482   12.875   37.283
  27.837   13.164   36.134
  26.582   14.361   36.365
  29.637   17.981   42.290
  30.992   18.270   41.141
  30.700   17.231   41.945
  15.138    9.010   37.672
  14.585    9.127   38.898
  15.119    9.993   39.882
  14.545   10.114   41.153
  13.417    9.374   41.486
  15.692    8.893   36.446
  15.158    8.028   35.462
  12.996   10.426   41.856
  14.047    9.094   42.458
  12.470    8.759   41.778
  14.528    8.308   34.490
  15.579    6.976   35.091
  15.754    8.309   35.043
   5.895    1.645   22.315
   6.219    2.689   23.107
   6.712    2.509   24.421
   7.047    3.593   25.242
   6.901    4.894   24.778
   5.572    0.600   21.523
   5.078    0.780   20.209
   8.017    5.023   25.176
   6.334    5.060   25.813
   6.783    5.992   24.402
   5.645    0.613   19.174
   3.962    0.651   19.811
   5.065   -0.001   20.221
   6.028   44.618    5.760
   6.447   45.243    6.881
   6.549   46.652    6.960
   6.984   47.300    8.122
   7.333   46.562    9.246
   5.608   43.992    4.639
   5.506   42.583    4.560
   6.615   47.328    9.811
   8.315   47.237    9.225
   7.629   45.955   10.197
   4.524   41.908    4.582
   6.224   41.818    3.995
   5.265   42.748    3.836
   3.566   30.282   36.790
   3.529   29.974   35.476
   3.059   30.890   34.505
   3.020   30.571   33.142
   3.451   29.326   32.702
   3.603   30.589   38.104
   4.072   29.674   39.076
   4.081   29.965   31.919
   2.413   29.319   32.117
   3.809   28.284   32.319
   5.110   29.681   39.661
   3.442   29.035   39.859
   3.902   30.263   39.559
  46.421   30.560   25.535
  45.148   30.978   25.365
  44.044   30.114   25.556
  42.724   30.547   25.379
  42.462   31.859   25.005
  47.693   30.142   25.705
  48.798   31.006   25.514
  41.694   31.828   25.915
  41.768   31.349   24.182
  42.228   32.958   24.692
  49.492   31.516   26.337
  49.567   31.037   24.604
  49.198   30.364   25.709
  32.728   46.471   35.750
  33.873   46.956   36.276
  33.948   48.251   36.844
  35.135   48.754   37.389
  36.289   47.981   37.387
  31.584   45.986   35.224
  31.508   44.692   34.657
  36.339   48.285   38.538
  36.790   48.962   36.933
  37.265   47.343   37.391
  31.008   43.710   35.111
  31.459   44.388   33.506
  30.766   44.903   34.538
  33.820   38.109   18.091
  34.918   37.325   18.048
  36.194   37.839   17.715
  37.333   37.026   17.671
  37.237   35.671   17.959
  32.721   38.893   18.133
  31.446   38.379   18.467
  38.160   35.891   18.680
  37.845   35.544   16.942
  37.171   34.531   18.199
  30.838   38.505   19.484
  30.523   38.158   17.746
  31.235   39.123   18.356
  12.822   33.308   43.980
  11.943   33.486   42.971
  10.941   34.484   43.017
  10.029   34.669   41.970
  10.088   33.863   40.840
  13.701   33.130   44.989
  14.703   32.132   44.943
  10.047   34.901   40.257
   8.919   33.732   41.032
  10.125   33.193   39.886
  15.872   32.262   44.751
  14.744   31.094   45.527
  14.879   32.427   45.644
   3.871   19.421   29.064
   4.901   20.061   28.470
   6.069   19.380   28.055
   7.136   20.044   27.439
   7.074   21.414   27.217
   2.842   18.780   29.657
   1.674   19.462   30.073
   7.407   21.119   26.112
   8.153   21.414   27.723
   7.034   22.564   27.025
   0.595   19.462   29.567
   1.340   19.757   31.179
   1.465   18.744   30.301
  28.653   10.954   46.873
  28.751   12.132   46.220
  29.448   12.254   44.995
  29.550   13.475   44.318
  28.959   14.618   44.843
  28.554    9.776   47.525
  27.858    9.654   48.751
  28.513   14.734   43.744
  30.028   15.105   44.642
  28.468   15.585   45.272
  26.789    9.166   48.952
  28.304    9.537   49.850
  28.081    8.909   48.681
  30.414   41.921   13.271
  29.889   42.742   14.205
  28.496   42.974   14.302
  27.951   43.825   15.271
  28.780   44.475   16.178
  30.939   41.101   12.337
  32.332   40.869   12.239
  28.012   44.051   16.985
  28.163   45.440   15.850
  29.463   45.026   16.945
  32.948   39.903   12.567
  33.100   41.292   11.432
  32.107   40.411   11.648
  34.327   22.240   37.831
  34.398   23.128   38.845
  35.442   23.094   39.800
  35.516   24.016   40.852
  34.548   25.003   40.986
  34.256   21.351   36.817
  33.212   21.385   35.862
  35.488   25.729   41.084
  34.508   24.628   42.117
  33.742   25.837   41.111
  33.252   21.760   34.732
  32.272   20.659   35.765
  33.599   20.771   35.575
  38.437   40.749   45.646
  37.613   41.308   46.558
  36.205   41.205   46.461
  35.352   41.785   47.406
  35.875   42.490   48.483
  39.260   40.189   44.734
  40.668   40.293   44.831
  35.135   41.808   49.122
  35.091   43.324   48.152
  36.302   43.084   49.392
  41.452   39.459   45.163
  41.408   40.974   44.193
  40.638   39.871   44.174
  44.646   44.923   26.627
  44.191   46.189   26.517
  44.774   47.121   25.625
  44.302   48.434   25.512
  43.231   48.862   26.285
  45.101   43.656   26.736
  44.519   42.725   27.628
  42.806   49.259   25.245
  43.947   49.781   26.536
  42.332   49.235   26.929
  43.802   41.806   27.378
  44.943   42.328   28.668
  45.069   42.257   27.331
  38.810   28.628   41.942
  37.516   28.788   41.592
  36.888   30.056   41.602
  35.546   30.222   41.239
  34.785   29.126   40.853
  40.104   28.468   42.292
  40.733   27.200   42.281
  34.495   29.819   39.927
  34.000   29.559   41.638
  34.134   28.215   40.526
  41.518   26.767   41.496
  41.022   26.508   43.207
  41.345   27.620   42.522
  37.134   32.871   10.531
  37.735   33.377   11.629
  38.734   32.664   12.333
  39.357   33.189   13.472
  39.004   34.445   13.947
  36.533   32.365    9.434
  35.533   33.078    8.730
  40.181   34.630   13.955
  38.915   33.882   14.993
  38.717   35.499   14.356
  35.622   33.642    7.683
  34.356   32.894    8.722
  35.543   32.439    8.281
  41.067   21.646    2.302
  41.129   20.689    3.252
  39.996   19.927    3.624
  40.060   18.934    4.609
  41.260   18.667    5.256
  41.004   22.604    1.353
  42.138   23.366    0.981
  41.004   17.535    4.984
  40.598   18.756    6.243
  42.260   18.432    5.807
  42.800   23.276   -0.006
  42.393   24.497    1.252
  41.623   23.696    0.494
  25.816   25.470   44.792
  25.337   25.521   46.053
  23.953   25.633   46.326
  23.457   25.686   47.634
  24.327   25.628   48.716
  26.295   25.420   43.531
  27.679   25.308   43.258
  23.577   24.788   49.107
  23.719   26.583   49.089
  25.046   25.581   49.633
  28.287   24.353   42.885
  28.428   26.147   42.866
  27.426   25.320   42.519
  48.917    8.626   27.672
  49.009    8.966   28.975
  48.780    8.031   30.012
  48.876    8.383   31.363
  49.203    9.684   31.726
  48.825    8.286   26.368
  49.053    9.222   25.331
  50.001    9.147   32.431
  48.255    9.585   32.440
  49.478   10.771   32.045
  50.002    9.320   24.617
  48.256    9.758   24.626
  48.896    8.602   24.882
  15.927   10.497   30.431
  15.234   11.283   29.581
  13.948   11.780   29.898
  13.229   12.595   29.016
  13.771   12.943   27.784
  16.620    9.710   31.282
  17.907    9.213   30.965
  13.461   14.047   28.106
  12.713   12.587   27.365
  14.214   13.241   26.748
  18.964    9.569   31.384
  18.217    8.108   30.644
  17.839    8.889   31.672
  44.412   41.555   39.223
  44.922   40.962   38.122
  46.068   41.465   37.462
  46.597   40.850   36.321
  45.999   39.710   35.799
  43.902   42.148   40.323
  42.756   41.645   40.983
  47.110   39.280   35.810
  46.060   40.307   34.770
  45.506   38.753   35.350
  42.694   41.048   42.012
  41.644   42.075   40.972
  42.888   42.255   41.452
  27.034   33.802   31.277
  25.958   32.990   31.211
  25.063   32.841   32.297
  23.947   31.999   32.229
  23.686   31.274   31.073
  28.110   34.615   31.342
  29.005   34.764   30.256
  22.588   31.721   31.196
  23.580   30.358   31.827
  23.455   30.661   30.108
  29.111   35.680   29.502
  30.102   34.317   30.133
  29.359   35.251   30.753
  16.845   20.473   40.115
  16.025   19.704   40.862
  15.377   20.201   42.018
  14.526   19.403   42.792
  14.292   18.080   42.438
  17.666   21.243   39.369
  18.313   20.746   38.213
  13.148   18.381   42.576
  14.548   17.865   43.582
  14.087   16.968   42.152
  18.058   20.961   37.069
  19.458   20.445   38.075
  18.598   21.473   38.190
  46.784   13.771   28.799
  45.620   14.370   29.129
  44.369   13.737   28.934
  43.162   14.358   29.277
  43.163   15.634   29.827
  47.948   13.172   28.469
  49.199   13.805   28.664
  42.445   15.142   30.641
  42.342   15.853   28.991
  43.149   16.704   30.289
  50.019   13.585   29.500
  49.916   14.297   27.849
  49.464   13.136   28.359
  36.774    3.146   46.282
  37.497    4.154   45.751
  38.791    3.949   45.217
  39.542    4.995   44.666
  39.024    6.283   44.629
  36.050    2.137   46.813
  34.756    2.343   47.347
  39.358    6.245   43.486
  40.077    6.580   45.102
  38.602    7.370   44.592
  33.703    2.046   46.874
  34.422    2.381   48.490
  34.806    1.576   47.483
  48.096   31.093    5.572
  47.155   32.058    5.489
  47.022   32.878    4.344
  46.046   33.879    4.257
  45.169   34.094    5.312
  49.036   30.128    5.656
  49.169   29.307    6.801
  44.338   34.049    4.459
  45.488   35.234    5.175
  44.425   34.285    6.190
  48.849   28.168    6.938
  50.000   29.352    7.654
  49.750   28.998    6.380
  37.269    4.261   14.721
  38.185    5.243   14.578
  37.839    6.611   14.678
  38.789    7.629   14.529
  40.119    7.314   14.276
  36.353    3.280   14.865
  36.699    1.911   14.765
  40.333    8.071   15.172
  40.007    8.117   13.402
  41.238    7.064   14.063
  36.811    1.109   15.639
  36.484    1.155   13.870
  35.936    1.818   14.904
  30.755    3.014   36.191
  29.560    2.631   36.687
  28.711    3.529   37.377
  27.472    3.131   37.891
  27.036    1.821   37.735
  31.951    3.398   35.694
  32.800    2.499   35.005
  26.034    2.337   37.351
  26.823    1.890   38.906
  26.659    0.725   37.611
  33.013    2.431   33.834
  33.802    1.983   35.389
  33.254    3.133   34.956
  12.103   26.325   41.331
  13.126   26.656   42.146
  13.172   26.243   43.499
  14.233   26.587   44.345
  15.287   27.357   43.868
  11.080   25.993   40.515
  11.034   26.406   39.163
  15.960   26.507   44.362
  15.087   28.003   44.849
  16.177   28.002   43.481
  11.234   25.760   38.182
  10.361   27.256   38.669
  10.361   26.010   39.175
  37.972    4.624   23.397
  38.297    3.435   23.949
  39.441    3.276   24.766
  39.779    2.043   25.338
  38.984    0.926   25.113
  37.646    5.812   22.846
  36.502    5.972   22.028
  39.039    0.809   26.298
  40.021    0.404   24.844
  38.326   -0.019   24.932
  35.465    6.494   22.297
  36.447    6.088   20.844
  36.759    6.708   21.996
  39.975   26.793   32.645
  40.828   25.879   32.138
  41.866   25.309   32.913
  42.751   24.361   32.386
  42.629   23.948   31.065
  39.121   27.708   33.153
  38.084   28.277   32.378
  42.689   22.856   31.538
  43.798   24.176   31.023
  42.538   23.592   29.958
  36.915   28.049   32.421
  38.024   29.370   31.906
  37.939   28.658   33.044
  20.190   36.736   35.675
  20.056   38.052   35.943
  19.021   38.548   36.770
  18.883   39.913   37.048
  19.775   40.831   36.509
  20.323   35.419   35.407
  21.359   34.924   34.579
  19.846   41.225   37.631
  18.784   41.411   36.190
  20.516   41.612   36.063
  22.350   34.344   34.898
  21.287   34.530   33.457
  21.018   34.240   34.743
  35.566   47.662   23.664
  36.653   47.424   22.899
  36.695   46.363   21.964
  37.823   46.117   21.172
  38.948   46.923   21.286
  34.478   47.899   24.428
  34.436   48.960   25.363
  38.870   46.977   20.099
  39.525   45.883   21.369
  39.900   47.592   21.372
  33.860   50.000   25.280
  34.514   48.906   26.551
  33.719   48.679   25.490
  22.835    0.424    8.967
  23.953    0.751    9.650
  24.411   -0.013   10.749
  25.570    0.326   11.457
  26.313    1.442   11.092
  21.718    0.097    8.285
  21.259    0.862    7.186
  27.231    0.684   11.137
  26.252    1.702   12.253
  26.945    2.376   10.795
  21.320    0.602    6.024
  20.341    1.620    7.140
  20.695    0.322    7.182
  10.907    0.508   29.956
  11.194    0.745   31.254
  10.328    0.343   32.298
  10.625    0.589   33.644
  11.799    1.245   33.993
  10.620    0.271   28.658
  11.486    0.673   27.613
  11.927    0.338   34.755
  11.072    1.919   34.655
  12.780    1.795   34.300
  12.213   -0.000   26.951
  11.358    1.581   26.852
  10.931    0.346   27.171
  28.102   18.536    8.510
  28.138   18.224    7.197
  27.361   18.919    6.239
  27.398   18.595    4.878
  28.214   17.565    4.425
  28.066   18.848    9.823
  28.842   18.153   10.780
  28.570   18.374    3.626
  27.225   17.203    3.867
  28.893   16.703    4.031
  29.831   18.516   11.338
  28.486   17.345   11.579
  28.494   18.653   11.269
  14.261   44.749   46.452
  13.130   45.434   46.721
  11.847   44.872   46.522
  10.674   45.583   46.801
  10.742   46.882   47.290
  15.392   44.063   46.182
  16.676   44.625   46.381
   9.974   46.476   48.107
   9.958   47.111   46.423
  10.785   47.972   47.701
  17.460   44.396   47.249
  17.443   45.031   45.565
  16.906   43.927   46.116
  36.392   21.968    6.586
  37.196   21.823    7.660
  37.625   22.930    8.430
  38.459   22.781    9.545
  38.894   21.518    9.929
  35.588   22.112    5.511
  35.159   21.005    4.741
  38.521   21.861   11.008
  39.966   22.037    9.950
  39.266   20.465   10.262
  34.087   20.486    4.720
  35.532   20.663    3.662
  34.794   21.564    4.335
  24.633   12.564   43.082
  23.572   11.786   42.781
  23.721   10.512   42.183
  22.620    9.705   41.871
  21.331   10.143   42.145
  25.694   13.342   43.383
  25.545   14.616   43.980
  21.212    9.069   42.648
  21.122    9.824   41.016
  20.243   10.499   42.370
  25.754   14.935   45.109
  25.663   15.690   43.478
  26.325   14.611   43.935
   9.419   29.284   27.692
   8.336   28.697   28.243
   8.347   28.196   29.566
   7.223   27.587   30.138
   6.049   27.457   29.407
  10.503   29.871   27.140
  10.492   30.372   25.817
   5.544   27.923   30.381
   6.100   26.324   29.771
   5.057   27.342   28.805
  10.441   31.505   25.453
  10.997   29.906   24.843
  11.229   30.560   25.996
  19.468   18.367   19.458
  18.457   18.330   18.565
  18.394   17.354   17.542
  17.344   17.316   16.616
  16.321   18.253   16.679
  20.480   18.404   20.351
  20.543   19.380   21.373
  15.615   17.295   16.610
  16.543   18.382   15.515
  15.455   19.034   16.720
  20.321   19.251   22.537
  21.248   20.338   21.442
  21.200   18.998   21.551
  29.536   35.498   24.989
  30.168   36.492   25.648
  29.467   37.429   26.444
  30.122   38.460   27.127
  31.503   38.592   27.039
  28.905   34.503   24.330
  29.606   33.567   23.534
  31.442   38.657   28.227
  31.248   39.730   26.794
  32.661   38.714   26.973
  29.861   32.429   23.778
  29.667   33.501   22.346
  28.887   33.285   23.420
  18.798   27.489   22.946
  19.988   26.865   22.820
  21.215   27.548   22.994
  22.450   26.901   22.863
  22.501   25.548   22.554
  17.607   28.113   23.072
  16.380   27.430   22.899
  23.254   25.499   23.477
  23.279   25.900   21.722
  22.559   24.412   22.295
  15.603   27.077   23.730
  15.628   27.479   21.976
  16.087   28.136   23.056
  18.794   28.353   10.425
  20.129   28.193   10.299
  20.695   27.385    9.285
  22.079   27.219    9.154
  22.946   27.856   10.033
  17.460   28.513   10.551
  16.894   29.321   11.566
  23.500   28.198    9.034
  23.433   26.773   10.133
  23.685   28.385   10.764
  16.407   30.404   11.466
  16.340   28.980   12.564
  16.227   29.093   11.228
   4.793   26.352   26.515
   3.541   26.858   26.511
   2.471   26.206   25.853
   1.173   26.730   25.849
   0.898   27.925   26.503
   6.045   25.847   26.518
   7.115   26.499   27.176
  -0.000   27.306   26.982
   0.372   28.216   25.474
   0.654   28.927   27.048
   7.641   26.207   28.205
   8.013   27.118   26.697
   7.515   25.886   26.904
   2.822   23.061   20.864
   4.168   23.155   20.892
   4.991   22.048   21.206
   6.387   22.145   21.235
   7.011   23.354   20.951
   1.476   22.967   20.835
   0.653   24.075   20.521
   7.674   22.690   20.216
   7.607   23.135   21.959
   7.547   24.362   20.714
   0.057   24.294   19.512
  -0.011   24.739   21.255
   0.085   23.550   20.633
  24.929   13.191   28.071
  23.703   12.673   28.295
  22.680   13.415   28.931
  21.408   12.877   29.163
  21.115   11.578   28.768
  26.155   13.710   27.847
  27.179   12.968   27.211
  20.152   12.082   28.280
  20.703   11.471   29.881
  20.855   10.489   28.442
  27.591   13.074   26.098
  28.142   12.463   27.699
  27.581   13.627   27.324
  10.871   28.747    8.362
  11.060   28.385    7.075
  10.000   28.366    6.138
  10.196   27.991    4.804
  11.459   27.622    4.358
  10.682   29.108    9.649
  11.742   29.127   10.586
  11.232   28.393    3.479
  10.883   26.681    3.909
  12.514   27.310    3.972
  12.318   30.069   11.036
  11.969   28.356   11.466
  11.173   29.364   11.066
   3.767   32.215   48.180
   2.940   32.854   47.325
   2.687   34.243   47.424
   1.830   34.905   46.537
   1.196   34.203   45.520
   4.593   31.575   49.035
   4.846   30.187   48.937
   1.609   35.084   44.832
   0.220   34.752   45.927
   0.657   33.626   44.662
   5.823   29.638   48.530
   4.433   29.306   49.625
   5.299   30.333   49.556
  16.715   28.390   27.958
  16.089   27.336   28.523
  16.789   26.367   29.281
  16.140   25.274   29.868
  14.768   25.111   29.718
  17.340   29.444   27.392
  16.641   30.413   26.634
  14.788   24.966   30.900
  15.066   23.999   29.407
  13.618   24.962   29.600
  16.344   31.525   26.945
  16.622   30.558   25.452
  17.355   30.722   26.568
   9.728   18.957   23.664
   9.937   17.665   23.992
  11.102   17.243   24.676
  11.319   15.903   25.016
  10.378   14.935   24.684
   9.519   20.250   23.336
   8.354   20.672   22.652
  10.494   14.617   25.827
  11.323   14.352   24.252
   9.597   14.113   24.412
   7.410   21.255   23.085
   8.239   20.990   21.510
   8.699   21.370   22.716
  17.953   25.039   42.568
  19.054   25.419   43.252
  19.389   26.781   43.436
  20.530   27.175   44.145
  21.377   26.220   44.694
  16.853   24.659   41.885
  16.517   23.297   41.700
  21.273   26.883   45.679
  22.230   26.855   44.154
  22.097   25.430   45.160
  15.665   22.663   42.240
  16.622   22.634   40.716
  15.913   23.608   41.315
  14.849   11.492    3.516
  16.058   11.848    3.031
  16.785   12.942    3.559
  18.038   13.311    3.056
  18.609   12.601    2.008
  13.641   11.135    4.001
  12.914   10.042    3.473
  19.568   12.582    2.714
  18.770   13.682    1.534
  19.100   12.013    1.128
  12.752    8.960    3.947
  11.954   10.061    2.766
  12.400   10.257    4.021
  10.610   23.008   33.540
   9.269   22.968   33.690
   8.551   21.749   33.701
   7.160   21.708   33.857
   6.438   22.885   34.007
  11.951   23.047   33.389
  12.669   24.267   33.379
   5.954   22.317   34.936
   5.751   22.420   33.151
   5.819   23.865   34.134
  13.355   24.731   34.235
  13.152   24.835   32.449
  13.276   23.785   33.282
  32.395   15.895    6.625
  31.076   15.626    6.530
  30.118   16.641    6.298
  28.750   16.361    6.200
  28.291   15.056    6.329
  33.715   16.165    6.720
  34.673   15.150    6.952
  27.699   15.302    5.325
  27.522   15.540    7.100
  27.892   13.965    6.435
  35.442   14.666    6.181
  35.265   14.904    7.956
  35.166   15.755    6.920
   7.011   25.661   33.298
   6.083   25.383   32.357
   4.991   26.246   32.103
   4.029   25.958   31.127
   4.125   24.797   30.370
   7.938   25.939   34.239
   9.030   25.076   34.493
   3.963   25.538   29.451
   2.983   24.657   30.677
   4.194   23.826   29.728
  10.173   25.215   34.186
   9.193   24.335   35.412
   9.202   25.623   35.023
   8.170   38.892   36.265
   8.868   38.794   37.416
  10.209   39.236   37.520
  10.933   39.135   38.714
  10.342   38.589   39.847
   7.472   38.989   35.114
   6.132   38.548   35.010
  10.761   39.569   40.379
  11.337   37.935   39.892
   9.858   38.132   40.805
   5.136   39.202   34.965
   5.712   37.568   34.477
   6.218   38.798   34.275
  30.769    7.684    2.289
  30.029    6.640    2.719
  28.728    6.810    3.249
  27.960    5.727    3.694
  28.466    4.435    3.626
  31.509    8.728    1.860
  32.810    8.557    1.330
  27.419    4.191    3.113
  28.115    4.377    4.763
  28.879    3.346    3.574
  33.162    8.616    0.193
  33.858    8.801    1.842
  32.768    9.334    1.260
  41.175    3.643   18.718
  41.565    4.141   19.911
  41.995    5.481   20.059
  42.400    5.998   21.296
  42.389    5.193   22.428
  40.784    3.145   17.526
  40.354    1.805   17.377
  41.805    6.110   22.916
  43.498    5.604   22.573
  42.385    4.528   23.387
  39.245    1.393   17.233
  40.938    0.888   16.890
  40.270    2.027   16.633
  25.085   14.049   24.887
  26.163   14.622   25.463
  26.071   15.837   26.184
  27.188   16.431   26.782
  28.438   15.833   26.680
  24.007   13.475   24.310
  24.100   12.261   23.589
  28.470   16.000   27.859
  28.788   16.922   26.346
  29.493   15.342   26.602
  23.749   11.172   23.922
  24.067   12.094   22.410
  23.333   12.380   23.500
  23.443    8.933   11.182
  22.148    8.941   10.800
  21.521    7.797   10.252
  20.178    7.805    9.856
  19.415    8.958    9.994
  24.738    8.925   11.564
  25.365   10.069   12.112
  18.632    8.221   10.510
  19.123    8.744    8.858
  18.762    9.918   10.104
  25.657   10.283   13.248
  26.147   10.806   11.597
  25.979    9.587   12.142
  12.115   42.319    8.579
  11.228   41.675    7.790
  10.288   42.372    6.995
   9.368   41.705    6.177
   9.356   40.317    6.125
  13.001   42.962    9.368
  13.942   42.265   10.163
   9.365   40.490    4.946
   8.186   40.450    6.305
   9.335   39.152    6.072
  15.112   42.132    9.983
  13.933   42.091   11.342
  14.149   42.990   10.365
  40.020   32.793   10.553
  39.828   34.077   10.922
  40.821   35.068   10.735
  40.621   36.400   11.118
  39.423   36.788   11.703
  40.212   31.509   10.183
  39.220   30.518   10.371
  39.458   37.658   10.889
  40.133   37.291   12.517
  38.421   37.128   12.195
  38.509   30.015    9.557
  39.184   29.648   11.185
  39.763   30.063   10.043
  36.923   42.888   36.150
  38.217   42.847   36.532
  39.145   41.956   35.942
  40.487   41.914   36.338
  40.949   42.760   37.339
  35.629   42.929   35.767
  34.700   43.819   36.357
  41.814   43.002   36.556
  41.409   41.759   37.794
  41.349   43.464   38.178
  34.240   44.820   35.903
  33.835   43.577   37.140
  34.212   43.476   35.853
   3.515    0.922   24.162
   2.758    1.665   23.327
   1.671    1.113   22.609
   0.886    1.883   21.743
   1.160    3.234   21.564
   4.272    0.179   24.997
   5.359    0.731   25.715
  -0.006    3.364   21.768
   1.099    2.959   20.406
   1.379    4.368   21.404
   5.421    1.005   26.873
   6.526    0.600   25.512
   5.418   -0.001   25.981
   8.933   32.573    7.288
   7.877   31.815    7.653
   7.955   30.404    7.723
   6.859   29.618    8.101
   5.647   30.216    8.423
   9.989   33.331    6.924
   9.911   34.742    6.854
   5.711   29.523    9.391
   5.198   29.410    7.669
   4.624   30.704    8.696
  10.360   35.548    7.608
   9.847   35.435    5.886
  10.657   34.666    6.636
  20.578   24.884    4.819
  21.746   25.544    4.671
  22.798   25.036    3.872
  24.010   25.720    3.718
  24.213   26.937    4.357
  19.409   24.224    4.968
  18.357   24.733    5.766
  24.565   27.297    3.278
  25.235   26.434    4.709
  24.396   27.959    4.888
  17.336   25.235    5.415
  18.005   24.373    6.846
  18.006   24.075    5.534
  41.287   39.924    6.016
  41.590   41.211    5.746
  42.925   41.677    5.716
  43.239   43.013    5.436
  42.228   43.929    5.175
  40.984   38.636    6.286
  39.649   38.170    6.315
  42.898   44.202    4.228
  42.800   44.594    5.982
  41.390   44.709    4.955
  39.077   37.506    5.508
  38.979   37.897    7.262
  40.001   37.494    6.486
  16.700   39.825   36.784
  16.338   40.716   37.730
  17.070   40.875   38.931
  16.694   41.800   39.913
  15.572   42.599   39.729
  17.063   38.933   35.837
  16.331   38.774   34.637
  16.311   43.481   40.036
  15.289   42.228   40.825
  14.633   43.275   39.587
  16.614   39.145   33.540
  15.592   37.892   34.329
  16.881   38.238   34.497
   3.186   46.469   44.387
   4.492   46.793   44.502
   4.921   47.931   45.226
   6.275   48.267   45.344
   7.248   47.478   44.744
   1.881   46.144   44.273
   1.452   45.006   43.549
   7.763   47.524   45.817
   7.646   48.519   44.322
   8.074   46.824   44.244
   1.053   43.966   43.971
   0.937   44.961   42.476
   0.748   45.261   43.773
  16.993   45.312   22.965
  17.670   44.167   23.199
  19.032   44.167   23.583
  19.735   42.981   23.825
  19.100   41.752   23.692
  16.315   46.456   22.731
  14.953   46.456   22.347
  19.568   41.540   24.767
  20.056   41.476   23.036
  18.580   40.714   23.583
  13.997   46.732   23.003
  14.486   46.667   21.272
  15.063   47.229   22.350
   4.728   28.044   17.707
   4.463   29.246   17.153
   3.539   29.396   16.092
   3.265   30.642   15.517
   3.904   31.784   15.983
   4.993   26.842   18.262
   5.916   26.693   19.323
   2.800   32.231   16.018
   4.126   31.974   14.827
   4.434   32.750   16.364
   5.695   26.503   20.478
   7.021   26.246   19.288
   5.710   25.942   19.256
  20.193   17.897    7.412
  19.732   19.158    7.273
  19.641   19.788    6.009
  19.163   21.096    5.865
  18.758   21.820    6.979
  20.654   16.635    7.551
  20.744   16.005    8.815
  17.785   22.034    6.325
  19.458   22.668    6.522
  18.414   22.439    7.906
  20.044   15.157    9.273
  21.717   15.791    9.470
  21.019   15.415    8.382
  25.189   20.830    6.646
  24.599   19.652    6.350
  23.192   19.506    6.309
  22.581   18.285    6.003
  23.355   17.165    5.725
  25.778   22.008    6.941
  27.185   22.153    6.982
  22.646   17.071    4.772
  22.641   16.635    6.519
  23.993   16.217    5.491
  27.899   22.682    6.188
  27.894   22.247    7.935
  26.997   22.889    7.165
  23.211   45.868   32.657
  22.009   45.262   32.547
  21.879   43.853   32.532
  20.633   43.225   32.418
  19.473   43.982   32.315
  24.412   46.474   32.767
  24.542   47.883   32.782
  19.082   43.264   33.182
  19.244   43.268   31.389
  18.492   44.607   32.228
  24.772   48.598   33.708
  24.934   48.602   31.915
  25.300   47.706   32.850
   5.393    9.493   24.194
   4.661    9.121   25.266
   5.227    9.008   26.558
   4.468    8.623   27.670
   3.116    8.338   27.529
   6.124    9.864   23.122
   5.558    9.977   21.830
   2.997    9.074   28.459
   3.395    7.349   28.133
   1.980    8.095   27.426
   5.279   10.966   21.227
   5.677    9.241   20.901
   6.289   10.181   21.644
  38.592    2.843    9.459
  39.454    2.207   10.280
  39.307    2.234   11.688
  40.201    1.574   12.540
  41.274    0.865   12.015
  37.730    3.479    8.637
  37.877    3.452    7.230
  40.887   -0.001   12.737
  41.905    1.482   12.816
  42.178    0.266   11.588
  37.245    2.835    6.429
  38.264    4.317    6.508
  37.233    3.893    7.261
  37.716   10.749   18.260
  38.186    9.571   18.724
  37.347    8.444   18.897
  37.835    7.223   19.378
  39.178    7.085   19.703
  37.246   11.926   17.796
  38.084   13.053   17.624
  39.106    6.104   19.031
  38.751    6.626   20.717
  40.303    6.956   19.981
  38.511   13.512   16.611
  38.156   14.034   18.296
  37.417   13.379   17.382
  36.600   31.709   34.543
  35.712   31.128   35.378
  34.372   31.572   35.475
  33.451   30.970   36.341
  33.838   29.903   37.142
  37.487   32.289   33.708
  38.828   31.846   33.612
  32.854   29.389   36.709
  33.328   30.538   38.011
  34.150   29.006   37.820
  39.338   31.210   32.743
  39.812   32.359   34.045
  38.869   32.423   33.087
  31.262   44.388    6.887
  31.096   45.226    5.841
  30.098   45.014    4.861
  29.927   45.884    3.777
  30.747   46.996    3.635
  31.427   43.550    7.932
  32.425   43.762    8.913
  29.716   47.575    3.488
  30.876   46.597    2.520
  31.428   47.934    3.504
  32.296   44.161   10.028
  33.456   43.182    9.060
  32.121   43.107    9.210
   4.056   34.531   22.202
   3.199   35.569   22.305
   1.895   35.416   22.833
   1.006   36.493   22.940
   1.390   37.761   22.523
   4.912   33.493   22.100
   6.216   33.646   21.572
   0.977   38.095   23.589
   0.351   37.742   21.939
   1.699   38.831   22.176
   7.255   33.666   22.155
   6.629   33.312   20.505
   6.252   32.881   21.722
  43.031   36.048   40.696
  42.538   34.966   41.336
  41.310   35.006   42.038
  40.798   33.885   42.702
  41.497   32.684   42.688
  43.524   37.129   40.055
  44.752   37.089   39.353
  40.444   32.225   42.368
  41.316   32.715   43.866
  42.073   31.670   42.684
  44.933   37.058   38.176
  45.805   37.548   39.673
  44.574   37.837   39.213
  42.252   22.188   21.278
  40.950   22.471   21.497
  40.506   23.782   21.789
  39.156   24.075   22.017
  38.202   23.067   21.959
  43.553   21.905   21.059
  43.997   20.594   20.766
  37.626   23.832   21.249
  37.853   23.516   23.006
  37.390   22.231   21.913
  44.346   20.145   19.718
  44.573   19.829   21.476
  44.692   20.949   20.740
  46.410   25.694   40.614
  47.251   24.657   40.813
  48.606   24.702   40.407
  49.479   23.627   40.613
  49.028   22.468   41.232
  45.569   26.731   40.416
  44.214   26.685   40.821
  50.000   22.605   41.907
  49.542   21.927   40.304
  48.662   21.489   41.750
  43.699   27.227   41.750
  43.241   26.548   40.147
  44.210   27.405   40.518
  37.144   23.679   32.283
  36.143   24.354   32.886
  36.336   25.639   33.448
  35.298   26.339   34.073
  34.029   25.780   34.160
  38.145   23.003   31.680
  37.951   21.719   31.119
  33.677   26.837   33.735
  34.116   26.082   35.309
  32.959   25.323   34.239
  37.864   21.417   29.969
  38.304   20.663   31.543
  38.709   21.797   30.945
  13.904    3.986   38.327
  14.454    4.892   39.165
  15.569    4.581   39.978
  16.139    5.519   40.846
  15.614    6.803   40.932
  13.354    3.081   37.490
  12.239    3.392   36.677
  16.750    7.137   40.793
  15.642    6.595   42.105
  15.183    7.883   41.014
  12.210    3.599   35.504
  11.103    3.058   36.816
  12.332    2.650   36.450
  29.586   12.074   33.580
  29.703   11.133   34.542
  30.842   10.298   34.640
  30.963    9.323   35.637
  29.950    9.148   36.572
  29.469   13.014   32.618
  28.331   13.849   32.520
  30.844    9.202   37.358
  30.054    7.998   36.277
  29.108    8.991   37.363
  28.227   14.999   32.815
  27.437   13.795   31.734
  28.726   14.136   31.911
  30.621   39.992   22.240
  31.940   39.872   22.502
  32.809   40.989   22.506
  34.177   40.864   22.778
  34.725   39.618   23.054
  29.302   40.112   21.979
  28.434   38.995   21.974
  35.205   40.181   23.989
  35.530   39.935   22.235
  35.197   38.578   23.288
  27.628   38.678   22.793
  27.954   38.432   21.040
  27.904   39.541   21.799
  22.373   31.975   24.810
  23.142   31.923   23.701
  24.553   32.010   23.762
  25.350   31.956   22.612
  24.764   31.814   21.361
  21.605   32.027   25.919
  20.194   31.940   25.858
  25.567   30.944   21.227
  25.464   32.734   21.072
  24.285   31.695   20.304
  19.494   31.020   26.146
  19.391   32.810   25.991
  20.262   32.011   26.633
   4.930   43.096   15.518
   5.451   42.924   16.751
   5.906   41.663   17.204
   6.446   41.484   18.483
   6.549   42.560   19.356
   4.410   43.269   14.284
   3.955   44.530   13.832
   7.671   42.179   19.486
   6.029   41.816   20.128
   6.642   43.454   20.098
   4.475   45.274   13.059
   2.833   44.911   13.702
   3.793   44.121   13.186
  10.015   48.736   40.059
  10.612   48.841   38.853
  12.019   48.883   38.713
  12.638   48.992   37.462
  11.871   49.063   36.306
   9.419   48.630   41.266
   8.011   48.589   41.405
  12.604   48.206   35.922
  12.564   50.000   36.059
  11.239   49.124   35.327
   7.317   47.652   41.652
   7.278   49.446   41.789
   8.194   48.535   42.163
  12.568   11.099   45.756
  13.077   12.018   44.909
  12.969   11.883   43.504
  13.497   12.836   42.625
  14.152   13.958   43.119
  12.058   10.179   46.604
  12.166   10.314   48.009
  13.435   14.545   42.370
  14.996   13.650   42.336
  14.703   14.904   43.520
  11.322   10.622   48.791
  12.883    9.726   48.758
  11.777    9.637   47.996
  21.826   46.662   23.261
  22.846   45.963   22.720
  23.960   46.601   22.125
  25.018   45.876   21.564
  25.000   44.487   21.578
  20.805   47.361   23.803
  19.691   46.723   24.398
  26.104   44.607   22.009
  25.258   44.602   20.420
  24.997   43.321   21.583
  19.433   46.609   25.556
  18.587   46.603   23.967
  19.466   47.461   24.516
  41.575    6.546   36.474
  42.732    5.853   36.534
  43.989    6.498   36.613
  45.189    5.780   36.676
  45.175    4.391   36.662
  40.418    7.239   36.413
  39.161    6.594   36.334
  45.893    4.503   37.606
  45.997    4.520   35.809
  45.177    3.224   36.650
  38.338    6.464   37.187
  38.443    6.482   35.390
  38.902    7.331   36.326
  25.418   10.949   48.886
  24.643   10.106   48.171
  23.318    9.795   48.558
  22.514    8.921   47.816
  23.007    8.327   46.661
  26.193   11.792   49.601
  27.518   12.103   49.215
  21.985    8.711   46.184
  22.594    7.325   47.157
  23.408    7.821   45.690
  27.931   13.105   48.719
  28.540   11.719   49.692
  27.490   12.543   49.859
  32.471   15.628   19.554
  31.479   16.165   20.297
  30.585   15.363   21.046
  29.557   15.919   21.816
  29.387   17.297   21.866
  33.462   15.092   18.811
  34.357   15.893   18.063
  29.357   17.120   23.044
  28.249   17.035   21.628
  29.233   18.452   21.917
  35.494   16.156   18.301
  34.386   16.070   16.885
  34.654   15.197   17.873
  37.577    7.085    2.904
  38.655    7.870    2.694
  39.861    7.361    2.157
  40.979    8.175    1.938
  40.931    9.528    2.250
  36.499    6.300    3.115
  35.294    6.810    3.652
  41.369    9.663    1.150
  41.957    9.302    2.812
  40.904   10.665    2.507
  34.268    7.036    3.090
  34.856    6.674    4.752
  35.067    6.067    3.570
  37.039   11.550   37.459
  36.995   11.063   36.201
  35.943   10.227   35.756
  35.898    9.722   34.451
  36.903   10.034   33.544
  37.082   12.037   38.717
  38.134   12.873   39.162
  35.991   10.307   32.827
  36.919    8.858   33.355
  37.740   10.289   32.773
  38.118   14.049   39.351
  39.046   12.601   39.879
  37.725   12.854   39.827
  31.737   27.697    6.279
  32.847   27.649    5.513
  32.784   27.661    4.100
  33.936   27.610    3.305
  35.192   27.546    3.895
  30.627   27.746    7.046
  30.690   27.734    8.459
  35.445   28.440    3.149
  35.358   26.642    3.138
  36.252   27.492    4.378
  30.523   28.638    9.217
  30.436   26.840    9.206
  29.913   27.772    8.388
  12.650   19.985   18.250
  12.833   19.271   19.382
  13.278   17.928   19.358
  13.468   17.188   20.531
  13.219   17.765   21.770
  12.467   20.698   17.119
  12.022   22.041   17.143
  14.297   17.335   22.041
  12.590   16.771   21.961
  13.014   18.237   22.817
  12.651   23.035   16.952
  10.944   22.470   16.872
  12.084   21.964   16.368
  42.572   30.114   13.192
  41.289   30.272   13.584
  40.551   29.219   14.175
  39.221   29.383   14.581
  38.582   30.605   14.410
  43.854   29.956   12.800
  44.592   31.009   12.209
  38.282   30.460   15.554
  37.721   29.939   13.926
  38.034   31.625   14.273
  45.454   31.674   12.694
  44.893   31.153   11.065
  45.152   30.464   12.191
  21.632    7.313    5.386
  22.075    8.466    5.931
  22.870    9.383    5.203
  23.330   10.578    5.768
  23.011   10.900    7.082
  21.188    6.160    4.841
  20.393    5.244    5.569
  22.692   11.947    6.611
  24.180   11.107    7.178
  22.750   11.182    8.183
  19.224    5.036    5.473
  20.712    4.196    6.040
  20.425    4.846    4.897
  11.564   19.625    5.746
  12.886   19.465    5.524
  13.500   18.190    5.536
  14.871   18.024    5.306
  15.677   19.127    5.054
  10.242   19.784    5.969
   9.628   21.059    5.956
  16.055   18.477    4.130
  16.373   18.647    5.894
  16.365   20.044    4.842
   8.932   21.540    5.116
   9.250   21.710    6.880
   8.991   20.636    6.112
  12.886    7.096   23.795
  12.870    7.014   22.448
  12.142    7.928   21.649
  12.126    7.843   20.252
  12.838    6.841   19.603
  12.901    7.178   25.143
  13.630    6.265   25.941
  13.251    7.743   18.943
  11.811    6.666   19.025
  13.430    6.006   19.046
  14.656    6.440   26.520
  13.216    5.363   26.602
  13.337    6.701   26.519
   6.953    9.366    3.831
   6.867   10.695    3.612
   8.013   11.526    3.583
   7.924   12.904    3.356
   6.687   13.501    3.150
   7.039    8.036    4.050
   5.893    7.206    4.078
   7.226   13.990    2.206
   7.066   14.271    3.976
   5.655   14.015    2.975
   5.514    6.436    3.252
   5.354    6.717    5.022
   6.428    6.653    4.214
  32.640   38.626    5.926
  33.347   38.486    4.784
  33.820   37.226    4.345
  34.553   37.080    3.162
  34.840   38.189    2.375
  31.933   38.767    7.067
  31.460   40.026    7.506
  34.423   37.507    1.491
  35.951   37.762    2.406
  35.087   39.111    1.705
  30.348   40.454    7.474
  31.877   40.709    8.390
  31.179   39.597    8.095
  32.638   28.157   27.870
  32.670   27.239   28.859
  32.354   25.879   28.630
  32.388   24.926   29.655
  32.739   25.299   30.946
  32.605   29.076   26.882
  32.921   30.436   27.111
  33.478   24.367   30.875
  31.750   24.706   31.247
  33.032   25.599   32.034
  33.910   31.029   26.810
  32.182   31.368   27.182
  32.768   30.490   26.347
  13.370   39.560    1.945
  13.345   40.898    2.122
  12.164   41.582    2.496
  12.137   42.970    2.680
  13.291   43.722    2.497
  13.396   38.222    1.768
  14.576   37.537    1.394
  13.004   44.182    3.559
  12.583   44.404    1.823
  14.251   44.366    2.346
  15.284   36.856    2.068
  14.863   37.078    0.332
  14.102   36.918    1.429
  11.648   15.131   33.976
  11.942   15.838   35.087
  12.778   16.980   35.049
  13.084   17.714   36.201
  12.565   17.333   37.433
  11.353   14.423   32.865
  10.517   13.281   32.902
  12.256   18.481   37.512
  13.695   17.437   37.795
  12.136   17.024   38.472
   9.387   13.177   32.540
  10.826   12.133   32.823
  10.666   13.278   32.136
  23.695   43.350   43.658
  24.428   43.820   42.626
  24.493   45.200   42.319
  25.253   45.687   41.249
  25.975   44.812   40.448
  22.962   42.880   44.689
  22.897   41.500   44.996
  26.869   45.575   40.645
  25.447   45.400   39.556
  26.586   44.089   39.767
  23.424   40.913   45.888
  22.002   40.737   44.798
  22.428   41.757   45.566
  40.048   39.848   12.459
  41.115   39.382   13.142
  41.756   40.147   14.145
  42.863   39.664   14.853
  43.369   38.399   14.583
  38.980   40.314   11.776
  38.340   39.549   10.773
  43.313   38.266   15.766
  44.413   38.971   14.527
  43.804   37.339   14.366
  37.296   38.978   10.828
  38.396   39.683    9.590
  37.885   40.183   10.729
  45.268   22.973   38.568
  44.965   24.247   38.238
  43.649   24.755   38.342
  43.334   26.076   38.000
  44.325   26.935   37.541
  45.572   21.700   38.898
  46.888   21.191   38.794
  43.878   27.677   38.360
  43.545   27.159   36.669
  45.147   27.667   37.155
  47.668   20.967   39.667
  47.334   20.449   37.976
  46.545   20.542   39.061
  12.064   18.602   15.305
  10.841   19.100   15.588
  10.601   20.491   15.680
   9.334   21.008   15.973
   8.261   20.151   16.185
  13.286   18.104   15.022
  13.526   16.712   14.930
   7.707   20.862   15.405
   8.094   20.813   17.162
   7.352   19.443   16.366
  13.693   16.051   13.953
  14.080   16.002   15.710
  14.253   16.955   14.777
  27.845   20.856   32.333
  28.906   21.574   32.760
  30.047   20.961   33.328
  31.146   21.705   33.772
  31.144   23.090   33.662
  26.785   20.138   31.905
  25.644   20.752   31.337
  32.218   22.924   33.173
  31.473   23.051   34.807
  31.155   24.253   33.576
  25.315   20.790   30.192
  24.570   20.918   31.825
  25.402   20.011   31.285
  47.003   19.963   17.225
  47.281   21.242   16.897
  46.455   22.317   17.302
  46.744   23.644   16.962
  47.870   23.943   16.204
  46.724   18.683   17.554
  47.550   17.608   17.149
  48.069   24.752   17.057
  47.101   24.576   15.549
  48.811   24.208   15.569
  48.319   16.975   17.804
  47.351   16.799   16.296
  47.018   17.191   17.539
   9.335   46.839   17.724
   8.125   47.150   17.211
   7.325   46.194   16.543
   6.071   46.517   16.011
   5.573   47.809   16.128
  10.544   46.527   18.236
  11.345   47.483   18.904
   4.593   47.256   16.522
   5.370   47.697   14.959
   5.143   48.889   16.218
  11.548   47.596   20.073
  12.324   48.036   18.510
  11.828   46.874   18.973
  47.480   46.852   46.283
  47.842   45.893   45.405
  47.040   45.558   44.288
  47.415   44.563   43.377
  48.606   43.869   43.550
  47.118   47.811   47.162
  47.920   48.147   48.278
  48.780   44.141   42.402
  47.918   42.909   43.392
  49.603   43.279   43.683
  48.608   49.107   48.436
  47.747   47.875   49.425
  47.341   48.655   48.407
   9.406   19.247    3.858
   9.762   18.099    4.474
   9.050   17.594    5.587
   9.419   16.404    6.226
  10.513   15.677    5.775
   9.050   20.394    3.242
   9.763   20.900    2.128
   9.755   14.759    5.816
  10.829   15.686    6.924
  11.429   15.058    5.406
   9.447   20.891    0.979
  10.520   21.818    2.087
   9.225   21.464    2.176
  38.756   29.159    5.613
  39.483   28.081    5.973
  39.634   26.960    5.123
  40.388   25.841    5.496
  41.018   25.803    6.734
  38.029   30.238    5.252
  37.878   31.359    6.103
  41.970   25.480    6.093
  40.502   24.732    6.819
  41.553   25.758    7.769
  38.395   32.430    6.018
  36.927   31.682    6.743
  37.450   31.621    5.505
  14.992    4.070   16.990
  15.927    4.840   16.393
  17.041    4.282   15.722
  18.010    5.080   15.103
  17.900    6.464   15.133
  14.057    3.301   17.587
  12.943    3.859   18.257
  18.092    6.374   13.960
  19.036    6.417   15.492
  17.820    7.627   15.150
  11.808    3.907   17.898
  12.751    3.949   19.430
  12.775    3.106   18.382
  12.128   11.263   34.738
  11.219   10.730   35.581
  11.243   10.990   36.972
  10.299   10.437   37.846
   9.299    9.605   37.362
  13.038   11.796   33.894
  13.014   11.536   32.504
   8.581   10.314   37.996
   9.649    8.886   38.245
   8.453    8.904   36.968
  12.664   12.255   31.620
  13.731   10.827   31.869
  13.638   12.004   32.513
  28.989   33.223   43.802
  27.785   33.258   43.193
  26.850   34.292   43.437
  25.601   34.328   42.805
  25.243   33.331   41.906
  30.193   33.189   44.412
  31.127   32.154   44.168
  24.952   34.249   41.204
  24.242   33.290   42.552
  24.929   32.501   41.150
  32.128   32.195   43.522
  31.418   31.236   44.870
  31.552   32.562   44.681
  26.873   36.286   19.307
  28.097   35.721   19.383
  29.077   36.173   20.298
  30.346   35.586   20.377
  30.680   34.527   19.542
  25.650   36.851   19.232
  24.670   36.399   18.316
  31.042   34.014   20.555
  31.655   35.177   19.325
  30.974   33.638   18.848
  23.695   35.750   18.533
  24.308   36.913   17.303
  24.251   36.970   18.646
   7.944    6.612   33.852
   7.068    7.638   33.807
   7.466    8.949   33.452
   6.557   10.013   33.405
   5.218    9.804   33.713
   8.821    5.586   33.897
   8.423    4.276   34.253
   5.027   10.386   32.690
   5.367   10.752   34.420
   4.092    9.643   33.968
   8.274    3.328   33.546
   8.614    3.694   35.275
   9.181    4.128   34.135
  25.414   30.608   27.938
  25.831   31.881   27.771
  27.203   32.213   27.665
  27.636   33.533   27.493
  26.713   34.569   27.420
  24.996   29.335   28.104
  23.624   29.004   28.210
  27.329   34.875   26.447
  27.417   35.080   28.233
  25.948   35.447   27.357
  22.920   28.492   27.397
  23.008   28.697   29.183
  23.914   28.281   28.279
  30.679   33.906   26.882
  29.487   33.687   26.288
  28.954   32.386   26.131
  27.717   32.160   25.515
  26.969   33.227   25.035
  31.872   34.124   27.476
  32.404   35.425   27.634
  26.083   32.709   25.641
  26.903   32.567   24.045
  26.330   34.114   24.628
  32.470   36.085   28.624
  33.290   35.943   27.028
  32.989   35.030   27.969
  24.451   36.870   28.737
  23.444   35.988   28.913
  22.139   36.400   29.271
  21.095   35.485   29.454
  21.320   34.125   29.285
  25.457   37.753   28.561
  26.762   37.340   28.202
  20.346   34.181   28.601
  20.778   34.036   30.343
  21.495   32.980   29.147
  27.305   37.428   27.145
  27.736   37.284   28.886
  26.899   38.109   28.232
  41.948   21.975    6.586
  42.272   21.155    7.608
  41.342   20.814    8.619
  41.677   19.963    9.679
  42.955   19.424    9.767
  41.625   22.794    5.563
  42.555   23.135    4.552
  42.369   18.397    9.921
  42.903   19.817   10.891
  44.023   18.964    9.852
  42.606   22.742    3.428
  43.140   24.162    4.398
  41.949   23.548    4.282
  47.427   27.716   42.736
  46.934   26.465   42.606
  45.543   26.207   42.574
  45.033   24.910   42.440
  45.894   23.826   42.332
  47.920   28.966   42.866
  49.311   29.224   42.898
  45.213   23.544   41.396
  45.206   23.361   43.186
  46.606   22.907   42.241
  49.999   29.690   42.044
  49.991   29.507   43.834
  49.064   29.962   42.973
  14.664    4.314   28.924
  14.493    5.635   29.145
  15.554    6.466   29.576
  15.377    7.836   29.804
  14.134    8.424   29.609
  14.834    2.993   28.704
  13.774    2.162   28.273
  14.754    9.222   28.979
  14.324    8.881   30.693
  13.095    8.929   29.450
  13.583    1.704   27.189
  13.153    1.363   28.904
  14.331    1.615   28.304
  10.366   25.369   48.007
  10.476   26.714   48.002
   9.980   27.503   46.936
  10.094   28.898   46.930
  10.707   29.555   47.990
  10.257   24.023   48.013
  10.752   23.235   49.079
   9.729   30.236   47.963
  11.318   30.104   47.127
  11.219   30.119   48.873
  10.141   22.686   49.942
  11.730   22.554   49.105
  10.472   22.654   48.638
  44.269   41.085   44.016
  44.511   39.894   44.604
  43.522   38.885   44.689
  43.773   37.650   45.300
  45.021   37.381   45.847
  44.027   42.276   43.427
  45.016   43.285   43.342
  44.935   36.372   45.218
  44.387   37.041   46.797
  46.064   37.141   46.310
  45.650   43.624   42.392
  45.102   44.293   43.971
  44.440   43.669   42.980
  15.636   32.555   18.106
  14.550   32.120   17.434
  14.628   31.088   16.469
  13.501   30.636   15.772
  12.255   31.201   16.014
  16.723   32.991   18.779
  16.644   34.023   19.743
  11.905   30.067   16.111
  12.209   31.290   14.827
  11.204   31.666   16.208
  16.691   33.934   20.931
  16.995   35.158   19.646
  17.412   33.887   19.796
   9.021   34.372   17.975
   9.834   35.447   18.060
   9.329   36.769   18.088
  10.172   37.883   18.176
  11.550   37.715   18.239
   8.208   33.298   17.890
   8.713   31.976   17.862
  11.467   38.458   19.166
  11.558   38.531   17.370
  12.708   37.589   18.292
   8.705   31.160   18.730
   8.795   31.233   16.934
   7.953   31.800   17.817
  30.083   13.274   28.720
  29.066   14.123   28.980
  27.833   13.676   29.509
  26.778   14.557   29.779
  26.920   15.916   29.529
  31.100   12.425   28.460
  32.334   12.872   27.931
  26.504   16.031   30.640
  25.875   15.790   28.970
  27.026   17.059   29.324
  33.379   12.998   28.490
  32.750   12.756   26.820
  32.507   12.111   27.976
  26.919   46.582   47.115
  26.873   47.373   46.023
  25.680   47.570   45.288
  25.633   48.391   44.155
  26.777   49.045   43.716
  26.965   45.790   48.208
  28.158   45.594   48.943
  26.066   50.001   43.698
  26.474   48.589   42.658
  27.730   49.599   43.337
  28.461   46.049   50.001
  28.869   44.637   48.961
  27.692   45.140   49.375
   2.512   17.427    6.177
   3.766   17.317    5.688
   4.196   18.050    4.557
   5.496   17.937    4.049
   6.412   17.086    4.655
   1.259   17.536    6.666
   0.828   16.803    7.797
   7.126   18.038    4.616
   6.590   16.697    3.542
   7.190   16.375    5.153
   0.650   17.191    8.910
   0.114   15.850    7.836
   0.160   17.182    7.657
   4.393   37.922   20.783
   4.208   36.666   20.326
   3.042   36.290   19.617
   2.850   34.987   19.142
   3.817   34.013   19.359
   4.579   39.178   21.241
   5.745   39.554   21.950
   3.691   33.813   18.191
   2.892   33.366   19.741
   4.620   33.186   19.534
   6.669   40.202   21.568
   5.871   39.755   23.118
   5.384   40.247   21.964
  33.298   29.106   18.612
  33.647   27.908   18.096
  34.999   27.532   17.919
  35.360   26.290   17.383
  34.381   25.379   17.007
  32.950   30.304   19.128
  31.598   30.679   19.305
  35.030   24.614   17.650
  35.009   25.320   15.995
  33.570   24.605   16.686
  30.970   30.737   20.317
  30.950   31.444   18.661
  31.926   31.332   19.580
  45.695   12.979    8.579
  45.361   13.918    9.489
  46.240   14.971    9.837
  45.894   15.945   10.781
  44.657   15.901   11.411
  46.029   12.040    7.668
  45.151   10.987    7.320
  44.601   17.049   11.096
  45.303   16.031   12.404
  43.621   15.876   11.947
  44.504   10.857    6.327
  45.206    9.839    7.635
  45.742   10.791    6.850
  17.427   41.172   11.783
  17.234   40.670   13.022
  16.106   39.877   13.342
  15.906   39.357   14.626
  16.826   39.611   15.636
  17.621   41.673   10.545
  18.748   42.466   10.225
  16.770   38.432   15.804
  15.859   39.915   16.262
  17.590   39.816   16.493
  19.715   42.162    9.598
  18.803   43.644   10.057
  18.409   42.475    9.521
  38.027   18.156   27.820
  37.372   16.992   28.018
  35.995   16.952   28.340
  35.316   15.744   28.546
  35.991   14.535   28.437
  38.681   19.320   27.622
  40.058   19.361   27.299
  35.074   14.235   27.738
  35.481   14.305   29.489
  36.545   13.513   28.348
  40.568   19.591   26.247
  40.975   19.661   27.999
  39.927   20.131   27.300
  17.456   13.945   24.382
  18.574   14.638   24.683
  18.673   16.033   24.467
  19.833   16.752   24.780
  20.936   16.101   25.320
  16.337   13.252   24.081
  16.238   11.857   24.297
  20.898   16.981   26.123
  21.532   16.679   24.465
  21.868   15.568   25.773
  15.642   11.279   25.151
  16.275   10.977   23.494
  15.523   11.969   24.003
  10.987   42.123   37.644
  11.714   40.995   37.791
  13.129   41.011   37.799
  13.884   39.842   37.951
  13.250   38.615   38.100
  10.259   43.251   37.498
   8.844   43.235   37.490
  13.988   38.493   39.028
  14.000   38.269   37.242
  12.731   37.578   38.227
   8.094   43.581   38.349
   8.106   43.356   36.563
   8.942   44.004   37.394
  44.379   10.148   49.102
  43.190   10.789   49.103
  43.099   12.201   49.103
  41.867   12.865   49.103
  40.681   12.140   49.104
  45.568    9.508   49.102
  45.659    8.096   49.102
  40.390   12.865   48.204
  40.390   12.865   50.004
  39.679   11.544   49.104
  45.950    7.371   48.201
  45.950    7.371   50.001
  46.424    8.252   49.101
  16.692   11.217   19.144
  16.362   12.510   18.944
  16.945   13.558   19.696
  16.602   14.899   19.488
  15.664   15.241   18.522
  17.023    9.923   19.344
  16.440    8.875   18.592
  16.493   16.026   18.181
  15.180   15.880   19.404
  14.878   15.541   17.715
  16.924    8.236   17.711
  15.611    8.090   18.933
  16.907    8.437   19.041
  42.454   30.329   16.734
  41.526   30.382   17.713
  41.031   29.214   18.341
  40.068   29.269   19.356
  39.566   30.493   19.779
  43.382   30.276   15.755
  43.877   31.443   15.127
  39.816   30.073   20.866
  38.509   29.963   19.633
  39.136   31.514   20.144
  44.934   31.974   15.273
  43.627   31.864   14.040
  44.298   30.921   14.727
   6.620   26.861   11.273
   6.663   27.975   12.035
   7.590   28.125   13.093
   7.634   29.280   13.883
   6.752   30.326   13.643
   6.578   25.748   10.511
   5.651   25.598    9.453
   7.739   30.994   13.676
   6.556   30.258   14.817
   6.018   31.212   13.453
   5.847   25.666    8.280
   4.664   24.931    9.420
   6.009   24.907    9.379
  17.036   17.992   49.433
  16.116   17.012   49.313
  14.749   17.227   49.608
  13.794   16.210   49.483
  14.173   14.943   49.059
  17.957   18.973   49.554
  19.324   18.758   49.259
  13.261   15.065   48.302
  13.553   14.581   50.011
  14.477   13.874   48.705
  19.943   19.119   48.307
  20.236   18.635   50.016
  19.376   19.510   49.463
  22.635   28.971   17.515
  21.999   29.164   18.690
  22.281   30.273   19.522
  21.621   30.473   20.741
  20.655   29.571   21.170
  23.272   28.778   16.340
  22.990   27.669   15.508
  20.003   30.553   21.345
  21.272   29.596   22.189
  19.843   28.822   21.542
  22.373   27.644   14.488
  23.642   26.687   15.333
  23.537   28.000   15.060
  40.797   45.790   25.929
  40.040   46.367   26.887
  39.428   47.629   26.700
  38.643   48.227   27.693
  38.442   47.584   28.908
  41.555   45.213   24.972
  42.167   43.951   25.158
  37.294   47.828   28.699
  38.757   48.636   29.369
  38.265   47.055   29.932
  41.852   42.898   24.697
  43.314   43.707   25.367
  42.424   44.087   24.433
  32.943    3.878   22.425
  32.605    3.793   21.121
  33.367    3.039   20.197
  33.017    2.951   18.844
  31.892    3.613   18.367
  33.281    3.963   23.730
  32.519    4.717   24.654
  31.635    2.556   17.882
  32.640    4.006   17.527
  30.951    4.164   17.954
  31.771    4.323   25.494
  32.776    5.774   25.139
  33.065    4.460   25.150
  24.916   32.304   10.576
  25.201   31.008   10.824
  26.206   30.312   10.111
  26.502   28.968   10.368
  25.804   28.272   11.347
  24.631   33.600   10.329
  23.626   34.297   11.042
  26.892   27.957   11.716
  25.674   27.455   10.490
  25.225   27.676   12.166
  23.756   35.114   11.899
  22.538   34.612   10.673
  23.852   34.882   10.577
  14.564   22.928   21.206
  13.944   24.002   20.670
  14.666   25.108   20.163
  14.023   26.221   19.608
  12.636   26.268   19.540
  15.183   21.855   21.741
  14.462   20.748   22.248
  12.831   26.568   18.404
  12.779   27.347   20.026
  11.473   26.320   19.478
  14.319   19.670   21.763
  14.267   20.448   23.385
  15.181   20.484   22.399
  10.734   29.469   37.555
   9.525   30.066   37.483
   8.830   30.206   36.258
   7.576   30.825   36.184
   6.973   31.325   37.331
  11.943   28.873   37.627
  12.638   28.733   38.851
   6.025   30.716   36.942
   6.826   32.305   36.669
   6.455   31.749   38.286
  12.786   27.752   39.513
  13.586   29.342   39.240
  13.166   28.388   38.389
   3.827   32.724   25.913
   3.686   31.764   26.853
   2.507   30.990   26.963
   2.360   29.995   27.937
   3.388   29.739   28.836
   3.968   33.683   24.974
   5.147   34.457   24.863
   3.212   28.606   28.514
   2.521   29.819   29.650
   4.243   29.514   29.597
   6.014   34.377   24.050
   5.323   35.591   25.185
   4.751   34.783   24.274
  41.871   23.155   46.126
  42.155   24.443   46.417
  41.264   25.497   46.102
  41.559   26.832   46.404
  42.754   27.160   47.031
  41.587   21.868   45.835
  42.477   20.814   46.149
  42.048   27.779   47.765
  42.839   27.968   46.158
  43.754   27.450   47.557
  42.393   20.006   47.021
  43.183   20.195   45.415
  41.914   20.383   45.822
  25.446   41.708   30.412
  25.164   41.420   31.700
  26.056   40.686   32.517
  25.764   40.387   33.853
  24.569   40.813   34.420
  25.728   41.996   29.123
  24.836   42.731   28.306
  25.276   41.212   35.293
  24.485   39.679   34.777
  23.570   41.164   34.909
  24.919   43.865   27.949
  24.129   42.332   27.434
  25.398   42.619   27.776
  22.463   28.640   40.847
  23.268   28.780   39.772
  24.325   27.879   39.504
  25.159   28.024   38.389
  24.966   29.075   37.502
  21.659   28.500   41.922
  20.601   29.402   42.190
  25.018   28.218   36.677
  26.137   29.241   37.647
  24.815   29.954   36.750
  19.430   29.236   42.046
  20.549   30.260   43.016
  20.498   28.932   42.805
   8.085   47.062   20.406
   9.242   46.367   20.368
   9.267   44.962   20.204
  10.467   44.241   20.164
  11.684   44.901   20.287
   6.928   47.756   20.445
   6.902   49.161   20.609
  11.975   44.272   19.317
  11.908   44.062   21.103
  12.712   45.441   20.389
   6.678   50.000   19.793
   6.611   49.790   21.579
   6.130   49.045   20.567
  16.912    6.617   32.094
  15.602    6.631   31.769
  14.608    7.060   32.680
  13.249    7.074   32.343
  12.836    6.660   31.083
  18.222    6.604   32.419
  19.216    6.175   31.508
  12.227    7.685   31.089
  12.058    5.999   31.698
  12.475    6.316   30.029
  19.994    6.836   30.893
  19.825    5.151   31.501
  19.688    6.344   32.107
   9.433   20.112   30.298
   9.579   18.974   29.587
   8.799   17.822   29.848
   8.950   16.642   29.110
   9.886   16.571   28.086
   9.288   21.251   31.009
  10.067   22.402   30.749
   8.973   16.135   27.457
  10.212   15.561   28.630
  10.668   16.497   27.224
   9.742   23.412   30.205
  10.981   22.838   31.378
   9.644   22.692   31.338
  24.807    3.228   26.762
  24.406    2.453   25.732
  23.073    2.466   25.258
  22.657    1.662   24.190
  23.561    0.818   23.556
  25.207    4.003   27.793
  26.541    3.990   28.266
  23.130    1.316   22.563
  22.709   -0.000   23.716
  24.308    0.104   23.016
  27.393    4.808   28.106
  26.971    3.492   29.259
  26.256    4.519   28.765
   7.027   25.157   44.700
   7.234   25.056   43.370
   6.624   24.044   42.591
   6.838   23.939   41.212
   7.671   24.841   40.562
   6.821   25.259   46.030
   7.431   26.271   46.809
   6.757   24.938   39.803
   8.164   23.857   40.105
   8.367   25.591   40.004
   6.938   27.255   47.266
   8.345   26.173   47.568
   7.037   25.918   47.384
  19.281   25.102   13.631
  19.844   23.881   13.758
  21.166   23.710   14.232
  21.750   22.444   14.364
  21.032   21.304   14.025
  18.719   26.322   13.505
  17.396   26.493   13.030
  21.393   20.918   15.093
  22.012   21.028   13.406
  20.441   20.339   13.745
  16.416   26.769   13.649
  17.035   26.880   11.963
  17.567   27.247   13.142
  37.721   31.471   26.149
  36.913   32.403   25.600
  36.123   33.271   26.391
  35.286   34.237   25.821
  35.208   34.370   24.441
  38.529   30.539   26.698
  39.318   29.671   25.907
  35.381   35.526   24.673
  34.032   34.335   24.634
  35.133   34.493   23.283
  40.494   29.707   25.713
  39.145   28.515   25.675
  39.535   29.403   26.607
  43.025   44.243   10.204
  44.373   44.164   10.206
  45.052   42.923   10.177
  46.449   42.841   10.178
  47.218   43.998   10.209
  41.677   44.322   10.203
  40.999   45.563   10.232
  47.790   43.487    9.298
  47.785   43.442   11.097
  47.875   44.961   10.235
  40.431   46.120    9.344
  40.426   46.075   11.143
  40.371   45.099   10.218
  15.685   43.883   24.113
  15.141   42.984   23.266
  14.122   43.337   22.350
  13.557   42.404   21.472
  13.992   41.085   21.478
  16.230   44.783   24.960
  17.249   44.430   25.875
  14.075   41.244   20.300
  12.828   40.838   21.532
  14.348   39.974   21.473
  18.414   44.677   25.821
  17.166   44.271   27.053
  17.192   45.185   26.066
  11.390   15.029   37.898
  12.452   14.348   38.379
  12.365   12.985   38.747
  13.467   12.279   39.246
  14.694   12.912   39.394
  10.328   15.709   37.417
  10.414   17.073   37.049
  15.110   11.959   38.813
  14.659   12.439   40.488
  15.731   13.431   39.524
  10.450   17.546   35.956
   9.999   18.026   37.631
   9.660   16.964   36.877
   7.819   36.703   46.960
   8.184   35.473   47.378
   7.342   34.676   48.190
   7.720   33.400   48.624
   8.954   32.874   48.261
   7.455   37.934   46.542
   8.297   38.730   45.730
   8.310   31.920   47.951
   9.051   32.641   49.425
   9.986   32.421   47.963
   8.199   38.964   44.565
   8.940   39.684   46.039
   7.699   39.230   45.785
  27.804   28.686   30.752
  27.876   28.288   29.464
  27.130   28.920   28.441
  27.205   28.507   27.105
  28.028   27.447   26.745
  27.733   29.084   32.039
  28.479   28.453   33.063
  28.410   28.200   25.904
  27.054   27.051   26.184
  28.715   26.560   26.428
  29.453   28.849   33.623
  28.096   27.699   33.903
  28.119   28.985   33.507
  46.770   29.132    3.292
  45.709   29.787    3.809
  45.438   31.140    3.496
  44.337   31.820    4.031
  43.468   31.170    4.898
  47.831   28.476    2.776
  48.102   27.123    3.088
  42.627   31.612    4.179
  43.631   32.135    5.578
  42.730   30.637    5.627
  47.939   26.158    2.409
  48.943   26.682    3.808
  48.707   27.244    2.609
  34.425   26.299   22.760
  35.112   27.429   22.490
  35.727   28.196   23.508
  36.440   29.367   23.228
  36.563   29.815   21.918
  33.738   25.169   23.031
  33.123   24.403   22.012
  37.720   29.893   22.192
  36.211   30.856   22.379
  36.675   30.202   20.824
  33.475   23.362   21.552
  31.966   24.325   21.738
  32.915   23.959   22.619
   2.817   40.106   48.336
   2.495   41.404   48.517
   3.344   42.298   49.211
   3.009   43.645   49.398
   1.814   44.145   48.898
   3.140   38.807   48.156
   2.291   37.913   47.461
   2.510   45.004   48.453
   1.687   44.585   49.998
   0.814   44.578   48.483
   2.418   37.474   46.361
   1.595   37.054   47.906
   2.863   37.408   47.628
   7.435   24.075    7.629
   6.301   23.954    6.906
   5.188   23.217    7.374
   4.012   23.092    6.625
   3.908   23.699    5.380
   8.568   24.196    8.352
   9.681   24.933    7.884
   2.875   24.108    5.811
   3.530   22.624    5.031
   3.807   24.204    4.333
  10.059   26.008    8.233
  10.714   24.524    7.453
   9.984   24.708    8.568
  33.785   34.635   45.252
  34.213   35.863   44.890
  33.483   36.678   43.992
  33.928   37.951   43.617
  35.118   38.456   44.126
  33.356   33.407   45.614
  34.086   32.593   46.512
  34.456   39.417   44.366
  35.354   38.696   42.983
  36.114   38.891   44.546
  33.850   32.352   47.655
  34.748   31.631   46.271
  33.492   32.102   46.382
  15.934   33.604   35.030
  16.994   32.933   34.533
  18.245   33.559   34.318
  19.344   32.863   33.802
  19.233   31.516   33.483
  14.873   34.275   35.527
  13.623   33.649   35.742
  20.233   31.415   34.123
  19.727   31.853   32.452
  19.153   30.385   33.210
  13.129   33.312   36.773
  12.623   33.750   35.102
  13.427   34.364   35.989
  31.036   19.980   30.975
  32.163   20.480   31.526
  32.775   21.659   31.040
  33.943   22.178   31.612
  34.540   21.536   32.689
  29.910   19.479   30.424
  29.297   18.300   30.909
  34.540   22.625   33.172
  35.532   21.643   32.036
  35.052   21.007   33.594
  28.306   18.193   31.562
  29.298   17.210   30.427
  28.791   18.453   30.335
  17.455   17.592   36.249
  17.384   17.153   34.975
  16.781   17.920   33.949
  16.707   17.464   32.628
  17.234   16.226   32.284
  17.526   18.032   37.524
  18.129   17.265   38.549
  17.761   16.838   31.408
  16.175   16.065   31.763
  17.672   15.188   31.982
  19.188   17.425   39.070
  17.602   16.652   39.425
  17.926   17.881   38.983
   0.643   14.589   41.737
   0.744   14.050   40.503
  -0.000   14.545   39.406
   0.104   13.987   38.126
   0.956   12.913   37.898
   0.543   15.128   42.970
   1.287   14.633   44.068
   1.334   13.576   36.983
  -0.001   12.434   37.373
   1.667   12.012   37.693
   2.243   15.113   44.592
   0.909   13.970   44.983
   0.909   15.203   44.444
  42.810   32.201   29.870
  42.825   31.078   29.121
  41.640   30.369   28.809
  41.655   29.204   28.032
  42.855   28.707   27.539
  42.796   33.324   30.619
  43.980   34.033   30.931
  42.264   28.668   26.505
  42.466   27.677   27.994
  43.855   28.279   27.119
  44.369   35.063   30.475
  44.571   34.072   31.964
  43.477   34.496   31.307
  47.586   31.782   18.123
  46.730   30.815   18.517
  47.180   29.536   18.924
  46.292   28.533   19.332
  44.924   28.773   19.348
  48.442   32.749   17.730
  47.993   34.028   17.323
  44.990   28.326   20.450
  44.868   27.742   18.752
  43.773   28.961   19.366
  48.049   35.058   17.919
  47.927   34.475   16.220
  48.758   34.149   17.226
  13.932   45.718    7.017
  14.686   46.831    6.888
  15.800   47.082    7.723
  16.582   48.236    7.589
  16.277   49.180    6.616
  13.178   44.606    7.146
  12.064   44.354    6.311
  17.436   49.092    6.353
  16.368   49.951    7.520
  16.032   49.980    5.804
  11.973   43.583    5.407
  10.905   44.442    6.575
  12.019   43.707    6.746
  22.164   37.464    9.670
  22.112   38.147    8.507
  23.282   38.584    7.841
  23.229   39.292    6.634
  22.003   39.588    6.050
  22.216   36.782   10.834
  21.046   36.345   11.500
  22.510   39.140    5.069
  22.450   40.691    5.981
  20.982   39.844    5.549
  20.599   35.243   11.569
  20.540   36.793   12.481
  21.568   36.066   12.009
  13.787   16.744   46.982
  14.588   15.861   46.350
  14.502   14.468   46.586
  15.333   13.551   45.931
  16.280   13.994   45.017
  12.986   17.628   47.614
  13.072   19.021   47.377
  15.810   13.151   44.318
  17.019   13.301   45.643
  17.079   14.353   44.247
  12.333   19.715   46.751
  13.542   19.864   48.076
  12.495   19.038   47.903
   6.923    9.853   35.689
   6.345    8.638   35.797
   7.104    7.462   36.000
   6.504    6.202   36.112
   5.123    6.073   36.024
   7.502   11.068   35.582
   6.742   12.245   35.379
   5.250    5.435   37.022
   5.383    5.214   35.241
   3.966    5.951   35.953
   6.483   13.105   36.162
   6.616   12.884   34.381
   7.450   12.576   35.390
  47.394   15.544   40.712
  47.010   14.491   41.464
  45.829   13.762   41.187
  45.431   12.670   41.967
  46.199   12.268   43.052
  47.779   16.597   39.960
  48.960   17.325   40.237
  46.092   11.187   42.562
  45.158   12.292   43.632
  46.834   11.919   43.966
  50.000   17.301   39.658
  49.067   18.406   40.728
  48.727   17.734   39.613
   2.995   15.058   15.991
   3.200   16.254   16.580
   2.976   17.475   15.899
   3.189   18.716   16.511
   3.634   18.781   17.825
   2.789   13.861   15.401
   3.013   12.641   16.082
   2.732   19.549   17.956
   4.437   19.540   17.379
   4.008   18.851   18.928
   2.211   11.882   16.529
   3.916   11.873   15.951
   2.781   12.340   15.400
  46.765   33.746   10.094
  45.573   33.112   10.071
  44.351   33.817    9.961
  43.115   33.159    9.937
  43.058   31.774   10.022
  47.957   34.380   10.117
  49.179   33.676   10.227
  42.342   31.875    9.074
  42.247   31.989   10.868
  42.995   30.611   10.092
  49.990   33.461    9.381
  49.894   33.574   11.174
  49.475   34.398   10.197
  12.134    6.448   16.389
  11.076    5.613   16.457
   9.744    6.091   16.487
   8.646    5.226   16.558
   8.840    3.851   16.600
  13.193    7.283   16.321
  14.525    6.804   16.290
   8.028    3.840   15.729
   8.092    3.904   17.526
   8.989    2.695   16.637
  15.273    6.750   15.364
  15.337    6.815   17.162
  14.686    7.568   16.257
  39.023    6.444   47.075
  37.755    6.027   46.876
  36.641    6.772   47.331
  35.325    6.340   47.125
  35.076    5.147   46.457
  40.292    6.860   47.273
  41.406    6.115   46.819
  34.319    5.812   45.821
  34.365    4.926   47.387
  34.853    4.148   45.898
  42.117    6.336   45.889
  42.163    5.450   47.455
  41.799    6.707   47.142
  11.522   31.144   18.958
  12.190   32.316   18.993
  12.430   33.006   20.205
  13.124   34.222   20.242
  13.602   34.791   19.068
  10.853   29.972   18.922
  10.613   29.282   17.710
  14.620   34.883   19.681
  13.069   35.773   19.481
  14.009   35.279   18.091
  11.146   28.299   17.298
   9.595   29.190   17.097
  10.261   28.777   18.191
  35.139   35.332   19.798
  35.980   36.362   20.031
  36.408   36.700   21.337
  37.281   37.767   21.579
  37.757   38.535   20.523
  34.297   34.303   19.565
  33.869   33.965   18.259
  38.818   38.340   21.031
  37.412   39.450   21.203
  38.165   39.187   19.647
  34.215   33.049   17.579
  32.809   34.160   17.752
  33.478   33.410   18.645
  22.256   38.741   11.834
  23.520   38.845   12.299
  24.211   37.738   12.847
  25.521   37.846   13.330
  26.186   39.065   13.281
  20.993   38.637   11.369
  20.302   39.743   10.821
  27.061   38.420   12.792
  26.425   38.832   14.425
  26.756   40.082   13.246
  20.063   39.976    9.677
  19.428   40.388   11.310
  19.736   39.212   10.735
  24.190   47.576   37.894
  49.252   11.778   24.139
  41.831   38.767   32.913
   6.807   17.871   26.634
  -0.001   18.963   22.807
  30.452   17.912    2.584
  25.669   33.689   29.145
  47.778    7.956   15.896
  41.865   47.228   49.629
  36.216   35.456   27.688
  21.489   22.490   22.302
  28.270   30.009   49.818
  48.535   27.334   40.356
  47.399   34.110   27.034
  46.533    0.108   31.047
  30.835   29.824   35.471
  14.742    7.812   46.564
  48.578   35.150   31.125
  33.978   33.197   27.262
  13.929   36.911   35.398
  46.581   13.034   47.771
  50.002   28.053   28.227
  42.327   35.348   15.606
  49.116   42.925   38.934
   5.933   11.495   28.420
  12.381   26.897   36.688
  28.353   30.308   26.532
  49.392   43.481    5.182
  48.616    4.083   23.872
   7.666   28.892   37.641
   4.937   16.246   25.140
  32.360   36.523   45.991
  17.996    8.185   36.038
  39.299   48.238   49.426
  23.757    6.049   40.803
  25.580   45.047   36.552
  12.149   40.313   47.537
  16.218    1.854   45.599
  26.191    3.641   32.579
  45.159   49.773   36.729
  37.332    5.344    0.828
  23.113   49.730   40.757
  41.143   43.805    2.668
  39.527   37.605    2.823
  27.223   44.981    8.062
  17.022   21.085    0.600
  22.374   23.573   30.627
   0.680    6.848   11.042
   5.973   33.713   11.513
   0.027   44.091   36.509
  44.185   35.453   24.189
  34.830   41.627   37.361
  30.260   17.849   24.913
   1.195   26.019   16.534
   3.907   30.979   12.877
   7.333   48.419    5.774
  39.260   14.888   12.121
  23.313   19.646   33.107
  44.073    8.705   28.673
  21.190   19.733   44.405
  43.478   11.295   39.133
   2.450    2.745   25.219
  25.690   39.782   29.377
  25.410   22.407   35.391
   6.524    8.161   28.304
  26.147   33.637    6.804
  11.691    5.936   34.069
  49.147   10.610   34.774
  39.924   19.448   45.750
  34.232   36.660   41.533
   9.633   18.100   26.127
  18.455   14.120   33.738
  21.325   29.726   39.229
  45.134   22.578   45.241
   0.777   13.907   29.744
  34.800   10.932    7.223
  33.828   12.048    6.615
  35.773    9.816    7.831
  34.612   11.562    8.681
  34.989   10.301    5.765
  36.057   11.890    6.971
  33.544    9.974    7.475
  43.887   34.543   34.619
  44.923   35.359   33.714
  42.851   33.727   35.525
  44.427   33.170   33.999
  43.348   35.916   35.239
  42.794   34.639   33.455
  44.980   34.447   35.784
   1.692    4.558   37.698
   0.099    4.518   37.848
   3.284    4.598   37.548
   1.748    2.967   37.862
   1.636    6.149   37.534
   1.837    4.727   39.282
   1.547    4.389   36.113
  28.856    9.295   32.066
  29.955   10.456   32.136
  27.757    8.134   31.995
  27.709   10.362   32.390
  30.004    8.228   31.742
  29.044    9.022   33.631
  28.668    9.567   30.500
  43.674   30.593   40.508
  43.271   30.079   39.047
  44.076   31.106   41.969
  42.781   29.436   41.160
  44.566   31.749   39.855
  42.408   31.572   40.512
  44.939   29.614   40.503
  12.260   18.214    8.503
  10.695   18.530    8.395
  13.824   17.898    8.612
  12.587   19.559    7.701
  11.932   16.869    9.306
  12.193   17.407    7.123
  12.326   19.021    9.883
  48.530   36.544   27.547
  47.053   36.080   27.949
  50.008   37.009   27.146
  47.942   37.917   26.972
  49.118   35.172   28.122
  48.352   35.866   26.109
  48.708   37.223   28.986
  46.706   30.149   48.413
  46.632   30.008   46.820
  46.781   30.290   50.005
  47.072   28.596   48.533
  46.340   31.702   48.292
  45.151   29.790   48.517
  48.262   30.508   48.308
  35.329   23.548   28.949
  34.021   22.777   29.455
  36.636   24.318   28.442
  34.543   24.939   29.037
  36.114   22.157   28.860
  34.846   23.371   27.433
  35.812   23.724   30.464
  14.140   37.166    7.242
  15.298   36.873    6.178
  12.982   37.460    8.306
  13.919   38.616    6.602
  14.361   35.717    7.882
  15.221   37.777    8.251
  13.058   36.556    6.233
  28.558   26.642   20.053
  29.056   25.493   19.057
  28.059   27.791   21.048
  27.716   27.306   18.865
  29.399   25.978   21.241
  29.824   27.536   19.655
  27.291   25.748   20.450
  48.655   17.967    3.949
  48.552   16.571    3.174
  48.758   19.363    4.724
  50.000   18.310    3.153
  47.310   17.625    4.745
  49.516   17.264    5.100
  47.795   18.670    2.798
  13.268    2.395   22.188
  14.646    2.132   22.958
  11.891    2.659   21.418
  12.467    1.692   23.381
  14.070    3.099   20.995
  13.411    0.983   21.450
  13.126    3.808   22.926
   5.571   23.942   17.008
   4.497   24.625   17.978
   6.644   23.259   16.038
   4.385   23.294   16.152
   6.757   24.590   17.864
   5.598   22.648   17.949
   5.543   25.236   16.067
  34.505   47.386   41.648
  34.355   48.066   40.207
  34.654   46.705   43.088
  34.067   45.977   41.028
  34.942   48.794   42.268
  32.973   47.722   41.965
  36.037   47.050   41.330
  32.304   29.745   12.311
  33.452   30.311   11.352
  31.155   29.180   13.271
  33.416   29.227   13.337
  31.191   30.264   11.285
  32.355   28.341   11.546
  32.252   31.149   13.077
  23.419    4.429   33.572
  22.115    3.647   34.071
  24.722    5.210   33.073
  24.100    4.205   35.003
  22.737    4.652   32.142
  22.790    5.807   34.087
  24.048    3.050   33.058
  39.868   17.318   30.719
  41.371   17.809   30.966
  38.366   16.826   30.472
  40.351   15.795   30.813
  39.386   18.840   30.625
  40.132   17.304   29.141
  39.605   17.332   32.297
  20.996   22.450   47.629
  22.510   22.889   47.906
  19.483   22.011   47.352
  20.505   23.937   47.956
  21.488   20.963   47.302
  20.829   22.056   49.171
  21.164   22.845   46.088
  22.521   41.190   41.137
  23.909   40.420   40.938
  21.133   41.961   41.337
  21.738   39.796   41.081
  23.304   42.585   41.194
  22.374   41.337   39.551
  22.668   41.044   42.724
  43.768   40.014   47.542
  44.985   39.409   46.697
  42.552   40.620   48.386
  42.989   38.623   47.415
  44.548   41.406   47.668
  43.082   40.522   46.188
  44.455   39.507   48.895
  43.012    9.980   36.217
  43.975   11.258   36.210
  42.050    8.702   36.224
  41.829   10.875   36.817
  44.196    9.086   35.618
  43.495    9.625   37.701
  42.530   10.336   34.734
  32.978   37.882   48.773
  33.361   39.435   48.767
  32.594   36.328   48.778
  31.785   38.173   47.746
  34.170   37.591   49.799
  31.982   38.132   50.000
  33.973   37.631   47.545
  12.517   11.944   24.442
  13.278   13.348   24.342
  11.755   10.541   24.541
  11.513   12.566   25.522
  13.520   11.323   23.362
  13.503   11.493   25.618
  11.531   12.396   23.266
  28.886   31.380   29.927
  29.584   29.959   30.160
  28.187   32.800   29.694
  30.301   32.105   30.104
  27.470   30.655   29.750
  28.623   31.508   31.500
  29.148   31.251   28.354
  21.155   15.498   21.935
  21.168   14.803   23.376
  21.141   16.192   20.493
  20.307   16.717   22.531
  22.002   14.278   21.339
  19.798   14.729   21.577
  22.512   16.266   22.292
   9.135    3.502   30.092
   9.995    3.181   28.782
   8.274    3.823   31.402
   8.589    1.998   30.102
   9.681    5.006   30.082
   7.901    3.944   29.174
  10.368    3.060   31.010
  27.794   49.050   32.537
  26.491   49.973   32.645
  29.096   48.127   32.429
  28.330   49.948   31.326
  27.258   48.152   33.748
  27.035   48.100   31.497
  28.553   50.000   33.577
  48.264   22.918   20.062
  48.319   24.314   19.283
  48.210   21.521   20.841
  48.370   22.137   18.669
  48.158   23.699   21.454
  46.669   22.914   19.942
  49.860   22.922   20.181
  39.313   13.914    4.831
  38.852   15.444    4.919
  39.774   12.385    4.743
  38.180   13.512    5.888
  40.445   14.316    3.775
  40.345   14.156    6.030
  38.281   13.672    3.633
  17.283    6.151   45.466
  15.733    6.421   45.177
  18.834    5.880   45.755
  17.487    7.697   45.823
  17.080    4.604   45.110
  17.623    6.459   43.933
  16.944    5.842   46.999
  10.061   25.745   43.569
   9.257   24.478   44.124
  10.865   27.012   43.015
  11.387   24.856   43.460
   8.735   26.634   43.679
  10.456   26.150   45.066
   9.666   25.340   42.073
  45.058   38.574   18.136
  45.568   38.166   16.676
  44.549   38.982   19.597
  44.398   39.902   17.535
  45.718   37.246   18.738
  46.424   39.368   18.391
  43.693   37.780   17.882
   6.975    7.540   14.564
   8.185    8.343   15.235
   5.765    6.736   13.892
   8.021    6.658   13.734
   5.929    8.421   15.394
   6.928    8.606   13.372
   7.021    6.473   15.755
  32.518   17.819    8.919
  32.632   16.223    8.938
  32.403   19.415    8.899
  31.660   17.741    7.570
  33.375   17.897   10.267
  33.864   17.905    8.058
  31.172   17.733    9.779
  31.233    6.246   41.778
  31.294    5.925   43.344
  31.172    6.568   40.212
  32.019    7.618   42.029
  30.447    4.875   41.527
  29.841    7.006   41.988
  32.626    5.487   41.568
  34.695   38.624   31.992
  34.500   37.722   30.684
  34.890   39.525   33.300
  33.235   39.244   31.783
  36.155   38.003   32.202
  35.320   39.791   31.094
  34.070   37.456   32.890
  16.377   33.214    9.426
  16.787   34.728    9.110
  15.968   31.700    9.743
  17.843   32.730    9.006
  14.911   33.698    9.846
  15.884   33.031    7.915
  16.870   33.396   10.937
  24.452    2.269    2.160
  24.166    3.811    2.472
  24.739    0.726    1.848
  25.952    2.439    2.691
  22.953    2.098    1.629
  24.931    2.656    0.683
  23.974    1.881    3.637
  32.981   13.184    1.416
  31.841   14.258    1.746
  34.120   12.110    1.087
  34.077   14.143    2.078
  31.885   12.224    0.754
  33.228   13.881   -0.003
  32.734   12.487    2.835
  20.425   22.489   27.511
  20.397   23.798   26.592
  20.453   21.179   28.430
  21.995   22.334   27.243
  18.855   22.644   27.780
  20.116   21.582   26.229
  20.733   23.395   28.793
   6.474   21.647   30.301
   7.152   21.270   31.701
   5.797   22.024   28.902
   7.710   22.605   29.961
   5.239   20.689   30.641
   5.717   22.872   30.998
   7.232   20.422   29.604
  17.291   40.343   30.409
  15.876   39.680   30.066
  18.706   41.005   30.752
  16.743   41.765   29.921
  17.839   38.921   30.897
  17.798   40.029   28.924
  16.784   40.657   31.894
  12.903   48.695    2.475
  13.779   49.918    3.020
  12.027   47.471    1.931
  14.201   48.080    1.769
  11.606   49.310    3.181
  12.573   49.523    1.146
  13.234   47.867    3.804
   7.436   21.515   37.081
   8.312   22.459   38.031
   6.559   20.572   36.132
   8.066   22.225   35.793
   6.805   20.805   38.369
   6.255   22.595   37.098
   8.616   20.436   37.064
  17.145   17.342   44.653
  18.223   16.232   44.246
  16.067   18.452   45.061
  18.282   18.466   44.598
  16.008   16.218   44.708
  17.469   17.089   46.200
  16.821   17.595   43.107
  31.173   17.693   33.764
  30.650   16.799   34.984
  31.696   18.587   32.545
  29.797   18.509   33.772
  32.549   16.877   33.757
  30.547   16.646   32.729
  31.800   18.740   34.800
   3.556   16.951   48.441
   3.916   15.849   49.544
   3.196   18.052   47.337
   4.855   16.537   47.604
   2.256   17.364   49.278
   4.417   18.035   49.242
   2.695   15.866   47.640
   3.665   15.101   37.898
   2.906   15.035   36.491
   4.423   15.168   39.305
   4.203   16.565   37.539
   3.127   13.638   38.257
   4.967   14.458   37.226
   2.363   15.745   38.569
  24.457   47.327    3.701
  23.351   46.178    3.828
  25.563   48.476    3.573
  25.559   46.225    3.336
  23.355   48.428    4.065
  24.807   47.162    5.253
  24.107   47.491    2.148
   1.382   41.514   24.567
   0.530   42.684   23.885
   2.234   40.344   25.250
   2.727   42.340   24.303
   0.037   40.689   24.832
   1.540   40.800   23.145
   1.224   42.229   25.990
  16.427    1.207   16.110
  15.712   -0.000   15.341
  17.142    2.414   16.880
  15.055    2.029   16.095
  17.799    0.384   16.126
  16.835    1.860   14.708
  16.020    0.554   17.513
  21.055   29.297    3.837
  19.549   29.817    3.686
  22.560   28.777    3.987
  21.596   30.725    3.361
  20.514   27.868    4.312
  21.035   28.798    2.316
  21.075   29.795    5.357
  34.598   18.805   20.643
  36.114   19.084   20.214
  33.081   18.527   21.071
  34.452   20.328   21.114
  34.744   17.283   20.172
  35.087   18.398   22.111
  34.108   19.212   19.175
  31.604    8.665   48.903
  31.301    7.354   49.771
  31.907    9.975   48.036
  32.347    7.767   47.807
  30.861    9.562   50.000
  32.988    8.860   49.682
  30.219    8.469   48.125
  37.973   46.867   43.735
  38.616   45.534   44.342
  37.330   48.201   43.129
  36.522   46.381   44.204
  39.423   47.353   43.267
  37.767   46.129   42.331
  38.179   47.606   45.140
  34.414   42.879   43.902
  32.921   42.383   44.191
  35.907   43.376   43.612
  34.825   41.394   43.473
  34.003   44.365   44.331
  34.816   42.553   45.416
  34.012   43.205   42.388
  46.244   38.480   24.466
  45.380   38.975   25.719
  47.107   37.986   23.213
  47.566   39.077   25.141
  44.922   37.884   23.790
  45.986   39.880   23.735
  46.502   37.080   25.196
  47.401   15.431   31.169
  47.597   13.878   30.840
  47.205   16.985   31.497
  45.813   15.237   31.142
  48.989   15.626   31.196
  47.387   15.761   29.603
  47.414   15.102   32.735
  17.994   40.153    1.896
  17.061   39.606    3.075
  18.927   40.700    0.717
  19.027   38.959    2.159
  16.962   41.347    1.632
  18.784   41.068    2.945
  17.205   39.239    0.847
  15.386   48.638   39.049
  16.811   49.366   39.041
  13.962   47.909   39.057
  14.908   49.585   40.246
  15.864   47.690   37.851
  15.936   47.574   40.110
  14.836   49.701   37.988
  45.136   25.229   25.399
  46.450   24.478   24.880
  43.821   25.979   25.918
  44.439   23.816   25.678
  45.833   26.642   25.121
  44.547   25.226   23.912
  45.725   25.231   26.887
   6.928   44.324   41.087
   8.373   44.525   40.429
   5.484   44.124   41.745
   7.315   42.821   41.476
   6.542   45.827   40.697
   6.359   43.814   39.682
   7.498   44.835   42.492
  19.160   44.856    5.254
  19.447   45.557    6.664
  18.873   44.154    3.845
  17.586   45.000    5.503
  20.734   44.711    5.006
  19.142   43.425    5.970
  19.178   46.286    4.539
  14.011   30.504   35.815
  13.141   29.162   35.796
  14.881   31.847   35.833
  12.669   31.375   35.785
  15.354   29.634   35.844
  14.047   30.504   34.215
  13.976   30.505   37.414
  11.904   35.452   15.888
  10.315   35.635   15.895
  13.494   35.270   15.881
  11.725   33.881   16.129
  12.084   37.024   15.647
  11.939   35.691   17.470
  11.870   35.214   14.306
  18.560   18.990   26.867
  18.394   18.638   28.419
  18.726   19.342   25.315
  18.438   20.549   27.207
  18.681   17.431   26.526
  16.973   18.908   26.678
  20.146   19.072   27.055
  46.674   33.628   24.278
  45.326   32.781   24.118
  48.023   34.474   24.438
  47.166   32.627   25.426
  46.183   34.628   23.131
  45.967   34.546   25.381
  47.381   32.710   23.175
  42.757    6.959   17.650
  42.000    8.369   17.667
  43.514    5.550   17.633
  44.113    7.693   17.223
  41.400    6.226   18.077
  42.373    6.771   16.108
  43.140    7.147   19.192
  42.439   42.780   16.217
  43.036   41.628   17.154
  41.843   43.932   15.281
  43.497   43.818   16.820
  41.382   41.742   15.614
  41.397   43.175   17.366
  43.481   42.386   15.069
  23.412   48.560   20.320
  24.353   49.806   19.971
  22.472   47.313   20.669
  23.117   48.347   18.762
  23.708   48.773   21.878
  22.152   49.540   20.425
  24.673   47.580   20.215
   4.214   25.548   43.706
   5.179   25.773   42.449
   3.248   25.323   44.962
   3.234   24.669   42.796
   5.193   26.427   44.615
   3.396   26.866   43.313
   5.032   24.230   44.098
  40.391    1.045   20.565
  39.348    1.580   21.655
  41.433    0.511   19.476
  39.319   -0.035   20.070
  41.462    2.125   21.061
  40.960   -0.008   21.627
  39.821    2.098   19.504
  40.373   13.892   27.764
  41.208   15.152   27.241
  39.538   12.631   28.287
  40.978   14.099   29.230
  39.768   13.684   26.297
  41.596   12.929   27.395
  39.150   14.855   28.132
  31.784   12.804   46.425
  30.837   11.522   46.564
  32.730   14.086   46.287
  31.797   12.622   44.836
  31.771   12.986   48.015
  33.073   11.864   46.543
  30.494   13.743   46.307
