1 8 2 1 3 5
2 8 2 1 4 6
3 6 1 3 5 7
4 6 1 3 5 8
5 6 1 3 5 9
6 6 1 4 6 10
7 6 1 4 6 11
8 6 1 4 6 12
9 8 14 13 15 17
10 8 14 13 16 18
11 6 13 15 17 19
12 6 13 15 17 20
13 6 13 15 17 21
14 6 13 16 18 22
15 6 13 16 18 23
16 6 13 16 18 24
17 8 26 25 27 29
18 8 26 25 28 30
19 6 25 27 29 31
20 6 25 27 29 32
21 6 25 27 29 33
22 6 25 28 30 34
23 6 25 28 30 35
24 6 25 28 30 36
25 8 38 37 39 41
26 8 38 37 40 42
27 6 37 39 41 43
28 6 37 39 41 44
29 6 37 39 41 45
30 6 37 40 42 46
31 6 37 40 42 47
32 6 37 40 42 48
33 8 50 49 51 53
34 8 50 49 52 54
35 6 49 51 53 55
36 6 49 51 53 56
37 6 49 51 53 57
38 6 49 52 54 58
39 6 49 52 54 59
40 6 49 52 54 60
41 8 62 61 63 65
42 8 62 61 64 66
43 6 61 63 65 67
44 6 61 63 65 68
45 6 61 63 65 69
46 6 61 64 66 70
47 6 61 64 66 71
48 6 61 64 66 72
49 8 74 73 75 77
50 8 74 73 76 78
51 6 73 75 77 79
52 6 73 75 77 80
53 6 73 75 77 81
54 6 73 76 78 82
55 6 73 76 78 83
56 6 73 76 78 84
57 8 86 85 87 89
58 8 86 85 88 90
59 6 85 87 89 91
60 6 85 87 89 92
61 6 85 87 89 93
62 6 85 88 90 94
63 6 85 88 90 95
64 6 85 88 90 96
65 8 98 97 99 101
66 8 98 97 100 102
67 6 97 99 101 103
68 6 97 99 101 104
69 6 97 99 101 105
70 6 97 100 102 106
71 6 97 100 102 107
72 6 97 100 102 108
73 8 110 109 111 113
74 8 110 109 112 114
75 6 109 111 113 115
76 6 109 111 113 116
77 6 109 111 113 117
78 6 109 112 114 118
79 6 109 112 114 119
80 6 109 112 114 120
81 8 122 121 123 125
82 8 122 121 124 126
83 6 121 123 125 127
84 6 121 123 125 128
85 6 121 123 125 129
86 6 121 124 126 130
87 6 121 124 126 131
88 6 121 124 126 132
89 8 134 133 135 137
90 8 134 133 136 138
91 6 133 135 137 139
92 6 133 135 137 140
93 6 133 135 137 141
94 6 133 136 138 142
95 6 133 136 138 143
96 6 133 136 138 144
97 8 146 145 147 149
98 8 146 145 148 150
99 6 145 147 149 151
100 6 145 147 149 152
101 6 145 147 149 153
102 6 145 148 150 154
103 6 145 148 150 155
104 6 145 148 150 156
105 8 158 157 159 161
106 8 158 157 160 162
107 6 157 159 161 163
108 6 157 159 161 164
109 6 157 159 161 165
110 6 157 160 162 166
111 6 157 160 162 167
112 6 157 160 162 168
113 8 170 169 171 173
114 8 170 169 172 174
115 6 169 171 173 175
116 6 169 171 173 176
117 6 169 171 173 177
118 6 169 172 174 178
119 6 169 172 174 179
120 6 169 172 174 180
121 8 182 181 183 185
122 8 182 181 184 186
123 6 181 183 185 187
124 6 181 183 185 188
125 6 181 183 185 189
126 6 181 184 186 190
127 6 181 184 186 191
128 6 181 184 186 192
129 8 194 193 195 197
130 8 194 193 196 198
131 6 193 195 197 199
132 6 193 195 197 200
133 6 193 195 197 201
134 6 193 196 198 202
135 6 193 196 198 203
136 6 193 196 198 204
137 8 206 205 207 209
138 8 206 205 208 210
139 6 205 207 209 211
140 6 205 207 209 212
141 6 205 207 209 213
142 6 205 208 210 214
143 6 205 208 210 215
144 6 205 208 210 216
145 8 218 217 219 221
146 8 218 217 220 222
147 6 217 219 221 223
148 6 217 219 221 224
149 6 217 219 221 225
150 6 217 220 222 226
151 6 217 220 222 227
152 6 217 220 222 228
153 8 230 229 231 233
154 8 230 229 232 234
155 6 229 231 233 235
156 6 229 231 233 236
157 6 229 231 233 237
158 6 229 232 234 238
159 6 229 232 234 239
160 6 229 232 234 240
161 8 242 241 243 245
162 8 242 241 244 246
163 6 241 243 245 247
164 6 241 243 245 248
165 6 241 243 245 249
166 6 241 244 246 250
167 6 241 244 246 251
168 6 241 244 246 252
169 8 254 253 255 257
170 8 254 253 256 258
171 6 253 255 257 259
172 6 253 255 257 260
173 6 253 255 257 261
174 6 253 256 258 262
175 6 253 256 258 263
176 6 253 256 258 264
177 8 266 265 267 269
178 8 266 265 268 270
179 6 265 267 269 271
180 6 265 267 269 272
181 6 265 267 269 273
182 6 265 268 270 274
183 6 265 268 270 275
184 6 265 268 270 276
185 8 278 277 279 281
186 8 278 277 280 282
187 6 277 279 281 283
188 6 277 279 281 284
189 6 277 279 281 285
190 6 277 280 282 286
191 6 277 280 282 287
192 6 277 280 282 288
193 8 290 289 291 293
194 8 290 289 292 294
195 6 289 291 293 295
196 6 289 291 293 296
197 6 289 291 293 297
198 6 289 292 294 298
199 6 289 292 294 299
200 6 289 292 294 300
201 8 302 301 303 305
202 8 302 301 304 306
203 6 301 303 305 307
204 6 301 303 305 308
205 6 301 303 305 309
206 6 301 304 306 310
207 6 301 304 306 311
208 6 301 304 306 312
209 8 314 313 315 317
210 8 314 313 316 318
211 6 313 315 317 319
212 6 313 315 317 320
213 6 313 315 317 321
214 6 313 316 318 322
215 6 313 316 318 323
216 6 313 316 318 324
217 8 326 325 327 329
218 8 326 325 328 330
219 6 325 327 329 331
220 6 325 327 329 332
221 6 325 327 329 333
222 6 325 328 330 334
223 6 325 328 330 335
224 6 325 328 330 336
225 8 338 337 339 341
226 8 338 337 340 342
227 6 337 339 341 343
228 6 337 339 341 344
229 6 337 339 341 345
230 6 337 340 342 346
231 6 337 340 342 347
232 6 337 340 342 348
233 8 350 349 351 353
234 8 350 349 352 354
235 6 349 351 353 355
236 6 349 351 353 356
237 6 349 351 353 357
238 6 349 352 354 358
239 6 349 352 354 359
240 6 349 352 354 360
241 8 362 361 363 365
242 8 362 361 364 366
243 6 361 363 365 367
244 6 361 363 365 368
245 6 361 363 365 369
246 6 361 364 366 370
247 6 361 364 366 371
248 6 361 364 366 372
249 8 374 373 375 377
250 8 374 373 376 378
251 6 373 375 377 379
252 6 373 375 377 380
253 6 373 375 377 381
254 6 373 376 378 382
255 6 373 376 378 383
256 6 373 376 378 384
257 8 386 385 387 389
258 8 386 385 388 390
259 6 385 387 389 391
260 6 385 387 389 392
261 6 385 387 389 393
262 6 385 388 390 394
263 6 385 388 390 395
264 6 385 388 390 396
265 8 398 397 399 401
266 8 398 397 400 402
267 6 397 399 401 403
268 6 397 399 401 404
269 6 397 399 401 405
270 6 397 400 402 406
271 6 397 400 402 407
272 6 397 400 402 408
273 8 410 409 411 413
274 8 410 409 412 414
275 6 409 411 413 415
276 6 409 411 413 416
277 6 409 411 413 417
278 6 409 412 414 418
279 6 409 412 414 419
280 6 409 412 414 420
281 8 422 421 423 425
282 8 422 421 424 426
283 6 421 423 425 427
284 6 421 423 425 428
285 6 421 423 425 429
286 6 421 424 426 430
287 6 421 424 426 431
288 6 421 424 426 432
289 8 434 433 435 437
290 8 434 433 436 438
291 6 433 435 437 439
292 6 433 435 437 440
293 6 433 435 437 441
294 6 433 436 438 442
295 6 433 436 438 443
296 6 433 436 438 444
297 8 446 445 447 449
298 8 446 445 448 450
299 6 445 447 449 451
300 6 445 447 449 452
301 6 445 447 449 453
302 6 445 448 450 454
303 6 445 448 450 455
304 6 445 448 450 456
305 8 458 457 459 461
306 8 458 457 460 462
307 6 457 459 461 463
308 6 457 459 461 464
309 6 457 459 461 465
310 6 457 460 462 466
311 6 457 460 462 467
312 6 457 460 462 468
313 8 470 469 471 473
314 8 470 469 472 474
315 6 469 471 473 475
316 6 469 471 473 476
317 6 469 471 473 477
318 6 469 472 474 478
319 6 469 472 474 479
320 6 469 472 474 480
321 8 482 481 483 485
322 8 482 481 484 486
323 6 481 483 485 487
324 6 481 483 485 488
325 6 481 483 485 489
326 6 481 484 486 490
327 6 481 484 486 491
328 6 481 484 486 492
329 8 494 493 495 497
330 8 494 493 496 498
331 6 493 495 497 499
332 6 493 495 497 500
333 6 493 495 497 501
334 6 493 496 498 502
335 6 493 496 498 503
336 6 493 496 498 504
337 8 506 505 507 509
338 8 506 505 508 510
339 6 505 507 509 511
340 6 505 507 509 512
341 6 505 507 509 513
342 6 505 508 510 514
343 6 505 508 510 515
344 6 505 508 510 516
345 8 518 517 519 521
346 8 518 517 520 522
347 6 517 519 521 523
348 6 517 519 521 524
349 6 517 519 521 525
350 6 517 520 522 526
351 6 517 520 522 527
352 6 517 520 522 528
353 8 530 529 531 533
354 8 530 529 532 534
355 6 529 531 533 535
356 6 529 531 533 536
357 6 529 531 533 537
358 6 529 532 534 538
359 6 529 532 534 539
360 6 529 532 534 540
361 8 542 541 543 545
362 8 542 541 544 546
363 6 541 543 545 547
364 6 541 543 545 548
365 6 541 543 545 549
366 6 541 544 546 550
367 6 541 544 546 551
368 6 541 544 546 552
369 8 554 553 555 557
370 8 554 553 556 558
371 6 553 555 557 559
372 6 553 555 557 560
373 6 553 555 557 561
374 6 553 556 558 562
375 6 553 556 558 563
376 6 553 556 558 564
377 8 566 565 567 569
378 8 566 565 568 570
379 6 565 567 569 571
380 6 565 567 569 572
381 6 565 567 569 573
382 6 565 568 570 574
383 6 565 568 570 575
384 6 565 568 570 576
385 8 578 577 579 581
386 8 578 577 580 582
387 6 577 579 581 583
388 6 577 579 581 584
389 6 577 579 581 585
390 6 577 580 582 586
391 6 577 580 582 587
392 6 577 580 582 588
393 8 590 589 591 593
394 8 590 589 592 594
395 6 589 591 593 595
396 6 589 591 593 596
397 6 589 591 593 597
398 6 589 592 594 598
399 6 589 592 594 599
400 6 589 592 594 600
401 8 602 601 603 605
402 8 602 601 604 606
403 6 601 603 605 607
404 6 601 603 605 608
405 6 601 603 605 609
406 6 601 604 606 610
407 6 601 604 606 611
408 6 601 604 606 612
409 8 614 613 615 617
410 8 614 613 616 618
411 6 613 615 617 619
412 6 613 615 617 620
413 6 613 615 617 621
414 6 613 616 618 622
415 6 613 616 618 623
416 6 613 616 618 624
417 8 626 625 627 629
418 8 626 625 628 630
419 6 625 627 629 631
420 6 625 627 629 632
421 6 625 627 629 633
422 6 625 628 630 634
423 6 625 628 630 635
424 6 625 628 630 636
425 8 638 637 639 641
426 8 638 637 640 642
427 6 637 639 641 643
428 6 637 639 641 644
429 6 637 639 641 645
430 6 637 640 642 646
431 6 637 640 642 647
432 6 637 640 642 648
433 8 650 649 651 653
434 8 650 649 652 654
435 6 649 651 653 655
436 6 649 651 653 656
437 6 649 651 653 657
438 6 649 652 654 658
439 6 649 652 654 659
440 6 649 652 654 660
441 8 662 661 663 665
442 8 662 661 664 666
443 6 661 663 665 667
444 6 661 663 665 668
445 6 661 663 665 669
446 6 661 664 666 670
447 6 661 664 666 671
448 6 661 664 666 672
449 8 674 673 675 677
450 8 674 673 676 678
451 6 673 675 677 679
452 6 673 675 677 680
453 6 673 675 677 681
454 6 673 676 678 682
455 6 673 676 678 683
456 6 673 676 678 684
457 8 686 685 687 689
458 8 686 685 688 690
459 6 685 687 689 691
460 6 685 687 689 692
461 6 685 687 689 693
462 6 685 688 690 694
463 6 685 688 690 695
464 6 685 688 690 696
465 8 698 697 699 701
466 8 698 697 700 702
467 6 697 699 701 703
468 6 697 699 701 704
469 6 697 699 701 705
470 6 697 700 702 706
471 6 697 700 702 707
472 6 697 700 702 708
473 8 710 709 711 713
474 8 710 709 712 714
475 6 709 711 713 715
476 6 709 711 713 716
477 6 709 711 713 717
478 6 709 712 714 718
479 6 709 712 714 719
480 6 709 712 714 720
481 8 722 721 723 725
482 8 722 721 724 726
483 6 721 723 725 727
484 6 721 723 725 728
485 6 721 723 725 729
486 6 721 724 726 730
487 6 721 724 726 731
488 6 721 724 726 732
489 8 734 733 735 737
490 8 734 733 736 738
491 6 733 735 737 739
492 6 733 735 737 740
493 6 733 735 737 741
494 6 733 736 738 742
495 6 733 736 738 743
496 6 733 736 738 744
497 8 746 745 747 749
498 8 746 745 748 750
499 6 745 747 749 751
500 6 745 747 749 752
501 6 745 747 749 753
502 6 745 748 750 754
503 6 745 748 750 755
504 6 745 748 750 756
505 8 758 757 759 761
506 8 758 757 760 762
507 6 757 759 761 763
508 6 757 759 761 764
509 6 757 759 761 765
510 6 757 760 762 766
511 6 757 760 762 767
512 6 757 760 762 768
513 8 770 769 771 773
514 8 770 769 772 774
515 6 769 771 773 775
516 6 769 771 773 776
517 6 769 771 773 777
518 6 769 772 774 778
519 6 769 772 774 779
520 6 769 772 774 780
521 8 782 781 783 785
522 8 782 781 784 786
523 6 781 783 785 787
524 6 781 783 785 788
525 6 781 783 785 789
526 6 781 784 786 790
527 6 781 784 786 791
528 6 781 784 786 792
529 8 794 793 795 797
530 8 794 793 796 798
531 6 793 795 797 799
532 6 793 795 797 800
533 6 793 795 797 801
534 6 793 796 798 802
535 6 793 796 798 803
536 6 793 796 798 804
537 8 806 805 807 809
538 8 806 805 808 810
539 6 805 807 809 811
540 6 805 807 809 812
541 6 805 807 809 813
542 6 805 808 810 814
543 6 805 808 810 815
544 6 805 808 810 816
545 8 818 817 819 821
546 8 818 817 820 822
547 6 817 819 821 823
548 6 817 819 821 824
549 6 817 819 821 825
550 6 817 820 822 826
551 6 817 820 822 827
552 6 817 820 822 828
553 8 830 829 831 833
554 8 830 829 832 834
555 6 829 831 833 835
556 6 829 831 833 836
557 6 829 831 833 837
558 6 829 832 834 838
559 6 829 832 834 839
560 6 829 832 834 840
561 8 842 841 843 845
562 8 842 841 844 846
563 6 841 843 845 847
564 6 841 843 845 848
565 6 841 843 845 849
566 6 841 844 846 850
567 6 841 844 846 851
568 6 841 844 846 852
569 8 854 853 855 857
570 8 854 853 856 858
571 6 853 855 857 859
572 6 853 855 857 860
573 6 853 855 857 861
574 6 853 856 858 862
575 6 853 856 858 863
576 6 853 856 858 864
577 8 866 865 867 869
578 8 866 865 868 870
579 6 865 867 869 871
580 6 865 867 869 872
581 6 865 867 869 873
582 6 865 868 870 874
583 6 865 868 870 875
584 6 865 868 870 876
585 8 878 877 879 881
586 8 878 877 880 882
587 6 877 879 881 883
588 6 877 879 881 884
589 6 877 879 881 885
590 6 877 880 882 886
591 6 877 880 882 887
592 6 877 880 882 888
593 8 890 889 891 893
594 8 890 889 892 894
595 6 889 891 893 895
596 6 889 891 893 896
597 6 889 891 893 897
598 6 889 892 894 898
599 6 889 892 894 899
600 6 889 892 894 900
601 8 902 901 903 905
602 8 902 901 904 906
603 6 901 903 905 907
604 6 901 903 905 908
605 6 901 903 905 909
606 6 901 904 906 910
607 6 901 904 906 911
608 6 901 904 906 912
609 8 914 913 915 917
610 8 914 913 916 918
611 6 913 915 917 919
612 6 913 915 917 920
613 6 913 915 917 921
614 6 913 916 918 922
615 6 913 916 918 923
616 6 913 916 918 924
617 8 926 925 927 929
618 8 926 925 928 930
619 6 925 927 929 931
620 6 925 927 929 932
621 6 925 927 929 933
622 6 925 928 930 934
623 6 925 928 930 935
624 6 925 928 930 936
625 8 938 937 939 941
626 8 938 937 940 942
627 6 937 939 941 943
628 6 937 939 941 944
629 6 937 939 941 945
630 6 937 940 942 946
631 6 937 940 942 947
632 6 937 940 942 948
633 8 950 949 951 953
634 8 950 949 952 954
635 6 949 951 953 955
636 6 949 951 953 956
637 6 949 951 953 957
638 6 949 952 954 958
639 6 949 952 954 959
640 6 949 952 954 960
641 8 962 961 963 965
642 8 962 961 964 966
643 6 961 963 965 967
644 6 961 963 965 968
645 6 961 963 965 969
646 6 961 964 966 970
647 6 961 964 966 971
648 6 961 964 966 972
649 8 974 973 975 977
650 8 974 973 976 978
651 6 973 975 977 979
652 6 973 975 977 980
653 6 973 975 977 981
654 6 973 976 978 982
655 6 973 976 978 983
656 6 973 976 978 984
657 8 986 985 987 989
658 8 986 985 988 990
659 6 985 987 989 991
660 6 985 987 989 992
661 6 985 987 989 993
662 6 985 988 990 994
663 6 985 988 990 995
664 6 985 988 990 996
665 8 998 997 999 1001
666 8 998 997 1000 1002
667 6 997 999 1001 1003
668 6 997 999 1001 1004
669 6 997 999 1001 1005
670 6 997 1000 1002 1006
671 6 997 1000 1002 1007
672 6 997 1000 1002 1008
673 8 1010 1009 1011 1013
674 8 1010 1009 1012 1014
675 6 1009 1011 1013 1015
676 6 1009 1011 1013 1016
677 6 1009 1011 1013 1017
678 6 1009 1012 1014 1018
679 6 1009 1012 1014 1019
680 6 1009 1012 1014 1020
681 8 1022 1021 1023 1025
682 8 1022 1021 1024 1026
683 6 1021 1023 1025 1027
684 6 1021 1023 1025 1028
685 6 1021 1023 1025 1029
686 6 1021 1024 1026 1030
687 6 1021 1024 1026 1031
688 6 1021 1024 1026 1032
689 8 1034 1033 1035 1037
690 8 1034 1033 1036 1038
691 6 1033 1035 1037 1039
692 6 1033 1035 1037 1040
693 6 1033 1035 1037 1041
694 6 1033 1036 1038 1042
695 6 1033 1036 1038 1043
696 6 1033 1036 1038 1044
697 8 1046 1045 1047 1049
698 8 1046 1045 1048 1050
699 6 1045 1047 1049 1051
700 6 1045 1047 1049 1052
701 6 1045 1047 1049 1053
702 6 1045 1048 1050 1054
703 6 1045 1048 1050 1055
704 6 1045 1048 1050 1056
705 8 1058 1057 1059 1061
706 8 1058 1057 1060 1062
707 6 1057 1059 1061 1063
708 6 1057 1059 1061 1064
709 6 1057 1059 1061 1065
710 6 1057 1060 1062 1066
711 6 1057 1060 1062 1067
712 6 1057 1060 1062 1068
713 8 1070 1069 1071 1073
714 8 1070 1069 1072 1074
715 6 1069 1071 1073 1075
716 6 1069 1071 1073 1076
717 6 1069 1071 1073 1077
718 6 1069 1072 1074 1078
719 6 1069 1072 1074 1079
720 6 1069 1072 1074 1080
721 8 1082 1081 1083 1085
722 8 1082 1081 1084 1086
723 6 1081 1083 1085 1087
724 6 1081 1083 1085 1088
725 6 1081 1083 1085 1089
726 6 1081 1084 1086 1090
727 6 1081 1084 1086 1091
728 6 1081 1084 1086 1092
729 8 1094 1093 1095 1097
730 8 1094 1093 1096 1098
731 6 1093 1095 1097 1099
732 6 1093 1095 1097 1100
733 6 1093 1095 1097 1101
734 6 1093 1096 1098 1102
735 6 1093 1096 1098 1103
736 6 1093 1096 1098 1104
737 8 1106 1105 1107 1109
738 8 1106 1105 1108 1110
739 6 1105 1107 1109 1111
740 6 1105 1107 1109 1112
741 6 1105 1107 1109 1113
742 6 1105 1108 1110 1114
743 6 1105 1108 1110 1115
744 6 1105 1108 1110 1116
745 8 1118 1117 1119 1121
746 8 1118 1117 1120 1122
747 6 1117 1119 1121 1123
748 6 1117 1119 1121 1124
749 6 1117 1119 1121 1125
750 6 1117 1120 1122 1126
751 6 1117 1120 1122 1127
752 6 1117 1120 1122 1128
753 8 1130 1129 1131 1133
754 8 1130 1129 1132 1134
755 6 1129 1131 1133 1135
756 6 1129 1131 1133 1136
757 6 1129 1131 1133 1137
758 6 1129 1132 1134 1138
759 6 1129 1132 1134 1139
760 6 1129 1132 1134 1140
761 8 1142 1141 1143 1145
762 8 1142 1141 1144 1146
763 6 1141 1143 1145 1147
764 6 1141 1143 1145 1148
765 6 1141 1143 1145 1149
766 6 1141 1144 1146 1150
767 6 1141 1144 1146 1151
768 6 1141 1144 1146 1152
769 8 1154 1153 1155 1157
770 8 1154 1153 1156 1158
771 6 1153 1155 1157 1159
772 6 1153 1155 1157 1160
773 6 1153 1155 1157 1161
774 6 1153 1156 1158 1162
775 6 1153 1156 1158 1163
776 6 1153 1156 1158 1164
777 8 1166 1165 1167 1169
778 8 1166 1165 1168 1170
779 6 1165 1167 1169 1171
780 6 1165 1167 1169 1172
781 6 1165 1167 1169 1173
782 6 1165 1168 1170 1174
783 6 1165 1168 1170 1175
784 6 1165 1168 1170 1176
785 8 1178 1177 1179 1181
786 8 1178 1177 1180 1182
787 6 1177 1179 1181 1183
788 6 1177 1179 1181 1184
789 6 1177 1179 1181 1185
790 6 1177 1180 1182 1186
791 6 1177 1180 1182 1187
792 6 1177 1180 1182 1188
793 8 1190 1189 1191 1193
794 8 1190 1189 1192 1194
795 6 1189 1191 1193 1195
796 6 1189 1191 1193 1196
797 6 1189 1191 1193 1197
798 6 1189 1192 1194 1198
799 6 1189 1192 1194 1199
800 6 1189 1192 1194 1200
801 8 1202 1201 1203 1205
802 8 1202 1201 1204 1206
803 6 1201 1203 1205 1207
804 6 1201 1203 1205 1208
805 6 1201 1203 1205 1209
806 6 1201 1204 1206 1210
807 6 1201 1204 1206 1211
808 6 1201 1204 1206 1212
809 8 1214 1213 1215 1217
810 8 1214 1213 1216 1218
811 6 1213 1215 1217 1219
812 6 1213 1215 1217 1220
813 6 1213 1215 1217 1221
814 6 1213 1216 1218 1222
815 6 1213 1216 1218 1223
816 6 1213 1216 1218 1224
817 8 1226 1225 1227 1229
818 8 1226 1225 1228 1230
819 6 1225 1227 1229 1231
820 6 1225 1227 1229 1232
821 6 1225 1227 1229 1233
822 6 1225 1228 1230 1234
823 6 1225 1228 1230 1235
824 6 1225 1228 1230 1236
825 8 1238 1237 1239 1241
826 8 1238 1237 1240 1242
827 6 1237 1239 1241 1243
828 6 1237 1239 1241 1244
829 6 1237 1239 1241 1245
830 6 1237 1240 1242 1246
831 6 1237 1240 1242 1247
832 6 1237 1240 1242 1248
833 8 1250 1249 1251 1253
834 8 1250 1249 1252 1254
835 6 1249 1251 1253 1255
836 6 1249 1251 1253 1256
837 6 1249 1251 1253 1257
838 6 1249 1252 1254 1258
839 6 1249 1252 1254 1259
840 6 1249 1252 1254 1260
841 8 1262 1261 1263 1265
842 8 1262 1261 1264 1266
843 6 1261 1263 1265 1267
844 6 1261 1263 1265 1268
845 6 1261 1263 1265 1269
846 6 1261 1264 1266 1270
847 6 1261 1264 1266 1271
848 6 1261 1264 1266 1272
849 8 1274 1273 1275 1277
850 8 1274 1273 1276 1278
851 6 1273 1275 1277 1279
852 6 1273 1275 1277 1280
853 6 1273 1275 1277 1281
854 6 1273 1276 1278 1282
855 6 1273 1276 1278 1283
856 6 1273 1276 1278 1284
857 8 1286 1285 1287 1289
858 8 1286 1285 1288 1290
859 6 1285 1287 1289 1291
860 6 1285 1287 1289 1292
861 6 1285 1287 1289 1293
862 6 1285 1288 1290 1294
863 6 1285 1288 1290 1295
864 6 1285 1288 1290 1296
865 8 1298 1297 1299 1301
866 8 1298 1297 1300 1302
867 6 1297 1299 1301 1303
868 6 1297 1299 1301 1304
869 6 1297 1299 1301 1305
870 6 1297 1300 1302 1306
871 6 1297 1300 1302 1307
872 6 1297 1300 1302 1308
873 8 1310 1309 1311 1313
874 8 1310 1309 1312 1314
875 6 1309 1311 1313 1315
876 6 1309 1311 1313 1316
877 6 1309 1311 1313 1317
878 6 1309 1312 1314 1318
879 6 1309 1312 1314 1319
880 6 1309 1312 1314 1320
881 8 1322 1321 1323 1325
882 8 1322 1321 1324 1326
883 6 1321 1323 1325 1327
884 6 1321 1323 1325 1328
885 6 1321 1323 1325 1329
886 6 1321 1324 1326 1330
887 6 1321 1324 1326 1331
888 6 1321 1324 1326 1332
889 8 1334 1333 1335 1337
890 8 1334 1333 1336 1338
891 6 1333 1335 1337 1339
892 6 1333 1335 1337 1340
893 6 1333 1335 1337 1341
894 6 1333 1336 1338 1342
895 6 1333 1336 1338 1343
896 6 1333 1336 1338 1344
897 8 1346 1345 1347 1349
898 8 1346 1345 1348 1350
899 6 1345 1347 1349 1351
900 6 1345 1347 1349 1352
901 6 1345 1347 1349 1353
902 6 1345 1348 1350 1354
903 6 1345 1348 1350 1355
904 6 1345 1348 1350 1356
905 8 1358 1357 1359 1361
906 8 1358 1357 1360 1362
907 6 1357 1359 1361 1363
908 6 1357 1359 1361 1364
909 6 1357 1359 1361 1365
910 6 1357 1360 1362 1366
911 6 1357 1360 1362 1367
912 6 1357 1360 1362 1368
913 8 1370 1369 1371 1373
914 8 1370 1369 1372 1374
915 6 1369 1371 1373 1375
916 6 1369 1371 1373 1376
917 6 1369 1371 1373 1377
918 6 1369 1372 1374 1378
919 6 1369 1372 1374 1379
920 6 1369 1372 1374 1380
921 8 1382 1381 1383 1385
922 8 1382 1381 1384 1386
923 6 1381 1383 1385 1387
924 6 1381 1383 1385 1388
925 6 1381 1383 1385 1389
926 6 1381 1384 1386 1390
927 6 1381 1384 1386 1391
928 6 1381 1384 1386 1392
929 8 1394 1393 1395 1397
930 8 1394 1393 1396 1398
931 6 1393 1395 1397 1399
932 6 1393 1395 1397 1400
933 6 1393 1395 1397 1401
934 6 1393 1396 1398 1402
935 6 1393 1396 1398 1403
936 6 1393 1396 1398 1404
937 8 1406 1405 1407 1409
938 8 1406 1405 1408 1410
939 6 1405 1407 1409 1411
940 6 1405 1407 1409 1412
941 6 1405 1407 1409 1413
942 6 1405 1408 1410 1414
943 6 1405 1408 1410 1415
944 6 1405 1408 1410 1416
945 8 1418 1417 1419 1421
946 8 1418 1417 1420 1422
947 6 1417 1419 1421 1423
948 6 1417 1419 1421 1424
949 6 1417 1419 1421 1425
950 6 1417 1420 1422 1426
951 6 1417 1420 1422 1427
952 6 1417 1420 1422 1428
953 8 1430 1429 1431 1433
954 8 1430 1429 1432 1434
955 6 1429 1431 1433 1435
956 6 1429 1431 1433 1436
957 6 1429 1431 1433 1437
958 6 1429 1432 1434 1438
959 6 1429 1432 1434 1439
960 6 1429 1432 1434 1440
961 8 1442 1441 1443 1445
962 8 1442 1441 1444 1446
963 6 1441 1443 1445 1447
964 6 1441 1443 1445 1448
965 6 1441 1443 1445 1449
966 6 1441 1444 1446 1450
967 6 1441 1444 1446 1451
968 6 1441 1444 1446 1452
969 8 1454 1453 1455 1457
970 8 1454 1453 1456 1458
971 6 1453 1455 1457 1459
972 6 1453 1455 1457 1460
973 6 1453 1455 1457 1461
974 6 1453 1456 1458 1462
975 6 1453 1456 1458 1463
976 6 1453 1456 1458 1464
977 8 1466 1465 1467 1469
978 8 1466 1465 1468 1470
979 6 1465 1467 1469 1471
980 6 1465 1467 1469 1472
981 6 1465 1467 1469 1473
982 6 1465 1468 1470 1474
983 6 1465 1468 1470 1475
984 6 1465 1468 1470 1476
985 8 1478 1477 1479 1481
986 8 1478 1477 1480 1482
987 6 1477 1479 1481 1483
988 6 1477 1479 1481 1484
989 6 1477 1479 1481 1485
990 6 1477 1480 1482 1486
991 6 1477 1480 1482 1487
992 6 1477 1480 1482 1488
993 8 1490 1489 1491 1493
994 8 1490 1489 1492 1494
995 6 1489 1491 1493 1495
996 6 1489 1491 1493 1496
997 6 1489 1491 1493 1497
998 6 1489 1492 1494 1498
999 6 1489 1492 1494 1499
1000 6 1489 1492 1494 1500
1001 8 1502 1501 1503 1505
1002 8 1502 1501 1504 1506
1003 6 1501 1503 1505 1507
1004 6 1501 1503 1505 1508
1005 6 1501 1503 1505 1509
1006 6 1501 1504 1506 1510
1007 6 1501 1504 1506 1511
1008 6 1501 1504 1506 1512
1009 8 1514 1513 1515 1517
1010 8 1514 1513 1516 1518
1011 6 1513 1515 1517 1519
1012 6 1513 1515 1517 1520
1013 6 1513 1515 1517 1521
1014 6 1513 1516 1518 1522
1015 6 1513 1516 1518 1523
1016 6 1513 1516 1518 1524
1017 8 1526 1525 1527 1529
1018 8 1526 1525 1528 1530
1019 6 1525 1527 1529 1531
1020 6 1525 1527 1529 1532
1021 6 1525 1527 1529 1533
1022 6 1525 1528 1530 1534
1023 6 1525 1528 1530 1535
1024 6 1525 1528 1530 1536
1025 8 1538 1537 1539 1541
1026 8 1538 1537 1540 1542
1027 6 1537 1539 1541 1543
1028 6 1537 1539 1541 1544
1029 6 1537 1539 1541 1545
1030 6 1537 1540 1542 1546
1031 6 1537 1540 1542 1547
1032 6 1537 1540 1542 1548
1033 8 1550 1549 1551 1553
1034 8 1550 1549 1552 1554
1035 6 1549 1551 1553 1555
1036 6 1549 1551 1553 1556
1037 6 1549 1551 1553 1557
1038 6 1549 1552 1554 1558
1039 6 1549 1552 1554 1559
1040 6 1549 1552 1554 1560
1041 8 1562 1561 1563 1565
1042 8 1562 1561 1564 1566
1043 6 1561 1563 1565 1567
1044 6 1561 1563 1565 1568
1045 6 1561 1563 1565 1569
1046 6 1561 1564 1566 1570
1047 6 1561 1564 1566 1571
1048 6 1561 1564 1566 1572
1049 8 1574 1573 1575 1577
1050 8 1574 1573 1576 1578
1051 6 1573 1575 1577 1579
1052 6 1573 1575 1577 1580
1053 6 1573 1575 1577 1581
1054 6 1573 1576 1578 1582
1055 6 1573 1576 1578 1583
1056 6 1573 1576 1578 1584
1057 8 1586 1585 1587 1589
1058 8 1586 1585 1588 1590
1059 6 1585 1587 1589 1591
1060 6 1585 1587 1589 1592
1061 6 1585 1587 1589 1593
1062 6 1585 1588 1590 1594
1063 6 1585 1588 1590 1595
1064 6 1585 1588 1590 1596
1065 8 1598 1597 1599 1601
1066 8 1598 1597 1600 1602
1067 6 1597 1599 1601 1603
1068 6 1597 1599 1601 1604
1069 6 1597 1599 1601 1605
1070 6 1597 1600 1602 1606
1071 6 1597 1600 1602 1607
1072 6 1597 1600 1602 1608
1073 8 1610 1609 1611 1613
1074 8 1610 1609 1612 1614
1075 6 1609 1611 1613 1615
1076 6 1609 1611 1613 1616
1077 6 1609 1611 1613 1617
1078 6 1609 1612 1614 1618
1079 6 1609 1612 1614 1619
1080 6 1609 1612 1614 1620
1081 8 1622 1621 1623 1625
1082 8 1622 1621 1624 1626
1083 6 1621 1623 1625 1627
1084 6 1621 1623 1625 1628
1085 6 1621 1623 1625 1629
1086 6 1621 1624 1626 1630
1087 6 1621 1624 1626 1631
1088 6 1621 1624 1626 1632
1089 8 1634 1633 1635 1637
1090 8 1634 1633 1636 1638
1091 6 1633 1635 1637 1639
1092 6 1633 1635 1637 1640
1093 6 1633 1635 1637 1641
1094 6 1633 1636 1638 1642
1095 6 1633 1636 1638 1643
1096 6 1633 1636 1638 1644
1097 8 1646 1645 1647 1649
1098 8 1646 1645 1648 1650
1099 6 1645 1647 1649 1651
1100 6 1645 1647 1649 1652
1101 6 1645 1647 1649 1653
1102 6 1645 1648 1650 1654
1103 6 1645 1648 1650 1655
1104 6 1645 1648 1650 1656
1105 8 1658 1657 1659 1661
1106 8 1658 1657 1660 1662
1107 6 1657 1659 1661 1663
1108 6 1657 1659 1661 1664
1109 6 1657 1659 1661 1665
1110 6 1657 1660 1662 1666
1111 6 1657 1660 1662 1667
1112 6 1657 1660 1662 1668
1113 8 1670 1669 1671 1673
1114 8 1670 1669 1672 1674
1115 6 1669 1671 1673 1675
1116 6 1669 1671 1673 1676
1117 6 1669 1671 1673 1677
1118 6 1669 1672 1674 1678
1119 6 1669 1672 1674 1679
1120 6 1669 1672 1674 1680
1121 8 1682 1681 1683 1685
1122 8 1682 1681 1684 1686
1123 6 1681 1683 1685 1687
1124 6 1681 1683 1685 1688
1125 6 1681 1683 1685 1689
1126 6 1681 1684 1686 1690
1127 6 1681 1684 1686 1691
1128 6 1681 1684 1686 1692
1129 8 1694 1693 1695 1697
1130 8 1694 1693 1696 1698
1131 6 1693 1695 1697 1699
1132 6 1693 1695 1697 1700
1133 6 1693 1695 1697 1701
1134 6 1693 1696 1698 1702
1135 6 1693 1696 1698 1703
1136 6 1693 1696 1698 1704
1137 8 1706 1705 1707 1709
1138 8 1706 1705 1708 1710
1139 6 1705 1707 1709 1711
1140 6 1705 1707 1709 1712
1141 6 1705 1707 1709 1713
1142 6 1705 1708 1710 1714
1143 6 1705 1708 1710 1715
1144 6 1705 1708 1710 1716
1145 8 1718 1717 1719 1721
1146 8 1718 1717 1720 1722
1147 6 1717 1719 1721 1723
1148 6 1717 1719 1721 1724
1149 6 1717 1719 1721 1725
1150 6 1717 1720 1722 1726
1151 6 1717 1720 1722 1727
1152 6 1717 1720 1722 1728
1153 8 1730 1729 1731 1733
1154 8 1730 1729 1732 1734
1155 6 1729 1731 1733 1735
1156 6 1729 1731 1733 1736
1157 6 1729 1731 1733 1737
1158 6 1729 1732 1734 1738
1159 6 1729 1732 1734 1739
1160 6 1729 1732 1734 1740
1161 8 1742 1741 1743 1745
1162 8 1742 1741 1744 1746
1163 6 1741 1743 1745 1747
1164 6 1741 1743 1745 1748
1165 6 1741 1743 1745 1749
1166 6 1741 1744 1746 1750
1167 6 1741 1744 1746 1751
1168 6 1741 1744 1746 1752
1169 8 1754 1753 1755 1757
1170 8 1754 1753 1756 1758
1171 6 1753 1755 1757 1759
1172 6 1753 1755 1757 1760
1173 6 1753 1755 1757 1761
1174 6 1753 1756 1758 1762
1175 6 1753 1756 1758 1763
1176 6 1753 1756 1758 1764
1177 8 1766 1765 1767 1769
1178 8 1766 1765 1768 1770
1179 6 1765 1767 1769 1771
1180 6 1765 1767 1769 1772
1181 6 1765 1767 1769 1773
1182 6 1765 1768 1770 1774
1183 6 1765 1768 1770 1775
1184 6 1765 1768 1770 1776
1185 8 1778 1777 1779 1781
1186 8 1778 1777 1780 1782
1187 6 1777 1779 1781 1783
1188 6 1777 1779 1781 1784
1189 6 1777 1779 1781 1785
1190 6 1777 1780 1782 1786
1191 6 1777 1780 1782 1787
1192 6 1777 1780 1782 1788
1193 8 1790 1789 1791 1793
1194 8 1790 1789 1792 1794
1195 6 1789 1791 1793 1795
1196 6 1789 1791 1793 1796
1197 6 1789 1791 1793 1797
1198 6 1789 1792 1794 1798
1199 6 1789 1792 1794 1799
1200 6 1789 1792 1794 1800
1201 8 1802 1801 1803 1805
1202 8 1802 1801 1804 1806
1203 6 1801 1803 1805 1807
1204 6 1801 1803 1805 1808
1205 6 1801 1803 1805 1809
1206 6 1801 1804 1806 1810
1207 6 1801 1804 1806 1811
1208 6 1801 1804 1806 1812
1209 8 1814 1813 1815 1817
1210 8 1814 1813 1816 1818
1211 6 1813 1815 1817 1819
1212 6 1813 1815 1817 1820
1213 6 1813 1815 1817 1821
1214 6 1813 1816 1818 1822
1215 6 1813 1816 1818 1823
1216 6 1813 1816 1818 1824
1217 8 1826 1825 1827 1829
1218 8 1826 1825 1828 1830
1219 6 1825 1827 1829 1831
1220 6 1825 1827 1829 1832
1221 6 1825 1827 1829 1833
1222 6 1825 1828 1830 1834
1223 6 1825 1828 1830 1835
1224 6 1825 1828 1830 1836
1225 8 1838 1837 1839 1841
1226 8 1838 1837 1840 1842
1227 6 1837 1839 1841 1843
1228 6 1837 1839 1841 1844
1229 6 1837 1839 1841 1845
1230 6 1837 1840 1842 1846
1231 6 1837 1840 1842 1847
1232 6 1837 1840 1842 1848
1233 8 1850 1849 1851 1853
1234 8 1850 1849 1852 1854
1235 6 1849 1851 1853 1855
1236 6 1849 1851 1853 1856
1237 6 1849 1851 1853 1857
1238 6 1849 1852 1854 1858
1239 6 1849 1852 1854 1859
1240 6 1849 1852 1854 1860
1241 8 1862 1861 1863 1865
1242 8 1862 1861 1864 1866
1243 6 1861 1863 1865 1867
1244 6 1861 1863 1865 1868
1245 6 1861 1863 1865 1869
1246 6 1861 1864 1866 1870
1247 6 1861 1864 1866 1871
1248 6 1861 1864 1866 1872
1249 8 1874 1873 1875 1877
1250 8 1874 1873 1876 1878
1251 6 1873 1875 1877 1879
1252 6 1873 1875 1877 1880
1253 6 1873 1875 1877 1881
1254 6 1873 1876 1878 1882
1255 6 1873 1876 1878 1883
1256 6 1873 1876 1878 1884
1257 8 1886 1885 1887 1889
1258 8 1886 1885 1888 1890
1259 6 1885 1887 1889 1891
1260 6 1885 1887 1889 1892
1261 6 1885 1887 1889 1893
1262 6 1885 1888 1890 1894
1263 6 1885 1888 1890 1895
1264 6 1885 1888 1890 1896
1265 8 1898 1897 1899 1901
1266 8 1898 1897 1900 1902
1267 6 1897 1899 1901 1903
1268 6 1897 1899 1901 1904
1269 6 1897 1899 1901 1905
1270 6 1897 1900 1902 1906
1271 6 1897 1900 1902 1907
1272 6 1897 1900 1902 1908
1273 8 1910 1909 1911 1913
1274 8 1910 1909 1912 1914
1275 6 1909 1911 1913 1915
1276 6 1909 1911 1913 1916
1277 6 1909 1911 1913 1917
1278 6 1909 1912 1914 1918
1279 6 1909 1912 1914 1919
1280 6 1909 1912 1914 1920
1281 8 1922 1921 1923 1925
1282 8 1922 1921 1924 1926
1283 6 1921 1923 1925 1927
1284 6 1921 1923 1925 1928
1285 6 1921 1923 1925 1929
1286 6 1921 1924 1926 1930
1287 6 1921 1924 1926 1931
1288 6 1921 1924 1926 1932
1289 8 1934 1933 1935 1937
1290 8 1934 1933 1936 1938
1291 6 1933 1935 1937 1939
1292 6 1933 1935 1937 1940
1293 6 1933 1935 1937 1941
1294 6 1933 1936 1938 1942
1295 6 1933 1936 1938 1943
1296 6 1933 1936 1938 1944
1297 8 1946 1945 1947 1949
1298 8 1946 1945 1948 1950
1299 6 1945 1947 1949 1951
1300 6 1945 1947 1949 1952
1301 6 1945 1947 1949 1953
1302 6 1945 1948 1950 1954
1303 6 1945 1948 1950 1955
1304 6 1945 1948 1950 1956
1305 8 1958 1957 1959 1961
1306 8 1958 1957 1960 1962
1307 6 1957 1959 1961 1963
1308 6 1957 1959 1961 1964
1309 6 1957 1959 1961 1965
1310 6 1957 1960 1962 1966
1311 6 1957 1960 1962 1967
1312 6 1957 1960 1962 1968
1313 8 1970 1969 1971 1973
1314 8 1970 1969 1972 1974
1315 6 1969 1971 1973 1975
1316 6 1969 1971 1973 1976
1317 6 1969 1971 1973 1977
1318 6 1969 1972 1974 1978
1319 6 1969 1972 1974 1979
1320 6 1969 1972 1974 1980
1321 8 1982 1981 1983 1985
1322 8 1982 1981 1984 1986
1323 6 1981 1983 1985 1987
1324 6 1981 1983 1985 1988
1325 6 1981 1983 1985 1989
1326 6 1981 1984 1986 1990
1327 6 1981 1984 1986 1991
1328 6 1981 1984 1986 1992
1329 8 1994 1993 1995 1997
1330 8 1994 1993 1996 1998
1331 6 1993 1995 1997 1999
1332 6 1993 1995 1997 2000
1333 6 1993 1995 1997 2001
1334 6 1993 1996 1998 2002
1335 6 1993 1996 1998 2003
1336 6 1993 1996 1998 2004
1337 8 2006 2005 2007 2009
1338 8 2006 2005 2008 2010
1339 6 2005 2007 2009 2011
1340 6 2005 2007 2009 2012
1341 6 2005 2007 2009 2013
1342 6 2005 2008 2010 2014
1343 6 2005 2008 2010 2015
1344 6 2005 2008 2010 2016
1345 8 2018 2017 2019 2021
1346 8 2018 2017 2020 2022
1347 6 2017 2019 2021 2023
1348 6 2017 2019 2021 2024
1349 6 2017 2019 2021 2025
1350 6 2017 2020 2022 2026
1351 6 2017 2020 2022 2027
1352 6 2017 2020 2022 2028
1353 8 2030 2029 2031 2033
1354 8 2030 2029 2032 2034
1355 6 2029 2031 2033 2035
1356 6 2029 2031 2033 2036
1357 6 2029 2031 2033 2037
1358 6 2029 2032 2034 2038
1359 6 2029 2032 2034 2039
1360 6 2029 2032 2034 2040
1361 8 2042 2041 2043 2045
1362 8 2042 2041 2044 2046
1363 6 2041 2043 2045 2047
1364 6 2041 2043 2045 2048
1365 6 2041 2043 2045 2049
1366 6 2041 2044 2046 2050
1367 6 2041 2044 2046 2051
1368 6 2041 2044 2046 2052
1369 8 2054 2053 2055 2057
1370 8 2054 2053 2056 2058
1371 6 2053 2055 2057 2059
1372 6 2053 2055 2057 2060
1373 6 2053 2055 2057 2061
1374 6 2053 2056 2058 2062
1375 6 2053 2056 2058 2063
1376 6 2053 2056 2058 2064
1377 8 2066 2065 2067 2069
1378 8 2066 2065 2068 2070
1379 6 2065 2067 2069 2071
1380 6 2065 2067 2069 2072
1381 6 2065 2067 2069 2073
1382 6 2065 2068 2070 2074
1383 6 2065 2068 2070 2075
1384 6 2065 2068 2070 2076
1385 8 2078 2077 2079 2081
1386 8 2078 2077 2080 2082
1387 6 2077 2079 2081 2083
1388 6 2077 2079 2081 2084
1389 6 2077 2079 2081 2085
1390 6 2077 2080 2082 2086
1391 6 2077 2080 2082 2087
1392 6 2077 2080 2082 2088
1393 8 2090 2089 2091 2093
1394 8 2090 2089 2092 2094
1395 6 2089 2091 2093 2095
1396 6 2089 2091 2093 2096
1397 6 2089 2091 2093 2097
1398 6 2089 2092 2094 2098
1399 6 2089 2092 2094 2099
1400 6 2089 2092 2094 2100
1401 8 2102 2101 2103 2105
1402 8 2102 2101 2104 2106
1403 6 2101 2103 2105 2107
1404 6 2101 2103 2105 2108
1405 6 2101 2103 2105 2109
1406 6 2101 2104 2106 2110
1407 6 2101 2104 2106 2111
1408 6 2101 2104 2106 2112
1409 8 2114 2113 2115 2117
1410 8 2114 2113 2116 2118
1411 6 2113 2115 2117 2119
1412 6 2113 2115 2117 2120
1413 6 2113 2115 2117 2121
1414 6 2113 2116 2118 2122
1415 6 2113 2116 2118 2123
1416 6 2113 2116 2118 2124
1417 8 2126 2125 2127 2129
1418 8 2126 2125 2128 2130
1419 6 2125 2127 2129 2131
1420 6 2125 2127 2129 2132
1421 6 2125 2127 2129 2133
1422 6 2125 2128 2130 2134
1423 6 2125 2128 2130 2135
1424 6 2125 2128 2130 2136
1425 8 2138 2137 2139 2141
1426 8 2138 2137 2140 2142
1427 6 2137 2139 2141 2143
1428 6 2137 2139 2141 2144
1429 6 2137 2139 2141 2145
1430 6 2137 2140 2142 2146
1431 6 2137 2140 2142 2147
1432 6 2137 2140 2142 2148
1433 8 2150 2149 2151 2153
1434 8 2150 2149 2152 2154
1435 6 2149 2151 2153 2155
1436 6 2149 2151 2153 2156
1437 6 2149 2151 2153 2157
1438 6 2149 2152 2154 2158
1439 6 2149 2152 2154 2159
1440 6 2149 2152 2154 2160
1441 8 2162 2161 2163 2165
1442 8 2162 2161 2164 2166
1443 6 2161 2163 2165 2167
1444 6 2161 2163 2165 2168
1445 6 2161 2163 2165 2169
1446 6 2161 2164 2166 2170
1447 6 2161 2164 2166 2171
1448 6 2161 2164 2166 2172
1449 8 2174 2173 2175 2177
1450 8 2174 2173 2176 2178
1451 6 2173 2175 2177 2179
1452 6 2173 2175 2177 2180
1453 6 2173 2175 2177 2181
1454 6 2173 2176 2178 2182
1455 6 2173 2176 2178 2183
1456 6 2173 2176 2178 2184
1457 8 2186 2185 2187 2189
1458 8 2186 2185 2188 2190
1459 6 2185 2187 2189 2191
1460 6 2185 2187 2189 2192
1461 6 2185 2187 2189 2193
1462 6 2185 2188 2190 2194
1463 6 2185 2188 2190 2195
1464 6 2185 2188 2190 2196
1465 8 2198 2197 2199 2201
1466 8 2198 2197 2200 2202
1467 6 2197 2199 2201 2203
1468 6 2197 2199 2201 2204
1469 6 2197 2199 2201 2205
1470 6 2197 2200 2202 2206
1471 6 2197 2200 2202 2207
1472 6 2197 2200 2202 2208
1473 8 2210 2209 2211 2213
1474 8 2210 2209 2212 2214
1475 6 2209 2211 2213 2215
1476 6 2209 2211 2213 2216
1477 6 2209 2211 2213 2217
1478 6 2209 2212 2214 2218
1479 6 2209 2212 2214 2219
1480 6 2209 2212 2214 2220
1481 8 2222 2221 2223 2225
1482 8 2222 2221 2224 2226
1483 6 2221 2223 2225 2227
1484 6 2221 2223 2225 2228
1485 6 2221 2223 2225 2229
1486 6 2221 2224 2226 2230
1487 6 2221 2224 2226 2231
1488 6 2221 2224 2226 2232
1489 8 2234 2233 2235 2237
1490 8 2234 2233 2236 2238
1491 6 2233 2235 2237 2239
1492 6 2233 2235 2237 2240
1493 6 2233 2235 2237 2241
1494 6 2233 2236 2238 2242
1495 6 2233 2236 2238 2243
1496 6 2233 2236 2238 2244
1497 8 2246 2245 2247 2249
1498 8 2246 2245 2248 2250
1499 6 2245 2247 2249 2251
1500 6 2245 2247 2249 2252
1501 6 2245 2247 2249 2253
1502 6 2245 2248 2250 2254
1503 6 2245 2248 2250 2255
1504 6 2245 2248 2250 2256
1505 8 2258 2257 2259 2261
1506 8 2258 2257 2260 2262
1507 6 2257 2259 2261 2263
1508 6 2257 2259 2261 2264
1509 6 2257 2259 2261 2265
1510 6 2257 2260 2262 2266
1511 6 2257 2260 2262 2267
1512 6 2257 2260 2262 2268
1513 8 2270 2269 2271 2273
1514 8 2270 2269 2272 2274
1515 6 2269 2271 2273 2275
1516 6 2269 2271 2273 2276
1517 6 2269 2271 2273 2277
1518 6 2269 2272 2274 2278
1519 6 2269 2272 2274 2279
1520 6 2269 2272 2274 2280
1521 8 2282 2281 2283 2285
1522 8 2282 2281 2284 2286
1523 6 2281 2283 2285 2287
1524 6 2281 2283 2285 2288
1525 6 2281 2283 2285 2289
1526 6 2281 2284 2286 2290
1527 6 2281 2284 2286 2291
1528 6 2281 2284 2286 2292
1529 8 2294 2293 2295 2297
1530 8 2294 2293 2296 2298
1531 6 2293 2295 2297 2299
1532 6 2293 2295 2297 2300
1533 6 2293 2295 2297 2301
1534 6 2293 2296 2298 2302
1535 6 2293 2296 2298 2303
1536 6 2293 2296 2298 2304
1537 8 2306 2305 2307 2309
1538 8 2306 2305 2308 2310
1539 6 2305 2307 2309 2311
1540 6 2305 2307 2309 2312
1541 6 2305 2307 2309 2313
1542 6 2305 2308 2310 2314
1543 6 2305 2308 2310 2315
1544 6 2305 2308 2310 2316
1545 8 2318 2317 2319 2321
1546 8 2318 2317 2320 2322
1547 6 2317 2319 2321 2323
1548 6 2317 2319 2321 2324
1549 6 2317 2319 2321 2325
1550 6 2317 2320 2322 2326
1551 6 2317 2320 2322 2327
1552 6 2317 2320 2322 2328
1553 8 2330 2329 2331 2333
1554 8 2330 2329 2332 2334
1555 6 2329 2331 2333 2335
1556 6 2329 2331 2333 2336
1557 6 2329 2331 2333 2337
1558 6 2329 2332 2334 2338
1559 6 2329 2332 2334 2339
1560 6 2329 2332 2334 2340
1561 8 2342 2341 2343 2345
1562 8 2342 2341 2344 2346
1563 6 2341 2343 2345 2347
1564 6 2341 2343 2345 2348
1565 6 2341 2343 2345 2349
1566 6 2341 2344 2346 2350
1567 6 2341 2344 2346 2351
1568 6 2341 2344 2346 2352
1569 8 2354 2353 2355 2357
1570 8 2354 2353 2356 2358
1571 6 2353 2355 2357 2359
1572 6 2353 2355 2357 2360
1573 6 2353 2355 2357 2361
1574 6 2353 2356 2358 2362
1575 6 2353 2356 2358 2363
1576 6 2353 2356 2358 2364
1577 8 2366 2365 2367 2369
1578 8 2366 2365 2368 2370
1579 6 2365 2367 2369 2371
1580 6 2365 2367 2369 2372
1581 6 2365 2367 2369 2373
1582 6 2365 2368 2370 2374
1583 6 2365 2368 2370 2375
1584 6 2365 2368 2370 2376
1585 8 2378 2377 2379 2381
1586 8 2378 2377 2380 2382
1587 6 2377 2379 2381 2383
1588 6 2377 2379 2381 2384
1589 6 2377 2379 2381 2385
1590 6 2377 2380 2382 2386
1591 6 2377 2380 2382 2387
1592 6 2377 2380 2382 2388
1593 8 2390 2389 2391 2393
1594 8 2390 2389 2392 2394
1595 6 2389 2391 2393 2395
1596 6 2389 2391 2393 2396
1597 6 2389 2391 2393 2397
1598 6 2389 2392 2394 2398
1599 6 2389 2392 2394 2399
1600 6 2389 2392 2394 2400
1601 8 2402 2401 2403 2405
1602 8 2402 2401 2404 2406
1603 6 2401 2403 2405 2407
1604 6 2401 2403 2405 2408
1605 6 2401 2403 2405 2409
1606 6 2401 2404 2406 2410
1607 6 2401 2404 2406 2411
1608 6 2401 2404 2406 2412
1609 8 2414 2413 2415 2417
1610 8 2414 2413 2416 2418
1611 6 2413 2415 2417 2419
1612 6 2413 2415 2417 2420
1613 6 2413 2415 2417 2421
1614 6 2413 2416 2418 2422
1615 6 2413 2416 2418 2423
1616 6 2413 2416 2418 2424
1617 8 2426 2425 2427 2429
1618 8 2426 2425 2428 2430
1619 6 2425 2427 2429 2431
1620 6 2425 2427 2429 2432
1621 6 2425 2427 2429 2433
1622 6 2425 2428 2430 2434
1623 6 2425 2428 2430 2435
1624 6 2425 2428 2430 2436
1625 8 2438 2437 2439 2441
1626 8 2438 2437 2440 2442
1627 6 2437 2439 2441 2443
1628 6 2437 2439 2441 2444
1629 6 2437 2439 2441 2445
1630 6 2437 2440 2442 2446
1631 6 2437 2440 2442 2447
1632 6 2437 2440 2442 2448
1633 8 2450 2449 2451 2453
1634 8 2450 2449 2452 2454
1635 6 2449 2451 2453 2455
1636 6 2449 2451 2453 2456
1637 6 2449 2451 2453 2457
1638 6 2449 2452 2454 2458
1639 6 2449 2452 2454 2459
1640 6 2449 2452 2454 2460
1641 8 2462 2461 2463 2465
1642 8 2462 2461 2464 2466
1643 6 2461 2463 2465 2467
1644 6 2461 2463 2465 2468
1645 6 2461 2463 2465 2469
1646 6 2461 2464 2466 2470
1647 6 2461 2464 2466 2471
1648 6 2461 2464 2466 2472
1649 8 2474 2473 2475 2477
1650 8 2474 2473 2476 2478
1651 6 2473 2475 2477 2479
1652 6 2473 2475 2477 2480
1653 6 2473 2475 2477 2481
1654 6 2473 2476 2478 2482
1655 6 2473 2476 2478 2483
1656 6 2473 2476 2478 2484
1657 8 2486 2485 2487 2489
1658 8 2486 2485 2488 2490
1659 6 2485 2487 2489 2491
1660 6 2485 2487 2489 2492
1661 6 2485 2487 2489 2493
1662 6 2485 2488 2490 2494
1663 6 2485 2488 2490 2495
1664 6 2485 2488 2490 2496
1665 8 2498 2497 2499 2501
1666 8 2498 2497 2500 2502
1667 6 2497 2499 2501 2503
1668 6 2497 2499 2501 2504
1669 6 2497 2499 2501 2505
1670 6 2497 2500 2502 2506
1671 6 2497 2500 2502 2507
1672 6 2497 2500 2502 2508
1673 8 2510 2509 2511 2513
1674 8 2510 2509 2512 2514
1675 6 2509 2511 2513 2515
1676 6 2509 2511 2513 2516
1677 6 2509 2511 2513 2517
1678 6 2509 2512 2514 2518
1679 6 2509 2512 2514 2519
1680 6 2509 2512 2514 2520
1681 8 2522 2521 2523 2525
1682 8 2522 2521 2524 2526
1683 6 2521 2523 2525 2527
1684 6 2521 2523 2525 2528
1685 6 2521 2523 2525 2529
1686 6 2521 2524 2526 2530
1687 6 2521 2524 2526 2531
1688 6 2521 2524 2526 2532
1689 8 2534 2533 2535 2537
1690 8 2534 2533 2536 2538
1691 6 2533 2535 2537 2539
1692 6 2533 2535 2537 2540
1693 6 2533 2535 2537 2541
1694 6 2533 2536 2538 2542
1695 6 2533 2536 2538 2543
1696 6 2533 2536 2538 2544
1697 8 2546 2545 2547 2549
1698 8 2546 2545 2548 2550
1699 6 2545 2547 2549 2551
1700 6 2545 2547 2549 2552
1701 6 2545 2547 2549 2553
1702 6 2545 2548 2550 2554
1703 6 2545 2548 2550 2555
1704 6 2545 2548 2550 2556
1705 8 2558 2557 2559 2561
1706 8 2558 2557 2560 2562
1707 6 2557 2559 2561 2563
1708 6 2557 2559 2561 2564
1709 6 2557 2559 2561 2565
1710 6 2557 2560 2562 2566
1711 6 2557 2560 2562 2567
1712 6 2557 2560 2562 2568
1713 8 2570 2569 2571 2573
1714 8 2570 2569 2572 2574
1715 6 2569 2571 2573 2575
1716 6 2569 2571 2573 2576
1717 6 2569 2571 2573 2577
1718 6 2569 2572 2574 2578
1719 6 2569 2572 2574 2579
1720 6 2569 2572 2574 2580
1721 8 2582 2581 2583 2585
1722 8 2582 2581 2584 2586
1723 6 2581 2583 2585 2587
1724 6 2581 2583 2585 2588
1725 6 2581 2583 2585 2589
1726 6 2581 2584 2586 2590
1727 6 2581 2584 2586 2591
1728 6 2581 2584 2586 2592
1729 8 2594 2593 2595 2597
1730 8 2594 2593 2596 2598
1731 6 2593 2595 2597 2599
1732 6 2593 2595 2597 2600
1733 6 2593 2595 2597 2601
1734 6 2593 2596 2598 2602
1735 6 2593 2596 2598 2603
1736 6 2593 2596 2598 2604
1737 8 2606 2605 2607 2609
1738 8 2606 2605 2608 2610
1739 6 2605 2607 2609 2611
1740 6 2605 2607 2609 2612
1741 6 2605 2607 2609 2613
1742 6 2605 2608 2610 2614
1743 6 2605 2608 2610 2615
1744 6 2605 2608 2610 2616
1745 8 2618 2617 2619 2621
1746 8 2618 2617 2620 2622
1747 6 2617 2619 2621 2623
1748 6 2617 2619 2621 2624
1749 6 2617 2619 2621 2625
1750 6 2617 2620 2622 2626
1751 6 2617 2620 2622 2627
1752 6 2617 2620 2622 2628
1753 8 2630 2629 2631 2633
1754 8 2630 2629 2632 2634
1755 6 2629 2631 2633 2635
1756 6 2629 2631 2633 2636
1757 6 2629 2631 2633 2637
1758 6 2629 2632 2634 2638
1759 6 2629 2632 2634 2639
1760 6 2629 2632 2634 2640
1761 8 2642 2641 2643 2645
1762 8 2642 2641 2644 2646
1763 6 2641 2643 2645 2647
1764 6 2641 2643 2645 2648
1765 6 2641 2643 2645 2649
1766 6 2641 2644 2646 2650
1767 6 2641 2644 2646 2651
1768 6 2641 2644 2646 2652
1769 8 2654 2653 2655 2657
1770 8 2654 2653 2656 2658
1771 6 2653 2655 2657 2659
1772 6 2653 2655 2657 2660
1773 6 2653 2655 2657 2661
1774 6 2653 2656 2658 2662
1775 6 2653 2656 2658 2663
1776 6 2653 2656 2658 2664
1777 8 2666 2665 2667 2669
1778 8 2666 2665 2668 2670
1779 6 2665 2667 2669 2671
1780 6 2665 2667 2669 2672
1781 6 2665 2667 2669 2673
1782 6 2665 2668 2670 2674
1783 6 2665 2668 2670 2675
1784 6 2665 2668 2670 2676
1785 8 2678 2677 2679 2681
1786 8 2678 2677 2680 2682
1787 6 2677 2679 2681 2683
1788 6 2677 2679 2681 2684
1789 6 2677 2679 2681 2685
1790 6 2677 2680 2682 2686
1791 6 2677 2680 2682 2687
1792 6 2677 2680 2682 2688
1793 8 2690 2689 2691 2693
1794 8 2690 2689 2692 2694
1795 6 2689 2691 2693 2695
1796 6 2689 2691 2693 2696
1797 6 2689 2691 2693 2697
1798 6 2689 2692 2694 2698
1799 6 2689 2692 2694 2699
1800 6 2689 2692 2694 2700
1801 8 2702 2701 2703 2705
1802 8 2702 2701 2704 2706
1803 6 2701 2703 2705 2707
1804 6 2701 2703 2705 2708
1805 6 2701 2703 2705 2709
1806 6 2701 2704 2706 2710
1807 6 2701 2704 2706 2711
1808 6 2701 2704 2706 2712
1809 8 2714 2713 2715 2717
1810 8 2714 2713 2716 2718
1811 6 2713 2715 2717 2719
1812 6 2713 2715 2717 2720
1813 6 2713 2715 2717 2721
1814 6 2713 2716 2718 2722
1815 6 2713 2716 2718 2723
1816 6 2713 2716 2718 2724
1817 8 2726 2725 2727 2729
1818 8 2726 2725 2728 2730
1819 6 2725 2727 2729 2731
1820 6 2725 2727 2729 2732
1821 6 2725 2727 2729 2733
1822 6 2725 2728 2730 2734
1823 6 2725 2728 2730 2735
1824 6 2725 2728 2730 2736
1825 8 2738 2737 2739 2741
1826 8 2738 2737 2740 2742
1827 6 2737 2739 2741 2743
1828 6 2737 2739 2741 2744
1829 6 2737 2739 2741 2745
1830 6 2737 2740 2742 2746
1831 6 2737 2740 2742 2747
1832 6 2737 2740 2742 2748
1833 8 2750 2749 2751 2753
1834 8 2750 2749 2752 2754
1835 6 2749 2751 2753 2755
1836 6 2749 2751 2753 2756
1837 6 2749 2751 2753 2757
1838 6 2749 2752 2754 2758
1839 6 2749 2752 2754 2759
1840 6 2749 2752 2754 2760
1841 8 2762 2761 2763 2765
1842 8 2762 2761 2764 2766
1843 6 2761 2763 2765 2767
1844 6 2761 2763 2765 2768
1845 6 2761 2763 2765 2769
1846 6 2761 2764 2766 2770
1847 6 2761 2764 2766 2771
1848 6 2761 2764 2766 2772
1849 8 2774 2773 2775 2777
1850 8 2774 2773 2776 2778
1851 6 2773 2775 2777 2779
1852 6 2773 2775 2777 2780
1853 6 2773 2775 2777 2781
1854 6 2773 2776 2778 2782
1855 6 2773 2776 2778 2783
1856 6 2773 2776 2778 2784
1857 8 2786 2785 2787 2789
1858 8 2786 2785 2788 2790
1859 6 2785 2787 2789 2791
1860 6 2785 2787 2789 2792
1861 6 2785 2787 2789 2793
1862 6 2785 2788 2790 2794
1863 6 2785 2788 2790 2795
1864 6 2785 2788 2790 2796
1865 8 2798 2797 2799 2801
1866 8 2798 2797 2800 2802
1867 6 2797 2799 2801 2803
1868 6 2797 2799 2801 2804
1869 6 2797 2799 2801 2805
1870 6 2797 2800 2802 2806
1871 6 2797 2800 2802 2807
1872 6 2797 2800 2802 2808
1873 8 2810 2809 2811 2813
1874 8 2810 2809 2812 2814
1875 6 2809 2811 2813 2815
1876 6 2809 2811 2813 2816
1877 6 2809 2811 2813 2817
1878 6 2809 2812 2814 2818
1879 6 2809 2812 2814 2819
1880 6 2809 2812 2814 2820
1881 8 2822 2821 2823 2825
1882 8 2822 2821 2824 2826
1883 6 2821 2823 2825 2827
1884 6 2821 2823 2825 2828
1885 6 2821 2823 2825 2829
1886 6 2821 2824 2826 2830
1887 6 2821 2824 2826 2831
1888 6 2821 2824 2826 2832
1889 8 2834 2833 2835 2837
1890 8 2834 2833 2836 2838
1891 6 2833 2835 2837 2839
1892 6 2833 2835 2837 2840
1893 6 2833 2835 2837 2841
1894 6 2833 2836 2838 2842
1895 6 2833 2836 2838 2843
1896 6 2833 2836 2838 2844
1897 8 2846 2845 2847 2849
1898 8 2846 2845 2848 2850
1899 6 2845 2847 2849 2851
1900 6 2845 2847 2849 2852
1901 6 2845 2847 2849 2853
1902 6 2845 2848 2850 2854
1903 6 2845 2848 2850 2855
1904 6 2845 2848 2850 2856
1905 8 2858 2857 2859 2861
1906 8 2858 2857 2860 2862
1907 6 2857 2859 2861 2863
1908 6 2857 2859 2861 2864
1909 6 2857 2859 2861 2865
1910 6 2857 2860 2862 2866
1911 6 2857 2860 2862 2867
1912 6 2857 2860 2862 2868
1913 8 2870 2869 2871 2873
1914 8 2870 2869 2872 2874
1915 6 2869 2871 2873 2875
1916 6 2869 2871 2873 2876
1917 6 2869 2871 2873 2877
1918 6 2869 2872 2874 2878
1919 6 2869 2872 2874 2879
1920 6 2869 2872 2874 2880
1921 8 2882 2881 2883 2885
1922 8 2882 2881 2884 2886
1923 6 2881 2883 2885 2887
1924 6 2881 2883 2885 2888
1925 6 2881 2883 2885 2889
1926 6 2881 2884 2886 2890
1927 6 2881 2884 2886 2891
1928 6 2881 2884 2886 2892
1929 8 2894 2893 2895 2897
1930 8 2894 2893 2896 2898
1931 6 2893 2895 2897 2899
1932 6 2893 2895 2897 2900
1933 6 2893 2895 2897 2901
1934 6 2893 2896 2898 2902
1935 6 2893 2896 2898 2903
1936 6 2893 2896 2898 2904
1937 8 2906 2905 2907 2909
1938 8 2906 2905 2908 2910
1939 6 2905 2907 2909 2911
1940 6 2905 2907 2909 2912
1941 6 2905 2907 2909 2913
1942 6 2905 2908 2910 2914
1943 6 2905 2908 2910 2915
1944 6 2905 2908 2910 2916
1945 8 2918 2917 2919 2921
1946 8 2918 2917 2920 2922
1947 6 2917 2919 2921 2923
1948 6 2917 2919 2921 2924
1949 6 2917 2919 2921 2925
1950 6 2917 2920 2922 2926
1951 6 2917 2920 2922 2927
1952 6 2917 2920 2922 2928
1953 8 2930 2929 2931 2933
1954 8 2930 2929 2932 2934
1955 6 2929 2931 2933 2935
1956 6 2929 2931 2933 2936
1957 6 2929 2931 2933 2937
1958 6 2929 2932 2934 2938
1959 6 2929 2932 2934 2939
1960 6 2929 2932 2934 2940
1961 8 2942 2941 2943 2945
1962 8 2942 2941 2944 2946
1963 6 2941 2943 2945 2947
1964 6 2941 2943 2945 2948
1965 6 2941 2943 2945 2949
1966 6 2941 2944 2946 2950
1967 6 2941 2944 2946 2951
1968 6 2941 2944 2946 2952
1969 8 2954 2953 2955 2957
1970 8 2954 2953 2956 2958
1971 6 2953 2955 2957 2959
1972 6 2953 2955 2957 2960
1973 6 2953 2955 2957 2961
1974 6 2953 2956 2958 2962
1975 6 2953 2956 2958 2963
1976 6 2953 2956 2958 2964
1977 8 2966 2965 2967 2969
1978 8 2966 2965 2968 2970
1979 6 2965 2967 2969 2971
1980 6 2965 2967 2969 2972
1981 6 2965 2967 2969 2973
1982 6 2965 2968 2970 2974
1983 6 2965 2968 2970 2975
1984 6 2965 2968 2970 2976
1985 8 2978 2977 2979 2981
1986 8 2978 2977 2980 2982
1987 6 2977 2979 2981 2983
1988 6 2977 2979 2981 2984
1989 6 2977 2979 2981 2985
1990 6 2977 2980 2982 2986
1991 6 2977 2980 2982 2987
1992 6 2977 2980 2982 2988
1993 8 2990 2989 2991 2993
1994 8 2990 2989 2992 2994
1995 6 2989 2991 2993 2995
1996 6 2989 2991 2993 2996
1997 6 2989 2991 2993 2997
1998 6 2989 2992 2994 2998
1999 6 2989 2992 2994 2999
2000 6 2989 2992 2994 3000
2001 8 3002 3001 3003 3005
2002 8 3002 3001 3004 3006
2003 6 3001 3003 3005 3007
2004 6 3001 3003 3005 3008
2005 6 3001 3003 3005 3009
2006 6 3001 3004 3006 3010
2007 6 3001 3004 3006 3011
2008 6 3001 3004 3006 3012
2009 8 3014 3013 3015 3017
2010 8 3014 3013 3016 3018
2011 6 3013 3015 3017 3019
2012 6 3013 3015 3017 3020
2013 6 3013 3015 3017 3021
2014 6 3013 3016 3018 3022
2015 6 3013 3016 3018 3023
2016 6 3013 3016 3018 3024
2017 8 3026 3025 3027 3029
2018 8 3026 3025 3028 3030
2019 6 3025 3027 3029 3031
2020 6 3025 3027 3029 3032
2021 6 3025 3027 3029 3033
2022 6 3025 3028 3030 3034
2023 6 3025 3028 3030 3035
2024 6 3025 3028 3030 3036
2025 8 3038 3037 3039 3041
2026 8 3038 3037 3040 3042
2027 6 3037 3039 3041 3043
2028 6 3037 3039 3041 3044
2029 6 3037 3039 3041 3045
2030 6 3037 3040 3042 3046
2031 6 3037 3040 3042 3047
2032 6 3037 3040 3042 3048
2033 8 3050 3049 3051 3053
2034 8 3050 3049 3052 3054
2035 6 3049 3051 3053 3055
2036 6 3049 3051 3053 3056
2037 6 3049 3051 3053 3057
2038 6 3049 3052 3054 3058
2039 6 3049 3052 3054 3059
2040 6 3049 3052 3054 3060
2041 8 3062 3061 3063 3065
2042 8 3062 3061 3064 3066
2043 6 3061 3063 3065 3067
2044 6 3061 3063 3065 3068
2045 6 3061 3063 3065 3069
2046 6 3061 3064 3066 3070
2047 6 3061 3064 3066 3071
2048 6 3061 3064 3066 3072
2049 8 3074 3073 3075 3077
2050 8 3074 3073 3076 3078
2051 6 3073 3075 3077 3079
2052 6 3073 3075 3077 3080
2053 6 3073 3075 3077 3081
2054 6 3073 3076 3078 3082
2055 6 3073 3076 3078 3083
2056 6 3073 3076 3078 3084
2057 8 3086 3085 3087 3089
2058 8 3086 3085 3088 3090
2059 6 3085 3087 3089 3091
2060 6 3085 3087 3089 3092
2061 6 3085 3087 3089 3093
2062 6 3085 3088 3090 3094
2063 6 3085 3088 3090 3095
2064 6 3085 3088 3090 3096
2065 8 3098 3097 3099 3101
2066 8 3098 3097 3100 3102
2067 6 3097 3099 3101 3103
2068 6 3097 3099 3101 3104
2069 6 3097 3099 3101 3105
2070 6 3097 3100 3102 3106
2071 6 3097 3100 3102 3107
2072 6 3097 3100 3102 3108
2073 8 3110 3109 3111 3113
2074 8 3110 3109 3112 3114
2075 6 3109 3111 3113 3115
2076 6 3109 3111 3113 3116
2077 6 3109 3111 3113 3117
2078 6 3109 3112 3114 3118
2079 6 3109 3112 3114 3119
2080 6 3109 3112 3114 3120
2081 8 3122 3121 3123 3125
2082 8 3122 3121 3124 3126
2083 6 3121 3123 3125 3127
2084 6 3121 3123 3125 3128
2085 6 3121 3123 3125 3129
2086 6 3121 3124 3126 3130
2087 6 3121 3124 3126 3131
2088 6 3121 3124 3126 3132
2089 8 3134 3133 3135 3137
2090 8 3134 3133 3136 3138
2091 6 3133 3135 3137 3139
2092 6 3133 3135 3137 3140
2093 6 3133 3135 3137 3141
2094 6 3133 3136 3138 3142
2095 6 3133 3136 3138 3143
2096 6 3133 3136 3138 3144
2097 8 3146 3145 3147 3149
2098 8 3146 3145 3148 3150
2099 6 3145 3147 3149 3151
2100 6 3145 3147 3149 3152
2101 6 3145 3147 3149 3153
2102 6 3145 3148 3150 3154
2103 6 3145 3148 3150 3155
2104 6 3145 3148 3150 3156
2105 8 3158 3157 3159 3161
2106 8 3158 3157 3160 3162
2107 6 3157 3159 3161 3163
2108 6 3157 3159 3161 3164
2109 6 3157 3159 3161 3165
2110 6 3157 3160 3162 3166
2111 6 3157 3160 3162 3167
2112 6 3157 3160 3162 3168
2113 8 3170 3169 3171 3173
2114 8 3170 3169 3172 3174
2115 6 3169 3171 3173 3175
2116 6 3169 3171 3173 3176
2117 6 3169 3171 3173 3177
2118 6 3169 3172 3174 3178
2119 6 3169 3172 3174 3179
2120 6 3169 3172 3174 3180
2121 8 3182 3181 3183 3185
2122 8 3182 3181 3184 3186
2123 6 3181 3183 3185 3187
2124 6 3181 3183 3185 3188
2125 6 3181 3183 3185 3189
2126 6 3181 3184 3186 3190
2127 6 3181 3184 3186 3191
2128 6 3181 3184 3186 3192
2129 8 3194 3193 3195 3197
2130 8 3194 3193 3196 3198
2131 6 3193 3195 3197 3199
2132 6 3193 3195 3197 3200
2133 6 3193 3195 3197 3201
2134 6 3193 3196 3198 3202
2135 6 3193 3196 3198 3203
2136 6 3193 3196 3198 3204
2137 8 3206 3205 3207 3209
2138 8 3206 3205 3208 3210
2139 6 3205 3207 3209 3211
2140 6 3205 3207 3209 3212
2141 6 3205 3207 3209 3213
2142 6 3205 3208 3210 3214
2143 6 3205 3208 3210 3215
2144 6 3205 3208 3210 3216
2145 8 3218 3217 3219 3221
2146 8 3218 3217 3220 3222
2147 6 3217 3219 3221 3223
2148 6 3217 3219 3221 3224
2149 6 3217 3219 3221 3225
2150 6 3217 3220 3222 3226
2151 6 3217 3220 3222 3227
2152 6 3217 3220 3222 3228
2153 8 3230 3229 3231 3233
2154 8 3230 3229 3232 3234
2155 6 3229 3231 3233 3235
2156 6 3229 3231 3233 3236
2157 6 3229 3231 3233 3237
2158 6 3229 3232 3234 3238
2159 6 3229 3232 3234 3239
2160 6 3229 3232 3234 3240
2161 8 3242 3241 3243 3245
2162 8 3242 3241 3244 3246
2163 6 3241 3243 3245 3247
2164 6 3241 3243 3245 3248
2165 6 3241 3243 3245 3249
2166 6 3241 3244 3246 3250
2167 6 3241 3244 3246 3251
2168 6 3241 3244 3246 3252
2169 8 3254 3253 3255 3257
2170 8 3254 3253 3256 3258
2171 6 3253 3255 3257 3259
2172 6 3253 3255 3257 3260
2173 6 3253 3255 3257 3261
2174 6 3253 3256 3258 3262
2175 6 3253 3256 3258 3263
2176 6 3253 3256 3258 3264
2177 8 3266 3265 3267 3269
2178 8 3266 3265 3268 3270
2179 6 3265 3267 3269 3271
2180 6 3265 3267 3269 3272
2181 6 3265 3267 3269 3273
2182 6 3265 3268 3270 3274
2183 6 3265 3268 3270 3275
2184 6 3265 3268 3270 3276
2185 8 3278 3277 3279 3281
2186 8 3278 3277 3280 3282
2187 6 3277 3279 3281 3283
2188 6 3277 3279 3281 3284
2189 6 3277 3279 3281 3285
2190 6 3277 3280 3282 3286
2191 6 3277 3280 3282 3287
2192 6 3277 3280 3282 3288
2193 8 3290 3289 3291 3293
2194 8 3290 3289 3292 3294
2195 6 3289 3291 3293 3295
2196 6 3289 3291 3293 3296
2197 6 3289 3291 3293 3297
2198 6 3289 3292 3294 3298
2199 6 3289 3292 3294 3299
2200 6 3289 3292 3294 3300
2201 8 3302 3301 3303 3305
2202 8 3302 3301 3304 3306
2203 6 3301 3303 3305 3307
2204 6 3301 3303 3305 3308
2205 6 3301 3303 3305 3309
2206 6 3301 3304 3306 3310
2207 6 3301 3304 3306 3311
2208 6 3301 3304 3306 3312
2209 8 3314 3313 3315 3317
2210 8 3314 3313 3316 3318
2211 6 3313 3315 3317 3319
2212 6 3313 3315 3317 3320
2213 6 3313 3315 3317 3321
2214 6 3313 3316 3318 3322
2215 6 3313 3316 3318 3323
2216 6 3313 3316 3318 3324
2217 8 3326 3325 3327 3329
2218 8 3326 3325 3328 3330
2219 6 3325 3327 3329 3331
2220 6 3325 3327 3329 3332
2221 6 3325 3327 3329 3333
2222 6 3325 3328 3330 3334
2223 6 3325 3328 3330 3335
2224 6 3325 3328 3330 3336
2225 8 3338 3337 3339 3341
2226 8 3338 3337 3340 3342
2227 6 3337 3339 3341 3343
2228 6 3337 3339 3341 3344
2229 6 3337 3339 3341 3345
2230 6 3337 3340 3342 3346
2231 6 3337 3340 3342 3347
2232 6 3337 3340 3342 3348
2233 8 3350 3349 3351 3353
2234 8 3350 3349 3352 3354
2235 6 3349 3351 3353 3355
2236 6 3349 3351 3353 3356
2237 6 3349 3351 3353 3357
2238 6 3349 3352 3354 3358
2239 6 3349 3352 3354 3359
2240 6 3349 3352 3354 3360
2241 8 3362 3361 3363 3365
2242 8 3362 3361 3364 3366
2243 6 3361 3363 3365 3367
2244 6 3361 3363 3365 3368
2245 6 3361 3363 3365 3369
2246 6 3361 3364 3366 3370
2247 6 3361 3364 3366 3371
2248 6 3361 3364 3366 3372
2249 8 3374 3373 3375 3377
2250 8 3374 3373 3376 3378
2251 6 3373 3375 3377 3379
2252 6 3373 3375 3377 3380
2253 6 3373 3375 3377 3381
2254 6 3373 3376 3378 3382
2255 6 3373 3376 3378 3383
2256 6 3373 3376 3378 3384
2257 8 3386 3385 3387 3389
2258 8 3386 3385 3388 3390
2259 6 3385 3387 3389 3391
2260 6 3385 3387 3389 3392
2261 6 3385 3387 3389 3393
2262 6 3385 3388 3390 3394
2263 6 3385 3388 3390 3395
2264 6 3385 3388 3390 3396
2265 8 3398 3397 3399 3401
2266 8 3398 3397 3400 3402
2267 6 3397 3399 3401 3403
2268 6 3397 3399 3401 3404
2269 6 3397 3399 3401 3405
2270 6 3397 3400 3402 3406
2271 6 3397 3400 3402 3407
2272 6 3397 3400 3402 3408
2273 8 3410 3409 3411 3413
2274 8 3410 3409 3412 3414
2275 6 3409 3411 3413 3415
2276 6 3409 3411 3413 3416
2277 6 3409 3411 3413 3417
2278 6 3409 3412 3414 3418
2279 6 3409 3412 3414 3419
2280 6 3409 3412 3414 3420
2281 8 3422 3421 3423 3425
2282 8 3422 3421 3424 3426
2283 6 3421 3423 3425 3427
2284 6 3421 3423 3425 3428
2285 6 3421 3423 3425 3429
2286 6 3421 3424 3426 3430
2287 6 3421 3424 3426 3431
2288 6 3421 3424 3426 3432
2289 8 3434 3433 3435 3437
2290 8 3434 3433 3436 3438
2291 6 3433 3435 3437 3439
2292 6 3433 3435 3437 3440
2293 6 3433 3435 3437 3441
2294 6 3433 3436 3438 3442
2295 6 3433 3436 3438 3443
2296 6 3433 3436 3438 3444
2297 8 3446 3445 3447 3449
2298 8 3446 3445 3448 3450
2299 6 3445 3447 3449 3451
2300 6 3445 3447 3449 3452
2301 6 3445 3447 3449 3453
2302 6 3445 3448 3450 3454
2303 6 3445 3448 3450 3455
2304 6 3445 3448 3450 3456
2305 8 3458 3457 3459 3461
2306 8 3458 3457 3460 3462
2307 6 3457 3459 3461 3463
2308 6 3457 3459 3461 3464
2309 6 3457 3459 3461 3465
2310 6 3457 3460 3462 3466
2311 6 3457 3460 3462 3467
2312 6 3457 3460 3462 3468
2313 8 3470 3469 3471 3473
2314 8 3470 3469 3472 3474
2315 6 3469 3471 3473 3475
2316 6 3469 3471 3473 3476
2317 6 3469 3471 3473 3477
2318 6 3469 3472 3474 3478
2319 6 3469 3472 3474 3479
2320 6 3469 3472 3474 3480
2321 8 3482 3481 3483 3485
2322 8 3482 3481 3484 3486
2323 6 3481 3483 3485 3487
2324 6 3481 3483 3485 3488
2325 6 3481 3483 3485 3489
2326 6 3481 3484 3486 3490
2327 6 3481 3484 3486 3491
2328 6 3481 3484 3486 3492
2329 8 3494 3493 3495 3497
2330 8 3494 3493 3496 3498
2331 6 3493 3495 3497 3499
2332 6 3493 3495 3497 3500
2333 6 3493 3495 3497 3501
2334 6 3493 3496 3498 3502
2335 6 3493 3496 3498 3503
2336 6 3493 3496 3498 3504
2337 8 3506 3505 3507 3509
2338 8 3506 3505 3508 3510
2339 6 3505 3507 3509 3511
2340 6 3505 3507 3509 3512
2341 6 3505 3507 3509 3513
2342 6 3505 3508 3510 3514
2343 6 3505 3508 3510 3515
2344 6 3505 3508 3510 3516
2345 8 3518 3517 3519 3521
2346 8 3518 3517 3520 3522
2347 6 3517 3519 3521 3523
2348 6 3517 3519 3521 3524
2349 6 3517 3519 3521 3525
2350 6 3517 3520 3522 3526
2351 6 3517 3520 3522 3527
2352 6 3517 3520 3522 3528
2353 8 3530 3529 3531 3533
2354 8 3530 3529 3532 3534
2355 6 3529 3531 3533 3535
2356 6 3529 3531 3533 3536
2357 6 3529 3531 3533 3537
2358 6 3529 3532 3534 3538
2359 6 3529 3532 3534 3539
2360 6 3529 3532 3534 3540
2361 8 3542 3541 3543 3545
2362 8 3542 3541 3544 3546
2363 6 3541 3543 3545 3547
2364 6 3541 3543 3545 3548
2365 6 3541 3543 3545 3549
2366 6 3541 3544 3546 3550
2367 6 3541 3544 3546 3551
2368 6 3541 3544 3546 3552
2369 8 3554 3553 3555 3557
2370 8 3554 3553 3556 3558
2371 6 3553 3555 3557 3559
2372 6 3553 3555 3557 3560
2373 6 3553 3555 3557 3561
2374 6 3553 3556 3558 3562
2375 6 3553 3556 3558 3563
2376 6 3553 3556 3558 3564
2377 8 3566 3565 3567 3569
2378 8 3566 3565 3568 3570
2379 6 3565 3567 3569 3571
2380 6 3565 3567 3569 3572
2381 6 3565 3567 3569 3573
2382 6 3565 3568 3570 3574
2383 6 3565 3568 3570 3575
2384 6 3565 3568 3570 3576
2385 8 3578 3577 3579 3581
2386 8 3578 3577 3580 3582
2387 6 3577 3579 3581 3583
2388 6 3577 3579 3581 3584
2389 6 3577 3579 3581 3585
2390 6 3577 3580 3582 3586
2391 6 3577 3580 3582 3587
2392 6 3577 3580 3582 3588
2393 8 3590 3589 3591 3593
2394 8 3590 3589 3592 3594
2395 6 3589 3591 3593 3595
2396 6 3589 3591 3593 3596
2397 6 3589 3591 3593 3597
2398 6 3589 3592 3594 3598
2399 6 3589 3592 3594 3599
2400 6 3589 3592 3594 3600
2401 8 3602 3601 3603 3605
2402 8 3602 3601 3604 3606
2403 6 3601 3603 3605 3607
2404 6 3601 3603 3605 3608
2405 6 3601 3603 3605 3609
2406 6 3601 3604 3606 3610
2407 6 3601 3604 3606 3611
2408 6 3601 3604 3606 3612
2409 8 3614 3613 3615 3617
2410 8 3614 3613 3616 3618
2411 6 3613 3615 3617 3619
2412 6 3613 3615 3617 3620
2413 6 3613 3615 3617 3621
2414 6 3613 3616 3618 3622
2415 6 3613 3616 3618 3623
2416 6 3613 3616 3618 3624
2417 8 3626 3625 3627 3629
2418 8 3626 3625 3628 3630
2419 6 3625 3627 3629 3631
2420 6 3625 3627 3629 3632
2421 6 3625 3627 3629 3633
2422 6 3625 3628 3630 3634
2423 6 3625 3628 3630 3635
2424 6 3625 3628 3630 3636
2425 8 3638 3637 3639 3641
2426 8 3638 3637 3640 3642
2427 6 3637 3639 3641 3643
2428 6 3637 3639 3641 3644
2429 6 3637 3639 3641 3645
2430 6 3637 3640 3642 3646
2431 6 3637 3640 3642 3647
2432 6 3637 3640 3642 3648
2433 8 3650 3649 3651 3653
2434 8 3650 3649 3652 3654
2435 6 3649 3651 3653 3655
2436 6 3649 3651 3653 3656
2437 6 3649 3651 3653 3657
2438 6 3649 3652 3654 3658
2439 6 3649 3652 3654 3659
2440 6 3649 3652 3654 3660
2441 8 3662 3661 3663 3665
2442 8 3662 3661 3664 3666
2443 6 3661 3663 3665 3667
2444 6 3661 3663 3665 3668
2445 6 3661 3663 3665 3669
2446 6 3661 3664 3666 3670
2447 6 3661 3664 3666 3671
2448 6 3661 3664 3666 3672
2449 8 3674 3673 3675 3677
2450 8 3674 3673 3676 3678
2451 6 3673 3675 3677 3679
2452 6 3673 3675 3677 3680
2453 6 3673 3675 3677 3681
2454 6 3673 3676 3678 3682
2455 6 3673 3676 3678 3683
2456 6 3673 3676 3678 3684
2457 8 3686 3685 3687 3689
2458 8 3686 3685 3688 3690
2459 6 3685 3687 3689 3691
2460 6 3685 3687 3689 3692
2461 6 3685 3687 3689 3693
2462 6 3685 3688 3690 3694
2463 6 3685 3688 3690 3695
2464 6 3685 3688 3690 3696
2465 8 3698 3697 3699 3701
2466 8 3698 3697 3700 3702
2467 6 3697 3699 3701 3703
2468 6 3697 3699 3701 3704
2469 6 3697 3699 3701 3705
2470 6 3697 3700 3702 3706
2471 6 3697 3700 3702 3707
2472 6 3697 3700 3702 3708
2473 8 3710 3709 3711 3713
2474 8 3710 3709 3712 3714
2475 6 3709 3711 3713 3715
2476 6 3709 3711 3713 3716
2477 6 3709 3711 3713 3717
2478 6 3709 3712 3714 3718
2479 6 3709 3712 3714 3719
2480 6 3709 3712 3714 3720
2481 8 3722 3721 3723 3725
2482 8 3722 3721 3724 3726
2483 6 3721 3723 3725 3727
2484 6 3721 3723 3725 3728
2485 6 3721 3723 3725 3729
2486 6 3721 3724 3726 3730
2487 6 3721 3724 3726 3731
2488 6 3721 3724 3726 3732
2489 8 3734 3733 3735 3737
2490 8 3734 3733 3736 3738
2491 6 3733 3735 3737 3739
2492 6 3733 3735 3737 3740
2493 6 3733 3735 3737 3741
2494 6 3733 3736 3738 3742
2495 6 3733 3736 3738 3743
2496 6 3733 3736 3738 3744
2497 8 3746 3745 3747 3749
2498 8 3746 3745 3748 3750
2499 6 3745 3747 3749 3751
2500 6 3745 3747 3749 3752
2501 6 3745 3747 3749 3753
2502 6 3745 3748 3750 3754
2503 6 3745 3748 3750 3755
2504 6 3745 3748 3750 3756
2505 8 3758 3757 3759 3761
2506 8 3758 3757 3760 3762
2507 6 3757 3759 3761 3763
2508 6 3757 3759 3761 3764
2509 6 3757 3759 3761 3765
2510 6 3757 3760 3762 3766
2511 6 3757 3760 3762 3767
2512 6 3757 3760 3762 3768
2513 8 3770 3769 3771 3773
2514 8 3770 3769 3772 3774
2515 6 3769 3771 3773 3775
2516 6 3769 3771 3773 3776
2517 6 3769 3771 3773 3777
2518 6 3769 3772 3774 3778
2519 6 3769 3772 3774 3779
2520 6 3769 3772 3774 3780
2521 8 3782 3781 3783 3785
2522 8 3782 3781 3784 3786
2523 6 3781 3783 3785 3787
2524 6 3781 3783 3785 3788
2525 6 3781 3783 3785 3789
2526 6 3781 3784 3786 3790
2527 6 3781 3784 3786 3791
2528 6 3781 3784 3786 3792
2529 8 3794 3793 3795 3797
2530 8 3794 3793 3796 3798
2531 6 3793 3795 3797 3799
2532 6 3793 3795 3797 3800
2533 6 3793 3795 3797 3801
2534 6 3793 3796 3798 3802
2535 6 3793 3796 3798 3803
2536 6 3793 3796 3798 3804
2537 8 3806 3805 3807 3809
2538 8 3806 3805 3808 3810
2539 6 3805 3807 3809 3811
2540 6 3805 3807 3809 3812
2541 6 3805 3807 3809 3813
2542 6 3805 3808 3810 3814
2543 6 3805 3808 3810 3815
2544 6 3805 3808 3810 3816
2545 8 3818 3817 3819 3821
2546 8 3818 3817 3820 3822
2547 6 3817 3819 3821 3823
2548 6 3817 3819 3821 3824
2549 6 3817 3819 3821 3825
2550 6 3817 3820 3822 3826
2551 6 3817 3820 3822 3827
2552 6 3817 3820 3822 3828
2553 8 3830 3829 3831 3833
2554 8 3830 3829 3832 3834
2555 6 3829 3831 3833 3835
2556 6 3829 3831 3833 3836
2557 6 3829 3831 3833 3837
2558 6 3829 3832 3834 3838
2559 6 3829 3832 3834 3839
2560 6 3829 3832 3834 3840
2561 8 3842 3841 3843 3845
2562 8 3842 3841 3844 3846
2563 6 3841 3843 3845 3847
2564 6 3841 3843 3845 3848
2565 6 3841 3843 3845 3849
2566 6 3841 3844 3846 3850
2567 6 3841 3844 3846 3851
2568 6 3841 3844 3846 3852
2569 8 3854 3853 3855 3857
2570 8 3854 3853 3856 3858
2571 6 3853 3855 3857 3859
2572 6 3853 3855 3857 3860
2573 6 3853 3855 3857 3861
2574 6 3853 3856 3858 3862
2575 6 3853 3856 3858 3863
2576 6 3853 3856 3858 3864
2577 8 3866 3865 3867 3869
2578 8 3866 3865 3868 3870
2579 6 3865 3867 3869 3871
2580 6 3865 3867 3869 3872
2581 6 3865 3867 3869 3873
2582 6 3865 3868 3870 3874
2583 6 3865 3868 3870 3875
2584 6 3865 3868 3870 3876
2585 8 3878 3877 3879 3881
2586 8 3878 3877 3880 3882
2587 6 3877 3879 3881 3883
2588 6 3877 3879 3881 3884
2589 6 3877 3879 3881 3885
2590 6 3877 3880 3882 3886
2591 6 3877 3880 3882 3887
2592 6 3877 3880 3882 3888
2593 8 3890 3889 3891 3893
2594 8 3890 3889 3892 3894
2595 6 3889 3891 3893 3895
2596 6 3889 3891 3893 3896
2597 6 3889 3891 3893 3897
2598 6 3889 3892 3894 3898
2599 6 3889 3892 3894 3899
2600 6 3889 3892 3894 3900
2601 8 3902 3901 3903 3905
2602 8 3902 3901 3904 3906
2603 6 3901 3903 3905 3907
2604 6 3901 3903 3905 3908
2605 6 3901 3903 3905 3909
2606 6 3901 3904 3906 3910
2607 6 3901 3904 3906 3911
2608 6 3901 3904 3906 3912
2609 8 3914 3913 3915 3917
2610 8 3914 3913 3916 3918
2611 6 3913 3915 3917 3919
2612 6 3913 3915 3917 3920
2613 6 3913 3915 3917 3921
2614 6 3913 3916 3918 3922
2615 6 3913 3916 3918 3923
2616 6 3913 3916 3918 3924
2617 8 3926 3925 3927 3929
2618 8 3926 3925 3928 3930
2619 6 3925 3927 3929 3931
2620 6 3925 3927 3929 3932
2621 6 3925 3927 3929 3933
2622 6 3925 3928 3930 3934
2623 6 3925 3928 3930 3935
2624 6 3925 3928 3930 3936
2625 8 3938 3937 3939 3941
2626 8 3938 3937 3940 3942
2627 6 3937 3939 3941 3943
2628 6 3937 3939 3941 3944
2629 6 3937 3939 3941 3945
2630 6 3937 3940 3942 3946
2631 6 3937 3940 3942 3947
2632 6 3937 3940 3942 3948
2633 8 3950 3949 3951 3953
2634 8 3950 3949 3952 3954
2635 6 3949 3951 3953 3955
2636 6 3949 3951 3953 3956
2637 6 3949 3951 3953 3957
2638 6 3949 3952 3954 3958
2639 6 3949 3952 3954 3959
2640 6 3949 3952 3954 3960
2641 8 3962 3961 3963 3965
2642 8 3962 3961 3964 3966
2643 6 3961 3963 3965 3967
2644 6 3961 3963 3965 3968
2645 6 3961 3963 3965 3969
2646 6 3961 3964 3966 3970
2647 6 3961 3964 3966 3971
2648 6 3961 3964 3966 3972
2649 8 3974 3973 3975 3977
2650 8 3974 3973 3976 3978
2651 6 3973 3975 3977 3979
2652 6 3973 3975 3977 3980
2653 6 3973 3975 3977 3981
2654 6 3973 3976 3978 3982
2655 6 3973 3976 3978 3983
2656 6 3973 3976 3978 3984
2657 8 3986 3985 3987 3989
2658 8 3986 3985 3988 3990
2659 6 3985 3987 3989 3991
2660 6 3985 3987 3989 3992
2661 6 3985 3987 3989 3993
2662 6 3985 3988 3990 3994
2663 6 3985 3988 3990 3995
2664 6 3985 3988 3990 3996
2665 8 3998 3997 3999 4001
2666 8 3998 3997 4000 4002
2667 6 3997 3999 4001 4003
2668 6 3997 3999 4001 4004
2669 6 3997 3999 4001 4005
2670 6 3997 4000 4002 4006
2671 6 3997 4000 4002 4007
2672 6 3997 4000 4002 4008
2673 8 4010 4009 4011 4013
2674 8 4010 4009 4012 4014
2675 6 4009 4011 4013 4015
2676 6 4009 4011 4013 4016
2677 6 4009 4011 4013 4017
2678 6 4009 4012 4014 4018
2679 6 4009 4012 4014 4019
2680 6 4009 4012 4014 4020
2681 8 4022 4021 4023 4025
2682 8 4022 4021 4024 4026
2683 6 4021 4023 4025 4027
2684 6 4021 4023 4025 4028
2685 6 4021 4023 4025 4029
2686 6 4021 4024 4026 4030
2687 6 4021 4024 4026 4031
2688 6 4021 4024 4026 4032
2689 8 4034 4033 4035 4037
2690 8 4034 4033 4036 4038
2691 6 4033 4035 4037 4039
2692 6 4033 4035 4037 4040
2693 6 4033 4035 4037 4041
2694 6 4033 4036 4038 4042
2695 6 4033 4036 4038 4043
2696 6 4033 4036 4038 4044
2697 8 4046 4045 4047 4049
2698 8 4046 4045 4048 4050
2699 6 4045 4047 4049 4051
2700 6 4045 4047 4049 4052
2701 6 4045 4047 4049 4053
2702 6 4045 4048 4050 4054
2703 6 4045 4048 4050 4055
2704 6 4045 4048 4050 4056
2705 8 4058 4057 4059 4061
2706 8 4058 4057 4060 4062
2707 6 4057 4059 4061 4063
2708 6 4057 4059 4061 4064
2709 6 4057 4059 4061 4065
2710 6 4057 4060 4062 4066
2711 6 4057 4060 4062 4067
2712 6 4057 4060 4062 4068
2713 8 4070 4069 4071 4073
2714 8 4070 4069 4072 4074
2715 6 4069 4071 4073 4075
2716 6 4069 4071 4073 4076
2717 6 4069 4071 4073 4077
2718 6 4069 4072 4074 4078
2719 6 4069 4072 4074 4079
2720 6 4069 4072 4074 4080
2721 8 4082 4081 4083 4085
2722 8 4082 4081 4084 4086
2723 6 4081 4083 4085 4087
2724 6 4081 4083 4085 4088
2725 6 4081 4083 4085 4089
2726 6 4081 4084 4086 4090
2727 6 4081 4084 4086 4091
2728 6 4081 4084 4086 4092
2729 8 4094 4093 4095 4097
2730 8 4094 4093 4096 4098
2731 6 4093 4095 4097 4099
2732 6 4093 4095 4097 4100
2733 6 4093 4095 4097 4101
2734 6 4093 4096 4098 4102
2735 6 4093 4096 4098 4103
2736 6 4093 4096 4098 4104
2737 8 4106 4105 4107 4109
2738 8 4106 4105 4108 4110
2739 6 4105 4107 4109 4111
2740 6 4105 4107 4109 4112
2741 6 4105 4107 4109 4113
2742 6 4105 4108 4110 4114
2743 6 4105 4108 4110 4115
2744 6 4105 4108 4110 4116
2745 8 4118 4117 4119 4121
2746 8 4118 4117 4120 4122
2747 6 4117 4119 4121 4123
2748 6 4117 4119 4121 4124
2749 6 4117 4119 4121 4125
2750 6 4117 4120 4122 4126
2751 6 4117 4120 4122 4127
2752 6 4117 4120 4122 4128
2753 8 4130 4129 4131 4133
2754 8 4130 4129 4132 4134
2755 6 4129 4131 4133 4135
2756 6 4129 4131 4133 4136
2757 6 4129 4131 4133 4137
2758 6 4129 4132 4134 4138
2759 6 4129 4132 4134 4139
2760 6 4129 4132 4134 4140
2761 8 4142 4141 4143 4145
2762 8 4142 4141 4144 4146
2763 6 4141 4143 4145 4147
2764 6 4141 4143 4145 4148
2765 6 4141 4143 4145 4149
2766 6 4141 4144 4146 4150
2767 6 4141 4144 4146 4151
2768 6 4141 4144 4146 4152
2769 8 4154 4153 4155 4157
2770 8 4154 4153 4156 4158
2771 6 4153 4155 4157 4159
2772 6 4153 4155 4157 4160
2773 6 4153 4155 4157 4161
2774 6 4153 4156 4158 4162
2775 6 4153 4156 4158 4163
2776 6 4153 4156 4158 4164
2777 8 4166 4165 4167 4169
2778 8 4166 4165 4168 4170
2779 6 4165 4167 4169 4171
2780 6 4165 4167 4169 4172
2781 6 4165 4167 4169 4173
2782 6 4165 4168 4170 4174
2783 6 4165 4168 4170 4175
2784 6 4165 4168 4170 4176
2785 8 4178 4177 4179 4181
2786 8 4178 4177 4180 4182
2787 6 4177 4179 4181 4183
2788 6 4177 4179 4181 4184
2789 6 4177 4179 4181 4185
2790 6 4177 4180 4182 4186
2791 6 4177 4180 4182 4187
2792 6 4177 4180 4182 4188
2793 8 4190 4189 4191 4193
2794 8 4190 4189 4192 4194
2795 6 4189 4191 4193 4195
2796 6 4189 4191 4193 4196
2797 6 4189 4191 4193 4197
2798 6 4189 4192 4194 4198
2799 6 4189 4192 4194 4199
2800 6 4189 4192 4194 4200
2801 8 4202 4201 4203 4205
2802 8 4202 4201 4204 4206
2803 6 4201 4203 4205 4207
2804 6 4201 4203 4205 4208
2805 6 4201 4203 4205 4209
2806 6 4201 4204 4206 4210
2807 6 4201 4204 4206 4211
2808 6 4201 4204 4206 4212
2809 8 4214 4213 4215 4217
2810 8 4214 4213 4216 4218
2811 6 4213 4215 4217 4219
2812 6 4213 4215 4217 4220
2813 6 4213 4215 4217 4221
2814 6 4213 4216 4218 4222
2815 6 4213 4216 4218 4223
2816 6 4213 4216 4218 4224
2817 8 4226 4225 4227 4229
2818 8 4226 4225 4228 4230
2819 6 4225 4227 4229 4231
2820 6 4225 4227 4229 4232
2821 6 4225 4227 4229 4233
2822 6 4225 4228 4230 4234
2823 6 4225 4228 4230 4235
2824 6 4225 4228 4230 4236
2825 8 4238 4237 4239 4241
2826 8 4238 4237 4240 4242
2827 6 4237 4239 4241 4243
2828 6 4237 4239 4241 4244
2829 6 4237 4239 4241 4245
2830 6 4237 4240 4242 4246
2831 6 4237 4240 4242 4247
2832 6 4237 4240 4242 4248
2833 8 4250 4249 4251 4253
2834 8 4250 4249 4252 4254
2835 6 4249 4251 4253 4255
2836 6 4249 4251 4253 4256
2837 6 4249 4251 4253 4257
2838 6 4249 4252 4254 4258
2839 6 4249 4252 4254 4259
2840 6 4249 4252 4254 4260
2841 8 4262 4261 4263 4265
2842 8 4262 4261 4264 4266
2843 6 4261 4263 4265 4267
2844 6 4261 4263 4265 4268
2845 6 4261 4263 4265 4269
2846 6 4261 4264 4266 4270
2847 6 4261 4264 4266 4271
2848 6 4261 4264 4266 4272
2849 8 4274 4273 4275 4277
2850 8 4274 4273 4276 4278
2851 6 4273 4275 4277 4279
2852 6 4273 4275 4277 4280
2853 6 4273 4275 4277 4281
2854 6 4273 4276 4278 4282
2855 6 4273 4276 4278 4283
2856 6 4273 4276 4278 4284
2857 8 4286 4285 4287 4289
2858 8 4286 4285 4288 4290
2859 6 4285 4287 4289 4291
2860 6 4285 4287 4289 4292
2861 6 4285 4287 4289 4293
2862 6 4285 4288 4290 4294
2863 6 4285 4288 4290 4295
2864 6 4285 4288 4290 4296
2865 8 4298 4297 4299 4301
2866 8 4298 4297 4300 4302
2867 6 4297 4299 4301 4303
2868 6 4297 4299 4301 4304
2869 6 4297 4299 4301 4305
2870 6 4297 4300 4302 4306
2871 6 4297 4300 4302 4307
2872 6 4297 4300 4302 4308
2873 8 4310 4309 4311 4313
2874 8 4310 4309 4312 4314
2875 6 4309 4311 4313 4315
2876 6 4309 4311 4313 4316
2877 6 4309 4311 4313 4317
2878 6 4309 4312 4314 4318
2879 6 4309 4312 4314 4319
2880 6 4309 4312 4314 4320
2881 8 4322 4321 4323 4325
2882 8 4322 4321 4324 4326
2883 6 4321 4323 4325 4327
2884 6 4321 4323 4325 4328
2885 6 4321 4323 4325 4329
2886 6 4321 4324 4326 4330
2887 6 4321 4324 4326 4331
2888 6 4321 4324 4326 4332
2889 8 4334 4333 4335 4337
2890 8 4334 4333 4336 4338
2891 6 4333 4335 4337 4339
2892 6 4333 4335 4337 4340
2893 6 4333 4335 4337 4341
2894 6 4333 4336 4338 4342
2895 6 4333 4336 4338 4343
2896 6 4333 4336 4338 4344
2897 8 4346 4345 4347 4349
2898 8 4346 4345 4348 4350
2899 6 4345 4347 4349 4351
2900 6 4345 4347 4349 4352
2901 6 4345 4347 4349 4353
2902 6 4345 4348 4350 4354
2903 6 4345 4348 4350 4355
2904 6 4345 4348 4350 4356
2905 8 4358 4357 4359 4361
2906 8 4358 4357 4360 4362
2907 6 4357 4359 4361 4363
2908 6 4357 4359 4361 4364
2909 6 4357 4359 4361 4365
2910 6 4357 4360 4362 4366
2911 6 4357 4360 4362 4367
2912 6 4357 4360 4362 4368
2913 8 4370 4369 4371 4373
2914 8 4370 4369 4372 4374
2915 6 4369 4371 4373 4375
2916 6 4369 4371 4373 4376
2917 6 4369 4371 4373 4377
2918 6 4369 4372 4374 4378
2919 6 4369 4372 4374 4379
2920 6 4369 4372 4374 4380
2921 8 4382 4381 4383 4385
2922 8 4382 4381 4384 4386
2923 6 4381 4383 4385 4387
2924 6 4381 4383 4385 4388
2925 6 4381 4383 4385 4389
2926 6 4381 4384 4386 4390
2927 6 4381 4384 4386 4391
2928 6 4381 4384 4386 4392
2929 8 4394 4393 4395 4397
2930 8 4394 4393 4396 4398
2931 6 4393 4395 4397 4399
2932 6 4393 4395 4397 4400
2933 6 4393 4395 4397 4401
2934 6 4393 4396 4398 4402
2935 6 4393 4396 4398 4403
2936 6 4393 4396 4398 4404
2937 8 4406 4405 4407 4409
2938 8 4406 4405 4408 4410
2939 6 4405 4407 4409 4411
2940 6 4405 4407 4409 4412
2941 6 4405 4407 4409 4413
2942 6 4405 4408 4410 4414
2943 6 4405 4408 4410 4415
2944 6 4405 4408 4410 4416
2945 8 4418 4417 4419 4421
2946 8 4418 4417 4420 4422
2947 6 4417 4419 4421 4423
2948 6 4417 4419 4421 4424
2949 6 4417 4419 4421 4425
2950 6 4417 4420 4422 4426
2951 6 4417 4420 4422 4427
2952 6 4417 4420 4422 4428
2953 8 4430 4429 4431 4433
2954 8 4430 4429 4432 4434
2955 6 4429 4431 4433 4435
2956 6 4429 4431 4433 4436
2957 6 4429 4431 4433 4437
2958 6 4429 4432 4434 4438
2959 6 4429 4432 4434 4439
2960 6 4429 4432 4434 4440
2961 8 4442 4441 4443 4445
2962 8 4442 4441 4444 4446
2963 6 4441 4443 4445 4447
2964 6 4441 4443 4445 4448
2965 6 4441 4443 4445 4449
2966 6 4441 4444 4446 4450
2967 6 4441 4444 4446 4451
2968 6 4441 4444 4446 4452
2969 8 4454 4453 4455 4457
2970 8 4454 4453 4456 4458
2971 6 4453 4455 4457 4459
2972 6 4453 4455 4457 4460
2973 6 4453 4455 4457 4461
2974 6 4453 4456 4458 4462
2975 6 4453 4456 4458 4463
2976 6 4453 4456 4458 4464
2977 8 4466 4465 4467 4469
2978 8 4466 4465 4468 4470
2979 6 4465 4467 4469 4471
2980 6 4465 4467 4469 4472
2981 6 4465 4467 4469 4473
2982 6 4465 4468 4470 4474
2983 6 4465 4468 4470 4475
2984 6 4465 4468 4470 4476
2985 8 4478 4477 4479 4481
2986 8 4478 4477 4480 4482
2987 6 4477 4479 4481 4483
2988 6 4477 4479 4481 4484
2989 6 4477 4479 4481 4485
2990 6 4477 4480 4482 4486
2991 6 4477 4480 4482 4487
2992 6 4477 4480 4482 4488
2993 8 4490 4489 4491 4493
2994 8 4490 4489 4492 4494
2995 6 4489 4491 4493 4495
2996 6 4489 4491 4493 4496
2997 6 4489 4491 4493 4497
2998 6 4489 4492 4494 4498
2999 6 4489 4492 4494 4499
3000 6 4489 4492 4494 4500
3001 8 4502 4501 4503 4505
3002 8 4502 4501 4504 4506
3003 6 4501 4503 4505 4507
3004 6 4501 4503 4505 4508
3005 6 4501 4503 4505 4509
3006 6 4501 4504 4506 4510
3007 6 4501 4504 4506 4511
3008 6 4501 4504 4506 4512
3009 8 4514 4513 4515 4517
3010 8 4514 4513 4516 4518
3011 6 4513 4515 4517 4519
3012 6 4513 4515 4517 4520
3013 6 4513 4515 4517 4521
3014 6 4513 4516 4518 4522
3015 6 4513 4516 4518 4523
3016 6 4513 4516 4518 4524
3017 8 4526 4525 4527 4529
3018 8 4526 4525 4528 4530
3019 6 4525 4527 4529 4531
3020 6 4525 4527 4529 4532
3021 6 4525 4527 4529 4533
3022 6 4525 4528 4530 4534
3023 6 4525 4528 4530 4535
3024 6 4525 4528 4530 4536
3025 8 4538 4537 4539 4541
3026 8 4538 4537 4540 4542
3027 6 4537 4539 4541 4543
3028 6 4537 4539 4541 4544
3029 6 4537 4539 4541 4545
3030 6 4537 4540 4542 4546
3031 6 4537 4540 4542 4547
3032 6 4537 4540 4542 4548
3033 8 4550 4549 4551 4553
3034 8 4550 4549 4552 4554
3035 6 4549 4551 4553 4555
3036 6 4549 4551 4553 4556
3037 6 4549 4551 4553 4557
3038 6 4549 4552 4554 4558
3039 6 4549 4552 4554 4559
3040 6 4549 4552 4554 4560
3041 8 4562 4561 4563 4565
3042 8 4562 4561 4564 4566
3043 6 4561 4563 4565 4567
3044 6 4561 4563 4565 4568
3045 6 4561 4563 4565 4569
3046 6 4561 4564 4566 4570
3047 6 4561 4564 4566 4571
3048 6 4561 4564 4566 4572
3049 8 4574 4573 4575 4577
3050 8 4574 4573 4576 4578
3051 6 4573 4575 4577 4579
3052 6 4573 4575 4577 4580
3053 6 4573 4575 4577 4581
3054 6 4573 4576 4578 4582
3055 6 4573 4576 4578 4583
3056 6 4573 4576 4578 4584
3057 8 4586 4585 4587 4589
3058 8 4586 4585 4588 4590
3059 6 4585 4587 4589 4591
3060 6 4585 4587 4589 4592
3061 6 4585 4587 4589 4593
3062 6 4585 4588 4590 4594
3063 6 4585 4588 4590 4595
3064 6 4585 4588 4590 4596
3065 8 4598 4597 4599 4601
3066 8 4598 4597 4600 4602
3067 6 4597 4599 4601 4603
3068 6 4597 4599 4601 4604
3069 6 4597 4599 4601 4605
3070 6 4597 4600 4602 4606
3071 6 4597 4600 4602 4607
3072 6 4597 4600 4602 4608
3073 8 4610 4609 4611 4613
3074 8 4610 4609 4612 4614
3075 6 4609 4611 4613 4615
3076 6 4609 4611 4613 4616
3077 6 4609 4611 4613 4617
3078 6 4609 4612 4614 4618
3079 6 4609 4612 4614 4619
3080 6 4609 4612 4614 4620
3081 8 4622 4621 4623 4625
3082 8 4622 4621 4624 4626
3083 6 4621 4623 4625 4627
3084 6 4621 4623 4625 4628
3085 6 4621 4623 4625 4629
3086 6 4621 4624 4626 4630
3087 6 4621 4624 4626 4631
3088 6 4621 4624 4626 4632
3089 8 4634 4633 4635 4637
3090 8 4634 4633 4636 4638
3091 6 4633 4635 4637 4639
3092 6 4633 4635 4637 4640
3093 6 4633 4635 4637 4641
3094 6 4633 4636 4638 4642
3095 6 4633 4636 4638 4643
3096 6 4633 4636 4638 4644
3097 8 4646 4645 4647 4649
3098 8 4646 4645 4648 4650
3099 6 4645 4647 4649 4651
3100 6 4645 4647 4649 4652
3101 6 4645 4647 4649 4653
3102 6 4645 4648 4650 4654
3103 6 4645 4648 4650 4655
3104 6 4645 4648 4650 4656
3105 8 4658 4657 4659 4661
3106 8 4658 4657 4660 4662
3107 6 4657 4659 4661 4663
3108 6 4657 4659 4661 4664
3109 6 4657 4659 4661 4665
3110 6 4657 4660 4662 4666
3111 6 4657 4660 4662 4667
3112 6 4657 4660 4662 4668
3113 8 4670 4669 4671 4673
3114 8 4670 4669 4672 4674
3115 6 4669 4671 4673 4675
3116 6 4669 4671 4673 4676
3117 6 4669 4671 4673 4677
3118 6 4669 4672 4674 4678
3119 6 4669 4672 4674 4679
3120 6 4669 4672 4674 4680
3121 8 4682 4681 4683 4685
3122 8 4682 4681 4684 4686
3123 6 4681 4683 4685 4687
3124 6 4681 4683 4685 4688
3125 6 4681 4683 4685 4689
3126 6 4681 4684 4686 4690
3127 6 4681 4684 4686 4691
3128 6 4681 4684 4686 4692
3129 8 4694 4693 4695 4697
3130 8 4694 4693 4696 4698
3131 6 4693 4695 4697 4699
3132 6 4693 4695 4697 4700
3133 6 4693 4695 4697 4701
3134 6 4693 4696 4698 4702
3135 6 4693 4696 4698 4703
3136 6 4693 4696 4698 4704
3137 8 4706 4705 4707 4709
3138 8 4706 4705 4708 4710
3139 6 4705 4707 4709 4711
3140 6 4705 4707 4709 4712
3141 6 4705 4707 4709 4713
3142 6 4705 4708 4710 4714
3143 6 4705 4708 4710 4715
3144 6 4705 4708 4710 4716
3145 8 4718 4717 4719 4721
3146 8 4718 4717 4720 4722
3147 6 4717 4719 4721 4723
3148 6 4717 4719 4721 4724
3149 6 4717 4719 4721 4725
3150 6 4717 4720 4722 4726
3151 6 4717 4720 4722 4727
3152 6 4717 4720 4722 4728
3153 8 4730 4729 4731 4733
3154 8 4730 4729 4732 4734
3155 6 4729 4731 4733 4735
3156 6 4729 4731 4733 4736
3157 6 4729 4731 4733 4737
3158 6 4729 4732 4734 4738
3159 6 4729 4732 4734 4739
3160 6 4729 4732 4734 4740
3161 8 4742 4741 4743 4745
3162 8 4742 4741 4744 4746
3163 6 4741 4743 4745 4747
3164 6 4741 4743 4745 4748
3165 6 4741 4743 4745 4749
3166 6 4741 4744 4746 4750
3167 6 4741 4744 4746 4751
3168 6 4741 4744 4746 4752
3169 8 4754 4753 4755 4757
3170 8 4754 4753 4756 4758
3171 6 4753 4755 4757 4759
3172 6 4753 4755 4757 4760
3173 6 4753 4755 4757 4761
3174 6 4753 4756 4758 4762
3175 6 4753 4756 4758 4763
3176 6 4753 4756 4758 4764
3177 8 4766 4765 4767 4769
3178 8 4766 4765 4768 4770
3179 6 4765 4767 4769 4771
3180 6 4765 4767 4769 4772
3181 6 4765 4767 4769 4773
3182 6 4765 4768 4770 4774
3183 6 4765 4768 4770 4775
3184 6 4765 4768 4770 4776
3185 8 4778 4777 4779 4781
3186 8 4778 4777 4780 4782
3187 6 4777 4779 4781 4783
3188 6 4777 4779 4781 4784
3189 6 4777 4779 4781 4785
3190 6 4777 4780 4782 4786
3191 6 4777 4780 4782 4787
3192 6 4777 4780 4782 4788
3193 8 4790 4789 4791 4793
3194 8 4790 4789 4792 4794
3195 6 4789 4791 4793 4795
3196 6 4789 4791 4793 4796
3197 6 4789 4791 4793 4797
3198 6 4789 4792 4794 4798
3199 6 4789 4792 4794 4799
3200 6 4789 4792 4794 4800
3201 8 4802 4801 4803 4805
3202 8 4802 4801 4804 4806
3203 6 4801 4803 4805 4807
3204 6 4801 4803 4805 4808
3205 6 4801 4803 4805 4809
3206 6 4801 4804 4806 4810
3207 6 4801 4804 4806 4811
3208 6 4801 4804 4806 4812
3209 8 4814 4813 4815 4817
3210 8 4814 4813 4816 4818
3211 6 4813 4815 4817 4819
3212 6 4813 4815 4817 4820
3213 6 4813 4815 4817 4821
3214 6 4813 4816 4818 4822
3215 6 4813 4816 4818 4823
3216 6 4813 4816 4818 4824
3217 8 4826 4825 4827 4829
3218 8 4826 4825 4828 4830
3219 6 4825 4827 4829 4831
3220 6 4825 4827 4829 4832
3221 6 4825 4827 4829 4833
3222 6 4825 4828 4830 4834
3223 6 4825 4828 4830 4835
3224 6 4825 4828 4830 4836
3225 8 4838 4837 4839 4841
3226 8 4838 4837 4840 4842
3227 6 4837 4839 4841 4843
3228 6 4837 4839 4841 4844
3229 6 4837 4839 4841 4845
3230 6 4837 4840 4842 4846
3231 6 4837 4840 4842 4847
3232 6 4837 4840 4842 4848
3233 8 4850 4849 4851 4853
3234 8 4850 4849 4852 4854
3235 6 4849 4851 4853 4855
3236 6 4849 4851 4853 4856
3237 6 4849 4851 4853 4857
3238 6 4849 4852 4854 4858
3239 6 4849 4852 4854 4859
3240 6 4849 4852 4854 4860
3241 8 4862 4861 4863 4865
3242 8 4862 4861 4864 4866
3243 6 4861 4863 4865 4867
3244 6 4861 4863 4865 4868
3245 6 4861 4863 4865 4869
3246 6 4861 4864 4866 4870
3247 6 4861 4864 4866 4871
3248 6 4861 4864 4866 4872
3249 8 4874 4873 4875 4877
3250 8 4874 4873 4876 4878
3251 6 4873 4875 4877 4879
3252 6 4873 4875 4877 4880
3253 6 4873 4875 4877 4881
3254 6 4873 4876 4878 4882
3255 6 4873 4876 4878 4883
3256 6 4873 4876 4878 4884
3257 8 4886 4885 4887 4889
3258 8 4886 4885 4888 4890
3259 6 4885 4887 4889 4891
3260 6 4885 4887 4889 4892
3261 6 4885 4887 4889 4893
3262 6 4885 4888 4890 4894
3263 6 4885 4888 4890 4895
3264 6 4885 4888 4890 4896
3265 8 4898 4897 4899 4901
3266 8 4898 4897 4900 4902
3267 6 4897 4899 4901 4903
3268 6 4897 4899 4901 4904
3269 6 4897 4899 4901 4905
3270 6 4897 4900 4902 4906
3271 6 4897 4900 4902 4907
3272 6 4897 4900 4902 4908
3273 8 4910 4909 4911 4913
3274 8 4910 4909 4912 4914
3275 6 4909 4911 4913 4915
3276 6 4909 4911 4913 4916
3277 6 4909 4911 4913 4917
3278 6 4909 4912 4914 4918
3279 6 4909 4912 4914 4919
3280 6 4909 4912 4914 4920
3281 8 4922 4921 4923 4925
3282 8 4922 4921 4924 4926
3283 6 4921 4923 4925 4927
3284 6 4921 4923 4925 4928
3285 6 4921 4923 4925 4929
3286 6 4921 4924 4926 4930
3287 6 4921 4924 4926 4931
3288 6 4921 4924 4926 4932
3289 8 4934 4933 4935 4937
3290 8 4934 4933 4936 4938
3291 6 4933 4935 4937 4939
3292 6 4933 4935 4937 4940
3293 6 4933 4935 4937 4941
3294 6 4933 4936 4938 4942
3295 6 4933 4936 4938 4943
3296 6 4933 4936 4938 4944
3297 8 4946 4945 4947 4949
3298 8 4946 4945 4948 4950
3299 6 4945 4947 4949 4951
3300 6 4945 4947 4949 4952
3301 6 4945 4947 4949 4953
3302 6 4945 4948 4950 4954
3303 6 4945 4948 4950 4955
3304 6 4945 4948 4950 4956
3305 8 4958 4957 4959 4961
3306 8 4958 4957 4960 4962
3307 6 4957 4959 4961 4963
3308 6 4957 4959 4961 4964
3309 6 4957 4959 4961 4965
3310 6 4957 4960 4962 4966
3311 6 4957 4960 4962 4967
3312 6 4957 4960 4962 4968
3313 8 4970 4969 4971 4973
3314 8 4970 4969 4972 4974
3315 6 4969 4971 4973 4975
3316 6 4969 4971 4973 4976
3317 6 4969 4971 4973 4977
3318 6 4969 4972 4974 4978
3319 6 4969 4972 4974 4979
3320 6 4969 4972 4974 4980
3321 8 4982 4981 4983 4985
3322 8 4982 4981 4984 4986
3323 6 4981 4983 4985 4987
3324 6 4981 4983 4985 4988
3325 6 4981 4983 4985 4989
3326 6 4981 4984 4986 4990
3327 6 4981 4984 4986 4991
3328 6 4981 4984 4986 4992
3329 8 4994 4993 4995 4997
3330 8 4994 4993 4996 4998
3331 6 4993 4995 4997 4999
3332 6 4993 4995 4997 5000
3333 6 4993 4995 4997 5001
3334 6 4993 4996 4998 5002
3335 6 4993 4996 4998 5003
3336 6 4993 4996 4998 5004
3337 8 5006 5005 5007 5009
3338 8 5006 5005 5008 5010
3339 6 5005 5007 5009 5011
3340 6 5005 5007 5009 5012
3341 6 5005 5007 5009 5013
3342 6 5005 5008 5010 5014
3343 6 5005 5008 5010 5015
3344 6 5005 5008 5010 5016
3345 8 5018 5017 5019 5021
3346 8 5018 5017 5020 5022
3347 6 5017 5019 5021 5023
3348 6 5017 5019 5021 5024
3349 6 5017 5019 5021 5025
3350 6 5017 5020 5022 5026
3351 6 5017 5020 5022 5027
3352 6 5017 5020 5022 5028
3353 8 5030 5029 5031 5033
3354 8 5030 5029 5032 5034
3355 6 5029 5031 5033 5035
3356 6 5029 5031 5033 5036
3357 6 5029 5031 5033 5037
3358 6 5029 5032 5034 5038
3359 6 5029 5032 5034 5039
3360 6 5029 5032 5034 5040
3361 8 5042 5041 5043 5045
3362 8 5042 5041 5044 5046
3363 6 5041 5043 5045 5047
3364 6 5041 5043 5045 5048
3365 6 5041 5043 5045 5049
3366 6 5041 5044 5046 5050
3367 6 5041 5044 5046 5051
3368 6 5041 5044 5046 5052
3369 8 5054 5053 5055 5057
3370 8 5054 5053 5056 5058
3371 6 5053 5055 5057 5059
3372 6 5053 5055 5057 5060
3373 6 5053 5055 5057 5061
3374 6 5053 5056 5058 5062
3375 6 5053 5056 5058 5063
3376 6 5053 5056 5058 5064
3377 8 5066 5065 5067 5069
3378 8 5066 5065 5068 5070
3379 6 5065 5067 5069 5071
3380 6 5065 5067 5069 5072
3381 6 5065 5067 5069 5073
3382 6 5065 5068 5070 5074
3383 6 5065 5068 5070 5075
3384 6 5065 5068 5070 5076
3385 8 5078 5077 5079 5081
3386 8 5078 5077 5080 5082
3387 6 5077 5079 5081 5083
3388 6 5077 5079 5081 5084
3389 6 5077 5079 5081 5085
3390 6 5077 5080 5082 5086
3391 6 5077 5080 5082 5087
3392 6 5077 5080 5082 5088
3393 8 5090 5089 5091 5093
3394 8 5090 5089 5092 5094
3395 6 5089 5091 5093 5095
3396 6 5089 5091 5093 5096
3397 6 5089 5091 5093 5097
3398 6 5089 5092 5094 5098
3399 6 5089 5092 5094 5099
3400 6 5089 5092 5094 5100
3401 8 5102 5101 5103 5105
3402 8 5102 5101 5104 5106
3403 6 5101 5103 5105 5107
3404 6 5101 5103 5105 5108
3405 6 5101 5103 5105 5109
3406 6 5101 5104 5106 5110
3407 6 5101 5104 5106 5111
3408 6 5101 5104 5106 5112
3409 8 5114 5113 5115 5117
3410 8 5114 5113 5116 5118
3411 6 5113 5115 5117 5119
3412 6 5113 5115 5117 5120
3413 6 5113 5115 5117 5121
3414 6 5113 5116 5118 5122
3415 6 5113 5116 5118 5123
3416 6 5113 5116 5118 5124
3417 8 5126 5125 5127 5129
3418 8 5126 5125 5128 5130
3419 6 5125 5127 5129 5131
3420 6 5125 5127 5129 5132
3421 6 5125 5127 5129 5133
3422 6 5125 5128 5130 5134
3423 6 5125 5128 5130 5135
3424 6 5125 5128 5130 5136
3425 8 5138 5137 5139 5141
3426 8 5138 5137 5140 5142
3427 6 5137 5139 5141 5143
3428 6 5137 5139 5141 5144
3429 6 5137 5139 5141 5145
3430 6 5137 5140 5142 5146
3431 6 5137 5140 5142 5147
3432 6 5137 5140 5142 5148
3433 8 5150 5149 5151 5153
3434 8 5150 5149 5152 5154
3435 6 5149 5151 5153 5155
3436 6 5149 5151 5153 5156
3437 6 5149 5151 5153 5157
3438 6 5149 5152 5154 5158
3439 6 5149 5152 5154 5159
3440 6 5149 5152 5154 5160
3441 8 5162 5161 5163 5165
3442 8 5162 5161 5164 5166
3443 6 5161 5163 5165 5167
3444 6 5161 5163 5165 5168
3445 6 5161 5163 5165 5169
3446 6 5161 5164 5166 5170
3447 6 5161 5164 5166 5171
3448 6 5161 5164 5166 5172
3449 8 5174 5173 5175 5177
3450 8 5174 5173 5176 5178
3451 6 5173 5175 5177 5179
3452 6 5173 5175 5177 5180
3453 6 5173 5175 5177 5181
3454 6 5173 5176 5178 5182
3455 6 5173 5176 5178 5183
3456 6 5173 5176 5178 5184
3457 8 5186 5185 5187 5189
3458 8 5186 5185 5188 5190
3459 6 5185 5187 5189 5191
3460 6 5185 5187 5189 5192
3461 6 5185 5187 5189 5193
3462 6 5185 5188 5190 5194
3463 6 5185 5188 5190 5195
3464 6 5185 5188 5190 5196
3465 8 5198 5197 5199 5201
3466 8 5198 5197 5200 5202
3467 6 5197 5199 5201 5203
3468 6 5197 5199 5201 5204
3469 6 5197 5199 5201 5205
3470 6 5197 5200 5202 5206
3471 6 5197 5200 5202 5207
3472 6 5197 5200 5202 5208
3473 8 5210 5209 5211 5213
3474 8 5210 5209 5212 5214
3475 6 5209 5211 5213 5215
3476 6 5209 5211 5213 5216
3477 6 5209 5211 5213 5217
3478 6 5209 5212 5214 5218
3479 6 5209 5212 5214 5219
3480 6 5209 5212 5214 5220
3481 8 5222 5221 5223 5225
3482 8 5222 5221 5224 5226
3483 6 5221 5223 5225 5227
3484 6 5221 5223 5225 5228
3485 6 5221 5223 5225 5229
3486 6 5221 5224 5226 5230
3487 6 5221 5224 5226 5231
3488 6 5221 5224 5226 5232
3489 8 5234 5233 5235 5237
3490 8 5234 5233 5236 5238
3491 6 5233 5235 5237 5239
3492 6 5233 5235 5237 5240
3493 6 5233 5235 5237 5241
3494 6 5233 5236 5238 5242
3495 6 5233 5236 5238 5243
3496 6 5233 5236 5238 5244
3497 8 5246 5245 5247 5249
3498 8 5246 5245 5248 5250
3499 6 5245 5247 5249 5251
3500 6 5245 5247 5249 5252
3501 6 5245 5247 5249 5253
3502 6 5245 5248 5250 5254
3503 6 5245 5248 5250 5255
3504 6 5245 5248 5250 5256
3505 8 5258 5257 5259 5261
3506 8 5258 5257 5260 5262
3507 6 5257 5259 5261 5263
3508 6 5257 5259 5261 5264
3509 6 5257 5259 5261 5265
3510 6 5257 5260 5262 5266
3511 6 5257 5260 5262 5267
3512 6 5257 5260 5262 5268
3513 8 5270 5269 5271 5273
3514 8 5270 5269 5272 5274
3515 6 5269 5271 5273 5275
3516 6 5269 5271 5273 5276
3517 6 5269 5271 5273 5277
3518 6 5269 5272 5274 5278
3519 6 5269 5272 5274 5279
3520 6 5269 5272 5274 5280
3521 8 5282 5281 5283 5285
3522 8 5282 5281 5284 5286
3523 6 5281 5283 5285 5287
3524 6 5281 5283 5285 5288
3525 6 5281 5283 5285 5289
3526 6 5281 5284 5286 5290
3527 6 5281 5284 5286 5291
3528 6 5281 5284 5286 5292
3529 8 5294 5293 5295 5297
3530 8 5294 5293 5296 5298
3531 6 5293 5295 5297 5299
3532 6 5293 5295 5297 5300
3533 6 5293 5295 5297 5301
3534 6 5293 5296 5298 5302
3535 6 5293 5296 5298 5303
3536 6 5293 5296 5298 5304
3537 8 5306 5305 5307 5309
3538 8 5306 5305 5308 5310
3539 6 5305 5307 5309 5311
3540 6 5305 5307 5309 5312
3541 6 5305 5307 5309 5313
3542 6 5305 5308 5310 5314
3543 6 5305 5308 5310 5315
3544 6 5305 5308 5310 5316
3545 8 5318 5317 5319 5321
3546 8 5318 5317 5320 5322
3547 6 5317 5319 5321 5323
3548 6 5317 5319 5321 5324
3549 6 5317 5319 5321 5325
3550 6 5317 5320 5322 5326
3551 6 5317 5320 5322 5327
3552 6 5317 5320 5322 5328
3553 8 5330 5329 5331 5333
3554 8 5330 5329 5332 5334
3555 6 5329 5331 5333 5335
3556 6 5329 5331 5333 5336
3557 6 5329 5331 5333 5337
3558 6 5329 5332 5334 5338
3559 6 5329 5332 5334 5339
3560 6 5329 5332 5334 5340
3561 8 5342 5341 5343 5345
3562 8 5342 5341 5344 5346
3563 6 5341 5343 5345 5347
3564 6 5341 5343 5345 5348
3565 6 5341 5343 5345 5349
3566 6 5341 5344 5346 5350
3567 6 5341 5344 5346 5351
3568 6 5341 5344 5346 5352
3569 8 5354 5353 5355 5357
3570 8 5354 5353 5356 5358
3571 6 5353 5355 5357 5359
3572 6 5353 5355 5357 5360
3573 6 5353 5355 5357 5361
3574 6 5353 5356 5358 5362
3575 6 5353 5356 5358 5363
3576 6 5353 5356 5358 5364
3577 8 5366 5365 5367 5369
3578 8 5366 5365 5368 5370
3579 6 5365 5367 5369 5371
3580 6 5365 5367 5369 5372
3581 6 5365 5367 5369 5373
3582 6 5365 5368 5370 5374
3583 6 5365 5368 5370 5375
3584 6 5365 5368 5370 5376
3585 8 5378 5377 5379 5381
3586 8 5378 5377 5380 5382
3587 6 5377 5379 5381 5383
3588 6 5377 5379 5381 5384
3589 6 5377 5379 5381 5385
3590 6 5377 5380 5382 5386
3591 6 5377 5380 5382 5387
3592 6 5377 5380 5382 5388
3593 8 5390 5389 5391 5393
3594 8 5390 5389 5392 5394
3595 6 5389 5391 5393 5395
3596 6 5389 5391 5393 5396
3597 6 5389 5391 5393 5397
3598 6 5389 5392 5394 5398
3599 6 5389 5392 5394 5399
3600 6 5389 5392 5394 5400
3601 8 5402 5401 5403 5405
3602 8 5402 5401 5404 5406
3603 6 5401 5403 5405 5407
3604 6 5401 5403 5405 5408
3605 6 5401 5403 5405 5409
3606 6 5401 5404 5406 5410
3607 6 5401 5404 5406 5411
3608 6 5401 5404 5406 5412
3609 8 5414 5413 5415 5417
3610 8 5414 5413 5416 5418
3611 6 5413 5415 5417 5419
3612 6 5413 5415 5417 5420
3613 6 5413 5415 5417 5421
3614 6 5413 5416 5418 5422
3615 6 5413 5416 5418 5423
3616 6 5413 5416 5418 5424
3617 8 5426 5425 5427 5429
3618 8 5426 5425 5428 5430
3619 6 5425 5427 5429 5431
3620 6 5425 5427 5429 5432
3621 6 5425 5427 5429 5433
3622 6 5425 5428 5430 5434
3623 6 5425 5428 5430 5435
3624 6 5425 5428 5430 5436
3625 8 5438 5437 5439 5441
3626 8 5438 5437 5440 5442
3627 6 5437 5439 5441 5443
3628 6 5437 5439 5441 5444
3629 6 5437 5439 5441 5445
3630 6 5437 5440 5442 5446
3631 6 5437 5440 5442 5447
3632 6 5437 5440 5442 5448
3633 8 5450 5449 5451 5453
3634 8 5450 5449 5452 5454
3635 6 5449 5451 5453 5455
3636 6 5449 5451 5453 5456
3637 6 5449 5451 5453 5457
3638 6 5449 5452 5454 5458
3639 6 5449 5452 5454 5459
3640 6 5449 5452 5454 5460
3641 8 5462 5461 5463 5465
3642 8 5462 5461 5464 5466
3643 6 5461 5463 5465 5467
3644 6 5461 5463 5465 5468
3645 6 5461 5463 5465 5469
3646 6 5461 5464 5466 5470
3647 6 5461 5464 5466 5471
3648 6 5461 5464 5466 5472
3649 8 5474 5473 5475 5477
3650 8 5474 5473 5476 5478
3651 6 5473 5475 5477 5479
3652 6 5473 5475 5477 5480
3653 6 5473 5475 5477 5481
3654 6 5473 5476 5478 5482
3655 6 5473 5476 5478 5483
3656 6 5473 5476 5478 5484
3657 8 5486 5485 5487 5489
3658 8 5486 5485 5488 5490
3659 6 5485 5487 5489 5491
3660 6 5485 5487 5489 5492
3661 6 5485 5487 5489 5493
3662 6 5485 5488 5490 5494
3663 6 5485 5488 5490 5495
3664 6 5485 5488 5490 5496
3665 8 5498 5497 5499 5501
3666 8 5498 5497 5500 5502
3667 6 5497 5499 5501 5503
3668 6 5497 5499 5501 5504
3669 6 5497 5499 5501 5505
3670 6 5497 5500 5502 5506
3671 6 5497 5500 5502 5507
3672 6 5497 5500 5502 5508
3673 8 5510 5509 5511 5513
3674 8 5510 5509 5512 5514
3675 6 5509 5511 5513 5515
3676 6 5509 5511 5513 5516
3677 6 5509 5511 5513 5517
3678 6 5509 5512 5514 5518
3679 6 5509 5512 5514 5519
3680 6 5509 5512 5514 5520
3681 8 5522 5521 5523 5525
3682 8 5522 5521 5524 5526
3683 6 5521 5523 5525 5527
3684 6 5521 5523 5525 5528
3685 6 5521 5523 5525 5529
3686 6 5521 5524 5526 5530
3687 6 5521 5524 5526 5531
3688 6 5521 5524 5526 5532
3689 8 5534 5533 5535 5537
3690 8 5534 5533 5536 5538
3691 6 5533 5535 5537 5539
3692 6 5533 5535 5537 5540
3693 6 5533 5535 5537 5541
3694 6 5533 5536 5538 5542
3695 6 5533 5536 5538 5543
3696 6 5533 5536 5538 5544
3697 8 5546 5545 5547 5549
3698 8 5546 5545 5548 5550
3699 6 5545 5547 5549 5551
3700 6 5545 5547 5549 5552
3701 6 5545 5547 5549 5553
3702 6 5545 5548 5550 5554
3703 6 5545 5548 5550 5555
3704 6 5545 5548 5550 5556
3705 8 5558 5557 5559 5561
3706 8 5558 5557 5560 5562
3707 6 5557 5559 5561 5563
3708 6 5557 5559 5561 5564
3709 6 5557 5559 5561 5565
3710 6 5557 5560 5562 5566
3711 6 5557 5560 5562 5567
3712 6 5557 5560 5562 5568
3713 8 5570 5569 5571 5573
3714 8 5570 5569 5572 5574
3715 6 5569 5571 5573 5575
3716 6 5569 5571 5573 5576
3717 6 5569 5571 5573 5577
3718 6 5569 5572 5574 5578
3719 6 5569 5572 5574 5579
3720 6 5569 5572 5574 5580
3721 8 5582 5581 5583 5585
3722 8 5582 5581 5584 5586
3723 6 5581 5583 5585 5587
3724 6 5581 5583 5585 5588
3725 6 5581 5583 5585 5589
3726 6 5581 5584 5586 5590
3727 6 5581 5584 5586 5591
3728 6 5581 5584 5586 5592
3729 8 5594 5593 5595 5597
3730 8 5594 5593 5596 5598
3731 6 5593 5595 5597 5599
3732 6 5593 5595 5597 5600
3733 6 5593 5595 5597 5601
3734 6 5593 5596 5598 5602
3735 6 5593 5596 5598 5603
3736 6 5593 5596 5598 5604
3737 8 5606 5605 5607 5609
3738 8 5606 5605 5608 5610
3739 6 5605 5607 5609 5611
3740 6 5605 5607 5609 5612
3741 6 5605 5607 5609 5613
3742 6 5605 5608 5610 5614
3743 6 5605 5608 5610 5615
3744 6 5605 5608 5610 5616
3745 8 5618 5617 5619 5621
3746 8 5618 5617 5620 5622
3747 6 5617 5619 5621 5623
3748 6 5617 5619 5621 5624
3749 6 5617 5619 5621 5625
3750 6 5617 5620 5622 5626
3751 6 5617 5620 5622 5627
3752 6 5617 5620 5622 5628
3753 8 5630 5629 5631 5633
3754 8 5630 5629 5632 5634
3755 6 5629 5631 5633 5635
3756 6 5629 5631 5633 5636
3757 6 5629 5631 5633 5637
3758 6 5629 5632 5634 5638
3759 6 5629 5632 5634 5639
3760 6 5629 5632 5634 5640
3761 8 5642 5641 5643 5645
3762 8 5642 5641 5644 5646
3763 6 5641 5643 5645 5647
3764 6 5641 5643 5645 5648
3765 6 5641 5643 5645 5649
3766 6 5641 5644 5646 5650
3767 6 5641 5644 5646 5651
3768 6 5641 5644 5646 5652
3769 8 5654 5653 5655 5657
3770 8 5654 5653 5656 5658
3771 6 5653 5655 5657 5659
3772 6 5653 5655 5657 5660
3773 6 5653 5655 5657 5661
3774 6 5653 5656 5658 5662
3775 6 5653 5656 5658 5663
3776 6 5653 5656 5658 5664
3777 8 5666 5665 5667 5669
3778 8 5666 5665 5668 5670
3779 6 5665 5667 5669 5671
3780 6 5665 5667 5669 5672
3781 6 5665 5667 5669 5673
3782 6 5665 5668 5670 5674
3783 6 5665 5668 5670 5675
3784 6 5665 5668 5670 5676
3785 8 5678 5677 5679 5681
3786 8 5678 5677 5680 5682
3787 6 5677 5679 5681 5683
3788 6 5677 5679 5681 5684
3789 6 5677 5679 5681 5685
3790 6 5677 5680 5682 5686
3791 6 5677 5680 5682 5687
3792 6 5677 5680 5682 5688
3793 8 5690 5689 5691 5693
3794 8 5690 5689 5692 5694
3795 6 5689 5691 5693 5695
3796 6 5689 5691 5693 5696
3797 6 5689 5691 5693 5697
3798 6 5689 5692 5694 5698
3799 6 5689 5692 5694 5699
3800 6 5689 5692 5694 5700
3801 8 5702 5701 5703 5705
3802 8 5702 5701 5704 5706
3803 6 5701 5703 5705 5707
3804 6 5701 5703 5705 5708
3805 6 5701 5703 5705 5709
3806 6 5701 5704 5706 5710
3807 6 5701 5704 5706 5711
3808 6 5701 5704 5706 5712
3809 8 5714 5713 5715 5717
3810 8 5714 5713 5716 5718
3811 6 5713 5715 5717 5719
3812 6 5713 5715 5717 5720
3813 6 5713 5715 5717 5721
3814 6 5713 5716 5718 5722
3815 6 5713 5716 5718 5723
3816 6 5713 5716 5718 5724
3817 8 5726 5725 5727 5729
3818 8 5726 5725 5728 5730
3819 6 5725 5727 5729 5731
3820 6 5725 5727 5729 5732
3821 6 5725 5727 5729 5733
3822 6 5725 5728 5730 5734
3823 6 5725 5728 5730 5735
3824 6 5725 5728 5730 5736
3825 8 5738 5737 5739 5741
3826 8 5738 5737 5740 5742
3827 6 5737 5739 5741 5743
3828 6 5737 5739 5741 5744
3829 6 5737 5739 5741 5745
3830 6 5737 5740 5742 5746
3831 6 5737 5740 5742 5747
3832 6 5737 5740 5742 5748
3833 8 5750 5749 5751 5753
3834 8 5750 5749 5752 5754
3835 6 5749 5751 5753 5755
3836 6 5749 5751 5753 5756
3837 6 5749 5751 5753 5757
3838 6 5749 5752 5754 5758
3839 6 5749 5752 5754 5759
3840 6 5749 5752 5754 5760
3841 8 5762 5761 5763 5765
3842 8 5762 5761 5764 5766
3843 6 5761 5763 5765 5767
3844 6 5761 5763 5765 5768
3845 6 5761 5763 5765 5769
3846 6 5761 5764 5766 5770
3847 6 5761 5764 5766 5771
3848 6 5761 5764 5766 5772
3849 8 5774 5773 5775 5777
3850 8 5774 5773 5776 5778
3851 6 5773 5775 5777 5779
3852 6 5773 5775 5777 5780
3853 6 5773 5775 5777 5781
3854 6 5773 5776 5778 5782
3855 6 5773 5776 5778 5783
3856 6 5773 5776 5778 5784
3857 8 5786 5785 5787 5789
3858 8 5786 5785 5788 5790
3859 6 5785 5787 5789 5791
3860 6 5785 5787 5789 5792
3861 6 5785 5787 5789 5793
3862 6 5785 5788 5790 5794
3863 6 5785 5788 5790 5795
3864 6 5785 5788 5790 5796
3865 8 5798 5797 5799 5801
3866 8 5798 5797 5800 5802
3867 6 5797 5799 5801 5803
3868 6 5797 5799 5801 5804
3869 6 5797 5799 5801 5805
3870 6 5797 5800 5802 5806
3871 6 5797 5800 5802 5807
3872 6 5797 5800 5802 5808
3873 8 5810 5809 5811 5813
3874 8 5810 5809 5812 5814
3875 6 5809 5811 5813 5815
3876 6 5809 5811 5813 5816
3877 6 5809 5811 5813 5817
3878 6 5809 5812 5814 5818
3879 6 5809 5812 5814 5819
3880 6 5809 5812 5814 5820
3881 8 5822 5821 5823 5825
3882 8 5822 5821 5824 5826
3883 6 5821 5823 5825 5827
3884 6 5821 5823 5825 5828
3885 6 5821 5823 5825 5829
3886 6 5821 5824 5826 5830
3887 6 5821 5824 5826 5831
3888 6 5821 5824 5826 5832
3889 8 5834 5833 5835 5837
3890 8 5834 5833 5836 5838
3891 6 5833 5835 5837 5839
3892 6 5833 5835 5837 5840
3893 6 5833 5835 5837 5841
3894 6 5833 5836 5838 5842
3895 6 5833 5836 5838 5843
3896 6 5833 5836 5838 5844
3897 8 5846 5845 5847 5849
3898 8 5846 5845 5848 5850
3899 6 5845 5847 5849 5851
3900 6 5845 5847 5849 5852
3901 6 5845 5847 5849 5853
3902 6 5845 5848 5850 5854
3903 6 5845 5848 5850 5855
3904 6 5845 5848 5850 5856
3905 8 5858 5857 5859 5861
3906 8 5858 5857 5860 5862
3907 6 5857 5859 5861 5863
3908 6 5857 5859 5861 5864
3909 6 5857 5859 5861 5865
3910 6 5857 5860 5862 5866
3911 6 5857 5860 5862 5867
3912 6 5857 5860 5862 5868
3913 8 5870 5869 5871 5873
3914 8 5870 5869 5872 5874
3915 6 5869 5871 5873 5875
3916 6 5869 5871 5873 5876
3917 6 5869 5871 5873 5877
3918 6 5869 5872 5874 5878
3919 6 5869 5872 5874 5879
3920 6 5869 5872 5874 5880
3921 8 5882 5881 5883 5885
3922 8 5882 5881 5884 5886
3923 6 5881 5883 5885 5887
3924 6 5881 5883 5885 5888
3925 6 5881 5883 5885 5889
3926 6 5881 5884 5886 5890
3927 6 5881 5884 5886 5891
3928 6 5881 5884 5886 5892
3929 8 5894 5893 5895 5897
3930 8 5894 5893 5896 5898
3931 6 5893 5895 5897 5899
3932 6 5893 5895 5897 5900
3933 6 5893 5895 5897 5901
3934 6 5893 5896 5898 5902
3935 6 5893 5896 5898 5903
3936 6 5893 5896 5898 5904
3937 8 5906 5905 5907 5909
3938 8 5906 5905 5908 5910
3939 6 5905 5907 5909 5911
3940 6 5905 5907 5909 5912
3941 6 5905 5907 5909 5913
3942 6 5905 5908 5910 5914
3943 6 5905 5908 5910 5915
3944 6 5905 5908 5910 5916
3945 8 5918 5917 5919 5921
3946 8 5918 5917 5920 5922
3947 6 5917 5919 5921 5923
3948 6 5917 5919 5921 5924
3949 6 5917 5919 5921 5925
3950 6 5917 5920 5922 5926
3951 6 5917 5920 5922 5927
3952 6 5917 5920 5922 5928
3953 8 5930 5929 5931 5933
3954 8 5930 5929 5932 5934
3955 6 5929 5931 5933 5935
3956 6 5929 5931 5933 5936
3957 6 5929 5931 5933 5937
3958 6 5929 5932 5934 5938
3959 6 5929 5932 5934 5939
3960 6 5929 5932 5934 5940
3961 8 5942 5941 5943 5945
3962 8 5942 5941 5944 5946
3963 6 5941 5943 5945 5947
3964 6 5941 5943 5945 5948
3965 6 5941 5943 5945 5949
3966 6 5941 5944 5946 5950
3967 6 5941 5944 5946 5951
3968 6 5941 5944 5946 5952
3969 8 5954 5953 5955 5957
3970 8 5954 5953 5956 5958
3971 6 5953 5955 5957 5959
3972 6 5953 5955 5957 5960
3973 6 5953 5955 5957 5961
3974 6 5953 5956 5958 5962
3975 6 5953 5956 5958 5963
3976 6 5953 5956 5958 5964
3977 8 5966 5965 5967 5969
3978 8 5966 5965 5968 5970
3979 6 5965 5967 5969 5971
3980 6 5965 5967 5969 5972
3981 6 5965 5967 5969 5973
3982 6 5965 5968 5970 5974
3983 6 5965 5968 5970 5975
3984 6 5965 5968 5970 5976
3985 8 5978 5977 5979 5981
3986 8 5978 5977 5980 5982
3987 6 5977 5979 5981 5983
3988 6 5977 5979 5981 5984
3989 6 5977 5979 5981 5985
3990 6 5977 5980 5982 5986
3991 6 5977 5980 5982 5987
3992 6 5977 5980 5982 5988
3993 8 5990 5989 5991 5993
3994 8 5990 5989 5992 5994
3995 6 5989 5991 5993 5995
3996 6 5989 5991 5993 5996
3997 6 5989 5991 5993 5997
3998 6 5989 5992 5994 5998
3999 6 5989 5992 5994 5999
4000 6 5989 5992 5994 6000
4001 8 6002 6001 6003 6005
4002 8 6002 6001 6004 6006
4003 6 6001 6003 6005 6007
4004 6 6001 6003 6005 6008
4005 6 6001 6003 6005 6009
4006 6 6001 6004 6006 6010
4007 6 6001 6004 6006 6011
4008 6 6001 6004 6006 6012
4009 8 6014 6013 6015 6017
4010 8 6014 6013 6016 6018
4011 6 6013 6015 6017 6019
4012 6 6013 6015 6017 6020
4013 6 6013 6015 6017 6021
4014 6 6013 6016 6018 6022
4015 6 6013 6016 6018 6023
4016 6 6013 6016 6018 6024
4017 8 6026 6025 6027 6029
4018 8 6026 6025 6028 6030
4019 6 6025 6027 6029 6031
4020 6 6025 6027 6029 6032
4021 6 6025 6027 6029 6033
4022 6 6025 6028 6030 6034
4023 6 6025 6028 6030 6035
4024 6 6025 6028 6030 6036
4025 8 6038 6037 6039 6041
4026 8 6038 6037 6040 6042
4027 6 6037 6039 6041 6043
4028 6 6037 6039 6041 6044
4029 6 6037 6039 6041 6045
4030 6 6037 6040 6042 6046
4031 6 6037 6040 6042 6047
4032 6 6037 6040 6042 6048
4033 8 6050 6049 6051 6053
4034 8 6050 6049 6052 6054
4035 6 6049 6051 6053 6055
4036 6 6049 6051 6053 6056
4037 6 6049 6051 6053 6057
4038 6 6049 6052 6054 6058
4039 6 6049 6052 6054 6059
4040 6 6049 6052 6054 6060
4041 8 6062 6061 6063 6065
4042 8 6062 6061 6064 6066
4043 6 6061 6063 6065 6067
4044 6 6061 6063 6065 6068
4045 6 6061 6063 6065 6069
4046 6 6061 6064 6066 6070
4047 6 6061 6064 6066 6071
4048 6 6061 6064 6066 6072
4049 8 6074 6073 6075 6077
4050 8 6074 6073 6076 6078
4051 6 6073 6075 6077 6079
4052 6 6073 6075 6077 6080
4053 6 6073 6075 6077 6081
4054 6 6073 6076 6078 6082
4055 6 6073 6076 6078 6083
4056 6 6073 6076 6078 6084
4057 8 6086 6085 6087 6089
4058 8 6086 6085 6088 6090
4059 6 6085 6087 6089 6091
4060 6 6085 6087 6089 6092
4061 6 6085 6087 6089 6093
4062 6 6085 6088 6090 6094
4063 6 6085 6088 6090 6095
4064 6 6085 6088 6090 6096
4065 8 6098 6097 6099 6101
4066 8 6098 6097 6100 6102
4067 6 6097 6099 6101 6103
4068 6 6097 6099 6101 6104
4069 6 6097 6099 6101 6105
4070 6 6097 6100 6102 6106
4071 6 6097 6100 6102 6107
4072 6 6097 6100 6102 6108
4073 8 6110 6109 6111 6113
4074 8 6110 6109 6112 6114
4075 6 6109 6111 6113 6115
4076 6 6109 6111 6113 6116
4077 6 6109 6111 6113 6117
4078 6 6109 6112 6114 6118
4079 6 6109 6112 6114 6119
4080 6 6109 6112 6114 6120
4081 8 6122 6121 6123 6125
4082 8 6122 6121 6124 6126
4083 6 6121 6123 6125 6127
4084 6 6121 6123 6125 6128
4085 6 6121 6123 6125 6129
4086 6 6121 6124 6126 6130
4087 6 6121 6124 6126 6131
4088 6 6121 6124 6126 6132
4089 8 6134 6133 6135 6137
4090 8 6134 6133 6136 6138
4091 6 6133 6135 6137 6139
4092 6 6133 6135 6137 6140
4093 6 6133 6135 6137 6141
4094 6 6133 6136 6138 6142
4095 6 6133 6136 6138 6143
4096 6 6133 6136 6138 6144
4097 8 6146 6145 6147 6149
4098 8 6146 6145 6148 6150
4099 6 6145 6147 6149 6151
4100 6 6145 6147 6149 6152
4101 6 6145 6147 6149 6153
4102 6 6145 6148 6150 6154
4103 6 6145 6148 6150 6155
4104 6 6145 6148 6150 6156
4105 8 6158 6157 6159 6161
4106 8 6158 6157 6160 6162
4107 6 6157 6159 6161 6163
4108 6 6157 6159 6161 6164
4109 6 6157 6159 6161 6165
4110 6 6157 6160 6162 6166
4111 6 6157 6160 6162 6167
4112 6 6157 6160 6162 6168
4113 8 6170 6169 6171 6173
4114 8 6170 6169 6172 6174
4115 6 6169 6171 6173 6175
4116 6 6169 6171 6173 6176
4117 6 6169 6171 6173 6177
4118 6 6169 6172 6174 6178
4119 6 6169 6172 6174 6179
4120 6 6169 6172 6174 6180
4121 8 6182 6181 6183 6185
4122 8 6182 6181 6184 6186
4123 6 6181 6183 6185 6187
4124 6 6181 6183 6185 6188
4125 6 6181 6183 6185 6189
4126 6 6181 6184 6186 6190
4127 6 6181 6184 6186 6191
4128 6 6181 6184 6186 6192
4129 8 6194 6193 6195 6197
4130 8 6194 6193 6196 6198
4131 6 6193 6195 6197 6199
4132 6 6193 6195 6197 6200
4133 6 6193 6195 6197 6201
4134 6 6193 6196 6198 6202
4135 6 6193 6196 6198 6203
4136 6 6193 6196 6198 6204
4137 8 6206 6205 6207 6209
4138 8 6206 6205 6208 6210
4139 6 6205 6207 6209 6211
4140 6 6205 6207 6209 6212
4141 6 6205 6207 6209 6213
4142 6 6205 6208 6210 6214
4143 6 6205 6208 6210 6215
4144 6 6205 6208 6210 6216
4145 8 6218 6217 6219 6221
4146 8 6218 6217 6220 6222
4147 6 6217 6219 6221 6223
4148 6 6217 6219 6221 6224
4149 6 6217 6219 6221 6225
4150 6 6217 6220 6222 6226
4151 6 6217 6220 6222 6227
4152 6 6217 6220 6222 6228
4153 8 6230 6229 6231 6233
4154 8 6230 6229 6232 6234
4155 6 6229 6231 6233 6235
4156 6 6229 6231 6233 6236
4157 6 6229 6231 6233 6237
4158 6 6229 6232 6234 6238
4159 6 6229 6232 6234 6239
4160 6 6229 6232 6234 6240
4161 8 6242 6241 6243 6245
4162 8 6242 6241 6244 6246
4163 6 6241 6243 6245 6247
4164 6 6241 6243 6245 6248
4165 6 6241 6243 6245 6249
4166 6 6241 6244 6246 6250
4167 6 6241 6244 6246 6251
4168 6 6241 6244 6246 6252
4169 8 6254 6253 6255 6257
4170 8 6254 6253 6256 6258
4171 6 6253 6255 6257 6259
4172 6 6253 6255 6257 6260
4173 6 6253 6255 6257 6261
4174 6 6253 6256 6258 6262
4175 6 6253 6256 6258 6263
4176 6 6253 6256 6258 6264
4177 8 6266 6265 6267 6269
4178 8 6266 6265 6268 6270
4179 6 6265 6267 6269 6271
4180 6 6265 6267 6269 6272
4181 6 6265 6267 6269 6273
4182 6 6265 6268 6270 6274
4183 6 6265 6268 6270 6275
4184 6 6265 6268 6270 6276
4185 8 6278 6277 6279 6281
4186 8 6278 6277 6280 6282
4187 6 6277 6279 6281 6283
4188 6 6277 6279 6281 6284
4189 6 6277 6279 6281 6285
4190 6 6277 6280 6282 6286
4191 6 6277 6280 6282 6287
4192 6 6277 6280 6282 6288
4193 8 6290 6289 6291 6293
4194 8 6290 6289 6292 6294
4195 6 6289 6291 6293 6295
4196 6 6289 6291 6293 6296
4197 6 6289 6291 6293 6297
4198 6 6289 6292 6294 6298
4199 6 6289 6292 6294 6299
4200 6 6289 6292 6294 6300
4201 8 6302 6301 6303 6305
4202 8 6302 6301 6304 6306
4203 6 6301 6303 6305 6307
4204 6 6301 6303 6305 6308
4205 6 6301 6303 6305 6309
4206 6 6301 6304 6306 6310
4207 6 6301 6304 6306 6311
4208 6 6301 6304 6306 6312
4209 8 6314 6313 6315 6317
4210 8 6314 6313 6316 6318
4211 6 6313 6315 6317 6319
4212 6 6313 6315 6317 6320
4213 6 6313 6315 6317 6321
4214 6 6313 6316 6318 6322
4215 6 6313 6316 6318 6323
4216 6 6313 6316 6318 6324
4217 8 6326 6325 6327 6329
4218 8 6326 6325 6328 6330
4219 6 6325 6327 6329 6331
4220 6 6325 6327 6329 6332
4221 6 6325 6327 6329 6333
4222 6 6325 6328 6330 6334
4223 6 6325 6328 6330 6335
4224 6 6325 6328 6330 6336
4225 8 6338 6337 6339 6341
4226 8 6338 6337 6340 6342
4227 6 6337 6339 6341 6343
4228 6 6337 6339 6341 6344
4229 6 6337 6339 6341 6345
4230 6 6337 6340 6342 6346
4231 6 6337 6340 6342 6347
4232 6 6337 6340 6342 6348
4233 8 6350 6349 6351 6353
4234 8 6350 6349 6352 6354
4235 6 6349 6351 6353 6355
4236 6 6349 6351 6353 6356
4237 6 6349 6351 6353 6357
4238 6 6349 6352 6354 6358
4239 6 6349 6352 6354 6359
4240 6 6349 6352 6354 6360
4241 8 6362 6361 6363 6365
4242 8 6362 6361 6364 6366
4243 6 6361 6363 6365 6367
4244 6 6361 6363 6365 6368
4245 6 6361 6363 6365 6369
4246 6 6361 6364 6366 6370
4247 6 6361 6364 6366 6371
4248 6 6361 6364 6366 6372
4249 8 6374 6373 6375 6377
4250 8 6374 6373 6376 6378
4251 6 6373 6375 6377 6379
4252 6 6373 6375 6377 6380
4253 6 6373 6375 6377 6381
4254 6 6373 6376 6378 6382
4255 6 6373 6376 6378 6383
4256 6 6373 6376 6378 6384
4257 8 6386 6385 6387 6389
4258 8 6386 6385 6388 6390
4259 6 6385 6387 6389 6391
4260 6 6385 6387 6389 6392
4261 6 6385 6387 6389 6393
4262 6 6385 6388 6390 6394
4263 6 6385 6388 6390 6395
4264 6 6385 6388 6390 6396
4265 8 6398 6397 6399 6401
4266 8 6398 6397 6400 6402
4267 6 6397 6399 6401 6403
4268 6 6397 6399 6401 6404
4269 6 6397 6399 6401 6405
4270 6 6397 6400 6402 6406
4271 6 6397 6400 6402 6407
4272 6 6397 6400 6402 6408
4273 8 6410 6409 6411 6413
4274 8 6410 6409 6412 6414
4275 6 6409 6411 6413 6415
4276 6 6409 6411 6413 6416
4277 6 6409 6411 6413 6417
4278 6 6409 6412 6414 6418
4279 6 6409 6412 6414 6419
4280 6 6409 6412 6414 6420
4281 8 6422 6421 6423 6425
4282 8 6422 6421 6424 6426
4283 6 6421 6423 6425 6427
4284 6 6421 6423 6425 6428
4285 6 6421 6423 6425 6429
4286 6 6421 6424 6426 6430
4287 6 6421 6424 6426 6431
4288 6 6421 6424 6426 6432
4289 8 6434 6433 6435 6437
4290 8 6434 6433 6436 6438
4291 6 6433 6435 6437 6439
4292 6 6433 6435 6437 6440
4293 6 6433 6435 6437 6441
4294 6 6433 6436 6438 6442
4295 6 6433 6436 6438 6443
4296 6 6433 6436 6438 6444
4297 8 6446 6445 6447 6449
4298 8 6446 6445 6448 6450
4299 6 6445 6447 6449 6451
4300 6 6445 6447 6449 6452
4301 6 6445 6447 6449 6453
4302 6 6445 6448 6450 6454
4303 6 6445 6448 6450 6455
4304 6 6445 6448 6450 6456
4305 8 6458 6457 6459 6461
4306 8 6458 6457 6460 6462
4307 6 6457 6459 6461 6463
4308 6 6457 6459 6461 6464
4309 6 6457 6459 6461 6465
4310 6 6457 6460 6462 6466
4311 6 6457 6460 6462 6467
4312 6 6457 6460 6462 6468
4313 8 6470 6469 6471 6473
4314 8 6470 6469 6472 6474
4315 6 6469 6471 6473 6475
4316 6 6469 6471 6473 6476
4317 6 6469 6471 6473 6477
4318 6 6469 6472 6474 6478
4319 6 6469 6472 6474 6479
4320 6 6469 6472 6474 6480
4321 8 6482 6481 6483 6485
4322 8 6482 6481 6484 6486
4323 6 6481 6483 6485 6487
4324 6 6481 6483 6485 6488
4325 6 6481 6483 6485 6489
4326 6 6481 6484 6486 6490
4327 6 6481 6484 6486 6491
4328 6 6481 6484 6486 6492
4329 8 6494 6493 6495 6497
4330 8 6494 6493 6496 6498
4331 6 6493 6495 6497 6499
4332 6 6493 6495 6497 6500
4333 6 6493 6495 6497 6501
4334 6 6493 6496 6498 6502
4335 6 6493 6496 6498 6503
4336 6 6493 6496 6498 6504
4337 8 6506 6505 6507 6509
4338 8 6506 6505 6508 6510
4339 6 6505 6507 6509 6511
4340 6 6505 6507 6509 6512
4341 6 6505 6507 6509 6513
4342 6 6505 6508 6510 6514
4343 6 6505 6508 6510 6515
4344 6 6505 6508 6510 6516
4345 8 6518 6517 6519 6521
4346 8 6518 6517 6520 6522
4347 6 6517 6519 6521 6523
4348 6 6517 6519 6521 6524
4349 6 6517 6519 6521 6525
4350 6 6517 6520 6522 6526
4351 6 6517 6520 6522 6527
4352 6 6517 6520 6522 6528
4353 8 6530 6529 6531 6533
4354 8 6530 6529 6532 6534
4355 6 6529 6531 6533 6535
4356 6 6529 6531 6533 6536
4357 6 6529 6531 6533 6537
4358 6 6529 6532 6534 6538
4359 6 6529 6532 6534 6539
4360 6 6529 6532 6534 6540
4361 8 6542 6541 6543 6545
4362 8 6542 6541 6544 6546
4363 6 6541 6543 6545 6547
4364 6 6541 6543 6545 6548
4365 6 6541 6543 6545 6549
4366 6 6541 6544 6546 6550
4367 6 6541 6544 6546 6551
4368 6 6541 6544 6546 6552
4369 8 6554 6553 6555 6557
4370 8 6554 6553 6556 6558
4371 6 6553 6555 6557 6559
4372 6 6553 6555 6557 6560
4373 6 6553 6555 6557 6561
4374 6 6553 6556 6558 6562
4375 6 6553 6556 6558 6563
4376 6 6553 6556 6558 6564
4377 8 6566 6565 6567 6569
4378 8 6566 6565 6568 6570
4379 6 6565 6567 6569 6571
4380 6 6565 6567 6569 6572
4381 6 6565 6567 6569 6573
4382 6 6565 6568 6570 6574
4383 6 6565 6568 6570 6575
4384 6 6565 6568 6570 6576
4385 8 6578 6577 6579 6581
4386 8 6578 6577 6580 6582
4387 6 6577 6579 6581 6583
4388 6 6577 6579 6581 6584
4389 6 6577 6579 6581 6585
4390 6 6577 6580 6582 6586
4391 6 6577 6580 6582 6587
4392 6 6577 6580 6582 6588
4393 8 6590 6589 6591 6593
4394 8 6590 6589 6592 6594
4395 6 6589 6591 6593 6595
4396 6 6589 6591 6593 6596
4397 6 6589 6591 6593 6597
4398 6 6589 6592 6594 6598
4399 6 6589 6592 6594 6599
4400 6 6589 6592 6594 6600
4401 8 6602 6601 6603 6605
4402 8 6602 6601 6604 6606
4403 6 6601 6603 6605 6607
4404 6 6601 6603 6605 6608
4405 6 6601 6603 6605 6609
4406 6 6601 6604 6606 6610
4407 6 6601 6604 6606 6611
4408 6 6601 6604 6606 6612
4409 8 6614 6613 6615 6617
4410 8 6614 6613 6616 6618
4411 6 6613 6615 6617 6619
4412 6 6613 6615 6617 6620
4413 6 6613 6615 6617 6621
4414 6 6613 6616 6618 6622
4415 6 6613 6616 6618 6623
4416 6 6613 6616 6618 6624
4417 8 6626 6625 6627 6629
4418 8 6626 6625 6628 6630
4419 6 6625 6627 6629 6631
4420 6 6625 6627 6629 6632
4421 6 6625 6627 6629 6633
4422 6 6625 6628 6630 6634
4423 6 6625 6628 6630 6635
4424 6 6625 6628 6630 6636
4425 8 6638 6637 6639 6641
4426 8 6638 6637 6640 6642
4427 6 6637 6639 6641 6643
4428 6 6637 6639 6641 6644
4429 6 6637 6639 6641 6645
4430 6 6637 6640 6642 6646
4431 6 6637 6640 6642 6647
4432 6 6637 6640 6642 6648
4433 8 6650 6649 6651 6653
4434 8 6650 6649 6652 6654
4435 6 6649 6651 6653 6655
4436 6 6649 6651 6653 6656
4437 6 6649 6651 6653 6657
4438 6 6649 6652 6654 6658
4439 6 6649 6652 6654 6659
4440 6 6649 6652 6654 6660
4441 8 6662 6661 6663 6665
4442 8 6662 6661 6664 6666
4443 6 6661 6663 6665 6667
4444 6 6661 6663 6665 6668
4445 6 6661 6663 6665 6669
4446 6 6661 6664 6666 6670
4447 6 6661 6664 6666 6671
4448 6 6661 6664 6666 6672
4449 8 6674 6673 6675 6677
4450 8 6674 6673 6676 6678
4451 6 6673 6675 6677 6679
4452 6 6673 6675 6677 6680
4453 6 6673 6675 6677 6681
4454 6 6673 6676 6678 6682
4455 6 6673 6676 6678 6683
4456 6 6673 6676 6678 6684
4457 8 6686 6685 6687 6689
4458 8 6686 6685 6688 6690
4459 6 6685 6687 6689 6691
4460 6 6685 6687 6689 6692
4461 6 6685 6687 6689 6693
4462 6 6685 6688 6690 6694
4463 6 6685 6688 6690 6695
4464 6 6685 6688 6690 6696
4465 8 6698 6697 6699 6701
4466 8 6698 6697 6700 6702
4467 6 6697 6699 6701 6703
4468 6 6697 6699 6701 6704
4469 6 6697 6699 6701 6705
4470 6 6697 6700 6702 6706
4471 6 6697 6700 6702 6707
4472 6 6697 6700 6702 6708
4473 8 6710 6709 6711 6713
4474 8 6710 6709 6712 6714
4475 6 6709 6711 6713 6715
4476 6 6709 6711 6713 6716
4477 6 6709 6711 6713 6717
4478 6 6709 6712 6714 6718
4479 6 6709 6712 6714 6719
4480 6 6709 6712 6714 6720
4481 8 6722 6721 6723 6725
4482 8 6722 6721 6724 6726
4483 6 6721 6723 6725 6727
4484 6 6721 6723 6725 6728
4485 6 6721 6723 6725 6729
4486 6 6721 6724 6726 6730
4487 6 6721 6724 6726 6731
4488 6 6721 6724 6726 6732
4489 8 6734 6733 6735 6737
4490 8 6734 6733 6736 6738
4491 6 6733 6735 6737 6739
4492 6 6733 6735 6737 6740
4493 6 6733 6735 6737 6741
4494 6 6733 6736 6738 6742
4495 6 6733 6736 6738 6743
4496 6 6733 6736 6738 6744
4497 8 6746 6745 6747 6749
4498 8 6746 6745 6748 6750
4499 6 6745 6747 6749 6751
4500 6 6745 6747 6749 6752
4501 6 6745 6747 6749 6753
4502 6 6745 6748 6750 6754
4503 6 6745 6748 6750 6755
4504 6 6745 6748 6750 6756
4505 8 6758 6757 6759 6761
4506 8 6758 6757 6760 6762
4507 6 6757 6759 6761 6763
4508 6 6757 6759 6761 6764
4509 6 6757 6759 6761 6765
4510 6 6757 6760 6762 6766
4511 6 6757 6760 6762 6767
4512 6 6757 6760 6762 6768
4513 8 6770 6769 6771 6773
4514 8 6770 6769 6772 6774
4515 6 6769 6771 6773 6775
4516 6 6769 6771 6773 6776
4517 6 6769 6771 6773 6777
4518 6 6769 6772 6774 6778
4519 6 6769 6772 6774 6779
4520 6 6769 6772 6774 6780
4521 8 6782 6781 6783 6785
4522 8 6782 6781 6784 6786
4523 6 6781 6783 6785 6787
4524 6 6781 6783 6785 6788
4525 6 6781 6783 6785 6789
4526 6 6781 6784 6786 6790
4527 6 6781 6784 6786 6791
4528 6 6781 6784 6786 6792
4529 8 6794 6793 6795 6797
4530 8 6794 6793 6796 6798
4531 6 6793 6795 6797 6799
4532 6 6793 6795 6797 6800
4533 6 6793 6795 6797 6801
4534 6 6793 6796 6798 6802
4535 6 6793 6796 6798 6803
4536 6 6793 6796 6798 6804
4537 8 6806 6805 6807 6809
4538 8 6806 6805 6808 6810
4539 6 6805 6807 6809 6811
4540 6 6805 6807 6809 6812
4541 6 6805 6807 6809 6813
4542 6 6805 6808 6810 6814
4543 6 6805 6808 6810 6815
4544 6 6805 6808 6810 6816
4545 8 6818 6817 6819 6821
4546 8 6818 6817 6820 6822
4547 6 6817 6819 6821 6823
4548 6 6817 6819 6821 6824
4549 6 6817 6819 6821 6825
4550 6 6817 6820 6822 6826
4551 6 6817 6820 6822 6827
4552 6 6817 6820 6822 6828
4553 8 6830 6829 6831 6833
4554 8 6830 6829 6832 6834
4555 6 6829 6831 6833 6835
4556 6 6829 6831 6833 6836
4557 6 6829 6831 6833 6837
4558 6 6829 6832 6834 6838
4559 6 6829 6832 6834 6839
4560 6 6829 6832 6834 6840
4561 8 6842 6841 6843 6845
4562 8 6842 6841 6844 6846
4563 6 6841 6843 6845 6847
4564 6 6841 6843 6845 6848
4565 6 6841 6843 6845 6849
4566 6 6841 6844 6846 6850
4567 6 6841 6844 6846 6851
4568 6 6841 6844 6846 6852
4569 8 6854 6853 6855 6857
4570 8 6854 6853 6856 6858
4571 6 6853 6855 6857 6859
4572 6 6853 6855 6857 6860
4573 6 6853 6855 6857 6861
4574 6 6853 6856 6858 6862
4575 6 6853 6856 6858 6863
4576 6 6853 6856 6858 6864
4577 8 6866 6865 6867 6869
4578 8 6866 6865 6868 6870
4579 6 6865 6867 6869 6871
4580 6 6865 6867 6869 6872
4581 6 6865 6867 6869 6873
4582 6 6865 6868 6870 6874
4583 6 6865 6868 6870 6875
4584 6 6865 6868 6870 6876
4585 8 6878 6877 6879 6881
4586 8 6878 6877 6880 6882
4587 6 6877 6879 6881 6883
4588 6 6877 6879 6881 6884
4589 6 6877 6879 6881 6885
4590 6 6877 6880 6882 6886
4591 6 6877 6880 6882 6887
4592 6 6877 6880 6882 6888
4593 8 6890 6889 6891 6893
4594 8 6890 6889 6892 6894
4595 6 6889 6891 6893 6895
4596 6 6889 6891 6893 6896
4597 6 6889 6891 6893 6897
4598 6 6889 6892 6894 6898
4599 6 6889 6892 6894 6899
4600 6 6889 6892 6894 6900
4601 8 6902 6901 6903 6905
4602 8 6902 6901 6904 6906
4603 6 6901 6903 6905 6907
4604 6 6901 6903 6905 6908
4605 6 6901 6903 6905 6909
4606 6 6901 6904 6906 6910
4607 6 6901 6904 6906 6911
4608 6 6901 6904 6906 6912
4609 8 6914 6913 6915 6917
4610 8 6914 6913 6916 6918
4611 6 6913 6915 6917 6919
4612 6 6913 6915 6917 6920
4613 6 6913 6915 6917 6921
4614 6 6913 6916 6918 6922
4615 6 6913 6916 6918 6923
4616 6 6913 6916 6918 6924
4617 8 6926 6925 6927 6929
4618 8 6926 6925 6928 6930
4619 6 6925 6927 6929 6931
4620 6 6925 6927 6929 6932
4621 6 6925 6927 6929 6933
4622 6 6925 6928 6930 6934
4623 6 6925 6928 6930 6935
4624 6 6925 6928 6930 6936
4625 8 6938 6937 6939 6941
4626 8 6938 6937 6940 6942
4627 6 6937 6939 6941 6943
4628 6 6937 6939 6941 6944
4629 6 6937 6939 6941 6945
4630 6 6937 6940 6942 6946
4631 6 6937 6940 6942 6947
4632 6 6937 6940 6942 6948
4633 8 6950 6949 6951 6953
4634 8 6950 6949 6952 6954
4635 6 6949 6951 6953 6955
4636 6 6949 6951 6953 6956
4637 6 6949 6951 6953 6957
4638 6 6949 6952 6954 6958
4639 6 6949 6952 6954 6959
4640 6 6949 6952 6954 6960
4641 8 6962 6961 6963 6965
4642 8 6962 6961 6964 6966
4643 6 6961 6963 6965 6967
4644 6 6961 6963 6965 6968
4645 6 6961 6963 6965 6969
4646 6 6961 6964 6966 6970
4647 6 6961 6964 6966 6971
4648 6 6961 6964 6966 6972
4649 8 6974 6973 6975 6977
4650 8 6974 6973 6976 6978
4651 6 6973 6975 6977 6979
4652 6 6973 6975 6977 6980
4653 6 6973 6975 6977 6981
4654 6 6973 6976 6978 6982
4655 6 6973 6976 6978 6983
4656 6 6973 6976 6978 6984
4657 8 6986 6985 6987 6989
4658 8 6986 6985 6988 6990
4659 6 6985 6987 6989 6991
4660 6 6985 6987 6989 6992
4661 6 6985 6987 6989 6993
4662 6 6985 6988 6990 6994
4663 6 6985 6988 6990 6995
4664 6 6985 6988 6990 6996
4665 8 6998 6997 6999 7001
4666 8 6998 6997 7000 7002
4667 6 6997 6999 7001 7003
4668 6 6997 6999 7001 7004
4669 6 6997 6999 7001 7005
4670 6 6997 7000 7002 7006
4671 6 6997 7000 7002 7007
4672 6 6997 7000 7002 7008
4673 8 7010 7009 7011 7013
4674 8 7010 7009 7012 7014
4675 6 7009 7011 7013 7015
4676 6 7009 7011 7013 7016
4677 6 7009 7011 7013 7017
4678 6 7009 7012 7014 7018
4679 6 7009 7012 7014 7019
4680 6 7009 7012 7014 7020
4681 8 7022 7021 7023 7025
4682 8 7022 7021 7024 7026
4683 6 7021 7023 7025 7027
4684 6 7021 7023 7025 7028
4685 6 7021 7023 7025 7029
4686 6 7021 7024 7026 7030
4687 6 7021 7024 7026 7031
4688 6 7021 7024 7026 7032
4689 8 7034 7033 7035 7037
4690 8 7034 7033 7036 7038
4691 6 7033 7035 7037 7039
4692 6 7033 7035 7037 7040
4693 6 7033 7035 7037 7041
4694 6 7033 7036 7038 7042
4695 6 7033 7036 7038 7043
4696 6 7033 7036 7038 7044
4697 8 7046 7045 7047 7049
4698 8 7046 7045 7048 7050
4699 6 7045 7047 7049 7051
4700 6 7045 7047 7049 7052
4701 6 7045 7047 7049 7053
4702 6 7045 7048 7050 7054
4703 6 7045 7048 7050 7055
4704 6 7045 7048 7050 7056
4705 8 7058 7057 7059 7061
4706 8 7058 7057 7060 7062
4707 6 7057 7059 7061 7063
4708 6 7057 7059 7061 7064
4709 6 7057 7059 7061 7065
4710 6 7057 7060 7062 7066
4711 6 7057 7060 7062 7067
4712 6 7057 7060 7062 7068
4713 8 7070 7069 7071 7073
4714 8 7070 7069 7072 7074
4715 6 7069 7071 7073 7075
4716 6 7069 7071 7073 7076
4717 6 7069 7071 7073 7077
4718 6 7069 7072 7074 7078
4719 6 7069 7072 7074 7079
4720 6 7069 7072 7074 7080
4721 8 7082 7081 7083 7085
4722 8 7082 7081 7084 7086
4723 6 7081 7083 7085 7087
4724 6 7081 7083 7085 7088
4725 6 7081 7083 7085 7089
4726 6 7081 7084 7086 7090
4727 6 7081 7084 7086 7091
4728 6 7081 7084 7086 7092
4729 8 7094 7093 7095 7097
4730 8 7094 7093 7096 7098
4731 6 7093 7095 7097 7099
4732 6 7093 7095 7097 7100
4733 6 7093 7095 7097 7101
4734 6 7093 7096 7098 7102
4735 6 7093 7096 7098 7103
4736 6 7093 7096 7098 7104
4737 8 7106 7105 7107 7109
4738 8 7106 7105 7108 7110
4739 6 7105 7107 7109 7111
4740 6 7105 7107 7109 7112
4741 6 7105 7107 7109 7113
4742 6 7105 7108 7110 7114
4743 6 7105 7108 7110 7115
4744 6 7105 7108 7110 7116
4745 8 7118 7117 7119 7121
4746 8 7118 7117 7120 7122
4747 6 7117 7119 7121 7123
4748 6 7117 7119 7121 7124
4749 6 7117 7119 7121 7125
4750 6 7117 7120 7122 7126
4751 6 7117 7120 7122 7127
4752 6 7117 7120 7122 7128
4753 8 7130 7129 7131 7133
4754 8 7130 7129 7132 7134
4755 6 7129 7131 7133 7135
4756 6 7129 7131 7133 7136
4757 6 7129 7131 7133 7137
4758 6 7129 7132 7134 7138
4759 6 7129 7132 7134 7139
4760 6 7129 7132 7134 7140
4761 8 7142 7141 7143 7145
4762 8 7142 7141 7144 7146
4763 6 7141 7143 7145 7147
4764 6 7141 7143 7145 7148
4765 6 7141 7143 7145 7149
4766 6 7141 7144 7146 7150
4767 6 7141 7144 7146 7151
4768 6 7141 7144 7146 7152
4769 8 7154 7153 7155 7157
4770 8 7154 7153 7156 7158
4771 6 7153 7155 7157 7159
4772 6 7153 7155 7157 7160
4773 6 7153 7155 7157 7161
4774 6 7153 7156 7158 7162
4775 6 7153 7156 7158 7163
4776 6 7153 7156 7158 7164
4777 8 7166 7165 7167 7169
4778 8 7166 7165 7168 7170
4779 6 7165 7167 7169 7171
4780 6 7165 7167 7169 7172
4781 6 7165 7167 7169 7173
4782 6 7165 7168 7170 7174
4783 6 7165 7168 7170 7175
4784 6 7165 7168 7170 7176
4785 8 7178 7177 7179 7181
4786 8 7178 7177 7180 7182
4787 6 7177 7179 7181 7183
4788 6 7177 7179 7181 7184
4789 6 7177 7179 7181 7185
4790 6 7177 7180 7182 7186
4791 6 7177 7180 7182 7187
4792 6 7177 7180 7182 7188
4793 8 7190 7189 7191 7193
4794 8 7190 7189 7192 7194
4795 6 7189 7191 7193 7195
4796 6 7189 7191 7193 7196
4797 6 7189 7191 7193 7197
4798 6 7189 7192 7194 7198
4799 6 7189 7192 7194 7199
4800 6 7189 7192 7194 7200
4801 8 7202 7201 7203 7205
4802 8 7202 7201 7204 7206
4803 6 7201 7203 7205 7207
4804 6 7201 7203 7205 7208
4805 6 7201 7203 7205 7209
4806 6 7201 7204 7206 7210
4807 6 7201 7204 7206 7211
4808 6 7201 7204 7206 7212
4809 8 7214 7213 7215 7217
4810 8 7214 7213 7216 7218
4811 6 7213 7215 7217 7219
4812 6 7213 7215 7217 7220
4813 6 7213 7215 7217 7221
4814 6 7213 7216 7218 7222
4815 6 7213 7216 7218 7223
4816 6 7213 7216 7218 7224
4817 8 7226 7225 7227 7229
4818 8 7226 7225 7228 7230
4819 6 7225 7227 7229 7231
4820 6 7225 7227 7229 7232
4821 6 7225 7227 7229 7233
4822 6 7225 7228 7230 7234
4823 6 7225 7228 7230 7235
4824 6 7225 7228 7230 7236
4825 8 7238 7237 7239 7241
4826 8 7238 7237 7240 7242
4827 6 7237 7239 7241 7243
4828 6 7237 7239 7241 7244
4829 6 7237 7239 7241 7245
4830 6 7237 7240 7242 7246
4831 6 7237 7240 7242 7247
4832 6 7237 7240 7242 7248
4833 8 7250 7249 7251 7253
4834 8 7250 7249 7252 7254
4835 6 7249 7251 7253 7255
4836 6 7249 7251 7253 7256
4837 6 7249 7251 7253 7257
4838 6 7249 7252 7254 7258
4839 6 7249 7252 7254 7259
4840 6 7249 7252 7254 7260
4841 8 7262 7261 7263 7265
4842 8 7262 7261 7264 7266
4843 6 7261 7263 7265 7267
4844 6 7261 7263 7265 7268
4845 6 7261 7263 7265 7269
4846 6 7261 7264 7266 7270
4847 6 7261 7264 7266 7271
4848 6 7261 7264 7266 7272
4849 8 7274 7273 7275 7277
4850 8 7274 7273 7276 7278
4851 6 7273 7275 7277 7279
4852 6 7273 7275 7277 7280
4853 6 7273 7275 7277 7281
4854 6 7273 7276 7278 7282
4855 6 7273 7276 7278 7283
4856 6 7273 7276 7278 7284
4857 8 7286 7285 7287 7289
4858 8 7286 7285 7288 7290
4859 6 7285 7287 7289 7291
4860 6 7285 7287 7289 7292
4861 6 7285 7287 7289 7293
4862 6 7285 7288 7290 7294
4863 6 7285 7288 7290 7295
4864 6 7285 7288 7290 7296
4865 8 7298 7297 7299 7301
4866 8 7298 7297 7300 7302
4867 6 7297 7299 7301 7303
4868 6 7297 7299 7301 7304
4869 6 7297 7299 7301 7305
4870 6 7297 7300 7302 7306
4871 6 7297 7300 7302 7307
4872 6 7297 7300 7302 7308
4873 8 7310 7309 7311 7313
4874 8 7310 7309 7312 7314
4875 6 7309 7311 7313 7315
4876 6 7309 7311 7313 7316
4877 6 7309 7311 7313 7317
4878 6 7309 7312 7314 7318
4879 6 7309 7312 7314 7319
4880 6 7309 7312 7314 7320
4881 8 7322 7321 7323 7325
4882 8 7322 7321 7324 7326
4883 6 7321 7323 7325 7327
4884 6 7321 7323 7325 7328
4885 6 7321 7323 7325 7329
4886 6 7321 7324 7326 7330
4887 6 7321 7324 7326 7331
4888 6 7321 7324 7326 7332
4889 8 7334 7333 7335 7337
4890 8 7334 7333 7336 7338
4891 6 7333 7335 7337 7339
4892 6 7333 7335 7337 7340
4893 6 7333 7335 7337 7341
4894 6 7333 7336 7338 7342
4895 6 7333 7336 7338 7343
4896 6 7333 7336 7338 7344
4897 8 7346 7345 7347 7349
4898 8 7346 7345 7348 7350
4899 6 7345 7347 7349 7351
4900 6 7345 7347 7349 7352
4901 6 7345 7347 7349 7353
4902 6 7345 7348 7350 7354
4903 6 7345 7348 7350 7355
4904 6 7345 7348 7350 7356
4905 8 7358 7357 7359 7361
4906 8 7358 7357 7360 7362
4907 6 7357 7359 7361 7363
4908 6 7357 7359 7361 7364
4909 6 7357 7359 7361 7365
4910 6 7357 7360 7362 7366
4911 6 7357 7360 7362 7367
4912 6 7357 7360 7362 7368
4913 8 7370 7369 7371 7373
4914 8 7370 7369 7372 7374
4915 6 7369 7371 7373 7375
4916 6 7369 7371 7373 7376
4917 6 7369 7371 7373 7377
4918 6 7369 7372 7374 7378
4919 6 7369 7372 7374 7379
4920 6 7369 7372 7374 7380
4921 8 7382 7381 7383 7385
4922 8 7382 7381 7384 7386
4923 6 7381 7383 7385 7387
4924 6 7381 7383 7385 7388
4925 6 7381 7383 7385 7389
4926 6 7381 7384 7386 7390
4927 6 7381 7384 7386 7391
4928 6 7381 7384 7386 7392
4929 8 7394 7393 7395 7397
4930 8 7394 7393 7396 7398
4931 6 7393 7395 7397 7399
4932 6 7393 7395 7397 7400
4933 6 7393 7395 7397 7401
4934 6 7393 7396 7398 7402
4935 6 7393 7396 7398 7403
4936 6 7393 7396 7398 7404
4937 8 7406 7405 7407 7409
4938 8 7406 7405 7408 7410
4939 6 7405 7407 7409 7411
4940 6 7405 7407 7409 7412
4941 6 7405 7407 7409 7413
4942 6 7405 7408 7410 7414
4943 6 7405 7408 7410 7415
4944 6 7405 7408 7410 7416
4945 8 7418 7417 7419 7421
4946 8 7418 7417 7420 7422
4947 6 7417 7419 7421 7423
4948 6 7417 7419 7421 7424
4949 6 7417 7419 7421 7425
4950 6 7417 7420 7422 7426
4951 6 7417 7420 7422 7427
4952 6 7417 7420 7422 7428
4953 8 7430 7429 7431 7433
4954 8 7430 7429 7432 7434
4955 6 7429 7431 7433 7435
4956 6 7429 7431 7433 7436
4957 6 7429 7431 7433 7437
4958 6 7429 7432 7434 7438
4959 6 7429 7432 7434 7439
4960 6 7429 7432 7434 7440
4961 8 7442 7441 7443 7445
4962 8 7442 7441 7444 7446
4963 6 7441 7443 7445 7447
4964 6 7441 7443 7445 7448
4965 6 7441 7443 7445 7449
4966 6 7441 7444 7446 7450
4967 6 7441 7444 7446 7451
4968 6 7441 7444 7446 7452
4969 8 7454 7453 7455 7457
4970 8 7454 7453 7456 7458
4971 6 7453 7455 7457 7459
4972 6 7453 7455 7457 7460
4973 6 7453 7455 7457 7461
4974 6 7453 7456 7458 7462
4975 6 7453 7456 7458 7463
4976 6 7453 7456 7458 7464
4977 8 7466 7465 7467 7469
4978 8 7466 7465 7468 7470
4979 6 7465 7467 7469 7471
4980 6 7465 7467 7469 7472
4981 6 7465 7467 7469 7473
4982 6 7465 7468 7470 7474
4983 6 7465 7468 7470 7475
4984 6 7465 7468 7470 7476
4985 8 7478 7477 7479 7481
4986 8 7478 7477 7480 7482
4987 6 7477 7479 7481 7483
4988 6 7477 7479 7481 7484
4989 6 7477 7479 7481 7485
4990 6 7477 7480 7482 7486
4991 6 7477 7480 7482 7487
4992 6 7477 7480 7482 7488
4993 8 7490 7489 7491 7493
4994 8 7490 7489 7492 7494
4995 6 7489 7491 7493 7495
4996 6 7489 7491 7493 7496
4997 6 7489 7491 7493 7497
4998 6 7489 7492 7494 7498
4999 6 7489 7492 7494 7499
5000 6 7489 7492 7494 7500
5001 8 7502 7501 7503 7505
5002 8 7502 7501 7504 7506
5003 6 7501 7503 7505 7507
5004 6 7501 7503 7505 7508
5005 6 7501 7503 7505 7509
5006 6 7501 7504 7506 7510
5007 6 7501 7504 7506 7511
5008 6 7501 7504 7506 7512
5009 8 7514 7513 7515 7517
5010 8 7514 7513 7516 7518
5011 6 7513 7515 7517 7519
5012 6 7513 7515 7517 7520
5013 6 7513 7515 7517 7521
5014 6 7513 7516 7518 7522
5015 6 7513 7516 7518 7523
5016 6 7513 7516 7518 7524
5017 8 7526 7525 7527 7529
5018 8 7526 7525 7528 7530
5019 6 7525 7527 7529 7531
5020 6 7525 7527 7529 7532
5021 6 7525 7527 7529 7533
5022 6 7525 7528 7530 7534
5023 6 7525 7528 7530 7535
5024 6 7525 7528 7530 7536
5025 8 7538 7537 7539 7541
5026 8 7538 7537 7540 7542
5027 6 7537 7539 7541 7543
5028 6 7537 7539 7541 7544
5029 6 7537 7539 7541 7545
5030 6 7537 7540 7542 7546
5031 6 7537 7540 7542 7547
5032 6 7537 7540 7542 7548
5033 8 7550 7549 7551 7553
5034 8 7550 7549 7552 7554
5035 6 7549 7551 7553 7555
5036 6 7549 7551 7553 7556
5037 6 7549 7551 7553 7557
5038 6 7549 7552 7554 7558
5039 6 7549 7552 7554 7559
5040 6 7549 7552 7554 7560
5041 8 7562 7561 7563 7565
5042 8 7562 7561 7564 7566
5043 6 7561 7563 7565 7567
5044 6 7561 7563 7565 7568
5045 6 7561 7563 7565 7569
5046 6 7561 7564 7566 7570
5047 6 7561 7564 7566 7571
5048 6 7561 7564 7566 7572
5049 8 7574 7573 7575 7577
5050 8 7574 7573 7576 7578
5051 6 7573 7575 7577 7579
5052 6 7573 7575 7577 7580
5053 6 7573 7575 7577 7581
5054 6 7573 7576 7578 7582
5055 6 7573 7576 7578 7583
5056 6 7573 7576 7578 7584
5057 8 7586 7585 7587 7589
5058 8 7586 7585 7588 7590
5059 6 7585 7587 7589 7591
5060 6 7585 7587 7589 7592
5061 6 7585 7587 7589 7593
5062 6 7585 7588 7590 7594
5063 6 7585 7588 7590 7595
5064 6 7585 7588 7590 7596
5065 8 7598 7597 7599 7601
5066 8 7598 7597 7600 7602
5067 6 7597 7599 7601 7603
5068 6 7597 7599 7601 7604
5069 6 7597 7599 7601 7605
5070 6 7597 7600 7602 7606
5071 6 7597 7600 7602 7607
5072 6 7597 7600 7602 7608
5073 8 7610 7609 7611 7613
5074 8 7610 7609 7612 7614
5075 6 7609 7611 7613 7615
5076 6 7609 7611 7613 7616
5077 6 7609 7611 7613 7617
5078 6 7609 7612 7614 7618
5079 6 7609 7612 7614 7619
5080 6 7609 7612 7614 7620
5081 8 7622 7621 7623 7625
5082 8 7622 7621 7624 7626
5083 6 7621 7623 7625 7627
5084 6 7621 7623 7625 7628
5085 6 7621 7623 7625 7629
5086 6 7621 7624 7626 7630
5087 6 7621 7624 7626 7631
5088 6 7621 7624 7626 7632
5089 8 7634 7633 7635 7637
5090 8 7634 7633 7636 7638
5091 6 7633 7635 7637 7639
5092 6 7633 7635 7637 7640
5093 6 7633 7635 7637 7641
5094 6 7633 7636 7638 7642
5095 6 7633 7636 7638 7643
5096 6 7633 7636 7638 7644
5097 8 7646 7645 7647 7649
5098 8 7646 7645 7648 7650
5099 6 7645 7647 7649 7651
5100 6 7645 7647 7649 7652
5101 6 7645 7647 7649 7653
5102 6 7645 7648 7650 7654
5103 6 7645 7648 7650 7655
5104 6 7645 7648 7650 7656
5105 8 7658 7657 7659 7661
5106 8 7658 7657 7660 7662
5107 6 7657 7659 7661 7663
5108 6 7657 7659 7661 7664
5109 6 7657 7659 7661 7665
5110 6 7657 7660 7662 7666
5111 6 7657 7660 7662 7667
5112 6 7657 7660 7662 7668
5113 8 7670 7669 7671 7673
5114 8 7670 7669 7672 7674
5115 6 7669 7671 7673 7675
5116 6 7669 7671 7673 7676
5117 6 7669 7671 7673 7677
5118 6 7669 7672 7674 7678
5119 6 7669 7672 7674 7679
5120 6 7669 7672 7674 7680
5121 8 7682 7681 7683 7685
5122 8 7682 7681 7684 7686
5123 6 7681 7683 7685 7687
5124 6 7681 7683 7685 7688
5125 6 7681 7683 7685 7689
5126 6 7681 7684 7686 7690
5127 6 7681 7684 7686 7691
5128 6 7681 7684 7686 7692
5129 8 7694 7693 7695 7697
5130 8 7694 7693 7696 7698
5131 6 7693 7695 7697 7699
5132 6 7693 7695 7697 7700
5133 6 7693 7695 7697 7701
5134 6 7693 7696 7698 7702
5135 6 7693 7696 7698 7703
5136 6 7693 7696 7698 7704
5137 8 7706 7705 7707 7709
5138 8 7706 7705 7708 7710
5139 6 7705 7707 7709 7711
5140 6 7705 7707 7709 7712
5141 6 7705 7707 7709 7713
5142 6 7705 7708 7710 7714
5143 6 7705 7708 7710 7715
5144 6 7705 7708 7710 7716
5145 8 7718 7717 7719 7721
5146 8 7718 7717 7720 7722
5147 6 7717 7719 7721 7723
5148 6 7717 7719 7721 7724
5149 6 7717 7719 7721 7725
5150 6 7717 7720 7722 7726
5151 6 7717 7720 7722 7727
5152 6 7717 7720 7722 7728
5153 8 7730 7729 7731 7733
5154 8 7730 7729 7732 7734
5155 6 7729 7731 7733 7735
5156 6 7729 7731 7733 7736
5157 6 7729 7731 7733 7737
5158 6 7729 7732 7734 7738
5159 6 7729 7732 7734 7739
5160 6 7729 7732 7734 7740
5161 8 7742 7741 7743 7745
5162 8 7742 7741 7744 7746
5163 6 7741 7743 7745 7747
5164 6 7741 7743 7745 7748
5165 6 7741 7743 7745 7749
5166 6 7741 7744 7746 7750
5167 6 7741 7744 7746 7751
5168 6 7741 7744 7746 7752
5169 8 7754 7753 7755 7757
5170 8 7754 7753 7756 7758
5171 6 7753 7755 7757 7759
5172 6 7753 7755 7757 7760
5173 6 7753 7755 7757 7761
5174 6 7753 7756 7758 7762
5175 6 7753 7756 7758 7763
5176 6 7753 7756 7758 7764
5177 8 7766 7765 7767 7769
5178 8 7766 7765 7768 7770
5179 6 7765 7767 7769 7771
5180 6 7765 7767 7769 7772
5181 6 7765 7767 7769 7773
5182 6 7765 7768 7770 7774
5183 6 7765 7768 7770 7775
5184 6 7765 7768 7770 7776
5185 8 7778 7777 7779 7781
5186 8 7778 7777 7780 7782
5187 6 7777 7779 7781 7783
5188 6 7777 7779 7781 7784
5189 6 7777 7779 7781 7785
5190 6 7777 7780 7782 7786
5191 6 7777 7780 7782 7787
5192 6 7777 7780 7782 7788
5193 8 7790 7789 7791 7793
5194 8 7790 7789 7792 7794
5195 6 7789 7791 7793 7795
5196 6 7789 7791 7793 7796
5197 6 7789 7791 7793 7797
5198 6 7789 7792 7794 7798
5199 6 7789 7792 7794 7799
5200 6 7789 7792 7794 7800
5201 8 7802 7801 7803 7805
5202 8 7802 7801 7804 7806
5203 6 7801 7803 7805 7807
5204 6 7801 7803 7805 7808
5205 6 7801 7803 7805 7809
5206 6 7801 7804 7806 7810
5207 6 7801 7804 7806 7811
5208 6 7801 7804 7806 7812
5209 8 7814 7813 7815 7817
5210 8 7814 7813 7816 7818
5211 6 7813 7815 7817 7819
5212 6 7813 7815 7817 7820
5213 6 7813 7815 7817 7821
5214 6 7813 7816 7818 7822
5215 6 7813 7816 7818 7823
5216 6 7813 7816 7818 7824
5217 8 7826 7825 7827 7829
5218 8 7826 7825 7828 7830
5219 6 7825 7827 7829 7831
5220 6 7825 7827 7829 7832
5221 6 7825 7827 7829 7833
5222 6 7825 7828 7830 7834
5223 6 7825 7828 7830 7835
5224 6 7825 7828 7830 7836
5225 8 7838 7837 7839 7841
5226 8 7838 7837 7840 7842
5227 6 7837 7839 7841 7843
5228 6 7837 7839 7841 7844
5229 6 7837 7839 7841 7845
5230 6 7837 7840 7842 7846
5231 6 7837 7840 7842 7847
5232 6 7837 7840 7842 7848
5233 8 7850 7849 7851 7853
5234 8 7850 7849 7852 7854
5235 6 7849 7851 7853 7855
5236 6 7849 7851 7853 7856
5237 6 7849 7851 7853 7857
5238 6 7849 7852 7854 7858
5239 6 7849 7852 7854 7859
5240 6 7849 7852 7854 7860
5241 8 7862 7861 7863 7865
5242 8 7862 7861 7864 7866
5243 6 7861 7863 7865 7867
5244 6 7861 7863 7865 7868
5245 6 7861 7863 7865 7869
5246 6 7861 7864 7866 7870
5247 6 7861 7864 7866 7871
5248 6 7861 7864 7866 7872
5249 8 7874 7873 7875 7877
5250 8 7874 7873 7876 7878
5251 6 7873 7875 7877 7879
5252 6 7873 7875 7877 7880
5253 6 7873 7875 7877 7881
5254 6 7873 7876 7878 7882
5255 6 7873 7876 7878 7883
5256 6 7873 7876 7878 7884
5257 8 7886 7885 7887 7889
5258 8 7886 7885 7888 7890
5259 6 7885 7887 7889 7891
5260 6 7885 7887 7889 7892
5261 6 7885 7887 7889 7893
5262 6 7885 7888 7890 7894
5263 6 7885 7888 7890 7895
5264 6 7885 7888 7890 7896
5265 8 7898 7897 7899 7901
5266 8 7898 7897 7900 7902
5267 6 7897 7899 7901 7903
5268 6 7897 7899 7901 7904
5269 6 7897 7899 7901 7905
5270 6 7897 7900 7902 7906
5271 6 7897 7900 7902 7907
5272 6 7897 7900 7902 7908
5273 8 7910 7909 7911 7913
5274 8 7910 7909 7912 7914
5275 6 7909 7911 7913 7915
5276 6 7909 7911 7913 7916
5277 6 7909 7911 7913 7917
5278 6 7909 7912 7914 7918
5279 6 7909 7912 7914 7919
5280 6 7909 7912 7914 7920
5281 8 7922 7921 7923 7925
5282 8 7922 7921 7924 7926
5283 6 7921 7923 7925 7927
5284 6 7921 7923 7925 7928
5285 6 7921 7923 7925 7929
5286 6 7921 7924 7926 7930
5287 6 7921 7924 7926 7931
5288 6 7921 7924 7926 7932
5289 8 7934 7933 7935 7937
5290 8 7934 7933 7936 7938
5291 6 7933 7935 7937 7939
5292 6 7933 7935 7937 7940
5293 6 7933 7935 7937 7941
5294 6 7933 7936 7938 7942
5295 6 7933 7936 7938 7943
5296 6 7933 7936 7938 7944
5297 8 7946 7945 7947 7949
5298 8 7946 7945 7948 7950
5299 6 7945 7947 7949 7951
5300 6 7945 7947 7949 7952
5301 6 7945 7947 7949 7953
5302 6 7945 7948 7950 7954
5303 6 7945 7948 7950 7955
5304 6 7945 7948 7950 7956
5305 8 7958 7957 7959 7961
5306 8 7958 7957 7960 7962
5307 6 7957 7959 7961 7963
5308 6 7957 7959 7961 7964
5309 6 7957 7959 7961 7965
5310 6 7957 7960 7962 7966
5311 6 7957 7960 7962 7967
5312 6 7957 7960 7962 7968
5313 8 7970 7969 7971 7973
5314 8 7970 7969 7972 7974
5315 6 7969 7971 7973 7975
5316 6 7969 7971 7973 7976
5317 6 7969 7971 7973 7977
5318 6 7969 7972 7974 7978
5319 6 7969 7972 7974 7979
5320 6 7969 7972 7974 7980
5321 8 7982 7981 7983 7985
5322 8 7982 7981 7984 7986
5323 6 7981 7983 7985 7987
5324 6 7981 7983 7985 7988
5325 6 7981 7983 7985 7989
5326 6 7981 7984 7986 7990
5327 6 7981 7984 7986 7991
5328 6 7981 7984 7986 7992
5329 8 7994 7993 7995 7997
5330 8 7994 7993 7996 7998
5331 6 7993 7995 7997 7999
5332 6 7993 7995 7997 8000
5333 6 7993 7995 7997 8001
5334 6 7993 7996 7998 8002
5335 6 7993 7996 7998 8003
5336 6 7993 7996 7998 8004
5337 8 8006 8005 8007 8009
5338 8 8006 8005 8008 8010
5339 6 8005 8007 8009 8011
5340 6 8005 8007 8009 8012
5341 6 8005 8007 8009 8013
5342 6 8005 8008 8010 8014
5343 6 8005 8008 8010 8015
5344 6 8005 8008 8010 8016
5345 8 8018 8017 8019 8021
5346 8 8018 8017 8020 8022
5347 6 8017 8019 8021 8023
5348 6 8017 8019 8021 8024
5349 6 8017 8019 8021 8025
5350 6 8017 8020 8022 8026
5351 6 8017 8020 8022 8027
5352 6 8017 8020 8022 8028
5353 8 8030 8029 8031 8033
5354 8 8030 8029 8032 8034
5355 6 8029 8031 8033 8035
5356 6 8029 8031 8033 8036
5357 6 8029 8031 8033 8037
5358 6 8029 8032 8034 8038
5359 6 8029 8032 8034 8039
5360 6 8029 8032 8034 8040
5361 8 8042 8041 8043 8045
5362 8 8042 8041 8044 8046
5363 6 8041 8043 8045 8047
5364 6 8041 8043 8045 8048
5365 6 8041 8043 8045 8049
5366 6 8041 8044 8046 8050
5367 6 8041 8044 8046 8051
5368 6 8041 8044 8046 8052
5369 8 8054 8053 8055 8057
5370 8 8054 8053 8056 8058
5371 6 8053 8055 8057 8059
5372 6 8053 8055 8057 8060
5373 6 8053 8055 8057 8061
5374 6 8053 8056 8058 8062
5375 6 8053 8056 8058 8063
5376 6 8053 8056 8058 8064
5377 8 8066 8065 8067 8069
5378 8 8066 8065 8068 8070
5379 6 8065 8067 8069 8071
5380 6 8065 8067 8069 8072
5381 6 8065 8067 8069 8073
5382 6 8065 8068 8070 8074
5383 6 8065 8068 8070 8075
5384 6 8065 8068 8070 8076
5385 8 8078 8077 8079 8081
5386 8 8078 8077 8080 8082
5387 6 8077 8079 8081 8083
5388 6 8077 8079 8081 8084
5389 6 8077 8079 8081 8085
5390 6 8077 8080 8082 8086
5391 6 8077 8080 8082 8087
5392 6 8077 8080 8082 8088
5393 8 8090 8089 8091 8093
5394 8 8090 8089 8092 8094
5395 6 8089 8091 8093 8095
5396 6 8089 8091 8093 8096
5397 6 8089 8091 8093 8097
5398 6 8089 8092 8094 8098
5399 6 8089 8092 8094 8099
5400 6 8089 8092 8094 8100
5401 8 8102 8101 8103 8105
5402 8 8102 8101 8104 8106
5403 6 8101 8103 8105 8107
5404 6 8101 8103 8105 8108
5405 6 8101 8103 8105 8109
5406 6 8101 8104 8106 8110
5407 6 8101 8104 8106 8111
5408 6 8101 8104 8106 8112
5409 8 8114 8113 8115 8117
5410 8 8114 8113 8116 8118
5411 6 8113 8115 8117 8119
5412 6 8113 8115 8117 8120
5413 6 8113 8115 8117 8121
5414 6 8113 8116 8118 8122
5415 6 8113 8116 8118 8123
5416 6 8113 8116 8118 8124
5417 8 8126 8125 8127 8129
5418 8 8126 8125 8128 8130
5419 6 8125 8127 8129 8131
5420 6 8125 8127 8129 8132
5421 6 8125 8127 8129 8133
5422 6 8125 8128 8130 8134
5423 6 8125 8128 8130 8135
5424 6 8125 8128 8130 8136
5425 8 8138 8137 8139 8141
5426 8 8138 8137 8140 8142
5427 6 8137 8139 8141 8143
5428 6 8137 8139 8141 8144
5429 6 8137 8139 8141 8145
5430 6 8137 8140 8142 8146
5431 6 8137 8140 8142 8147
5432 6 8137 8140 8142 8148
5433 8 8150 8149 8151 8153
5434 8 8150 8149 8152 8154
5435 6 8149 8151 8153 8155
5436 6 8149 8151 8153 8156
5437 6 8149 8151 8153 8157
5438 6 8149 8152 8154 8158
5439 6 8149 8152 8154 8159
5440 6 8149 8152 8154 8160
5441 8 8162 8161 8163 8165
5442 8 8162 8161 8164 8166
5443 6 8161 8163 8165 8167
5444 6 8161 8163 8165 8168
5445 6 8161 8163 8165 8169
5446 6 8161 8164 8166 8170
5447 6 8161 8164 8166 8171
5448 6 8161 8164 8166 8172
5449 8 8174 8173 8175 8177
5450 8 8174 8173 8176 8178
5451 6 8173 8175 8177 8179
5452 6 8173 8175 8177 8180
5453 6 8173 8175 8177 8181
5454 6 8173 8176 8178 8182
5455 6 8173 8176 8178 8183
5456 6 8173 8176 8178 8184
5457 8 8186 8185 8187 8189
5458 8 8186 8185 8188 8190
5459 6 8185 8187 8189 8191
5460 6 8185 8187 8189 8192
5461 6 8185 8187 8189 8193
5462 6 8185 8188 8190 8194
5463 6 8185 8188 8190 8195
5464 6 8185 8188 8190 8196
5465 8 8198 8197 8199 8201
5466 8 8198 8197 8200 8202
5467 6 8197 8199 8201 8203
5468 6 8197 8199 8201 8204
5469 6 8197 8199 8201 8205
5470 6 8197 8200 8202 8206
5471 6 8197 8200 8202 8207
5472 6 8197 8200 8202 8208
5473 8 8210 8209 8211 8213
5474 8 8210 8209 8212 8214
5475 6 8209 8211 8213 8215
5476 6 8209 8211 8213 8216
5477 6 8209 8211 8213 8217
5478 6 8209 8212 8214 8218
5479 6 8209 8212 8214 8219
5480 6 8209 8212 8214 8220
5481 8 8222 8221 8223 8225
5482 8 8222 8221 8224 8226
5483 6 8221 8223 8225 8227
5484 6 8221 8223 8225 8228
5485 6 8221 8223 8225 8229
5486 6 8221 8224 8226 8230
5487 6 8221 8224 8226 8231
5488 6 8221 8224 8226 8232
5489 8 8234 8233 8235 8237
5490 8 8234 8233 8236 8238
5491 6 8233 8235 8237 8239
5492 6 8233 8235 8237 8240
5493 6 8233 8235 8237 8241
5494 6 8233 8236 8238 8242
5495 6 8233 8236 8238 8243
5496 6 8233 8236 8238 8244
5497 8 8246 8245 8247 8249
5498 8 8246 8245 8248 8250
5499 6 8245 8247 8249 8251
5500 6 8245 8247 8249 8252
5501 6 8245 8247 8249 8253
5502 6 8245 8248 8250 8254
5503 6 8245 8248 8250 8255
5504 6 8245 8248 8250 8256
5505 8 8258 8257 8259 8261
5506 8 8258 8257 8260 8262
5507 6 8257 8259 8261 8263
5508 6 8257 8259 8261 8264
5509 6 8257 8259 8261 8265
5510 6 8257 8260 8262 8266
5511 6 8257 8260 8262 8267
5512 6 8257 8260 8262 8268
5513 8 8270 8269 8271 8273
5514 8 8270 8269 8272 8274
5515 6 8269 8271 8273 8275
5516 6 8269 8271 8273 8276
5517 6 8269 8271 8273 8277
5518 6 8269 8272 8274 8278
5519 6 8269 8272 8274 8279
5520 6 8269 8272 8274 8280
5521 8 8282 8281 8283 8285
5522 8 8282 8281 8284 8286
5523 6 8281 8283 8285 8287
5524 6 8281 8283 8285 8288
5525 6 8281 8283 8285 8289
5526 6 8281 8284 8286 8290
5527 6 8281 8284 8286 8291
5528 6 8281 8284 8286 8292
5529 8 8294 8293 8295 8297
5530 8 8294 8293 8296 8298
5531 6 8293 8295 8297 8299
5532 6 8293 8295 8297 8300
5533 6 8293 8295 8297 8301
5534 6 8293 8296 8298 8302
5535 6 8293 8296 8298 8303
5536 6 8293 8296 8298 8304
5537 8 8306 8305 8307 8309
5538 8 8306 8305 8308 8310
5539 6 8305 8307 8309 8311
5540 6 8305 8307 8309 8312
5541 6 8305 8307 8309 8313
5542 6 8305 8308 8310 8314
5543 6 8305 8308 8310 8315
5544 6 8305 8308 8310 8316
5545 8 8318 8317 8319 8321
5546 8 8318 8317 8320 8322
5547 6 8317 8319 8321 8323
5548 6 8317 8319 8321 8324
5549 6 8317 8319 8321 8325
5550 6 8317 8320 8322 8326
5551 6 8317 8320 8322 8327
5552 6 8317 8320 8322 8328
5553 8 8330 8329 8331 8333
5554 8 8330 8329 8332 8334
5555 6 8329 8331 8333 8335
5556 6 8329 8331 8333 8336
5557 6 8329 8331 8333 8337
5558 6 8329 8332 8334 8338
5559 6 8329 8332 8334 8339
5560 6 8329 8332 8334 8340
5561 8 8342 8341 8343 8345
5562 8 8342 8341 8344 8346
5563 6 8341 8343 8345 8347
5564 6 8341 8343 8345 8348
5565 6 8341 8343 8345 8349
5566 6 8341 8344 8346 8350
5567 6 8341 8344 8346 8351
5568 6 8341 8344 8346 8352
5569 8 8354 8353 8355 8357
5570 8 8354 8353 8356 8358
5571 6 8353 8355 8357 8359
5572 6 8353 8355 8357 8360
5573 6 8353 8355 8357 8361
5574 6 8353 8356 8358 8362
5575 6 8353 8356 8358 8363
5576 6 8353 8356 8358 8364
5577 8 8366 8365 8367 8369
5578 8 8366 8365 8368 8370
5579 6 8365 8367 8369 8371
5580 6 8365 8367 8369 8372
5581 6 8365 8367 8369 8373
5582 6 8365 8368 8370 8374
5583 6 8365 8368 8370 8375
5584 6 8365 8368 8370 8376
5585 8 8378 8377 8379 8381
5586 8 8378 8377 8380 8382
5587 6 8377 8379 8381 8383
5588 6 8377 8379 8381 8384
5589 6 8377 8379 8381 8385
5590 6 8377 8380 8382 8386
5591 6 8377 8380 8382 8387
5592 6 8377 8380 8382 8388
5593 8 8390 8389 8391 8393
5594 8 8390 8389 8392 8394
5595 6 8389 8391 8393 8395
5596 6 8389 8391 8393 8396
5597 6 8389 8391 8393 8397
5598 6 8389 8392 8394 8398
5599 6 8389 8392 8394 8399
5600 6 8389 8392 8394 8400
5601 8 8402 8401 8403 8405
5602 8 8402 8401 8404 8406
5603 6 8401 8403 8405 8407
5604 6 8401 8403 8405 8408
5605 6 8401 8403 8405 8409
5606 6 8401 8404 8406 8410
5607 6 8401 8404 8406 8411
5608 6 8401 8404 8406 8412
5609 8 8414 8413 8415 8417
5610 8 8414 8413 8416 8418
5611 6 8413 8415 8417 8419
5612 6 8413 8415 8417 8420
5613 6 8413 8415 8417 8421
5614 6 8413 8416 8418 8422
5615 6 8413 8416 8418 8423
5616 6 8413 8416 8418 8424
5617 8 8426 8425 8427 8429
5618 8 8426 8425 8428 8430
5619 6 8425 8427 8429 8431
5620 6 8425 8427 8429 8432
5621 6 8425 8427 8429 8433
5622 6 8425 8428 8430 8434
5623 6 8425 8428 8430 8435
5624 6 8425 8428 8430 8436
5625 8 8438 8437 8439 8441
5626 8 8438 8437 8440 8442
5627 6 8437 8439 8441 8443
5628 6 8437 8439 8441 8444
5629 6 8437 8439 8441 8445
5630 6 8437 8440 8442 8446
5631 6 8437 8440 8442 8447
5632 6 8437 8440 8442 8448
5633 8 8450 8449 8451 8453
5634 8 8450 8449 8452 8454
5635 6 8449 8451 8453 8455
5636 6 8449 8451 8453 8456
5637 6 8449 8451 8453 8457
5638 6 8449 8452 8454 8458
5639 6 8449 8452 8454 8459
5640 6 8449 8452 8454 8460
5641 8 8462 8461 8463 8465
5642 8 8462 8461 8464 8466
5643 6 8461 8463 8465 8467
5644 6 8461 8463 8465 8468
5645 6 8461 8463 8465 8469
5646 6 8461 8464 8466 8470
5647 6 8461 8464 8466 8471
5648 6 8461 8464 8466 8472
5649 8 8474 8473 8475 8477
5650 8 8474 8473 8476 8478
5651 6 8473 8475 8477 8479
5652 6 8473 8475 8477 8480
5653 6 8473 8475 8477 8481
5654 6 8473 8476 8478 8482
5655 6 8473 8476 8478 8483
5656 6 8473 8476 8478 8484
5657 8 8486 8485 8487 8490
5658 8 8486 8485 8488 8489
5659 5 8485 8487 8490 8489
5660 7 8487 8490 8489 8488
5661 7 8485 8488 8489 8490
5662 8 8496 8495 8497 8500
5663 8 8496 8495 8498 8499
5664 5 8495 8497 8500 8499
5665 7 8497 8500 8499 8498
5666 7 8495 8498 8499 8500
5667 8 8506 8505 8507 8510
5668 8 8506 8505 8508 8509
5669 5 8505 8507 8510 8509
5670 7 8507 8510 8509 8508
5671 7 8505 8508 8509 8510
5672 8 8516 8515 8517 8520
5673 8 8516 8515 8518 8519
5674 5 8515 8517 8520 8519
5675 7 8517 8520 8519 8518
5676 7 8515 8518 8519 8520
5677 8 8526 8525 8527 8530
5678 8 8526 8525 8528 8529
5679 5 8525 8527 8530 8529
5680 7 8527 8530 8529 8528
5681 7 8525 8528 8529 8530
5682 8 8536 8535 8537 8540
5683 8 8536 8535 8538 8539
5684 5 8535 8537 8540 8539
5685 7 8537 8540 8539 8538
5686 7 8535 8538 8539 8540
5687 8 8546 8545 8547 8550
5688 8 8546 8545 8548 8549
5689 5 8545 8547 8550 8549
5690 7 8547 8550 8549 8548
5691 7 8545 8548 8549 8550
5692 8 8556 8555 8557 8560
5693 8 8556 8555 8558 8559
5694 5 8555 8557 8560 8559
5695 7 8557 8560 8559 8558
5696 7 8555 8558 8559 8560
5697 8 8566 8565 8567 8570
5698 8 8566 8565 8568 8569
5699 5 8565 8567 8570 8569
5700 7 8567 8570 8569 8568
5701 7 8565 8568 8569 8570
5702 8 8576 8575 8577 8580
5703 8 8576 8575 8578 8579
5704 5 8575 8577 8580 8579
5705 7 8577 8580 8579 8578
5706 7 8575 8578 8579 8580
5707 8 8586 8585 8587 8590
5708 8 8586 8585 8588 8589
5709 5 8585 8587 8590 8589
5710 7 8587 8590 8589 8588
5711 7 8585 8588 8589 8590
5712 8 8596 8595 8597 8600
5713 8 8596 8595 8598 8599
5714 5 8595 8597 8600 8599
5715 7 8597 8600 8599 8598
5716 7 8595 8598 8599 8600
5717 8 8606 8605 8607 8610
5718 8 8606 8605 8608 8609
5719 5 8605 8607 8610 8609
5720 7 8607 8610 8609 8608
5721 7 8605 8608 8609 8610
5722 8 8616 8615 8617 8620
5723 8 8616 8615 8618 8619
5724 5 8615 8617 8620 8619
5725 7 8617 8620 8619 8618
5726 7 8615 8618 8619 8620
5727 8 8626 8625 8627 8630
5728 8 8626 8625 8628 8629
5729 5 8625 8627 8630 8629
5730 7 8627 8630 8629 8628
5731 7 8625 8628 8629 8630
5732 8 8636 8635 8637 8640
5733 8 8636 8635 8638 8639
5734 5 8635 8637 8640 8639
5735 7 8637 8640 8639 8638
5736 7 8635 8638 8639 8640
5737 8 8646 8645 8647 8650
5738 8 8646 8645 8648 8649
5739 5 8645 8647 8650 8649
5740 7 8647 8650 8649 8648
5741 7 8645 8648 8649 8650
5742 8 8656 8655 8657 8660
5743 8 8656 8655 8658 8659
5744 5 8655 8657 8660 8659
5745 7 8657 8660 8659 8658
5746 7 8655 8658 8659 8660
5747 8 8666 8665 8667 8670
5748 8 8666 8665 8668 8669
5749 5 8665 8667 8670 8669
5750 7 8667 8670 8669 8668
5751 7 8665 8668 8669 8670
5752 8 8676 8675 8677 8680
5753 8 8676 8675 8678 8679
5754 5 8675 8677 8680 8679
5755 7 8677 8680 8679 8678
5756 7 8675 8678 8679 8680
5757 8 8686 8685 8687 8690
5758 8 8686 8685 8688 8689
5759 5 8685 8687 8690 8689
5760 7 8687 8690 8689 8688
5761 7 8685 8688 8689 8690
5762 8 8696 8695 8697 8700
5763 8 8696 8695 8698 8699
5764 5 8695 8697 8700 8699
5765 7 8697 8700 8699 8698
5766 7 8695 8698 8699 8700
5767 8 8706 8705 8707 8710
5768 8 8706 8705 8708 8709
5769 5 8705 8707 8710 8709
5770 7 8707 8710 8709 8708
5771 7 8705 8708 8709 8710
5772 8 8716 8715 8717 8720
5773 8 8716 8715 8718 8719
5774 5 8715 8717 8720 8719
5775 7 8717 8720 8719 8718
5776 7 8715 8718 8719 8720
5777 8 8726 8725 8727 8730
5778 8 8726 8725 8728 8729
5779 5 8725 8727 8730 8729
5780 7 8727 8730 8729 8728
5781 7 8725 8728 8729 8730
5782 8 8736 8735 8737 8740
5783 8 8736 8735 8738 8739
5784 5 8735 8737 8740 8739
5785 7 8737 8740 8739 8738
5786 7 8735 8738 8739 8740
5787 8 8746 8745 8747 8750
5788 8 8746 8745 8748 8749
5789 5 8745 8747 8750 8749
5790 7 8747 8750 8749 8748
5791 7 8745 8748 8749 8750
5792 8 8756 8755 8757 8760
5793 8 8756 8755 8758 8759
5794 5 8755 8757 8760 8759
5795 7 8757 8760 8759 8758
5796 7 8755 8758 8759 8760
5797 8 8766 8765 8767 8770
5798 8 8766 8765 8768 8769
5799 5 8765 8767 8770 8769
5800 7 8767 8770 8769 8768
5801 7 8765 8768 8769 8770
5802 8 8776 8775 8777 8780
5803 8 8776 8775 8778 8779
5804 5 8775 8777 8780 8779
5805 7 8777 8780 8779 8778
5806 7 8775 8778 8779 8780
5807 8 8786 8785 8787 8790
5808 8 8786 8785 8788 8789
5809 5 8785 8787 8790 8789
5810 7 8787 8790 8789 8788
5811 7 8785 8788 8789 8790
5812 8 8796 8795 8797 8800
5813 8 8796 8795 8798 8799
5814 5 8795 8797 8800 8799
5815 7 8797 8800 8799 8798
5816 7 8795 8798 8799 8800
5817 8 8806 8805 8807 8810
5818 8 8806 8805 8808 8809
5819 5 8805 8807 8810 8809
5820 7 8807 8810 8809 8808
5821 7 8805 8808 8809 8810
5822 8 8816 8815 8817 8820
5823 8 8816 8815 8818 8819
5824 5 8815 8817 8820 8819
5825 7 8817 8820 8819 8818
5826 7 8815 8818 8819 8820
5827 8 8826 8825 8827 8830
5828 8 8826 8825 8828 8829
5829 5 8825 8827 8830 8829
5830 7 8827 8830 8829 8828
5831 7 8825 8828 8829 8830
5832 8 8836 8835 8837 8840
5833 8 8836 8835 8838 8839
5834 5 8835 8837 8840 8839
5835 7 8837 8840 8839 8838
5836 7 8835 8838 8839 8840
5837 8 8846 8845 8847 8850
5838 8 8846 8845 8848 8849
5839 5 8845 8847 8850 8849
5840 7 8847 8850 8849 8848
5841 7 8845 8848 8849 8850
5842 8 8856 8855 8857 8860
5843 8 8856 8855 8858 8859
5844 5 8855 8857 8860 8859
5845 7 8857 8860 8859 8858
5846 7 8855 8858 8859 8860
5847 8 8866 8865 8867 8870
5848 8 8866 8865 8868 8869
5849 5 8865 8867 8870 8869
5850 7 8867 8870 8869 8868
5851 7 8865 8868 8869 8870
5852 8 8876 8875 8877 8880
5853 8 8876 8875 8878 8879
5854 5 8875 8877 8880 8879
5855 7 8877 8880 8879 8878
5856 7 8875 8878 8879 8880
5857 8 8886 8885 8887 8890
5858 8 8886 8885 8888 8889
5859 5 8885 8887 8890 8889
5860 7 8887 8890 8889 8888
5861 7 8885 8888 8889 8890
5862 8 8896 8895 8897 8900
5863 8 8896 8895 8898 8899
5864 5 8895 8897 8900 8899
5865 7 8897 8900 8899 8898
5866 7 8895 8898 8899 8900
5867 8 8906 8905 8907 8910
5868 8 8906 8905 8908 8909
5869 5 8905 8907 8910 8909
5870 7 8907 8910 8909 8908
5871 7 8905 8908 8909 8910
5872 8 8916 8915 8917 8920
5873 8 8916 8915 8918 8919
5874 5 8915 8917 8920 8919
5875 7 8917 8920 8919 8918
5876 7 8915 8918 8919 8920
5877 8 8926 8925 8927 8930
5878 8 8926 8925 8928 8929
5879 5 8925 8927 8930 8929
5880 7 8927 8930 8929 8928
5881 7 8925 8928 8929 8930
5882 8 8936 8935 8937 8940
5883 8 8936 8935 8938 8939
5884 5 8935 8937 8940 8939
5885 7 8937 8940 8939 8938
5886 7 8935 8938 8939 8940
5887 8 8946 8945 8947 8950
5888 8 8946 8945 8948 8949
5889 5 8945 8947 8950 8949
5890 7 8947 8950 8949 8948
5891 7 8945 8948 8949 8950
5892 8 8956 8955 8957 8960
5893 8 8956 8955 8958 8959
5894 5 8955 8957 8960 8959
5895 7 8957 8960 8959 8958
5896 7 8955 8958 8959 8960
5897 8 8966 8965 8967 8970
5898 8 8966 8965 8968 8969
5899 5 8965 8967 8970 8969
5900 7 8967 8970 8969 8968
5901 7 8965 8968 8969 8970
5902 8 8976 8975 8977 8980
5903 8 8976 8975 8978 8979
5904 5 8975 8977 8980 8979
5905 7 8977 8980 8979 8978
5906 7 8975 8978 8979 8980
5907 8 8986 8985 8987 8990
5908 8 8986 8985 8988 8989
5909 5 8985 8987 8990 8989
5910 7 8987 8990 8989 8988
5911 7 8985 8988 8989 8990
5912 8 8996 8995 8997 9000
5913 8 8996 8995 8998 8999
5914 5 8995 8997 9000 8999
5915 7 8997 9000 8999 8998
5916 7 8995 8998 8999 9000
5917 8 9006 9005 9007 9010
5918 8 9006 9005 9008 9009
5919 5 9005 9007 9010 9009
5920 7 9007 9010 9009 9008
5921 7 9005 9008 9009 9010
5922 8 9016 9015 9017 9020
5923 8 9016 9015 9018 9019
5924 5 9015 9017 9020 9019
5925 7 9017 9020 9019 9018
5926 7 9015 9018 9019 9020
5927 8 9026 9025 9027 9030
5928 8 9026 9025 9028 9029
5929 5 9025 9027 9030 9029
5930 7 9027 9030 9029 9028
5931 7 9025 9028 9029 9030
5932 8 9036 9035 9037 9040
5933 8 9036 9035 9038 9039
5934 5 9035 9037 9040 9039
5935 7 9037 9040 9039 9038
5936 7 9035 9038 9039 9040
5937 8 9046 9045 9047 9050
5938 8 9046 9045 9048 9049
5939 5 9045 9047 9050 9049
5940 7 9047 9050 9049 9048
5941 7 9045 9048 9049 9050
5942 8 9056 9055 9057 9060
5943 8 9056 9055 9058 9059
5944 5 9055 9057 9060 9059
5945 7 9057 9060 9059 9058
5946 7 9055 9058 9059 9060
5947 8 9066 9065 9067 9070
5948 8 9066 9065 9068 9069
5949 5 9065 9067 9070 9069
5950 7 9067 9070 9069 9068
5951 7 9065 9068 9069 9070
5952 8 9076 9075 9077 9080
5953 8 9076 9075 9078 9079
5954 5 9075 9077 9080 9079
5955 7 9077 9080 9079 9078
5956 7 9075 9078 9079 9080
5957 8 9086 9085 9087 9090
5958 8 9086 9085 9088 9089
5959 5 9085 9087 9090 9089
5960 7 9087 9090 9089 9088
5961 7 9085 9088 9089 9090
5962 8 9096 9095 9097 9100
5963 8 9096 9095 9098 9099
5964 5 9095 9097 9100 9099
5965 7 9097 9100 9099 9098
5966 7 9095 9098 9099 9100
5967 8 9106 9105 9107 9110
5968 8 9106 9105 9108 9109
5969 5 9105 9107 9110 9109
5970 7 9107 9110 9109 9108
5971 7 9105 9108 9109 9110
5972 8 9116 9115 9117 9120
5973 8 9116 9115 9118 9119
5974 5 9115 9117 9120 9119
5975 7 9117 9120 9119 9118
5976 7 9115 9118 9119 9120
5977 8 9126 9125 9127 9130
5978 8 9126 9125 9128 9129
5979 5 9125 9127 9130 9129
5980 7 9127 9130 9129 9128
5981 7 9125 9128 9129 9130
5982 8 9136 9135 9137 9140
5983 8 9136 9135 9138 9139
5984 5 9135 9137 9140 9139
5985 7 9137 9140 9139 9138
5986 7 9135 9138 9139 9140
5987 8 9146 9145 9147 9150
5988 8 9146 9145 9148 9149
5989 5 9145 9147 9150 9149
5990 7 9147 9150 9149 9148
5991 7 9145 9148 9149 9150
5992 8 9156 9155 9157 9160
5993 8 9156 9155 9158 9159
5994 5 9155 9157 9160 9159
5995 7 9157 9160 9159 9158
5996 7 9155 9158 9159 9160
5997 8 9166 9165 9167 9170
5998 8 9166 9165 9168 9169
5999 5 9165 9167 9170 9169
6000 7 9167 9170 9169 9168
6001 7 9165 9168 9169 9170
6002 8 9176 9175 9177 9180
6003 8 9176 9175 9178 9179
6004 5 9175 9177 9180 9179
6005 7 9177 9180 9179 9178
6006 7 9175 9178 9179 9180
6007 8 9186 9185 9187 9190
6008 8 9186 9185 9188 9189
6009 5 9185 9187 9190 9189
6010 7 9187 9190 9189 9188
6011 7 9185 9188 9189 9190
6012 8 9196 9195 9197 9200
6013 8 9196 9195 9198 9199
6014 5 9195 9197 9200 9199
6015 7 9197 9200 9199 9198
6016 7 9195 9198 9199 9200
6017 8 9206 9205 9207 9210
6018 8 9206 9205 9208 9209
6019 5 9205 9207 9210 9209
6020 7 9207 9210 9209 9208
6021 7 9205 9208 9209 9210
6022 8 9216 9215 9217 9220
6023 8 9216 9215 9218 9219
6024 5 9215 9217 9220 9219
6025 7 9217 9220 9219 9218
6026 7 9215 9218 9219 9220
6027 8 9226 9225 9227 9230
6028 8 9226 9225 9228 9229
6029 5 9225 9227 9230 9229
6030 7 9227 9230 9229 9228
6031 7 9225 9228 9229 9230
6032 8 9236 9235 9237 9240
6033 8 9236 9235 9238 9239
6034 5 9235 9237 9240 9239
6035 7 9237 9240 9239 9238
6036 7 9235 9238 9239 9240
6037 8 9246 9245 9247 9250
6038 8 9246 9245 9248 9249
6039 5 9245 9247 9250 9249
6040 7 9247 9250 9249 9248
6041 7 9245 9248 9249 9250
6042 8 9256 9255 9257 9260
6043 8 9256 9255 9258 9259
6044 5 9255 9257 9260 9259
6045 7 9257 9260 9259 9258
6046 7 9255 9258 9259 9260
6047 8 9266 9265 9267 9270
6048 8 9266 9265 9268 9269
6049 5 9265 9267 9270 9269
6050 7 9267 9270 9269 9268
6051 7 9265 9268 9269 9270
6052 8 9276 9275 9277 9280
6053 8 9276 9275 9278 9279
6054 5 9275 9277 9280 9279
6055 7 9277 9280 9279 9278
6056 7 9275 9278 9279 9280
6057 8 9286 9285 9287 9290
6058 8 9286 9285 9288 9289
6059 5 9285 9287 9290 9289
6060 7 9287 9290 9289 9288
6061 7 9285 9288 9289 9290
6062 8 9296 9295 9297 9300
6063 8 9296 9295 9298 9299
6064 5 9295 9297 9300 9299
6065 7 9297 9300 9299 9298
6066 7 9295 9298 9299 9300
6067 8 9306 9305 9307 9310
6068 8 9306 9305 9308 9309
6069 5 9305 9307 9310 9309
6070 7 9307 9310 9309 9308
6071 7 9305 9308 9309 9310
6072 8 9316 9315 9317 9320
6073 8 9316 9315 9318 9319
6074 5 9315 9317 9320 9319
6075 7 9317 9320 9319 9318
6076 7 9315 9318 9319 9320
6077 8 9326 9325 9327 9330
6078 8 9326 9325 9328 9329
6079 5 9325 9327 9330 9329
6080 7 9327 9330 9329 9328
6081 7 9325 9328 9329 9330
6082 8 9336 9335 9337 9340
6083 8 9336 9335 9338 9339
6084 5 9335 9337 9340 9339
6085 7 9337 9340 9339 9338
6086 7 9335 9338 9339 9340
6087 8 9346 9345 9347 9350
6088 8 9346 9345 9348 9349
6089 5 9345 9347 9350 9349
6090 7 9347 9350 9349 9348
6091 7 9345 9348 9349 9350
6092 8 9356 9355 9357 9360
6093 8 9356 9355 9358 9359
6094 5 9355 9357 9360 9359
6095 7 9357 9360 9359 9358
6096 7 9355 9358 9359 9360
6097 8 9366 9365 9367 9370
6098 8 9366 9365 9368 9369
6099 5 9365 9367 9370 9369
6100 7 9367 9370 9369 9368
6101 7 9365 9368 9369 9370
6102 8 9376 9375 9377 9380
6103 8 9376 9375 9378 9379
6104 5 9375 9377 9380 9379
6105 7 9377 9380 9379 9378
6106 7 9375 9378 9379 9380
6107 8 9386 9385 9387 9390
6108 8 9386 9385 9388 9389
6109 5 9385 9387 9390 9389
6110 7 9387 9390 9389 9388
6111 7 9385 9388 9389 9390
6112 8 9396 9395 9397 9400
6113 8 9396 9395 9398 9399
6114 5 9395 9397 9400 9399
6115 7 9397 9400 9399 9398
6116 7 9395 9398 9399 9400
6117 8 9406 9405 9407 9410
6118 8 9406 9405 9408 9409
6119 5 9405 9407 9410 9409
6120 7 9407 9410 9409 9408
6121 7 9405 9408 9409 9410
6122 8 9416 9415 9417 9420
6123 8 9416 9415 9418 9419
6124 5 9415 9417 9420 9419
6125 7 9417 9420 9419 9418
6126 7 9415 9418 9419 9420
6127 8 9426 9425 9427 9430
6128 8 9426 9425 9428 9429
6129 5 9425 9427 9430 9429
6130 7 9427 9430 9429 9428
6131 7 9425 9428 9429 9430
6132 8 9436 9435 9437 9440
6133 8 9436 9435 9438 9439
6134 5 9435 9437 9440 9439
6135 7 9437 9440 9439 9438
6136 7 9435 9438 9439 9440
6137 8 9446 9445 9447 9450
6138 8 9446 9445 9448 9449
6139 5 9445 9447 9450 9449
6140 7 9447 9450 9449 9448
6141 7 9445 9448 9449 9450
6142 8 9456 9455 9457 9460
6143 8 9456 9455 9458 9459
6144 5 9455 9457 9460 9459
6145 7 9457 9460 9459 9458
6146 7 9455 9458 9459 9460
6147 8 9466 9465 9467 9470
6148 8 9466 9465 9468 9469
6149 5 9465 9467 9470 9469
6150 7 9467 9470 9469 9468
6151 7 9465 9468 9469 9470
6152 8 9476 9475 9477 9480
6153 8 9476 9475 9478 9479
6154 5 9475 9477 9480 9479
6155 7 9477 9480 9479 9478
6156 7 9475 9478 9479 9480
6157 8 9486 9485 9487 9490
6158 8 9486 9485 9488 9489
6159 5 9485 9487 9490 9489
6160 7 9487 9490 9489 9488
6161 7 9485 9488 9489 9490
6162 8 9496 9495 9497 9500
6163 8 9496 9495 9498 9499
6164 5 9495 9497 9500 9499
6165 7 9497 9500 9499 9498
6166 7 9495 9498 9499 9500
6167 8 9506 9505 9507 9510
6168 8 9506 9505 9508 9509
6169 5 9505 9507 9510 9509
6170 7 9507 9510 9509 9508
6171 7 9505 9508 9509 9510
6172 8 9516 9515 9517 9520
6173 8 9516 9515 9518 9519
6174 5 9515 9517 9520 9519
6175 7 9517 9520 9519 9518
6176 7 9515 9518 9519 9520
6177 8 9526 9525 9527 9530
6178 8 9526 9525 9528 9529
6179 5 9525 9527 9530 9529
6180 7 9527 9530 9529 9528
6181 7 9525 9528 9529 9530
6182 8 9536 9535 9537 9540
6183 8 9536 9535 9538 9539
6184 5 9535 9537 9540 9539
6185 7 9537 9540 9539 9538
6186 7 9535 9538 9539 9540
6187 8 9546 9545 9547 9550
6188 8 9546 9545 9548 9549
6189 5 9545 9547 9550 9549
6190 7 9547 9550 9549 9548
6191 7 9545 9548 9549 9550
6192 8 9556 9555 9557 9560
6193 8 9556 9555 9558 9559
6194 5 9555 9557 9560 9559
6195 7 9557 9560 9559 9558
6196 7 9555 9558 9559 9560
6197 8 9566 9565 9567 9570
6198 8 9566 9565 9568 9569
6199 5 9565 9567 9570 9569
6200 7 9567 9570 9569 9568
6201 7 9565 9568 9569 9570
6202 8 9576 9575 9577 9580
6203 8 9576 9575 9578 9579
6204 5 9575 9577 9580 9579
6205 7 9577 9580 9579 9578
6206 7 9575 9578 9579 9580
6207 8 9586 9585 9587 9590
6208 8 9586 9585 9588 9589
6209 5 9585 9587 9590 9589
6210 7 9587 9590 9589 9588
6211 7 9585 9588 9589 9590
6212 8 9596 9595 9597 9600
6213 8 9596 9595 9598 9599
6214 5 9595 9597 9600 9599
6215 7 9597 9600 9599 9598
6216 7 9595 9598 9599 9600
6217 8 9606 9605 9607 9610
6218 8 9606 9605 9608 9609
6219 5 9605 9607 9610 9609
6220 7 9607 9610 9609 9608
6221 7 9605 9608 9609 9610
6222 8 9616 9615 9617 9620
6223 8 9616 9615 9618 9619
6224 5 9615 9617 9620 9619
6225 7 9617 9620 9619 9618
6226 7 9615 9618 9619 9620
6227 8 9626 9625 9627 9630
6228 8 9626 9625 9628 9629
6229 5 9625 9627 9630 9629
6230 7 9627 9630 9629 9628
6231 7 9625 9628 9629 9630
6232 8 9636 9635 9637 9640
6233 8 9636 9635 9638 9639
6234 5 9635 9637 9640 9639
6235 7 9637 9640 9639 9638
6236 7 9635 9638 9639 9640
6237 8 9646 9645 9647 9650
6238 8 9646 9645 9648 9649
6239 5 9645 9647 9650 9649
6240 7 9647 9650 9649 9648
6241 7 9645 9648 9649 9650
6242 8 9656 9655 9657 9660
6243 8 9656 9655 9658 9659
6244 5 9655 9657 9660 9659
6245 7 9657 9660 9659 9658
6246 7 9655 9658 9659 9660
6247 8 9666 9665 9667 9670
6248 8 9666 9665 9668 9669
6249 5 9665 9667 9670 9669
6250 7 9667 9670 9669 9668
6251 7 9665 9668 9669 9670
6252 8 9676 9675 9677 9680
6253 8 9676 9675 9678 9679
6254 5 9675 9677 9680 9679
6255 7 9677 9680 9679 9678
6256 7 9675 9678 9679 9680
6257 8 9686 9685 9687 9690
6258 8 9686 9685 9688 9689
6259 5 9685 9687 9690 9689
6260 7 9687 9690 9689 9688
6261 7 9685 9688 9689 9690
6262 8 9696 9695 9697 9700
6263 8 9696 9695 9698 9699
6264 5 9695 9697 9700 9699
6265 7 9697 9700 9699 9698
6266 7 9695 9698 9699 9700
6267 8 9706 9705 9707 9710
6268 8 9706 9705 9708 9709
6269 5 9705 9707 9710 9709
6270 7 9707 9710 9709 9708
6271 7 9705 9708 9709 9710
6272 8 9716 9715 9717 9720
6273 8 9716 9715 9718 9719
6274 5 9715 9717 9720 9719
6275 7 9717 9720 9719 9718
6276 7 9715 9718 9719 9720
6277 8 9726 9725 9727 9730
6278 8 9726 9725 9728 9729
6279 5 9725 9727 9730 9729
6280 7 9727 9730 9729 9728
6281 7 9725 9728 9729 9730
6282 8 9736 9735 9737 9740
6283 8 9736 9735 9738 9739
6284 5 9735 9737 9740 9739
6285 7 9737 9740 9739 9738
6286 7 9735 9738 9739 9740
6287 8 9746 9745 9747 9750
6288 8 9746 9745 9748 9749
6289 5 9745 9747 9750 9749
6290 7 9747 9750 9749 9748
6291 7 9745 9748 9749 9750
6292 8 9756 9755 9757 9760
6293 8 9756 9755 9758 9759
6294 5 9755 9757 9760 9759
6295 7 9757 9760 9759 9758
6296 7 9755 9758 9759 9760
6297 8 9766 9765 9767 9770
6298 8 9766 9765 9768 9769
6299 5 9765 9767 9770 9769
6300 7 9767 9770 9769 9768
6301 7 9765 9768 9769 9770
6302 8 9776 9775 9777 9780
6303 8 9776 9775 9778 9779
6304 5 9775 9777 9780 9779
6305 7 9777 9780 9779 9778
6306 7 9775 9778 9779 9780
6307 8 9786 9785 9787 9790
6308 8 9786 9785 9788 9789
6309 5 9785 9787 9790 9789
6310 7 9787 9790 9789 9788
6311 7 9785 9788 9789 9790
6312 8 9796 9795 9797 9800
6313 8 9796 9795 9798 9799
6314 5 9795 9797 9800 9799
6315 7 9797 9800 9799 9798
6316 7 9795 9798 9799 9800
6317 8 9806 9805 9807 9810
6318 8 9806 9805 9808 9809
6319 5 9805 9807 9810 9809
6320 7 9807 9810 9809 9808
6321 7 9805 9808 9809 9810
6322 8 9816 9815 9817 9820
6323 8 9816 9815 9818 9819
6324 5 9815 9817 9820 9819
6325 7 9817 9820 9819 9818
6326 7 9815 9818 9819 9820
6327 8 9826 9825 9827 9830
6328 8 9826 9825 9828 9829
6329 5 9825 9827 9830 9829
6330 7 9827 9830 9829 9828
6331 7 9825 9828 9829 9830
6332 8 9836 9835 9837 9840
6333 8 9836 9835 9838 9839
6334 5 9835 9837 9840 9839
6335 7 9837 9840 9839 9838
6336 7 9835 9838 9839 9840
6337 8 9846 9845 9847 9850
6338 8 9846 9845 9848 9849
6339 5 9845 9847 9850 9849
6340 7 9847 9850 9849 9848
6341 7 9845 9848 9849 9850
6342 8 9856 9855 9857 9860
6343 8 9856 9855 9858 9859
6344 5 9855 9857 9860 9859
6345 7 9857 9860 9859 9858
6346 7 9855 9858 9859 9860
6347 8 9866 9865 9867 9870
6348 8 9866 9865 9868 9869
6349 5 9865 9867 9870 9869
6350 7 9867 9870 9869 9868
6351 7 9865 9868 9869 9870
6352 8 9876 9875 9877 9880
6353 8 9876 9875 9878 9879
6354 5 9875 9877 9880 9879
6355 7 9877 9880 9879 9878
6356 7 9875 9878 9879 9880
6357 8 9886 9885 9887 9890
6358 8 9886 9885 9888 9889
6359 5 9885 9887 9890 9889
6360 7 9887 9890 9889 9888
6361 7 9885 9888 9889 9890
6362 8 9896 9895 9897 9900
6363 8 9896 9895 9898 9899
6364 5 9895 9897 9900 9899
6365 7 9897 9900 9899 9898
6366 7 9895 9898 9899 9900
6367 8 9906 9905 9907 9910
6368 8 9906 9905 9908 9909
6369 5 9905 9907 9910 9909
6370 7 9907 9910 9909 9908
6371 7 9905 9908 9909 9910
6372 8 9916 9915 9917 9920
6373 8 9916 9915 9918 9919
6374 5 9915 9917 9920 9919
6375 7 9917 9920 9919 9918
6376 7 9915 9918 9919 9920
6377 8 9926 9925 9927 9930
6378 8 9926 9925 9928 9929
6379 5 9925 9927 9930 9929
6380 7 9927 9930 9929 9928
6381 7 9925 9928 9929 9930
6382 8 9936 9935 9937 9940
6383 8 9936 9935 9938 9939
6384 5 9935 9937 9940 9939
6385 7 9937 9940 9939 9938
6386 7 9935 9938 9939 9940
6387 8 9946 9945 9947 9950
6388 8 9946 9945 9948 9949
6389 5 9945 9947 9950 9949
6390 7 9947 9950 9949 9948
6391 7 9945 9948 9949 9950
6392 8 9956 9955 9957 9960
6393 8 9956 9955 9958 9959
6394 5 9955 9957 9960 9959
6395 7 9957 9960 9959 9958
6396 7 9955 9958 9959 9960
6397 8 9966 9965 9967 9970
6398 8 9966 9965 9968 9969
6399 5 9965 9967 9970 9969
6400 7 9967 9970 9969 9968
6401 7 9965 9968 9969 9970
6402 8 9976 9975 9977 9980
6403 8 9976 9975 9978 9979
6404 5 9975 9977 9980 9979
6405 7 9977 9980 9979 9978
6406 7 9975 9978 9979 9980
6407 8 9986 9985 9987 9990
6408 8 9986 9985 9988 9989
6409 5 9985 9987 9990 9989
6410 7 9987 9990 9989 9988
6411 7 9985 9988 9989 9990
6412 8 9996 9995 9997 10000
6413 8 9996 9995 9998 9999
6414 5 9995 9997 10000 9999
6415 7 9997 10000 9999 9998
6416 7 9995 9998 9999 10000
6417 8 10006 10005 10007 10010
6418 8 10006 10005 10008 10009
6419 5 10005 10007 10010 10009
6420 7 10007 10010 10009 10008
6421 7 10005 10008 10009 10010
6422 8 10016 10015 10017 10020
6423 8 10016 10015 10018 10019
6424 5 10015 10017 10020 10019
6425 7 10017 10020 10019 10018
6426 7 10015 10018 10019 10020
6427 8 10026 10025 10027 10030
6428 8 10026 10025 10028 10029
6429 5 10025 10027 10030 10029
6430 7 10027 10030 10029 10028
6431 7 10025 10028 10029 10030
6432 8 10036 10035 10037 10040
6433 8 10036 10035 10038 10039
6434 5 10035 10037 10040 10039
6435 7 10037 10040 10039 10038
6436 7 10035 10038 10039 10040
6437 8 10046 10045 10047 10050
6438 8 10046 10045 10048 10049
6439 5 10045 10047 10050 10049
6440 7 10047 10050 10049 10048
6441 7 10045 10048 10049 10050
6442 8 10056 10055 10057 10060
6443 8 10056 10055 10058 10059
6444 5 10055 10057 10060 10059
6445 7 10057 10060 10059 10058
6446 7 10055 10058 10059 10060
6447 8 10066 10065 10067 10070
6448 8 10066 10065 10068 10069
6449 5 10065 10067 10070 10069
6450 7 10067 10070 10069 10068
6451 7 10065 10068 10069 10070
6452 8 10076 10075 10077 10080
6453 8 10076 10075 10078 10079
6454 5 10075 10077 10080 10079
6455 7 10077 10080 10079 10078
6456 7 10075 10078 10079 10080
6457 8 10086 10085 10087 10090
6458 8 10086 10085 10088 10089
6459 5 10085 10087 10090 10089
6460 7 10087 10090 10089 10088
6461 7 10085 10088 10089 10090
6462 8 10096 10095 10097 10100
6463 8 10096 10095 10098 10099
6464 5 10095 10097 10100 10099
6465 7 10097 10100 10099 10098
6466 7 10095 10098 10099 10100
6467 8 10106 10105 10107 10110
6468 8 10106 10105 10108 10109
6469 5 10105 10107 10110 10109
6470 7 10107 10110 10109 10108
6471 7 10105 10108 10109 10110
6472 8 10116 10115 10117 10120
6473 8 10116 10115 10118 10119
6474 5 10115 10117 10120 10119
6475 7 10117 10120 10119 10118
6476 7 10115 10118 10119 10120
6477 8 10126 10125 10127 10130
6478 8 10126 10125 10128 10129
6479 5 10125 10127 10130 10129
6480 7 10127 10130 10129 10128
6481 7 10125 10128 10129 10130
6482 8 10136 10135 10137 10140
6483 8 10136 10135 10138 10139
6484 5 10135 10137 10140 10139
6485 7 10137 10140 10139 10138
6486 7 10135 10138 10139 10140
6487 8 10146 10145 10147 10150
6488 8 10146 10145 10148 10149
6489 5 10145 10147 10150 10149
6490 7 10147 10150 10149 10148
6491 7 10145 10148 10149 10150
6492 8 10156 10155 10157 10160
6493 8 10156 10155 10158 10159
6494 5 10155 10157 10160 10159
6495 7 10157 10160 10159 10158
6496 7 10155 10158 10159 10160
6497 8 10166 10165 10167 10170
6498 8 10166 10165 10168 10169
6499 5 10165 10167 10170 10169
6500 7 10167 10170 10169 10168
6501 7 10165 10168 10169 10170
6502 8 10176 10175 10177 10180
6503 8 10176 10175 10178 10179
6504 5 10175 10177 10180 10179
6505 7 10177 10180 10179 10178
6506 7 10175 10178 10179 10180
6507 8 10186 10185 10187 10190
6508 8 10186 10185 10188 10189
6509 5 10185 10187 10190 10189
6510 7 10187 10190 10189 10188
6511 7 10185 10188 10189 10190
6512 8 10196 10195 10197 10200
6513 8 10196 10195 10198 10199
6514 5 10195 10197 10200 10199
6515 7 10197 10200 10199 10198
6516 7 10195 10198 10199 10200
6517 8 10206 10205 10207 10210
6518 8 10206 10205 10208 10209
6519 5 10205 10207 10210 10209
6520 7 10207 10210 10209 10208
6521 7 10205 10208 10209 10210
6522 8 10216 10215 10217 10220
6523 8 10216 10215 10218 10219
6524 5 10215 10217 10220 10219
6525 7 10217 10220 10219 10218
6526 7 10215 10218 10219 10220
6527 8 10226 10225 10227 10230
6528 8 10226 10225 10228 10229
6529 5 10225 10227 10230 10229
6530 7 10227 10230 10229 10228
6531 7 10225 10228 10229 10230
6532 8 10236 10235 10237 10240
6533 8 10236 10235 10238 10239
6534 5 10235 10237 10240 10239
6535 7 10237 10240 10239 10238
6536 7 10235 10238 10239 10240
6537 8 10246 10245 10247 10250
6538 8 10246 10245 10248 10249
6539 5 10245 10247 10250 10249
6540 7 10247 10250 10249 10248
6541 7 10245 10248 10249 10250
6542 8 10256 10255 10257 10260
6543 8 10256 10255 10258 10259
6544 5 10255 10257 10260 10259
6545 7 10257 10260 10259 10258
6546 7 10255 10258 10259 10260
6547 8 10266 10265 10267 10270
6548 8 10266 10265 10268 10269
6549 5 10265 10267 10270 10269
6550 7 10267 10270 10269 10268
6551 7 10265 10268 10269 10270
6552 8 10276 10275 10277 10280
6553 8 10276 10275 10278 10279
6554 5 10275 10277 10280 10279
6555 7 10277 10280 10279 10278
6556 7 10275 10278 10279 10280
6557 8 10286 10285 10287 10290
6558 8 10286 10285 10288 10289
6559 5 10285 10287 10290 10289
6560 7 10287 10290 10289 10288
6561 7 10285 10288 10289 10290
6562 8 10296 10295 10297 10300
6563 8 10296 10295 10298 10299
6564 5 10295 10297 10300 10299
6565 7 10297 10300 10299 10298
6566 7 10295 10298 10299 10300
6567 8 10306 10305 10307 10310
6568 8 10306 10305 10308 10309
6569 5 10305 10307 10310 10309
6570 7 10307 10310 10309 10308
6571 7 10305 10308 10309 10310
6572 8 10316 10315 10317 10320
6573 8 10316 10315 10318 10319
6574 5 10315 10317 10320 10319
6575 7 10317 10320 10319 10318
6576 7 10315 10318 10319 10320
6577 8 10326 10325 10327 10330
6578 8 10326 10325 10328 10329
6579 5 10325 10327 10330 10329
6580 7 10327 10330 10329 10328
6581 7 10325 10328 10329 10330
6582 8 10336 10335 10337 10340
6583 8 10336 10335 10338 10339
6584 5 10335 10337 10340 10339
6585 7 10337 10340 10339 10338
6586 7 10335 10338 10339 10340
6587 8 10346 10345 10347 10350
6588 8 10346 10345 10348 10349
6589 5 10345 10347 10350 10349
6590 7 10347 10350 10349 10348
6591 7 10345 10348 10349 10350
6592 8 10356 10355 10357 10360
6593 8 10356 10355 10358 10359
6594 5 10355 10357 10360 10359
6595 7 10357 10360 10359 10358
6596 7 10355 10358 10359 10360
6597 8 10366 10365 10367 10370
6598 8 10366 10365 10368 10369
6599 5 10365 10367 10370 10369
6600 7 10367 10370 10369 10368
6601 7 10365 10368 10369 10370
6602 8 10376 10375 10377 10380
6603 8 10376 10375 10378 10379
6604 5 10375 10377 10380 10379
6605 7 10377 10380 10379 10378
6606 7 10375 10378 10379 10380
6607 8 10386 10385 10387 10390
6608 8 10386 10385 10388 10389
6609 5 10385 10387 10390 10389
6610 7 10387 10390 10389 10388
6611 7 10385 10388 10389 10390
6612 8 10396 10395 10397 10400
6613 8 10396 10395 10398 10399
6614 5 10395 10397 10400 10399
6615 7 10397 10400 10399 10398
6616 7 10395 10398 10399 10400
6617 8 10406 10405 10407 10410
6618 8 10406 10405 10408 10409
6619 5 10405 10407 10410 10409
6620 7 10407 10410 10409 10408
6621 7 10405 10408 10409 10410
6622 8 10416 10415 10417 10420
6623 8 10416 10415 10418 10419
6624 5 10415 10417 10420 10419
6625 7 10417 10420 10419 10418
6626 7 10415 10418 10419 10420
6627 8 10426 10425 10427 10430
6628 8 10426 10425 10428 10429
6629 5 10425 10427 10430 10429
6630 7 10427 10430 10429 10428
6631 7 10425 10428 10429 10430
6632 8 10436 10435 10437 10440
6633 8 10436 10435 10438 10439
6634 5 10435 10437 10440 10439
6635 7 10437 10440 10439 10438
6636 7 10435 10438 10439 10440
6637 8 10446 10445 10447 10450
6638 8 10446 10445 10448 10449
6639 5 10445 10447 10450 10449
6640 7 10447 10450 10449 10448
6641 7 10445 10448 10449 10450
6642 8 10456 10455 10457 10460
6643 8 10456 10455 10458 10459
6644 5 10455 10457 10460 10459
6645 7 10457 10460 10459 10458
6646 7 10455 10458 10459 10460
6647 8 10466 10465 10467 10470
6648 8 10466 10465 10468 10469
6649 5 10465 10467 10470 10469
6650 7 10467 10470 10469 10468
6651 7 10465 10468 10469 10470
6652 8 10476 10475 10477 10480
6653 8 10476 10475 10478 10479
6654 5 10475 10477 10480 10479
6655 7 10477 10480 10479 10478
6656 7 10475 10478 10479 10480
6657 8 10486 10485 10487 10490
6658 8 10486 10485 10488 10489
6659 5 10485 10487 10490 10489
6660 7 10487 10490 10489 10488
6661 7 10485 10488 10489 10490
6662 8 10496 10495 10497 10500
6663 8 10496 10495 10498 10499
6664 5 10495 10497 10500 10499
6665 7 10497 10500 10499 10498
6666 7 10495 10498 10499 10500
6667 8 10506 10505 10507 10510
6668 8 10506 10505 10508 10509
6669 5 10505 10507 10510 10509
6670 7 10507 10510 10509 10508
6671 7 10505 10508 10509 10510
6672 8 10516 10515 10517 10520
6673 8 10516 10515 10518 10519
6674 5 10515 10517 10520 10519
6675 7 10517 10520 10519 10518
6676 7 10515 10518 10519 10520
6677 8 10526 10525 10527 10530
6678 8 10526 10525 10528 10529
6679 5 10525 10527 10530 10529
6680 7 10527 10530 10529 10528
6681 7 10525 10528 10529 10530
6682 8 10536 10535 10537 10540
6683 8 10536 10535 10538 10539
6684 5 10535 10537 10540 10539
6685 7 10537 10540 10539 10538
6686 7 10535 10538 10539 10540
6687 8 10546 10545 10547 10550
6688 8 10546 10545 10548 10549
6689 5 10545 10547 10550 10549
6690 7 10547 10550 10549 10548
6691 7 10545 10548 10549 10550
6692 8 10556 10555 10557 10560
6693 8 10556 10555 10558 10559
6694 5 10555 10557 10560 10559
6695 7 10557 10560 10559 10558
6696 7 10555 10558 10559 10560
6697 8 10566 10565 10567 10570
6698 8 10566 10565 10568 10569
6699 5 10565 10567 10570 10569
6700 7 10567 10570 10569 10568
6701 7 10565 10568 10569 10570
6702 8 10576 10575 10577 10580
6703 8 10576 10575 10578 10579
6704 5 10575 10577 10580 10579
6705 7 10577 10580 10579 10578
6706 7 10575 10578 10579 10580
6707 8 10586 10585 10587 10590
6708 8 10586 10585 10588 10589
6709 5 10585 10587 10590 10589
6710 7 10587 10590 10589 10588
6711 7 10585 10588 10589 10590
6712 8 10596 10595 10597 10600
6713 8 10596 10595 10598 10599
6714 5 10595 10597 10600 10599
6715 7 10597 10600 10599 10598
6716 7 10595 10598 10599 10600
6717 8 10606 10605 10607 10610
6718 8 10606 10605 10608 10609
6719 5 10605 10607 10610 10609
6720 7 10607 10610 10609 10608
6721 7 10605 10608 10609 10610
6722 8 10616 10615 10617 10620
6723 8 10616 10615 10618 10619
6724 5 10615 10617 10620 10619
6725 7 10617 10620 10619 10618
6726 7 10615 10618 10619 10620
6727 8 10626 10625 10627 10630
6728 8 10626 10625 10628 10629
6729 5 10625 10627 10630 10629
6730 7 10627 10630 10629 10628
6731 7 10625 10628 10629 10630
6732 8 10636 10635 10637 10640
6733 8 10636 10635 10638 10639
6734 5 10635 10637 10640 10639
6735 7 10637 10640 10639 10638
6736 7 10635 10638 10639 10640
6737 8 10646 10645 10647 10650
6738 8 10646 10645 10648 10649
6739 5 10645 10647 10650 10649
6740 7 10647 10650 10649 10648
6741 7 10645 10648 10649 10650
6742 8 10656 10655 10657 10660
6743 8 10656 10655 10658 10659
6744 5 10655 10657 10660 10659
6745 7 10657 10660 10659 10658
6746 7 10655 10658 10659 10660
6747 8 10666 10665 10667 10670
6748 8 10666 10665 10668 10669
6749 5 10665 10667 10670 10669
6750 7 10667 10670 10669 10668
6751 7 10665 10668 10669 10670
6752 8 10676 10675 10677 10680
6753 8 10676 10675 10678 10679
6754 5 10675 10677 10680 10679
6755 7 10677 10680 10679 10678
6756 7 10675 10678 10679 10680
6757 8 10686 10685 10687 10690
6758 8 10686 10685 10688 10689
6759 5 10685 10687 10690 10689
6760 7 10687 10690 10689 10688
6761 7 10685 10688 10689 10690
6762 8 10696 10695 10697 10700
6763 8 10696 10695 10698 10699
6764 5 10695 10697 10700 10699
6765 7 10697 10700 10699 10698
6766 7 10695 10698 10699 10700
6767 8 10706 10705 10707 10710
6768 8 10706 10705 10708 10709
6769 5 10705 10707 10710 10709
6770 7 10707 10710 10709 10708
6771 7 10705 10708 10709 10710
6772 8 10716 10715 10717 10720
6773 8 10716 10715 10718 10719
6774 5 10715 10717 10720 10719
6775 7 10717 10720 10719 10718
6776 7 10715 10718 10719 10720
6777 8 10726 10725 10727 10730
6778 8 10726 10725 10728 10729
6779 5 10725 10727 10730 10729
6780 7 10727 10730 10729 10728
6781 7 10725 10728 10729 10730
6782 8 10736 10735 10737 10740
6783 8 10736 10735 10738 10739
6784 5 10735 10737 10740 10739
6785 7 10737 10740 10739 10738
6786 7 10735 10738 10739 10740
6787 8 10746 10745 10747 10750
6788 8 10746 10745 10748 10749
6789 5 10745 10747 10750 10749
6790 7 10747 10750 10749 10748
6791 7 10745 10748 10749 10750
6792 8 10756 10755 10757 10760
6793 8 10756 10755 10758 10759
6794 5 10755 10757 10760 10759
6795 7 10757 10760 10759 10758
6796 7 10755 10758 10759 10760
6797 8 10766 10765 10767 10770
6798 8 10766 10765 10768 10769
6799 5 10765 10767 10770 10769
6800 7 10767 10770 10769 10768
6801 7 10765 10768 10769 10770
6802 8 10776 10775 10777 10780
6803 8 10776 10775 10778 10779
6804 5 10775 10777 10780 10779
6805 7 10777 10780 10779 10778
6806 7 10775 10778 10779 10780
6807 8 10786 10785 10787 10790
6808 8 10786 10785 10788 10789
6809 5 10785 10787 10790 10789
6810 7 10787 10790 10789 10788
6811 7 10785 10788 10789 10790
6812 8 10796 10795 10797 10800
6813 8 10796 10795 10798 10799
6814 5 10795 10797 10800 10799
6815 7 10797 10800 10799 10798
6816 7 10795 10798 10799 10800
6817 8 10806 10805 10807 10810
6818 8 10806 10805 10808 10809
6819 5 10805 10807 10810 10809
6820 7 10807 10810 10809 10808
6821 7 10805 10808 10809 10810
6822 8 10816 10815 10817 10820
6823 8 10816 10815 10818 10819
6824 5 10815 10817 10820 10819
6825 7 10817 10820 10819 10818
6826 7 10815 10818 10819 10820
6827 8 10826 10825 10827 10830
6828 8 10826 10825 10828 10829
6829 5 10825 10827 10830 10829
6830 7 10827 10830 10829 10828
6831 7 10825 10828 10829 10830
6832 8 10836 10835 10837 10840
6833 8 10836 10835 10838 10839
6834 5 10835 10837 10840 10839
6835 7 10837 10840 10839 10838
6836 7 10835 10838 10839 10840
6837 8 10846 10845 10847 10850
6838 8 10846 10845 10848 10849
6839 5 10845 10847 10850 10849
6840 7 10847 10850 10849 10848
6841 7 10845 10848 10849 10850
6842 8 10856 10855 10857 10860
6843 8 10856 10855 10858 10859
6844 5 10855 10857 10860 10859
6845 7 10857 10860 10859 10858
6846 7 10855 10858 10859 10860
6847 8 10866 10865 10867 10870
6848 8 10866 10865 10868 10869
6849 5 10865 10867 10870 10869
6850 7 10867 10870 10869 10868
6851 7 10865 10868 10869 10870
6852 8 10876 10875 10877 10880
6853 8 10876 10875 10878 10879
6854 5 10875 10877 10880 10879
6855 7 10877 10880 10879 10878
6856 7 10875 10878 10879 10880
6857 8 10886 10885 10887 10890
6858 8 10886 10885 10888 10889
6859 5 10885 10887 10890 10889
6860 7 10887 10890 10889 10888
6861 7 10885 10888 10889 10890
6862 8 10896 10895 10897 10900
6863 8 10896 10895 10898 10899
6864 5 10895 10897 10900 10899
6865 7 10897 10900 10899 10898
6866 7 10895 10898 10899 10900
6867 8 10906 10905 10907 10910
6868 8 10906 10905 10908 10909
6869 5 10905 10907 10910 10909
6870 7 10907 10910 10909 10908
6871 7 10905 10908 10909 10910
6872 8 10916 10915 10917 10920
6873 8 10916 10915 10918 10919
6874 5 10915 10917 10920 10919
6875 7 10917 10920 10919 10918
6876 7 10915 10918 10919 10920
6877 8 10926 10925 10927 10930
6878 8 10926 10925 10928 10929
6879 5 10925 10927 10930 10929
6880 7 10927 10930 10929 10928
6881 7 10925 10928 10929 10930
6882 8 10936 10935 10937 10940
6883 8 10936 10935 10938 10939
6884 5 10935 10937 10940 10939
6885 7 10937 10940 10939 10938
6886 7 10935 10938 10939 10940
6887 8 10946 10945 10947 10950
6888 8 10946 10945 10948 10949
6889 5 10945 10947 10950 10949
6890 7 10947 10950 10949 10948
6891 7 10945 10948 10949 10950
6892 8 10956 10955 10957 10960
6893 8 10956 10955 10958 10959
6894 5 10955 10957 10960 10959
6895 7 10957 10960 10959 10958
6896 7 10955 10958 10959 10960
6897 8 10966 10965 10967 10970
6898 8 10966 10965 10968 10969
6899 5 10965 10967 10970 10969
6900 7 10967 10970 10969 10968
6901 7 10965 10968 10969 10970
6902 8 10976 10975 10977 10980
6903 8 10976 10975 10978 10979
6904 5 10975 10977 10980 10979
6905 7 10977 10980 10979 10978
6906 7 10975 10978 10979 10980
6907 8 10986 10985 10987 10990
6908 8 10986 10985 10988 10989
6909 5 10985 10987 10990 10989
6910 7 10987 10990 10989 10988
6911 7 10985 10988 10989 10990
6912 8 10996 10995 10997 11000
6913 8 10996 10995 10998 10999
6914 5 10995 10997 11000 10999
6915 7 10997 11000 10999 10998
6916 7 10995 10998 10999 11000
6917 8 11006 11005 11007 11010
6918 8 11006 11005 11008 11009
6919 5 11005 11007 11010 11009
6920 7 11007 11010 11009 11008
6921 7 11005 11008 11009 11010
6922 8 11016 11015 11017 11020
6923 8 11016 11015 11018 11019
6924 5 11015 11017 11020 11019
6925 7 11017 11020 11019 11018
6926 7 11015 11018 11019 11020
6927 8 11026 11025 11027 11030
6928 8 11026 11025 11028 11029
6929 5 11025 11027 11030 11029
6930 7 11027 11030 11029 11028
6931 7 11025 11028 11029 11030
6932 8 11036 11035 11037 11040
6933 8 11036 11035 11038 11039
6934 5 11035 11037 11040 11039
6935 7 11037 11040 11039 11038
6936 7 11035 11038 11039 11040
6937 8 11046 11045 11047 11050
6938 8 11046 11045 11048 11049
6939 5 11045 11047 11050 11049
6940 7 11047 11050 11049 11048
6941 7 11045 11048 11049 11050
6942 8 11056 11055 11057 11060
6943 8 11056 11055 11058 11059
6944 5 11055 11057 11060 11059
6945 7 11057 11060 11059 11058
6946 7 11055 11058 11059 11060
6947 8 11066 11065 11067 11070
6948 8 11066 11065 11068 11069
6949 5 11065 11067 11070 11069
6950 7 11067 11070 11069 11068
6951 7 11065 11068 11069 11070
6952 8 11076 11075 11077 11080
6953 8 11076 11075 11078 11079
6954 5 11075 11077 11080 11079
6955 7 11077 11080 11079 11078
6956 7 11075 11078 11079 11080
6957 8 11086 11085 11087 11090
6958 8 11086 11085 11088 11089
6959 5 11085 11087 11090 11089
6960 7 11087 11090 11089 11088
6961 7 11085 11088 11089 11090
6962 8 11096 11095 11097 11100
6963 8 11096 11095 11098 11099
6964 5 11095 11097 11100 11099
6965 7 11097 11100 11099 11098
6966 7 11095 11098 11099 11100
6967 8 11106 11105 11107 11110
6968 8 11106 11105 11108 11109
6969 5 11105 11107 11110 11109
6970 7 11107 11110 11109 11108
6971 7 11105 11108 11109 11110
6972 8 11116 11115 11117 11120
6973 8 11116 11115 11118 11119
6974 5 11115 11117 11120 11119
6975 7 11117 11120 11119 11118
6976 7 11115 11118 11119 11120
6977 8 11126 11125 11127 11130
6978 8 11126 11125 11128 11129
6979 5 11125 11127 11130 11129
6980 7 11127 11130 11129 11128
6981 7 11125 11128 11129 11130
6982 8 11136 11135 11137 11140
6983 8 11136 11135 11138 11139
6984 5 11135 11137 11140 11139
6985 7 11137 11140 11139 11138
6986 7 11135 11138 11139 11140
6987 8 11146 11145 11147 11150
6988 8 11146 11145 11148 11149
6989 5 11145 11147 11150 11149
6990 7 11147 11150 11149 11148
6991 7 11145 11148 11149 11150
6992 8 11156 11155 11157 11160
6993 8 11156 11155 11158 11159
6994 5 11155 11157 11160 11159
6995 7 11157 11160 11159 11158
6996 7 11155 11158 11159 11160
6997 8 11166 11165 11167 11170
6998 8 11166 11165 11168 11169
6999 5 11165 11167 11170 11169
7000 7 11167 11170 11169 11168
7001 7 11165 11168 11169 11170
7002 8 11176 11175 11177 11180
7003 8 11176 11175 11178 11179
7004 5 11175 11177 11180 11179
7005 7 11177 11180 11179 11178
7006 7 11175 11178 11179 11180
7007 8 11186 11185 11187 11190
7008 8 11186 11185 11188 11189
7009 5 11185 11187 11190 11189
7010 7 11187 11190 11189 11188
7011 7 11185 11188 11189 11190
7012 8 11196 11195 11197 11200
7013 8 11196 11195 11198 11199
7014 5 11195 11197 11200 11199
7015 7 11197 11200 11199 11198
7016 7 11195 11198 11199 11200
7017 8 11206 11205 11207 11210
7018 8 11206 11205 11208 11209
7019 5 11205 11207 11210 11209
7020 7 11207 11210 11209 11208
7021 7 11205 11208 11209 11210
7022 8 11216 11215 11217 11220
7023 8 11216 11215 11218 11219
7024 5 11215 11217 11220 11219
7025 7 11217 11220 11219 11218
7026 7 11215 11218 11219 11220
7027 8 11226 11225 11227 11230
7028 8 11226 11225 11228 11229
7029 5 11225 11227 11230 11229
7030 7 11227 11230 11229 11228
7031 7 11225 11228 11229 11230
7032 8 11236 11235 11237 11240
7033 8 11236 11235 11238 11239
7034 5 11235 11237 11240 11239
7035 7 11237 11240 11239 11238
7036 7 11235 11238 11239 11240
7037 8 11246 11245 11247 11250
7038 8 11246 11245 11248 11249
7039 5 11245 11247 11250 11249
7040 7 11247 11250 11249 11248
7041 7 11245 11248 11249 11250
7042 8 11256 11255 11257 11260
7043 8 11256 11255 11258 11259
7044 5 11255 11257 11260 11259
7045 7 11257 11260 11259 11258
7046 7 11255 11258 11259 11260
7047 8 11266 11265 11267 11270
7048 8 11266 11265 11268 11269
7049 5 11265 11267 11270 11269
7050 7 11267 11270 11269 11268
7051 7 11265 11268 11269 11270
7052 8 11276 11275 11277 11280
7053 8 11276 11275 11278 11279
7054 5 11275 11277 11280 11279
7055 7 11277 11280 11279 11278
7056 7 11275 11278 11279 11280
7057 8 11286 11285 11287 11290
7058 8 11286 11285 11288 11289
7059 5 11285 11287 11290 11289
7060 7 11287 11290 11289 11288
7061 7 11285 11288 11289 11290
7062 8 11296 11295 11297 11300
7063 8 11296 11295 11298 11299
7064 5 11295 11297 11300 11299
7065 7 11297 11300 11299 11298
7066 7 11295 11298 11299 11300
7067 8 11306 11305 11307 11310
7068 8 11306 11305 11308 11309
7069 5 11305 11307 11310 11309
7070 7 11307 11310 11309 11308
7071 7 11305 11308 11309 11310
7072 8 11316 11315 11317 11320
7073 8 11316 11315 11318 11319
7074 5 11315 11317 11320 11319
7075 7 11317 11320 11319 11318
7076 7 11315 11318 11319 11320
7077 8 11326 11325 11327 11330
7078 8 11326 11325 11328 11329
7079 5 11325 11327 11330 11329
7080 7 11327 11330 11329 11328
7081 7 11325 11328 11329 11330
7082 8 11336 11335 11337 11340
7083 8 11336 11335 11338 11339
7084 5 11335 11337 11340 11339
7085 7 11337 11340 11339 11338
7086 7 11335 11338 11339 11340
7087 8 11346 11345 11347 11350
7088 8 11346 11345 11348 11349
7089 5 11345 11347 11350 11349
7090 7 11347 11350 11349 11348
7091 7 11345 11348 11349 11350
7092 8 11356 11355 11357 11360
7093 8 11356 11355 11358 11359
7094 5 11355 11357 11360 11359
7095 7 11357 11360 11359 11358
7096 7 11355 11358 11359 11360
7097 8 11366 11365 11367 11370
7098 8 11366 11365 11368 11369
7099 5 11365 11367 11370 11369
7100 7 11367 11370 11369 11368
7101 7 11365 11368 11369 11370
7102 8 11376 11375 11377 11380
7103 8 11376 11375 11378 11379
7104 5 11375 11377 11380 11379
7105 7 11377 11380 11379 11378
7106 7 11375 11378 11379 11380
7107 8 11386 11385 11387 11390
7108 8 11386 11385 11388 11389
7109 5 11385 11387 11390 11389
7110 7 11387 11390 11389 11388
7111 7 11385 11388 11389 11390
7112 8 11396 11395 11397 11400
7113 8 11396 11395 11398 11399
7114 5 11395 11397 11400 11399
7115 7 11397 11400 11399 11398
7116 7 11395 11398 11399 11400
7117 8 11406 11405 11407 11410
7118 8 11406 11405 11408 11409
7119 5 11405 11407 11410 11409
7120 7 11407 11410 11409 11408
7121 7 11405 11408 11409 11410
7122 8 11416 11415 11417 11420
7123 8 11416 11415 11418 11419
7124 5 11415 11417 11420 11419
7125 7 11417 11420 11419 11418
7126 7 11415 11418 11419 11420
7127 8 11426 11425 11427 11430
7128 8 11426 11425 11428 11429
7129 5 11425 11427 11430 11429
7130 7 11427 11430 11429 11428
7131 7 11425 11428 11429 11430
7132 8 11436 11435 11437 11440
7133 8 11436 11435 11438 11439
7134 5 11435 11437 11440 11439
7135 7 11437 11440 11439 11438
7136 7 11435 11438 11439 11440
7137 8 11446 11445 11447 11450
7138 8 11446 11445 11448 11449
7139 5 11445 11447 11450 11449
7140 7 11447 11450 11449 11448
7141 7 11445 11448 11449 11450
7142 8 11456 11455 11457 11460
7143 8 11456 11455 11458 11459
7144 5 11455 11457 11460 11459
7145 7 11457 11460 11459 11458
7146 7 11455 11458 11459 11460
7147 8 11466 11465 11467 11470
7148 8 11466 11465 11468 11469
7149 5 11465 11467 11470 11469
7150 7 11467 11470 11469 11468
7151 7 11465 11468 11469 11470
7152 8 11476 11475 11477 11480
7153 8 11476 11475 11478 11479
7154 5 11475 11477 11480 11479
7155 7 11477 11480 11479 11478
7156 7 11475 11478 11479 11480
7157 8 11486 11485 11487 11490
7158 8 11486 11485 11488 11489
7159 5 11485 11487 11490 11489
7160 7 11487 11490 11489 11488
7161 7 11485 11488 11489 11490
7162 8 11496 11495 11497 11500
7163 8 11496 11495 11498 11499
7164 5 11495 11497 11500 11499
7165 7 11497 11500 11499 11498
7166 7 11495 11498 11499 11500
7167 8 11506 11505 11507 11510
7168 8 11506 11505 11508 11509
7169 5 11505 11507 11510 11509
7170 7 11507 11510 11509 11508
7171 7 11505 11508 11509 11510
